head,relation,tail,time,score
摩根士丹利,认为缺乏,英伟达,2024-10-23,1.000000
摩根士丹利,担忧,英伟达,2024-10-23,1.000000
摩根士丹利,质疑,英伟达,2024-10-23,1.000000
魏哲家,质疑,英伟达,2024-10-23,1.000000
根士丹利,认为优秀,英伟达,2024-10-23,1.000000
摩根士丹利,认为有危机,英伟达,2024-10-23,1.000000
魏哲家,认为优秀,台积电,2024-10-23,1.000000
台积电,增进,CoWoS产能,2024-10-23,1.000000
摩根士丹利,认为有威胁,英伟达,2024-10-23,1.000000
魏哲家,认可,台积电,2024-10-23,1.000000
摩根士丹利,认为恐怖,英伟达,2024-10-23,1.000000
台积电,增进,芯片封装产能,2024-10-23,1.000000
魏哲家,担忧,台积电,2024-10-23,1.000000
魏哲家,感到不满,台积电,2024-10-23,1.000000
魏哲家,认为优秀,英伟达,2024-10-23,1.000000
摩根士丹利,认为优秀,英伟达,2024-10-23,1.000000
魏哲家,质疑,台积电,2024-10-23,1.000000
TSMC,公布业绩,第三季度,2024-10-23,1.000000
TSMC,提高全年营收增长预测,30%,2024-10-23,1.000000
TSMC,预计营收,900亿美元,2024-10-23,1.000000
TSMC,3nm和5nm工艺节点需求高,AI处理器,2024-10-23,1.000000
TSMC,使用,4NP节点,2024-10-23,1.000000
TSMC,计划增加产能,CoWoS,2024-10-23,1.000000
imes,质疑,台积电,2024-12-11,1.000000
imes,认可,台积电,2024-12-11,1.000000
imes,担忧,台积电,2024-12-11,1.000000
中国,认为恐怖,台湾,2025-01-14,1.000000
中国,认为可靠,台湾,2025-01-14,1.000000
中国,认为有危机,台湾,2025-01-14,1.000000
中国,认可,台湾,2025-01-14,1.000000
科尔莱特·克雷斯,认为可靠,英伟达,2025-01-11,1.000000
TSMC,增加产能,AI芯片,2025-01-11,1.000000
TSMC,计划增加,先进芯片封装产能,2025-01-11,1.000000
TSMC,分配产能,NVIDIA,2025-01-11,1.000000
中国,认可,台湾,2025-01-13,1.000000
美国,主导,限制先进芯片的出口,2025-01-13,1.000000
美国,增进,先进芯片的出口,2025-01-13,1.000000
美国,认为有威胁,中国,2025-01-13,1.000000
美国,威胁,中国,2025-01-13,1.000000
台积电,处于紧张关系中,中美地缘政治,2025-01-13,1.000000
美国,视为重要,台积电,2025-01-13,1.000000
台积电,股价下跌,3.4%,2025-01-13,1.000000
科莱特·克雷斯,认为可靠,英伟达,2025-01-11,1.000000
TSMC,股价上涨,121%,2025-01-11,1.000000
TSMC,扩展,先进封装产能,2025-01-11,1.000000
TSMC,分配产能,Nvidia,2025-01-11,1.000000
TSMC,预计收益增长,9.06美元/股,2025-01-11,1.000000
微软公司（MSFT）,主导,台积电,2024-11-03,1.000000
TSMC,合作扩大生产,Amkor,2024-11-03,1.000000
TSMC,受台风影响,台湾运营,2024-11-03,1.000000
TSMC,提供芯片,苹果,2024-11-03,1.000000
美国,损害,阿斯麦,2025-01-08,1.000000
TSMC,推出,2纳米芯片,2025-01-08,1.000000
TSMC,AI收入增长,三倍于去年,2025-01-08,1.000000
分析师,预测,TSMC,2024-11-24,1.000000
Brad Lin,指出,TSMC,2024-11-24,1.000000
Brad Lin,指出,TSMC,2024-11-24,1.000000
TSMC,受益于,AI技术需求增长,2024-11-24,1.000000
美银美林,认为有暴力,英伟达,2024-11-21,1.000000
美银美林,认为可靠,英伟达,2024-11-21,1.000000
美银美林,质疑,英伟达,2024-11-21,1.000000
美银美林,认为优秀,英伟达,2024-11-21,1.000000
美银美林,认为有威胁,英伟达,2024-11-21,1.000000
美银美林,认可,英伟达,2024-11-21,1.000000
美银美林,认为恐怖,英伟达,2024-11-21,1.000000
美银美林,担忧,英伟达,2024-11-21,1.000000
美银美林,批评,英伟达,2024-11-21,1.000000
美银美林,认为有危机,英伟达,2024-11-21,1.000000
美银美林,欣赏,英伟达,2024-11-21,1.000000
美银美林,相信,英伟达,2024-11-21,1.000000
美银美林,感到不满,英伟达,2024-11-21,1.000000
美银美林,认为有成就,英伟达,2024-11-21,1.000000
美银美林,喜欢,英伟达,2024-11-21,1.000000
台积电,质疑,英伟达,2024-11-25,1.000000
台积电,质疑,苹果,2024-11-25,1.000000
台积电,支持,苹果,2024-11-25,1.000000
台积电,认为优秀,苹果,2024-11-25,1.000000
台积电,认为优秀,英伟达,2024-11-25,1.000000
台积电,欢迎,苹果,2024-11-25,1.000000
台积电,主导,英伟达,2024-11-25,1.000000
台积电,认为可靠,苹果,2024-11-25,1.000000
台积电,欣赏,苹果,2024-11-25,1.000000
台积电,喜欢,苹果,2024-11-25,1.000000
台积电,认为可靠,英伟达,2024-11-25,1.000000
台积电,认可,苹果,2024-11-25,1.000000
台积电,批评,苹果,2024-11-25,1.000000
TSMC,收入增长,收入,2024-11-25,1.000000
TSMC,每股收益增长,每股收益（ADR）,2024-11-25,1.000000
TSMC,计划提高价格,价格,2024-11-25,1.000000
TSMC,毛利率提升,毛利率,2024-11-25,1.000000
TSMC,受益于,AI芯片,2024-11-25,1.000000
摩根士丹利,质疑,英伟达,2024-10-23,1.000000
C.C. Wei,质疑,台积电,2024-10-23,1.000000
C.C. Wei,批评,台积电,2024-10-23,1.000000
C.C. Wei,担忧,台积电,2024-10-23,1.000000
C.C. Wei,认为优秀,台积电,2024-10-23,1.000000
台积电,支持,英伟达,2024-10-23,1.000000
台积电,增进,芯片封装能力,2024-10-23,1.000000
台积电,增进,CoWoS产能,2024-10-23,1.000000
摩根士丹利,认为有成就,英伟达,2024-10-23,1.000000
摩根士丹利,认为优秀,英伟达,2024-10-23,1.000000
台积电,增进,AI芯片,2024-10-23,1.000000
摩根士丹利,认为缺乏,英伟达,2024-10-23,1.000000
摩根士丹利,担忧,英伟达,2024-10-23,1.000000
摩根士丹利,认为恐怖,英伟达,2024-10-23,1.000000
台积电,支持,英伟达,2024-10-23,1.000000
台积电,增进,CoWoS产能,2024-10-23,1.000000
台积电,增进,AI芯片,2024-10-23,1.000000
C.C. Wei,认为优秀,英伟达,2024-10-23,1.000000
台积电,增进,AI芯片,2024-10-23,1.000000
美国,支持,台积电,2024-11-27,1.000000
TSMC,掌握,3nm制造工艺,2024-11-27,1.000000
美国,提供资金,TSMC,2024-11-27,1.000000
TSMC,实现收入增长,36%,2024-11-27,1.000000
TSMC,提升毛利率,57.8%,2024-11-27,1.000000
TSMC,提升净利率,42.8%,2024-11-27,1.000000
TSMC,总资产达到,1949亿美元,2024-11-27,1.000000
TSMC,占据市场份额,90%,2024-11-27,1.000000
TSMC,具有较低,P/E比率,2024-11-27,1.000000
摩根士丹利,质疑,英伟达,2024-10-23,1.000000
C.C. Wei,质疑,台积电,2024-10-23,1.000000
台积电,增进,芯片封装产能,2024-10-23,1.000000
C.C. Wei,批评,台积电,2024-10-23,1.000000
C.C. Wei,担忧,台积电,2024-10-23,1.000000
台积电,增进,CoWoS产能,2024-10-23,1.000000
摩根士丹利,认为缺乏,英伟达,2024-10-23,1.000000
摩根士丹利,担忧,英伟达,2024-10-23,1.000000
摩根士丹利,认为优秀,英伟达,2024-10-23,1.000000
摩根士丹利,认为优秀,英伟达,2024-12-28,1.000000
摩根士丹利,质疑,英伟达,2024-12-28,1.000000
摩根士丹利,担忧,英伟达,2024-12-28,1.000000
摩根士丹利,认为恐怖,英伟达,2024-12-28,1.000000
摩根士丹利,认为缺乏,英伟达,2024-12-28,1.000000
TSMC,扩大供应,NVIDIA,2024-12-28,1.000000
TSMC,增加产能,AI芯片,2024-12-28,1.000000
TSMC,提升产能,CoWoS先进封装,2024-12-28,1.000000
摩根大通,担忧,英伟达,2024-10-23,1.000000
摩根大通,认为优秀,英伟达,2024-10-23,1.000000
台积电,增进,芯片封装产能,2024-10-23,1.000000
魏哲家,认为优秀,台积电,2024-10-23,1.000000
魏哲家,感到不满,台积电,2024-10-23,1.000000
摩根大通,认为恐怖,英伟达,2024-10-23,1.000000
魏哲家,质疑,英伟达,2024-10-23,1.000000
台积电,增进,CoWoS产能,2024-10-23,1.000000
魏哲家,认可,台积电,2024-10-23,1.000000
魏哲家,认为优秀,英伟达,2024-10-23,1.000000
摩根大通,质疑,英伟达,2024-10-23,1.000000
台积电,认为热情,英伟达,2024-10-23,1.000000
台积电,增进,AI芯片,2024-10-23,1.000000
魏哲家,质疑,台积电,2024-10-23,1.000000
台积电,支持,英伟达,2024-09-05,1.000000
台积电,增进,英伟达,2024-09-05,1.000000
魏哲家,认为有危机,台积电,2024-10-23,1.000000
魏哲家,批评,台积电,2024-10-23,1.000000
魏哲家,相信,台积电,2024-10-23,1.000000
魏哲家,认为可靠,台积电,2024-10-23,1.000000
魏哲家,认为优秀,台积电,2024-10-23,1.000000
魏哲家,担忧,台积电,2024-10-23,1.000000
台积电,支持,英伟达,2024-10-23,1.000000
魏哲家,认可,台积电,2024-10-23,1.000000
魏哲家,认为恐怖,台积电,2024-10-23,1.000000
台积电,认为热情,英伟达,2024-10-23,1.000000
台积电,增进,AI芯片,2024-10-23,1.000000
魏哲家,质疑,台积电,2024-10-23,1.000000
C.C. Wei,质疑,台积电,2024-10-23,1.000000
台积电,增进,芯片封装产能,2024-10-23,1.000000
台积电,支持,英伟达,2024-10-23,1.000000
台积电,增进,AI芯片,2024-10-23,1.000000
摩根士丹利,认为优秀,英伟达,2024-10-23,1.000000
台湾,主导,美国,2024-12-03,1.000000
唐纳德·特朗,认为有威胁,台湾,2024-12-03,1.000000
唐纳德·特朗,认为有暴力,台湾,2024-12-03,1.000000
唐纳德·特朗,认为有危机,台湾,2024-12-03,1.000000
TSMC,受益,AI基础设施建设,2024-12-03,1.000000
TSMC,占据主导地位,半导体,2024-12-03,1.000000
TSMC,制造,英伟达,2024-12-03,1.000000
TSMC,预订,2纳米技术,2024-12-03,1.000000
TSMC,提升毛利率,57.8%,2024-12-03,1.000000
TSMC,面临风险,AI基础设施需求下降,2024-12-03,1.000000
TSMC,面临地缘政治风险,台湾地理位置,2024-12-03,1.000000
TSMC,使用,3纳米技术,2024-12-03,1.000000
TSMC,被推荐,投资选项,2024-12-03,1.000000
魏哲家,认为有危机,台积电,2024-12-28,1.000000
贝佐斯,增进,美国,2024-11-09,1.000000
《台北时报》,质疑,台积电,2024-11-09,1.000000
《台北时报》,担忧,台积电,2024-11-09,1.000000
《台北时报》,相信,台积电,2024-11-09,1.000000
美国,质疑,台积电,2024-11-09,1.000000
美国,主导,台积电,2024-11-09,1.000000
美国,批评,台积电,2024-11-09,1.000000
《台北时报》,视作英雄,特朗普,2024-11-09,1.000000
美国,支持,台积电,2024-11-09,1.000000
美国,担忧,台积电,2024-11-09,1.000000
美国,认为违规,台积电,2024-11-09,1.000000
《台北时报》,增进,台积电,2024-11-09,1.000000
《台北时报》,损害,台积电,2024-11-09,1.000000
《台北时报》,威胁,台积电,2024-11-09,1.000000
美国,认可,台积电,2024-11-09,1.000000
TSMC,禁止生产,2纳米芯片,2024-11-09,1.000000
TSMC,计划,2纳米芯片海外生产,2024-11-09,1.000000
TSMC,投资,美国,2024-11-09,1.000000
美国,要求停止出口,AI芯片,2024-11-09,1.000000
TSMC,股价上涨,市场,2024-11-09,1.000000
TSMC,销售增长放缓,市场,2024-11-09,1.000000
台积电,增进,国内芯片制造,2024-12-16,1.000000
CNBC,增进,台积电,2024-12-16,1.000000
CNBC,相信,台积电,2024-12-16,1.000000
瑞克·卡斯迪,认为优秀,台积电,2024-12-16,1.000000
瑞克·卡斯迪,认为违规,台积电,2024-12-16,1.000000
CNBC,担忧,台积电,2024-12-16,1.000000
亚利桑那州,主导,台积电,2024-12-16,1.000000
CNBC,认为有危机,台积电,2024-12-16,1.000000
瑞克·卡斯迪,担忧,台积电,2024-12-16,1.000000
瑞克·卡斯迪,增进,台积电,2024-12-16,1.000000
CNBC,认为优秀,台积电,2024-12-16,1.000000
瑞克·卡斯迪,认为有危机,台积电,2024-12-16,1.000000
瑞克·卡斯迪,批评,台积电,2024-12-16,1.000000
CNBC,质疑,台积电,2024-12-16,1.000000
瑞克·卡斯迪,质疑,台积电,2024-12-16,1.000000
CNBC,认可,台积电,2024-12-16,1.000000
CNBC,认为违规,台积电,2024-12-16,1.000000
TSMC,计划商业化,日本工厂,2024-12-16,1.000000
TSMC,股票上涨,股价,2024-12-16,1.000000
TSMC,生产,Proxima芯片,2024-12-16,1.000000
特朗普,批评,《芯片法案》,2024-11-07,1.000000
特朗普,主导,《芯片法案》,2024-11-07,1.000000
特朗普,认为违规,《芯片法案》,2024-11-07,1.000000
特朗普,认为违规,《芯片法案》,2024-11-07,1.000000
台湾,增进,美国,2024-11-07,1.000000
特朗普,批评,《芯片法案》,2024-11-07,1.000000
特朗普,质疑,《芯片法案》,2024-11-07,1.000000
特朗普,质疑,《芯片法案》,2024-11-07,1.000000
特朗普,质疑,台湾,2024-11-07,1.000000
特朗普,担忧,《芯片法案》,2024-11-07,1.000000
特朗普,认为有威胁,台湾,2024-11-07,1.000000
TSMC,宣布投资策略,美国,2024-11-07,1.000000
TSMC,投资,美国,2024-11-07,1.000000
特朗普,指责,台湾,2024-11-07,1.000000
特朗普,批评,《芯片法案》,2024-11-07,1.000000
拜登政府,发放补贴,台积电,2024-11-07,1.000000
TSMC,停止生产,中国大陆客户,2024-11-07,1.000000
TSMC,营收贡献,中国大陆,2024-11-07,1.000000
TSMC,营收增长,营收,2024-11-07,1.000000
TSMC,预测,营收,2024-11-07,1.000000
TSMC,股价上涨,股价,2024-11-07,1.000000
TSMC,股价上涨,股价,2024-11-07,1.000000
TSMC,产能不足,CoWoS-L封装,2024-10-11,1.000000
台积电,增进,ASML,2024-12-29,1.000000
TSMC,股价上涨,90%,2024-12-29,1.000000
TSMC,受益,AI基础设施繁荣,2024-12-29,1.000000
TSMC,获得订单,英伟达,2024-12-29,1.000000
TSMC,收入增长,36%,2024-12-29,1.000000
TSMC,毛利率提高,57.8%,2024-12-29,1.000000
TSMC,预计提价,摩根士丹利,2024-12-29,1.000000
TSMC,开始量产,日本新工厂,2024-12-29,1.000000
TSMC,反对高价设备,ASML,2024-12-29,1.000000
TSMC,声明,ASML的设备,2024-12-29,1.000000
TSMC,扩张帮助,ASML,2024-12-29,1.000000
中国,视作英雄,美国,2024-12-03,1.000000
美国,视作英雄,唐纳,2024-12-03,1.000000
唐纳德·特朗,认为有威胁,台湾,2024-12-03,1.000000
台湾,主导,美国,2024-12-03,1.000000
黄仁勋,认为恐怖,英伟达,2024-09-20,1.000000
黄仁勋,认为可靠,英伟达,2024-09-20,1.000000
黄仁勋,认为有危机,英伟达,2024-09-20,1.000000
黄仁勋,欣赏,英伟达,2024-09-20,1.000000
黄仁勋,认为有成就,英伟达,2024-09-20,1.000000
黄仁勋,认为缺乏,英伟达,2024-09-20,1.000000
黄仁勋,质疑,英伟达,2024-09-20,1.000000
黄仁勋,认为有暴力,英伟达,2024-09-20,1.000000
黄仁勋,认为优秀,英伟达,2024-09-20,1.000000
美国,认为失败,贸易战,2024-12-28,1.000000
TSMC,收入下降,9%,2024-12-16,1.000000
TSMC,预计收入增长,近30%,2024-12-16,1.000000
TSMC,计划量产,2nm芯片,2024-12-16,1.000000
TSMC,分析师预期收入和EPS增长,33%和36%,2024-12-16,1.000000
TSMC,分析师预期收入和EPS增长,25%和26%,2024-12-16,1.000000
美国,支持,台积电,2024-10-22,1.000000
魏哲家,认为有危机,台积电,2024-12-28,1.000000
特朗普,损害,台积电,2024-11-18,1.000000
特朗普,增进,制造业,2024-11-18,1.000000
特朗普,增进,国内制造业,2024-11-18,1.000000
TSMC,营收增长,630亿美元,2024-11-18,1.000000
TSMC,净利润增长,250亿美元,2024-11-18,1.000000
TSMC,投资,美国,2024-11-18,1.000000
TSMC,产能分布,美国,2024-11-18,1.000000
TSMC,占据市场份额,全球先进晶圆产能,2024-11-18,1.000000
TSMC,市盈率,30倍,2024-11-18,1.000000
美国,增进,本土晶圆生产能力,2024-09-13,1.000000
CNBC,认为优秀,英伟达,2024-09-13,1.000000
美国,提供资金,Intel,2024-09-13,1.000000
Intel,调整目标,TSMC,2024-09-13,1.000000
美国,预期,补贴资金,2024-09-13,1.000000
黄仁勋,认为优秀,台积电,2024-11-10,1.000000
TSMC,计划合作,2纳米芯片设计,2024-12-03,1.000000
英特尔,增进,台积电,2024-10-17,1.000000
英特尔,认为失败,台积电,2024-10-17,1.000000
英特尔,威胁,台积电,2024-10-17,1.000000
英特尔,攻击,台积电,2024-10-17,1.000000
Coatsworth,认为优秀,英特尔,2024-10-17,1.000000
英特尔,损害,台积电,2024-10-17,1.000000
Coatsworth,欣赏,台积电,2024-10-17,1.000000
英特尔,认为有危机,台积电,2024-10-17,1.000000
Coatsworth,喜欢,台积电,2024-10-17,1.000000
英特尔,认为有威胁,台积电,2024-10-17,1.000000
TSMC,股价上涨,市值,2024-10-17,1.000000
TSMC,影响,Nvidia股价,2024-10-17,1.000000
TSMC,提供安慰,投资者,2024-10-17,1.000000
TSMC,股价上涨,股票价格,2024-10-17,1.000000
科尔莱特·克雷斯,认为可靠,英伟达,2025-01-11,1.000000
台积电,喜欢,苹果,2024-11-26,1.000000
台积电,损害,苹果,2024-11-26,1.000000
台积电,增进,定价能力,2024-11-26,1.000000
台积电,欢迎,苹果,2024-11-26,1.000000
台积电,增进,毛利率,2024-11-26,1.000000
TSMC,宣布涨价,半导体,2024-11-26,1.000000
TSMC,收入增长,收入,2024-11-26,1.000000
TSMC,受益,芯片需求,2024-11-26,1.000000
TSMC,推动,毛利率,2024-11-26,1.000000
TSMC,估值,市盈率/PEG,2024-11-26,1.000000
中国,认为可靠,台湾,2025-01-14,1.000000
中国,认可,台湾,2025-01-14,1.000000
中国,认为有暴力,台湾,2025-01-14,1.000000
中国,认为恐怖,台湾,2025-01-14,1.000000
美国,支持,人工智能技术,2025-01-14,1.000000
中国,认为有危机,台湾,2025-01-14,1.000000
中国,认为有威胁,台湾,2025-01-14,1.000000
中国,认为非法,台湾,2025-01-14,1.000000
TSMC,预测营收增长,25%,2024-12-13,1.000000
TSMC,扩大市场份额,全球代工市场,2024-12-13,1.000000
TSMC,扩大市场份额,全球代工市场（广义）,2024-12-13,1.000000
TSMC,扩大先进封装产能,CoWoS技术,2024-12-13,1.000000
TSMC,启动量产,2nm技术,2024-12-13,1.000000
TSMC,向苹果供货,2nm芯片,2024-12-13,1.000000
TSMC,营收增长,34%,2024-12-13,1.000000
TSMC,扩大市场份额,全球市场,2024-12-13,1.000000
TSMC,股价上涨,89%,2024-12-13,1.000000
TSMC,股价上涨,2.21%,2024-12-13,1.000000
美国,增进,半导体,2024-10-16,1.000000
美国,认可,《芯片和科学法案》,2024-10-16,1.000000
美国,主导,《芯片和科学法案》,2024-10-16,1.000000
美国,支持,《芯片和科学法案》,2024-10-16,1.000000
TSMC,报告,强劲收益,2024-10-16,1.000000
TSMC,保持,全球芯片生产主导地位,2024-10-16,1.000000
TSMC,制造,90%的全球先进芯片,2024-10-16,1.000000
美国,面临,供应链风险,2024-10-16,1.000000
美国,实施,CHIPS法案,2024-10-16,1.000000
TSMC,宣布,亚利桑那州,2024-10-16,1.000000
TSMC,股价上涨,70%,2024-10-16,1.000000
美国,面临,先进芯片生产份额下降,2024-10-16,1.000000
美国,认为有威胁,中国,2025-01-13,1.000000
美国,威胁,中国,2025-01-13,1.000000
微软CEO,表示,台积电,2025-01-12,1.000000
黄仁勋,认为有成就,台积电,2024-09-20,1.000000
黄仁勋,认为有危机,英伟达,2024-09-20,1.000000
黄仁勋,质疑,台积电,2024-09-20,1.000000
黄仁勋,认为可靠,台积电,2024-09-20,1.000000
黄仁勋,认为有成就,英伟达,2024-09-20,1.000000
黄仁勋,认为有暴力,台积电,2024-09-20,1.000000
黄仁勋,认为优秀,台积电,2024-09-20,1.000000
黄仁勋,认为恐怖,台积电,2024-09-20,1.000000
黄仁勋,认为缺乏,英伟达,2024-09-20,1.000000
黄仁勋,欣赏,台积电,2024-09-20,1.000000
IDC,预测,TSMC,2024-12-13,1.000000
IDC,预测,TSMC,2024-12-13,1.000000
IDC,预测,TSMC,2024-12-13,1.000000
Zeng,推动,TSMC,2024-12-13,1.000000
Zeng,报告,TSMC,2024-12-13,1.000000
Zeng,计划,TSMC,2024-12-13,1.000000
IDC,预测,TSMC,2024-12-13,1.000000
IDC,引用,TSMC,2024-12-13,1.000000
TSMC,营收增长,TSMC,2024-12-13,1.000000
TSMC,市场占有率增长,TSMC,2024-12-13,1.000000
TSMC,股价上涨,TSMC,2024-12-13,1.000000
TSMC,股价上涨,TSMC,2024-12-13,1.000000
美国,认为有成就,台积电,2024-11-02,1.000000
TSMC,扩张,台湾以外市场,2024-11-02,1.000000
TSMC,宣布,美国,2024-11-02,1.000000
TSMC,缓解,投资者担忧,2024-11-02,1.000000
TSMC,支持,AI市场需求,2024-11-02,1.000000
TSMC,提升,HPC部门收入占比,2024-11-02,1.000000
TSMC,上涨,股价,2024-11-02,1.000000
Jim·塞默,认可,台积电,2024-11-03,1.000000
Jim·塞默,认为有威胁,台积电,2024-11-03,1.000000
Jim·塞默,担忧,台积电,2024-11-03,1.000000
Jim·塞默,威胁,台积电,2024-11-03,1.000000
黄仁勋,损害,英伟达,2024-11-20,1.000000
路透社,欢迎,黄仁勋,2024-11-20,1.000000
路透社,视作英雄,黄仁勋,2024-11-20,1.000000
郭明池,认为可靠,英伟达,2025-01-16,1.000000
郭明池,认为失败,英伟达,2025-01-16,1.000000
郭明池,认为有危机,英伟达,2025-01-16,1.000000
中国台湾地区,视作英雄,黄仁勋,2025-01-16,1.000000
中国台湾地区,欢迎,黄仁勋,2025-01-16,1.000000
中国台湾地区,欣赏,黄仁勋,2025-01-16,1.000000
台南市,欢迎,黄仁勋,2025-01-16,1.000000
郭明池,认为优秀,英伟达,2025-01-16,1.000000
中国台湾地区,喜欢,黄仁勋,2025-01-16,1.000000
郭明池,担忧,英伟达,2025-01-16,1.000000
美国,欢迎,黄仁勋,2025-01-16,1.000000
中国台湾地区,认为优秀,黄仁勋,2025-01-16,1.000000
李文仪,欢迎,黄仁勋,2025-01-16,1.000000
郭明池,认为有威胁,英伟达,2025-01-16,1.000000
台南市,喜欢,黄仁勋,2025-01-16,1.000000
美国,喜欢,黄仁勋,2025-01-16,1.000000
郭明池,质疑,英伟达,2025-01-16,1.000000
郭明池,认为有成就,英伟达,2025-01-16,1.000000
台南市,认为优秀,黄仁勋,2025-01-16,1.000000
郭明池,认可,英伟达,2025-01-16,1.000000
中国台湾地区,认为热情,黄仁勋,2025-01-16,1.000000
中国台湾地区,认可,黄仁勋,2025-01-16,1.000000
郭明池,批评,英伟达,2025-01-16,1.000000
本·布兰查德,欢迎,黄仁勋,2025-01-16,1.000000
中国台湾地区,支持,黄仁勋,2025-01-16,1.000000
商务部,认为违规,台积电,2024-11-10,1.000000
商务部,认可,台积电,2024-11-10,1.000000
商务部,认为犯罪,台积电,2024-11-10,1.000000
商务部,认为失败,台积电,2024-11-10,1.000000
商务部,主导,台积电,2024-11-10,1.000000
TSMC,被要求停止销售,中国公司,2024-11-10,1.000000
麦肯锡公司,损害,台积电,2024-10-31,1.000000
埃隆·马斯克,质疑,英伟达,2024-09-18,1.000000
路透社,批评,台积电,2024-10-23,1.000000
路透社,相信,台积电,2024-10-23,1.000000
美国,认为违规,台积电,2024-10-23,1.000000
路透社,质疑,台积电,2024-10-23,1.000000
路透社,认为违规,台积电,2024-10-23,1.000000
路透社,认为有危机,台积电,2024-10-23,1.000000
路透社,担忧,台积电,2024-10-23,1.000000
台积电,认为有威胁,网络攻击,2024-10-23,1.000000
路透社,认为优秀,华为,2024-10-23,1.000000
TSMC,通知,美国,2024-10-23,1.000000
TSMC,暂停出货,某客户,2024-10-23,1.000000
TSMC,通知,美国,2024-10-23,1.000000
大卫·津斯纳,质疑,英特尔,2024-11-20,1.000000
大卫·津斯纳,认为优秀,英特尔,2024-11-20,1.000000
TSMC,超越,Intel,2024-11-20,1.000000
TSMC,投资,PP&E,2024-11-20,1.000000
Intel,使用,TSMC,2024-11-20,1.000000
Qualcomm,转向,TSMC,2024-11-03,1.000000
TSMC,市场份额,62.3%,2024-11-03,1.000000
TSMC,计划实施,先进晶体管技术,2024-11-03,1.000000
Samsung,依赖,TSMC,2024-11-03,1.000000
埃隆·马斯克,攻击,英伟达,2024-09-18,1.000000
埃隆·马斯克,质疑,英伟达,2024-09-18,1.000000
《金融时报》,威胁,台湾,2024-11-04,1.000000
台湾政府,损害,台积电,2024-11-04,1.000000
《金融时报》,认为有威胁,台湾,2024-11-04,1.000000
《金融时报》,认为有危机,台湾,2024-11-04,1.000000
《金融时报》,相信,台湾,2024-11-04,1.000000
TSMC,面临,台湾电价上涨,2024-11-04,1.000000
TSMC,预计,台湾电费超过其他地区,2024-11-04,1.000000
TSMC,计划扩大,先进封装产能,2024-11-04,1.000000
TSMC,股价上涨,89%,2024-11-04,1.000000
台积电,增进,产能,2024-10-01,1.000000
波士顿咨询集团,认为优秀,台积电,2025-02-11,1.000000
波士顿咨询集团,质疑,台积电,2025-02-11,1.000000
英伟达,损害,台积电,2024-11-29,1.000000
Brad Lin,增进,台积电,2024-11-29,1.000000
英伟达,增进,台积电,2024-11-29,1.000000
台积电,增进,AI芯片,2024-11-29,1.000000
美国,相信,台积电,2024-10-29,1.000000
美国,主导,《芯片与科学法》,2024-10-29,1.000000
TSMC,生产良率提升,亚利桑那州,2024-10-29,1.000000
TSMC,获得补贴和贷款,美国,2024-10-29,1.000000
三星,道歉,投资者,2024-10-29,1.000000
TSMC,营收增长,营收,2024-10-29,1.000000
TSMC,运营利润率提升,运营利润率,2024-10-29,1.000000
TSMC,每股收益增长,每股收益,2024-10-29,1.000000
美国,主导,晶圆厂,2024-10-01,1.000000
英伟达,增进,台积电,2024-10-14,1.000000
TSMC,成为,全球领先的代工制造商,2024-12-26,1.000000
TSMC,拥有,主要客户,2024-12-26,1.000000
TSMC,计划,提高价格,2024-12-26,1.000000
TSMC,受益于,竞争对手困境,2024-12-26,1.000000
TSMC,具有,定价权,2024-12-26,1.000000
TSMC,估值,合理水平,2024-12-26,1.000000
台积电,增进,英伟达,2024-10-14,1.000000
特朗普,增进,国内制造业,2024-11-18,1.000000
特朗普,认为非法,美国,2024-11-18,1.000000
TSMC,实现营收,630亿美元,2024-11-18,1.000000
TSMC,实现净利润,250亿美元,2024-11-18,1.000000
TSMC,控制运营费用,相对营收,2024-11-18,1.000000
TSMC,市盈率,30,2024-11-18,1.000000
美国,批准补贴,芯片制造业,2024-11-18,1.000000
TSMC,市场份额,92%,2024-11-18,1.000000
TSMC,美国生产比例,4%,2024-11-18,1.000000
TSMC,建立工厂,美国,2024-11-18,1.000000
路透社,视作英雄,黄仁勋,2024-11-20,1.000000
TSMC,营收增长,32%,2024-11-07,1.000000
TSMC,营收增长,30%,2024-11-07,1.000000
TSMC,营收下降,9%,2024-11-07,1.000000
TSMC,预期增长,AI芯片,2024-11-07,1.000000
TSMC,市场份额,62%,2024-11-07,1.000000
TSMC,制造芯片,AMD,2024-11-07,1.000000
TSMC,制造芯片,Apple,2024-11-07,1.000000
TSMC,制造芯片,Qualcomm,2024-11-07,1.000000
TSMC,市盈率,21倍,2024-11-07,1.000000
特朗普,欢迎,英伟达,2024-12-29,1.000000
特朗普,喜欢,英伟达,2024-12-29,1.000000
迈克尔·舒尔曼,认为失败,英伟达,2024-11-20,1.000000
马里奥·莫拉莱斯,增进,英伟达,2024-11-20,1.000000
路透社,欢迎,黄仁勋,2024-11-20,1.000000
汤森路,欣赏,英伟达,2024-11-20,1.000000
路透社,视作英雄,黄仁勋,2024-11-20,1.000000
掩膜更换”,损害,英伟达,2024-11-20,1.000000
布莱克韦尔,增进,台积电,2024-11-20,1.000000
彭博社,支持,台积电,2024-10-24,1.000000
美国,损害,华为,2024-10-24,1.000000
美国,担忧,华为,2024-10-24,1.000000
美国,质疑,华为,2024-10-24,1.000000
CNBC,认为非法,美国,2024-12-16,1.000000
摩根士丹利,相信,台积电,2024-10-12,1.000000
摩根士丹利,质疑,台积电,2024-10-12,1.000000
台积电,增进,定价能力,2024-11-26,1.000000
台积电,增进,毛利率,2024-11-26,1.000000
台积电,增进,先进封装生产产能翻倍,2024-11-03,1.000000
台积电,损害,台风康妮,2024-11-03,1.000000
台积电,攻击,台风康妮,2024-11-03,1.000000
台积电,威胁,台风康妮,2024-11-03,1.000000
美国,认为违规,针对华为的贸易限制,2024-10-23,1.000000
法新社,认为违规,美国,2024-10-23,1.000000
美国,认为非法,针对华为的贸易限制,2024-10-23,1.000000
美国,增进,针对华为的贸易限制,2024-10-23,1.000000
台北政府官员,认为违规,美国,2024-10-23,1.000000
美国,损害,华为,2024-10-23,1.000000
TSMC,halted shipments,customer,2024-10-23,1.000000
美国,制裁,华为,2024-10-23,1.000000
美国,扩大制裁,华为,2024-10-23,1.000000
TSMC,停止供应,华为,2024-10-23,1.000000
TSMC,发现,芯片流入华为,2024-10-23,1.000000
TSMC,通知,美国,2024-10-23,1.000000
TSMC,声明,美国,2024-10-23,1.000000
TSMC,暂停发货,客户,2024-10-23,1.000000
台湾经济部,声明,TSMC,2024-10-23,1.000000
华为,声明,TSMC,2024-10-23,1.000000
特朗普,认为有暴力,台湾,2024-12-03,1.000000
特朗普,认为可靠,台湾,2024-12-03,1.000000
美国,认为有威胁,台湾,2024-12-03,1.000000
特朗普,认为非法,台湾,2024-12-03,1.000000
特朗普,担忧,台湾,2024-12-03,1.000000
美国,批评,台湾,2024-12-03,1.000000
美国,主导,美国,2024-12-03,1.000000
特朗普,认为优秀,台湾,2024-12-03,1.000000
特朗普,认为恐怖,台湾,2024-12-03,1.000000
美国,质疑,台湾,2024-12-03,1.000000
特朗普,批评,台湾,2024-12-03,1.000000
特朗普,认为缺乏,台湾,2024-12-03,1.000000
特朗普,支持,台湾,2024-12-03,1.000000
特朗普,认为有威胁,台湾,2024-12-03,1.000000
特朗普,欢迎,台湾,2024-12-03,1.000000
特朗普,攻击,台湾,2024-12-03,1.000000
特朗普,欣赏,台湾,2024-12-03,1.000000
特朗普,认为失败,台湾,2024-12-03,1.000000
特朗普,认可,台湾,2024-12-03,1.000000
特朗普,相信,台湾,2024-12-03,1.000000
特朗普,主导,美国,2024-12-03,1.000000
美国,视作英雄,特朗普,2024-12-03,1.000000
美国,威胁,台湾,2024-12-03,1.000000
美国,担忧,台湾,2024-12-03,1.000000
特朗普,质疑,台湾,2024-12-03,1.000000
特朗普,感到不满,台湾,2024-12-03,1.000000
特朗普,认为违规,台湾,2024-12-03,1.000000
特朗普,认为犯罪,台湾,2024-12-03,1.000000
特朗普,认为有危机,台湾,2024-12-03,1.000000
特朗普,主导,台湾,2024-12-03,1.000000
杰弗里·赛勒,支持,台积电,2024-12-03,1.000000
特朗普,威胁,台湾,2024-12-03,1.000000
TSMC,毛利率增长,57.8%,2024-12-03,1.000000
TSMC,毛利率达到,43.4%,2024-12-03,1.000000
TSMC,面临风险,AI基础设施支出放缓,2024-12-03,1.000000
TSMC,面临地缘政治风险,美国,2024-12-03,1.000000
TSMC,受益于,AI基础设施建设,2024-12-03,1.000000
TSMC,增加产能,AI芯片,2024-12-03,1.000000
中国,损害,台积电,2024-10-14,1.000000
花旗集团,质疑,台积电,2024-08-28,1.000000
花旗集团,认为有危机,台积电,2024-08-28,1.000000
花旗集团,认为缺乏,台积电,2024-08-28,1.000000
花旗集团,认为非法,台积电,2024-08-28,1.000000
花旗集团,增进,台积电,2024-08-28,1.000000
花旗集团,批评,台积电,2024-08-28,1.000000
花旗集团,认为热情,台积电,2024-08-28,1.000000
花旗集团,相信,台积电,2024-08-28,1.000000
花旗集团,认为优秀,台积电,2024-08-28,1.000000
花旗集团,认可,台积电,2024-08-28,1.000000
花旗集团,认为可靠,台积电,2024-08-28,1.000000
花旗集团,认为恐怖,台积电,2024-08-28,1.000000
花旗集团,认为有暴力,台积电,2024-08-28,1.000000
花旗集团,担忧,台积电,2024-08-28,1.000000
花旗集团,认为有威胁,台积电,2024-08-28,1.000000
花旗集团,认为失败,台积电,2024-08-28,1.000000
花旗集团,认为有成就,台积电,2024-08-28,1.000000
花旗集团,认为违规,台积电,2024-08-28,1.000000
TSMC,受益于,AI芯片,2024-12-26,1.000000
TSMC,竞争对手困境,Intel和三星,2024-12-26,1.000000
TSMC,计划提高,价格,2024-12-26,1.000000
TSMC,受益于,AI芯片,2024-12-21,1.000000
TSMC,收入增长,36%,2024-12-21,1.000000
TSMC,市场份额达到,65%,2024-12-21,1.000000
黄仁勋,相信,路透社,2024-11-20,1.000000
路透社,感谢,黄仁勋,2024-11-20,1.000000
路透社,欢迎,黄仁勋,2024-11-20,1.000000
路透社,认为热情,黄仁勋,2024-11-20,1.000000
路透社,视作英雄,黄仁勋,2024-11-20,1.000000
黄仁勋,质疑,英伟达,2024-11-20,1.000000
美国,增进,出口禁令,2025-01-08,1.000000
美国,损害,阿斯麦,2025-01-08,1.000000
美国,认为违规,出口禁令,2025-01-08,1.000000
TSMC,市值接近,万亿美元俱乐部,2024-10-19,1.000000
TSMC,收入增长,26%,2024-10-19,1.000000
TSMC,受益于,AI芯片,2024-10-19,1.000000
TSMC,交易,市盈率,2024-10-19,1.000000
投资者,欣赏,台积电,2024-09-24,1.000000
投资者,相信,台积电,2024-09-24,1.000000
投资者,认为热情,台积电,2024-09-24,1.000000
投资者,认为恐怖,台积电,2024-09-24,1.000000
投资者,喜欢,台积电,2024-09-24,1.000000
投资者,认为有暴力,台积电,2024-09-24,1.000000
投资者,认可,台积电,2024-09-24,1.000000
彭博社,担忧,台积电,2024-11-06,1.000000
TSMC,销售额增长,29.2%,2024-11-06,1.000000
TSMC,报告销售额,3142亿新台币,2024-11-06,1.000000
TSMC,销售额增长,超过30%,2024-11-06,1.000000
TSMC,股价上涨,80%,2024-11-06,1.000000
美国,支持,台积电,2024-10-22,1.000000
美国,增进,台积电,2024-10-22,1.000000
美国,主导,《芯片法案》,2024-10-22,1.000000
拉巴里,主导,英伟达,2024-08-27,1.000000
马克·卢什钦尼,增进,英伟达,2024-08-27,1.000000
路透社,损害,台积电,2024-08-27,1.000000
马克·卢什钦尼,认为优秀,英伟达,2024-08-27,1.000000
拉巴里,损害,英伟达,2024-08-27,1.000000
卢克·拉巴里,主导,英伟达,2024-08-27,1.000000
TSMC,股价下跌,2.8%,2024-08-27,1.000000
TSMC,超越,Intel,2024-11-20,1.000000
Intel,使用,TSMC,2024-11-20,1.000000
TSMC,投资超过,Intel,2024-11-20,1.000000
Intel,投资超过,TSMC,2024-11-20,1.000000
Intel,使用,TSMC,2024-11-20,1.000000
Intel,制定计划,TSMC,2024-11-20,1.000000
Intel,外包生产,TSMC,2024-11-20,1.000000
苹果公司,支持,台积电,2024-10-20,1.000000
博通,损害,英特尔,2024-09-07,1.000000
博通,感到不满,英特尔,2024-09-07,1.000000
博通,攻击,英特尔,2024-09-07,1.000000
博通,担忧,英特尔,2024-09-07,1.000000
博通,认为有威胁,英特尔,2024-09-07,1.000000
博通,质疑,英特尔,2024-09-07,1.000000
博通,威胁,英特尔,2024-09-07,1.000000
黄仁勋,认为可靠,台积电,2024-09-20,1.000000
黄仁勋,认可,台积电,2024-09-20,1.000000
黄仁勋,认为优秀,台积电,2024-09-20,1.000000
帕特·基辛格,认为优秀,英伟达,2024-09-18,1.000000
美国,支持,英特尔,2024-09-18,1.000000
TSMC,对比,英特尔代工业务毛利率,2024-09-18,1.000000
美国,减少依赖,TSMC,2024-09-18,1.000000
特朗普,批评,《芯片法案》,2024-11-07,1.000000
台积电,视作英雄,特朗普,2024-11-07,1.000000
特朗普,批评,半导体,2024-11-07,1.000000
特朗普,主导,《芯片法案》,2024-11-07,1.000000
特朗普,质疑,《芯片法案》,2024-11-07,1.000000
拜登政府,损害,台积电,2024-11-07,1.000000
特朗普,损害,美国,2024-11-07,1.000000
特朗普,批评,《芯片法案》,2024-11-07,1.000000
特朗普,主导,台积电,2024-11-07,1.000000
特朗普,认为违规,《芯片法案》,2024-11-07,1.000000
台积电,损害,客户,2024-11-07,1.000000
特朗普,批评,半导体,2024-11-07,1.000000
特朗普,损害,美国,2024-11-07,1.000000
台积电,增进,产能,2024-11-20,1.000000
路透社,欢迎,黄仁勋,2024-11-20,1.000000
路透社,视作英雄,黄仁勋,2024-11-20,1.000000
台积电,增进,先进封装产能翻倍,2024-11-03,1.000000
特朗普,认为有威胁,台湾,2024-12-03,1.000000
美国,视作英雄,特朗普,2024-12-03,1.000000
特朗普,感到不满,台湾主,2024-12-03,1.000000
特朗普,认为有危机,台湾,2024-12-03,1.000000
特朗普,认为失败,台湾主,2024-12-03,1.000000
特朗普,认为违规,台湾主,2024-12-03,1.000000
特朗普,认为恐怖,台湾主,2024-12-03,1.000000
特朗普,威胁,台湾,2024-12-03,1.000000
特朗普,认为有成就,台湾,2024-12-03,1.000000
特朗普,认为有暴力,台湾,2024-12-03,1.000000
美国,认为有威胁,台湾,2024-12-03,1.000000
特朗普,认为优秀,台湾主,2024-12-03,1.000000
台湾,主导,美国,2024-12-03,1.000000
特朗普,担忧,台湾,2024-12-03,1.000000
摩根大通,担忧,英伟达,2024-12-28,1.000000
摩根大通,认为恐怖,英伟达,2024-12-28,1.000000
摩根大通,认为优秀,英伟达,2024-12-28,1.000000
摩根大通,质疑,英伟达,2024-12-28,1.000000
市场研究公司IDC,质疑,台积电,2024-12-28,1.000000
市场研究公司IDC,认为有威胁,台积电,2024-12-28,1.000000
市场研究公司IDC,认可,台积电,2024-12-28,1.000000
市场研究公司IDC,认为优秀,台积电,2024-12-28,1.000000
摩根大通,认为可靠,英伟达,2024-12-28,1.000000
市场研究公司IDC,认为可靠,台积电,2024-12-28,1.000000
市场研究公司IDC,认为缺乏,台积电,2024-12-28,1.000000
市场研究公司IDC,认为失败,台积电,2024-12-28,1.000000
市场研究公司IDC,认为有危机,台积电,2024-12-28,1.000000
市场研究公司IDC,认为有暴力,台积电,2024-12-28,1.000000
摩根大通,认为缺乏,英伟达,2024-12-28,1.000000
摩根大通,认为有危机,英伟达,2024-12-28,1.000000
市场研究公司IDC,相信,台积电,2024-12-28,1.000000
市场研究公司IDC,认为恐怖,台积电,2024-12-28,1.000000
市场研究公司IDC,担忧,台积电,2024-12-28,1.000000
摩根大通,相信,英伟达,2024-12-28,1.000000
美国,支持,台积电,2024-10-22,1.000000
美国,增进,台积电,2024-10-22,1.000000
台积电,相信,多元化劳动力的价值,2024-11-13,1.000000
墨西哥,认为违规,台积电,2024-11-13,1.000000
13名原告,起诉,TSMC,2024-11-13,1.000000
TSMC,声明,多元化工作环境,2024-11-13,1.000000
TSMC,获得,美国,2024-11-13,1.000000
TSMC,运营,亚利桑那州,2024-11-13,1.000000
原告,指控,TSMC,2024-11-13,1.000000
原告,指控,TSMC,2024-11-13,1.000000
苹果公司,支持,台积电,2024-10-20,1.000000
美国,担忧,中国,2024-08-26,1.000000
美国,认为优秀,中国,2024-08-26,1.000000
美国,威胁,中国,2024-08-26,1.000000
《金融时报》,威胁,中国,2024-08-26,1.000000
美国,认为有成就,中国,2024-08-26,1.000000
美国,认为有威胁,中国,2024-08-26,1.000000
《金融时报》,认为有威胁,中国,2024-08-26,1.000000
张建中,攻击,英伟达,2024-11-19,1.000000
深圳,增进,台积电,2024-11-19,1.000000
美国,增进,对华业务,2024-11-19,1.000000
美国,损害,英伟达,2024-11-19,1.000000
美国,威胁,英伟达,2024-11-19,1.000000
中国,损害,英伟达,2024-11-19,1.000000
美国,损害,"摩尔线程

摩尔线程",2024-11-19,1.000000
摩尔线程科技,攻击,英伟达,2024-11-19,1.000000
美国,攻击,英伟达,2024-11-19,1.000000
中国,威胁,英伟达,2024-11-19,1.000000
中国,攻击,英伟达,2024-11-19,1.000000
赵小光,增进,台积电,2024-11-19,1.000000
TSMC,暂停代工服务,AI芯片,2024-11-19,1.000000
TSMC,销售增长,深圳,2024-11-19,1.000000
TSMC,加强客户审核,客户,2024-11-19,1.000000
台积电,增进,产能,2024-11-20,1.000000
路透社,欢迎,黄仁勋,2024-11-20,1.000000
路透社,视作英雄,黄仁勋,2024-11-20,1.000000
CNA,担忧,台积电,2024-11-03,1.000000
美国,损害,中国,2024-08-26,1.000000
美国,认为有威胁,中国,2024-08-26,1.000000
美国,质疑,中国,2024-08-26,1.000000
台积电,增进,美国,2025-02-13,1.000000
特朗普,质疑,台湾,2025-02-13,1.000000
特朗普,担忧,消费者价格可能上涨,2025-02-13,1.000000
台湾,增进,美国,2025-02-13,1.000000
派伯（Baird）,担忧,台积电,2025-02-13,1.000000
特朗普,担忧,消费者价格可能上涨,2025-02-13,1.000000
美国,担忧,消费者价格可能上涨,2025-02-13,1.000000
特朗普,质疑,台湾,2025-02-13,1.000000
特朗普,感到不满,台积电,2025-02-13,1.000000
特朗普,担忧,消费者价格可能上涨,2025-02-13,1.000000
美国,支持,台积电,2024-10-22,1.000000
美国,增进,台积电,2024-10-22,1.000000
美国,认可,台积电,2024-10-22,1.000000
苹果公司,支持,台积电,2024-10-20,1.000000
台积电,增进,毛利率和定价能力,2024-11-26,1.000000
TSMC,代工市场份额增长,4个百分点,2024-11-21,1.000000
TSMC,预期收益增长,23%,2024-11-21,1.000000
中央通讯社（CNA）,质疑,台积电,2024-11-03,1.000000
中央通讯社（CNA）,相信,台积电,2024-11-03,1.000000
中央通讯社（CNA）,认为有危机,台积电,2024-11-03,1.000000
中央通讯社（CNA）,批评,台积电,2024-11-03,1.000000
中央通讯社（CNA）,认为恐怖,台积电,2024-11-03,1.000000
中央通讯社（CNA）,认可,台积电,2024-11-03,1.000000
中央通讯社（CNA）,认为优秀,台积电,2024-11-03,1.000000
中央通讯社（CNA）,感到不满,台积电,2024-11-03,1.000000
中央通讯社（CNA）,担忧,台积电,2024-11-03,1.000000
路透社,担忧,台积电,2024-11-09,1.000000
路透社,认为有威胁,美国,2024-11-09,1.000000
路透社,认为有危机,美国,2024-11-09,1.000000
路透社,认可,台积电,2024-11-09,1.000000
美国,增进,出口限制,2024-11-09,1.000000
路透社,认为优秀,华为,2024-11-09,1.000000
路透社,质疑,台积电,2024-11-09,1.000000
路透社,相信,台积电,2024-11-09,1.000000
TSMC,暂停发货,部分中国客户,2024-11-09,1.000000
TSMC,收入来源,中国,2024-11-09,1.000000
中央通讯社（CNA）,质疑,台积电,2024-11-03,1.000000
中央通讯社（CNA）,担忧,台积电,2024-11-03,1.000000
中央通讯社（CNA）,相信,台积电,2024-11-03,1.000000
中央通讯社（CNA）,认为优秀,台积电,2024-11-03,1.000000
美国,质疑,英伟,2024-08-14,1.000000
克里斯·马科丹,认为犯罪,英伟达,2024-08-14,1.000000
黄仁勋,主导,英伟达,2024-08-14,1.000000
黄仁勋,认为违规,英伟达,2024-08-14,1.000000
美国,支持,英伟,2024-08-14,1.000000
美国,相信,英伟,2024-08-14,1.000000
美国,欣赏,英伟,2024-08-14,1.000000
美国,担忧,英伟,2024-08-14,1.000000
克里斯·马科丹,认为违规,英伟达,2024-08-14,1.000000
美国,认可,英伟,2024-08-14,1.000000
台积电,认为优秀,苹果,2024-11-26,1.000000
台积电,认为优秀,英伟达,2024-11-26,1.000000
英特尔,威胁,台积电,2024-10-20,1.000000
英特尔,攻击,台积电,2024-10-20,1.000000
英特尔,损害,台积电,2024-10-20,1.000000
台积电,认为失败,AI芯片,2024-10-02,1.000000
摩根士丹利,担忧,台积电,2024-10-02,1.000000
摩根士丹利,质疑,台积电,2024-10-02,1.000000
特朗普,主导,《芯片法》,2024-11-07,1.000000
特朗普,质疑,《芯片法》,2024-11-07,1.000000
特朗普,批评,《芯片法》,2024-11-07,1.000000
特朗普,认为违规,《芯片法》,2024-11-07,1.000000
台积电,担忧,特朗普,2024-11-07,1.000000
拜登政府,担忧,特朗普,2024-11-07,1.000000
拜登政府,损害,台积电,2024-11-07,1.000000
特朗普,损害,美国,2024-11-07,1.000000
特朗普,批评,《芯片法》,2024-11-07,1.000000
特朗普,欣赏,《芯片法》,2024-11-07,1.000000
特朗普,认为有威胁,台湾,2024-11-07,1.000000
巴伦周刊,相信,台积电,2024-10-23,1.000000
巴伦周刊,认为有危机,台积电,2024-10-23,1.000000
美国,攻击,华为,2024-10-23,1.000000
美国,认为优秀,台积电,2024-10-23,1.000000
美国,认为非法,半导体,2024-10-23,1.000000
美国,认可,台积电,2024-10-23,1.000000
美国,质疑,台积电,2024-10-23,1.000000
美国,损害,华为,2024-10-23,1.000000
美国,相信,台积电,2024-10-23,1.000000
美国,认为违规,台积电,2024-10-23,1.000000
巴伦周刊,担忧,台积电,2024-10-23,1.000000
美国,质疑,华为,2024-10-23,1.000000
巴伦周刊,质疑,台积电,2024-10-23,1.000000
台湾经济部,认可,台积电,2024-10-23,1.000000
波士顿咨询公司,增进,台积电,2024-10-02,1.000000
摩根士丹利,认为优秀,台积电,2024-10-02,1.000000
摩根士丹利,担忧,台积电,2024-10-02,1.000000
台积电,批评,华为,2024-10-22,1.000000
台积电,认为优秀,华为,2024-10-22,1.000000
台积电,质疑,华为,2024-10-22,1.000000
台积电,认为非法,台积电,2024-10-22,1.000000
美国,质疑,台积电,2024-10-22,1.000000
台积电,相信,华为,2024-10-22,1.000000
美国,担忧,台积电,2024-10-22,1.000000
美国,支持,台积电,2024-10-22,1.000000
美国,认可,《芯片法案》,2024-10-22,1.000000
美国,主导,《芯片法案》,2024-10-22,1.000000
美国,增进,台积电,2024-10-22,1.000000
美国,增进,芯片供应,2024-10-29,1.000000
美国,相信,台积电,2024-10-29,1.000000
美国,认为可靠,芯片供应,2024-10-29,1.000000
美国,主导,《芯片法案》,2024-10-29,1.000000
美国,支持,《芯片法案》,2024-10-29,1.000000
摩根士丹利,担忧,台积电,2024-10-02,1.000000
摩根士丹利,质疑,台积电,2024-10-02,1.000000
昌,认为可靠,黄仁勋,2024-12-02,1.000000
昌,担忧,黄仁勋,2024-12-02,1.000000
昌,质疑,黄仁勋,2024-12-02,1.000000
昌,喜欢,黄仁勋,2024-12-02,1.000000
昌,相信,黄仁勋,2024-12-02,1.000000
昌,认为有成就,黄仁勋,2024-12-02,1.000000
黄仁勋,主导,英伟达,2024-12-02,1.000000
昌,欣赏,黄仁勋,2024-12-02,1.000000
昌,认为恐怖,黄仁勋,2024-12-02,1.000000
昌,认可,黄仁勋,2024-12-02,1.000000
昌,认为优秀,黄仁勋,2024-12-02,1.000000
路透社,质疑,黄仁勋,2024-12-02,1.000000
昌,认为缺乏,黄仁勋,2024-12-02,1.000000
Intel,拒绝投资,半导体,2024-12-02,1.000000
美国,损害,中国,2024-10-01,1.000000
乔·拜登,认为有威胁,中国,2024-10-01,1.000000
美国,攻击,中国,2024-10-01,1.000000
美国,威胁,中国,2024-10-01,1.000000
埃隆·马斯克,认为恐怖,英伟达,2024-09-18,1.000000
埃隆·马斯克,攻击,英伟达,2024-09-18,1.000000
埃隆·马斯克,质疑,英伟达,2024-09-18,1.000000
埃隆·马斯克,认为失败,英伟达,2024-09-18,1.000000
特朗普,担忧,《芯片法案》,2024-11-07,1.000000
特朗普,认为违规,《芯片法案》,2024-11-07,1.000000
特朗普,认为违规,《芯片法案》,2024-11-07,1.000000
特朗普,质疑,《芯片法案》,2024-11-07,1.000000
台湾,损害,美国,2024-11-07,1.000000
特朗普,批评,《芯片法案》,2024-11-07,1.000000
特朗普,批评,《芯片法案》,2024-11-07,1.000000
特朗普,质疑,《芯片法案》,2024-11-07,1.000000
特朗普,主导,《芯片法案》,2024-11-07,1.000000
TSMC,预计收入增长,30%,2025-01-12,1.000000
TSMC,预计收入增长,三倍,2025-01-12,1.000000
TSMC,扩大制造足迹,美国,2025-01-12,1.000000
TSMC,认为,AI相关应用需求,2025-01-12,1.000000
TSMC,预计收益增长,31%,2025-01-12,1.000000
特朗普,认为有危机,台湾,2024-12-03,1.000000
特朗普,认为恐怖,台湾,2024-12-03,1.000000
美国,批评,台湾,2024-12-03,1.000000
特朗普,认为有威胁,台湾,2024-12-03,1.000000
特朗普,威胁,台湾,2024-12-03,1.000000
特朗普,攻击,台湾,2024-12-03,1.000000
特朗普,欣赏,台湾,2024-12-03,1.000000
特朗普,认为非法,台湾,2024-12-03,1.000000
特朗普,认为优秀,台湾,2024-12-03,1.000000
特朗普,主导,美国,2024-12-03,1.000000
特朗普,认可,台湾,2024-12-03,1.000000
特朗普,感到不满,台湾,2024-12-03,1.000000
美国,视作英雄,特朗普,2024-12-03,1.000000
特朗普,担忧,台湾,2024-12-03,1.000000
特朗普,质疑,台湾,2024-12-03,1.000000
特朗普,认为有暴力,台湾,2024-12-03,1.000000
特朗普,认为违规,台湾,2024-12-03,1.000000
特朗普,认为失败,台湾,2024-12-03,1.000000
特朗普,认为犯罪,台湾,2024-12-03,1.000000
美国,质疑,台湾,2024-12-03,1.000000
特朗普,批评,台湾,2024-12-03,1.000000
特朗普,相信,台湾,2024-12-03,1.000000
台积电,感谢,分享,2025-02-09,1.000000
特朗普,担忧,台积电,2025-02-09,1.000000
特朗普,攻击,台积电,2025-02-09,1.000000
特朗普,认可,台积电,2025-02-09,1.000000
半导体,认为有威胁,台积电,2025-02-09,1.000000
特朗普,增进,半导体,2025-02-09,1.000000
台积电,增进,创纪录投资,2025-02-09,1.000000
特朗普,损害,台积电,2025-02-09,1.000000
特朗普,威胁,台积电,2025-02-09,1.000000
半导体,损害,台积电,2025-02-09,1.000000
半导体,威胁,台积电,2025-02-09,1.000000
特朗普,认为失败,台积电,2025-02-09,1.000000
特朗普,担忧,半导体,2025-02-09,1.000000
特朗普,认为有危机,台积电,2025-02-09,1.000000
特朗普,增进,台积电,2025-02-09,1.000000
特朗普,认为恐怖,台积电,2025-02-09,1.000000
特朗普,认为优秀,台积电,2025-02-09,1.000000
特朗普,认为有威胁,台积电,2025-02-09,1.000000
摩根士丹利,担忧,台积电,2024-10-02,1.000000
摩根士丹利,质疑,台积电,2024-10-02,1.000000
美国,主导,英伟达,2024-09-18,1.000000
美国,损害,中国,2024-09-18,1.000000
CNBC,认为有成就,英伟达,2024-09-18,1.000000
魏松,认为有成就,英伟达,2024-09-18,1.000000
中国企业,攻击,英伟达,2024-09-18,1.000000
美国,认为有威胁,中国,2024-09-18,1.000000
美国,欢迎,台积电,2024-11-09,1.000000
美国,担忧,台积电,2024-11-09,1.000000
《台北时报》,视作英雄,特朗普,2024-11-09,1.000000
美国,损害,台积电,2024-11-09,1.000000
美国,质疑,台积电,2024-11-09,1.000000
美国,认可,台积电,2024-11-09,1.000000
美国,主导,台积电,2024-11-09,1.000000
美国,批评,台积电,2024-11-09,1.000000
美国,认为违规,台积电,2024-11-09,1.000000
美国,支持,台积电,2024-11-09,1.000000
特朗普,主导,美国,2024-11-09,1.000000
摩根士丹利,认为优秀,台积电,2024-10-02,1.000000
摩根士丹利,担忧,台积电,2024-10-02,1.000000
摩根士丹利,质疑,台积电,2024-10-02,1.000000
英特尔,威胁,台积电,2024-10-17,1.000000
英特尔,攻击,台积电,2024-10-17,1.000000
Coatsworth,感到不满,台积电,2024-10-17,1.000000
Coatsworth,批评,台积电,2024-10-17,1.000000
英特尔,损害,台积电,2024-10-17,1.000000
Coatsworth,相信,台积电,2024-10-17,1.000000
Coatsworth,认为可靠,台积电,2024-10-17,1.000000
Coatsworth,认为有威胁,台积电,2024-10-17,1.000000
Coatsworth,质疑,台积电,2024-10-17,1.000000
Coatsworth,认为优秀,台积电,2024-10-17,1.000000
Coatsworth,认可,台积电,2024-10-17,1.000000
英特尔,认为有威胁,台积电,2024-10-17,1.000000
美国,支持,台积电,2024-10-22,1.000000
美国,增进,台积电,2024-10-22,1.000000
投资者,认为热情,台积电,2024-09-24,1.000000
投资者,欢迎,台积电,2024-09-24,1.000000
投资者,感到不满,台积电,2024-09-24,1.000000
投资者,支持,台积电,2024-09-24,1.000000
投资者,喜欢,台积电,2024-09-24,1.000000
投资者,感到满意,台积电,2024-09-24,1.000000
投资者,认为有暴力,台积电,2024-09-24,1.000000
投资者,担忧,台积电,2024-09-24,1.000000
投资者,质疑,台积电,2024-09-24,1.000000
投资者,欣赏,台积电,2024-09-24,1.000000
投资者,认可,台积电,2024-09-24,1.000000
TSMC,生产芯片,Apple,2024-12-16,1.000000
TSMC,生产芯片,Nvidia,2024-12-16,1.000000
TSMC,受益于,AI军备竞赛,2024-12-16,1.000000
华尔街分析师,预测收入增长,TSMC,2024-12-16,1.000000
TSMC,市盈率相当,大型科技公司,2024-12-16,1.000000
TSMC,作为合同制造商,Nvidia,2025-01-06,1.000000
唐纳,质疑,台湾,2024-12-03,1.000000
特朗普,认为违规,台湾,2024-12-03,1.000000
特朗普,质疑,台湾,2024-12-03,1.000000
特朗普,主导,半导体,2024-12-03,1.000000
特朗普,感到不满,台湾,2024-12-03,1.000000
唐纳,威胁,台湾,2024-12-03,1.000000
唐纳,感到不满,台湾,2024-12-03,1.000000
特朗普,批评,台湾,2024-12-03,1.000000
台湾,主导,半导体,2024-12-03,1.000000
特朗普,担忧,台湾,2024-12-03,1.000000
特朗普,认为有威胁,台湾,2024-12-03,1.000000
唐纳,批评,台湾,2024-12-03,1.000000
唐纳,担忧,台湾,2024-12-03,1.000000
唐纳,认为有威胁,台湾,2024-12-03,1.000000
摩根士丹利,认为优秀,台积电,2024-10-02,1.000000
摩根士丹利,担忧,台积电,2024-10-02,1.000000
摩根士丹利,质疑,台积电,2024-10-02,1.000000
苹果公司,支持,台积电,2024-10-20,1.000000
特朗普,攻击,台积电,2024-10-28,1.000000
特朗普,欣赏,台积电,2024-10-28,1.000000
特朗普,认为恐怖,台积电,2024-10-28,1.000000
特朗普,威胁,台积电,2024-10-28,1.000000
特朗普,感到不满,台积电,2024-10-28,1.000000
特朗普,损害,台积电,2024-10-28,1.000000
特朗普,担忧,台积电,2024-10-28,1.000000
特朗普,质疑,台积电,2024-10-28,1.000000
特朗普,认为失败,台积电,2024-10-28,1.000000
特朗普,批评,台积电,2024-10-28,1.000000
特朗普,认为有暴力,台积电,2024-10-28,1.000000
特朗普,认为违规,台积电,2024-10-28,1.000000
特朗普,认为有危机,台积电,2024-10-28,1.000000
特朗普,认为有威胁,台积电,2024-10-28,1.000000
台积电,认为优秀,苹果,2024-11-26,1.000000
台积电,增进,毛利率,2024-11-26,1.000000
美国,主导,台积电,2024-10-16,1.000000
美国,担忧,台积电,2024-10-16,1.000000
美国,认为可靠,台积电,2024-10-16,1.000000
美国,担忧,台积电,2024-10-16,1.000000
美国,支持,台积电,2024-10-16,1.000000
美国,认为有危机,台积电,2024-10-16,1.000000
美国,认为失败,台积电,2024-10-16,1.000000
美国,质疑,台积电,2024-10-16,1.000000
美国,认可,《芯片和科学法案》,2024-10-16,1.000000
美国,主导,《芯片和科学法案》,2024-10-16,1.000000
美国,威胁,台积电,2024-10-16,1.000000
美国,欣赏,台积电,2024-10-16,1.000000
美国,支持,《芯片和科学法案》,2024-10-16,1.000000
美国,认为恐怖,台积电,2024-10-16,1.000000
美国,增进,台积电,2024-10-16,1.000000
美国,增进,半导体,2024-10-16,1.000000
台积电,增进,全年收入预期,2024-10-16,1.000000
美国,认为违规,《芯片和科学法案》,2024-10-16,1.000000
美国,认可,台积电,2024-10-16,1.000000
美国,欢迎,特朗普,2025-01-15,1.000000
美国,认为有威胁,中国,2025-01-15,1.000000
中国,视作英雄,特朗普,2025-01-15,1.000000
特朗普,认为有威胁,中国,2025-01-15,1.000000
美国,视作英雄,特朗普,2025-01-15,1.000000
美国,威胁,中国,2025-01-15,1.000000
唐纳德·特朗,认为失败,台湾,2024-12-03,1.000000
唐纳德·特朗,认为有暴力,台湾,2024-12-03,1.000000
唐纳德·特朗,认为恐怖,台湾,2024-12-03,1.000000
唐纳德·特朗,认为有危机,台湾,2024-12-03,1.000000
唐纳德·特朗,质疑,台湾,2024-12-03,1.000000
唐纳德·特朗,感到不满,台湾,2024-12-03,1.000000
唐纳德·特朗,认为违规,台湾,2024-12-03,1.000000
唐纳德·特朗,认为犯罪,台湾,2024-12-03,1.000000
唐纳德·特朗,认为有威胁,台湾,2024-12-03,1.000000
台湾,主导,美国,2024-12-03,1.000000
美国,视作英雄,唐,2024-12-03,1.000000
台积电,主导,美国,2024-11-09,1.000000
美国,批评,台积电,2024-11-09,1.000000
贝索斯,增进,美国,2024-11-09,1.000000
美国,担忧,台积电,2024-11-09,1.000000
《台北时报》,视作英雄,特朗普,2024-11-09,1.000000
美国,质疑,台积电,2024-11-09,1.000000
《台北时报》,担忧,台积电,2024-11-09,1.000000
美国,认可,台积电,2024-11-09,1.000000
美国,视作英雄,特朗普,2024-11-09,1.000000
美国,主导,台积电,2024-11-09,1.000000
美国,批评,台积电,2024-11-09,1.000000
美国,认为违规,台积电,2024-11-09,1.000000
美国,支持,台积电,2024-11-09,1.000000
美国,认为违规,台积电,2024-11-09,1.000000
特朗普,增进,2纳米先进芯片生产,2024-11-09,1.000000
台积电,增进,2纳米先进芯片生产,2024-11-09,1.000000
杰夫·贝索斯,认为失败,美国,2024-11-09,1.000000
《台北时报》,视作英雄,特朗普,2024-11-09,1.000000
特朗普,认可,美国,2024-11-09,1.000000
特朗普,主导,美国,2024-11-09,1.000000
杰夫·贝索斯,认为违规,美国,2024-11-09,1.000000
杰夫·贝索斯,增进,台积电,2024-11-09,1.000000
特朗普,增进,美国,2024-11-09,1.000000
特朗普,认为失败,台积电,2024-11-09,1.000000
特朗普,认为犯罪,台湾,2024-11-14,1.000000
特朗普,欣赏,台湾的芯片,2024-11-14,1.000000
特朗普,感到不满,台湾的芯片,2024-11-14,1.000000
特朗普,喜欢,台湾的芯片,2024-11-14,1.000000
特朗普,认为失败,美国,2024-11-14,1.000000
特朗普,质疑,台湾,2024-11-14,1.000000
特朗普,质疑,美国,2024-11-14,1.000000
特朗普,喜欢,台湾的芯片,2024-11-14,1.000000
特朗普,欣赏,《乔·罗根体验》,2024-11-14,1.000000
特朗普,主导,《乔·罗根体验》,2024-11-14,1.000000
美国,认为可靠,国内芯片供应,2024-11-14,1.000000
特朗普,批评,美国,2024-11-14,1.000000
特朗普,主导,美国,2024-11-14,1.000000
美国,质疑,台积电,2024-11-14,1.000000
特朗普,认为违规,美国,2024-11-14,1.000000
美国,认为可靠,国内芯片供应,2024-11-14,1.000000
特朗普,担忧,台湾的芯片,2024-11-14,1.000000
特朗普,欣赏,台湾的芯片,2024-11-14,1.000000
特朗普,威胁,台湾,2024-11-14,1.000000
特朗普,批评,美国,2024-11-14,1.000000
特朗普,质疑,台湾,2024-11-14,1.000000
特朗普,质疑,美国,2024-11-14,1.000000
特朗普,认为违规,美国,2024-11-14,1.000000
特朗普,认为有威胁,台湾,2024-11-14,1.000000
美国,提供直接资金,TSMC,2024-11-14,1.000000
美国,提供低息贷款,TSMC,2024-11-14,1.000000
美国,签署初步协议,TSMC,2024-11-14,1.000000
TSMC,进行投资,美国,2024-11-14,1.000000
美国,宣布投资意义,国内芯片产业,2024-11-14,1.000000
TSMC,建设工厂,美国,2024-11-14,1.000000
特朗普,威胁实施关税,台湾芯片,2024-11-14,1.000000
美国,分配资金,国内芯片产业,2024-11-14,1.000000
美国,提供资金,Intel,2024-11-14,1.000000
TSMC,投资建设,德国德累斯顿,2024-11-14,1.000000
台湾,欢迎,黄仁勋,2025-01-16,1.000000
郭明𫓹,认为可靠,英伟达,2025-01-16,1.000000
郭明𫓹,认为失败,英伟达,2025-01-16,1.000000
台南,欢迎,黄仁勋,2025-01-16,1.000000
郭明𫓹,认为有危机,英伟达,2025-01-16,1.000000
台湾,喜欢,黄仁勋,2025-01-16,1.000000
台南,喜欢,黄仁勋,2025-01-16,1.000000
美国,欢迎,黄仁勋,2025-01-16,1.000000
郭明𫓹,认为恐怖,英伟达,2025-01-16,1.000000
美国,喜欢,黄仁勋,2025-01-16,1.000000
郭明𫓹,认为优秀,英伟达,2025-01-16,1.000000
郭明𫓹,相信,英伟达,2025-01-16,1.000000
郭明𫓹,认为有威胁,英伟达,2025-01-16,1.000000
郭明𫓹,质疑,英伟达,2025-01-16,1.000000
郭明𫓹,认为有成就,英伟达,2025-01-16,1.000000
郭明𫓹,担忧,英伟达,2025-01-16,1.000000
郭明𫓹,认可,英伟达,2025-01-16,1.000000
美国,增进,《芯片法案》,2024-10-29,1.000000
美国,支持,《芯片法案》,2024-10-29,1.000000
美国,认可,《芯片法案》,2024-10-29,1.000000
美国,主导,《芯片法案》,2024-10-29,1.000000
CFO黄文德,认为优秀,台积电,2024-11-08,1.000000
摩根士丹利,认可,台积电,2024-12-29,1.000000
摩根士丹利,担忧,台积电,2024-12-29,1.000000
台积电,增进,其制造工艺,2024-10-20,1.000000
乌克,感到满意,台积电,2024-09-17,1.000000
乌克,认为违规,台积电,2024-09-17,1.000000
乌克,认为优秀,台积电,2024-09-17,1.000000
乌克兰战争,损害,台积电,2024-09-17,1.000000
乌克,认为失败,台积电,2024-09-17,1.000000
乌克,认为有威胁,台积电,2024-09-17,1.000000
乌克,认为有危机,台积电,2024-09-17,1.000000
乌克,认为有成就,台积电,2024-09-17,1.000000
川普,批评,台积电,2024-10-28,1.000000
川普,损害,台积电,2024-10-28,1.000000
川普,担忧,台积电,2024-10-28,1.000000
川普,威胁,台积电,2024-10-28,1.000000
川普,认为失败,台积电,2024-10-28,1.000000
川普,认为有威胁,台积电,2024-10-28,1.000000
川普,认为恐怖,台积电,2024-10-28,1.000000
川普,质疑,台积电,2024-10-28,1.000000
川普,认为有危机,台积电,2024-10-28,1.000000
川普,感到不满,台积电,2024-10-28,1.000000
川普,攻击,台积电,2024-10-28,1.000000
川普,认为有暴力,台积电,2024-10-28,1.000000
《自由时报》,增进,台积电,2024-11-09,1.000000
美国,担忧,台积电,2024-11-09,1.000000
美国,质疑,台积电,2024-11-09,1.000000
《自由时报》,认为优秀,台积电,2024-11-09,1.000000
JW Kuo,担忧,特朗普,2024-11-09,1.000000
《自由时报》,威胁,台积电,2024-11-09,1.000000
美国,认为违规,台积电,2024-11-09,1.000000
《自由时报》,损害,台积电,2024-11-09,1.000000
特朗普,增进,台积电,2024-11-09,1.000000
《自由时报》,认可,台积电,2024-11-09,1.000000
《自由时报》,感到不满,台积电,2024-11-09,1.000000
《自由时报》,认为可靠,台积电,2024-11-09,1.000000
《自由时报》,担忧,台积电,2024-11-09,1.000000
《自由时报》,支持,台积电,2024-11-09,1.000000
美国,认为违规,台积电,2024-11-09,1.000000
《自由时报》,质疑,台积电,2024-11-09,1.000000
《自由时报》,相信,台积电,2024-11-09,1.000000
《自由时报》,认为有危机,台积电,2024-11-09,1.000000
《自由时报》,认为有威胁,台积电,2024-11-09,1.000000
美国,认可,台积电,2024-11-09,1.000000
特朗普,增进,美国,2024-11-09,1.000000
美国,支持,台积电,2024-11-09,1.000000
特朗普,主导,美国,2024-11-09,1.000000
特朗普,认为违规,《芯片法案》,2024-11-07,1.000000
特朗普,质疑,《芯片法案》,2024-11-07,1.000000
拜登政府,损害,台积电,2024-11-07,1.000000
特朗普,批评,《芯片法案》,2024-11-07,1.000000
特朗普,损害,美国,2024-11-07,1.000000
特朗普,损害,美国,2024-11-07,1.000000
特朗普,质疑,《芯片法案》,2024-11-07,1.000000
特朗普,批评,《芯片法案》,2024-11-07,1.000000
特朗普,主导,《芯片法案》,2024-11-07,1.000000
美国,支持,《芯片法案》,2024-10-29,1.000000
美国,认可,《芯片法案》,2024-10-29,1.000000
美国,主导,《芯片法案》,2024-10-29,1.000000
台积电,主导,OpenAI,2024-10-28,1.000000
TSMC,合作开发,AI芯片,2024-10-28,1.000000
台积电,担忧,中国市场,2024-11-02,1.000000
特朗普,认为违规,《芯片法案》,2024-11-07,1.000000
国会,支持,拜登政府,2024-11-07,1.000000
特朗普,批评,《芯片法案》,2024-11-07,1.000000
《芯片法案》,损害,美国,2024-11-07,1.000000
国会,相信,拜登政府,2024-11-07,1.000000
特朗普,主导,《芯片法案》,2024-11-07,1.000000
特朗普,质疑,《芯片法案》,2024-11-07,1.000000
拜登政府,损害,台积电,2024-11-07,1.000000
特朗普,损害,美国,2024-11-07,1.000000
特朗普,批评,《芯片法案》,2024-11-07,1.000000
特朗普,认为违规,《芯片法案》,2024-11-07,1.000000
特朗普,损害,美国,2024-11-07,1.000000
特朗普,质疑,《芯片法案》,2024-11-07,1.000000
特朗普,认为有危机,台湾,2024-12-03,1.000000
美国,视作英雄,特朗普,2024-12-03,1.000000
特朗普,认为恐怖,台湾,2024-12-03,1.000000
特朗普,认为有威胁,台湾,2024-12-03,1.000000
特朗普,威胁,台湾,2024-12-03,1.000000
特朗普,攻击,台湾,2024-12-03,1.000000
特朗普,欣赏,台湾,2024-12-03,1.000000
特朗普,认为非法,台湾,2024-12-03,1.000000
特朗普,认可,台湾,2024-12-03,1.000000
特朗普,感到不满,台湾,2024-12-03,1.000000
美国,质疑,台湾,2024-12-03,1.000000
美国,批评,台湾,2024-12-03,1.000000
特朗普,担忧,台湾,2024-12-03,1.000000
特朗普,质疑,台湾,2024-12-03,1.000000
特朗普,认为有暴力,台湾,2024-12-03,1.000000
特朗普,认为违规,台湾,2024-12-03,1.000000
特朗普,认为失败,台湾,2024-12-03,1.000000
特朗普,认为犯罪,台湾,2024-12-03,1.000000
特朗普,批评,台湾,2024-12-03,1.000000
特朗普,相信,台湾,2024-12-03,1.000000
波士顿咨询集团,认为优秀,台积电,2025-02-11,1.000000
波士顿咨询集团,增进,台积电,2025-02-11,1.000000
波士顿咨询集团,质疑,台积电,2025-02-11,1.000000
美国,支持,《芯片法案》,2024-10-29,1.000000
美国,认可,《芯片法案》,2024-10-29,1.000000
美国,主导,《芯片法案》,2024-10-29,1.000000
美国,增进,芯片供应,2024-10-29,1.000000
彭博社,认为非法,中国,2024-11-19,1.000000
华盛顿分析团队,质疑,特朗普,2024-11-19,1.000000
安杰洛·津诺,认可,特朗普,2024-11-19,1.000000
彭博社,威胁,中国,2024-11-19,1.000000
彭博社,认为有威胁,中国,2024-11-19,1.000000
莫顿森,喜欢,黄仁勋,2024-11-19,1.000000
华盛顿分析团队,认可,特朗普,2024-11-19,1.000000
彭博社,认为可靠,中国,2024-11-19,1.000000
彭博社,认为缺乏,中国,2024-11-19,1.000000
华盛顿分析团队,视作英雄,特朗普,2024-11-19,1.000000
安杰洛·津诺,支持,特朗普,2024-11-19,1.000000
安杰洛·津诺,损害,中国,2024-11-19,1.000000
安杰洛·津诺,担忧,特朗普,2024-11-19,1.000000
黄仁勋,认为违规,英伟达,2024-11-19,1.000000
莫顿森,视作英雄,黄仁勋,2024-11-19,1.000000
莫顿森,欢迎,黄仁勋,2024-11-19,1.000000
莫顿森,认为热情,黄仁勋,2024-11-19,1.000000
华盛顿分析团队,认为恐怖,特朗普,2024-11-19,1.000000
蒂德·莫顿森,认为违规,英伟达,2024-11-19,1.000000
莫顿森,认为优秀,黄仁勋,2024-11-19,1.000000
全球征收关税,损害,英伟达,2024-11-19,1.000000
华盛顿分析团队,担忧,特朗普,2024-11-19,1.000000
蒂德·莫顿森,认为优秀,黄仁勋,2024-11-19,1.000000
安杰洛·津诺,主导,特朗普,2024-11-19,1.000000
安杰洛·津诺,批评,特朗普,2024-11-19,1.000000
安杰洛·津诺,感到不满,特朗普,2024-11-19,1.000000
特朗普,认为非法,中国,2024-11-19,1.000000
安杰洛·津诺,相信,特朗普,2024-11-19,1.000000
彭博社,认为恐怖,中国,2024-11-19,1.000000
彭博社,损害,中国,2024-11-19,1.000000
华盛顿分析团队,欣赏,特朗普,2024-11-19,1.000000
蒂德·莫顿森,认为热情,黄仁勋,2024-11-19,1.000000
特朗普,认为有威胁,中国,2024-11-19,1.000000
华盛顿分析团队,批评,特朗普,2024-11-19,1.000000
安杰洛·津诺,认为非法,中国,2024-11-19,1.000000
彭博社,认为有危机,中国,2024-11-19,1.000000
安杰洛·津诺,认为失败,特朗普,2024-11-19,1.000000
安杰洛·津诺,质疑,特朗普,2024-11-19,1.000000
华盛顿分析团队,相信,特朗普,2024-11-19,1.000000
安杰洛·津诺,认为可靠,特朗普,2024-11-19,1.000000
安杰洛·津诺,认为有威胁,中国,2024-11-19,1.000000
安杰洛·津诺,感到满意,特朗普,2024-11-19,1.000000
黄仁勋,认为优秀,英伟达,2024-11-19,1.000000
《彭博商业周刊》,质疑,特朗普,2024-11-09,1.000000
台湾经济部长,质疑,特朗普,2024-11-09,1.000000
台湾经济部长,认可,特朗普,2024-11-09,1.000000
亚利桑那州,主导,台积电,2024-11-09,1.000000
美国,主导,台积电,2024-11-09,1.000000
《彭博商业周刊》,视作英雄,特朗普,2024-11-09,1.000000
特朗普,损害,半导体,2024-11-09,1.000000
台湾经济部长,相信,特朗普,2024-11-09,1.000000
台湾经济部长,欣赏,特朗普,2024-11-09,1.000000
台湾经济部长,认为违规,特朗普,2024-11-09,1.000000
台湾经济部长,感到不满,特朗普,2024-11-09,1.000000
特朗普,增进,半导体,2024-11-09,1.000000
台湾经济部长,批评,特朗普,2024-11-09,1.000000
特朗普,支持,《芯片法案》,2024-11-09,1.000000
台湾经济部长,认为有暴力,特朗普,2024-11-09,1.000000
美国,损害,台积电,2024-10-16,1.000000
美国,认为优秀,台积电,2024-10-16,1.000000
美国,支持,台积电,2024-10-22,1.000000
美国,认可,台积电,2024-10-22,1.000000
特朗普,认为有危机,台湾,2024-12-03,1.000000
美国,视作英雄,唐纳德·特朗,2024-12-03,1.000000
特朗普,认为恐怖,台湾,2024-12-03,1.000000
美国,批评,台湾,2024-12-03,1.000000
特朗普,认为有威胁,台湾,2024-12-03,1.000000
特朗普,威胁,台湾,2024-12-03,1.000000
特朗普,欣赏,台湾,2024-12-03,1.000000
特朗普,认为非法,台湾,2024-12-03,1.000000
特朗普,认为优秀,台湾,2024-12-03,1.000000
特朗普,主导,美国,2024-12-03,1.000000
特朗普,认可,台湾,2024-12-03,1.000000
特朗普,感到不满,台湾,2024-12-03,1.000000
特朗普,担忧,台湾,2024-12-03,1.000000
特朗普,质疑,台湾,2024-12-03,1.000000
特朗普,认为有暴力,台湾,2024-12-03,1.000000
特朗普,认为违规,台湾,2024-12-03,1.000000
特朗普,认为失败,台湾,2024-12-03,1.000000
特朗普,认为犯罪,台湾,2024-12-03,1.000000
美国,质疑,台湾,2024-12-03,1.000000
特朗普,批评,台湾,2024-12-03,1.000000
台湾,主导,美国,2024-12-03,1.000000
基辛格,相信,英特尔,2024-11-13,1.000000
基辛格,质疑,英特尔,2024-11-13,1.000000
基辛格,认可,英特尔,2024-11-13,1.000000
帕特·基辛格,质疑,英特尔,2024-11-13,1.000000
帕特·基辛格,认可,英特尔,2024-11-13,1.000000
特朗普,威胁,中国,2025-01-10,1.000000
黄仁勋,认为有成就,英伟达,2025-01-10,1.000000
特朗普,认为有威胁,对中国,2025-01-10,1.000000
黄仁勋,认可,英伟达,2025-01-10,1.000000
黄仁勋,主导,英伟达,2025-01-10,1.000000
特朗普,威胁,中国,2025-01-10,1.000000
黄仁勋,担忧,英伟达,2025-01-10,1.000000
黄仁勋,认为优秀,英伟达,2025-01-10,1.000000
特朗普,认为有威胁,中国,2025-01-10,1.000000
黄仁勋,认为可靠,英伟达,2025-01-10,1.000000
黄仁勋,认为失败,英伟达,2025-01-10,1.000000
黄仁勋,质疑,英伟达,2025-01-10,1.000000
TSMC,计划使用,高NA EUV机器,2024-11-05,1.000000
TSMC,计划使用,高NA EUV机器,2024-11-05,1.000000
TSMC,继续使用,第一代EUV机器,2024-11-05,1.000000
Intel,外包生产,TSMC,2024-11-05,1.000000
特朗普,认为违规,《芯片法案》,2024-11-07,1.000000
特朗普,批评,《芯片法案》,2024-11-07,1.000000
特朗普,批评,半导体,2024-11-07,1.000000
特朗普,主导,《芯片法案》,2024-11-07,1.000000
特朗普,质疑,《芯片法案》,2024-11-07,1.000000
特朗普,损害,美国,2024-11-07,1.000000
特朗普,批评,《芯片法案》,2024-11-07,1.000000
特朗普,认为违规,《芯片法案》,2024-11-07,1.000000
特朗普,批评,半导体,2024-11-07,1.000000
特朗普,质疑,《芯片法案》,2024-11-07,1.000000
特朗普,认为有危机,台湾,2024-12-03,1.000000
特朗普,认为恐怖,台湾,2024-12-03,1.000000
美国,担忧,台湾,2024-12-03,1.000000
美国,质疑,台湾,2024-12-03,1.000000
特朗普,主导,半导体,2024-12-03,1.000000
特朗普,认为有威胁,台湾,2024-12-03,1.000000
美国,认为有危机,台湾,2024-12-03,1.000000
特朗普,威胁,台湾,2024-12-03,1.000000
美国,批评,台湾,2024-12-03,1.000000
特朗普,欣赏,台湾,2024-12-03,1.000000
特朗普,认为非法,台湾,2024-12-03,1.000000
特朗普,认为优秀,台湾,2024-12-03,1.000000
美国,主导,半导体,2024-12-03,1.000000
特朗普,认可,台湾,2024-12-03,1.000000
特朗普,感到不满,台湾,2024-12-03,1.000000
美国,认为有威胁,台湾,2024-12-03,1.000000
台湾,主导,半导体,2024-12-03,1.000000
美国,视作英雄,特朗普,2024-12-03,1.000000
特朗普,担忧,台湾,2024-12-03,1.000000
特朗普,质疑,台湾,2024-12-03,1.000000
特朗普,认为有暴力,台湾,2024-12-03,1.000000
特朗普,认为违规,台湾,2024-12-03,1.000000
特朗普,认为失败,台湾,2024-12-03,1.000000
特朗普,认为犯罪,台湾,2024-12-03,1.000000
特朗普,批评,台湾,2024-12-03,1.000000
美国,支持,台积电,2024-10-22,1.000000
黄仁勋,威胁,英伟达,2025-01-10,1.000000
黄仁勋,支持,英伟达,2025-01-10,1.000000
黄仁勋,主导,英伟达,2025-01-10,1.000000
黄仁勋,增进,英伟达,2025-01-10,1.000000
黄仁勋,认为缺乏,英伟达,2025-01-10,1.000000
黄仁勋,认为失败,英伟达,2025-01-10,1.000000
黄仁勋,欣赏,英伟达,2025-01-10,1.000000
黄仁勋,认为有危机,英伟达,2025-01-10,1.000000
黄仁勋,认为优秀,英伟达,2025-01-10,1.000000
黄仁勋,相信,英伟达,2025-01-10,1.000000
黄仁勋,认为恐怖,英伟达,2025-01-10,1.000000
特朗普,认为有威胁,对中国,2025-01-10,1.000000
黄仁勋,认为有威胁,英伟达,2025-01-10,1.000000
黄仁勋,损害,英伟达,2025-01-10,1.000000
黄仁勋,担忧,英伟达,2025-01-10,1.000000
黄仁勋,感到不满,英伟达,2025-01-10,1.000000
黄仁勋,批评,英伟达,2025-01-10,1.000000
黄仁勋,质疑,英伟达,2025-01-10,1.000000
黄仁勋,认为有成就,英伟达,2025-01-10,1.000000
黄仁勋,认可,英伟达,2025-01-10,1.000000
台湾区官员,视作英雄,特朗普,2025-01-10,1.000000
特朗普,威胁,对中国,2025-01-10,1.000000
黄仁勋,认为可靠,英伟达,2025-01-10,1.000000
迪士尼,认为非法,台积电,2024-10-23,1.000000
台积电,损害,中国企业,2024-10-23,1.000000
美国,认为有威胁,中国,2024-10-23,1.000000
美国,攻击,中国,2024-10-23,1.000000
路透社,认为优秀,台积电,2024-10-23,1.000000
美国,担忧,对中国,2024-10-23,1.000000
美国,威胁,中国,2024-10-23,1.000000
路透社,担忧,台积电,2024-10-23,1.000000
美国,损害,中国,2024-10-23,1.000000
路透社,认为有危机,台积电,2024-10-23,1.000000
台积电,增进,中国企业,2024-10-23,1.000000
台积电,威胁,中国企业,2024-10-23,1.000000
路透社,认为有威胁,台积电,2024-10-23,1.000000
郭明𫓹,认为有威胁,英伟达,2025-01-16,1.000000
台南,欢迎,黄仁勋,2025-01-16,1.000000
郭明𫓹,质疑,英伟达,2025-01-16,1.000000
美国,欢迎,黄仁勋,2025-01-16,1.000000
郭明𫓹,认为有危机,英伟达,2025-01-16,1.000000
台湾,喜欢,黄仁勋,2025-01-16,1.000000
美国,喜欢,黄仁勋,2025-01-16,1.000000
郭明𫓹,担忧,英伟达,2025-01-16,1.000000
台南,喜欢,黄仁勋,2025-01-16,1.000000
郭明𫓹,相信,英伟达,2025-01-16,1.000000
英伟达,攻击,台积电,2025-01-16,1.000000
英伟达,损害,台积电,2025-01-16,1.000000
郭明𫓹,批评,英伟达,2025-01-16,1.000000
郭明𫓹,认可,英伟达,2025-01-16,1.000000
特朗普,认为优秀,台积电,2025-01-13,1.000000
美国,视作英雄,特朗普,2025-01-13,1.000000
美国,认为有威胁,中国,2025-01-13,1.000000
特朗普,损害,进口关税,2025-01-13,1.000000
美国,攻击,中国,2025-01-13,1.000000
美国,损害,中国,2025-01-13,1.000000
美国,威胁,中国,2025-01-13,1.000000
TSMC,预计利润增长,58%,2025-01-13,1.000000
TSMC,建设,美国,2025-01-13,1.000000
TSMC,投资,美国,2025-01-13,1.000000
TSMC,预计资本支出,2025年,2025-01-13,1.000000
TSMC,资本支出,300亿美元,2025-01-13,1.000000
TSMC,股价上涨,81%,2025-01-13,1.000000
特朗普,欣赏,台积电,2024-10-28,1.000000
特朗普,认为恐怖,台积电,2024-10-28,1.000000
特朗普,威胁,台积电,2024-10-28,1.000000
特朗普,认为优秀,台积电,2024-10-28,1.000000
特朗普,感到不满,台积电,2024-10-28,1.000000
Harlan Sur,批评,台积电,2024-10-28,1.000000
特朗普,认可,台积电,2024-10-28,1.000000
特朗普,认为缺乏,台积电,2024-10-28,1.000000
特朗普,主导,台积电,2024-10-28,1.000000
特朗普,担忧,台积电,2024-10-28,1.000000
特朗普,认为可靠,台积电,2024-10-28,1.000000
特朗普,支持,台积电,2024-10-28,1.000000
特朗普,质疑,台积电,2024-10-28,1.000000
特朗普,认为失败,台积电,2024-10-28,1.000000
特朗普,认为犯罪,台积电,2024-10-28,1.000000
特朗普,批评,台积电,2024-10-28,1.000000
特朗普,相信,台积电,2024-10-28,1.000000
特朗普,认为有暴力,台积电,2024-10-28,1.000000
特朗普,认为违规,台积电,2024-10-28,1.000000
特朗普,认为有危机,台积电,2024-10-28,1.000000
特朗普,认为有威胁,台积电,2024-10-28,1.000000
美国,认为有威胁,台积电,2024-10-27,1.000000
美国,认为恐怖,台积电,2024-10-27,1.000000
路透社,质疑,华为,2024-10-27,1.000000
路透社,感到不满,台积电,2024-10-27,1.000000
美国,威胁,台积电,2024-10-27,1.000000
路透社,认为优秀,台积电,2024-10-27,1.000000
美国,认为优秀,台积电,2024-10-27,1.000000
美国,损害,台积电,2024-10-27,1.000000
路透社,质疑,台积电,2024-10-27,1.000000
美国,认可,台积电,2024-10-27,1.000000
美国,增进,出口管制,2024-10-27,1.000000
美国,感到不满,台积电,2024-10-27,1.000000
路透社,担忧,台积电,2024-10-27,1.000000
美国,担忧,台积电,2024-10-27,1.000000
美国,支持,台积电,2024-10-27,1.000000
路透社,认为有危机,台积电,2024-10-27,1.000000
美国,质疑,台积电,2024-10-27,1.000000
美国,批评,台积电,2024-10-27,1.000000
路透社,相信,台积电,2024-10-27,1.000000
路透社,认为有暴力,台积电,2024-10-27,1.000000
美国,相信,台积电,2024-10-27,1.000000
美国,认为犯罪,台积电,2024-10-27,1.000000
美国,认为有危机,台积电,2024-10-27,1.000000
路透社,认为有威胁,台积电,2024-10-27,1.000000
路透社,认为恐怖,台积电,2024-10-27,1.000000
台湾政府,损害,台积电,2024-11-04,1.000000
美国,认为犯罪,Alphabet,2024-12-25,1.000000
美国,攻击,Alphabet,2024-12-25,1.000000
TSMC,投资,美国,2024-12-25,1.000000
TSMC,制造,半导体,2024-12-25,1.000000
TSMC,面临风险,中国的地缘政治风险,2024-12-25,1.000000
台北政府官员,认为违规,美国,2024-10-23,1.000000
美国,损害,华为,2024-10-23,1.000000
美国,认为有威胁,华为,2024-10-23,1.000000
美国,威胁,华为,2024-10-23,1.000000
TSMC,暂停出货,客户,2024-10-23,1.000000
TSMC,停止供货,华为,2024-10-23,1.000000
TSMC,主动沟通,美国,2024-10-23,1.000000
TSMC,未被调查,任何调查,2024-10-23,1.000000
科尔莱特·克雷,批评,英伟达,2024-11-29,1.000000
科尔莱特·克雷,认为优秀,英伟达,2024-11-29,1.000000
科尔莱特·克雷,质疑,英伟达,2024-11-29,1.000000
科尔莱特·克雷,认为违规,英伟达,2024-11-29,1.000000
科尔特·克雷斯,认为优秀,英伟达,2024-11-29,1.000000
美国,支持,台积电,2024-10-22,1.000000
美国,增进,台积电,2024-10-22,1.000000
科莱特·克雷斯,质疑,英伟达,2024-11-29,1.000000
科莱特·克雷斯,批评,英伟达,2024-11-29,1.000000
科莱特·克雷斯,认为优秀,英伟达,2024-11-29,1.000000
科莱特·克雷斯,损害,英伟达,2024-11-29,1.000000
投资者,认为缺乏,英伟达,2025-01-06,1.000000
投资者,认为可靠,英伟达,2025-01-06,1.000000
投资者,认为有成就,英伟达,2025-01-06,1.000000
投资者,认可,英伟达,2025-01-06,1.000000
投资者,认为优秀,英伟达,2025-01-06,1.000000
投资者,认为失败,英伟达,2025-01-06,1.000000
投资者,认为有危机,英伟达,2025-01-06,1.000000
投资者,担忧,英伟达,2025-01-06,1.000000
黄仁勋,认为热情,投资者,2025-01-06,1.000000
投资者,认为有威胁,英伟达,2025-01-06,1.000000
投资者,认为恐怖,英伟达,2025-01-06,1.000000
汤姆·唐,视作英雄,黄仁勋,2025-01-06,1.000000
投资者,质疑,英伟达,2025-01-06,1.000000
丹·埃维斯,视作英雄,特朗普,2025-01-06,1.000000
投资者,相信,英伟达,2025-01-06,1.000000
黄仁勋,认为非法,日本,2024-11-19,1.000000
TSMC,获得资金支持,美国,2024-11-19,1.000000
TSMC,消耗电力,台湾,2024-11-19,1.000000
Jeff Bezos,认为可靠,美国,2024-11-09,1.000000
《台北时报》,视作英雄,特朗普,2024-11-09,1.000000
Jeff Bezos,增进,美国,2024-11-09,1.000000
美国,支持,台积电,2024-11-09,1.000000
《商业时报》,损害,台积电,2024-10-03,1.000000
美国,支持,台积电,2024-10-22,1.000000
美国,增进,台积电,2024-10-22,1.000000
美国,主导,《芯片法案》,2024-10-22,1.000000
美国,认为优秀,台积电,2024-10-22,1.000000
美国,攻击,Alphabet,2024-12-25,1.000000
TSMC,制造,半导体,2024-12-25,1.000000
TSMC,投资建设,美国,2024-12-25,1.000000
TSMC,面临,地缘政治风险,2024-12-25,1.000000
《金融时报》,相信,台积电,2024-11-04,1.000000
台湾政府,损害,台积电,2024-11-04,1.000000
《金融时报》,认为有威胁,台积电,2024-11-04,1.000000
《金融时报》,认为恐怖,台湾,2024-11-04,1.000000
《金融时报》,欣赏,台积电,2024-11-04,1.000000
《金融时报》,感到不满,台湾,2024-11-04,1.000000
《金融时报》,认可,台积电,2024-11-04,1.000000
《金融时报》,增进,台积电,2024-11-04,1.000000
《金融时报》,威胁,台积电,2024-11-04,1.000000
《金融时报》,认为优秀,台积电,2024-11-04,1.000000
《金融时报》,担忧,台湾,2024-11-04,1.000000
《金融时报》,质疑,台积电,2024-11-04,1.000000
《金融时报》,损害,台积电,2024-11-04,1.000000
《金融时报》,担忧,台积电,2024-11-04,1.000000
《金融时报》,相信,台湾,2024-11-04,1.000000
《金融时报》,认为有威胁,台湾,2024-11-04,1.000000
美国,质疑,台积电,2024-11-09,1.000000
美国,认为违规,台积电,2024-11-09,1.000000
台积电,主导,美国,2024-11-09,1.000000
美国,认可,台积电,2024-11-09,1.000000
美国,主导,台积电,2024-11-09,1.000000
美国,支持,台积电,2024-11-09,1.000000
埃隆·马斯克,认为犯罪,中国,2024-12-27,1.000000
特朗普,担忧,马来西亚沙捞越,2024-12-27,1.000000
特朗普,损害,美国,2024-12-27,1.000000
特朗普,认为有暴力,马来西亚沙捞越,2024-12-27,1.000000
特朗普,认可,马来西亚沙捞越,2024-12-27,1.000000
埃隆·马斯克,感到满意,中国,2024-12-27,1.000000
特朗普,担忧,马来西亚沙捞越,2024-12-27,1.000000
特朗普,认为违规,马来西亚沙捞越,2024-12-27,1.000000
特朗普,认为有威胁,马来西亚沙捞越,2024-12-27,1.000000
特朗普,认为失败,马来西亚沙捞越,2024-12-27,1.000000
特朗普,认为有危机,马来西亚沙捞越,2024-12-27,1.000000
特朗普,认为非法,马来西亚沙捞越,2024-12-27,1.000000
美国,视作英雄,特朗普,2024-12-27,1.000000
埃隆·马斯克,认为违规,中国,2024-12-27,1.000000
特朗普,感到不满,马来西亚沙捞越,2024-12-27,1.000000
埃隆·马斯克,威胁,中国,2024-12-27,1.000000
埃隆·马斯克,批评,中国,2024-12-27,1.000000
特朗普,认为犯罪,马来西亚沙捞越,2024-12-27,1.000000
特朗普,认为非法,马来西亚沙捞越,2024-12-27,1.000000
特朗普,认为可靠,马来西亚沙捞越,2024-12-27,1.000000
特朗普,质疑,马来西亚沙捞越,2024-12-27,1.000000
特朗普,感到不满,马来西亚沙捞越,2024-12-27,1.000000
特朗普,认为有暴力,马来西亚沙捞越,2024-12-27,1.000000
日本,攻击,美国,2024-12-27,1.000000
特朗普,批评,马来西亚沙捞越,2024-12-27,1.000000
特朗普,攻击,马来西亚沙捞越,2024-12-27,1.000000
埃隆·马斯克,认为恐怖,中国,2024-12-27,1.000000
埃隆·马斯克,质疑,中国,2024-12-27,1.000000
特朗普,攻击,美国,2024-12-27,1.000000
埃隆·马斯克,攻击,中国,2024-12-27,1.000000
埃隆·马斯克,损害,中国,2024-12-27,1.000000
特朗普,威胁,美国,2024-12-27,1.000000
韩国,损害,中国,2024-12-27,1.000000
特朗普,认为违规,马来西亚沙捞越,2024-12-27,1.000000
特朗普,认为失败,马来西亚沙捞越,2024-12-27,1.000000
特朗普,认为有危机,马来西亚沙捞越,2024-12-27,1.000000
特朗普,认为有暴力,马来西亚沙捞越,2024-12-27,1.000000
特朗普,认为有威胁,马来西亚沙捞越,2024-12-27,1.000000
特朗普,威胁,马来西亚沙捞越,2024-12-27,1.000000
埃隆·马斯克,认为失败,中国,2024-12-27,1.000000
埃隆·马斯克,认为有危机,中国,2024-12-27,1.000000
台积电,支持,英伟达,2024-12-27,1.000000
埃隆·马斯克,相信,中国,2024-12-27,1.000000
特朗普,认为犯罪,马来西亚沙捞越,2024-12-27,1.000000
埃隆·马斯克,认为非法,中国,2024-12-27,1.000000
特朗普,认为违规,马来西亚沙捞越,2024-12-27,1.000000
特朗普,认为有威胁,美国,2024-12-27,1.000000
埃隆·马斯克,担忧,中国,2024-12-27,1.000000
特朗普,威胁,马来西亚沙捞越,2024-12-27,1.000000
特朗普,感到满意,马来西亚沙捞越,2024-12-27,1.000000
特朗普,威胁,马来西亚沙捞越,2024-12-27,1.000000
特朗普,认为恐怖,马来西亚沙捞越,2024-12-27,1.000000
特朗普,质疑,马来西亚沙捞越,2024-12-27,1.000000
特朗普,威胁,美国,2024-12-27,1.000000
特朗普,损害,美国,2024-12-27,1.000000
埃隆·马斯克,认为可靠,中国,2024-12-27,1.000000
特朗普,认为有危机,马来西亚沙捞越,2024-12-27,1.000000
特朗普,批评,马来西亚沙捞越,2024-12-27,1.000000
特朗普,攻击,马来西亚沙捞越,2024-12-27,1.000000
美国,视作英雄,特朗普,2024-12-27,1.000000
特朗普,认为恐怖,马来西亚沙捞越,2024-12-27,1.000000
埃隆·马斯克,认为有暴力,中国,2024-12-27,1.000000
特朗普,担忧,马来西亚沙捞越,2024-12-27,1.000000
特朗普,质疑,马来西亚沙捞越,2024-12-27,1.000000
特朗普,认为有威胁,马来西亚沙捞越,2024-12-27,1.000000
特朗普,认为犯罪,马来西亚沙捞越,2024-12-27,1.000000
埃隆·马斯克,感到不满,中国,2024-12-27,1.000000
特朗普,认为有威胁,美国,2024-12-27,1.000000
埃隆·马斯克,认为有威胁,中国,2024-12-27,1.000000
特朗普,批评,马来西亚沙捞越,2024-12-27,1.000000
特朗普,攻击,美国,2024-12-27,1.000000
TSMC,预测,日本芯片产业复兴,2024-12-27,1.000000
埃隆·马斯克,认可,中国,2024-12-27,1.000000
美国,视作英雄,特朗普,2024-12-27,1.000000
埃隆·马斯克,认为违规,中国,2024-12-27,1.000000
华为,认为失败,美国,2024-12-27,1.000000
埃隆·马斯克,认为犯罪,中国,2024-12-27,1.000000
特朗普,担忧,马来西亚沙捞越,2024-12-27,1.000000
埃隆·马斯克,损害,中国,2024-12-27,1.000000
埃隆·马斯克,攻击,中国,2024-12-27,1.000000
埃隆·马斯克,威胁,中国,2024-12-27,1.000000
埃隆·马斯克,支持,中国,2024-12-27,1.000000
富士康,支持,英伟达,2024-12-27,1.000000
埃隆·马斯克,认为可靠,中国,2024-12-27,1.000000
日本,视作英雄,特朗普,2024-12-27,1.000000
埃隆·马斯克,批评,中国,2024-12-27,1.000000
华为,攻击,美国,2024-12-27,1.000000
特朗普,批评,马来西亚沙捞越,2024-12-27,1.000000
特朗普,攻击,马来西亚沙捞越,2024-12-27,1.000000
特朗普,威胁,马来西亚沙捞越,2024-12-27,1.000000
特朗普,认为有危机,马来西亚沙捞越,2024-12-27,1.000000
埃隆·马斯克,认为失败,中国,2024-12-27,1.000000
埃隆·马斯克,认为有危机,中国,2024-12-27,1.000000
特朗普,认为有暴力,马来西亚沙捞越,2024-12-27,1.000000
华为,威胁,美国,2024-12-27,1.000000
特朗普,认为有威胁,马来西亚,2024-12-27,1.000000
埃隆·马斯克,认为有暴力,中国,2024-12-27,1.000000
埃隆·马斯克,欢迎,中国,2024-12-27,1.000000
特朗普,认为非法,马来西亚沙捞越,2024-12-27,1.000000
特朗普,认为有威胁,马来西亚沙捞越,2024-12-27,1.000000
埃隆·马斯克,相信,中国,2024-12-27,1.000000
日本,攻击,美国,2024-12-27,1.000000
埃隆·马斯克,认为非法,中国,2024-12-27,1.000000
日本,损害,美国,2024-12-27,1.000000
埃隆·马斯克,感到不满,中国,2024-12-27,1.000000
特朗普,认为失败,马来西亚沙捞越,2024-12-27,1.000000
埃隆·马斯克,担忧,中国,2024-12-27,1.000000
埃隆·马斯克,认为恐怖,中国,2024-12-27,1.000000
埃隆·马斯克,质疑,中国,2024-12-27,1.000000
埃隆·马斯克,认为有威胁,中国,2024-12-27,1.000000
特朗普,认为非法,马来西亚沙捞越,2024-12-27,1.000000
TSMC,合作,NVIDIA,2024-12-27,1.000000
TSMC,支持,日本芯片产业复兴,2024-12-27,1.000000
美国,认为优秀,微软,2024-11-19,1.000000
日本,威胁,中国,2024-11-19,1.000000
TSMC,投资,日本南部,2024-11-19,1.000000
TSMC,获得投资,美国,2024-11-19,1.000000
投资者,欢迎,中国,2024-12-29,1.000000
投资者,批评,中国,2024-12-29,1.000000
投资者,相信,中国,2024-12-29,1.000000
投资者,认为有威胁,中国,2024-12-29,1.000000
投资者,喜欢,中国,2024-12-29,1.000000
投资者,认为缺乏,中国,2024-12-29,1.000000
投资者,欣赏,中国,2024-12-29,1.000000
投资者,认为可靠,中国,2024-12-29,1.000000
投资者,质疑,中国,2024-12-29,1.000000
投资者,认可,中国,2024-12-29,1.000000
投资者,认为热情,中国,2024-12-29,1.000000
投资者,支持,中国,2024-12-29,1.000000
投资者,担忧,中国,2024-12-29,1.000000
总统,认为犯罪,英伟达,2025-02-03,1.000000
台积电,认为优秀,苹果,2025-02-03,1.000000
《商业时报》,感到不满,台积电,2025-02-03,1.000000
《商业时报》,认为优秀,台积电,2025-02-03,1.000000
《商业时报》,批评,台积电,2025-02-03,1.000000
《商业时报》,担忧,台积电,2025-02-03,1.000000
《商业时报》,支持,台积电,2025-02-03,1.000000
《商业时报》,相信,台积电,2025-02-03,1.000000
《商业时报》,损害,台积电,2025-02-03,1.000000
《商业时报》,威胁,台积电,2025-02-03,1.000000
《商业时报》,认为恐怖,台积电,2025-02-03,1.000000
《商业时报》,认可,台积电,2025-02-03,1.000000
《商业时报》,质疑,台积电,2025-02-03,1.000000
台积电,增进,全年收入展望,2024-10-16,1.000000
美国,主导,《芯片与科学法案》,2024-10-16,1.000000
美国,担忧,台积电,2024-10-16,1.000000
美国,支持,《芯片与科学法案》,2024-10-16,1.000000
美国,增进,半导体,2024-10-16,1.000000
美国,增进,全球制造足迹,2025-01-12,1.000000
TSMC,预计营收增长,营收,2025-01-12,1.000000
TSMC,预计收入增长,AI服务器芯片,2025-01-12,1.000000
TSMC,扩展制造足迹,美国,2025-01-12,1.000000
TSMC,增加资本支出,资本支出,2025-01-12,1.000000
TSMC,需求开始增长,AI相关应用,2025-01-12,1.000000
TSMC,预计盈利增长,未来几年盈利,2025-01-12,1.000000
美国,担忧,台积电,2024-10-16,1.000000
美国,主导,《芯片与科学法案》,2024-10-16,1.000000
美国,增进,国内芯片制造业,2024-10-16,1.000000
美国,认为有威胁,台积电,2024-10-27,1.000000
美国,认为恐怖,台积电,2024-10-27,1.000000
美国,攻击,台积电,2024-10-27,1.000000
路透社,认可,台积电,2024-10-27,1.000000
路透社,感到不满,台积电,2024-10-27,1.000000
张忠谋,主导,台积电,2024-10-27,1.000000
路透社,威胁,台积电,2024-10-27,1.000000
美国,威胁,台积电,2024-10-27,1.000000
路透社,认为优秀,台积电,2024-10-27,1.000000
美国,损害,台积电,2024-10-27,1.000000
路透社,认为有暴力,台积电,2024-10-27,1.000000
路透社,质疑,台积电,2024-10-27,1.000000
美国,认可,台积电,2024-10-27,1.000000
美国,增进,出口管制,2024-10-27,1.000000
美国,感到不满,台积电,2024-10-27,1.000000
美国,主导,台积电,2024-10-27,1.000000
张忠谋,认为有成就,台积电,2024-10-27,1.000000
路透社,认为违规,台积电,2024-10-27,1.000000
美国,欢迎,台积电,2024-10-27,1.000000
路透社,认为可靠,台积电,2024-10-27,1.000000
美国,担忧,台积电,2024-10-27,1.000000
路透社,认为犯罪,台积电,2024-10-27,1.000000
美国,支持,台积电,2024-10-27,1.000000
路透社,担忧,台积电,2024-10-27,1.000000
彭博社,认为有成就,台积电,2024-10-27,1.000000
彭博社,担忧,台积电,2024-10-27,1.000000
路透社,认为有危机,台积电,2024-10-27,1.000000
美国,质疑,台积电,2024-10-27,1.000000
路透社,认为有威胁,华为,2024-10-27,1.000000
美国,批评,台积电,2024-10-27,1.000000
路透社,相信,台积电,2024-10-27,1.000000
路透社,批评,台积电,2024-10-27,1.000000
美国,相信,台积电,2024-10-27,1.000000
美国,认为犯罪,台积电,2024-10-27,1.000000
路透社,认为有威胁,台积电,2024-10-27,1.000000
路透社,认为恐怖,台积电,2024-10-27,1.000000
台湾的能源挑战,威胁,台积电,2024-11-04,1.000000
《金融时报》,认为优秀,台积电,2024-11-04,1.000000
台湾的能源挑战,损害,台积电,2024-11-04,1.000000
TSMC,面临,电价上涨,2024-11-04,1.000000
TSMC,扩大,先进封装产能,2024-11-04,1.000000
池泰完,认为恐怖,英伟达,2024-11-03,1.000000
周一,质疑,英伟达,2024-11-03,1.000000
池泰完,增进,英伟达,2024-11-03,1.000000
池泰完,主导,英伟达,2024-11-03,1.000000
池泰完,相信,英伟达,2024-11-03,1.000000
池泰完,认为违规,英伟达,2024-11-03,1.000000
池泰完,感到不满,英伟达,2024-11-03,1.000000
池泰完,批评,英伟达,2024-11-03,1.000000
池泰完,认为有成就,英伟达,2024-11-03,1.000000
池泰完,攻击,英伟达,2024-11-03,1.000000
台积电,感到满意,SK海力士,2024-11-03,1.000000
池泰完,认为失败,英伟达,2024-11-03,1.000000
池泰完,威胁,英伟达,2024-11-03,1.000000
池泰完,质疑,英伟达,2024-11-03,1.000000
池泰完,认可,英伟达,2024-11-03,1.000000
周一,批评,英伟达,2024-11-03,1.000000
池泰完,认为可靠,英伟达,2024-11-03,1.000000
池泰完,感到满意,英伟达,2024-11-03,1.000000
池泰完,担忧,英伟达,2024-11-03,1.000000
池泰完,认为优秀,英伟达,2024-11-03,1.000000
台积电,支持,SK海力士,2024-11-03,1.000000
TSMC,合作,SK hynix,2024-11-03,1.000000
美国,威胁,台积电,2024-11-10,1.000000
特朗普,质疑,台积电,2024-11-10,1.000000
特朗普,批评,台积电,2024-11-10,1.000000
特朗普,认为违规,美国,2024-11-10,1.000000
特朗普,批评,台积电,2024-11-10,1.000000
美国,损害,台积电,2024-11-10,1.000000
特朗普,批评,美国,2024-11-10,1.000000
特朗普,质疑,美国,2024-11-10,1.000000
美国,攻击,台积电,2024-11-10,1.000000
特朗普,批评,美国,2024-11-10,1.000000
特朗普,认为违规,美国,2024-11-10,1.000000
特朗普,主导,美国,2024-11-10,1.000000
特朗普,质疑,美国,2024-11-10,1.000000
美国,损害,台积电,2024-11-10,1.000000
台积电,损害,非台湾或中国籍的员工,2024-11-13,1.000000
埃隆·马斯克,主导,美国,2024-11-15,1.000000
埃隆·马斯克,视作英雄,特朗普,2024-11-15,1.000000
美国,增进,特斯拉的股价,2024-11-15,1.000000
特朗普,认为失败,美国,2024-11-15,1.000000
埃隆·马斯克,认为失败,美国,2024-11-15,1.000000
埃隆·马斯克,支持,美国,2024-11-15,1.000000
TSMC,占据市场份额,全球晶圆代工市场,2024-11-15,1.000000
TSMC,增长,营收,2024-11-15,1.000000
TSMC,预测增长,全年营收,2024-11-15,1.000000
TSMC,交易于,股票市盈率,2024-11-15,1.000000
特朗普,认为有威胁,台湾,2024-12-03,1.000000
特朗普,认可,美国,2024-12-03,1.000000
特朗普,认为有危机,台湾,2024-12-03,1.000000
特朗普,相信,美国,2024-12-03,1.000000
特朗普,质疑,美国,2024-12-03,1.000000
特朗普,认为违规,台湾主导美,2024-12-03,1.000000
特朗普,认为犯罪,台湾主导美,2024-12-03,1.000000
特朗普,威胁,台湾,2024-12-03,1.000000
特朗普,主导,美国,2024-12-03,1.000000
特朗普,认为有暴力,台湾,2024-12-03,1.000000
特朗普,感到不满,台湾主导美,2024-12-03,1.000000
美国,质疑,台湾,2024-12-03,1.000000
特朗普,欣赏,美国,2024-12-03,1.000000
特朗普,支持,美国,2024-12-03,1.000000
特朗普,批评,美国,2024-12-03,1.000000
台湾,主导,美国,2024-12-03,1.000000
特朗普,认为失败,台湾主导美,2024-12-03,1.000000
特朗普,担忧,台湾,2024-12-03,1.000000
路透社,视作英雄,黄仁勋,2024-10-22,1.000000
路透社,视作英雄,黄仁勋,2024-10-22,1.000000
美国,认为有威胁,台积电,2024-10-22,1.000000
美国,认为违规,台积电,2024-10-22,1.000000
《巴伦周刊》,质疑,台积电,2024-10-22,1.000000
吉恩·蒙斯特,认为违规,台积电,2024-10-22,1.000000
美国,认可,台积电,2024-10-22,1.000000
美国,认为可靠,台积电,2024-10-22,1.000000
吉恩·蒙斯特,担忧,台积电,2024-10-22,1.000000
美国,质疑,台积电,2024-10-22,1.000000
《巴伦周刊》,批评,台积电,2024-10-22,1.000000
美国,认为有危机,台积电,2024-10-22,1.000000
吉恩·蒙斯特,认为优秀,台积电,2024-10-22,1.000000
美国,主导,台积电,2024-10-22,1.000000
美国,担忧,台积电,2024-10-22,1.000000
人工智能芯片设计公司,攻击,英伟达,2025-01-16,1.000000
拜登政府,增进,美国,2025-01-16,1.000000
美国,感谢,分享,2025-01-16,1.000000
美国,欢迎,特朗普,2025-01-16,1.000000
人工智能芯片设计公司,认为失败,英伟达,2025-01-16,1.000000
中国,攻击,英伟达,2025-01-16,1.000000
美国,增进,台积电,2025-01-16,1.000000
彭博新闻社,攻击,英伟达,2025-01-16,1.000000
彭博新闻社,认为失败,英伟达,2025-01-16,1.000000
彭博社,攻击,英伟达,2025-01-16,1.000000
路透社,攻击,英伟达,2025-01-16,1.000000
中国,认为失败,英伟达,2025-01-16,1.000000
特朗普,认为非法,台湾,2024-11-06,1.000000
彭博新闻社,主导,美国,2024-11-06,1.000000
侯永清,主导,美国,2024-11-06,1.000000
特朗普,批评,台湾,2024-11-06,1.000000
特朗普,认为有威胁,台湾,2024-11-06,1.000000
特朗普,认为失败,美国,2024-11-06,1.000000
侯永清,批评,特朗普,2024-11-06,1.000000
彭博新闻社,视作英雄,特朗普,2024-11-06,1.000000
侯永清,认为有威胁,台湾,2024-11-06,1.000000
特朗普,质疑,台湾,2024-11-06,1.000000
特朗普,认为违规,台湾,2024-11-06,1.000000
特朗普,认为犯罪,台湾,2024-11-06,1.000000
特朗普,威胁,台湾,2024-11-06,1.000000
彭博社,认为有威胁,特朗普,2024-11-08,1.000000
路透社,认为有威胁,特朗普,2024-11-08,1.000000
美国,认为有威胁,特朗普,2024-11-08,1.000000
国会,认为有威胁,特朗普,2024-11-08,1.000000
美国,增进,半导体,2024-11-08,1.000000
美国,认为有威胁,特朗普,2024-11-08,1.000000
台积电,认为有威胁,特朗普,2024-11-08,1.000000
TSMC,获得拨款和贷款,美国,2024-11-08,1.000000
美国,认可,台积电,2024-11-09,1.000000
美国,认可,台积电,2024-11-09,1.000000
《自由时报》,视作英雄,特朗普,2024-11-09,1.000000
美国,主导,台积电,2024-11-09,1.000000
美国,认为违规,台积电,2024-11-09,1.000000
美国,支持,台积电,2024-11-09,1.000000
美国,认为违规,台积电,2024-11-09,1.000000
美国,视作英雄,特朗普,2024-12-03,1.000000
特朗普,认为恐怖,台湾,2024-12-03,1.000000
特朗普,认为有威胁,台湾,2024-12-03,1.000000
特朗普,威胁,台湾,2024-12-03,1.000000
特朗普,欣赏,台湾,2024-12-03,1.000000
美国,担忧,台湾,2024-12-03,1.000000
特朗普,认为非法,台湾,2024-12-03,1.000000
特朗普,损害,台湾,2024-12-03,1.000000
特朗普,认可,台湾,2024-12-03,1.000000
特朗普,感到不满,台湾,2024-12-03,1.000000
美国,质疑,台湾,2024-12-03,1.000000
美国,批评,台湾,2024-12-03,1.000000
特朗普,担忧,台湾,2024-12-03,1.000000
特朗普,质疑,台湾,2024-12-03,1.000000
特朗普,认为有暴力,台湾,2024-12-03,1.000000
特朗普,认为违规,台湾,2024-12-03,1.000000
特朗普,认为犯罪,台湾,2024-12-03,1.000000
美国,认为有威胁,台湾,2024-12-03,1.000000
特朗普,批评,台湾,2024-12-03,1.000000
特朗普,相信,台湾,2024-12-03,1.000000
特朗普,主导,将华为公司,2025-01-16,1.000000
布拉德·林,主导,台积电,2025-01-15,1.000000
布拉德·林,质疑,台积电,2025-01-15,1.000000
路透社,视作英雄,黄仁勋,2024-10-22,1.000000
特朗普,增进,全自动驾驶（FSD）,2025-01-01,1.000000
TSMC,预期收入增长,AI处理器,2025-01-01,1.000000
TSMC,建设,三个晶圆厂,2025-01-01,1.000000
TSMC,开始量产,第一个晶圆厂,2025-01-01,1.000000
TSMC,合作,AI创新者,2025-01-01,1.000000
路透社,视作英雄,黄仁勋,2024-10-22,1.000000
美国,视作英雄,特朗普,2024-12-26,1.000000
北京,威胁,中国,2024-12-26,1.000000
埃隆·马斯克,认为违规,中国,2024-12-26,1.000000
特朗普,认为有威胁,美国,2024-12-26,1.000000
埃隆·马斯克,认为犯罪,中国,2024-12-26,1.000000
埃隆·马斯克,攻击,中国,2024-12-26,1.000000
埃隆·马斯克,损害,中国,2024-12-26,1.000000
埃隆·马斯克,威胁,中国,2024-12-26,1.000000
特朗普,攻击,美国,2024-12-26,1.000000
富士康,支持,英伟达,2024-12-26,1.000000
埃隆·马斯克,批评,中国,2024-12-26,1.000000
韩国,损害,中国,2024-12-26,1.000000
美国,视作英雄,特朗普,2024-12-26,1.000000
埃隆·马斯克,认为失败,中国,2024-12-26,1.000000
特朗普,损害,美国,2024-12-26,1.000000
埃隆·马斯克,认为有危机,中国,2024-12-26,1.000000
特朗普,威胁,美国,2024-12-26,1.000000
埃隆·马斯克,认为有暴力,中国,2024-12-26,1.000000
美国,支持,英伟达,2024-12-26,1.000000
台积电,支持,英伟达,2024-12-26,1.000000
埃隆·马斯克,相信,中国,2024-12-26,1.000000
日本,攻击,美国,2024-12-26,1.000000
日本,损害,美国,2024-12-26,1.000000
埃隆·马斯克,感到不满,中国,2024-12-26,1.000000
埃隆·马斯克,担忧,中国,2024-12-26,1.000000
埃隆·马斯克,质疑,中国,2024-12-26,1.000000
埃隆·马斯克,认为有威胁,中国,2024-12-26,1.000000
TSMC,合作,英伟达,2024-12-26,1.000000
美国,担忧,台积电,2024-11-09,1.000000
《台北时报》,视作英雄,特朗普,2024-11-09,1.000000
美国,质疑,台积电,2024-11-09,1.000000
美国,认可,台积电,2024-11-09,1.000000
美国,主导,台积电,2024-11-09,1.000000
美国,批评,台积电,2024-11-09,1.000000
美国,支持,台积电,2024-11-09,1.000000
雷蒙多,相信,路透社,2025-01-10,1.000000
商务部,认为可靠,台积电,2025-01-10,1.000000
"路透社  
路透社",认可,台积电,2025-01-10,1.000000
商务部,认为优秀,台积电,2025-01-10,1.000000
《华尔街日报》,认为恐怖,中国,2024-08-25,1.000000
英特尔,攻击,台湾,2024-08-25,1.000000
《华尔街日报》,威胁,中国,2024-08-25,1.000000
《华尔街日报》,认可,中国,2024-08-25,1.000000
《华尔街日报》,损害,中国,2024-08-25,1.000000
《华尔街日报》,担忧,中国,2024-08-25,1.000000
《华尔街日报》,质疑,中国,2024-08-25,1.000000
《华尔街日报》,批评,中国,2024-08-25,1.000000
《华尔街日报》,相信,中国,2024-08-25,1.000000
《华尔街日报》,认为有威胁,中国,2024-08-25,1.000000
美国,担忧,这一情况,2024-11-18,1.000000
特朗普,增进,制造业,2024-11-18,1.000000
特朗普,攻击,中国,2024-11-18,1.000000
特朗普,损害,台积电,2024-11-18,1.000000
TSMC,投资,美国,2025-01-10,1.000000
TSMC,处于领先地位,晶圆代工领域,2025-01-10,1.000000
路透社,质疑,拜登政府,2024-11-10,1.000000
美国,支持,台积电,2024-11-10,1.000000
美国,主导,台积电,2024-11-10,1.000000
台积电,认为违规,出口管制,2024-11-10,1.000000
民主党议员,增进,美国,2024-11-10,1.000000
路透社,担忧,台积电,2024-11-10,1.000000
美国,认为违规,出口管制,2024-11-10,1.000000
民主党议员,认为缺乏,美国,2024-11-10,1.000000
台积电,认为违规,出口管制,2024-11-10,1.000000
台湾经济部,质疑,路透社,2024-11-10,1.000000
共和党,增进,美国,2024-11-10,1.000000
路透社,相信,台积电,2024-11-10,1.000000
美国,认为违规,出口管制,2024-11-10,1.000000
TSMC,停止运送,先进芯片给中国客户,2024-11-10,1.000000
美国,限制出口,先进芯片给中国,2024-11-10,1.000000
TSMC,通知,美国,2024-11-10,1.000000
TSMC,暂停运送,Sophgo,2024-11-10,1.000000
TSMC,通知暂停,受影响客户,2024-11-10,1.000000
美国,发送信函,TSMC,2024-11-10,1.000000
路透社,视作英雄,特朗普,2024-09-20,1.000000
特朗普,增进,国内制造业,2024-11-18,1.000000
路透社,支持,台积电,2024-11-09,1.000000
路透社,质疑,台积电,2024-11-09,1.000000
魏哲家,相信,台积电,2024-10-27,1.000000
魏哲家,认为有成就,台积电,2024-10-27,1.000000
路透社,认可,台积电,2024-10-27,1.000000
路透社,欣赏,台积电,2024-10-27,1.000000
路透社,主导,台积电,2024-10-27,1.000000
路透社,感到不满,台积电,2024-10-27,1.000000
美国,质疑,向中国公司,2024-10-27,1.000000
路透社,增进,台积电,2024-10-27,1.000000
路透社,威胁,台积电,2024-10-27,1.000000
路透社,支持,台积电,2024-10-27,1.000000
路透社,认为优秀,台积电,2024-10-27,1.000000
张忠谋,质疑,美国,2024-10-27,1.000000
路透社,质疑,台积电,2024-10-27,1.000000
路透社,损害,台积电,2024-10-27,1.000000
魏哲家,欣赏,台积电,2024-10-27,1.000000
路透社,担忧,台积电,2024-10-27,1.000000
张忠谋,批评,美国,2024-10-27,1.000000
魏哲家,认为优秀,台积电,2024-10-27,1.000000
张忠谋,相信,台积电,2024-10-27,1.000000
路透社,认为有成就,台积电,2024-10-27,1.000000
路透社,认为失败,台积电,2024-10-27,1.000000
路透社,认为有危机,台积电,2024-10-27,1.000000
路透社,批评,台积电,2024-10-27,1.000000
路透社,相信,台积电,2024-10-27,1.000000
魏哲家,认可,台积电,2024-10-27,1.000000
魏哲家,认为缺乏,台积电,2024-10-27,1.000000
魏哲家,认为可靠,台积电,2024-10-27,1.000000
魏哲家,担忧,台积电,2024-10-27,1.000000
魏哲家,质疑,台积电,2024-10-27,1.000000
彭博社,增进,半导体,2024-10-27,1.000000
路透社,攻击,台积电,2024-10-27,1.000000
彭博社,认为可靠,半导体,2024-10-27,1.000000
路透社,认为有威胁,台积电,2024-10-27,1.000000
路透社,认为恐怖,台积电,2024-10-27,1.000000
TSMC,股价下跌,4%,2024-10-27,1.000000
TSMC,暂停发货,中国芯片公司中科曙光,2024-10-27,1.000000
TSMC,收入增长,235亿美元,2024-10-27,1.000000
TSMC,估值,27倍市盈率,2024-10-27,1.000000
美国,认为违规,台积电,2024-10-18,1.000000
美国,认为犯罪,台积电,2024-10-18,1.000000
美国,质疑,台积电,2024-10-18,1.000000
美国,主导,台积电,2024-10-18,1.000000
特朗普,增进,国内制造业,2024-11-18,1.000000
特朗普,增进,国内制造业,2024-11-18,1.000000
亚利桑那州,主导,台积电,2024-11-18,1.000000
特朗普,威胁,台积电,2024-11-18,1.000000
特朗普,损害,台积电,2024-11-18,1.000000
英伟达,欣赏,台积电,2024-09-10,1.000000
英伟达,认为恐怖,台积电,2024-09-10,1.000000
英伟达,增进,台积电,2024-09-10,1.000000
英伟达,威胁,台积电,2024-09-10,1.000000
英伟达,认为优秀,台积电,2024-09-10,1.000000
英伟达,欢迎,台积电,2024-09-10,1.000000
英伟达,损害,台积电,2024-09-10,1.000000
英伟达,认为热情,台积电,2024-09-10,1.000000
英伟达,认可,台积电,2024-09-10,1.000000
英伟达,认为缺乏,台积电,2024-09-10,1.000000
英伟达,认为可靠,台积电,2024-09-10,1.000000
英伟达,主导,台积电,2024-09-10,1.000000
英伟达,感到不满,台积电,2024-09-10,1.000000
英伟达,支持,台积电,2024-09-10,1.000000
英伟达,认为失败,台积电,2024-09-10,1.000000
英伟达,喜欢,台积电,2024-09-10,1.000000
英伟达,担忧,台积电,2024-09-10,1.000000
英伟达,质疑,台积电,2024-09-10,1.000000
英伟达,批评,台积电,2024-09-10,1.000000
英伟达,感到满意,台积电,2024-09-10,1.000000
英伟达,认为有成就,台积电,2024-09-10,1.000000
英伟达,认为违规,台积电,2024-09-10,1.000000
英伟达,认为有暴力,台积电,2024-09-10,1.000000
英伟达,相信,台积电,2024-09-10,1.000000
英伟达,认为有危机,台积电,2024-09-10,1.000000
英伟达,认为有威胁,台积电,2024-09-10,1.000000
特朗普,损害,台积电,2024-11-18,1.000000
特朗普,威胁,台积电,2024-11-18,1.000000
TSMC,提供制造产能,OpenAI,2024-10-29,1.000000
美国,支持,台积电,2024-10-27,1.000000
路透社,质疑,台积电,2024-10-27,1.000000
路透社,认为恐怖,台积电,2024-10-27,1.000000
美国,认可,台积电,2024-10-27,1.000000
美国,增进,出口管制,2024-10-27,1.000000
路透社,相信,台积电,2024-10-27,1.000000
路透社,担忧,台积电,2024-10-27,1.000000
大卫·金斯纳,认为优秀,英特尔,2024-11-20,1.000000
路透社,认可,台积电,2024-10-22,1.000000
黄仁勋,质疑,台积电,2024-10-22,1.000000
黄仁勋,认可,台积电,2024-10-22,1.000000
黄仁勋,认为恐怖,台积电,2024-10-22,1.000000
路透社,认为违规,台积电,2024-10-22,1.000000
路透社,相信,台积电,2024-10-22,1.000000
路透社,视作英雄,黄仁勋,2024-10-22,1.000000
路透社,认为有暴力,台积电,2024-10-22,1.000000
路透社,认为恐怖,台积电,2024-10-22,1.000000
路透社,认为犯罪,台积电,2024-10-22,1.000000
路透社,担忧,台积电,2024-10-22,1.000000
黄仁勋,认为违规,台积电,2024-10-22,1.000000
路透社,认为失败,台积电,2024-10-22,1.000000
黄仁勋,认为犯罪,台积电,2024-10-22,1.000000
路透社,质疑,台积电,2024-10-22,1.000000
路透社,认为有成就,台积电,2025-01-10,1.000000
吉娜·雷蒙多,认为有成就,台积电,2025-01-10,1.000000
雷蒙多,认为有成就,台积电,2025-01-10,1.000000
美国,损害,华为技术有限公司,2024-11-10,1.000000
美国,增进,出口限制,2024-11-10,1.000000
路透社,认为有威胁,美国,2024-11-10,1.000000
路透社,认为有危机,美国,2024-11-10,1.000000
美国,增进,出口限制,2024-11-10,1.000000
路透社,认为优秀,华为,2024-11-10,1.000000
美国,认为优秀,台积电,2025-01-13,1.000000
美国,认为有威胁,中国,2025-01-13,1.000000
特朗普,认为有威胁,进口关税,2025-01-13,1.000000
美国,认为可靠,台积电,2025-01-13,1.000000
特朗普,损害,进口关税,2025-01-13,1.000000
美国,认可,台积电,2025-01-13,1.000000
布雷特·西蒙斯,增进,台积电,2025-01-13,1.000000
美国,威胁,中国,2025-01-13,1.000000
特朗普,威胁,进口关税,2025-01-13,1.000000
TSMC,报告,利润,2025-01-13,1.000000
TSMC,受益,AI趋势,2025-01-13,1.000000
TSMC,报告,营收增长,2025-01-13,1.000000
TSMC,投资,美国,2025-01-13,1.000000
TSMC,投资,美国,2025-01-13,1.000000
TSMC,更新,展望,2025-01-13,1.000000
TSMC,预测,资本支出,2025-01-13,1.000000
TSMC,计划,资本支出,2025-01-13,1.000000
美国,认为违规,台积电,2024-10-18,1.000000
美国,认为犯罪,台积电,2024-10-18,1.000000
哈里斯,认为违规,台积电,2024-10-18,1.000000
哈里斯,认为犯罪,台积电,2024-10-18,1.000000
特朗普,认为犯罪,哈里斯,2024-10-18,1.000000
美国,质疑,台积电,2024-10-18,1.000000
美国,认为犯罪,哈里斯,2024-10-18,1.000000
路透社,质疑,华为,2024-10-27,1.000000
路透社,认可,台积电,2024-10-27,1.000000
路透社,担忧,华为,2024-10-27,1.000000
张忠谋,主导,台积电,2024-10-27,1.000000
路透社,认为优秀,台积电,2024-10-27,1.000000
美国,认为优秀,台积电,2024-10-27,1.000000
美国,损害,台积电,2024-10-27,1.000000
路透社,质疑,台积电,2024-10-27,1.000000
路透社,相信,华为,2024-10-27,1.000000
美国,威胁,中国,2024-10-27,1.000000
张忠谋,认为有成就,台积电,2024-10-27,1.000000
路透社,担忧,台积电,2024-10-27,1.000000
美国,担忧,台积电,2024-10-27,1.000000
彭博社,认为有成就,台积电,2024-10-27,1.000000
美国,损害,中国,2024-10-27,1.000000
美国,增进,出口管控,2024-10-27,1.000000
路透社,认为有危机,台积电,2024-10-27,1.000000
美国,质疑,台积电,2024-10-27,1.000000
路透社,认为有威胁,华为,2024-10-27,1.000000
路透社,批评,台积电,2024-10-27,1.000000
路透社,相信,台积电,2024-10-27,1.000000
美国,相信,台积电,2024-10-27,1.000000
路透社,认为优秀,华为,2024-10-27,1.000000
路透社,认为有威胁,台积电,2024-10-27,1.000000
路透社,认为恐怖,台积电,2024-10-27,1.000000
卡西迪,增进,美国,2024-10-24,1.000000
台湾积电,增进,美国,2024-10-24,1.000000
台湾积电,认为违规,半导体,2024-10-24,1.000000
美国,损害,华为,2024-10-24,1.000000
特朗普,增进,国内制造业,2024-11-18,1.000000
特朗普,威胁,台积电,2024-11-18,1.000000
特朗普,损害,台积电,2024-11-18,1.000000
台积电,增进,美国,2025-02-13,1.000000
美国,担忧,消费者价格上涨,2025-02-13,1.000000
特朗普,担忧,消费者价格上涨,2025-02-13,1.000000
特朗普,感到不满,台积电,2025-02-13,1.000000
特朗普,担忧,消费者价格上涨,2025-02-13,1.000000
美国,增进,国内芯片生产,2025-02-13,1.000000
特朗普,感到不满,台积电,2025-02-13,1.000000
特朗普,担忧,消费者价格上涨,2025-02-13,1.000000
卢克·拉哈里,认可,英伟达,2024-08-27,1.000000
卢克·拉哈里,主导,英伟达,2024-08-27,1.000000
CNBC,担忧,英伟达,2024-08-27,1.000000
拉哈里,认可,英伟达,2024-08-27,1.000000
拉哈里,主导,英伟达,2024-08-27,1.000000
路透社,损害,台积电,2024-08-27,1.000000
路透社,认为恐怖,英伟达,2024-08-27,1.000000
马克·卢什金尼,担忧,英伟达,2024-08-27,1.000000
马克·卢什金尼,增进,英伟达,2024-08-27,1.000000
路透社,认为有成就,英伟达,2024-08-27,1.000000
CNBC,质疑,英伟达,2024-08-27,1.000000
马克·卢什金尼,认为优秀,英伟达,2024-08-27,1.000000
特朗普,主导,美国,2024-11-10,1.000000
新政府,视作英雄,特朗普,2024-11-10,1.000000
特朗普,认为有暴力,美国,2024-11-10,1.000000
特朗普,认为违规,美国,2024-11-10,1.000000
特朗普,攻击,美国,2024-11-10,1.000000
美国,损害,台积电,2024-11-10,1.000000
美国,视作英雄,特朗普,2024-11-10,1.000000
特朗普,认为违规,美国,2024-11-10,1.000000
特朗普,质疑,美国,2024-11-10,1.000000
特朗普,批评,美国,2024-11-10,1.000000
特朗普,攻击,台湾,2024-11-10,1.000000
特朗普,质疑,美国,2024-11-10,1.000000
美国,威胁,台积电,2024-11-10,1.000000
台积电,认为可靠,与人工智能相关的芯片,2024-09-11,1.000000
英伟达,欣赏,台积电,2024-09-10,1.000000
克里斯托弗·丹尼尔,质疑,英特尔,2024-09-10,1.000000
英伟达,认为恐怖,台积电,2024-09-10,1.000000
英伟达,增进,台积电,2024-09-10,1.000000
克里斯托弗·丹尼尔,认为违规,英特尔,2024-09-10,1.000000
英伟达,认为优秀,台积电,2024-09-10,1.000000
英伟达,损害,台积电,2024-09-10,1.000000
英伟达,认为有威胁,英特尔,2024-09-10,1.000000
英伟达,认可,台积电,2024-09-10,1.000000
英伟达,认为缺乏,台积电,2024-09-10,1.000000
英伟达,认为可靠,台积电,2024-09-10,1.000000
英伟达,支持,台积电,2024-09-10,1.000000
英特尔,增进,台积电,2024-09-10,1.000000
英伟达,认为失败,台积电,2024-09-10,1.000000
英伟达,喜欢,台积电,2024-09-10,1.000000
英伟达,担忧,台积电,2024-09-10,1.000000
英伟达,质疑,台积电,2024-09-10,1.000000
英伟达,批评,台积电,2024-09-10,1.000000
英特尔,损害,台积电,2024-09-10,1.000000
英伟达,感到满意,台积电,2024-09-10,1.000000
英伟达,认为有成就,台积电,2024-09-10,1.000000
克里斯托弗·丹尼尔,认可,英特尔,2024-09-10,1.000000
英伟达,认为有危机,台积电,2024-09-10,1.000000
爱尔兰,损害,英特尔,2024-09-10,1.000000
克里斯托弗·丹尼尔,支持,英特尔,2024-09-10,1.000000
路透社,欢迎,黄仁勋,2024-10-22,1.000000
路透社,视作英雄,黄仁勋,2024-10-22,1.000000
Brad Lin,增进,台积电,2025-01-15,1.000000
美国,增进,限制对华芯片技术销售,2024-11-13,1.000000
黄仁勋,认为非法,半导体,2024-10-24,1.000000
卡西迪,增进,美国,2024-10-24,1.000000
美国,威胁,华为,2024-10-24,1.000000
美国,损害,华为,2024-10-24,1.000000
瑞克·卡西迪,增进,美国,2024-10-24,1.000000
美国,质疑,华为,2024-10-24,1.000000
美国,担忧,华为,2024-10-24,1.000000
台湾积电公司,增进,美国,2024-10-24,1.000000
阿联酋,损害,台积电,2024-09-27,1.000000
Sam Altman,提出计划,美国,2024-09-27,1.000000
特朗普,损害,台积电,2024-11-18,1.000000
台积电,感到不满,巴伦周刊,2024-09-21,1.000000
美国,认为非法,向中国,2024-09-21,1.000000
美国,威胁,向中国,2024-09-21,1.000000
台积电,质疑,巴伦周刊,2024-09-21,1.000000
台积电,欣赏,阿联酋,2024-09-21,1.000000
台积电,担忧,巴伦周刊,2024-09-21,1.000000
台积电,相信,巴伦周刊,2024-09-21,1.000000
台积电,相信,巴伦周刊,2024-09-21,1.000000
台积电,认为有威胁,巴伦周刊,2024-09-21,1.000000
台积电,认为恐怖,巴伦周刊,2024-09-21,1.000000
台积电,威胁,巴伦周刊,2024-09-21,1.000000
台积电,认为热情,巴伦周刊,2024-09-21,1.000000
美国,认为有威胁,向中国,2024-09-21,1.000000
台积电,感到不满,巴伦周刊,2024-09-21,1.000000
台积电,增进,1.6纳米芯片,2024-12-31,1.000000
台积电,支持,1.6纳米芯片,2024-12-31,1.000000
TSMC,推出,1.6nm芯片,2024-12-31,1.000000
布莱恩·克瑞斯坦奇,认为有危机,英特尔,2024-10-06,1.000000
路透社,欢迎,黄仁勋,2024-10-22,1.000000
路透社,视作英雄,黄仁勋,2024-10-22,1.000000
台积电,支持,1.6nm芯片,2024-12-31,1.000000
台积电,认可,1.6nm芯片,2024-12-31,1.000000
台积电,增进,1.6nm芯片,2024-12-31,1.000000
TSMC,研发,1.6nm芯片,2024-12-31,1.000000
美国,增进,国家安全,2024-11-17,1.000000
美国,支持,半导体,2024-11-17,1.000000
乔·拜登,认可,台积电,2024-11-17,1.000000
乔·拜登,认为可靠,台积电,2024-11-17,1.000000
乔·拜登,质疑,台积电,2024-11-17,1.000000
乔·拜登,认为优秀,台积电,2024-11-17,1.000000
乔·拜登,支持,台积电,2024-11-17,1.000000
克里斯托夫·福奎特,批评,美国,2024-11-13,1.000000
克里斯托夫·福奎特,认为可靠,美国,2024-11-13,1.000000
克里斯托夫·福奎特,认为有威胁,美国,2024-11-13,1.000000
克里斯托夫·福奎特,质疑,美国,2024-11-13,1.000000
克里斯托夫·福奎特,认为非法,美国,2024-11-13,1.000000
克里斯托夫·福奎特,担忧,美国,2024-11-13,1.000000
克里斯托夫·福奎特,相信,美国,2024-11-13,1.000000
克里斯托夫·福奎特,认可,美国,2024-11-13,1.000000
克里斯托夫·福奎特,认为违规,美国,2024-11-13,1.000000
克里斯托夫·福奎特,认为恐怖,美国,2024-11-13,1.000000
克里斯托夫·福奎特,认为失败,美国,2024-11-13,1.000000
克里斯托夫·福奎特,支持,美国,2024-11-13,1.000000
克里斯托夫·福奎特,认为有危机,美国,2024-11-13,1.000000
克里斯托夫·福奎特,认为缺乏,美国,2024-11-13,1.000000
美国,相信,台积电,2024-11-09,1.000000
《华尔街日报》,相信,台积电,2024-09-27,1.000000
《华尔街日报》,担忧,台积电,2024-09-27,1.000000
《华尔街日报》,质疑,台积电,2024-09-27,1.000000
美国,欢迎,英特尔,2024-09-18,1.000000
美国,支持,英特尔,2024-09-18,1.000000
中国,增进,半导体,2024-09-02,1.000000
美国,认为失败,美国,2024-11-09,1.000000
台积公司,主导,美国,2024-11-09,1.000000
美国,增进,美国,2024-11-09,1.000000
特朗普,主导,美国,2024-11-09,1.000000
特朗普,增进,美国,2024-11-09,1.000000
贝佐斯,增进,美国,2024-11-09,1.000000
特朗普,增进,美国,2024-11-09,1.000000
台积公司,增进,美国,2024-11-09,1.000000
特朗普,认为失败,美国,2024-11-09,1.000000
美国,支持,台积公司,2024-11-09,1.000000
黄仁勋,主导,英伟达,2024-12-02,1.000000
路透社,质疑,黄仁勋,2024-12-02,1.000000
特朗普,批评,高通,2024-09-19,1.000000
美国,视作英雄,特朗普,2024-09-19,1.000000
特朗普,认可,高通,2024-09-19,1.000000
特朗普,认为优秀,高通,2024-09-19,1.000000
路透社,视作英雄,特朗普,2024-09-19,1.000000
特朗普,质疑,高通,2024-09-19,1.000000
特朗普,认为违规,合并,2024-09-19,1.000000
克里斯托夫·福凯,认可,美国,2024-11-13,1.000000
克里斯托夫·福凯,质疑,美国,2024-11-13,1.000000
克里斯托夫·福凯,认为违规,美国,2024-11-13,1.000000
克里斯托夫·福凯,认为有威胁,美国,2024-11-13,1.000000
克里斯托夫·福凯,认为非法,美国,2024-11-13,1.000000
克里斯托夫·福凯,认为恐怖,美国,2024-11-13,1.000000
台积电,增进,先进芯片制造能力,2024-11-13,1.000000
克里斯托夫·福凯,认为有危机,美国,2024-11-13,1.000000
美国,认为有威胁,台积电,2024-10-22,1.000000
台积电,损害,苹果公,2024-10-22,1.000000
美国,威胁,台积电,2024-10-22,1.000000
路透社,认为优秀,台积电,2024-10-22,1.000000
美国,认为有威胁,苹果公,2024-10-22,1.000000
台积电,认为优秀,华为,2024-10-22,1.000000
美国,损害,台积电,2024-10-22,1.000000
路透社,担忧,台积电,2024-10-22,1.000000
路透社,认为可靠,台积电,2024-10-22,1.000000
美国,损害,苹果公司AA,2024-10-22,1.000000
台积电,质疑,华为,2024-10-22,1.000000
路透社,认为有危机,台积电,2024-10-22,1.000000
美国,质疑,台积电,2024-10-22,1.000000
美国,认为违规,台积电,2024-10-22,1.000000
美国,认为犯罪,台积电,2024-10-22,1.000000
台积电,增进,对人工智能芯片需求,2024-10-22,1.000000
路透社,认为有威胁,台积电,2024-10-22,1.000000
路透社,认为恐怖,台积电,2024-10-22,1.000000
台积电,增进,CoWoS封装产能,2024-10-26,1.000000
CNBC,担忧,英伟达,2024-11-04,1.000000
CNBC,认为有危机,英伟达,2024-11-04,1.000000
CNBC,相信,英伟达,2024-11-04,1.000000
CNBC,认为恐怖,英伟达,2024-11-04,1.000000
CNBC,认为有威胁,英伟达,2024-11-04,1.000000
CNBC,欣赏,英伟达,2024-11-04,1.000000
CNBC,认可,英伟达,2024-11-04,1.000000
CNBC,认为优秀,英伟达,2024-11-04,1.000000
彭博,增进,美国,2024-10-24,1.000000
台积公司,增进,美国,2024-10-24,1.000000
台积公司,认为违规,半导体,2024-10-24,1.000000
瑞克·卡斯迪,支持,台积公司,2024-10-24,1.000000
瑞克·卡斯迪,增进,美国,2024-10-24,1.000000
卡斯迪,增进,美国,2024-10-24,1.000000
黄仁勋,认为违规,半导体,2024-10-24,1.000000
黄仁勋,质疑,台积公司,2024-10-24,1.000000
黄仁勋,相信,台积公司,2024-10-24,1.000000
美国,支持,SK海力士,2024-12-19,1.000000
美国,认可,SK海力士,2024-12-19,1.000000
美国,认为优秀,SK海力士,2024-12-19,1.000000
美国,提供补助,TSMC,2024-12-19,1.000000
黄仁勋,威胁,英伟达,2025-01-10,1.000000
特朗普,损害,英伟达,2025-01-10,1.000000
特朗普,威胁,英伟达,2025-01-10,1.000000
国会,担忧,特朗普,2025-01-10,1.000000
黄仁勋,增进,英伟达,2025-01-10,1.000000
黄仁勋,认为有危机,英伟达,2025-01-10,1.000000
黄仁勋,认为优秀,英伟达,2025-01-10,1.000000
黄仁勋,相信,英伟达,2025-01-10,1.000000
黄仁勋,认为恐怖,英伟达,2025-01-10,1.000000
黄仁勋,认为有威胁,英伟达,2025-01-10,1.000000
黄仁勋,损害,英伟达,2025-01-10,1.000000
国会,增进,特朗普,2025-01-10,1.000000
黄仁勋,担忧,英伟达,2025-01-10,1.000000
彭博社,认为有威胁,中国,2025-01-10,1.000000
黄仁勋,质疑,英伟达,2025-01-10,1.000000
黄仁勋,认可,英伟达,2025-01-10,1.000000
黄仁勋,批评,英伟达,2025-01-10,1.000000
黄仁勋,认为可靠,英伟达,2025-01-10,1.000000
彭博社,支持,台积公司,2024-10-24,1.000000
台积公司,增进,美国,2024-10-24,1.000000
彭博社,增进,美国,2024-10-24,1.000000
Cassidy,增进,美国,2024-10-24,1.000000
Cassidy,担忧,台积公司,2024-10-24,1.000000
彭博社,认为非法,美国,2024-10-24,1.000000
黄仁勋,认可,台积公司,2024-10-24,1.000000
英伟达,认可,台积公司,2024-10-24,1.000000
黄仁勋,认为违规,台积公司,2024-10-24,1.000000
黄仁勋,质疑,台积公司,2024-10-24,1.000000
黄仁勋,认为非法,美国,2024-10-24,1.000000
英伟达,质疑,台积公司,2024-10-24,1.000000
黄仁勋,相信,台积公司,2024-10-24,1.000000
英伟达,相信,台积公司,2024-10-24,1.000000
苹果公司,批评,台积电,2024-10-17,1.000000
苹果公司,支持,台积电,2024-10-17,1.000000
苹果公司,相信,台积电,2024-10-17,1.000000
苹果公司,认为优秀,台积电,2024-10-17,1.000000
苹果公司,认为可靠,台积电,2024-10-17,1.000000
苹果公司,认为恐怖,台积电,2024-10-17,1.000000
苹果公司,认可,台积电,2024-10-17,1.000000
苹果公司,认为有威胁,台积电,2024-10-17,1.000000
苹果公司,质疑,台积电,2024-10-17,1.000000
苹果公司,感到不满,台积电,2024-10-17,1.000000
路透社,担忧,黄仁勋,2024-12-02,1.000000
路透社,视作英雄,黄仁勋,2024-12-02,1.000000
路透社,相信,黄仁勋,2024-12-02,1.000000
黄仁勋,主导,英伟达,2024-12-02,1.000000
Jensen,增进,英伟达,2024-12-02,1.000000
路透社,认可,黄仁勋,2024-12-02,1.000000
路透社,支持,黄仁勋,2024-12-02,1.000000
路透社,认为优秀,黄仁勋,2024-12-02,1.000000
路透社,质疑,黄仁勋,2024-12-02,1.000000
台积电,增进,CoWoS产能,2024-10-20,1.000000
台积电,增进,先进芯片封装能力,2024-10-20,1.000000
路透社,视作英雄,黄仁勋,2024-12-02,1.000000
黄仁勋,主导,英伟达,2024-12-02,1.000000
路透社,认为优秀,黄仁勋,2024-12-02,1.000000
美国,损害,中国客户,2024-11-09,1.000000
黄仁勋,质疑,台积电,2024-12-29,1.000000
黄仁勋,认为优秀,台积电,2024-12-29,1.000000
黄仁勋,感到满意,台积电,2024-12-29,1.000000
黄仁勋,欣赏,台积电,2024-12-29,1.000000
黄仁勋,认为可靠,台积电,2024-12-29,1.000000
黄仁勋,认可,台积电,2024-12-29,1.000000
路透社,增进,台积电,2025-01-10,1.000000
路透社,认为恐怖,台积电,2025-01-10,1.000000
路透社,担忧,台积电,2025-01-10,1.000000
张忠谋,邀请担任CEO,黄仁勋,2024-11-29,1.000000
英特尔,拒绝投资,TSMC,2024-11-29,1.000000
TSMC,派遣生产人员帮助,NVIDIA,2024-11-29,1.000000
张忠谋,寻求投资,英特尔,2024-11-29,1.000000
英特尔,成为客户,TSMC,2024-11-29,1.000000
英特尔,计划转为代工厂,TSMC,2024-11-29,1.000000
张忠谋,认为难以转型,英特尔,2024-11-29,1.000000
《彭博商业周刊》,视作英雄,特朗普,2024-11-09,1.000000
台湾经济部长,质疑,特朗普,2024-11-09,1.000000
亚利桑那州,主导,台积电,2024-11-09,1.000000
台湾经济部长,认为违规,特朗普,2024-11-09,1.000000
台湾经济部长,认为缺乏,特朗普,2024-11-09,1.000000
台湾经济部长,认为恐怖,特朗普,2024-11-09,1.000000
台湾经济部长,相信,特朗普,2024-11-09,1.000000
台湾经济部长,欣赏,特朗普,2024-11-09,1.000000
台湾经济部长,认为有暴力,特朗普,2024-11-09,1.000000
台湾经济部长,视作英雄,特朗普,2024-11-09,1.000000
台湾经济部长,认可,特朗普,2024-11-09,1.000000
台湾经济部长,感到不满,特朗普,2024-11-09,1.000000
台湾经济部长,批评,特朗普,2024-11-09,1.000000
美国,认为非法,台积电,2024-11-07,1.000000
《金融时报》,质疑,台积电,2024-11-07,1.000000
美国,认为优秀,华为,2024-11-07,1.000000
《金融时报》,批评,台积电,2024-11-07,1.000000
华盛顿,认为违规,台积电,2024-11-07,1.000000
美国,担忧,华为,2024-11-07,1.000000
华盛顿,批评,台积电,2024-11-07,1.000000
路透社,认为非法,台积电,2024-11-07,1.000000
美国,质疑,路透社,2024-11-07,1.000000
《金融时报》,担忧,台积电,2024-11-07,1.000000
TSMC,声明,遵守法规,2024-11-07,1.000000
美国,支持,台积电,2024-11-09,1.000000
美国,认为违规,台积电,2024-11-09,1.000000
美国,损害,中国客户,2024-11-09,1.000000
美国,认可,台积电,2024-11-09,1.000000
美国,质疑,台积电,2024-11-09,1.000000
美国,担忧,台积电,2024-11-09,1.000000
麦肯锡公司,认为可靠,台积电,2024-09-05,1.000000
麦肯锡公司,认为优秀,台积电,2024-09-05,1.000000
TSMC,展示,A14制造技术,2024-12-20,1.000000
美国,支持,台积电,2024-11-29,1.000000
习近平,认为非法,美国,2024-11-29,1.000000
习近平,认为有威胁,台积电,2024-11-29,1.000000
美国,主导,“芯片激励计划”,2024-11-29,1.000000
美国,攻击,中国,2024-11-29,1.000000
美国,认可,台积电,2024-11-29,1.000000
吴正文,质疑,台积电,2024-11-29,1.000000
习近平,威胁,台积电,2024-11-29,1.000000
美国,增进,台积电,2024-11-29,1.000000
美国,感到满意,台积电,2024-11-29,1.000000
美国,主导,台积电,2024-11-29,1.000000
克里斯·米勒,相信,特朗普,2024-11-13,1.000000
美国,认可,芯片开发商,2024-11-13,1.000000
越南,损害,美国,2024-11-13,1.000000
台湾,欢迎,苹果,2024-11-13,1.000000
特朗普,损害,美国,2024-11-13,1.000000
特朗普,主导,越南,2024-11-13,1.000000
拉乌莉·里哈,担忧,台积电,2024-11-13,1.000000
TSMC,暂停生产,中国客户,2024-11-13,1.000000
iel Kim,批评,路透社,2024-10-06,1.000000
iel Kim,攻击,路透社,2024-10-06,1.000000
iel Kim,威胁,路透社,2024-10-06,1.000000
iel Kim,认为热情,路透社,2024-10-06,1.000000
iel Kim,认可,路透社,2024-10-06,1.000000
iel Kim,感到不满,路透社,2024-10-06,1.000000
iel Kim,支持,路透社,2024-10-06,1.000000
iel Kim,质疑,路透社,2024-10-06,1.000000
iel Kim,担忧,路透社,2024-10-06,1.000000
iel Kim,感到满意,路透社,2024-10-06,1.000000
iel Kim,感谢,路透社,2024-10-06,1.000000
iel Kim,相信,路透社,2024-10-06,1.000000
Samsung,竞争,TSMC,2024-10-06,1.000000
美国,增进,全球竞争,2024-11-26,1.000000
台湾,损害,半导体,2025-01-07,1.000000
麦肯锡&公司,损害,台积电,2024-10-31,1.000000
鲍勃·斯旺,认为有危机,英特尔,2024-10-06,1.000000
帕特·格尔辛格,认为有危机,英特尔,2024-10-06,1.000000
布莱恩·科兹亚克,认为有危机,英特尔,2024-10-06,1.000000
路透社,认为优秀,台积电,2025-01-10,1.000000
路透社,担忧,台积电,2025-01-10,1.000000
TSMC,报告营收,868.42亿新台币,2025-01-10,1.000000
TSMC,供应,英伟达,2025-01-10,1.000000
TSMC,受益于,人工智能需求,2025-01-10,1.000000
路透社,认为优秀,台积电,2025-01-10,1.000000
TSMC,报告营收,8684.2亿新台币,2025-01-10,1.000000
TSMC,供应芯片,英伟达,2025-01-10,1.000000
苹果公司,支持,台积电,2024-10-20,1.000000
美国,增进,AI芯片,2025-02-18,1.000000
埃里克·施密特,相信,英伟达,2024-08-14,1.000000
埃里克·施密特,认为恐怖,英伟达,2024-08-14,1.000000
亚洲初创公司,质疑,英伟达,2024-08-14,1.000000
埃里克·施密特,认可,英伟达,2024-08-14,1.000000
埃里克·施密特,认为优秀,英伟达,2024-08-14,1.000000
亚洲初创公司,担忧,英伟达,2024-08-14,1.000000
埃里克·施密特,质疑,英伟达,2024-08-14,1.000000
埃里克·施密特,认为可靠,英伟达,2024-08-14,1.000000
埃里克·施密特,担忧,英伟达,2024-08-14,1.000000
埃里克·施密特,批评,英伟达,2024-08-14,1.000000
埃里克·施密特,认为有成就,英伟达,2024-08-14,1.000000
埃里克·施密特,认为违规,英伟达,2024-08-14,1.000000
华盛顿,损害,中国,2024-11-13,1.000000
华盛顿,威胁,中国,2024-11-13,1.000000
美国,损害,中国AI企业,2024-10-26,1.000000
俄罗斯,支持,埃隆·马斯克,2024-10-26,1.000000
新冠肺炎疫情,认可,台积电,2024-11-02,1.000000
新冠疫情,损害,台积电,2024-11-02,1.000000
特朗普,认为优秀,孙正义,2025-02-13,1.000000
软银集团,视作英雄,特朗普,2025-02-13,1.000000
路透社,认为可靠,台积电,2025-01-10,1.000000
路透社,担忧,台积电,2025-01-10,1.000000
美国,损害,台积电,2024-11-10,1.000000
特朗普,认为违规,美国,2024-11-10,1.000000
美国,威胁,台积电,2024-11-10,1.000000
特朗普,批评,美国,2024-11-10,1.000000
特朗普,批评,台积电,2024-11-10,1.000000
特朗普,损害,台积电,2024-11-10,1.000000
特朗普,质疑,台积电,2024-11-10,1.000000
美国,损害,台积电,2024-11-10,1.000000
特朗普,质疑,美国,2024-11-10,1.000000
路透社,增进,台积电,2024-12-02,1.000000
路透社,认可,台积电,2024-12-02,1.000000
路透社,担忧,台积电,2024-12-02,1.000000
美国,认为违规,英伟达,2024-11-09,1.000000
美国,支持,英伟达,2024-11-09,1.000000
美国,质疑,英伟达,2024-11-09,1.000000
《摩利 fie》,支持,英伟达,2024-12-09,1.000000
投资人,欣赏,台积电,2024-11-05,1.000000
投资人,损害,台积电,2024-11-05,1.000000
投资人,增进,台积电,2024-11-05,1.000000
投资人,认为热情,台积电,2024-11-05,1.000000
投资人,认可,台积电,2024-11-05,1.000000
投资人,认为非法,台积电,2024-11-05,1.000000
投资人,认为优秀,台积电,2024-11-05,1.000000
台积电,担忧,人工智能泡沫的形成,2024-11-05,1.000000
投资人,认为缺乏,台积电,2024-11-05,1.000000
投资人,主导,台积电,2024-11-05,1.000000
投资人,感到不满,台积电,2024-11-05,1.000000
投资人,欢迎,台积电,2024-11-05,1.000000
投资人,认为可靠,台积电,2024-11-05,1.000000
投资人,支持,台积电,2024-11-05,1.000000
投资人,喜欢,台积电,2024-11-05,1.000000
投资人,认为犯罪,台积电,2024-11-05,1.000000
投资人,担忧,台积电,2024-11-05,1.000000
投资人,质疑,台积电,2024-11-05,1.000000
投资人,感到满意,台积电,2024-11-05,1.000000
投资人,视作英雄,台积电,2024-11-05,1.000000
投资人,认为有成就,台积电,2024-11-05,1.000000
投资人,认为违规,台积电,2024-11-05,1.000000
投资人,认为有暴力,台积电,2024-11-05,1.000000
投资人,认为失败,台积电,2024-11-05,1.000000
投资人,批评,台积电,2024-11-05,1.000000
投资人,相信,台积电,2024-11-05,1.000000
投资人,认为有危机,台积电,2024-11-05,1.000000
投资人,认为恐怖,台积电,2024-11-05,1.000000
投资人,认为有威胁,台积电,2024-11-05,1.000000
投资人,攻击,台积电,2024-11-05,1.000000
投资人,威胁,台积电,2024-11-05,1.000000
美国,认为有威胁,台积电,2024-11-10,1.000000
特朗普,批评,美国,2024-11-10,1.000000
特朗普,攻击,美国,2024-11-10,1.000000
特朗普,攻击,台湾,2024-11-10,1.000000
特朗普,认为恐怖,美国,2024-11-10,1.000000
特朗普,攻击,美国,2024-11-10,1.000000
美国,损害,台积电,2024-11-10,1.000000
美国,认可,台积电,2024-11-10,1.000000
特朗普,主导,美国,2024-11-10,1.000000
特朗普,主导,美国,2024-11-10,1.000000
美国,质疑,台积电,2024-11-10,1.000000
美国,批评,台积电,2024-11-10,1.000000
特朗普,质疑,美国,2024-11-10,1.000000
美国,认为失败,台积电,2024-11-10,1.000000
美国,认为违规,台积电,2024-11-10,1.000000
特朗普,认为有暴力,美国,2024-11-10,1.000000
特朗普,认为违规,美国,2024-11-10,1.000000
特朗普,认为违规,美国,2024-11-10,1.000000
特朗普,质疑,美国,2024-11-10,1.000000
特朗普,认为犯罪,美国,2024-11-10,1.000000
特朗普,批评,美国,2024-11-10,1.000000
中芯国际,认为非法,美国,2024-11-05,1.000000
台积电,感谢,分享,2025-02-25,1.000000
特朗普,认为有威胁,台积电,2025-02-25,1.000000
特朗普,质疑,台湾,2025-02-25,1.000000
美国,感谢,分享,2025-02-25,1.000000
特朗普,认为有威胁,台湾,2025-02-25,1.000000
特朗普,攻击,台积电,2025-02-25,1.000000
特朗普,质疑,台湾,2025-02-25,1.000000
特朗普,担忧,台湾,2025-02-25,1.000000
特朗普,攻击,台湾,2025-02-25,1.000000
特朗普,感到不满,台湾,2025-02-25,1.000000
特朗普,损害,台积电,2025-02-25,1.000000
特朗普,威胁,台积电,2025-02-25,1.000000
特朗普,感到不满,台湾,2025-02-25,1.000000
台北政府,认为有暴力,台湾,2025-02-25,1.000000
特朗普,认为非法,半导体,2025-02-25,1.000000
特朗普,批评,台湾,2025-02-25,1.000000
特朗普,认可,台湾,2025-02-25,1.000000
特朗普,质疑,台湾,2025-02-25,1.000000
台湾陆委会,认为有威胁,特朗普,2025-02-25,1.000000
台湾陆委会,认为有威胁,台积电,2025-02-25,1.000000
特朗普,认为违规,台湾,2025-02-25,1.000000
台北政府,认为非法,台湾,2025-02-25,1.000000
台湾陆委会,攻击,特朗普,2025-02-25,1.000000
台北政府,认为恐怖,台湾,2025-02-25,1.000000
特朗普,认为有威胁,台湾,2025-02-25,1.000000
朱凤莲,认为非法,台湾,2025-02-25,1.000000
台湾陆委会,威胁,特朗普,2025-02-25,1.000000
特朗普,认为可靠,台湾,2025-02-25,1.000000
朱凤莲,担忧,台积电,2025-02-25,1.000000
特朗普,威胁,台湾,2025-02-25,1.000000
特朗普,批评,台湾,2025-02-25,1.000000
台湾陆委会,威胁,台积电,2025-02-25,1.000000
台湾陆委会,损害,台积电,2025-02-25,1.000000
特朗普,增进,台积电,2025-02-25,1.000000
特朗普,威胁,台湾,2025-02-25,1.000000
美国,支持,台湾,2025-02-25,1.000000
特朗普,认为有暴力,台湾,2025-02-25,1.000000
朱凤莲,质疑,台湾,2025-02-25,1.000000
朱凤莲,相信,台湾,2025-02-25,1.000000
台北政府,质疑,台湾,2025-02-25,1.000000
台北政府,认为有威胁,台湾,2025-02-25,1.000000
朱凤莲,认为有威胁,台湾,2025-02-25,1.000000
特朗普,增进,半导体,2025-02-25,1.000000
特朗普,认为非法,台湾,2025-02-25,1.000000
特朗普,认为恐怖,台湾,2025-02-25,1.000000
美国,支持,英特尔,2024-09-18,1.000000
台积电,增进,先进芯片,2024-11-04,1.000000
Brad Lin,增进,TSMC,2024-11-29,1.000000
美国,批评,台积电,2024-11-16,1.000000
《商业韩国》,认为优秀,台积电,2024-11-16,1.000000
《商业韩国》,认可,台积电,2024-11-16,1.000000
《商业韩国》,认为可靠,台积电,2024-11-16,1.000000
《商业韩国》,损害,台积电,2024-11-16,1.000000
《商业韩国》,担忧,台积电,2024-11-16,1.000000
台积电,认为犯罪,拜登,2024-11-16,1.000000
《商业韩国》,相信,台积电,2024-11-16,1.000000
《商业韩国》,质疑,台积电,2024-11-16,1.000000
《商业韩国》,威胁,台积电,2024-11-16,1.000000
埃隆·马斯克,主导,美国,2024-11-15,1.000000
特朗普,主导,美国,2024-11-15,1.000000
埃隆·马斯克,认为失败,美国,2024-11-15,1.000000
埃隆·马斯克,视作英雄,特朗普,2024-11-15,1.000000
特朗普,认为失败,美国,2024-11-15,1.000000
美国,增进,特斯拉的股价上涨,2024-11-15,1.000000
埃隆·马斯克,支持,美国,2024-11-15,1.000000
特朗普,主导,美国,2024-11-10,1.000000
特朗普,损害,台积电,2024-11-10,1.000000
美国,攻击,台积电,2024-11-10,1.000000
特朗普,批评,台积电,2024-11-10,1.000000
美国,损害,台积电,2024-11-10,1.000000
特朗普,认为违规,美国,2024-11-10,1.000000
特朗普,批评,美国,2024-11-10,1.000000
特朗普,欣赏,美国,2024-11-10,1.000000
特朗普,认为违规,美国,2024-11-10,1.000000
特朗普,质疑,美国,2024-11-10,1.000000
美国,认可,台积电,2024-11-10,1.000000
特朗普,批评,台积电,2024-11-10,1.000000
特朗普,批评,美国,2024-11-10,1.000000
美国,视作英雄,台积电,2024-11-10,1.000000
特朗普,质疑,美国,2024-11-10,1.000000
美国,认为失败,台积电,2024-11-10,1.000000
特朗普,认为有危机,台湾,2025-02-13,1.000000
特朗普,批评,台湾,2025-02-13,1.000000
特朗普,质疑,台湾,2025-02-13,1.000000
特朗普,增进,美国,2025-02-13,1.000000
特朗普,主导,国家安全委员会会议,2025-02-13,1.000000
特朗普,批评,台湾,2025-02-13,1.000000
台湾高级安全官员,担忧,台积电,2025-02-13,1.000000
特朗普,担忧,台湾,2025-02-13,1.000000
特朗普,感到不满,台湾,2025-02-13,1.000000
中国,威胁,台湾,2025-02-13,1.000000
特朗普,认为恐怖,台湾,2025-02-13,1.000000
特朗普,质疑,台湾,2025-02-13,1.000000
台湾高级安全官员,质疑,台积电,2025-02-13,1.000000
特朗普,认为违规,台湾,2025-02-13,1.000000
台湾高级安全官员,认可,台积电,2025-02-13,1.000000
特朗普,主导,国家安全委员会会议,2025-02-13,1.000000
特朗普,认为有威胁,台湾,2025-02-13,1.000000
赖清德,认为有威胁,台湾,2025-02-13,1.000000
特朗普,批评,台湾,2025-02-13,1.000000
特朗普,认为有暴力,台湾,2025-02-13,1.000000
特朗普,损害,台湾,2025-02-13,1.000000
特朗普,威胁,台湾,2025-02-13,1.000000
赖清德,担忧,特朗普,2025-02-13,1.000000
赖清德,质疑,台湾,2025-02-13,1.000000
台湾高级安全官员,批评,台积电,2025-02-13,1.000000
赖清德,认可,台湾,2025-02-13,1.000000
特朗普,认为可靠,台湾,2025-02-13,1.000000
特朗普,主导,国家安全委员会会议,2025-02-13,1.000000
特朗普,质疑,台湾,2025-02-13,1.000000
赖清德,认为可靠,美国,2025-02-13,1.000000
赖清德,认为可靠,台湾,2025-02-13,1.000000
赖清德,威胁,台湾,2025-02-13,1.000000
TSMC,投资,美国,2025-02-13,1.000000
TSMC,股价下跌,2.8%,2025-02-13,1.000000
台湾政府,协助,TSMC,2025-02-13,1.000000
德意志银行,质疑,台积电,2025-01-16,1.000000
德意志银行,担忧,台积电,2025-01-16,1.000000
罗伯特·桑德斯,支持,台积电,2025-01-16,1.000000
罗伯特·桑德斯,担忧,台积电,2025-01-16,1.000000
台积电,支持,人工智能需求,2025-01-16,1.000000
德意志银行,认为优秀,台积电,2025-01-16,1.000000
秦思瑞,相信,台积电,2025-01-16,1.000000
秦思瑞,担忧,台积电,2025-01-16,1.000000
罗伯特·桑德斯,认可,台积电,2025-01-16,1.000000
罗伯特·桑德斯,认为优秀,台积电,2025-01-16,1.000000
罗伯特·桑德斯,质疑,台积电,2025-01-16,1.000000
美国,欢迎,英特尔,2024-09-18,1.000000
美国,增进,地缘政治紧张局势,2024-09-18,1.000000
孙尧子,欢迎,特朗普,2025-02-13,1.000000
孙尧子,视作英雄,特朗普,2025-02-13,1.000000
黄 CEO,感到不满,英伟达,2024-09-10,1.000000
公司创始人,认为优秀,台积电,2025-02-23,1.000000
公司创始人,认为可靠,台积电,2025-02-23,1.000000
公司创始人,认为有成就,台积电,2025-02-23,1.000000
新竹科学园区,主导,台积电,2025-02-23,1.000000
公司创始人,认为失败,台积电,2025-02-23,1.000000
公司创始人,主导,台积电,2025-02-23,1.000000
台湾政府,认为有成就,台积电,2025-02-23,1.000000
台湾政府,主导,台积电,2025-02-23,1.000000
俄罗斯总统,欢迎,埃隆·马斯克,2024-10-26,1.000000
尹锡悦,相信,特朗普,2024-11-12,1.000000
Greg Noh,质疑,特朗普,2024-11-12,1.000000
三星电子,认为有威胁,特朗普,2024-11-12,1.000000
尹锡悦,认为恐怖,特朗普,2024-11-12,1.000000
尹锡悦,认为违规,特朗普,2024-11-12,1.000000
李民熙,认为有威胁,特朗普,2024-11-12,1.000000
Greg Noh,认为恐怖,特朗普,2024-11-12,1.000000
Greg Noh,认为违规,特朗普,2024-11-12,1.000000
尹锡悦,质疑,特朗普,2024-11-12,1.000000
TSMC,考虑建设,阿联酋芯片工厂,2024-11-12,1.000000
詹森·黄,主导,英伟达,2024-12-02,1.000000
马尔克·华纳,担忧,英特尔,2024-11-03,1.000000
英特尔,增进,半导体,2024-11-03,1.000000
美国,担忧,英特尔,2024-11-03,1.000000
TSMC,成为,全球领先的芯片制造商,2024-11-03,1.000000
TSMC,被使用,AMD,2024-11-03,1.000000
拉赫贝里,担忧,英伟达,2024-08-27,1.000000
卢克·拉赫贝里,担忧,英伟达,2024-08-27,1.000000
拉赫贝里,相信,英伟达,2024-08-27,1.000000
卢克·拉赫贝里,相信,英伟达,2024-08-27,1.000000
马克·卢什辛尼,增进,英伟达,2024-08-27,1.000000
拉赫贝里,增进,英伟达,2024-08-27,1.000000
克里斯托弗·米姆斯,质疑,英特尔,2025-01-07,1.000000
俄罗斯总统,欢迎,埃隆·马斯克,2024-10-26,1.000000
中国AI公司,威胁,美国,2024-10-26,1.000000
中国AI公司,认为失败,美国,2024-10-26,1.000000
中国AI公司,损害,美国,2024-10-26,1.000000
美国,主导,台积电,2024-10-26,1.000000
中国AI公司,认为有威胁,美国,2024-10-26,1.000000
特朗普,感谢,分享,2025-02-18,1.000000
彭博新闻社,主导,美国,2025-02-18,1.000000
特朗普,增进,台积电,2025-02-18,1.000000
彭博新闻社,相信,台积电,2025-02-18,1.000000
彭博新闻社,质疑,台积电,2025-02-18,1.000000
彭博新闻社,担忧,台积电,2025-02-18,1.000000
特朗普,批评,反垄断监管机构,2024-09-29,1.000000
美国,增进,积电,2024-09-29,1.000000
反垄断监管机构,损害,英伟达,2024-09-29,1.000000
摩根,认为优秀,台积电,2024-10-06,1.000000
摩根,担忧,台积电,2024-10-06,1.000000
特朗普,认为违规,《芯片法案》,2024-11-07,1.000000
特朗普,批评,《芯片法案》,2024-11-07,1.000000
特朗普,损害,台湾,2024-11-07,1.000000
台湾积电（TSM）,视作英雄,特朗普,2024-11-07,1.000000
特朗普,主导,《芯片法案》,2024-11-07,1.000000
特朗普,担忧,《芯片法案》,2024-11-07,1.000000
特朗普,质疑,《芯片法案》,2024-11-07,1.000000
特朗普,损害,美国,2024-11-07,1.000000
特朗普,批评,《芯片法案》,2024-11-07,1.000000
特朗普,认为违规,《芯片法案》,2024-11-07,1.000000
特朗普,认为有威胁,台湾,2024-11-07,1.000000
特朗普,担忧,《芯片法案》,2024-11-07,1.000000
特朗普,质疑,《芯片法案》,2024-11-07,1.000000
投资者,威胁,英伟达,2024-10-14,1.000000
投资者,担忧,英伟达,2024-10-14,1.000000
投资者,质疑,英伟达,2024-10-14,1.000000
投资者,认为有危机,英伟达,2024-10-14,1.000000
投资者,认为有威胁,英伟达,2024-10-14,1.000000
特朗普,主导,选举夜派对,2024-11-05,1.000000
特朗普,主导,选举夜派对,2024-11-05,1.000000
特朗普,认为非法,台湾,2024-11-05,1.000000
特朗普,质疑,台湾,2024-11-05,1.000000
特朗普,认为违规,台湾,2024-11-05,1.000000
特朗普,批评,台湾,2024-11-05,1.000000
特朗普,担忧,台湾,2024-11-05,1.000000
特朗普,质疑,台湾,2024-11-05,1.000000
特朗普,认为违规,台湾,2024-11-05,1.000000
特朗普,主导,选举夜派对,2024-11-05,1.000000
特朗普,认为有威胁,台湾,2024-11-05,1.000000
特朗普,批评,台湾,2024-11-05,1.000000
特朗普,认为犯罪,台湾,2024-11-05,1.000000
特朗普,攻击,卡玛拉·哈里斯,2024-11-05,1.000000
特朗普,质疑,台湾,2024-11-05,1.000000
特朗普,认为违规,台湾,2024-11-05,1.000000
台湾,损害,美国,2024-11-05,1.000000
TSMC,stock price drop,3%,2024-11-05,1.000000
台积电,担忧,人工智能泡沫的形成,2024-11-05,1.000000
腾讯,认为有威胁,台积电,2024-10-19,1.000000
李,认为可靠,中国,2024-10-19,1.000000
黄仁勋,主导,英伟达,2024-10-19,1.000000
美国,损害,中国客户,2024-11-09,1.000000
苹果投资者,感到不满,台积电,2024-10-23,1.000000
苹果投资者,威胁,台积电,2024-10-23,1.000000
苹果投资者,相信,台积电,2024-10-23,1.000000
苹果投资者,认为可靠,台积电,2024-10-23,1.000000
苹果投资者,认为优秀,台积电,2024-10-23,1.000000
苹果投资者,认为有成就,台积电,2024-10-23,1.000000
苹果投资者,认为有威胁,台积电,2024-10-23,1.000000
苹果投资者,担忧,台积电,2024-10-23,1.000000
苹果投资者,感到满意,台积电,2024-10-23,1.000000
苹果投资者,喜欢,台积电,2024-10-23,1.000000
苹果投资者,认可,台积电,2024-10-23,1.000000
苹果投资者,认为恐怖,台积电,2024-10-23,1.000000
苹果投资者,质疑,台积电,2024-10-23,1.000000
苹果投资者,认为有危机,台积电,2024-10-23,1.000000
美国,增进,先进芯片设施,2024-11-15,1.000000
特朗普,认为犯罪,美国,2024-11-15,1.000000
Adobe,视作英雄,特朗普,2024-11-15,1.000000
特朗普,攻击,美国,2024-11-15,1.000000
特朗普,威胁,美国,2024-11-15,1.000000
特朗普,质疑,美国,2024-11-15,1.000000
特朗普,认可,美国,2024-11-15,1.000000
特朗普,担忧,美国,2024-11-15,1.000000
特朗普,损害,美国,2024-11-15,1.000000
特朗普,欣赏,美国,2024-11-15,1.000000
特朗普,批评,美国,2024-11-15,1.000000
特朗普,认为违规,美国,2024-11-15,1.000000
特朗普,主导,美国,2024-11-15,1.000000
美国,提供资金,TSMC,2024-11-15,1.000000
拜登政府,宣布,TSMC,2024-11-15,1.000000
TSMC,开始运营,亚利桑那州,2024-11-15,1.000000
美国,强调,国内芯片生产,2024-11-15,1.000000
美国,提供贷款,TSMC,2024-11-15,1.000000
TSMC,计划建立,日本熊本县第二工厂,2024-11-15,1.000000
TSMC,计划建立,日本熊本县第三工厂,2024-11-15,1.000000
TSMC,部署,EUV光刻系统,2024-11-15,1.000000
TSMC,股价上涨,股市,2024-11-15,1.000000
美国,分配资金,TSMC,2024-11-15,1.000000
日本,拨款,半导体,2024-11-15,1.000000
TSMC,扩大产能,EUV设备,2024-11-15,1.000000
半导体,认为优秀,台积电,2024-11-11,1.000000
美国,主导,台积电,2024-11-11,1.000000
路透社,损害,华为,2024-11-11,1.000000
半导体,认为有成就,台积电,2024-11-11,1.000000
半导体,批评,台积电,2024-11-11,1.000000
美国,感到不满,台积电,2024-11-11,1.000000
半导体,欣赏,台积电,2024-11-11,1.000000
半导体,支持,台积电,2024-11-11,1.000000
半导体,认为失败,台积电,2024-11-11,1.000000
台湾经济部门,支持,台积电,2024-11-11,1.000000
台湾经济部门,相信,台积电,2024-11-11,1.000000
美国,威胁,华为,2024-11-11,1.000000
半导体,相信,台积电,2024-11-11,1.000000
半导体,认可,台积电,2024-11-11,1.000000
台湾经济部门,认可,台积电,2024-11-11,1.000000
路透社,威胁,华为,2024-11-11,1.000000
半导体,认为违规,台积电,2024-11-11,1.000000
半导体,主导,台积电,2024-11-11,1.000000
半导体,感到不满,台积电,2024-11-11,1.000000
台湾经济部门,质疑,台积电,2024-11-11,1.000000
半导体,质疑,台积电,2024-11-11,1.000000
半导体,威胁,台积电,2024-11-11,1.000000
美国,损害,华为,2024-11-11,1.000000
半导体,担忧,台积电,2024-11-11,1.000000
美国,增进,贸易管制,2024-11-11,1.000000
美国,感到满意,台积电,2024-11-11,1.000000
美国,认为失败,台积电,2024-11-11,1.000000
半导体,认为可靠,台积电,2024-11-11,1.000000
路透社,认为违规,美国,2024-11-11,1.000000
美国,支持,《芯片和科学法案》,2024-09-18,1.000000
黄仁勋,认为有成就,英伟达,2024-09-18,1.000000
美国,主导,《芯片和科学法案》,2024-09-18,1.000000
美国,感到满意,《芯片和科学法案》,2024-09-18,1.000000
美国,损害,实施广泛的进口关税,2025-01-13,1.000000
美国,威胁,实施广泛的进口关税,2025-01-13,1.000000
美国,损害,中国,2024-11-13,1.000000
美国,威胁,中国,2024-11-13,1.000000
路透社,认为有成就,英特尔,2024-10-30,1.000000
帕特·盖尔辛格,认为有危机,台湾,2024-10-30,1.000000
帕特·盖尔辛格,认为有威胁,台湾,2024-10-30,1.000000
路透社,认为优秀,英特尔,2024-10-30,1.000000
美国,攻击,美国,2024-10-30,1.000000
美国,损害,美国,2024-10-30,1.000000
Vivek Arya,担忧,英特尔,2024-10-31,1.000000
Vivek Arya,认为有暴力,英特尔,2024-10-31,1.000000
基辛格,认可,台积电,2024-10-31,1.000000
Vivek Arya,认为优秀,英特尔,2024-10-31,1.000000
Vivek Arya,批评,英特尔,2024-10-31,1.000000
Vivek Arya,认为有威胁,英特尔,2024-10-31,1.000000
Vivek Arya,攻击,英特尔,2024-10-31,1.000000
基辛格,认为可靠,台积电,2024-10-31,1.000000
基辛格,认为恐怖,台积电,2024-10-31,1.000000
Vivek Arya,认可,英特尔,2024-10-31,1.000000
Vivek Arya,质疑,英特尔,2024-10-31,1.000000
Vivek Arya,感到不满,英特尔,2024-10-31,1.000000
Vivek Arya,威胁,英特尔,2024-10-31,1.000000
TSMC,取消折扣,英特尔,2024-10-31,1.000000
《亚洲尼基日报》,相信,台积电,2024-12-18,1.000000
TSMC,开发,面板级先进封装技术,2024-12-18,1.000000
TSMC,加强投资,美国,2024-12-18,1.000000
TSMC,计划生产,芯片,2024-12-18,1.000000
马克·扎克伯格,视作英雄,特朗普,2025-01-15,1.000000
美国,批评,《芯片法案》,2024-09-20,1.000000
美国,认可,《芯片法案》,2024-09-20,1.000000
美国,主导,《芯片法案》,2024-09-20,1.000000
美国,认为违规,《芯片法案》,2024-09-20,1.000000
美国,支持,《芯片法案》,2024-09-20,1.000000
黄仁勋,主导,英伟达,2024-10-19,1.000000
中国人工智能公司,认为违规,台积电,2024-10-19,1.000000
腾讯,认为违规,台积电,2024-10-19,1.000000
阿里巴巴,认为违规,台积电,2024-10-19,1.000000
中国人工智能企业,认为违规,台积电,2024-10-19,1.000000
李开夫,认为可靠,中国,2024-10-19,1.000000
阿里巴巴,认为可靠,中国,2024-10-19,1.000000
美国,认为有威胁,台湾积电,2024-10-27,1.000000
美国,认为恐怖,台湾积电,2024-10-27,1.000000
美国,认为违规,台湾积电,2024-10-27,1.000000
美国,损害,中国,2024-10-27,1.000000
美国,认为犯罪,台湾积电,2024-10-27,1.000000
美国,损害,台湾积电,2024-10-27,1.000000
美国,质疑,台湾积电,2024-10-27,1.000000
美国,增进,出口管制,2024-10-27,1.000000
美国,认可,台湾积电,2024-10-27,1.000000
美国,威胁,台湾积电,2024-10-27,1.000000
美国,批评,台湾积电,2024-10-27,1.000000
美国,相信,台湾积电,2024-10-27,1.000000
美国,担忧,台湾积电,2024-10-27,1.000000
《金融时报》,认为优秀,台积电,2024-11-04,1.000000
高通收购英特尔,损害,台积电,2024-09-29,1.000000
高通收购英特尔,增进,台积电,2024-09-29,1.000000
特朗普,批评,垄断监管机构,2024-09-29,1.000000
帕特·盖尔辛格,认为有危机,台积电,2024-11-06,1.000000
路透社,认为有威胁,台积电,2024-11-06,1.000000
盖尔辛格,认为有危机,台积电,2024-11-06,1.000000
帕特·盖尔辛格,感到不满,台积电,2024-11-06,1.000000
帕特·盖尔辛格,质疑,台积电,2024-11-06,1.000000
帕特·盖尔辛格,威胁,台积电,2024-11-06,1.000000
帕特·盖尔辛格,认为犯罪,台积电,2024-11-06,1.000000
盖尔辛格,认为犯罪,台积电,2024-11-06,1.000000
盖尔辛格,质疑,台积电,2024-11-06,1.000000
盖尔辛格,威胁,台积电,2024-11-06,1.000000
帕特·盖尔辛格,认为可靠,台积电,2024-11-06,1.000000
路透社,认为犯罪,台积电,2024-11-06,1.000000
帕特·盖尔辛格,认为恐怖,台积电,2024-11-06,1.000000
帕特·盖尔辛格,认为优秀,台积电,2024-11-06,1.000000
帕特·盖尔辛格,认为有威胁,台积电,2024-11-06,1.000000
盖尔辛格,认为有威胁,台积电,2024-11-06,1.000000
帕特·盖尔辛格,损害,台积电,2024-11-06,1.000000
帕特·盖尔辛格,攻击,台积电,2024-11-06,1.000000
盖尔辛格,损害,台积电,2024-11-06,1.000000
Intel,承认战略合作伙伴,TSMC,2024-11-06,1.000000
Intel,供应设备,TSMC,2024-11-06,1.000000
TSMC,撤销折扣,Intel,2024-11-06,1.000000
TSMC,提供折扣,Intel,2024-11-06,1.000000
TSMC,回应评论,Intel CEO,2024-11-06,1.000000
Intel,支付全额费用,TSMC,2024-11-06,1.000000
Intel CEO,描述关系,TSMC,2024-11-06,1.000000
帕特·盖尔辛格,损害,台积电,2024-10-29,1.000000
帕特·盖尔辛格,威胁,台积电,2024-10-29,1.000000
路透社,认为优秀,英特尔,2024-10-29,1.000000
盖尔辛格,损害,TSMC,2024-10-29,1.000000
路透社,质疑,英特尔,2024-10-29,1.000000
盖尔辛格,认为有威胁,台积电,2024-10-29,1.000000
盖尔辛格,质疑,英特尔,2024-10-29,1.000000
路透社,担忧,英特尔,2024-10-29,1.000000
盖尔辛格,认可,英特尔,2024-10-29,1.000000
盖尔辛格,认为犯罪,台积电,2024-10-29,1.000000
盖尔辛格,攻击,台积电,2024-10-29,1.000000
盖尔辛格,损害,台积电,2024-10-29,1.000000
盖尔辛格,威胁,台积电,2024-10-29,1.000000
帕特·盖尔辛格,认为有威胁,台积电,2024-10-29,1.000000
帕特·盖尔辛格,认为犯罪,台积电,2024-10-29,1.000000
帕特·盖尔辛格,认可,英特尔,2024-10-29,1.000000
帕特·盖尔辛格,攻击,台积电,2024-10-29,1.000000
TSMC,撤销折扣,Intel,2024-10-29,1.000000
Intel,计划竞争,TSMC,2024-10-29,1.000000
Intel,依赖中断,TSMC,2024-10-29,1.000000
美国,批评,TSMC,2024-10-22,1.000000
美国,认为违规,TSMC,2024-10-22,1.000000
美国,认为犯罪,TSMC,2024-10-22,1.000000
美国,认为违规,出口管制规定,2024-10-22,1.000000
美国,主导,TSMC,2024-10-22,1.000000
美国,质疑,TSMC,2024-10-22,1.000000
克里斯托夫·福克特,认为非法,美国,2024-11-13,1.000000
克里斯托夫·福克特,认为可靠,美国,2024-11-13,1.000000
克里斯托夫·福克特,认为有威胁,美国,2024-11-13,1.000000
克里斯托夫·福克特,认为有暴力,美国,2024-11-13,1.000000
克里斯托夫·福克特,担忧,美国,2024-11-13,1.000000
克里斯托夫·福克特,认为有危机,美国,2024-11-13,1.000000
克里斯托夫·福克特,认可,美国,2024-11-13,1.000000
克里斯托夫·福克特,认为恐怖,美国,2024-11-13,1.000000
克里斯托夫·福克特,认为违规,美国,2024-11-13,1.000000
克里斯托夫·福克特,认为缺乏,美国,2024-11-13,1.000000
克里斯托夫·福克特,质疑,美国,2024-11-13,1.000000
克里斯托夫·福克特,批评,美国,2024-11-13,1.000000
OpenAI,合作开发,TSMC,2024-11-14,1.000000
布雷特·西蒙普,增进,台积电,2025-01-13,1.000000
美国,视作英雄,特朗普,2025-01-13,1.000000
美国,主导,反垄断调查,2024-12-18,1.000000
美国,增进,中企出口限制,2024-12-18,1.000000
美国,损害,中企,2024-12-18,1.000000
TSMC,生产,NVIDIA顶级芯片,2024-12-18,1.000000
TSMC,营收占比,51%,2024-12-18,1.000000
TSMC,预计营收增长,30%,2024-12-18,1.000000
TSMC,计划扩大领先,英特尔和三星,2024-12-18,1.000000
英伟达,增进,台积电,2024-10-06,1.000000
博通,增进,台积电,2024-10-06,1.000000
C.C. Wei,质疑,台积电,2024-10-31,1.000000
C.C. Wei,担忧,台积电,2024-10-31,1.000000
C.C. Wei,认为优秀,台积电,2024-10-31,1.000000
C.C. Wei,认可,台积电,2024-10-31,1.000000
美国,认可,美国,2024-10-30,1.000000
商务部,认为失败,台积电,2024-10-30,1.000000
美国,认为违规,美国,2024-10-30,1.000000
美国,质疑,美国,2024-10-30,1.000000
美国,威胁,中国,2024-10-30,1.000000
美国,担忧,中国,2024-10-30,1.000000
美国,增进,现有控制的有效性,2024-10-30,1.000000
美国,威胁,美国,2024-10-30,1.000000
美国,认为犯罪,美国,2024-10-30,1.000000
约翰·穆伦纳尔,认为失败,台积电,2024-10-30,1.000000
华盛顿,认为非法,美国,2024-10-30,1.000000
美国,认为有威胁,中国,2024-10-30,1.000000
美国,认为恐怖,美国,2024-10-30,1.000000
美国,担忧,美国,2024-10-30,1.000000
美国,认为可靠,美国,2024-10-30,1.000000
美国,认为有暴力,美国,2024-10-30,1.000000
美国,认为非法,美国,2024-10-30,1.000000
民主党,认为失败,台积电,2024-10-30,1.000000
美国,认为有威胁,美国,2024-10-30,1.000000
台积电,认为有威胁,美国,2024-10-30,1.000000
共和党,认为失败,台积电,2024-10-30,1.000000
美国,认为缺乏,美国,2024-10-30,1.000000
美国,批评,美国,2024-10-30,1.000000
美国,损害,美国,2024-10-30,1.000000
美国,损害,中国企业,2024-10-30,1.000000
美国,认为失败,美国,2024-10-30,1.000000
路透社,认为恐怖,台积电,2024-10-30,1.000000
美国,增进,美国,2024-10-30,1.000000
美国,认为有危机,美国,2024-10-30,1.000000
TSMC,芯片出现在,华为AI处理器,2024-10-30,1.000000
美国,宣称严格,中国,2024-10-30,1.000000
中国驻华盛顿大使馆,反对并呼吁,美国,2024-10-30,1.000000
美国,加入限制名单,华为,2024-10-30,1.000000
美国,限制出口,中国,2024-10-30,1.000000
美国,欢迎,英特尔,2024-10-17,1.000000
三星电子,攻击,台积电,2024-10-17,1.000000
TSMC,控制市场份额,62%,2024-10-17,1.000000
美国,依赖制造,防务设备,2024-10-17,1.000000
TSMC,拥有,可靠技术,2024-10-17,1.000000
TSMC,成为中心,AI革命,2024-10-17,1.000000
TSMC,市场份额增长,62%,2024-10-17,1.000000
鲍威尔,认为热情,特朗普,2025-01-14,1.000000
鲍威尔,批评,特朗普,2025-01-14,1.000000
特朗普,认为有暴力,鲍威尔,2025-01-14,1.000000
鲍威尔,支持,特朗普,2025-01-14,1.000000
美国,视作英雄,杰罗姆·鲍威尔,2025-01-14,1.000000
特朗普,视作英雄,鲍威尔,2025-01-14,1.000000
特朗普,欢迎,鲍威尔,2025-01-14,1.000000
特朗普,喜欢,鲍威尔,2025-01-14,1.000000
特朗普,感谢,鲍威尔,2025-01-14,1.000000
贝森,认为有威胁,美国,2025-01-14,1.000000
美国,认为有威胁,中国,2025-01-14,1.000000
鲍威尔,喜欢,特朗普,2025-01-14,1.000000
鲍威尔,感谢,特朗普,2025-01-14,1.000000
特朗普,质疑,鲍威尔,2025-01-14,1.000000
特朗普,认为热情,鲍威尔,2025-01-14,1.000000
贝森,认为有威胁,中国,2025-01-14,1.000000
美国,攻击,中国,2025-01-14,1.000000
美国,损害,中国,2025-01-14,1.000000
美国,威胁,中国,2025-01-14,1.000000
鲍威尔,质疑,特朗普,2025-01-14,1.000000
特朗普,批评,鲍威尔,2025-01-14,1.000000
特朗普,攻击,鲍威尔,2025-01-14,1.000000
特朗普,威胁,鲍威尔,2025-01-14,1.000000
台积电,损害,中国,2024-11-16,1.000000
英伟达,主导,台积电,2024-11-16,1.000000
英伟达,认为优秀,台积电,2024-11-16,1.000000
特朗普,认为违规,《芯片法案》,2024-11-07,1.000000
特朗普,批评,《芯片法案》,2024-11-07,1.000000
特朗普,损害,美国,2024-11-07,1.000000
国会,相信,拜登政府,2024-11-07,1.000000
特朗普,担忧,《芯片法案》,2024-11-07,1.000000
特朗普,质疑,《芯片法案》,2024-11-07,1.000000
特朗普,批评,《芯片法案》,2024-11-07,1.000000
特朗普,认为违规,《芯片法案》,2024-11-07,1.000000
特朗普,认为有威胁,台湾,2024-11-07,1.000000
特朗普,质疑,《芯片法案》,2024-11-07,1.000000
TSMC,建设,德国德累斯顿芯片工厂,2024-08-19,1.000000
TSMC,净利润增长,36.3%,2024-08-19,1.000000
TSMC,季度收入增长,40%以上,2024-08-19,1.000000
TSMC,进入,万亿美元俱乐部,2024-08-19,1.000000
美国,提供补贴和贷款,TSMC,2024-08-19,1.000000
美国,批评,路透社,2024-09-25,1.000000
美国,视作英雄,美国,2024-09-25,1.000000
英特尔,批评,路透社,2024-09-25,1.000000
美国,质疑,路透社,2024-09-25,1.000000
TSMC,超越,Intel,2024-09-25,1.000000
C.C. Wei,认为优秀,台积电,2024-10-31,1.000000
TSMC,生产,特斯拉D1芯片,2025-02-05,1.000000
台积电,认为有成就,创新,2024-09-27,1.000000
台积电,支持,创新,2024-09-27,1.000000
台积电,喜欢,创新,2024-09-27,1.000000
台积电,感到满意,创新,2024-09-27,1.000000
台积电,欣赏,创新,2024-09-27,1.000000
台积电,认为缺乏,创新,2024-09-27,1.000000
台积电,增进,创新,2024-09-27,1.000000
台积电,质疑,创新,2024-09-27,1.000000
台积电,认可,创新,2024-09-27,1.000000
特朗普,认为有威胁,台湾,2024-11-07,1.000000
特朗普,质疑,台湾,2024-11-07,1.000000
特朗普,损害,美国,2024-11-07,1.000000
特朗普,认为违规,《芯片法案》,2024-11-07,1.000000
特朗普,威胁,台湾,2024-11-07,1.000000
特朗普,批评,《芯片法案》,2024-11-07,1.000000
拜登政府,损害,台积公司,2024-11-07,1.000000
台湾,损害,美国,2024-11-07,1.000000
特朗普,质疑,《芯片法案》,2024-11-07,1.000000
特朗普,主导,《芯片法案》,2024-11-07,1.000000
特朗普,损害,台湾,2024-11-07,1.000000
美国,质疑,华为,2024-10-23,1.000000
美国,损害,华为,2024-10-23,1.000000
美国,攻击,华为,2024-10-23,1.000000
拜登,攻击,中国,2024-12-02,1.000000
拜登政府,攻击,中国,2024-12-02,1.000000
TSMC,在代工业务上超越,三星,2024-11-11,1.000000
台积电,主导,AI芯片,2024-12-12,1.000000
台积电,增进,AI芯片,2024-12-12,1.000000
TSMC,完成,新芯片封装规格,2024-12-12,1.000000
TSMC,开始,小批量生产,2024-12-12,1.000000
TSMC,开发,面板级先进封装技术,2024-12-12,1.000000
TSMC,加强,美国,2024-12-12,1.000000
程庭芳,认为有威胁,台积电,2024-11-13,1.000000
Lauly Lith,认为恐怖,台积电,2024-11-13,1.000000
Lauly Lith,主导,台积电,2024-11-13,1.000000
Lauly Lith,认为有危机,台积电,2024-11-13,1.000000
Lauly Lith,相信,台积电,2024-11-13,1.000000
Lauly Lith,认为违规,台积电,2024-11-13,1.000000
Lauly Lith,认为有威胁,台积电,2024-11-13,1.000000
Lauly Lith,认为失败,台积电,2024-11-13,1.000000
Lauly Lith,威胁,台积电,2024-11-13,1.000000
Lauly Lith,担忧,台积电,2024-11-13,1.000000
美国,认可,芯片开发商,2024-11-13,1.000000
TSMC,要求获取许可证,AI芯片,2024-11-13,1.000000
TSMC,影响收入,公司收入,2024-11-13,1.000000
美国,支持,荷兰,2024-11-27,1.000000
美国,支持,欧盟,2024-11-27,1.000000
美国,支持,台湾进行贸易,2024-11-27,1.000000
美国,增进,台湾进行贸易,2024-11-27,1.000000
当地立法者,认为犯罪,台积电,2024-11-12,1.000000
当地立法者,批评,台积电,2024-11-12,1.000000
唐永年,质疑,台积电,2024-11-12,1.000000
当地立法者,威胁,台积电,2024-11-12,1.000000
当地立法者,认为可靠,台积电,2024-11-12,1.000000
唐永年,批评,台积电,2024-11-12,1.000000
当地立法者,认为有危机,台积电,2024-11-12,1.000000
当地立法者,欣赏,台积电,2024-11-12,1.000000
当地立法者,认为有暴力,台积电,2024-11-12,1.000000
当地立法者,认可,台积电,2024-11-12,1.000000
当地立法者,感到满意,台积电,2024-11-12,1.000000
当地立法者,相信,台积电,2024-11-12,1.000000
当地立法者,喜欢,台积电,2024-11-12,1.000000
当地立法者,支持,台积电,2024-11-12,1.000000
当地立法者,认为优秀,台积电,2024-11-12,1.000000
当地立法者,认为有威胁,台积电,2024-11-12,1.000000
当地立法者,认为恐怖,台积电,2024-11-12,1.000000
当地立法者,担忧,台积电,2024-11-12,1.000000
当地立法者,感到不满,台积电,2024-11-12,1.000000
当地立法者,增进,台积电,2024-11-12,1.000000
当地立法者,质疑,台积电,2024-11-12,1.000000
当地立法者,认为失败,台积电,2024-11-12,1.000000
当地立法者,主导,台积电,2024-11-12,1.000000
当地立法者,认为热情,台积电,2024-11-12,1.000000
唐永年,担忧,台积电,2024-11-12,1.000000
当地立法者,认为缺乏,台积电,2024-11-12,1.000000
当地立法者,认为违规,台积电,2024-11-12,1.000000
台湾,规定,TSMC,2024-11-12,1.000000
TSMC,建立晶圆厂生产,美国,2024-11-12,1.000000
TSMC,建立晶圆厂生产,美国,2024-11-12,1.000000
TSMC,建立晶圆厂生产,美国,2024-11-12,1.000000
TSMC,量产,A-16芯片,2024-11-12,1.000000
美国,担忧,台积电,2024-11-28,1.000000
吴部长,认为有威胁,台积电,2024-11-28,1.000000
吴部长,认为可靠,台积电,2024-11-28,1.000000
美国,认为有危机,台积电,2024-11-28,1.000000
美国,批评,台积电,2024-11-28,1.000000
吴成文,质疑,台积电,2024-11-28,1.000000
美国,欣赏,台积电,2024-11-28,1.000000
吴成文,认为可靠,台积电,2024-11-28,1.000000
美国,认为违规,台积电,2024-11-28,1.000000
吴部长,认可,台积电,2024-11-28,1.000000
吴成文,认可,台积电,2024-11-28,1.000000
美国,支持,台积电,2024-11-28,1.000000
美国,认为非法,台积电,2024-11-28,1.000000
吴成文,认为优秀,台积电,2024-11-28,1.000000
美国,认为有成就,台积电,2024-11-28,1.000000
美国,相信,台积电,2024-11-28,1.000000
美国,认为失败,台积电,2024-11-28,1.000000
美国,认为有暴力,台积电,2024-11-28,1.000000
美国,认为有威胁,台积电,2024-11-28,1.000000
吴成文,担忧,台积电,2024-11-28,1.000000
美国,认为可靠,台积电,2024-11-28,1.000000
美国,认为缺乏,台积电,2024-11-28,1.000000
吴成文,增进,台积电,2024-11-28,1.000000
美国,质疑,台积电,2024-11-28,1.000000
美国,支持,台积电,2024-11-28,1.000000
美国,认为优秀,台积电,2024-11-28,1.000000
美国,认可,台积电,2024-11-28,1.000000
吴成文,批评,台积电,2024-11-28,1.000000
吴成文,感到不满,台积电,2024-11-28,1.000000
美国,增进,台积电,2024-11-28,1.000000
吴成文,相信,台积电,2024-11-28,1.000000
美国,认为恐怖,台积电,2024-11-28,1.000000
TSMC,计划建设,亚利桑那州,2024-11-28,1.000000
TSMC,获得资金,66亿美元,2024-11-28,1.000000
美国,生产,2nm芯片,2024-11-28,1.000000
TSMC,可能生产,1nm芯片,2024-11-28,1.000000
TSMC,开始量产,2nm芯片,2024-11-28,1.000000
台湾科技部长,表示,美国,2024-11-28,1.000000
台积电,支持,苹果,2024-12-23,1.000000
TSMC,生产,M5系列芯片,2024-12-23,1.000000
TSMC,生产,M5 Ultra芯片,2024-12-23,1.000000
TSMC,提供,高端M5芯片,2024-12-23,1.000000
TSMC,服务,AMD、AWS、高通,2024-12-23,1.000000
苹果（Apple）,增进,TSMC,2024-11-07,1.000000
台积电,认为违规,华为,2024-11-10,1.000000
台积电,质疑,华为,2024-11-10,1.000000
台积电,认为违规,华为,2024-11-10,1.000000
路透社,感到满意,台积电,2024-11-10,1.000000
路透社,批评,台积电,2024-11-10,1.000000
路透社,损害,台积电,2024-11-10,1.000000
路透社,相信,台积电,2024-11-10,1.000000
台积电,质疑,华为,2024-11-10,1.000000
路透社,认为有威胁,台积电,2024-11-10,1.000000
路透社,增进,台积电,2024-11-10,1.000000
路透社,主导,台积电,2024-11-10,1.000000
路透社,认可,台积电,2024-11-10,1.000000
路透社,质疑,台积电,2024-11-10,1.000000
路透社,认为违规,台积电,2024-11-10,1.000000
路透社,认为有危机,台积电,2024-11-10,1.000000
标普全球市场情报公司,损害,台积电,2024-11-10,1.000000
路透社,感到不满,台积电,2024-11-10,1.000000
路透社,威胁,台积电,2024-11-10,1.000000
路透社,担忧,台积电,2024-11-10,1.000000
路透社,认为可靠,台积电,2024-11-10,1.000000
路透社,认为恐怖,台积电,2024-11-10,1.000000
路透社,认为优秀,台积电,2024-11-10,1.000000
美国,损害,华为,2024-11-10,1.000000
路透社,支持,台积电,2024-11-10,1.000000
TSMC,停止接受订单,中国大陆客户,2024-11-10,1.000000
TSMC,否认,不当行为,2024-11-10,1.000000
TSMC,暂停发货,Sophgo,2024-11-10,1.000000
TSMC,收入占比,中国大陆市场,2024-11-10,1.000000
TSMC,停止供应,大陆客户,2024-11-10,1.000000
TSMC,投资,亚利桑那州,2024-11-10,1.000000
特朗普,质疑,台积电,2024-11-22,1.000000
特朗普,认为犯罪,台积电,2024-11-22,1.000000
特朗普,认为违规,台积电,2024-11-22,1.000000
特朗普,主导,台积电,2024-11-22,1.000000
特朗普,批评,台积电,2024-11-22,1.000000
TSMC,制造,苹果芯片,2024-11-22,1.000000
TSMC,保留生产,3nm芯片,2024-11-22,1.000000
TSMC,支付费用,不合格芯片,2024-11-22,1.000000
特朗普,指责,TSMC,2024-11-22,1.000000
美国,认为有威胁,台积电,2024-11-10,1.000000
美国,攻击,台积电,2024-11-10,1.000000
特朗普,认为非法,美国,2024-11-10,1.000000
美国,威胁,台积电,2024-11-10,1.000000
美国,损害,台积电,2024-11-10,1.000000
美国,担忧,半导体,2024-11-10,1.000000
特朗普,质疑,美国,2024-11-10,1.000000
特朗普,质疑,台湾,2024-11-10,1.000000
特朗普,认为违规,美国,2024-11-10,1.000000
特朗普,认为犯罪,美国,2024-11-10,1.000000
特朗普,批评,美国,2024-11-10,1.000000
特朗普,认为违规,台湾,2024-11-10,1.000000
英伟达,攻击,台积电,2024-11-10,1.000000
特朗普,批评,台湾,2024-11-10,1.000000
美国,认为有危机,台积电,2024-11-10,1.000000
台积电,攻击,Intel,2024-12-03,1.000000
台积电,威胁,Intel,2024-12-03,1.000000
大卫·金斯纳,主导,Intel,2024-12-03,1.000000
台积电,损害,Intel,2024-12-03,1.000000
TSMC,使用,3纳米工艺,2025-02-10,1.000000
TSMC,提供制造能力,OpenAI,2025-02-10,1.000000
秋部长,认为优秀,台积电,2024-11-09,1.000000
J.W. 秋,担忧,台积电,2024-11-09,1.000000
J.W. 秋,质疑,台积电,2024-11-09,1.000000
TSMC,开始量产,N4和N5芯片,2024-11-09,1.000000
TSMC,计划建设,N2工厂,2024-11-09,1.000000
台湾政府,规定,台积电,2024-11-09,1.000000
台湾,推动,半导体,2024-11-09,1.000000
美国,认为违规,台积电,2024-11-14,1.000000
路透社,攻击,台积电,2024-11-14,1.000000
特朗普,欣赏,该计划,2024-11-14,1.000000
特朗普,质疑,该计划,2024-11-14,1.000000
特朗普,批评,该计划,2024-11-14,1.000000
特朗普,认为违规,该计划,2024-11-14,1.000000
美国,攻击,台积电,2024-11-14,1.000000
雷蒙多,攻击,台积电,2024-11-14,1.000000
美国,支持,台积电,2024-11-14,1.000000
美国,认为失败,台积电,2024-11-14,1.000000
美国,提供补贴,台积电,2024-11-14,1.000000
TSMC,扩大投资,亚利桑那州,2024-11-14,1.000000
TSMC,使用,A16芯片制造技术,2024-11-14,1.000000
美国,提供贷款,TSMC,2024-11-14,1.000000
TSMC,分享利润,美国,2024-11-14,1.000000
美国,通过法案,半导体,2024-11-14,1.000000
美国,要求停止,TSMC,2024-11-14,1.000000
美国,攻击,华为,2024-10-23,1.000000
美国,损害,华为,2024-10-23,1.000000
美国,认可,台湾积电,2024-10-23,1.000000
美国,质疑,华为,2024-10-23,1.000000
美国,质疑,台湾积电,2024-10-23,1.000000
雷蒙多,认为有威胁,台积电,2024-11-14,1.000000
路透社,认为有威胁,台积电,2024-11-14,1.000000
吉娜·雷蒙多,质疑,台积电,2024-11-14,1.000000
美国,视作英雄,吉娜·雷蒙多,2024-11-14,1.000000
路透社,主导,台积电,2024-11-14,1.000000
路透社,认为违规,台积电,2024-11-14,1.000000
路透社,认为有危机,台积电,2024-11-14,1.000000
雷蒙多,认为违规,台积电,2024-11-14,1.000000
雷蒙多,认为犯罪,台积电,2024-11-14,1.000000
吉娜·雷蒙多,认为恐怖,台积电,2024-11-14,1.000000
路透社,认为犯罪,台积电,2024-11-14,1.000000
吉娜·雷蒙多,担忧,台积电,2024-11-14,1.000000
雷蒙多,质疑,台积电,2024-11-14,1.000000
特朗普,质疑,台积电,2024-11-14,1.000000
吉娜·雷蒙多,认为有威胁,台积电,2024-11-14,1.000000
魏哲家,批评,特朗普,2024-11-14,1.000000
TSMC,获得补贴,美国,2024-11-14,1.000000
TSMC,扩大投资,美国,2024-11-14,1.000000
TSMC,生产,2纳米技术,2024-11-14,1.000000
TSMC,使用,A16技术,2024-11-14,1.000000
TSMC,获得贷款,美国,2024-11-14,1.000000
TSMC,放弃股票回购,5年,2024-11-14,1.000000
TSMC,分享超额利润,美国,2024-11-14,1.000000
TSMC,被要求暂停,中国客户,2024-11-14,1.000000
特朗普,认为违规,《芯片法案》,2024-11-07,1.000000
特朗普,批评,《芯片法案》,2024-11-07,1.000000
特朗普,欣赏,《芯片法案》,2024-11-07,1.000000
特朗普,认为有威胁,台湾,2024-11-07,1.000000
特朗普,批评,半导体,2024-11-07,1.000000
特朗普,威胁,台湾,2024-11-07,1.000000
特朗普,认可,《芯片法案》,2024-11-07,1.000000
台湾积电（TSM）,视作英雄,特朗普,2024-11-07,1.000000
特朗普,主导,《芯片法案》,2024-11-07,1.000000
特朗普,质疑,《芯片法案》,2024-11-07,1.000000
特朗普,损害,美国,2024-11-07,1.000000
特朗普,批评,《芯片法案》,2024-11-07,1.000000
特朗普,质疑,半导体,2024-11-07,1.000000
特朗普,认为违规,《芯片法案》,2024-11-07,1.000000
特朗普,损害,美国,2024-11-07,1.000000
特朗普,质疑,《芯片法案》,2024-11-07,1.000000
埃里森,质疑,黄仁勋,2024-11-17,1.000000
马斯克,欢迎,黄仁勋,2024-11-17,1.000000
马斯克,批评,黄仁勋,2024-11-17,1.000000
埃里森,批评,黄仁勋,2024-11-17,1.000000
马斯克,质疑,黄仁勋,2024-11-17,1.000000
台积电,攻击,NVIDIA,2024-11-24,1.000000
TSMC,营收来自,中国大陆,2024-11-11,1.000000
TSMC,技术领先,中国大陆代工厂,2024-11-11,1.000000
英伟达,感到满意,特朗普,2025-01-16,1.000000
英伟达,批评,特朗普,2025-01-16,1.000000
特朗普,攻击,即将离任的政府,2025-01-16,1.000000
英伟达,认可,特朗普,2025-01-16,1.000000
特朗普,认为犯罪,台积电,2024-11-07,1.000000
特朗普,支持,台积电,2024-11-07,1.000000
特朗普,增进,台积电,2024-11-07,1.000000
台湾经济部长,认为有危机,台湾,2024-11-07,1.000000
台湾经济部长,质疑,特朗普,2024-11-07,1.000000
台湾经济部长,认可,特朗普,2024-11-07,1.000000
《金融时报》,相信,台积电,2024-11-07,1.000000
美国,损害,中国,2024-11-07,1.000000
台湾经济部长,欢迎,特朗普,2024-11-07,1.000000
特朗普,欣赏,台积电,2024-11-07,1.000000
特朗普,认为违规,台积电,2024-11-07,1.000000
特朗普,质疑,台积电,2024-11-07,1.000000
特朗普,威胁,台积电,2024-11-07,1.000000
百度,认可,台积电,2024-11-07,1.000000
特朗普,主导,台积电,2024-11-07,1.000000
特朗普,批评,台积电,2024-11-07,1.000000
《金融时报》,认为可靠,台积电,2024-11-07,1.000000
台湾经济部长,担忧,特朗普,2024-11-07,1.000000
百度,感到满意,台积电,2024-11-07,1.000000
特朗普,认为有威胁,台积电,2024-11-07,1.000000
台积电,感到不满,台积电,2024-11-07,1.000000
特朗普,认为犯罪,台积电,2024-11-07,1.000000
台积电,相信,台积电,2024-11-07,1.000000
台湾经济部长,认为恐怖,特朗普,2024-11-07,1.000000
台湾经济部长,认为有威胁,台湾,2024-11-07,1.000000
特朗普,质疑,台积电,2024-11-07,1.000000
台湾经济部长,威胁,台湾,2024-11-07,1.000000
台积电,质疑,台积电,2024-11-07,1.000000
百度,主导,台积电,2024-11-07,1.000000
特朗普,认为有威胁,台积电,2024-11-07,1.000000
百度,感到不满,台积电,2024-11-07,1.000000
台湾经济部长,认为可靠,台湾,2024-11-07,1.000000
台湾经济部长,相信,特朗普,2024-11-07,1.000000
台湾经济部长,欣赏,特朗普,2024-11-07,1.000000
台湾经济部长,认为违规,特朗普,2024-11-07,1.000000
台湾经济部长,感到不满,特朗普,2024-11-07,1.000000
特朗普,认可,台积电,2024-11-07,1.000000
特朗普,认为恐怖,台积电,2024-11-07,1.000000
台湾经济部长,批评,特朗普,2024-11-07,1.000000
台积电,认可,台积电,2024-11-07,1.000000
美国,攻击,中国,2024-11-07,1.000000
特朗普,担忧,台积电,2024-11-07,1.000000
特朗普,认为优秀,台积电,2024-11-07,1.000000
特朗普,损害,美国,2024-11-07,1.000000
台湾经济部长,认为缺乏,特朗普,2024-11-07,1.000000
特朗普,批评,台积电,2024-11-07,1.000000
特朗普,担忧,台积电,2024-11-07,1.000000
台湾经济部长,认为有暴力,特朗普,2024-11-07,1.000000
台湾经济部长,视作英雄,特朗普,2024-11-07,1.000000
台湾经济部长,认为热情,特朗普,2024-11-07,1.000000
台湾经济部长,认为非法,特朗普,2024-11-07,1.000000
特朗普,认为违规,台积电,2024-11-07,1.000000
美国,认为有威胁,台积电,2024-11-10,1.000000
美国,攻击,台积电,2024-11-10,1.000000
特朗普,认为非法,美国,2024-11-10,1.000000
美国,威胁,台积电,2024-11-10,1.000000
美国,损害,台积电,2024-11-10,1.000000
特朗普,攻击,台积电,2024-11-10,1.000000
特朗普,损害,台积电,2024-11-10,1.000000
特朗普,质疑,美国,2024-11-10,1.000000
特朗普,质疑,台湾,2024-11-10,1.000000
特朗普,认为违规,美国,2024-11-10,1.000000
特朗普,认为犯罪,美国,2024-11-10,1.000000
特朗普,批评,美国,2024-11-10,1.000000
特朗普,批评,台湾,2024-11-10,1.000000
美国,损害,台积电,2024-11-10,1.000000
美国,损害,台积电,2024-11-10,1.000000
英特尔,增进,美国,2025-01-15,1.000000
英特尔,支持,半导体,2025-01-15,1.000000
美国,质疑,台积电,2024-11-14,1.000000
美国,增进,半导体,2024-11-14,1.000000
特朗普,增进,半导体,2024-11-14,1.000000
美国,质疑,《芯片法案》,2024-11-14,1.000000
美国,批评,《芯片法案》,2024-11-14,1.000000
美国,批评,《芯片法案》,2024-11-14,1.000000
特朗普,质疑,《芯片法案》,2024-11-14,1.000000
美国,支持,台积电,2024-11-14,1.000000
特朗普,认为违规,《芯片法案》,2024-11-14,1.000000
特朗普,批评,《芯片法案》,2024-11-14,1.000000
美国,提供资金,TSMC,2024-11-14,1.000000
TSMC,完成协议,协议,2024-11-14,1.000000
TSMC,开放设施,亚利桑那州,2024-11-14,1.000000
美国,宣布生产良率,生产良率,2024-11-14,1.000000
美国,拨款,TSMC,2024-11-14,1.000000
美国,提供贷款,TSMC,2024-11-14,1.000000
美国,下降,芯片制造比例,2024-11-14,1.000000
施耐德,认为有危机,英伟达,2025-01-11,1.000000
威廉·施耐德,认为优秀,英伟达,2025-01-11,1.000000
威廉·施耐德,质疑,英伟达,2025-01-11,1.000000
施耐德,认为优秀,英伟达,2025-01-11,1.000000
施耐德,担忧,英伟达,2025-01-11,1.000000
施耐德,认为恐怖,英伟达,2025-01-11,1.000000
威廉·施耐德,认可,英伟达,2025-01-11,1.000000
施耐德,质疑,英伟达,2025-01-11,1.000000
施耐德,认为有成就,英伟达,2025-01-11,1.000000
施耐德,认可,英伟达,2025-01-11,1.000000
威廉·施耐德,批评,英伟达,2025-01-11,1.000000
施耐德,批评,英伟达,2025-01-11,1.000000
威廉·施耐德,认为可靠,英伟达,2025-01-11,1.000000
施耐德,认为可靠,英伟达,2025-01-11,1.000000
路透社,主导,台积电,2024-11-14,1.000000
美国,担忧,台积电,2024-11-14,1.000000
路透社,相信,台积电,2024-11-14,1.000000
美国,视作英雄,拜登,2024-11-14,1.000000
路透社,认为违规,台积电,2024-11-14,1.000000
路透社,感到不满,台积电,2024-11-14,1.000000
美国,主导,台积电,2024-11-14,1.000000
美国,批评,台积电,2024-11-14,1.000000
美国,认为违规,台积电,2024-11-14,1.000000
路透社,认为失败,台积电,2024-11-14,1.000000
美国,认为犯罪,台积电,2024-11-14,1.000000
路透社,威胁,台积电,2024-11-14,1.000000
路透社,攻击,台积电,2024-11-14,1.000000
台积电,增进,第三座晶圆厂,2024-11-14,1.000000
美国,感到不满,台积电,2024-11-14,1.000000
路透社,认为可靠,台积电,2024-11-14,1.000000
雷蒙多,认为违规,台积电,2024-11-14,1.000000
美国,认为失败,台积电,2024-11-14,1.000000
台积电,视作英雄,特朗普,2024-11-14,1.000000
路透社,质疑,台积电,2024-11-14,1.000000
路透社,认为优秀,台积电,2024-11-14,1.000000
美国,攻击,台积电,2024-11-14,1.000000
美国,质疑,台积电,2024-11-14,1.000000
路透社,认可,台积电,2024-11-14,1.000000
美国,认为优秀,三星,2024-11-14,1.000000
美国,视作英雄,吉娜·雷蒙多,2024-11-14,1.000000
路透社,损害,台积电,2024-11-14,1.000000
美国,认可,台积电,2024-11-14,1.000000
路透社,支持,台积电,2024-11-14,1.000000
路透社,认为恐怖,台积电,2024-11-14,1.000000
路透社,担忧,台积电,2024-11-14,1.000000
美国,支持,台积电,2024-11-14,1.000000
路透社,批评,台积电,2024-11-14,1.000000
TSMC,扩大投资,美国,2024-11-14,1.000000
TSMC,开始生产,2纳米技术,2024-11-14,1.000000
TSMC,使用,A16芯片制造技术,2024-11-14,1.000000
TSMC,获得贷款,美国,2024-11-14,1.000000
TSMC,承诺,股票回购和利润分享,2024-11-14,1.000000
美国,通过,《芯片与科学法案》,2024-11-14,1.000000
美国,提供资金,三星,2024-11-14,1.000000
美国,提供资金,英特尔,2024-11-14,1.000000
美国,提供资金,美光科技,2024-11-14,1.000000
美国,要求,TSMC,2024-11-14,1.000000
美国,质疑,谷歌,2024-09-06,1.000000
美国,认为有暴力,谷歌,2024-09-06,1.000000
美国,感到满意,谷歌,2024-09-06,1.000000
美国,感到不满,谷歌,2024-09-06,1.000000
美国,认为违规,谷歌,2024-09-06,1.000000
美国,增进,半导体,2024-09-06,1.000000
美国,支持,谷歌,2024-09-06,1.000000
美国,主导,谷歌出售Chrome,2024-09-06,1.000000
美国,批评,谷歌,2024-09-06,1.000000
美国,认可,谷歌,2024-09-06,1.000000
TSMC,启动工程晶圆生产,亚利桑那州,2024-09-06,1.000000
TSMC,获得补贴,美国,2024-09-06,1.000000
TSMC,投资,美国,2024-09-06,1.000000
TSMC,试产成功,亚利桑那州,2024-09-06,1.000000
TSMC,面临挑战,美国,2024-09-06,1.000000
TSMC,缓解担忧,效率问题,2024-09-06,1.000000
特朗普,质疑,半导体,2024-11-13,1.000000
特朗普,批评,半导体,2024-11-13,1.000000
特朗普,损害,芯片业务,2024-11-13,1.000000
特朗普,批评,半导体,2024-11-13,1.000000
特朗普,质疑,半导体,2024-11-13,1.000000
美国,攻击,台湾,2024-11-13,1.000000
阳丙长,担忧,美国,2024-11-13,1.000000
特朗普,批评,半导体,2024-11-13,1.000000
特朗普,损害,芯片业务,2024-11-13,1.000000
美国,主导,贸易惩罚,2024-11-13,1.000000
台湾央行,担忧,美国,2024-11-13,1.000000
特朗普,损害,台积电,2024-11-13,1.000000
特朗普,主导,《乔·罗根播客》,2024-11-13,1.000000
特朗普,担忧,美国,2024-11-13,1.000000
路透社,攻击,台湾,2024-11-13,1.000000
特朗普,质疑,半导体,2024-11-13,1.000000
特朗普,认为有威胁,台湾,2024-11-13,1.000000
特朗普,增进,新关税,2024-11-13,1.000000
特朗普,主导,《乔·罗根播客》,2024-11-13,1.000000
特朗普,认为有危机,台湾,2025-02-13,1.000000
美国,欢迎,台湾,2025-02-13,1.000000
日本,威胁,中国,2025-02-13,1.000000
特朗普,欢迎,台湾,2025-02-13,1.000000
美国,喜欢,台湾,2025-02-13,1.000000
特朗普,批评,台湾,2025-02-13,1.000000
特朗普,喜欢,台湾,2025-02-13,1.000000
赖清德,认为有危机,台湾,2025-02-13,1.000000
特朗普,增进,美国,2025-02-13,1.000000
特朗普,批评,台湾,2025-02-13,1.000000
日本,欢迎,台湾,2025-02-13,1.000000
特朗普,担忧,台湾,2025-02-13,1.000000
日本,喜欢,台湾,2025-02-13,1.000000
特朗普,质疑,台湾,2025-02-13,1.000000
特朗普,认为违规,台湾,2025-02-13,1.000000
路透社路透社,认为可靠,台湾,2025-02-13,1.000000
加拿大多伦多,支持,路透社,2025-02-13,1.000000
赖清德,认为恐怖,台湾,2025-02-13,1.000000
特朗普,认为有威胁,台湾,2025-02-13,1.000000
赖清德,认为有威胁,台湾,2025-02-13,1.000000
特朗普,批评,台湾,2025-02-13,1.000000
特朗普,认可,台湾,2025-02-13,1.000000
赖清德,担忧,美国,2025-02-13,1.000000
赖清德,担忧,台湾,2025-02-13,1.000000
汤森路透公司,认为可靠,台湾,2025-02-13,1.000000
美国,认为有威胁,中国,2025-02-13,1.000000
特朗普,威胁,台湾,2025-02-13,1.000000
赖清德,增进,美国,2025-02-13,1.000000
美国,认为可靠,台湾,2025-02-13,1.000000
赖清德,认可,美国,2025-02-13,1.000000
加拿大多伦多,主导,路透社,2025-02-13,1.000000
特朗普,认为可靠,台湾,2025-02-13,1.000000
池田盛治,认为可靠,台湾,2025-02-13,1.000000
日本,认为有威胁,中国,2025-02-13,1.000000
美国,攻击,中国,2025-02-13,1.000000
台积电,增进,美国,2025-02-13,1.000000
日本,认为可靠,台湾,2025-02-13,1.000000
特朗普,质疑,台湾,2025-02-13,1.000000
赖清德,认为可靠,台湾,2025-02-13,1.000000
赖清德,威胁,台湾,2025-02-13,1.000000
魏哲家,认为热情,台积电,2024-11-07,1.000000
TSMC,预计收入增长,AI相关收入,2024-11-07,1.000000
TSMC,预测收入增长,AI相关收入,2024-11-07,1.000000
TSMC,收入增长,收入和每股收益,2024-11-07,1.000000
TSMC,市盈率,股价,2024-11-07,1.000000
TSMC,成为领先制造商,AI芯片,2024-11-07,1.000000
美国,主导,台积电,2024-11-17,1.000000
TSMC,计划,全球扩建,2024-11-17,1.000000
TSMC,资本支出,340-380亿美元,2024-11-17,1.000000
TSMC,发展,先进封装技术,2024-11-17,1.000000
TSMC,建设,日本熊本第二晶圆厂,2024-11-17,1.000000
TSMC,获得资金,美国,2024-11-17,1.000000
TSMC,建设,7座新工厂,2024-11-17,1.000000
TSMC,使用,EUV光刻系统,2024-11-17,1.000000
TSMC,股价上涨,83%,2024-11-17,1.000000
林次郎,批评,特朗普,2024-09-01,1.000000
林次郎,认为有威胁,台湾,2024-09-01,1.000000
林次郎,认为恐怖,台湾,2024-09-01,1.000000
林次郎,攻击,台湾,2024-09-01,1.000000
苏贞昌,支持,特朗普,2024-09-01,1.000000
路透社,主导,台积电,2024-09-01,1.000000
林次郎,认为非法,台湾,2024-09-01,1.000000
林次郎,威胁,台湾,2024-09-01,1.000000
林次郎,认可,台湾,2024-09-01,1.000000
苏贞昌,批评,台湾,2024-09-01,1.000000
林次郎,损害,台湾,2024-09-01,1.000000
林次郎,认可,特朗普,2024-09-01,1.000000
特朗普,认为恐怖,氯胺酮疗法,2024-09-01,1.000000
路透社,担忧,台积电,2024-09-01,1.000000
特朗普,损害,台湾,2024-09-01,1.000000
林次郎,认为可靠,台湾,2024-09-01,1.000000
路透社,批评,台湾,2024-09-01,1.000000
林次郎,质疑,台湾,2024-09-01,1.000000
林次郎,担忧,台湾,2024-09-01,1.000000
林次郎,质疑,特朗普,2024-09-01,1.000000
特朗普,认为非法,氯胺酮疗法,2024-09-01,1.000000
林次郎,认为有危机,台湾,2024-09-01,1.000000
特朗普,批评,台湾,2024-09-01,1.000000
林次郎,批评,台湾,2024-09-01,1.000000
林次郎,相信,台湾,2024-09-01,1.000000
苏贞昌,欣赏,特朗普,2024-09-01,1.000000
特朗普,认为可靠,氯胺酮疗法,2024-09-01,1.000000
特朗普,批评,台湾,2024-09-01,1.000000
美国,增进,特斯拉股价上涨,2024-11-15,1.000000
埃隆·马斯克,支持,美国,2024-11-15,1.000000
埃隆·马斯克,视作英雄,特朗普,2024-11-15,1.000000
特朗普,损害,海外制造芯片,2025-02-19,1.000000
特朗普,威胁,海外制造芯片,2025-02-19,1.000000
美国,视作英雄,赖清德,2025-02-19,1.000000
查斯教授,认为违规,美国,2025-02-19,1.000000
《海峡时报》,认为可靠,台湾,2025-02-19,1.000000
特朗普,认为有威胁,台湾,2025-02-19,1.000000
特朗普,质疑,台湾,2025-02-19,1.000000
查斯教授,认为犯罪,美国,2025-02-19,1.000000
特朗普,担忧,台湾,2025-02-19,1.000000
赖清德,认为有危机,台湾,2025-02-19,1.000000
特朗普,攻击,台湾,2025-02-19,1.000000
特朗普,感到不满,台湾,2025-02-19,1.000000
特朗普,损害,海外制造芯片征收关税,2025-02-19,1.000000
查斯教授,威胁,美国,2025-02-19,1.000000
特朗普,威胁,海外制造芯片征收关税,2025-02-19,1.000000
北京,质疑,台湾,2025-02-19,1.000000
特朗普,批评,台湾,2025-02-19,1.000000
北京,认为恐怖,台湾,2025-02-19,1.000000
特朗普,认可,台湾,2025-02-19,1.000000
特朗普,质疑,台湾,2025-02-19,1.000000
北京,认为有威胁,台湾,2025-02-19,1.000000
史蒂文·艾泽尔,认为恐怖,特朗普,2025-02-19,1.000000
史蒂文·艾泽尔,认为可靠,台湾,2025-02-19,1.000000
查斯教授,认为有威胁,台湾,2025-02-19,1.000000
赖清德,相信,台湾,2025-02-19,1.000000
史蒂文·艾泽尔,质疑,特朗普,2025-02-19,1.000000
赖清德,认为恐怖,台湾,2025-02-19,1.000000
吴志弘,感到不满,特朗普,2025-02-19,1.000000
赖清德,认为有威胁,台湾,2025-02-19,1.000000
特朗普,威胁,台湾,2025-02-19,1.000000
赖清德,担忧,台湾,2025-02-19,1.000000
朱利安·查斯,损害,台湾,2025-02-19,1.000000
特朗普,认为有威胁,海外制造芯片,2025-02-19,1.000000
特朗普,认为有危机,台湾,2025-02-19,1.000000
特朗普,认为有暴力,台湾,2025-02-19,1.000000
华盛顿,认为有威胁,台湾,2025-02-19,1.000000
查斯教授,认为可靠,台湾,2025-02-19,1.000000
北京,认为可靠,台湾,2025-02-19,1.000000
查斯教授,感到不满,美国,2025-02-19,1.000000
华盛顿,损害,台湾,2025-02-19,1.000000
查斯教授,担忧,美国,2025-02-19,1.000000
特朗普,认为恐怖,台湾,2025-02-19,1.000000
赖清德,认为可靠,台湾,2025-02-19,1.000000
台湾,感到不满,特朗普,2025-02-19,1.000000
查斯教授,认为有威胁,美国,2025-02-19,1.000000
汪阳,欣赏,特朗普,2024-11-05,1.000000
汪阳,相信,特朗普,2024-11-05,1.000000
汪阳,认可,特朗普,2024-11-05,1.000000
共和党,视作英雄,特朗普,2024-11-05,1.000000
汪阳,质疑,特朗普,2024-11-05,1.000000
特朗普,主导,《芯片法案》,2024-11-05,1.000000
汪阳,担忧,特朗普,2024-11-05,1.000000
特朗普,主导,美国,2024-11-05,1.000000
雷蒙多,认可,台积电,2024-11-14,1.000000
吉娜·雷蒙多,认可,台积电,2024-11-14,1.000000
吉娜·雷蒙多,认为优秀,台积电,2024-11-14,1.000000
吉娜·雷蒙多,认为恐怖,台积电,2024-11-14,1.000000
吉娜·雷蒙多,担忧,台积电,2024-11-14,1.000000
雷蒙多,损害,台积电,2024-11-14,1.000000
吉娜·雷蒙多,损害,台积电,2024-11-14,1.000000
雷蒙多,增进,美国,2024-11-14,1.000000
吉娜·雷蒙多,支持,台积电,2024-11-14,1.000000
雷蒙多,认为恐怖,台积电,2024-11-14,1.000000
吉娜·雷蒙多,认为有危机,台积电,2024-11-14,1.000000
雷蒙多,担忧,台积电,2024-11-14,1.000000
雷蒙多,认为优秀,台积电,2024-11-14,1.000000
美国,视作英雄,拜登总统,2024-11-14,1.000000
吉娜·雷蒙多,认为违规,台积电,2024-11-14,1.000000
雷蒙多,认为有危机,台积电,2024-11-14,1.000000
雷蒙多,感到不满,台积电,2024-11-14,1.000000
雷蒙多,批评,台积电,2024-11-14,1.000000
吉娜·雷蒙多,批评,台积电,2024-11-14,1.000000
雷蒙多,相信,台积电,2024-11-14,1.000000
雷蒙多,认为违规,台积电,2024-11-14,1.000000
雷蒙多,认为犯罪,台积电,2024-11-14,1.000000
吉娜·雷蒙多,认为犯罪,台积电,2024-11-14,1.000000
雷蒙多,认为有危机,美国,2024-11-14,1.000000
雷蒙多,认为有成就,台积电,2024-11-14,1.000000
雷蒙多,认为失败,台积电,2024-11-14,1.000000
吉娜·雷蒙多,相信,台积电,2024-11-14,1.000000
雷蒙多,威胁,台积电,2024-11-14,1.000000
雷蒙多,质疑,台积电,2024-11-14,1.000000
吉娜·雷蒙多,质疑,台积电,2024-11-14,1.000000
吉娜·雷蒙多,认为失败,台积电,2024-11-14,1.000000
吉娜·雷蒙多,威胁,台积电,2024-11-14,1.000000
吉娜·雷蒙多,认为有暴力,台积电,2024-11-14,1.000000
雷蒙多,认为有暴力,台积电,2024-11-14,1.000000
雷蒙多,认为可靠,台积电,2024-11-14,1.000000
雷蒙多,认为有威胁,台积电,2024-11-14,1.000000
吉娜·雷蒙多,认为有威胁,台积电,2024-11-14,1.000000
雷蒙多,认为非法,美国,2024-11-14,1.000000
吉娜·雷蒙多,认为可靠,台积电,2024-11-14,1.000000
雷蒙多,认为有威胁,美国,2024-11-14,1.000000
美国,视作英雄,拜登总统,2024-11-14,1.000000
TSMC,增加投资,美国,2024-11-14,1.000000
TSMC,生产,2纳米芯片,2024-11-14,1.000000
TSMC,使用,A16芯片生产技术,2024-11-14,1.000000
TSMC,获得,美国,2024-11-14,1.000000
TSMC,承诺,不进行股票回购,2024-11-14,1.000000
TSMC,停止,向中国出口先进芯片,2024-11-14,1.000000
TSMC,表达,对协议的乐观,2024-11-14,1.000000
史蒂芬·施瓦茨曼,认为优秀,英伟达,2024-10-16,1.000000
美国,担忧,收入购物者的财务状况,2024-10-16,1.000000
美国,损害,就业市场,2024-10-16,1.000000
TSMC,股票上涨,美国,2024-10-16,1.000000
吴政隆,欢迎,彭博社,2024-10-27,1.000000
吴政隆,感谢,彭博社,2024-10-27,1.000000
台积公司(TSMC),主导,美国,2024-11-09,1.000000
台积公司,主导,美国,2024-11-09,1.000000
《台北时报》,视作英雄,特朗普,2024-11-09,1.000000
特朗普,增进,2纳米芯片,2024-11-09,1.000000
特朗普,主导,美国,2024-11-09,1.000000
美国,认可,台积公司,2024-11-09,1.000000
特朗普,增进,美国,2024-11-09,1.000000
台积公司,增进,美国,2024-11-09,1.000000
美国,支持,台积公司,2024-11-09,1.000000
台湾政府,损害,台积公司,2024-11-04,1.000000
杰夫·贝索斯,攻击,英伟达,2024-12-02,1.000000
三星,攻击,英伟达,2024-12-02,1.000000
杰姆·凯勒,攻击,英伟达,2024-12-02,1.000000
西方政府,损害,中国,2025-01-08,1.000000
西方政府,威胁,中国,2025-01-08,1.000000
西方政府,认为有威胁,中国,2025-01-08,1.000000
美国,损害,ASML,2025-01-08,1.000000
TSMC,预计收入增长,AI相关业务,2025-01-08,1.000000
TSMC,推出产品,2纳米芯片,2025-01-08,1.000000
日本,主导,半导体,2024-10-02,1.000000
汪阳,认为优秀,特朗普,2024-11-05,1.000000
汪阳,认可,特朗普,2024-11-05,1.000000
汪阳,欣赏,特朗普,2024-11-05,1.000000
汪阳,认为恐怖,特朗普,2024-11-05,1.000000
汪阳,认为缺乏,特朗普,2024-11-05,1.000000
汪阳,相信,特朗普,2024-11-05,1.000000
汪阳,认为失败,特朗普,2024-11-05,1.000000
汪阳,认为有威胁,特朗普,2024-11-05,1.000000
汪阳,认为有危机,特朗普,2024-11-05,1.000000
汪阳,认为可靠,特朗普,2024-11-05,1.000000
共和党,视作英雄,特朗普,2024-11-05,1.000000
汪阳,批评,特朗普,2024-11-05,1.000000
汪阳,质疑,特朗普,2024-11-05,1.000000
汪阳,担忧,特朗普,2024-11-05,1.000000
杰夫·贝索斯,攻击,英伟达,2024-12-02,1.000000
黄仁勋,认为有暴力,台积电,2024-12-30,1.000000
黄仁勋,支持,台积电,2024-12-30,1.000000
黄仁勋,喜欢,台积电,2024-12-30,1.000000
黄仁勋,认为优秀,台积电,2024-12-30,1.000000
黄仁勋,批评,台积电,2024-12-30,1.000000
黄仁勋,感到满意,台积电,2024-12-30,1.000000
黄仁勋,认为可靠,台积电,2024-12-30,1.000000
黄仁勋,相信,台积电,2024-12-30,1.000000
黄仁勋,认为失败,台积电,2024-12-30,1.000000
黄仁勋,欣赏,台积电,2024-12-30,1.000000
黄仁勋,质疑,台积电,2024-12-30,1.000000
黄仁勋,认可,台积电,2024-12-30,1.000000
台积公司,主导,美国,2024-11-09,1.000000
《台北时报》,视作英雄,特朗普,2024-11-09,1.000000
台积公司（TSMC）,主导,美国,2024-11-09,1.000000
台积公司（TSMC）,认为失败,美国,2024-11-09,1.000000
台积公司,增进,美国,2024-11-09,1.000000
美国,支持,台积公司,2024-11-09,1.000000
汪阳,认可,特朗普,2024-11-05,1.000000
汪阳,欣赏,特朗普,2024-11-05,1.000000
汪阳,认为恐怖,特朗普,2024-11-05,1.000000
汪阳,认为缺乏,特朗普,2024-11-05,1.000000
汪阳,相信,特朗普,2024-11-05,1.000000
共和党,视作英雄,特朗普,2024-11-05,1.000000
特朗普,损害,海外企业,2024-11-05,1.000000
共和党,主导,美国,2024-11-05,1.000000
汪阳,质疑,特朗普,2024-11-05,1.000000
汪阳,担忧,特朗普,2024-11-05,1.000000
特朗普,主导,美国,2024-11-05,1.000000
华纳参议员,质疑,台积电,2024-10-31,1.000000
参议员,认为有威胁,台积电,2024-10-31,1.000000
路透社,认为有威胁,华为,2024-10-31,1.000000
路透社,感到满意,拜登政府,2024-10-31,1.000000
美国,认可,华为,2024-10-31,1.000000
参议员,认为有威胁,美国,2024-10-31,1.000000
美国,支持,华为,2024-10-31,1.000000
路透社,认为失败,拜登政府,2024-10-31,1.000000
路透社,认为有威胁,美国,2024-10-31,1.000000
路透社,威胁,拜登政府,2024-10-31,1.000000
华纳参议员,认为有威胁,台积电,2024-10-31,1.000000
美国,认为有威胁,华为,2024-10-31,1.000000
华纳参议员,担忧,台积电,2024-10-31,1.000000
民主党,质疑,拜登政府,2024-10-31,1.000000
民主党,认为有威胁,美国,2024-10-31,1.000000
华纳参议员,认为有危机,台积电,2024-10-31,1.000000
路透社,相信,拜登政府,2024-10-31,1.000000
路透社,认为违规,拜登政府,2024-10-31,1.000000
美国,认为有危机,华为,2024-10-31,1.000000
拜登政府,认为有威胁,美国,2024-10-31,1.000000
路透社,认可,拜登政府,2024-10-31,1.000000
美国,担忧,华为,2024-10-31,1.000000
路透社,支持,拜登政府,2024-10-31,1.000000
路透社,认为恐怖,拜登政府,2024-10-31,1.000000
参议员,担忧,台积电,2024-10-31,1.000000
拜登政府,威胁,华为,2024-10-31,1.000000
参议员,认为有危机,台积电,2024-10-31,1.000000
参议员,威胁,美国,2024-10-31,1.000000
路透社,感到不满,拜登政府,2024-10-31,1.000000
路透社,威胁,美国,2024-10-31,1.000000
路透社,攻击,拜登政府,2024-10-31,1.000000
路透社,认为有暴力,拜登政府,2024-10-31,1.000000
路透社,质疑,拜登政府,2024-10-31,1.000000
拜登政府,威胁,美国,2024-10-31,1.000000
美国,威胁,华为,2024-10-31,1.000000
路透社,担忧,拜登政府,2024-10-31,1.000000
路透社,批评,拜登政府,2024-10-31,1.000000
路透社,认为有危机,华为,2024-10-31,1.000000
美国,实施,出口规则变更,2024-10-31,1.000000
美国,列入,华为,2024-10-31,1.000000
TSMC,制造,芯片,2024-10-31,1.000000
美国,担忧,华为,2024-10-31,1.000000
TSMC,提供,旧处理器,2024-10-31,1.000000
美国,担忧,SMIC,2024-10-31,1.000000
美国,担忧,Mate 60系列,2024-10-31,1.000000
特朗普,认为有威胁,中国,2024-12-01,1.000000
特朗普,威胁,中国,2024-12-01,1.000000
特朗普,担忧,贸易关系,2024-12-01,1.000000
TSMC,预计营收增长,25%,2024-12-15,1.000000
TSMC,推动需求,AI数据中心芯片,2024-12-15,1.000000
TSMC,设定股价目标,$240,2024-12-15,1.000000
Russ Mould,认为优秀,英伟达,2024-10-29,1.000000
Russ Mould,认为优秀,英伟达,2024-10-29,1.000000
美国,主导,停工,2024-09-30,1.000000
英伟达,损害,华为,2025-01-16,1.000000
特朗普,损害,华为,2025-01-16,1.000000
英伟达,感到满意,特朗普,2025-01-16,1.000000
英伟达,支持,特朗普,2025-01-16,1.000000
英伟达,认可,特朗普,2025-01-16,1.000000
高通公司,欣赏,英特尔,2024-12-03,1.000000
帕特·盖辛格,主导,英特尔,2024-12-03,1.000000
盖辛格,感到不满,英特尔,2024-12-03,1.000000
摩根士丹利,认为优秀,英特尔,2024-12-03,1.000000
摩根士丹利,增进,英特尔,2024-12-03,1.000000
帕特·盖辛格,感到不满,英特尔,2024-12-03,1.000000
高通公司,担忧,英特尔,2024-12-03,1.000000
台积电,损害,英特尔,2024-12-03,1.000000
高通公司,喜欢,英特尔,2024-12-03,1.000000
高通公司,质疑,英特尔,2024-12-03,1.000000
摩根士丹利,支持,英特尔,2024-12-03,1.000000
台积电,攻击,英特尔,2024-12-03,1.000000
盖辛格,主导,英特尔,2024-12-03,1.000000
台积电,威胁,英特尔,2024-12-03,1.000000
帕特·盖尔辛格,认为有危机,英特尔,2024-10-14,1.000000
路透社,认为优秀,华为,2024-10-27,1.000000
美国,增进,出口规则,2024-10-27,1.000000
乔·罗根,认为非法,台湾,2024-12-25,1.000000
特朗普,损害,美国,2024-12-25,1.000000
乔·罗根,损害,美国,2024-12-25,1.000000
乔·罗根,主导,美国,2024-12-25,1.000000
特朗普,担忧,半导体,2024-12-25,1.000000
乔·罗根,认为失败,美国,2024-12-25,1.000000
乔·罗根,认为有威胁,台湾,2024-12-25,1.000000
乔·罗根,认为非法,美国,2024-12-25,1.000000
黄仁勋,担忧,半导体,2024-12-25,1.000000
乔·罗根,损害,台湾,2024-12-25,1.000000
乔·罗根,威胁,台湾,2024-12-25,1.000000
乔·罗根,质疑,美国,2024-12-25,1.000000
特朗普,批评,美国,2024-12-25,1.000000
乔·罗根,认为违规,美国,2024-12-25,1.000000
乔·罗根,认为可靠,台湾,2024-12-25,1.000000
乔·罗根,批评,美国,2024-12-25,1.000000
乔·罗根,认为犯罪,美国,2024-12-25,1.000000
乔·罗根,认可,美国,2024-12-25,1.000000
乔·罗根,认为有危机,台湾,2024-12-25,1.000000
台湾,损害,美国,2024-12-25,1.000000
TSMC,合作关系,NVIDIA,2024-12-25,1.000000
TSMC,投资,美国,2024-12-25,1.000000
TSMC,投资,全球,2024-12-25,1.000000
TSMC,营收增长,39%年比,2024-12-25,1.000000
TSMC,股价上涨,103.22%,2024-12-25,1.000000
谷歌,认为有成就,台积电,2024-10-19,1.000000
黄仁勋,认可,台积电,2024-10-19,1.000000
黄伟伦,认为有成就,台积电,2024-10-19,1.000000
路透社,质疑,台湾,2024-10-30,1.000000
共和党,质疑,台湾,2024-10-30,1.000000
共和党,认为有威胁,台湾,2024-10-30,1.000000
路透社,质疑,英特尔,2024-10-30,1.000000
美国,攻击,台湾,2024-11-19,1.000000
特朗普,担忧,英伟达,2024-11-19,1.000000
特朗普,认可,英伟达,2024-11-19,1.000000
美国,威胁,中国,2024-11-19,1.000000
特朗普,感到不满,英伟达,2024-11-19,1.000000
特朗普,认为优秀,英伟达,2024-11-19,1.000000
特朗普,欣赏,英伟达,2024-11-19,1.000000
美国,认为有威胁,中国,2024-11-19,1.000000
特朗普,认为可靠,市场环境,2024-11-19,1.000000
特朗普,支持,英伟达,2024-11-19,1.000000
特朗普,攻击,英伟达,2024-11-19,1.000000
特朗普,喜欢,英伟达,2024-11-19,1.000000
特朗普,损害,英伟达,2024-11-19,1.000000
美国,攻击,中国,2024-11-19,1.000000
TSMC,制造,NVIDIA的芯片,2024-11-19,1.000000
三星电子,竞争,TSMC,2024-10-07,1.000000
三星电子,计划超越,TSMC,2024-10-07,1.000000
杰夫·贝索斯,认为优秀,英伟达,2024-09-03,1.000000
彭博社,认为有危机,英伟达,2024-09-03,1.000000
杰夫·贝索斯,认为有成就,英伟达,2024-09-03,1.000000
杰夫·贝索斯,认可,英伟达,2024-09-03,1.000000
彭博社,认为有暴力,英伟达,2024-09-03,1.000000
杰夫·贝索斯,支持,英伟达,2024-09-03,1.000000
彭博社,认为优秀,英伟达,2024-09-03,1.000000
彭博社,相信,英伟达,2024-09-03,1.000000
杰夫·贝索斯,主导,英伟达,2024-09-03,1.000000
彭博社,认为有威胁,英伟达,2024-09-03,1.000000
彭博社,认为恐怖,英伟达,2024-09-03,1.000000
彭博社,质疑,英伟达,2024-09-03,1.000000
彭博社,担忧,英伟达,2024-09-03,1.000000
杰夫·贝索斯,喜欢,英伟达,2024-09-03,1.000000
杰夫·贝索斯,增进,英伟达,2024-09-03,1.000000
杰夫·贝索斯,感到满意,英伟达,2024-09-03,1.000000
TSMC,股价下跌,股价,2024-09-03,1.000000
美国,损害,华为,2024-10-27,1.000000
美国,认为优秀,台积公司,2024-10-27,1.000000
美国,损害,中国,2024-10-27,1.000000
卓以和,主导,台积公司,2024-10-27,1.000000
美国,支持,华为,2024-10-27,1.000000
苹果公司,支持,台积电,2024-10-20,1.000000
特朗普,认为恐怖,《芯片法案》,2024-11-15,1.000000
特朗普,批评,《芯片法案》,2024-11-15,1.000000
特朗普,主导,《芯片法案》,2024-11-15,1.000000
特朗普,质疑,《芯片法案》,2024-11-15,1.000000
特朗普,感到不满,《芯片法案》,2024-11-15,1.000000
特朗普,认为违规,《芯片法案》,2024-11-15,1.000000
特朗普,认为犯罪,《芯片法案》,2024-11-15,1.000000
《财富》杂志,认为优秀,特朗普,2024-11-15,1.000000
特朗普,认为有暴力,《芯片法案》,2024-11-15,1.000000
特朗普,担忧,《芯片法案》,2024-11-15,1.000000
TSMC,获得直接资金补贴,美国,2024-11-15,1.000000
美国,提供贷款,TSMC,2024-11-15,1.000000
TSMC,获得初始资金,美国,2024-11-15,1.000000
TSMC,承诺投资,亚利桑那州,2024-11-15,1.000000
美国,创造就业,美国,2024-11-15,1.000000
TSMC,计划生产,先进芯片,2024-11-15,1.000000
美国,签署法案,CHIPS Act,2024-11-15,1.000000
TSMC,签署初步协议,美国,2024-11-15,1.000000
TSMC,占据市场份额,全球合同芯片制造,2024-10-18,1.000000
TSMC,占据市场份额,先进芯片第三方代工,2024-10-18,1.000000
TSMC,营收增长,23.5亿美元,2024-10-18,1.000000
TSMC,净利润增长,10.1亿美元,2024-10-18,1.000000
TSMC,提供营收指引,第四季度,2024-10-18,1.000000
TSMC,高管评论,AI需求,2024-10-18,1.000000
TSMC,毛利率提升,57.8%,2024-10-18,1.000000
特朗普,认为有威胁,墨西哥,2024-11-27,1.000000
《亚洲尼基尼科》,视作英雄,特朗普,2024-11-27,1.000000
埃吉金斯基,相信,英伟达,2024-11-27,1.000000
美国,认为有威胁,墨西哥,2024-11-27,1.000000
美国,攻击,墨西哥,2024-11-27,1.000000
埃吉金斯基,认可,英伟达,2024-11-27,1.000000
埃迪·埃吉金斯基,认为优秀,英伟达,2024-11-27,1.000000
美国,威胁,墨西哥,2024-11-27,1.000000
埃吉金斯基,认为优秀,英伟达,2024-11-27,1.000000
埃迪·埃吉金斯基,质疑,英伟达,2024-11-27,1.000000
美国,损害,墨西哥,2024-11-27,1.000000
埃吉金斯基,担忧,英伟达,2024-11-27,1.000000
埃吉金斯基,质疑,英伟达,2024-11-27,1.000000
埃迪·埃吉金斯基,认为有危机,英伟达,2024-11-27,1.000000
帕特·盖辛格,认为优秀,英特尔,2024-09-16,1.000000
帕特·盖辛格,担忧,英特尔,2024-09-16,1.000000
乔·罗根,认为非法,台湾,2024-11-05,1.000000
特朗普,攻击,卡玛拉·哈里斯,2024-11-05,1.000000
乔·罗根,认为恐怖,台湾,2024-11-05,1.000000
特朗普,质疑,台湾,2024-11-05,1.000000
乔·罗根,担忧,台湾,2024-11-05,1.000000
乔·罗根,认为有威胁,台湾,2024-11-05,1.000000
特朗普,批评,台湾,2024-11-05,1.000000
乔·罗根,质疑,台湾,2024-11-05,1.000000
特朗普,质疑,台湾,2024-11-05,1.000000
特朗普,质疑,台湾,2024-11-05,1.000000
乔·罗根,认为违规,台湾,2024-11-05,1.000000
乔·罗根,认为犯罪,台湾,2024-11-05,1.000000
特朗普,主导,竞选集会,2024-11-05,1.000000
特朗普,认为违规,台湾,2024-11-05,1.000000
乔·罗根,批评,台湾,2024-11-05,1.000000
特朗普,认为有威胁,台湾,2024-11-05,1.000000
特朗普,攻击,卡玛拉·哈里斯,2024-11-05,1.000000
乔·罗根,损害,台湾,2024-11-05,1.000000
特朗普,批评,台湾,2024-11-05,1.000000
乔·罗根,威胁,台湾,2024-11-05,1.000000
特朗普,攻击,卡玛拉·哈里斯,2024-11-05,1.000000
乔·罗根,认为有危机,台湾,2024-11-05,1.000000
特朗普,质疑,台湾,2024-11-05,1.000000
乔·罗根,认为失败,台湾,2024-11-05,1.000000
台湾,损害,半导体,2024-11-05,1.000000
特朗普,认为违规,《芯片和科学法案》,2024-11-15,1.000000
特朗普,主导,《芯片和科学法案》,2024-11-15,1.000000
特朗普,批评,《芯片和科学法案》,2024-11-15,1.000000
特朗普,感到不满,《芯片和科学法案》,2024-11-15,1.000000
特朗普,欣赏,《芯片和科学法案》,2024-11-15,1.000000
特朗普,认为犯罪,《芯片和科学法案》,2024-11-15,1.000000
特朗普,认为非法,《芯片和科学法案》,2024-11-15,1.000000
特朗普,认为缺乏,《芯片和科学法案》,2024-11-15,1.000000
特朗普,认为失败,《芯片和科学法案》,2024-11-15,1.000000
特朗普,威胁,《芯片和科学法案》,2024-11-15,1.000000
特朗普,认为可靠,《芯片和科学法案》,2024-11-15,1.000000
特朗普,感到满意,《芯片和科学法案》,2024-11-15,1.000000
特朗普,攻击,《芯片和科学法案》,2024-11-15,1.000000
特朗普,认为有暴力,《芯片和科学法案》,2024-11-15,1.000000
特朗普,认可,《芯片和科学法案》,2024-11-15,1.000000
特朗普,质疑,《芯片和科学法案》,2024-11-15,1.000000
特朗普,认为恐怖,《芯片和科学法案》,2024-11-15,1.000000
特朗普,担忧,《芯片和科学法案》,2024-11-15,1.000000
特朗普,支持,《芯片和科学法案》,2024-11-15,1.000000
特朗普,认为有威胁,《芯片和科学法案》,2024-11-15,1.000000
美国,提供补贴,台积电,2024-11-15,1.000000
台积电,获得资金,10亿美元,2024-11-15,1.000000
台积电,承诺投资,650亿美元,2024-11-15,1.000000
美国,发放资金,台积电,2024-11-15,1.000000
台积电,生产芯片,亚利桑那州,2024-11-15,1.000000
美国,签署,CHIPS法案,2024-11-15,1.000000
台积电,达成协议,美国,2024-11-15,1.000000
台积电,建设工厂,亚利桑那州,2024-11-15,1.000000
TSMC,推动,AI和自主系统,2025-02-11,1.000000
TSMC,主导,亚太地区ASIC市场,2025-02-11,1.000000
台积电,认为优秀,英特尔,2024-12-03,1.000000
帕特·盖尔辛格,主导,英特尔,2024-12-03,1.000000
台积电,视作英雄,盖尔辛格,2024-12-03,1.000000
台积电,感到不满,英特尔,2024-12-03,1.000000
帕特·盖尔辛格,感到不满,英特尔,2024-12-03,1.000000
台积电,损害,英特尔,2024-12-03,1.000000
台积电,担忧,英特尔,2024-12-03,1.000000
台积电,攻击,英特尔,2024-12-03,1.000000
台积电,威胁,英特尔,2024-12-03,1.000000
卡玛拉·哈里斯,认为非法,中国,2024-10-21,1.000000
卡玛拉·哈里斯,威胁,中国,2024-10-21,1.000000
特朗普,攻击,台湾,2024-10-21,1.000000
卡玛拉·哈里斯,攻击,中国,2024-10-21,1.000000
特朗普,威胁,台湾,2024-10-21,1.000000
KAILEY,担忧,台湾,2024-10-21,1.000000
卡玛拉·哈里斯,攻击,台湾,2024-10-21,1.000000
KAILEY,欣赏,特朗普,2024-10-21,1.000000
特朗普,增进,关税,2024-10-21,1.000000
KAILEY,担忧,台积电,2024-10-21,1.000000
KAILEY,喜欢,特朗普,2024-10-21,1.000000
RAJA,认为有威胁,中国,2024-10-21,1.000000
RAJA,喜欢,特朗普,2024-10-21,1.000000
特朗普,认为违规,关税,2024-10-21,1.000000
特朗普,喜欢,关税,2024-10-21,1.000000
KAILEY,认为有威胁,台湾,2024-10-21,1.000000
卡玛拉·哈里斯,认为有威胁,中国,2024-10-21,1.000000
TSMC,报告,美国,2024-10-21,1.000000
TSMC,发布财报,良好表现,2024-10-21,1.000000
TSMC,面临,风险/责任,2024-10-21,1.000000
美国,提供补贴,TSMC,2024-11-14,1.000000
美国,提供贷款,TSMC,2024-11-14,1.000000
TSMC,创造,数万就业岗位,2024-11-14,1.000000
TSMC,生产,先进芯片,2024-11-14,1.000000
TSMC,股价下跌,华尔街,2024-11-14,1.000000
路透社,担忧,台积电,2025-01-10,1.000000
TSMC,报告,Q4营收,2025-01-10,1.000000
TSMC,增长,营收,2025-01-10,1.000000
TSMC,报告,12月营收,2025-01-10,1.000000
TSMC,预测,Q4营收,2025-01-10,1.000000
TSMC,发布,Q4财报,2025-01-10,1.000000
TSMC,股价上涨,股票,2025-01-10,1.000000
TSMC,受益,AI需求,2025-01-10,1.000000
Bloomberg,认为优秀,台积电,2024-10-24,1.000000
民进党政府,增进,台积电,2024-10-19,1.000000
《华盛顿邮报》,视作英雄,美国,2024-10-19,1.000000
特朗普,担忧,台湾,2024-10-19,1.000000
特朗普,认为非法,台湾,2024-10-19,1.000000
特朗普,认为有威胁,台湾,2024-10-19,1.000000
特朗普,批评,台湾,2024-10-19,1.000000
特朗普,认可,台湾,2024-10-19,1.000000
魏哲家,增进,美国,2024-10-28,1.000000
TSMC,净利润增长,101亿美元,2024-10-28,1.000000
TSMC,上调营收增长预期,全年营收,2024-10-28,1.000000
TSMC,预计营收,第四季度,2024-10-28,1.000000
TSMC,良率提高,美国,2024-10-28,1.000000
TSMC,领导地位,AI芯片,2024-10-28,1.000000
波士顿咨询集团,认为恐怖,美国,2024-11-26,1.000000
波士顿咨询集团,相信,美国,2024-11-26,1.000000
波士顿咨询集团,担忧,美国,2024-11-26,1.000000
央行,认为优秀,台积电,2024-12-30,1.000000
TSMC,股价上涨,81%,2024-12-30,1.000000
TSMC,报告,创纪录季度利润,2024-12-30,1.000000
美国,损害,华为,2024-10-27,1.000000
美国,损害,中国,2024-10-27,1.000000
彭博社,认为有成就,台积公司,2024-10-27,1.000000
特朗普,认可,关税和税制政策,2025-01-16,1.000000
特朗普,增进,经济增长,2025-01-16,1.000000
特朗普,主导,关税和税制政策,2025-01-16,1.000000
特朗普,支持,美元,2025-01-16,1.000000
特朗普,支持,关税和税制政策,2025-01-16,1.000000
特朗普,增进,税制政策,2025-01-16,1.000000
美国,担忧,通胀,2025-01-16,1.000000
Y.J. Mi,相信,路透社,2024-09-03,1.000000
特朗普,认为犯罪,美国,2024-11-15,1.000000
台湾,损害,美国,2024-11-15,1.000000
特朗普,认为违规,美国,2024-11-15,1.000000
特朗普,威胁,台湾,2024-11-15,1.000000
特朗普,批评,美国,2024-11-15,1.000000
台湾,增进,美国,2024-11-15,1.000000
特朗普,认为犯罪,美国,2024-11-15,1.000000
特朗普,认为违规,美国,2024-11-15,1.000000
特朗普,批评,美国,2024-11-15,1.000000
特朗普,威胁,台湾,2024-11-15,1.000000
特朗普,损害,美国,2024-11-15,1.000000
特朗普,损害,台湾,2024-11-15,1.000000
特朗普,损害,美国,2024-11-15,1.000000
特朗普,质疑,美国,2024-11-15,1.000000
Adobe,视作英雄,特朗普,2024-11-15,1.000000
美国,支持,台积电,2024-11-15,1.000000
美国,增进,芯片设施,2024-11-15,1.000000
特朗普,认为有危机,台湾,2024-11-15,1.000000
特朗普,认为有危机,台湾,2024-11-15,1.000000
特朗普,主导,美国,2024-11-15,1.000000
特朗普,认为有威胁,台湾,2024-11-15,1.000000
美国,认可,台积电,2024-11-15,1.000000
特朗普,质疑,美国,2024-11-15,1.000000
特朗普,认为有威胁,台湾,2024-11-15,1.000000
瑞安·德特里克,损害,英特尔,2024-09-02,1.000000
Intel,挑战,TSMC,2024-09-02,1.000000
美国,支持,投资者,2024-10-24,1.000000
美国,损害,华为,2024-10-27,1.000000
美国,认为有威胁,中国,2024-10-27,1.000000
美国,支持,华为,2024-10-27,1.000000
美国,增进,出口管制,2024-10-27,1.000000
美国,威胁,中国,2024-10-27,1.000000
美国,损害,中国,2024-10-27,1.000000
陈俊哲,认为优秀,台积公司,2024-10-27,1.000000
陈俊哲,主导,台积公司,2024-10-27,1.000000
路透社,质疑,台积公司,2024-10-27,1.000000
Qualcomm,转移生产,TSMC,2024-11-12,1.000000
Qualcomm,选择生产,TSMC,2024-11-12,1.000000
TSMC,良率,3nm芯片,2024-11-12,1.000000
TSMC,使用GAA晶体管,2nm生产,2024-11-12,1.000000
Qualcomm,选择生产,TSMC,2024-11-12,1.000000
TSMC,影响决策,Qualcomm,2024-11-12,1.000000
散户投资者,喜欢,台积电,2024-12-30,1.000000
TSMC,进入,多阶段扩产周期,2024-12-30,1.000000
路透社,相信,英特尔,2024-09-19,1.000000
路透社,认可,英特尔,2024-09-19,1.000000
路透社,欣赏,英特尔,2024-09-19,1.000000
路透社,主导,英特尔,2024-09-19,1.000000
路透社,感到不满,英特尔,2024-09-19,1.000000
路透社,支持,英特尔,2024-09-19,1.000000
路透社,质疑,英特尔,2024-09-19,1.000000
路透社,担忧,英特尔,2024-09-19,1.000000
路透社,视作英雄,美国,2024-12-30,1.000000
美国,增进,台湾的飞机作战能力,2024-12-30,1.000000
特朗普,批评,《芯片法案》,2024-11-06,1.000000
特朗普,视作英雄,乔·拉戈,2024-11-06,1.000000
特朗普,主导,《芯片法案》,2024-11-06,1.000000
特朗普,认为恐怖,《芯片法案》,2024-11-06,1.000000
特朗普,担忧,《芯片法案》,2024-11-06,1.000000
美国,增进,半导体,2024-11-06,1.000000
特朗普,欢迎,乔·拉戈,2024-11-06,1.000000
特朗普,认为违规,《芯片法案》,2024-11-06,1.000000
特朗普,认为犯罪,《芯片法案》,2024-11-06,1.000000
特朗普,欣赏,《芯片法案》,2024-11-06,1.000000
特朗普,认为违规,《芯片法案》,2024-11-06,1.000000
特朗普,认为非法,《芯片法案》,2024-11-06,1.000000
特朗普,认为失败,《芯片法案》,2024-11-06,1.000000
特朗普,相信,《芯片法案》,2024-11-06,1.000000
特朗普,批评,《芯片法案》,2024-11-06,1.000000
特朗普,质疑,《芯片法案》,2024-11-06,1.000000
特朗普,感到不满,《芯片法案》,2024-11-06,1.000000
特朗普,主导,《芯片法案》,2024-11-06,1.000000
特朗普,认为有暴力,《芯片法案》,2024-11-06,1.000000
特朗普,认为犯罪,《芯片法案》,2024-11-06,1.000000
特朗普,认为非法,《芯片法案》,2024-11-06,1.000000
特朗普,认为失败,《芯片法案》,2024-11-06,1.000000
特朗普,威胁,《芯片法案》,2024-11-06,1.000000
特朗普,质疑,《芯片法案》,2024-11-06,1.000000
特朗普,认为有暴力,《芯片法案》,2024-11-06,1.000000
特朗普,认为有威胁,《芯片法案》,2024-11-06,1.000000
特朗普,认可,《芯片法案》,2024-11-06,1.000000
特朗普,感到满意,《芯片法案》,2024-11-06,1.000000
特朗普,认为恐怖,《芯片法案》,2024-11-06,1.000000
特朗普,担忧,《芯片法案》,2024-11-06,1.000000
波森,担忧,特朗普,2024-11-06,1.000000
TSMC,毛利率扩大,57.8%,2024-11-06,1.000000
TSMC,股价上涨,90%,2024-11-06,1.000000
TSMC,股价上涨,3.97%,2024-11-06,1.000000
特朗普,认为有暴力,台湾,2024-11-15,1.000000
特朗普,攻击,台湾,2024-11-15,1.000000
特朗普,损害,台湾,2024-11-15,1.000000
特朗普,质疑,美国,2024-11-15,1.000000
特朗普,认为违规,美国,2024-11-15,1.000000
特朗普,威胁,台湾,2024-11-15,1.000000
特朗普,认为有威胁,台湾,2024-11-15,1.000000
特朗普,认为恐怖,台湾,2024-11-15,1.000000
特朗普,欣赏,美国,2024-11-15,1.000000
特朗普,认为犯罪,美国,2024-11-15,1.000000
特朗普,批评,美国,2024-11-15,1.000000
特朗普,担忧,美国,2024-11-15,1.000000
美国,支持,台积电,2024-11-15,1.000000
特朗普,认为有危机,台湾,2024-11-15,1.000000
特朗普,认可,美国,2024-11-15,1.000000
美国,支持,投资者,2024-10-24,1.000000
彭博社,认为有威胁,台积电,2024-10-24,1.000000
彭博社,威胁,台积电,2024-10-24,1.000000
彭博社,损害,台积电,2024-10-24,1.000000
彭博社,认可,台积电,2024-10-24,1.000000
彭博社,认为优秀,台积电,2024-10-24,1.000000
彭博社,感到不满,台积电,2024-10-24,1.000000
彭博社,认为可靠,台积电,2024-10-24,1.000000
彭博社,认为违规,台积电,2024-10-24,1.000000
彭博社,担忧,台积电,2024-10-24,1.000000
彭博社,质疑,台积电,2024-10-24,1.000000
彭博社,认为失败,台积电,2024-10-24,1.000000
彭博社,认为有危机,台积电,2024-10-24,1.000000
彭博社,感到满意,台积电,2024-10-24,1.000000
彭博社,批评,台积电,2024-10-24,1.000000
彭博社,相信,台积电,2024-10-24,1.000000
美国,增进,全球竞争,2024-11-26,1.000000
特朗普,支持,Adobe,2024-11-15,1.000000
台湾,损害,美国,2024-11-15,1.000000
特朗普,认为违规,美国,2024-11-15,1.000000
特朗普,威胁,台湾,2024-11-15,1.000000
特朗普,批评,美国,2024-11-15,1.000000
特朗普,认为非法,台湾,2024-11-15,1.000000
特朗普,认为非法,台湾,2024-11-15,1.000000
特朗普,认为违规,美国,2024-11-15,1.000000
特朗普,威胁,台湾,2024-11-15,1.000000
特朗普,批评,美国,2024-11-15,1.000000
特朗普,认为有威胁,台湾,2024-11-15,1.000000
特朗普,损害,台湾,2024-11-15,1.000000
特朗普,损害,美国,2024-11-15,1.000000
特朗普,担忧,台湾,2024-11-15,1.000000
特朗普,质疑,台湾,2024-11-15,1.000000
特朗普,担忧,台湾,2024-11-15,1.000000
特朗普,质疑,台湾,2024-11-15,1.000000
特朗普,认为违规,台湾,2024-11-15,1.000000
特朗普,批评,台湾,2024-11-15,1.000000
特朗普,认为有危机,台湾,2024-11-15,1.000000
美国,增进,先进芯片设施,2024-11-15,1.000000
特朗普,认为有危机,台湾,2024-11-15,1.000000
特朗普,主导,美国,2024-11-15,1.000000
特朗普,认为有威胁,台湾,2024-11-15,1.000000
美国,认可,台积电,2024-11-15,1.000000
特朗普,质疑,美国,2024-11-15,1.000000
美国,支持,台积电,2024-11-15,1.000000
英伟达,认为优秀,台积电,2024-11-16,1.000000
Intel,compete with,TSMC,2024-09-23,1.000000
TSMC,声明,没有新的投资计划,2024-09-22,1.000000
黄仁勋,认为可靠,台积电,2024-09-20,1.000000
黄仁勋,认为优秀,台积电,2024-09-20,1.000000
黄仁勋,欣赏,台积电,2024-09-20,1.000000
路透社,质疑,华为,2024-10-27,1.000000
美国,增进,出口管制,2024-10-27,1.000000
美国,增进,出口管制,2024-10-27,1.000000
特朗普,损害,美国,2024-11-15,1.000000
台湾,损害,美国,2024-11-15,1.000000
特朗普,认为违规,美国,2024-11-15,1.000000
美国,认为有威胁,台湾,2024-11-15,1.000000
特朗普,认为违规,台湾,2024-11-15,1.000000
特朗普,认为有威胁,台湾,2024-11-15,1.000000
特朗普,认为有危机,台湾,2024-11-15,1.000000
特朗普,批评,美国,2024-11-15,1.000000
美国,认可,台积电,2024-11-15,1.000000
特朗普,认为非法,台湾,2024-11-15,1.000000
特朗普,威胁,台湾,2024-11-15,1.000000
美国,支持,台积电,2024-11-15,1.000000
特朗普,质疑,台湾,2024-11-15,1.000000
美国,增进,先进芯片设施,2024-11-15,1.000000
彭博社,攻击,台积电,2024-10-24,1.000000
彭博社,认为有威胁,台积电,2024-10-24,1.000000
亚利桑那州,认为有成就,台积电,2024-10-24,1.000000
彭博社,威胁,台积电,2024-10-24,1.000000
彭博社,损害,台积电,2024-10-24,1.000000
彭博社,认可,台积电,2024-10-24,1.000000
彭博社,认为优秀,台积电,2024-10-24,1.000000
彭博社,感到不满,台积电,2024-10-24,1.000000
彭博社,认为可靠,台积电,2024-10-24,1.000000
彭博社,认为有成就,台积电,2024-10-24,1.000000
彭博社,认为违规,台积电,2024-10-24,1.000000
彭博社,担忧,台积电,2024-10-24,1.000000
彭博社,质疑,台积电,2024-10-24,1.000000
彭博社,认为有暴力,台积电,2024-10-24,1.000000
彭博社,认为有危机,台积电,2024-10-24,1.000000
彭博社,感到满意,台积电,2024-10-24,1.000000
彭博社,批评,台积电,2024-10-24,1.000000
彭博社,相信,台积电,2024-10-24,1.000000
彭博社,认为恐怖,台积电,2024-10-24,1.000000
特朗普,认为有危机,台湾,2024-11-15,1.000000
Adobe,认为犯罪,台湾,2024-11-15,1.000000
台湾,损害,美国,2024-11-15,1.000000
特朗普,主导,美国,2024-11-15,1.000000
特朗普,认为有威胁,台湾,2024-11-15,1.000000
特朗普,支持,Adobe,2024-11-15,1.000000
美国,认为有威胁,台湾,2024-11-15,1.000000
特朗普,威胁,台湾,2024-11-15,1.000000
特朗普,认为违规,美国,2024-11-15,1.000000
特朗普,认为犯罪,美国,2024-11-15,1.000000
特朗普,损害,美国,2024-11-15,1.000000
特朗普,批评,美国,2024-11-15,1.000000
特朗普,认为非法,台湾,2024-11-15,1.000000
特朗普,损害,台湾,2024-11-15,1.000000
特朗普,担忧,台湾,2024-11-15,1.000000
特朗普,认为有暴力,台湾,2024-11-15,1.000000
美国,增进,半导体,2024-11-15,1.000000
Adobe,质疑,台湾,2024-11-15,1.000000
特朗普,认为犯罪,台湾,2024-11-15,1.000000
美国,支持,台积电,2024-11-15,1.000000
美国,增进,国家安全,2024-11-15,1.000000
特朗普,认为可靠,中国贸易,2024-11-15,1.000000
特朗普,认为优秀,英伟达,2024-11-15,1.000000
特朗普,担忧,对中国贸易,2024-11-15,1.000000
特朗普,质疑,对中国贸易,2024-11-15,1.000000
特朗普,批评,对中国贸易,2024-11-15,1.000000
特朗普,认为失败,中国贸易,2024-11-15,1.000000
特朗普,相信,对中国贸易,2024-11-15,1.000000
特朗普,感到满意,中国贸易,2024-11-15,1.000000
特朗普,认为违规,中国贸易,2024-11-15,1.000000
特朗普,认为犯罪,中国贸易,2024-11-15,1.000000
美国,视作英雄,特朗普,2024-11-15,1.000000
特朗普,认为有威胁,中国贸易,2024-11-15,1.000000
特朗普,认可,对中国贸易,2024-11-15,1.000000
特朗普,威胁,中国贸易,2024-11-15,1.000000
特朗普,主导,对中国贸易,2024-11-15,1.000000
特朗普,认为非法,中国贸易,2024-11-15,1.000000
特朗普,损害,中国贸易,2024-11-15,1.000000
特朗普,支持,对中国贸易,2024-11-15,1.000000
特朗普,增进,中国贸易,2024-11-15,1.000000
特朗普,认为缺乏,中国贸易,2024-11-15,1.000000
TSMC,利润超预期,市场预期,2024-10-17,1.000000
TSMC,股票上涨,美国,2024-10-17,1.000000
特朗普,认为有危机,台湾,2024-11-15,1.000000
特朗普,认为有威胁,台湾,2024-11-15,1.000000
特朗普,威胁,台湾,2024-11-15,1.000000
Adobe,认为有威胁,台湾,2024-11-15,1.000000
特朗普,认为违规,美国,2024-11-15,1.000000
特朗普,认为非法,台湾,2024-11-15,1.000000
美国,增进,先进芯片设施,2024-11-15,1.000000
特朗普,担忧,台湾,2024-11-15,1.000000
特朗普,质疑,台湾,2024-11-15,1.000000
特朗普,认为有暴力,台湾,2024-11-15,1.000000
特朗普,认为违规,台湾,2024-11-15,1.000000
Adobe,质疑,台湾,2024-11-15,1.000000
特朗普,认为犯罪,台湾,2024-11-15,1.000000
美国,支持,台积电,2024-11-15,1.000000
特朗普,批评,台湾,2024-11-15,1.000000
特朗普,认为有威胁,台湾,2024-11-15,1.000000
特朗普,质疑,台湾,2024-11-15,1.000000
特朗普,认为有危机,台湾,2024-11-15,1.000000
特朗普,认为非法,台湾,2024-11-15,1.000000
特朗普,感到不满,台湾,2024-11-15,1.000000
特朗普,威胁,台湾,2024-11-15,1.000000
特朗普,批评,美国,2024-11-15,1.000000
特朗普,认为有暴力,台湾,2024-11-15,1.000000
特朗普,认为违规,台湾,2024-11-15,1.000000
美国,增进,芯片设施,2024-11-15,1.000000
特朗普,认为犯罪,台湾,2024-11-15,1.000000
美国,支持,台积电,2024-11-15,1.000000
特朗普,批评,台湾,2024-11-15,1.000000
特朗普,担忧,台湾,2024-11-15,1.000000
帕特·盖尔辛格,认为恐怖,英特尔,2024-11-24,1.000000
中国网络安全协会,攻击,英特尔,2024-11-24,1.000000
中国网络安全协会,认为优秀,英特尔,2024-11-24,1.000000
丹·埃夫斯,认为优秀,英伟达,2024-11-24,1.000000
帕特·盖尔辛格,认为优秀,英特尔,2024-11-24,1.000000
帕特·盖尔辛格,质疑,英特尔,2024-11-24,1.000000
丹·埃夫斯,担忧,英伟达,2024-11-24,1.000000
詹森·霍黄,认为优秀,英伟达,2024-11-24,1.000000
中国网络安全协会,质疑,英特尔,2024-11-24,1.000000
帕特·盖尔辛格,担忧,英特尔,2024-11-24,1.000000
美国,担忧,台积电,2024-10-16,1.000000
美国,增进,半导体,2024-10-16,1.000000
美国,主导,《芯片和科学法案》,2024-10-16,1.000000
TSMC,股价上涨,81%,2024-12-31,1.000000
TSMC,报告,创纪录的季度利润,2024-12-31,1.000000
特朗普,增进,新加密货币项目,2024-10-16,1.000000
特朗普,主导,新加密货币项目,2024-10-16,1.000000
特朗普,认为失败,新加密货币项目在发布,2024-10-16,1.000000
美国,欢迎,耐克,2025-01-09,1.000000
美国,增进,销量,2025-01-09,1.000000
美国,喜欢,耐克,2025-01-09,1.000000
汪阳,认可,特朗普,2024-11-05,1.000000
汪阳,欣赏,特朗普,2024-11-05,1.000000
汪阳,认为恐怖,特朗普,2024-11-05,1.000000
汪阳,相信,特朗普,2024-11-05,1.000000
共和党,视作英雄,特朗普,2024-11-05,1.000000
汪阳,质疑,特朗普,2024-11-05,1.000000
汪阳,担忧,特朗普,2024-11-05,1.000000
TSMC,协助生产,AMD,2024-11-16,1.000000
Intel,外包生产,TSMC,2024-11-16,1.000000
美国,支持,投资者,2024-10-24,1.000000
彭博社,认为有威胁,台积电,2024-10-24,1.000000
彭博社,威胁,台积电,2024-10-24,1.000000
彭博社,损害,台积电,2024-10-24,1.000000
彭博社,认可,台积电,2024-10-24,1.000000
彭博社,认为优秀,台积电,2024-10-24,1.000000
彭博社,感到不满,台积电,2024-10-24,1.000000
彭博社,认为可靠,台积电,2024-10-24,1.000000
彭博社,担忧,台积电,2024-10-24,1.000000
彭博社,质疑,台积电,2024-10-24,1.000000
彭博社,认为失败,台积电,2024-10-24,1.000000
彭博社,认为有危机,台积电,2024-10-24,1.000000
彭博社,批评,台积电,2024-10-24,1.000000
彭博社,相信,台积电,2024-10-24,1.000000
彭博社,认为恐怖,台积电,2024-10-24,1.000000
大卫·B·约菲,批评,美国,2024-12-03,1.000000
美国,欢迎,英特尔,2024-12-03,1.000000
帕特·格尔辛格,批评,美国,2024-12-03,1.000000
詹姆斯·普拉默,批评,美国,2024-12-03,1.000000
美国,主导,《芯片法案》,2024-12-03,1.000000
帕特·格尔辛格,认为有威胁,美国,2024-12-03,1.000000
帕特·格尔辛格,威胁,美国,2024-12-03,1.000000
帕特·格尔辛格,质疑,美国,2024-12-03,1.000000
美国,支持,《芯片法案》,2024-12-03,1.000000
查琳·巴尔舍夫斯基,批评,美国,2024-12-03,1.000000
美国,损害,英特尔,2024-12-03,1.000000
格尔辛格,威胁,美国,2024-12-03,1.000000
帕特·格尔辛格,担忧,美国,2024-12-03,1.000000
TSMC,超越,Intel,2024-12-03,1.000000
《金融时报》,相信,美国,2024-10-22,1.000000
《金融时报》,担忧,美国,2024-10-22,1.000000
《信息时报》,相信,美国,2024-10-22,1.000000
《信息时报》,担忧,美国,2024-10-22,1.000000
工程师,认为有危机,美国,2024-11-04,1.000000
台积电,损害,美国,2024-11-04,1.000000
工程师,认为有威胁,美国,2024-11-04,1.000000
台积电,认为有威胁,美国,2024-11-04,1.000000
台积电,认为有危机,美国,2024-11-04,1.000000
台积电,认为可靠,美国,2024-11-04,1.000000
台积电,威胁,美国,2024-11-04,1.000000
美国,攻击,华为,2024-11-04,1.000000
美国,损害,华为,2024-11-04,1.000000
TSMC,提供反向报价,员工,2024-11-04,1.000000
美国,制裁,华为,2024-11-04,1.000000
帕特·盖尔辛格,认为优秀,英特尔,2024-10-24,1.000000
特朗普,认为有成就,Pfizer,2024-10-24,1.000000
民主党,视作英雄,特朗普,2024-10-24,1.000000
帕特·盖尔辛格,支持,特朗普,2024-10-24,1.000000
民主党,支持,特朗普,2024-10-24,1.000000
TSMC,保持技术领导地位,半导体,2024-10-24,1.000000
TSMC,成为依赖的外国供应商,美国,2024-10-24,1.000000
TSMC,帮助成功,AMD,2024-10-24,1.000000
TSMC,领先于,英特尔,2024-10-24,1.000000
美国,增进,美国,2025-02-16,1.000000
美国,担忧,台积电,2025-02-16,1.000000
美国,批评,台积电,2025-02-16,1.000000
美国,增进,美国,2025-02-16,1.000000
美国,视作英雄,帕特·盖,2025-02-16,1.000000
美国,认可,台积电,2025-02-16,1.000000
美国,质疑,台积电,2025-02-16,1.000000
美国,感到满意,台积电,2025-02-16,1.000000
美国,支持,英特尔,2025-02-16,1.000000
美国,增进,全球扩张计划,2025-02-16,1.000000
美国,支持,台积电,2025-02-16,1.000000
拜登政府,损害,半导体,2024-12-02,1.000000
台积电,认为热情,Arya,2024-10-24,1.000000
Russ Mould,相信,台积电,2025-01-10,1.000000
Russ Mould,认为恐怖,台积电,2025-01-10,1.000000
Russ Mould,认可,台积电,2025-01-10,1.000000
Russ Mould,认为优秀,台积电,2025-01-10,1.000000
Russ Mould,认为可靠,台积电,2025-01-10,1.000000
TSMC,收入增长,34.4%,2025-01-10,1.000000
TSMC,销售额增长,57.8%,2025-01-10,1.000000
TSMC,股价上涨,超过一倍,2025-01-10,1.000000
TSMC,股价上涨,5%,2025-01-10,1.000000
TSMC,巩固,竞争优势,2025-01-10,1.000000
TSMC,成为,技术革命指标,2025-01-10,1.000000
美国,相信,路透社,2024-11-07,1.000000
美国,担忧,路透社,2024-11-07,1.000000
华盛顿,认为恐怖,中国,2024-11-07,1.000000
美国,质疑,路透社,2024-11-07,1.000000
美国,批评,路透社,2024-11-07,1.000000
华盛顿,认为有威胁,中国,2024-11-07,1.000000
华盛顿,担忧,中国,2024-11-07,1.000000
华盛顿,认为有危机,中国,2024-11-07,1.000000
华盛顿,相信,中国,2024-11-07,1.000000
华盛顿,威胁,中国,2024-11-07,1.000000
美国,支持,路透社,2024-11-07,1.000000
华盛顿,质疑,中国,2024-11-07,1.000000
华盛顿,认为可靠,中国,2024-11-07,1.000000
中国网络安全协会,攻击,英特尔,2024-11-24,1.000000
中国网络安全协会,损害,英特尔,2024-11-24,1.000000
中国网络安全协会,认为有威胁,英特尔,2024-11-24,1.000000
中国网络安全协会,质疑,英特尔,2024-11-24,1.000000
巴伦周刊,认为优秀,英伟达,2024-11-24,1.000000
中国网络安全协会,认为优秀,英特尔,2024-11-24,1.000000
中国网络安全协会,认为恐怖,英特尔,2024-11-24,1.000000
美国,认为优秀,英特尔,2024-11-24,1.000000
扎克伯格,认为可靠,黄仁勋,2024-11-24,1.000000
扎克伯格,认为有暴力,黄仁勋,2024-11-24,1.000000
扎克伯格,批评,黄仁勋,2024-11-24,1.000000
扎克伯格,感到满意,黄仁勋,2024-11-24,1.000000
扎克伯格,欢迎,黄仁勋,2024-11-24,1.000000
扎克伯格,认为热情,黄仁勋,2024-11-24,1.000000
扎克伯格,认为优秀,黄仁勋,2024-11-24,1.000000
扎克伯格,喜欢,黄仁勋,2024-11-24,1.000000
扎克伯格,质疑,黄仁勋,2024-11-24,1.000000
扎克伯格,认为有成就,黄仁勋,2024-11-24,1.000000
扎克伯格,感到不满,黄仁勋,2024-11-24,1.000000
扎克伯格,视作英雄,黄仁勋,2024-11-24,1.000000
扎克伯格,认为恐怖,黄仁勋,2024-11-24,1.000000
扎克伯格,认为失败,黄仁勋,2024-11-24,1.000000
扎克伯格,认为违规,黄仁勋,2024-11-24,1.000000
投资者,认为热情,半导体,2024-10-05,1.000000
美国,认为优秀,台积公司,2024-11-26,1.000000
美国,增进,全球竞争,2024-11-26,1.000000
美国,损害,北京访问,2024-12-02,1.000000
高通公司,欣赏,英特尔,2024-12-03,1.000000
台积电,威胁,英特尔,2024-12-03,1.000000
台积电,感到满意,英特尔,2024-12-03,1.000000
帕特·基辛格,主导,英特尔,2024-12-03,1.000000
帕特·基辛格,感到不满,英特尔,2024-12-03,1.000000
基辛格,主导,英特尔,2024-12-03,1.000000
基辛格,感到不满,英特尔,2024-12-03,1.000000
台积电,攻击,英特尔,2024-12-03,1.000000
台积电,损害,英特尔,2024-12-03,1.000000
高通公司,质疑,英特尔,2024-12-03,1.000000
高通公司,担忧,英特尔,2024-12-03,1.000000
高通公司,认为优秀,英特尔,2024-12-03,1.000000
扎克伯格,认为可靠,黄仁勋,2024-11-24,1.000000
扎克伯格,批评,黄仁勋,2024-11-24,1.000000
扎克伯格,认为有暴力,黄仁勋,2024-11-24,1.000000
扎克伯格,欢迎,黄仁勋,2024-11-24,1.000000
扎克伯格,认为热情,黄仁勋,2024-11-24,1.000000
扎克伯格,认为优秀,黄仁勋,2024-11-24,1.000000
扎克伯格,喜欢,黄仁勋,2024-11-24,1.000000
扎克伯格,质疑,黄仁勋,2024-11-24,1.000000
扎克伯格,感到不满,黄仁勋,2024-11-24,1.000000
扎克伯格,视作英雄,黄仁勋,2024-11-24,1.000000
扎克伯格,认为恐怖,黄仁勋,2024-11-24,1.000000
扎克伯格,认为有成就,黄仁勋,2024-11-24,1.000000
特朗普,认为有威胁,中国,2024-12-01,1.000000
特朗普,威胁,中国,2024-12-01,1.000000
台积电,增进,新工厂计划,2024-11-17,1.000000
《经济日报》,增进,台积电,2024-11-17,1.000000
特朗普,认为违规,《芯片法案》,2024-11-10,1.000000
特朗普,认为犯罪,《芯片法案》,2024-11-10,1.000000
特朗普,批评,《芯片法案》,2024-11-10,1.000000
特朗普,批评,台积电,2024-11-10,1.000000
马继华,认为违规,美国,2024-11-10,1.000000
马继华,认为优秀,台积电,2024-11-10,1.000000
马继华,质疑,台积电,2024-11-10,1.000000
特朗普,认为有威胁,台积电,2024-11-10,1.000000
特朗普,威胁,台积电,2024-11-10,1.000000
美国,担忧,台积电,2024-11-10,1.000000
马继华,担忧,台积电,2024-11-10,1.000000
标普全球市场情报公司,质疑,台积电,2024-11-10,1.000000
特朗普,认为优秀,台积电,2024-11-10,1.000000
美国,质疑,台积电,2024-11-10,1.000000
特朗普,增进,先进芯片生产设施,2024-11-10,1.000000
美国,批评,台积电,2024-11-10,1.000000
特朗普,主导,《芯片法案》,2024-11-10,1.000000
美国,认为失败,台积电,2024-11-10,1.000000
美国,认为违规,台积电,2024-11-10,1.000000
特朗普,担忧,台积电,2024-11-10,1.000000
特朗普,质疑,台积电,2024-11-10,1.000000
黄仁勋,认为优秀,台积电,2024-10-19,1.000000
黄伟伦,认为有成就,台积电,2024-10-19,1.000000
高盛科技会议,视作英雄,黄仁勋,2024-09-11,1.000000
Nvidia,外包生产,TSMC,2024-09-11,1.000000
TSMC,受益,AI相关需求,2024-12-15,1.000000
美国,批评,路透社,2024-09-25,1.000000
美国,视作英雄,美国,2024-09-25,1.000000
美国,质疑,路透社,2024-09-25,1.000000
乔·拜登,感到满意,英特尔,2024-09-25,1.000000
TSMC,生产,三种主要芯片设计,2025-01-08,1.000000
TSMC,设定产能,Fab 21工厂,2025-01-08,1.000000
TSMC,调派,数百名台湾员工,2025-01-08,1.000000
TSMC,召开会议,董事会现场会议,2025-01-08,1.000000
魏哲家,增进,台积电,2024-11-17,1.000000
特朗普,视作英雄,拜登,2024-11-17,1.000000
特朗普,认为有威胁,中国,2024-11-17,1.000000
魏哲家,支持,台积电,2024-11-17,1.000000
特朗普,批评,该计划,2024-11-17,1.000000
魏哲家,认为优秀,台积电,2024-11-17,1.000000
魏哲家,认为可靠,台积电,2024-11-17,1.000000
特朗普,认为违规,该计划,2024-11-17,1.000000
特朗普,质疑,该计划,2024-11-17,1.000000
黄文达,认为有成就,台积电,2024-10-19,1.000000
谷歌,认为有成就,台积电,2024-10-19,1.000000
博通,认为有成就,台积电,2024-10-19,1.000000
黄仁勋,认可,台积电,2024-10-19,1.000000
马继华,认为有威胁,美国,2024-11-10,1.000000
特朗普,批评,台积电,2024-11-10,1.000000
《芯片法案》,批评,台积电,2024-11-10,1.000000
《环球时报》,质疑,台积电,2024-11-10,1.000000
马继华,认为优秀,台积电,2024-11-10,1.000000
马继华,质疑,台积电,2024-11-10,1.000000
美国,认可,台积电,2024-11-10,1.000000
美国,担忧,台积电,2024-11-10,1.000000
马继华,担忧,台积电,2024-11-10,1.000000
美国,质疑,台积电,2024-11-10,1.000000
美国,批评,台积电,2024-11-10,1.000000
马继华,批评,台积电,2024-11-10,1.000000
《芯片法案》,认为优秀,台积电,2024-11-10,1.000000
美国,认为失败,台积电,2024-11-10,1.000000
美国,认为违规,台积电,2024-11-10,1.000000
马继华,认为违规,美国,2024-11-10,1.000000
特朗普,担忧,台积电,2024-11-10,1.000000
特朗普,质疑,台积电,2024-11-10,1.000000
《芯片法案》,质疑,台积电,2024-11-10,1.000000
TSMC,提供制造技术,AMD,2024-11-19,1.000000
Intel,计划竞争代工业务,TSMC,2024-11-19,1.000000
Brad Lin,增进,台积电,2024-11-29,1.000000
美国,支持,台积公司,2024-11-29,1.000000
美国,损害,中国,2024-11-29,1.000000
美国,攻击,中国,2024-11-29,1.000000
美国,威胁,中国,2024-11-29,1.000000
特朗普,认为违规,台积电,2024-11-10,1.000000
特朗普,认为违规,《芯片法案》,2024-11-10,1.000000
特朗普,批评,台积电,2024-11-10,1.000000
马继华,认可,台积电,2024-11-10,1.000000
特朗普,认为有危机,台积电,2024-11-10,1.000000
特朗普,认为恐怖,台积电,2024-11-10,1.000000
马继华,认为优秀,台积电,2024-11-10,1.000000
马继华,质疑,台积电,2024-11-10,1.000000
特朗普,认为有威胁,台积电,2024-11-10,1.000000
马继华,认为可靠,台积电,2024-11-10,1.000000
特朗普,威胁,台积电,2024-11-10,1.000000
美国,担忧,台积电,2024-11-10,1.000000
马继华,担忧,台积电,2024-11-10,1.000000
特朗普,欣赏,台积电,2024-11-10,1.000000
马继华,认为违规,台积电,2024-11-10,1.000000
特朗普,认为优秀,台积电,2024-11-10,1.000000
特朗普,损害,台积电,2024-11-10,1.000000
美国,质疑,台积电,2024-11-10,1.000000
美国,批评,台积电,2024-11-10,1.000000
特朗普,认可,台积电,2024-11-10,1.000000
马继华,批评,台积电,2024-11-10,1.000000
特朗普,主导,台积电,2024-11-10,1.000000
特朗普,感到不满,台积电,2024-11-10,1.000000
特朗普,认为可靠,台积电,2024-11-10,1.000000
美国,认为违规,台积电,2024-11-10,1.000000
特朗普,支持,台积电,2024-11-10,1.000000
美国,认为失败,台积电,2024-11-10,1.000000
特朗普,认为有暴力,台积电,2024-11-10,1.000000
特朗普,担忧,台积电,2024-11-10,1.000000
特朗普,质疑,台积电,2024-11-10,1.000000
特朗普,认为失败,台积电,2024-11-10,1.000000
德国德累斯顿,增进,台积电,2024-11-17,1.000000
霍华德·马克斯,质疑,美国,2024-11-24,1.000000
帕特·基辛格,认为可靠,英特尔,2024-09-19,1.000000
帕特·基辛格,相信,英特尔,2024-09-19,1.000000
路透社,认为优秀,英特尔,2024-09-19,1.000000
帕特·基辛格,认为优秀,英特尔,2024-09-19,1.000000
特朗普,认为违规,交易,2024-09-19,1.000000
英伟达,增进,半导体,2025-02-11,1.000000
台湾官员,预计影响,台积电,2025-01-10,1.000000
台湾,帮助迁移,台积电,2025-01-10,1.000000
CNA,担忧,台积电,2024-11-03,1.000000
CNA,质疑,台积电,2024-11-03,1.000000
CNA,相信,台积电,2024-11-03,1.000000
CNA,认为优秀,台积电,2024-11-03,1.000000
特朗普,主导,“星门项目”,2025-02-13,1.000000
特朗普,增进,人工智能基础设施,2025-02-13,1.000000
美国,增进,人工智能基础设施,2025-02-13,1.000000
孙正义,视作英雄,特朗普,2025-02-13,1.000000
前英特尔高管,质疑,路透社,2024-08-26,1.000000
前英特尔高管,相信,路透社,2024-08-26,1.000000
路透社,认为恐怖,英特尔,2024-08-26,1.000000
前英特尔高管,认为有威胁,路透社,2024-08-26,1.000000
路透社,认可,英特尔,2024-08-26,1.000000
路透社,感到不满,英特尔,2024-08-26,1.000000
安迪·格罗夫,认为优秀,英特尔,2024-08-26,1.000000
路透社,质疑,英特尔,2024-08-26,1.000000
路透社,损害,英特尔,2024-08-26,1.000000
路透社,担忧,英特尔,2024-08-26,1.000000
路透社,感到满意,英特尔,2024-08-26,1.000000
TSMC,作为参考,Intel的制造业务,2024-08-26,1.000000
TSMC,销售增长,235亿美元,2024-12-29,1.000000
TSMC,推出,2纳米芯片,2024-12-29,1.000000
TSMC,占据市场份额,90%,2024-12-29,1.000000
扎克伯格,支持,黄仁勋,2024-11-24,1.000000
扎克伯格,欢迎,黄仁勋,2024-11-24,1.000000
特朗普,质疑,台积电,2024-11-24,1.000000
扎克伯格,喜欢,黄仁勋,2024-11-24,1.000000
扎克伯格,欣赏,黄仁勋,2024-11-24,1.000000
扎克伯格,视作英雄,黄仁勋,2024-11-24,1.000000
扎克伯格,认为失败,黄仁勋,2024-11-24,1.000000
扎克伯格,批评,黄仁勋,2024-11-24,1.000000
扎克伯格,攻击,黄仁勋,2024-11-24,1.000000
扎克伯格,认可,黄仁勋,2024-11-24,1.000000
扎克伯格,感到不满,黄仁勋,2024-11-24,1.000000
扎克伯格,质疑,黄仁勋,2024-11-24,1.000000
扎克伯格,认为可靠,黄仁勋,2024-11-24,1.000000
扎克伯格,认为有暴力,黄仁勋,2024-11-24,1.000000
扎克伯格,认为热情,黄仁勋,2024-11-24,1.000000
扎克伯格,认为优秀,黄仁勋,2024-11-24,1.000000
扎克伯格,认为恐怖,黄仁勋,2024-11-24,1.000000
扎克伯格,认为有成就,黄仁勋,2024-11-24,1.000000
台湾政府,损害,美国,2025-02-26,1.000000
台北当局,质疑,美国,2025-02-26,1.000000
中国,质疑,台湾,2025-02-26,1.000000
朱凤莲,认为恐怖,TSMC,2025-02-26,1.000000
中国台湾事务办公室,担忧,TSMC,2025-02-26,1.000000
朱凤莲,质疑,TSMC,2025-02-26,1.000000
华盛顿,损害,中国,2025-02-26,1.000000
华盛顿,威胁,中国,2025-02-26,1.000000
朱凤莲,相信,TSMC,2025-02-26,1.000000
中国,批评,台湾,2025-02-26,1.000000
朱凤莲,认为违规,TSMC,2025-02-26,1.000000
朱凤莲,担忧,TSMC,2025-02-26,1.000000
中国台湾事务办公室,质疑,TSMC,2025-02-26,1.000000
中国,攻击,台湾,2025-02-26,1.000000
朱凤莲,认为有威胁,TSMC,2025-02-26,1.000000
美国,攻击,北京,2025-02-26,1.000000
中国当局,质疑,台湾,2025-02-26,1.000000
美国,支持,台湾,2025-02-26,1.000000
台北,质疑,美国,2025-02-26,1.000000
中国当局,损害,美国,2025-02-26,1.000000
朱凤莲,认为有危机,TSMC,2025-02-26,1.000000
华盛顿,认为有威胁,中国,2025-02-26,1.000000
中国,担忧,台湾,2025-02-26,1.000000
中国台湾事务办公室,相信,TSMC,2025-02-26,1.000000
扎克伯格,感到满意,黄仁勋,2024-11-24,1.000000
扎克伯格,支持,黄仁勋,2024-11-24,1.000000
扎克伯格,欢迎,黄仁勋,2024-11-24,1.000000
扎克伯格,喜欢,黄仁勋,2024-11-24,1.000000
扎克伯格,欣赏,黄仁勋,2024-11-24,1.000000
扎克伯格,视作英雄,黄仁勋,2024-11-24,1.000000
泰勒·斯威夫特,认为优秀,黄仁勋,2024-11-24,1.000000
扎克伯格,认为失败,黄仁勋,2024-11-24,1.000000
扎克伯格,批评,黄仁勋,2024-11-24,1.000000
扎克伯格,攻击,黄仁勋,2024-11-24,1.000000
扎克伯格,感谢,黄仁勋,2024-11-24,1.000000
扎克伯格,认可,黄仁勋,2024-11-24,1.000000
泰勒·斯威夫特,批评,黄仁勋,2024-11-24,1.000000
扎克伯格,感到不满,黄仁勋,2024-11-24,1.000000
泰勒·斯威夫特,欢迎,黄仁勋,2024-11-24,1.000000
泰勒·斯威夫特,视作英雄,黄仁勋,2024-11-24,1.000000
扎克伯格,威胁,黄仁勋,2024-11-24,1.000000
扎克伯格,质疑,黄仁勋,2024-11-24,1.000000
扎克伯格,认为可靠,黄仁勋,2024-11-24,1.000000
扎克伯格,认为有暴力,黄仁勋,2024-11-24,1.000000
泰勒·斯威夫特,质疑,黄仁勋,2024-11-24,1.000000
泰勒·斯威夫特,感到不满,黄仁勋,2024-11-24,1.000000
扎克伯格,担忧,黄仁勋,2024-11-24,1.000000
扎克伯格,认为热情,黄仁勋,2024-11-24,1.000000
扎克伯格,认为优秀,黄仁勋,2024-11-24,1.000000
扎克伯格,认为恐怖,黄仁勋,2024-11-24,1.000000
扎克伯格,认为有成就,黄仁勋,2024-11-24,1.000000
《台北时报》,视作英雄,特朗普,2024-11-09,1.000000
美国,质疑,台积电,2024-11-09,1.000000
贝索斯,认为可靠,美国,2024-11-09,1.000000
贝索斯,增进,美国,2024-11-09,1.000000
美国,认可,台积电,2024-11-09,1.000000
美国,主导,台积电,2024-11-09,1.000000
美国,认为违规,台积电,2024-11-09,1.000000
美国,支持,台积电,2024-11-09,1.000000
苹果公司(AAPL),损害,中国,2024-11-09,1.000000
台积公司,增进,美国,2024-11-26,1.000000
美国,认为优秀,台积公司,2024-11-26,1.000000
亚利桑那州,增进,美国,2024-11-26,1.000000
特朗普,攻击,台积电,2024-10-28,1.000000
特朗普,损害,台积电,2024-10-28,1.000000
特朗普,威胁,台积电,2024-10-28,1.000000
特朗普,认为恐怖,台积电,2024-10-28,1.000000
特朗普,认为有暴力,台积电,2024-10-28,1.000000
特朗普,认为有威胁,台积电,2024-10-28,1.000000
台积电,增进,收购英特尔制造业务,2025-02-16,1.000000
台积电,担忧,英特尔财务状况恶化,2025-02-16,1.000000
台积电,担忧,英特尔财务状况恶化,2025-02-16,1.000000
台积电,担忧,英特尔财务状况恶化,2025-02-16,1.000000
TSMC,考虑收购,英特尔的制造业务,2025-02-16,1.000000
美国,提出交易,台积电,2025-02-16,1.000000
美国,应对,英特尔的财务恶化,2025-02-16,1.000000
美国,考虑,股权结构,2025-02-16,1.000000
美国,授予,补贴,2025-02-16,1.000000
美国,优先,技术制造,2025-02-16,1.000000
美国,授予,补贴,2025-02-16,1.000000
美国,支持,芯片制裁,2024-10-26,1.000000
美国,增进,芯片制裁,2024-10-26,1.000000
美国,认可,台积电,2024-10-26,1.000000
美国,认为优秀,华为,2024-10-26,1.000000
美国,主导,芯片制裁,2024-10-26,1.000000
美国,主导,芯片制裁,2024-10-26,1.000000
英伟达,相信,英伟达,2024-11-24,1.000000
扎克伯格,支持,黄仁勋,2024-11-24,1.000000
扎克伯格,欢迎,黄仁勋,2024-11-24,1.000000
特朗普,质疑,台积电,2024-11-24,1.000000
扎克伯格,喜欢,黄仁勋,2024-11-24,1.000000
扎克伯格,欣赏,黄仁勋,2024-11-24,1.000000
英伟达,批评,英伟达,2024-11-24,1.000000
英伟达,认可,英伟达,2024-11-24,1.000000
扎克伯格,视作英雄,黄仁勋,2024-11-24,1.000000
扎克伯格,批评,黄仁勋,2024-11-24,1.000000
扎克伯格,攻击,黄仁勋,2024-11-24,1.000000
扎克伯格,感谢,黄仁勋,2024-11-24,1.000000
扎克伯格,认可,黄仁勋,2024-11-24,1.000000
英伟达,质疑,英伟达,2024-11-24,1.000000
扎克伯格,感到不满,黄仁勋,2024-11-24,1.000000
扎克伯格,威胁,黄仁勋,2024-11-24,1.000000
扎克伯格,质疑,黄仁勋,2024-11-24,1.000000
英伟达,认为恐怖,英伟达,2024-11-24,1.000000
扎克伯格,认为可靠,黄仁勋,2024-11-24,1.000000
扎克伯格,认为有暴力,黄仁勋,2024-11-24,1.000000
英伟达,担忧,英伟达,2024-11-24,1.000000
扎克伯格,担忧,黄仁勋,2024-11-24,1.000000
扎克伯格,认为热情,黄仁勋,2024-11-24,1.000000
英伟达,认为可靠,英伟达,2024-11-24,1.000000
扎克伯格,认为优秀,黄仁勋,2024-11-24,1.000000
英伟达,认为有成就,英伟达,2024-11-24,1.000000
扎克伯格,认为恐怖,黄仁勋,2024-11-24,1.000000
英伟达,认为优秀,英伟达,2024-11-24,1.000000
扎克伯格,认为有成就,黄仁勋,2024-11-24,1.000000
扎克伯格,感到满意,黄仁勋,2024-11-24,1.000000
扎克伯格,支持,黄仁勋,2024-11-24,1.000000
扎克伯格,欢迎,黄仁勋,2024-11-24,1.000000
扎克伯格,喜欢,黄仁勋,2024-11-24,1.000000
扎克伯格,欣赏,黄仁勋,2024-11-24,1.000000
扎克伯格,视作英雄,黄仁勋,2024-11-24,1.000000
扎克伯格,认为失败,黄仁勋,2024-11-24,1.000000
扎克伯格,批评,黄仁勋,2024-11-24,1.000000
扎克伯格,攻击,黄仁勋,2024-11-24,1.000000
扎克伯格,感谢,黄仁勋,2024-11-24,1.000000
扎克伯格,认可,黄仁勋,2024-11-24,1.000000
扎克伯格,感到不满,黄仁勋,2024-11-24,1.000000
扎克伯格,认为违规,黄仁勋,2024-11-24,1.000000
扎克伯格,质疑,黄仁勋,2024-11-24,1.000000
扎克伯格,认为可靠,黄仁勋,2024-11-24,1.000000
扎克伯格,认为有暴力,黄仁勋,2024-11-24,1.000000
扎克伯格,认为热情,黄仁勋,2024-11-24,1.000000
扎克伯格,认为优秀,黄仁勋,2024-11-24,1.000000
扎克伯格,认为恐怖,黄仁勋,2024-11-24,1.000000
扎克伯格,认为有成就,黄仁勋,2024-11-24,1.000000
扎克伯格,支持,黄仁勋,2024-11-24,1.000000
扎克伯格,欢迎,黄仁勋,2024-11-24,1.000000
扎克伯格,喜欢,黄仁勋,2024-11-24,1.000000
扎克伯格,欣赏,黄仁勋,2024-11-24,1.000000
扎克伯格,视作英雄,黄仁勋,2024-11-24,1.000000
扎克伯格,批评,黄仁勋,2024-11-24,1.000000
扎克伯格,攻击,黄仁勋,2024-11-24,1.000000
扎克伯格,感谢,黄仁勋,2024-11-24,1.000000
扎克伯格,认可,黄仁勋,2024-11-24,1.000000
扎克伯格,感到不满,黄仁勋,2024-11-24,1.000000
扎克伯格,质疑,黄仁勋,2024-11-24,1.000000
扎克伯格,认为可靠,黄仁勋,2024-11-24,1.000000
扎克伯格,认为有暴力,黄仁勋,2024-11-24,1.000000
扎克伯格,担忧,黄仁勋,2024-11-24,1.000000
扎克伯格,认为热情,黄仁勋,2024-11-24,1.000000
扎克伯格,认为优秀,黄仁勋,2024-11-24,1.000000
扎克伯格,认为恐怖,黄仁勋,2024-11-24,1.000000
扎克伯格,认为有成就,黄仁勋,2024-11-24,1.000000
特朗普,认为违规,台积电,2024-11-10,1.000000
《环球时报》,认为有威胁,美国,2024-11-10,1.000000
特朗普,认为违规,《芯片法案》,2024-11-10,1.000000
马吉华,认为有威胁,台积电,2024-11-10,1.000000
特朗普,批评,《芯片法案》,2024-11-10,1.000000
特朗普,批评,台积电,2024-11-10,1.000000
特朗普,欣赏,台积电,2024-11-10,1.000000
特朗普,认为恐怖,台积电,2024-11-10,1.000000
特朗普,威胁,台积电,2024-11-10,1.000000
特朗普,认为优秀,台积电,2024-11-10,1.000000
马吉华,认为恐怖,台积电,2024-11-10,1.000000
《环球时报》,质疑,台积电,2024-11-10,1.000000
马吉华,认为有威胁,美国,2024-11-10,1.000000
特朗普,感到不满,台积电,2024-11-10,1.000000
马吉华,认为优秀,台积电,2024-11-10,1.000000
美国,认可,台积电,2024-11-10,1.000000
特朗普,认可,台积电,2024-11-10,1.000000
特朗普,主导,《芯片法案》,2024-11-10,1.000000
特朗普,担忧,台积电,2024-11-10,1.000000
美国,担忧,台积电,2024-11-10,1.000000
特朗普,质疑,台积电,2024-11-10,1.000000
马吉华,质疑,台积电,2024-11-10,1.000000
特朗普,认为犯罪,台积电,2024-11-10,1.000000
特朗普,认为优秀,台积电,2024-11-10,1.000000
特朗普,认为犯罪,《芯片法案》,2024-11-10,1.000000
美国,质疑,台积电,2024-11-10,1.000000
美国,批评,台积电,2024-11-10,1.000000
特朗普,批评,《芯片法案》,2024-11-10,1.000000
特朗普,主导,《芯片法案》,2024-11-10,1.000000
特朗普,批评,台积电,2024-11-10,1.000000
马吉华,担忧,台积电,2024-11-10,1.000000
美国,认为失败,台积电,2024-11-10,1.000000
美国,认为违规,台积电,2024-11-10,1.000000
特朗普,认为违规,《芯片法案》,2024-11-10,1.000000
马吉华,批评,台积电,2024-11-10,1.000000
特朗普,认为违规,台积电,2024-11-10,1.000000
特朗普,担忧,台积电,2024-11-10,1.000000
特朗普,质疑,台积电,2024-11-10,1.000000
特朗普,认为有威胁,台积电,2024-11-10,1.000000
Cramer,支持,英伟达,2024-10-29,1.000000
Vivek Arya,担忧,英特尔,2024-10-31,1.000000
Vivek Arya,认为可靠,英特尔,2024-10-31,1.000000
Vivek Arya,认为有暴力,英特尔,2024-10-31,1.000000
路透社,损害,台积电,2024-10-31,1.000000
Vivek Arya,认为恐怖,英特尔,2024-10-31,1.000000
Vivek Arya,认为优秀,英特尔,2024-10-31,1.000000
路透社,质疑,英特尔,2024-10-31,1.000000
Vivek Arya,感到满意,英特尔,2024-10-31,1.000000
Vivek Arya,批评,英特尔,2024-10-31,1.000000
Vivek Arya,认为有威胁,英特尔,2024-10-31,1.000000
Vivek Arya,认可,英特尔,2024-10-31,1.000000
Vivek Arya,质疑,英特尔,2024-10-31,1.000000
Vivek Arya,感到不满,英特尔,2024-10-31,1.000000
Vivek Arya,威胁,英特尔,2024-10-31,1.000000
特朗普,认为有危机,台湾,2024-11-15,1.000000
特朗普,主导,美国,2024-11-15,1.000000
特朗普,认为有威胁,台湾,2024-11-15,1.000000
美国,认为有威胁,台湾,2024-11-15,1.000000
特朗普,威胁,台湾,2024-11-15,1.000000
特朗普,认为违规,美国,2024-11-15,1.000000
特朗普,批评,美国,2024-11-15,1.000000
特朗普,认为非法,台湾,2024-11-15,1.000000
台湾,损害,美国,2024-11-15,1.000000
美国,主导,亚利桑那项目,2024-11-15,1.000000
美国,增进,芯片设施,2024-11-15,1.000000
美国,支持,亚利桑那项目,2024-11-15,1.000000
特朗普,担忧,台湾,2024-11-15,1.000000
特朗普,认为有暴力,台湾,2024-11-15,1.000000
特朗普,认为违规,台湾,2024-11-15,1.000000
吉娜·雷蒙多,批评,美国,2024-11-15,1.000000
特朗普,损害,美国,2024-11-15,1.000000
美国,支持,台积电,2024-11-15,1.000000
美国,认为失败,收购,2024-09-22,1.000000
美国,损害,高通,2024-09-22,1.000000
美国,威胁,高通,2024-09-22,1.000000
美国,认为可靠,高通,2024-09-22,1.000000
美国,感到满意,收购,2024-09-22,1.000000
美国,认为缺乏,高通,2024-09-22,1.000000
美国,认为有危机,高通,2024-09-22,1.000000
美国,认为可靠,高通,2024-09-22,1.000000
美国,欣赏,高通,2024-09-22,1.000000
美国,认为违规,收购,2024-09-22,1.000000
美国,质疑,高通,2024-09-22,1.000000
美国,担忧,高通,2024-09-22,1.000000
美国,认为恐怖,高通,2024-09-22,1.000000
美国,认为有威胁,高通,2024-09-22,1.000000
美国,相信,高通,2024-09-22,1.000000
美国,认可,高通,2024-09-22,1.000000
美国,担忧,高通,2024-09-22,1.000000
美国,认为恐怖,高通,2024-09-22,1.000000
美国,质疑,高通,2024-09-22,1.000000
美国,认为优秀,高通,2024-09-22,1.000000
美国,主导,收购,2024-09-22,1.000000
美国,认为有成就,高通,2024-09-22,1.000000
美国,增进,收购,2024-09-22,1.000000
Qualcomm,tiene relación,TSMC,2024-09-22,1.000000
美国,欢迎,英特尔,2024-08-04,1.000000
美国,认为优秀,英特尔,2024-08-04,1.000000
美国,支持,英特尔,2024-08-04,1.000000
美国,视作英雄,英特尔,2024-08-04,1.000000
《科创板日报》,认为可靠,台积电,2024-11-07,1.000000
AI芯片,认为可靠,台积电,2024-11-07,1.000000
特朗普,认为违规,《芯片法案》,2024-11-10,1.000000
特朗普,批评,《芯片法案》,2024-11-10,1.000000
马吉华,认为违规,美国,2024-11-10,1.000000
特朗普,批评,台积电,2024-11-10,1.000000
马吉华,认为有威胁,美国,2024-11-10,1.000000
马吉华,认为优秀,台积电,2024-11-10,1.000000
美国,担忧,台积电,2024-11-10,1.000000
马吉华,认为非法,美国,2024-11-10,1.000000
马吉华,质疑,台积电,2024-11-10,1.000000
美国,增进,芯片生产设施,2024-11-10,1.000000
美国,质疑,台积电,2024-11-10,1.000000
美国,批评,台积电,2024-11-10,1.000000
特朗普,认可,台积电,2024-11-10,1.000000
马吉华,担忧,台积电,2024-11-10,1.000000
美国,认为失败,台积电,2024-11-10,1.000000
美国,认为违规,台积电,2024-11-10,1.000000
马吉华,批评,台积电,2024-11-10,1.000000
特朗普,担忧,台积电,2024-11-10,1.000000
特朗普,质疑,台积电,2024-11-10,1.000000
特朗普,质疑,《芯片法案》,2024-11-10,1.000000
巴伦齐亚,质疑,英特尔,2024-11-24,1.000000
巴伦齐亚,感到不满,英特尔,2024-11-24,1.000000
丹·伊维斯,批评,黄仁勋,2024-11-24,1.000000
丹·伊维斯,质疑,黄仁勋,2024-11-24,1.000000
中国网络安全协会,质疑,英特尔,2024-11-24,1.000000
巴伦齐亚,批评,英特尔,2024-11-24,1.000000
巴伦齐亚,认为优秀,英特尔,2024-11-24,1.000000
中国网络安全协会,认为优秀,英特尔,2024-11-24,1.000000
