head,relation,tail,time,score
特朗普,担忧,台积电,2025-04-08,1.000000
特朗普,批评,前总统乔·拜登政府,2025-04-08,1.000000
特朗普,感到不满,台积电,2025-04-08,1.000000
特朗普,相信,台积电,2025-04-08,1.000000
特朗普,质疑,前总统乔·拜登政府,2025-04-08,1.000000
特朗普,批评,乔·拜登政府,2025-04-08,1.000000
特朗普,质疑,乔·拜登政府,2025-04-08,1.000000
特朗普,认为可靠,台积电,2025-04-08,1.000000
特朗普,感到满意,台积电,2025-04-08,1.000000
特朗普,认可,台积电,2025-04-08,1.000000
特朗普,威胁,台积电,2025-04-08,1.000000
特朗普,质疑,台积电,2025-04-08,1.000000
特朗普,认为有威胁,台积电,2025-04-08,1.000000
特朗普,质疑,拜登政府,2025-04-08,1.000000
特朗普,担忧,拜登政府,2025-04-08,1.000000
特朗普,批评,拜登政府,2025-04-08,1.000000
特朗普,感谢,分享,2025-04-08,1.000000
特朗普,批评,拜登政府,2025-04-08,1.000000
特朗普,欢迎,分享,2025-04-08,1.000000
台积电,批评,拜登政府,2025-04-08,1.000000
美国,支持,台积电,2025-03-03,1.000000
美国,担忧,台积电,2025-03-03,1.000000
美国,认可,台积电,2025-03-03,1.000000
美国,相信,台积电,2025-03-03,1.000000
美国,质疑,台积电,2025-03-03,1.000000
美国,增进,台积电,2025-03-03,1.000000
美国,支持,台积电,2025-03-03,1.000000
美国,担忧,台积电,2025-03-03,1.000000
美国,批评,台积电,2025-03-03,1.000000
美国,认可,台积电,2025-03-03,1.000000
美国,质疑,台积电,2025-03-03,1.000000
美国,增进,台积电,2025-03-03,1.000000
美国,认为违规,台积电,2024-11-14,1.000000
路透社,攻击,台积电,2024-11-14,1.000000
特朗普,欣赏,该计划,2024-11-14,1.000000
特朗普,质疑,该计划,2024-11-14,1.000000
特朗普,批评,该计划,2024-11-14,1.000000
特朗普,认为违规,该计划,2024-11-14,1.000000
美国,攻击,台积电,2024-11-14,1.000000
雷蒙多,攻击,台积电,2024-11-14,1.000000
美国,支持,台积电,2024-11-14,1.000000
美国,认为失败,台积电,2024-11-14,1.000000
美国,提供补贴,台积电,2024-11-14,1.000000
TSMC,扩大投资,亚利桑那州,2024-11-14,1.000000
TSMC,使用,芯片,2024-11-14,1.000000
美国,提供贷款,TSMC,2024-11-14,1.000000
TSMC,分享利润,美国,2024-11-14,1.000000
美国,通过法案,半导体,2024-11-14,1.000000
美国,要求停止,TSMC,2024-11-14,1.000000
台积电,增进,芯片,2024-12-16,1.000000
CNBC,增进,台积电,2024-12-16,1.000000
CNBC,相信,台积电,2024-12-16,1.000000
瑞克·卡斯迪,认为优秀,台积电,2024-12-16,1.000000
瑞克·卡斯迪,认为违规,台积电,2024-12-16,1.000000
CNBC,担忧,台积电,2024-12-16,1.000000
亚利桑那州,主导,台积电,2024-12-16,1.000000
CNBC,认为有危机,台积电,2024-12-16,1.000000
瑞克·卡斯迪,担忧,台积电,2024-12-16,1.000000
瑞克·卡斯迪,增进,台积电,2024-12-16,1.000000
CNBC,认为优秀,台积电,2024-12-16,1.000000
瑞克·卡斯迪,认为有危机,台积电,2024-12-16,1.000000
瑞克·卡斯迪,批评,台积电,2024-12-16,1.000000
CNBC,质疑,台积电,2024-12-16,1.000000
瑞克·卡斯迪,质疑,台积电,2024-12-16,1.000000
CNBC,认可,台积电,2024-12-16,1.000000
CNBC,认为违规,台积电,2024-12-16,1.000000
《彭博商业周刊》,质疑,特朗普,2024-11-09,1.000000
台湾经济部长,质疑,特朗普,2024-11-09,1.000000
台湾经济部长,认可,特朗普,2024-11-09,1.000000
亚利桑那州,主导,台积电,2024-11-09,1.000000
美国,主导,台积电,2024-11-09,1.000000
《彭博商业周刊》,视作英雄,特朗普,2024-11-09,1.000000
特朗普,损害,半导体,2024-11-09,1.000000
台湾经济部长,相信,特朗普,2024-11-09,1.000000
台湾经济部长,欣赏,特朗普,2024-11-09,1.000000
台湾经济部长,认为违规,特朗普,2024-11-09,1.000000
台湾经济部长,感到不满,特朗普,2024-11-09,1.000000
特朗普,增进,半导体,2024-11-09,1.000000
台湾经济部长,批评,特朗普,2024-11-09,1.000000
特朗普,支持,芯片,2024-11-09,1.000000
台湾经济部长,认为有暴力,特朗普,2024-11-09,1.000000
路透社,主导,美国,2025-04-08,1.000000
特朗普,质疑,前总统乔·拜登政府,2025-04-08,1.000000
特朗普,批评,前总统乔·拜登政府,2025-04-08,1.000000
美国,质疑,台积电,2024-11-14,1.000000
美国,增进,半导体,2024-11-14,1.000000
特朗普,增进,半导体,2024-11-14,1.000000
美国,质疑,芯片,2024-11-14,1.000000
美国,批评,芯片,2024-11-14,1.000000
美国,批评,芯片,2024-11-14,1.000000
特朗普,质疑,芯片,2024-11-14,1.000000
美国,支持,台积电,2024-11-14,1.000000
特朗普,认为违规,芯片,2024-11-14,1.000000
特朗普,批评,芯片,2024-11-14,1.000000
美国,提供资金,TSMC,2024-11-14,1.000000
TSMC,完成协议,协议,2024-11-14,1.000000
TSMC,开放设施,亚利桑那州,2024-11-14,1.000000
美国,宣布生产良率,生产良率,2024-11-14,1.000000
美国,拨款,TSMC,2024-11-14,1.000000
美国,提供贷款,TSMC,2024-11-14,1.000000
美国,下降,芯片,2024-11-14,1.000000
特朗普,视作英雄,乔·罗根,2025-03-03,1.000000
特朗普,认为有威胁,台湾,2025-03-03,1.000000
特朗普,欢迎,乔·罗根,2025-03-03,1.000000
特朗普,担忧,台湾,2025-03-03,1.000000
特朗普,认为有危机,台湾,2025-03-03,1.000000
乔·罗根,视作英雄,特朗普,2025-03-03,1.000000
特朗普,损害,台湾,2025-03-03,1.000000
特朗普,威胁,台湾,2025-03-03,1.000000
乔·罗根,欢迎,特朗普,2025-03-03,1.000000
乔·罗根,认为热情,特朗普,2025-03-03,1.000000
台积电,增进,美国,2025-03-03,1.000000
美国,支持,台积电,2025-03-03,1.000000
美国,认为可靠,台积电,2025-03-03,1.000000
美国,感到不满,台积电,2025-03-03,1.000000
美国,认为优秀,台积电,2025-03-03,1.000000
美国,质疑,台积电,2025-03-03,1.000000
美国,感到满意,台积电,2025-03-03,1.000000
美国,增进,台积电,2025-03-03,1.000000
美国,主导,台积电,2024-11-17,1.000000
TSMC,计划,全球扩建,2024-11-17,1.000000
TSMC,资本支出,340-380亿美元,2024-11-17,1.000000
TSMC,发展,先进封装技术,2024-11-17,1.000000
TSMC,建设,日本熊本第二晶圆厂,2024-11-17,1.000000
TSMC,获得资金,美国,2024-11-17,1.000000
TSMC,建设,7座新工厂,2024-11-17,1.000000
TSMC,使用,EUV光刻系统,2024-11-17,1.000000
TSMC,股价上涨,83%,2024-11-17,1.000000
雷蒙多,认可,台积电,2024-11-14,1.000000
吉娜·雷蒙多,认可,台积电,2024-11-14,1.000000
吉娜·雷蒙多,认为优秀,台积电,2024-11-14,1.000000
吉娜·雷蒙多,认为恐怖,台积电,2024-11-14,1.000000
吉娜·雷蒙多,担忧,台积电,2024-11-14,1.000000
雷蒙多,损害,台积电,2024-11-14,1.000000
吉娜·雷蒙多,损害,台积电,2024-11-14,1.000000
雷蒙多,增进,美国,2024-11-14,1.000000
吉娜·雷蒙多,支持,台积电,2024-11-14,1.000000
雷蒙多,认为恐怖,台积电,2024-11-14,1.000000
吉娜·雷蒙多,认为有危机,台积电,2024-11-14,1.000000
雷蒙多,担忧,台积电,2024-11-14,1.000000
雷蒙多,认为优秀,台积电,2024-11-14,1.000000
美国,视作英雄,拜登总统,2024-11-14,1.000000
吉娜·雷蒙多,认为违规,台积电,2024-11-14,1.000000
雷蒙多,认为有危机,台积电,2024-11-14,1.000000
雷蒙多,感到不满,台积电,2024-11-14,1.000000
雷蒙多,批评,台积电,2024-11-14,1.000000
吉娜·雷蒙多,批评,台积电,2024-11-14,1.000000
雷蒙多,相信,台积电,2024-11-14,1.000000
雷蒙多,认为违规,台积电,2024-11-14,1.000000
雷蒙多,认为犯罪,台积电,2024-11-14,1.000000
吉娜·雷蒙多,认为犯罪,台积电,2024-11-14,1.000000
雷蒙多,认为有危机,美国,2024-11-14,1.000000
雷蒙多,认为有成就,台积电,2024-11-14,1.000000
雷蒙多,认为失败,台积电,2024-11-14,1.000000
吉娜·雷蒙多,相信,台积电,2024-11-14,1.000000
雷蒙多,威胁,台积电,2024-11-14,1.000000
雷蒙多,质疑,台积电,2024-11-14,1.000000
吉娜·雷蒙多,质疑,台积电,2024-11-14,1.000000
吉娜·雷蒙多,认为失败,台积电,2024-11-14,1.000000
吉娜·雷蒙多,威胁,台积电,2024-11-14,1.000000
吉娜·雷蒙多,认为有暴力,台积电,2024-11-14,1.000000
雷蒙多,认为有暴力,台积电,2024-11-14,1.000000
雷蒙多,认为可靠,台积电,2024-11-14,1.000000
雷蒙多,认为有威胁,台积电,2024-11-14,1.000000
吉娜·雷蒙多,认为有威胁,台积电,2024-11-14,1.000000
雷蒙多,认为非法,美国,2024-11-14,1.000000
吉娜·雷蒙多,认为可靠,台积电,2024-11-14,1.000000
雷蒙多,认为有威胁,美国,2024-11-14,1.000000
美国,视作英雄,拜登总统,2024-11-14,1.000000
TSMC,增加投资,美国,2024-11-14,1.000000
TSMC,生产,芯片,2024-11-14,1.000000
TSMC,使用,芯片,2024-11-14,1.000000
TSMC,获得,美国,2024-11-14,1.000000
TSMC,承诺,不进行股票回购,2024-11-14,1.000000
TSMC,停止,芯片,2024-11-14,1.000000
TSMC,表达,对协议的乐观,2024-11-14,1.000000
CNBC,认为非法,美国,2024-12-16,1.000000
特朗普,认为恐怖,芯片,2024-11-15,1.000000
特朗普,批评,芯片,2024-11-15,1.000000
特朗普,主导,芯片,2024-11-15,1.000000
特朗普,质疑,芯片,2024-11-15,1.000000
特朗普,感到不满,芯片,2024-11-15,1.000000
特朗普,认为违规,芯片,2024-11-15,1.000000
特朗普,认为犯罪,芯片,2024-11-15,1.000000
《财富》杂志,认为优秀,特朗普,2024-11-15,1.000000
特朗普,认为有暴力,芯片,2024-11-15,1.000000
特朗普,担忧,芯片,2024-11-15,1.000000
TSMC,获得直接资金补贴,美国,2024-11-15,1.000000
美国,提供贷款,TSMC,2024-11-15,1.000000
TSMC,获得初始资金,美国,2024-11-15,1.000000
TSMC,承诺投资,亚利桑那州,2024-11-15,1.000000
美国,创造就业,美国,2024-11-15,1.000000
TSMC,计划生产,芯片,2024-11-15,1.000000
美国,签署法案,CHIPS Act,2024-11-15,1.000000
TSMC,签署初步协议,美国,2024-11-15,1.000000
共和党参议员,感到不满,特朗普,2025-04-09,1.000000
特朗普,认为有威胁,通用汽车,2025-04-09,1.000000
特朗普,主导,芯片,2025-04-09,1.000000
特朗普,威胁,通用汽车,2025-04-09,1.000000
特朗普,批评,政府,2025-04-09,1.000000
特朗普,损害,约翰迪尔,2025-04-09,1.000000
共和党参议员,认为违规,特朗普,2025-04-09,1.000000
特朗普,威胁,约翰迪尔,2025-04-09,1.000000
特朗普,认为违规,芯片,2025-04-09,1.000000
共和党参议员,批评,特朗普,2025-04-09,1.000000
特朗普,视作英雄,前总统拜登,2025-04-09,1.000000
Trump,威胁,TSMC,2025-04-09,1.000000
TSMC,承诺投资,美国,2025-04-09,1.000000
TSMC,获得补贴,美国,2025-04-09,1.000000
特朗普,主导,白宫,2025-03-02,1.000000
美国,视作英雄,拜登总统,2025-03-02,1.000000
美国,支持,台积电,2025-03-02,1.000000
商务部,支持,台积电,2025-03-02,1.000000
美国,欢迎,拜登总统,2025-03-02,1.000000
拜登总统,主导,美国,2025-03-02,1.000000
拜登总统,增进,台积电,2025-03-02,1.000000
拜登总统,支持,美国,2025-03-02,1.000000
美国,喜欢,拜登总统,2025-03-02,1.000000
商务部,认可,台积电,2025-03-02,1.000000
拜登总统,认可,美国,2025-03-02,1.000000
TSMC,计划投资,美国,2025-03-02,1.000000
TSMC CEO,会面,特朗普,2025-03-02,1.000000
TSMC,追加投资,美国,2025-03-02,1.000000
TSMC,扩大投资,美国,2025-03-02,1.000000
美国,提供补贴,美国,2025-03-02,1.000000
TSMC,签订协议,亚利桑那州,2025-03-02,1.000000
TSMC,使用技术,亚利桑那州,2025-03-02,1.000000
TSMC,生产芯片,亚利桑那州,2025-03-02,1.000000
美国,提供贷款,TSMC,2025-03-02,1.000000
政府支持计划,支持,台积电,2025-04-16,1.000000
台积电,质疑,芯片,2025-04-16,1.000000
政府支持计划,认为可靠,台积电,2025-04-16,1.000000
政府支持计划,增进,台积电,2025-04-16,1.000000
特朗普,认为违规,半导体,2025-04-16,1.000000
特朗普,担忧,半导体,2025-04-16,1.000000
特朗普,批评,半导体,2025-04-16,1.000000
政府支持计划,主导,台积电,2025-04-16,1.000000
政府支持计划,欣赏,台积电,2025-04-16,1.000000
特朗普,认可,半导体,2025-04-16,1.000000
特朗普,支持,半导体,2025-04-16,1.000000
政府支持计划,感到满意,台积电,2025-04-16,1.000000
特朗普,主导,半导体,2025-04-16,1.000000
政府支持计划,认为优秀,台积电,2025-04-16,1.000000
魏哲家,支持,台积电,2025-04-16,1.000000
特朗普,增进,半导体,2025-04-16,1.000000
政府支持计划,担忧,台积电,2025-04-16,1.000000
政府支持计划,认可,台积电,2025-04-16,1.000000
魏哲家,增进,台积电,2025-04-16,1.000000
雷蒙多,相信,路透社,2025-01-10,1.000000
商务部,认为可靠,台积电,2025-01-10,1.000000
"路透社  
路透社",认可,台积电,2025-01-10,1.000000
商务部,认为优秀,台积电,2025-01-10,1.000000
魏哲家,支持,台积电,2025-04-16,1.000000
特朗普,担忧,半导体,2025-04-16,1.000000
特朗普,认为违规,半导体,2025-04-16,1.000000
台积电,增进,美国,2025-04-16,1.000000
特朗普,增进,半导体,2025-04-16,1.000000
魏哲家,主导,台积电,2025-04-16,1.000000
台积电,质疑,芯片,2025-04-16,1.000000
吉娜·雷蒙多,认为优秀,台积电,2025-03-03,1.000000
霍华德·鲁特尼克,质疑,特朗普,2025-03-03,1.000000
亚利桑那州,主导,台积电,2025-03-03,1.000000
霍华德·鲁特尼克,喜欢,特朗普,2025-03-03,1.000000
霍华德·鲁特尼克,认为违规,特朗普,2025-03-03,1.000000
霍华德·鲁特尼克,认为优秀,特朗普,2025-03-03,1.000000
霍华德·鲁特尼克,批评,特朗普,2025-03-03,1.000000
特朗普,视作英雄,吉娜·雷蒙多,2025-03-03,1.000000
霍华德·鲁特尼克,视作英雄,特朗普,2025-03-03,1.000000
霍华德·鲁特尼克,相信,特朗普,2025-03-03,1.000000
霍华德·鲁特尼克,欣赏,特朗普,2025-03-03,1.000000
霍华德·鲁特尼克,担忧,特朗普,2025-03-03,1.000000
雷蒙多,认为有威胁,台积电,2024-11-14,1.000000
路透社,认为有威胁,台积电,2024-11-14,1.000000
吉娜·雷蒙多,质疑,台积电,2024-11-14,1.000000
美国,视作英雄,吉娜·雷蒙多,2024-11-14,1.000000
路透社,主导,台积电,2024-11-14,1.000000
路透社,认为违规,台积电,2024-11-14,1.000000
路透社,认为有危机,台积电,2024-11-14,1.000000
雷蒙多,认为违规,台积电,2024-11-14,1.000000
雷蒙多,认为犯罪,台积电,2024-11-14,1.000000
吉娜·雷蒙多,认为恐怖,台积电,2024-11-14,1.000000
路透社,认为犯罪,台积电,2024-11-14,1.000000
吉娜·雷蒙多,担忧,台积电,2024-11-14,1.000000
雷蒙多,质疑,台积电,2024-11-14,1.000000
特朗普,质疑,台积电,2024-11-14,1.000000
吉娜·雷蒙多,认为有威胁,台积电,2024-11-14,1.000000
魏哲家,批评,特朗普,2024-11-14,1.000000
TSMC,获得补贴,美国,2024-11-14,1.000000
TSMC,扩大投资,美国,2024-11-14,1.000000
TSMC,生产,2纳米技术,2024-11-14,1.000000
TSMC,使用,A16技术,2024-11-14,1.000000
TSMC,获得贷款,美国,2024-11-14,1.000000
TSMC,放弃股票回购,5年,2024-11-14,1.000000
TSMC,分享超额利润,美国,2024-11-14,1.000000
TSMC,被要求暂停,中国客户,2024-11-14,1.000000
《彭博商业周刊》,视作英雄,特朗普,2024-11-09,1.000000
台湾经济部长,质疑,特朗普,2024-11-09,1.000000
亚利桑那州,主导,台积电,2024-11-09,1.000000
台湾经济部长,认为违规,特朗普,2024-11-09,1.000000
台湾经济部长,认为缺乏,特朗普,2024-11-09,1.000000
台湾经济部长,认为恐怖,特朗普,2024-11-09,1.000000
台湾经济部长,相信,特朗普,2024-11-09,1.000000
台湾经济部长,欣赏,特朗普,2024-11-09,1.000000
台湾经济部长,认为有暴力,特朗普,2024-11-09,1.000000
台湾经济部长,视作英雄,特朗普,2024-11-09,1.000000
台湾经济部长,认可,特朗普,2024-11-09,1.000000
台湾经济部长,感到不满,特朗普,2024-11-09,1.000000
台湾经济部长,批评,特朗普,2024-11-09,1.000000
黄仁勋,质疑,特朗普,2025-04-16,1.000000
黄仁勋,增进,美国,2025-04-16,1.000000
特朗普,欣赏,NVIDIA,2025-04-16,1.000000
黄仁勋,批评,特朗普,2025-04-16,1.000000
黄仁勋,感到不满,特朗普,2025-04-16,1.000000
特朗普,质疑,NVIDIA,2025-04-16,1.000000
台积电,欣赏,芯片,2025-04-16,1.000000
特朗普,增进,美国,2025-04-16,1.000000
TSMC,建设,美国,2025-04-15,1.000000
TSMC,采用,2纳米工艺,2025-04-15,1.000000
AMD,转移生产,美国,2025-04-15,1.000000
特朗普,认为违规,芯片,2024-11-15,1.000000
特朗普,主导,芯片,2024-11-15,1.000000
特朗普,批评,芯片,2024-11-15,1.000000
特朗普,感到不满,芯片,2024-11-15,1.000000
特朗普,欣赏,芯片,2024-11-15,1.000000
特朗普,认为犯罪,芯片,2024-11-15,1.000000
特朗普,认为非法,芯片,2024-11-15,1.000000
特朗普,认为缺乏,芯片,2024-11-15,1.000000
特朗普,认为失败,芯片,2024-11-15,1.000000
特朗普,威胁,芯片,2024-11-15,1.000000
特朗普,认为可靠,芯片,2024-11-15,1.000000
特朗普,感到满意,芯片,2024-11-15,1.000000
特朗普,攻击,芯片,2024-11-15,1.000000
特朗普,认为有暴力,芯片,2024-11-15,1.000000
特朗普,认可,芯片,2024-11-15,1.000000
特朗普,质疑,芯片,2024-11-15,1.000000
特朗普,认为恐怖,芯片,2024-11-15,1.000000
特朗普,担忧,芯片,2024-11-15,1.000000
特朗普,支持,芯片,2024-11-15,1.000000
特朗普,认为有威胁,芯片,2024-11-15,1.000000
美国,提供补贴,台积电,2024-11-15,1.000000
美国,发放资金,台积电,2024-11-15,1.000000
台积电,生产芯片,亚利桑那州,2024-11-15,1.000000
美国,签署,CHIPS法案,2024-11-15,1.000000
台积电,达成协议,美国,2024-11-15,1.000000
台积电,建设工厂,亚利桑那州,2024-11-15,1.000000
乔·罗根,感谢,特朗普,2025-03-03,1.000000
特朗普,认为有危机,台湾,2025-03-03,1.000000
魏哲家,认为有成就,亚利桑那州,2025-03-03,1.000000
乔·罗根,质疑,特朗普,2025-03-03,1.000000
乔·罗根,认为热情,特朗普,2025-03-03,1.000000
特朗普,担忧,台湾,2025-03-03,1.000000
乔·罗根,批评,特朗普,2025-03-03,1.000000
特朗普,认为有威胁,台湾,2025-03-03,1.000000
特朗普,威胁,台湾,2025-03-03,1.000000
特朗普,视作英雄,乔·罗根,2025-03-03,1.000000
乔·罗根,视作英雄,特朗普,2025-03-03,1.000000
特朗普,欢迎,乔·罗根,2025-03-03,1.000000
乔·罗根,欢迎,特朗普,2025-03-03,1.000000
乔·罗根,喜欢,特朗普,2025-03-03,1.000000
TSMC,获得补贴,美国,2025-03-03,1.000000
TSMC,投资,美国,2025-03-03,1.000000
TSMC,建设,晶圆厂,2025-03-03,1.000000
TSMC,扩展投资,半导体,2025-03-03,1.000000
TSMC,建立,欧洲基地,2025-03-03,1.000000
特朗普,提出,芯片,2025-03-03,1.000000
Apple,投资,美国,2025-03-03,1.000000
美国,增进,芯片,2024-11-15,1.000000
特朗普,认为犯罪,芯片,2024-11-15,1.000000
Adobe,视作英雄,特朗普,2024-11-15,1.000000
特朗普,攻击,芯片,2024-11-15,1.000000
特朗普,威胁,芯片,2024-11-15,1.000000
特朗普,质疑,芯片,2024-11-15,1.000000
特朗普,认可,芯片,2024-11-15,1.000000
特朗普,担忧,芯片,2024-11-15,1.000000
特朗普,损害,芯片,2024-11-15,1.000000
特朗普,欣赏,芯片,2024-11-15,1.000000
特朗普,批评,芯片,2024-11-15,1.000000
特朗普,认为违规,芯片,2024-11-15,1.000000
特朗普,主导,芯片,2024-11-15,1.000000
美国,提供资金,TSMC,2024-11-15,1.000000
拜登政府,宣布,TSMC,2024-11-15,1.000000
TSMC,开始运营,亚利桑那州,2024-11-15,1.000000
美国,强调,芯片,2024-11-15,1.000000
美国,提供贷款,TSMC,2024-11-15,1.000000
TSMC,计划建立,日本熊本县第二工厂,2024-11-15,1.000000
TSMC,计划建立,日本熊本县第三工厂,2024-11-15,1.000000
TSMC,部署,EUV光刻系统,2024-11-15,1.000000
TSMC,股价上涨,股市,2024-11-15,1.000000
美国,分配资金,TSMC,2024-11-15,1.000000
TSMC,扩大产能,EUV设备,2024-11-15,1.000000
美国,增进,芯片,2024-11-17,1.000000
美国,支持,台积电,2024-11-17,1.000000
路透社,认为有成就,台积电,2025-01-10,1.000000
吉娜·雷蒙多,认为有成就,台积电,2025-01-10,1.000000
雷蒙多,认为有成就,台积电,2025-01-10,1.000000
中国,质疑,台湾,2025-03-03,1.000000
魏哲家,视作英雄,特朗普,2025-03-03,1.000000
台积电,欢迎,特朗普,2025-03-03,1.000000
魏哲家,欣赏,特朗普,2025-03-03,1.000000
魏哲家,欢迎,特朗普,2025-03-03,1.000000
魏哲家,相信,特朗普,2025-03-03,1.000000
魏哲家,喜欢,特朗普,2025-03-03,1.000000
美国,视作英雄,乔·拜登总统,2025-03-03,1.000000
魏哲家,认为热情,特朗普,2025-03-03,1.000000
特朗普,感到满意,分享,2025-03-03,1.000000
特朗普,欢迎,分享,2025-03-03,1.000000
中国,认为非法,台湾,2025-03-03,1.000000
台湾,欢迎,特朗普,2025-03-03,1.000000
特朗普,感谢,分享,2025-03-03,1.000000
TSMC,计划投资,美国,2025-03-03,1.000000
TSMC,增加投资,亚利桑那州,2025-03-03,1.000000
TSMC,技术生产,芯片,2025-03-03,1.000000
TSMC,技术应用,A16先进制造技术,2025-03-03,1.000000
美国,通过法案,TSMC,2025-03-03,1.000000
美国,提供补贴,TSMC,2025-03-03,1.000000
TSMC,获得资金,美国,2025-03-03,1.000000
TSMC,获得贷款,美国,2025-03-03,1.000000
TSMC,表达愿景,美国,2025-03-03,1.000000
丹尼尔·纽曼,认为缺乏,台积电,2025-03-02,1.000000
丹尼尔·纽曼,认为有危机,台积电,2025-03-02,1.000000
霍华德·卢特尼克,支持,台积电,2025-03-02,1.000000
特朗普,批评,芯片,2025-03-02,1.000000
美国,认为优秀,台积电,2025-03-02,1.000000
霍华德·卢特尼克,认为可靠,台积电,2025-03-02,1.000000
美国,认为有成就,台积电,2025-03-02,1.000000
美国,担忧,台积电,2025-03-02,1.000000
特朗普,担忧,台积电,2025-03-02,1.000000
丹尼尔·纽曼,认为失败,台积电,2025-03-02,1.000000
特朗普,损害,美国,2025-03-02,1.000000
美国,认为恐怖,台积电,2025-03-02,1.000000
特朗普,增进,美国,2025-03-02,1.000000
美国,认为有威胁,台积电,2025-03-02,1.000000
特朗普,认为违规,芯片,2025-03-02,1.000000
魏哲家,认为恐怖,特朗普,2025-03-02,1.000000
美国,质疑,台积电,2025-03-02,1.000000
特朗普,批评,芯片,2025-03-02,1.000000
魏哲家,担忧,台积电,2025-03-02,1.000000
丹尼尔·纽曼,相信,台积电,2025-03-02,1.000000
特朗普,认为有威胁,芯片,2025-03-02,1.000000
特朗普,损害,美国,2025-03-02,1.000000
丹尼尔·纽曼,感到满意,台积电,2025-03-02,1.000000
丹尼尔·纽曼,认为恐怖,台积电,2025-03-02,1.000000
魏哲家,认为优秀,台积电,2025-03-02,1.000000
魏哲家,质疑,台积电,2025-03-02,1.000000
魏哲家,担忧,特朗普,2025-03-02,1.000000
丹尼尔·纽曼,担忧,台积电,2025-03-02,1.000000
特朗普,认为有威胁,美国,2025-03-02,1.000000
美国,损害,台积电,2025-03-02,1.000000
丹尼尔·纽曼,认为有威胁,台积电,2025-03-02,1.000000
丹尼尔·纽曼,认为优秀,台积电,2025-03-02,1.000000
美国,增进,国内制造业的发展,2025-03-02,1.000000
美国,威胁,台积电,2025-03-02,1.000000
丹尼尔·纽曼,质疑,台积电,2025-03-02,1.000000
中国政府,损害,台积电,2025-03-02,1.000000
特朗普,支持,台积电,2025-03-02,1.000000
霍华德·卢特尼克,担忧,台积电,2025-03-02,1.000000
中国政府,威胁,台积电,2025-03-02,1.000000
丹尼尔·纽曼,认可,台积电,2025-03-02,1.000000
魏哲家,认为有威胁,美国,2025-03-02,1.000000
霍华德·卢特尼克,质疑,台积电,2025-03-02,1.000000
丹尼尔·纽曼,增进,台积电,2025-03-02,1.000000
霍华德·卢特尼克,认可,台积电,2025-03-02,1.000000
霍华德·卢特尼克,认为违规,台积电,2025-03-02,1.000000
美国,认为有危机,台积电,2025-03-02,1.000000
丹尼尔·纽曼,认为可靠,台积电,2025-03-02,1.000000
特朗普,质疑,芯片,2025-03-02,1.000000
霍华德·卢特尼克,威胁,台积电,2025-03-02,1.000000
魏哲家,威胁,特朗普,2025-03-02,1.000000
丹尼尔·纽曼,支持,台积电,2025-03-02,1.000000
特朗普,认为违规,芯片,2025-03-02,1.000000
霍华德·卢特尼克,批评,台积电,2025-03-02,1.000000
TSMC,投资,美国,2025-03-02,1.000000
特朗普,宣布,新闻,2025-03-02,1.000000
TSMC,投资建设,亚利桑那州,2025-03-02,1.000000
TSMC,投资,美国,2025-03-02,1.000000
TSMC,获得补助,CHIPS法案,2025-03-02,1.000000
特朗普,宣布,TSMC总投资,2025-03-02,1.000000
美国,敦促,TSMC,2025-03-02,1.000000
TSMC,专门从事,芯片,2025-03-02,1.000000
特朗普,征收关税,芯片,2025-03-02,1.000000
特朗普,威胁终止,CHIPS法案,2025-03-02,1.000000
专家,警告,特朗普,2025-03-02,1.000000
TSMC,保留,先进设施,2025-03-02,1.000000
美国,认为,TSMC在台湾的存在,2025-03-02,1.000000
特朗普,会面,科技CEO和投资者,2025-03-02,1.000000
苹果,计划投资,美国,2025-03-02,1.000000
特朗普,认为有威胁,台湾,2025-04-09,1.000000
美国,视作英雄,特朗普,2025-04-09,1.000000
特朗普,威胁,台湾,2025-04-09,1.000000
特朗普,认为有威胁,台湾,2025-04-09,1.000000
台湾官员,质疑,台积电,2025-04-09,1.000000
特朗普,威胁,台湾,2025-04-09,1.000000
特朗普,认为有危机,台湾,2025-04-09,1.000000
美国,威胁,台湾,2025-04-09,1.000000
美国,认为有威胁,台湾,2025-04-09,1.000000
台积电,认为有威胁,台湾,2025-04-09,1.000000
台湾,损害,芯片,2025-04-09,1.000000
台湾官员,认为优秀,台积电,2025-04-09,1.000000
路透社,主导,台积电,2024-11-14,1.000000
美国,担忧,台积电,2024-11-14,1.000000
路透社,相信,台积电,2024-11-14,1.000000
美国,视作英雄,拜登,2024-11-14,1.000000
路透社,认为违规,台积电,2024-11-14,1.000000
路透社,感到不满,台积电,2024-11-14,1.000000
美国,主导,台积电,2024-11-14,1.000000
美国,批评,台积电,2024-11-14,1.000000
美国,认为违规,台积电,2024-11-14,1.000000
路透社,认为失败,台积电,2024-11-14,1.000000
美国,认为犯罪,台积电,2024-11-14,1.000000
路透社,威胁,台积电,2024-11-14,1.000000
路透社,攻击,台积电,2024-11-14,1.000000
美国,感到不满,台积电,2024-11-14,1.000000
路透社,认为可靠,台积电,2024-11-14,1.000000
雷蒙多,认为违规,台积电,2024-11-14,1.000000
美国,认为失败,台积电,2024-11-14,1.000000
台积电,视作英雄,特朗普,2024-11-14,1.000000
路透社,质疑,台积电,2024-11-14,1.000000
路透社,认为优秀,台积电,2024-11-14,1.000000
美国,攻击,台积电,2024-11-14,1.000000
美国,质疑,台积电,2024-11-14,1.000000
路透社,认可,台积电,2024-11-14,1.000000
美国,认为优秀,三星,2024-11-14,1.000000
美国,视作英雄,吉娜·雷蒙多,2024-11-14,1.000000
路透社,损害,台积电,2024-11-14,1.000000
美国,认可,台积电,2024-11-14,1.000000
路透社,支持,台积电,2024-11-14,1.000000
路透社,认为恐怖,台积电,2024-11-14,1.000000
路透社,担忧,台积电,2024-11-14,1.000000
美国,支持,台积电,2024-11-14,1.000000
路透社,批评,台积电,2024-11-14,1.000000
TSMC,扩大投资,美国,2024-11-14,1.000000
TSMC,开始生产,2纳米技术,2024-11-14,1.000000
TSMC,使用,芯片,2024-11-14,1.000000
TSMC,获得贷款,美国,2024-11-14,1.000000
TSMC,承诺,股票回购和利润分享,2024-11-14,1.000000
美国,通过,芯片,2024-11-14,1.000000
美国,提供资金,三星,2024-11-14,1.000000
美国,提供资金,英特尔,2024-11-14,1.000000
美国,提供资金,美光科技,2024-11-14,1.000000
美国,要求,TSMC,2024-11-14,1.000000
魏哲家,增进,台积电,2024-11-17,1.000000
特朗普,视作英雄,拜登,2024-11-17,1.000000
特朗普,认为有威胁,中国,2024-11-17,1.000000
魏哲家,支持,台积电,2024-11-17,1.000000
特朗普,批评,该计划,2024-11-17,1.000000
魏哲家,认为优秀,台积电,2024-11-17,1.000000
魏哲家,认为可靠,台积电,2024-11-17,1.000000
特朗普,认为违规,该计划,2024-11-17,1.000000
特朗普,质疑,该计划,2024-11-17,1.000000
美国,认为有成就,台积电,2024-11-02,1.000000
TSMC,扩张,台湾以外市场,2024-11-02,1.000000
TSMC,宣布,美国,2024-11-02,1.000000
TSMC,缓解,投资者担忧,2024-11-02,1.000000
TSMC,支持,AI市场需求,2024-11-02,1.000000
TSMC,提升,HPC部门收入占比,2024-11-02,1.000000
TSMC,上涨,股价,2024-11-02,1.000000
特朗普,认为优秀,台积电,2025-01-13,1.000000
美国,视作英雄,特朗普,2025-01-13,1.000000
美国,认为有威胁,中国,2025-01-13,1.000000
特朗普,损害,进口关税,2025-01-13,1.000000
美国,攻击,中国,2025-01-13,1.000000
美国,损害,中国,2025-01-13,1.000000
美国,威胁,中国,2025-01-13,1.000000
TSMC,预计利润增长,58%,2025-01-13,1.000000
TSMC,建设,美国,2025-01-13,1.000000
TSMC,投资,美国,2025-01-13,1.000000
TSMC,预计资本支出,2025年,2025-01-13,1.000000
TSMC,资本支出,300亿美元,2025-01-13,1.000000
TSMC,股价上涨,81%,2025-01-13,1.000000
美国,认为优秀,台积电,2025-01-13,1.000000
美国,认为有威胁,中国,2025-01-13,1.000000
特朗普,认为有威胁,进口关税,2025-01-13,1.000000
美国,认为可靠,台积电,2025-01-13,1.000000
特朗普,损害,进口关税,2025-01-13,1.000000
美国,认可,台积电,2025-01-13,1.000000
布雷特·西蒙斯,增进,台积电,2025-01-13,1.000000
美国,威胁,中国,2025-01-13,1.000000
特朗普,威胁,进口关税,2025-01-13,1.000000
TSMC,报告,利润,2025-01-13,1.000000
TSMC,受益,AI趋势,2025-01-13,1.000000
TSMC,报告,营收增长,2025-01-13,1.000000
TSMC,投资,美国,2025-01-13,1.000000
TSMC,投资,美国,2025-01-13,1.000000
TSMC,更新,展望,2025-01-13,1.000000
TSMC,预测,资本支出,2025-01-13,1.000000
TSMC,计划,资本支出,2025-01-13,1.000000
台积电,损害,美国,2024-11-13,1.000000
TSMC,被起诉,美国,2024-11-13,1.000000
TSMC,被指控忽视,多样性承诺,2024-11-13,1.000000
TSMC,被指控要求,职位普通话能力,2024-11-13,1.000000
TSMC,被指控无条件雇佣,亚洲/台湾候选人,2024-11-13,1.000000
TSMC,被指控减少,工会职位,2024-11-13,1.000000
TSMC,被指控霸凌,员工,2024-11-13,1.000000
TSMC,员工投诉,工作条件,2024-11-13,1.000000
TSMC,声明,多样性立场,2024-11-13,1.000000
当地立法者,认为犯罪,台积电,2024-11-12,1.000000
当地立法者,批评,台积电,2024-11-12,1.000000
唐永年,质疑,台积电,2024-11-12,1.000000
当地立法者,威胁,台积电,2024-11-12,1.000000
当地立法者,认为可靠,台积电,2024-11-12,1.000000
唐永年,批评,台积电,2024-11-12,1.000000
当地立法者,认为有危机,台积电,2024-11-12,1.000000
当地立法者,欣赏,台积电,2024-11-12,1.000000
当地立法者,认为有暴力,台积电,2024-11-12,1.000000
当地立法者,认可,台积电,2024-11-12,1.000000
当地立法者,感到满意,台积电,2024-11-12,1.000000
当地立法者,相信,台积电,2024-11-12,1.000000
当地立法者,喜欢,台积电,2024-11-12,1.000000
当地立法者,支持,台积电,2024-11-12,1.000000
当地立法者,认为优秀,台积电,2024-11-12,1.000000
当地立法者,认为有威胁,台积电,2024-11-12,1.000000
当地立法者,认为恐怖,台积电,2024-11-12,1.000000
当地立法者,担忧,台积电,2024-11-12,1.000000
当地立法者,感到不满,台积电,2024-11-12,1.000000
当地立法者,增进,台积电,2024-11-12,1.000000
当地立法者,质疑,台积电,2024-11-12,1.000000
当地立法者,认为失败,台积电,2024-11-12,1.000000
当地立法者,主导,台积电,2024-11-12,1.000000
当地立法者,认为热情,台积电,2024-11-12,1.000000
唐永年,担忧,台积电,2024-11-12,1.000000
当地立法者,认为缺乏,台积电,2024-11-12,1.000000
当地立法者,认为违规,台积电,2024-11-12,1.000000
台湾,规定,TSMC,2024-11-12,1.000000
TSMC,建立晶圆厂生产,美国,2024-11-12,1.000000
TSMC,建立晶圆厂生产,美国,2024-11-12,1.000000
TSMC,建立晶圆厂生产,美国,2024-11-12,1.000000
TSMC,量产,芯片,2024-11-12,1.000000
魏哲家,认为可靠,亚利桑那州,2025-04-21,1.000000
魏哲家,认为优秀,亚利桑那州,2025-04-21,1.000000
魏哲家,主导,亚利桑那州,2025-04-21,1.000000
特朗普,质疑,拜登政府,2025-04-08,1.000000
特朗普,欢迎,分享,2025-04-08,1.000000
特朗普,感谢,分享,2025-04-08,1.000000
特朗普,批评,拜登政府,2025-04-08,1.000000
特朗普,感到满意,分享,2025-04-08,1.000000
《台北时报》,视作英雄,特朗普,2024-11-09,1.000000
美国,质疑,台积电,2024-11-09,1.000000
贝索斯,认为可靠,美国,2024-11-09,1.000000
贝索斯,增进,美国,2024-11-09,1.000000
美国,认可,台积电,2024-11-09,1.000000
美国,主导,台积电,2024-11-09,1.000000
美国,认为违规,台积电,2024-11-09,1.000000
美国,支持,台积电,2024-11-09,1.000000
苹果,损害,中国,2024-11-09,1.000000
特朗普,认为有威胁,芯片,2025-04-16,1.000000
美国,威胁,芯片,2025-04-16,1.000000
台积电,主导,美国,2025-04-16,1.000000
美国,视作英雄,特朗普,2025-04-16,1.000000
美国,认为有威胁,台湾,2025-04-16,1.000000
特朗普,威胁,台湾,2025-04-16,1.000000
特朗普,喜欢,台湾,2025-04-16,1.000000
特朗普,担忧,台积电,2025-04-16,1.000000
特朗普,认为有威胁,芯片,2025-04-16,1.000000
美国,认为有危机,芯片,2025-04-16,1.000000
美国,认为有危机,芯片,2025-04-16,1.000000
特朗普,质疑,台积电,2025-04-16,1.000000
特朗普,威胁,芯片,2025-04-16,1.000000
美国,威胁,台积电,2025-04-16,1.000000
政府支持计划,支持,台积电,2025-04-16,1.000000
政府支持计划,认为可靠,台积电,2025-04-16,1.000000
政府支持计划,主导,台积电,2025-04-16,1.000000
政府支持计划,感到满意,台积电,2025-04-16,1.000000
政府支持计划,认为优秀,台积电,2025-04-16,1.000000
魏哲家,支持,台积电,2025-04-16,1.000000
政府支持计划,担忧,台积电,2025-04-16,1.000000
政府支持计划,认可,台积电,2025-04-16,1.000000
台积电,质疑,芯片,2025-04-16,1.000000
特朗普,担忧,半导体,2025-04-16,1.000000
特朗普,认为违规,半导体,2025-04-16,1.000000
特朗普,批评,半导体,2025-04-16,1.000000
特朗普,认可,半导体,2025-04-16,1.000000
特朗普,支持,半导体,2025-04-16,1.000000
台积电,威胁,芯片,2025-04-16,1.000000
亚利桑那州,主导,台积电,2025-04-16,1.000000
特朗普,主导,半导体,2025-04-16,1.000000
魏哲家,支持,台积电,2025-04-16,1.000000
特朗普,增进,半导体,2025-04-16,1.000000
魏哲家,主导,台积电,2025-04-16,1.000000
特朗普,感到满意,半导体,2025-04-16,1.000000
美国,认为优秀,台积电,2025-04-13,1.000000
特朗普,担忧,台积电,2025-04-13,1.000000
特朗普,感到满意,台积电,2025-04-13,1.000000
特朗普,认为恐怖,台积电,2025-04-13,1.000000
特朗普,批评,台积电,2025-04-13,1.000000
特朗普,感到不满,台积电,2025-04-13,1.000000
特朗普,认可,台积电,2025-04-13,1.000000
特朗普,担忧,台积电,2025-04-13,1.000000
特朗普,认为优秀,台积电,2025-04-13,1.000000
特朗普,质疑,台积电,2025-04-13,1.000000
特朗普,认为有威胁,台积电,2025-04-13,1.000000
美国,认可,台积电,2025-04-13,1.000000
特朗普,认为可靠,台积电,2025-04-13,1.000000
特朗普,批评,台积电,2025-04-13,1.000000
特朗普,威胁,台积电,2025-04-13,1.000000
特朗普,认可,台积电,2025-04-13,1.000000
美国,支持,台积电,2025-04-13,1.000000
特朗普,威胁,台积电,2025-04-13,1.000000
特朗普,支持,台积电,2025-04-13,1.000000
美国,损害,台积电,2025-04-13,1.000000
特朗普,认为可靠,台积电,2025-04-13,1.000000
美国,增进,台积电,2025-04-13,1.000000
美国,欣赏,台积电,2025-04-13,1.000000
特朗普,欣赏,台积电,2025-04-13,1.000000
特朗普,质疑,台积电,2025-04-13,1.000000
特朗普,相信,台积电,2025-04-13,1.000000
特朗普,认为有威胁,台积电,2025-04-13,1.000000
美国,增进,全球竞争,2024-11-26,1.000000
德国德累斯顿,增进,台积电,2024-11-17,1.000000
特朗普,认为有危机,半导体,2025-04-16,1.000000
特朗普,认为违规,半导体,2025-04-16,1.000000
特朗普,主导,半导体,2025-04-16,1.000000
特朗普,增进,半导体,2025-04-16,1.000000
特朗普,担忧,半导体,2025-04-16,1.000000
特朗普,支持,半导体,2025-04-16,1.000000
特朗普,感到满意,半导体,2025-04-16,1.000000
特朗普,批评,半导体,2025-04-16,1.000000
特朗普,认可,半导体,2025-04-16,1.000000
特朗普,认为失败,半导体,2025-04-16,1.000000
特朗普,质疑,半导体,2025-04-16,1.000000
贝佐斯,增进,美国,2024-11-09,1.000000
《台北时报》,质疑,台积电,2024-11-09,1.000000
《台北时报》,担忧,台积电,2024-11-09,1.000000
《台北时报》,相信,台积电,2024-11-09,1.000000
美国,质疑,台积电,2024-11-09,1.000000
美国,主导,台积电,2024-11-09,1.000000
美国,批评,台积电,2024-11-09,1.000000
《台北时报》,视作英雄,特朗普,2024-11-09,1.000000
美国,支持,台积电,2024-11-09,1.000000
美国,担忧,台积电,2024-11-09,1.000000
美国,认为违规,台积电,2024-11-09,1.000000
《台北时报》,增进,台积电,2024-11-09,1.000000
《台北时报》,损害,台积电,2024-11-09,1.000000
《台北时报》,威胁,台积电,2024-11-09,1.000000
美国,认可,台积电,2024-11-09,1.000000
TSMC,禁止生产,芯片,2024-11-09,1.000000
TSMC,计划,芯片,2024-11-09,1.000000
TSMC,投资,美国,2024-11-09,1.000000
美国,要求停止出口,芯片,2024-11-09,1.000000
TSMC,股价上涨,市场,2024-11-09,1.000000
TSMC,销售增长放缓,市场,2024-11-09,1.000000
《经济日报》,增进,台积电,2024-11-17,1.000000
特朗普,认为犯罪,台湾,2024-11-14,1.000000
特朗普,欣赏,芯片,2024-11-14,1.000000
特朗普,感到不满,芯片,2024-11-14,1.000000
特朗普,喜欢,芯片,2024-11-14,1.000000
特朗普,认为失败,芯片,2024-11-14,1.000000
特朗普,质疑,台湾,2024-11-14,1.000000
特朗普,质疑,芯片,2024-11-14,1.000000
特朗普,喜欢,芯片,2024-11-14,1.000000
特朗普,欣赏,《乔·罗根体验》,2024-11-14,1.000000
特朗普,主导,《乔·罗根体验》,2024-11-14,1.000000
美国,认为可靠,芯片,2024-11-14,1.000000
特朗普,批评,芯片,2024-11-14,1.000000
特朗普,主导,芯片,2024-11-14,1.000000
美国,质疑,台积电,2024-11-14,1.000000
特朗普,认为违规,芯片,2024-11-14,1.000000
美国,认为可靠,芯片,2024-11-14,1.000000
特朗普,担忧,芯片,2024-11-14,1.000000
特朗普,欣赏,芯片,2024-11-14,1.000000
特朗普,威胁,台湾,2024-11-14,1.000000
特朗普,批评,芯片,2024-11-14,1.000000
特朗普,质疑,台湾,2024-11-14,1.000000
特朗普,质疑,芯片,2024-11-14,1.000000
特朗普,认为违规,芯片,2024-11-14,1.000000
特朗普,认为有威胁,台湾,2024-11-14,1.000000
美国,提供直接资金,TSMC,2024-11-14,1.000000
美国,提供低息贷款,TSMC,2024-11-14,1.000000
美国,签署初步协议,TSMC,2024-11-14,1.000000
TSMC,进行投资,美国,2024-11-14,1.000000
美国,宣布投资意义,芯片,2024-11-14,1.000000
TSMC,建设工厂,美国,2024-11-14,1.000000
特朗普,威胁实施关税,芯片,2024-11-14,1.000000
美国,分配资金,芯片,2024-11-14,1.000000
美国,提供资金,Intel,2024-11-14,1.000000
TSMC,投资建设,德国德累斯顿,2024-11-14,1.000000
美国,认为优秀,台积电,2025-04-13,1.000000
特朗普,支持,芯片,2025-04-13,1.000000
Wen-Yee 李,认为优秀,台积电,2025-04-13,1.000000
特朗普,认为可靠,芯片,2025-04-13,1.000000
特朗普,认为有威胁,台湾,2025-04-13,1.000000
Wen-Yee 李,担忧,台积电,2025-04-13,1.000000
特朗普,增进,芯片,2025-04-13,1.000000
特朗普,批评,台湾,2025-04-13,1.000000
美国,支持,台积电,2025-04-13,1.000000
本·布兰查德,认为优秀,台积电,2025-04-13,1.000000
特朗普,批评,台湾,2025-04-13,1.000000
特朗普,认可,芯片,2025-04-13,1.000000
美国,损害,台积电,2025-04-13,1.000000
特朗普,支持,芯片,2025-04-13,1.000000
特朗普,主导,贸易政策,2025-04-13,1.000000
特朗普,认为优秀,台积电,2025-04-13,1.000000
特朗普,认可,芯片,2025-04-13,1.000000
美国,欢迎,台积电,2025-04-13,1.000000
Wen-Yee 李,相信,台积电,2025-04-13,1.000000
TSMC,报告,利润增长54%,2025-04-13,1.000000
TSMC,投资,海外新工厂,2025-04-13,1.000000
TSMC,投资,白宫,2025-04-13,1.000000
特朗普,威胁,TSMC,2025-04-13,1.000000
特朗普,批评,芯片,2025-04-13,1.000000
TSMC,报告,营收增长,2025-04-13,1.000000
TSMC,召开,财报电话会议,2025-04-13,1.000000
美国,认可,台积电,2024-11-09,1.000000
美国,认可,台积电,2024-11-09,1.000000
《自由时报》,视作英雄,特朗普,2024-11-09,1.000000
美国,主导,台积电,2024-11-09,1.000000
美国,认为违规,台积电,2024-11-09,1.000000
美国,支持,台积电,2024-11-09,1.000000
美国,认为违规,台积电,2024-11-09,1.000000
TSMC,亏损,美国,2025-04-21,1.000000
TSMC,累计亏损,美国,2025-04-21,1.000000
TSMC,盈利,中国南京工厂,2025-04-21,1.000000
TSMC,亏损,日本JASM,2025-04-21,1.000000
TSMC,亏损,欧洲ESMC,2025-04-21,1.000000
TSMC,扩大投资,美国,2025-04-21,1.000000
TSMC,规划新增,美国,2025-04-21,1.000000
TSMC,强调投资,日本和德国,2025-04-21,1.000000
TSMC,致力于,技术领先地位,2025-04-21,1.000000
特朗普,增进,美国,2025-03-03,1.000000
美国,担忧,台积电,2024-11-28,1.000000
吴部长,认为有威胁,台积电,2024-11-28,1.000000
吴部长,认为可靠,台积电,2024-11-28,1.000000
美国,认为有危机,台积电,2024-11-28,1.000000
美国,批评,台积电,2024-11-28,1.000000
吴成文,质疑,台积电,2024-11-28,1.000000
美国,欣赏,台积电,2024-11-28,1.000000
吴成文,认为可靠,台积电,2024-11-28,1.000000
美国,认为违规,台积电,2024-11-28,1.000000
吴部长,认可,台积电,2024-11-28,1.000000
吴成文,认可,台积电,2024-11-28,1.000000
美国,支持,台积电,2024-11-28,1.000000
美国,认为非法,台积电,2024-11-28,1.000000
吴成文,认为优秀,台积电,2024-11-28,1.000000
美国,认为有成就,台积电,2024-11-28,1.000000
美国,相信,台积电,2024-11-28,1.000000
美国,认为失败,台积电,2024-11-28,1.000000
美国,认为有暴力,台积电,2024-11-28,1.000000
美国,认为有威胁,台积电,2024-11-28,1.000000
吴成文,担忧,台积电,2024-11-28,1.000000
美国,认为可靠,台积电,2024-11-28,1.000000
美国,认为缺乏,台积电,2024-11-28,1.000000
吴成文,增进,台积电,2024-11-28,1.000000
美国,质疑,台积电,2024-11-28,1.000000
美国,支持,台积电,2024-11-28,1.000000
美国,认为优秀,台积电,2024-11-28,1.000000
美国,认可,台积电,2024-11-28,1.000000
吴成文,批评,台积电,2024-11-28,1.000000
吴成文,感到不满,台积电,2024-11-28,1.000000
美国,增进,台积电,2024-11-28,1.000000
吴成文,相信,台积电,2024-11-28,1.000000
美国,认为恐怖,台积电,2024-11-28,1.000000
TSMC,计划建设,亚利桑那州,2024-11-28,1.000000
TSMC,获得资金,66亿美元,2024-11-28,1.000000
美国,生产,芯片,2024-11-28,1.000000
TSMC,可能生产,芯片,2024-11-28,1.000000
TSMC,开始量产,芯片,2024-11-28,1.000000
美国,担忧,台积电,2024-11-09,1.000000
《台北时报》,视作英雄,特朗普,2024-11-09,1.000000
美国,质疑,台积电,2024-11-09,1.000000
美国,认可,台积电,2024-11-09,1.000000
美国,主导,台积电,2024-11-09,1.000000
美国,批评,台积电,2024-11-09,1.000000
美国,支持,台积电,2024-11-09,1.000000
美国,增进,国家安全,2024-11-17,1.000000
美国,支持,半导体,2024-11-17,1.000000
乔·拜登,认可,台积电,2024-11-17,1.000000
乔·拜登,认为可靠,台积电,2024-11-17,1.000000
乔·拜登,质疑,台积电,2024-11-17,1.000000
乔·拜登,认为优秀,台积电,2024-11-17,1.000000
乔·拜登,支持,台积电,2024-11-17,1.000000
特朗普,增进,关税战,2025-04-14,1.000000
特朗普,认为有威胁,国家安全,2025-04-14,1.000000
特朗普,威胁,国家安全,2025-04-14,1.000000
中国当局,认为违规,台积电,2025-03-25,1.000000
中国当局,支持,台积电,2025-03-25,1.000000
中国当局,视作英雄,特朗普,2025-03-25,1.000000
中国当局,质疑,台积电,2025-03-25,1.000000
中国当局,认为犯罪,台积电,2025-03-25,1.000000
中国当局,认为热情,特朗普,2025-03-25,1.000000
特朗普,增进,台积电,2025-03-25,1.000000
特朗普,支持,台积电,2025-03-25,1.000000
中国当局,欢迎,特朗普,2025-03-25,1.000000
热土豆,质疑,台积电,2025-03-25,1.000000
中国当局,喜欢,特朗普,2025-03-25,1.000000
中国当局,批评,台积电,2025-03-25,1.000000
热土豆,担忧,台积电,2025-03-25,1.000000
特朗普,支持,Adobe,2024-11-15,1.000000
台湾,损害,芯片,2024-11-15,1.000000
特朗普,认为违规,芯片,2024-11-15,1.000000
特朗普,威胁,台湾,2024-11-15,1.000000
特朗普,批评,芯片,2024-11-15,1.000000
特朗普,认为非法,台湾,2024-11-15,1.000000
特朗普,认为非法,台湾,2024-11-15,1.000000
特朗普,认为违规,芯片,2024-11-15,1.000000
特朗普,威胁,台湾,2024-11-15,1.000000
特朗普,批评,芯片,2024-11-15,1.000000
特朗普,认为有威胁,台湾,2024-11-15,1.000000
特朗普,损害,台湾,2024-11-15,1.000000
特朗普,损害,芯片,2024-11-15,1.000000
特朗普,担忧,台湾,2024-11-15,1.000000
特朗普,质疑,台湾,2024-11-15,1.000000
特朗普,担忧,台湾,2024-11-15,1.000000
特朗普,质疑,台湾,2024-11-15,1.000000
特朗普,认为违规,台湾,2024-11-15,1.000000
特朗普,批评,台湾,2024-11-15,1.000000
特朗普,认为有危机,台湾,2024-11-15,1.000000
美国,增进,芯片,2024-11-15,1.000000
特朗普,认为有危机,台湾,2024-11-15,1.000000
特朗普,主导,芯片,2024-11-15,1.000000
特朗普,认为有威胁,台湾,2024-11-15,1.000000
美国,认可,台积电,2024-11-15,1.000000
特朗普,质疑,芯片,2024-11-15,1.000000
美国,支持,台积电,2024-11-15,1.000000
TSMC,考虑收购,英特尔的制造业务,2025-02-16,1.000000
美国,提出交易,台积电,2025-02-16,1.000000
美国,应对,英特尔的财务恶化,2025-02-16,1.000000
美国,考虑,股权结构,2025-02-16,1.000000
美国,授予,补贴,2025-02-16,1.000000
美国,优先,技术制造,2025-02-16,1.000000
美国,授予,补贴,2025-02-16,1.000000
政府,欢迎,特朗普,2025-04-13,1.000000
特朗普,主导,芯片,2025-04-13,1.000000
黄仁勋,增进,美国,2025-04-13,1.000000
政府,认为有威胁,中国,2025-04-13,1.000000
Nvidia,增进,美国,2025-04-13,1.000000
特朗普,认为有威胁,中国,2025-04-13,1.000000
特朗普,认为违规,芯片,2025-04-13,1.000000
台积电,认为有威胁,中国,2025-04-13,1.000000
Nvidia,认为有威胁,中国,2025-04-13,1.000000
特朗普,认为有威胁,中国,2025-04-13,1.000000
黄仁勋,支持,美国,2025-04-13,1.000000
英特尔,增进,芯片,2025-04-17,1.000000
TSMC,计划生产,芯片,2025-04-17,1.000000
TSMC,生产,芯片,2025-01-08,1.000000
TSMC,设定产能,Fab 21工厂,2025-01-08,1.000000
TSMC,调派,数百名台湾员工,2025-01-08,1.000000
TSMC,召开会议,董事会现场会议,2025-01-08,1.000000
吉娜·雷蒙多,认为优秀,台积电,2025-03-03,1.000000
霍华德·鲁特尼克,质疑,特朗普,2025-03-03,1.000000
霍华德·鲁特尼克,喜欢,特朗普,2025-03-03,1.000000
吉娜·雷蒙多,认可,台积电,2025-03-03,1.000000
霍华德·鲁特尼克,相信,特朗普,2025-03-03,1.000000
霍华德·鲁特尼克,担忧,特朗普,2025-03-03,1.000000
吉娜·雷蒙多,喜欢,台积电,2025-03-03,1.000000
美国,增进,半导体,2025-04-15,1.000000
路透社,视作英雄,美国,2025-04-15,1.000000
美国,支持,半导体,2025-04-15,1.000000
路透社,认为热情,美国,2025-04-15,1.000000
路透社,欢迎,美国,2025-04-15,1.000000
AMD,支持,美国,2025-04-15,1.000000
美国,主导,半导体,2025-04-15,1.000000
TSMC,深化合作,AMD,2025-04-15,1.000000
AMD,依赖制造,TSMC,2025-04-15,1.000000
特朗普,认可,芯片,2025-04-13,1.000000
特朗普,主导,芯片,2025-04-13,1.000000
黄仁勋,增进,美国,2025-04-13,1.000000
Nvidia,增进,美国,2025-04-13,1.000000
特朗普,认为违规,芯片,2025-04-13,1.000000
特朗普,认为非法,芯片,2025-04-13,1.000000
特朗普,支持,芯片,2025-04-13,1.000000
特朗普,认为犯罪,芯片,2025-04-13,1.000000
特朗普,施加压力,TSMC,2025-04-13,1.000000
特朗普,担忧,芯片,2025-04-08,1.000000
特朗普,认为恐怖,芯片,2025-04-08,1.000000
特朗普,批评,芯片,2025-04-08,1.000000
特朗普,质疑,芯片,2025-04-08,1.000000
特朗普,认为优秀,台积电,2025-04-08,1.000000
特朗普,认为违规,芯片,2025-04-08,1.000000
特朗普,主导,芯片,2025-04-08,1.000000
特朗普,批评,芯片,2025-04-08,1.000000
特朗普,认为违规,芯片,2025-04-08,1.000000
特朗普,主导,芯片,2025-04-08,1.000000
特朗普,质疑,芯片,2025-04-08,1.000000
特朗普,担忧,芯片,2025-04-08,1.000000
黄仁勋,质疑,特朗普,2025-04-16,1.000000
黄仁勋,增进,美国,2025-04-16,1.000000
黄仁勋,批评,特朗普,2025-04-16,1.000000
特朗普,感到满意,关税政策,2025-04-08,1.000000
特朗普,认为违规,关税政策,2025-04-08,1.000000
特朗普,认可,关税政策,2025-04-08,1.000000
特朗普,感到不满,中国,2025-04-08,1.000000
特朗普,质疑,中国,2025-04-08,1.000000
特朗普,批评,拜登政府,2025-04-08,1.000000
特朗普,认为有威胁,中国,2025-04-08,1.000000
特朗普,支持,关税政策,2025-04-08,1.000000
特朗普,批评,中国,2025-04-08,1.000000
特朗普,批评,拜登政府,2025-04-08,1.000000
特朗普,增进,美国,2025-04-08,1.000000
黄仁勋,质疑,特朗普,2025-04-16,1.000000
黄仁勋,增进,美国,2025-04-16,1.000000
台积电,增进,美国,2025-04-16,1.000000
特朗普,欣赏,NVIDIA,2025-04-16,1.000000
黄仁勋,批评,特朗普,2025-04-16,1.000000
特朗普,增进,美国,2025-04-16,1.000000
英伟达,支持,特朗普,2025-04-13,1.000000
魏总裁,担忧,亚利桑那州,2025-04-21,1.000000
美国,提供补贴,TSMC,2024-11-14,1.000000
美国,提供贷款,TSMC,2024-11-14,1.000000
TSMC,创造,数万就业岗位,2024-11-14,1.000000
TSMC,生产,芯片,2024-11-14,1.000000
TSMC,股价下跌,华尔街,2024-11-14,1.000000
布雷特·西蒙普,增进,台积电,2025-01-13,1.000000
美国,视作英雄,特朗普,2025-01-13,1.000000
美国,担忧,关税,2025-04-21,1.000000
美国,批评,关税,2025-04-21,1.000000
美国,认可,关税,2025-04-21,1.000000
美国,质疑,关税,2025-04-21,1.000000
美国,认为违规,关税,2025-04-21,1.000000
特朗普,认为非法,半导体,2025-04-21,1.000000
TSMC,发布财报,收入增长35.3%,2025-04-21,1.000000
TSMC,预计,收入,2025-04-21,1.000000
特朗普,启动调查,半导体,2025-04-21,1.000000
TSMC,计划生产,芯片,2025-04-21,1.000000
TSMC,计划加快,晶圆厂生产,2025-04-21,1.000000
TSMC,推迟,第二家工厂建设,2025-04-21,1.000000
TSMC,宣布投资,美国,2025-04-21,1.000000
特朗普,实施管制,芯片,2025-04-21,1.000000
特朗普,批评,台积电,2025-04-13,1.000000
特朗普,威胁,台积电,2025-04-13,1.000000
特朗普,支持,台积电,2025-04-13,1.000000
特朗普,批评,台积电,2025-04-13,1.000000
特朗普,主导,台积电,2025-04-13,1.000000
特朗普,损害,台积电,2025-04-13,1.000000
特朗普,认为失败,台积电,2025-04-13,1.000000
特朗普,认为有危机,台积电,2025-04-13,1.000000
特朗普,认为有暴力,台积电,2025-04-13,1.000000
Nvidia,增进,美国,2025-04-13,1.000000
特朗普,感到满意,台积电,2025-04-13,1.000000
黄仁勋,增进,美国,2025-04-13,1.000000
特朗普,感到不满,台积电,2025-04-13,1.000000
特朗普,认为恐怖,台积电,2025-04-13,1.000000
特朗普,质疑,台积电,2025-04-13,1.000000
特朗普,相信,台积电,2025-04-13,1.000000
特朗普,认为违规,台积电,2025-04-13,1.000000
特朗普,担忧,台积电,2025-04-13,1.000000
特朗普,认为有威胁,台积电,2025-04-13,1.000000
特朗普,认为犯罪,台积电,2025-04-13,1.000000
特朗普,认可,台积电,2025-04-13,1.000000
特朗普,攻击,台积电,2025-04-13,1.000000
特朗普,认可,芯片,2025-04-16,1.000000
特朗普,认为有威胁,国家安全,2025-04-16,1.000000
特朗普,损害,国家安全,2025-04-16,1.000000
特朗普,威胁,国家安全,2025-04-16,1.000000
英伟达,支持,特朗普,2025-04-13,1.000000
Nvidia,支持,特朗普,2025-04-13,1.000000
美国,支持,特朗普,2025-04-13,1.000000
路透社,欣赏,台积电,2025-04-24,1.000000
路透社,支持,台积电,2025-04-24,1.000000
路透社,喜欢,台积电,2025-04-24,1.000000
路透社,认可,台积电,2025-04-24,1.000000
路透社,认为优秀,台积电,2025-04-24,1.000000
路透社,认为可靠,台积电,2025-04-24,1.000000
路透社,担忧,台积电,2025-04-24,1.000000
特朗普,认为有威胁,台积电,2025-04-18,1.000000
亚利桑那州,认为优秀,台积电,2025-04-18,1.000000
美国,支持,台积电,2024-11-29,1.000000
习近平,认为非法,美国,2024-11-29,1.000000
习近平,认为有威胁,台积电,2024-11-29,1.000000
美国,主导,芯片,2024-11-29,1.000000
美国,攻击,中国,2024-11-29,1.000000
美国,认可,台积电,2024-11-29,1.000000
吴正文,质疑,台积电,2024-11-29,1.000000
习近平,威胁,台积电,2024-11-29,1.000000
美国,增进,台积电,2024-11-29,1.000000
美国,感到满意,台积电,2024-11-29,1.000000
美国,主导,台积电,2024-11-29,1.000000
特朗普,攻击,拜登政府,2025-04-08,1.000000
黄仁勋,增进,美国,2025-04-14,1.000000
英伟达,增进,美国,2025-04-14,1.000000
特朗普,认为非法,芯片,2024-11-15,1.000000
特朗普,感到不满,台湾公司,2024-11-15,1.000000
特朗普,主导,芯片,2024-11-15,1.000000
特朗普,损害,芯片,2024-11-15,1.000000
特朗普,担忧,台湾公司,2024-11-15,1.000000
特朗普,质疑,台湾公司,2024-11-15,1.000000
特朗普,认为违规,芯片,2024-11-15,1.000000
特朗普,批评,台湾公司,2024-11-15,1.000000
特朗普,认为犯罪,芯片,2024-11-15,1.000000
Adobe,视作英雄,特朗普,2024-11-15,1.000000
特朗普,批评,芯片,2024-11-15,1.000000
特朗普,认为有威胁,台湾公司,2024-11-15,1.000000
美国,支持,台积电,2024-11-15,1.000000
美国,认可,台积电,2024-11-15,1.000000
美国,支持,台积电,2024-11-15,1.000000
苹果,担忧,美国,2025-04-17,1.000000
TSMC,报告,Q1财务数据,2025-04-17,1.000000
TSMC,预计,Q2收入和利润率,2025-04-17,1.000000
TSMC,预期,AI收入翻倍,2025-04-17,1.000000
TSMC,扩张,亚利桑那州,2025-04-17,1.000000
TSMC,否决,合资谈判,2025-04-17,1.000000
TSMC,需要,1000名工程师,2025-04-17,1.000000
TSMC,保持不变,2025年指导方针,2025-04-17,1.000000
TSMC,预期,CoWoS供需平衡,2025-04-17,1.000000
TSMC,上涨,股票,2025-04-17,1.000000
苹果,担忧,美国,2025-04-17,1.000000
《自由时报》,增进,台积电,2024-11-09,1.000000
美国,担忧,台积电,2024-11-09,1.000000
美国,质疑,台积电,2024-11-09,1.000000
《自由时报》,认为优秀,台积电,2024-11-09,1.000000
JW Kuo,担忧,特朗普,2024-11-09,1.000000
《自由时报》,威胁,台积电,2024-11-09,1.000000
美国,认为违规,台积电,2024-11-09,1.000000
《自由时报》,损害,台积电,2024-11-09,1.000000
特朗普,增进,台积电,2024-11-09,1.000000
《自由时报》,认可,台积电,2024-11-09,1.000000
《自由时报》,感到不满,台积电,2024-11-09,1.000000
《自由时报》,认为可靠,台积电,2024-11-09,1.000000
《自由时报》,担忧,台积电,2024-11-09,1.000000
《自由时报》,支持,台积电,2024-11-09,1.000000
美国,认为违规,台积电,2024-11-09,1.000000
《自由时报》,质疑,台积电,2024-11-09,1.000000
《自由时报》,相信,台积电,2024-11-09,1.000000
《自由时报》,认为有危机,台积电,2024-11-09,1.000000
《自由时报》,认为有威胁,台积电,2024-11-09,1.000000
美国,认可,台积电,2024-11-09,1.000000
特朗普,增进,美国,2024-11-09,1.000000
美国,支持,台积电,2024-11-09,1.000000
特朗普,主导,美国,2024-11-09,1.000000
Jeff Bezos,认为可靠,美国,2024-11-09,1.000000
《台北时报》,视作英雄,特朗普,2024-11-09,1.000000
Jeff Bezos,增进,美国,2024-11-09,1.000000
美国,支持,台积电,2024-11-09,1.000000
特朗普,质疑,CHIPS法案,2025-04-08,1.000000
特朗普,认为违规,CHIPS法案,2025-04-08,1.000000
特朗普,批评,CHIPS法案,2025-04-08,1.000000
特朗普,主导,CHIPS法案,2025-04-08,1.000000
郭建宏,质疑,特朗普,2025-01-14,1.000000
郭建宏,担忧,台积电,2025-01-14,1.000000
郭建宏,认为恐怖,台积电,2025-01-14,1.000000
郭建宏,认为有威胁,台积电,2025-01-14,1.000000
郭建宏,主导,台积电,2025-01-14,1.000000
郭建宏,认为有危机,台积电,2025-01-14,1.000000
郭建宏,认为可靠,台积电,2025-01-14,1.000000
郭建宏,认可,台积电,2025-01-14,1.000000
郭建宏,认为优秀,台积电,2025-01-14,1.000000
郭建宏,认为优秀,特朗普,2025-01-14,1.000000
郭建宏,质疑,台积电,2025-01-14,1.000000
美国,支持,Nvidia,2025-04-16,1.000000
黄仁勋,质疑,特朗普,2025-04-16,1.000000
黄仁勋,增进,美国,2025-04-16,1.000000
特朗普,欣赏,NVIDIA,2025-04-16,1.000000
美国,主导,Nvidia,2025-04-16,1.000000
黄仁勋,感到不满,特朗普,2025-04-16,1.000000
特朗普,质疑,NVIDIA,2025-04-16,1.000000
黄仁勋,批评,特朗普,2025-04-16,1.000000
美国,增进,Nvidia,2025-04-16,1.000000
TSMC,长期合作,AMD,2025-04-16,1.000000
特朗普,认为有暴力,台湾,2024-11-15,1.000000
特朗普,攻击,台湾,2024-11-15,1.000000
特朗普,损害,台湾,2024-11-15,1.000000
特朗普,质疑,芯片,2024-11-15,1.000000
特朗普,认为违规,芯片,2024-11-15,1.000000
特朗普,威胁,台湾,2024-11-15,1.000000
特朗普,认为有威胁,台湾,2024-11-15,1.000000
特朗普,认为恐怖,台湾,2024-11-15,1.000000
特朗普,欣赏,芯片,2024-11-15,1.000000
特朗普,认为犯罪,芯片,2024-11-15,1.000000
特朗普,批评,芯片,2024-11-15,1.000000
特朗普,担忧,芯片,2024-11-15,1.000000
美国,支持,台积电,2024-11-15,1.000000
特朗普,认为有危机,台湾,2024-11-15,1.000000
特朗普,认可,芯片,2024-11-15,1.000000
特朗普,主导,芯片,2024-11-15,1.000000
特朗普,损害,芯片,2024-11-15,1.000000
美国,增进,芯片,2024-11-15,1.000000
特朗普,认为有暴力,芯片,2024-11-15,1.000000
特朗普,认为失败,芯片,2024-11-15,1.000000
特朗普,认为违规,芯片,2024-11-15,1.000000
特朗普,认为犯罪,芯片,2024-11-15,1.000000
特朗普,批评,芯片,2024-11-15,1.000000
美国,支持,台积电,2024-11-15,1.000000
特朗普,认为违规,芯片,2024-11-15,1.000000
特朗普,认为恐怖,台湾,2024-11-15,1.000000
特朗普,认为犯罪,芯片,2024-11-15,1.000000
特朗普,认为非法,台湾,2024-11-15,1.000000
特朗普,认为有威胁,台湾,2024-11-15,1.000000
特朗普,批评,芯片,2024-11-15,1.000000
特朗普,威胁,台湾,2024-11-15,1.000000
芯片,认为有威胁,台湾,2024-11-15,1.000000
特朗普,担忧,台湾,2024-11-15,1.000000
特朗普,质疑,台湾,2024-11-15,1.000000
特朗普,认为有暴力,台湾,2024-11-15,1.000000
台湾,损害,芯片,2024-11-15,1.000000
台湾,增进,芯片,2024-11-15,1.000000
美国,支持,台积电,2024-11-15,1.000000
美国,增进,半导体,2024-11-15,1.000000
特朗普,认为有危机,台湾,2024-11-15,1.000000
特朗普,损害,芯片,2024-11-15,1.000000
美国,认可,台积电,2024-11-15,1.000000
美国,支持,台积电,2024-11-15,1.000000
特朗普,质疑,芯片,2024-11-15,1.000000
美国,增进,国家安全,2024-11-15,1.000000
杰夫·贝索斯,认为失败,美国,2024-11-09,1.000000
《台北时报》,视作英雄,特朗普,2024-11-09,1.000000
特朗普,认可,美国,2024-11-09,1.000000
特朗普,主导,美国,2024-11-09,1.000000
杰夫·贝索斯,认为违规,美国,2024-11-09,1.000000
杰夫·贝索斯,增进,台积电,2024-11-09,1.000000
特朗普,增进,美国,2024-11-09,1.000000
特朗普,认为失败,台积电,2024-11-09,1.000000
美国,欢迎,台积电,2024-11-09,1.000000
美国,担忧,台积电,2024-11-09,1.000000
《台北时报》,视作英雄,特朗普,2024-11-09,1.000000
美国,损害,台积电,2024-11-09,1.000000
美国,质疑,台积电,2024-11-09,1.000000
美国,认可,台积电,2024-11-09,1.000000
美国,主导,台积电,2024-11-09,1.000000
美国,批评,台积电,2024-11-09,1.000000
美国,认为违规,台积电,2024-11-09,1.000000
美国,支持,台积电,2024-11-09,1.000000
特朗普,主导,美国,2024-11-09,1.000000
台积电,主导,美国,2024-11-09,1.000000
美国,批评,台积电,2024-11-09,1.000000
贝索斯,增进,美国,2024-11-09,1.000000
美国,担忧,台积电,2024-11-09,1.000000
《台北时报》,视作英雄,特朗普,2024-11-09,1.000000
美国,质疑,台积电,2024-11-09,1.000000
《台北时报》,担忧,台积电,2024-11-09,1.000000
美国,认可,台积电,2024-11-09,1.000000
美国,视作英雄,特朗普,2024-11-09,1.000000
美国,主导,台积电,2024-11-09,1.000000
美国,批评,台积电,2024-11-09,1.000000
美国,认为违规,台积电,2024-11-09,1.000000
美国,支持,台积电,2024-11-09,1.000000
美国,认为违规,台积电,2024-11-09,1.000000
特朗普,增进,芯片,2024-11-09,1.000000
台积电,增进,芯片,2024-11-09,1.000000
美国,质疑,台积电,2024-11-09,1.000000
美国,认为违规,台积电,2024-11-09,1.000000
台积电,主导,美国,2024-11-09,1.000000
美国,认可,台积电,2024-11-09,1.000000
美国,主导,台积电,2024-11-09,1.000000
美国,支持,台积电,2024-11-09,1.000000
半导体,损害,英特尔,2025-04-18,1.000000
中国,将...视为,台积电,2025-04-18,1.000000
半导体,损害,英特尔,2025-04-17,1.000000
美国,损害,实施广泛的进口关税,2025-01-13,1.000000
美国,威胁,实施广泛的进口关税,2025-01-13,1.000000
波士顿咨询集团,认为有危机,美国,2024-11-26,1.000000
美国,增进,芯片,2024-11-26,1.000000
美国,增进,芯片,2024-11-26,1.000000
美国,增进,全球竞争,2024-11-26,1.000000
美国,主导,芯片,2024-11-26,1.000000
美国,增进,半导体,2024-11-26,1.000000
波士顿咨询集团,担忧,美国,2024-11-26,1.000000
波士顿咨询集团,认为有威胁,美国,2024-11-26,1.000000
美国,支持,芯片,2024-11-26,1.000000
美国,主导,贸易惩罚,2024-11-13,1.000000
特朗普,质疑,半导体,2024-11-13,1.000000
路透社,担忧,美国,2024-11-13,1.000000
特朗普,威胁,台湾,2024-11-13,1.000000
台湾央行,担忧,美国,2024-11-13,1.000000
台湾,损害,芯片,2024-11-13,1.000000
杨金龙,担忧,美国,2024-11-13,1.000000
特朗普,认为违规,半导体,2024-11-13,1.000000
杨金龙,认为非法,美国,2024-11-13,1.000000
特朗普,批评,半导体,2024-11-13,1.000000
特朗普,主导,《乔·罗根播客》,2024-11-13,1.000000
台积电,担忧,美国,2024-11-13,1.000000
特朗普,质疑,半导体,2024-11-13,1.000000
特朗普,批评,半导体,2024-11-13,1.000000
特朗普,损害,芯片,2024-11-13,1.000000
特朗普,批评,半导体,2024-11-13,1.000000
特朗普,质疑,半导体,2024-11-13,1.000000
美国,攻击,台湾,2024-11-13,1.000000
阳丙长,担忧,美国,2024-11-13,1.000000
特朗普,批评,半导体,2024-11-13,1.000000
特朗普,损害,芯片,2024-11-13,1.000000
美国,主导,贸易惩罚,2024-11-13,1.000000
台湾央行,担忧,美国,2024-11-13,1.000000
特朗普,损害,台积电,2024-11-13,1.000000
特朗普,主导,《乔·罗根播客》,2024-11-13,1.000000
特朗普,担忧,美国,2024-11-13,1.000000
路透社,攻击,台湾,2024-11-13,1.000000
特朗普,质疑,半导体,2024-11-13,1.000000
特朗普,认为有威胁,台湾,2024-11-13,1.000000
特朗普,增进,新关税,2024-11-13,1.000000
特朗普,主导,《乔·罗根播客》,2024-11-13,1.000000
特朗普,支持,半导体,2025-04-15,1.000000
路透社,视作英雄,特朗普,2025-04-15,1.000000
特朗普,增进,半导体,2025-04-15,1.000000
特朗普,主导,半导体,2025-04-15,1.000000
特朗普,认可,半导体,2025-04-15,1.000000
美国,认为优秀,台积公司,2024-11-26,1.000000
中国当局,认为有暴力,台积电,2025-03-25,1.000000
中国当局,视作英雄,特朗普,2025-03-25,1.000000
特朗普,感到满意,台积电,2025-03-25,1.000000
中国当局,欢迎,特朗普,2025-03-25,1.000000
中国当局,认为优秀,台积电,2025-03-25,1.000000
特朗普,认为优秀,台积电,2025-03-25,1.000000
中国当局,认为非法,台积电,2025-03-25,1.000000
中国当局,认为恐怖,台积电,2025-03-25,1.000000
中国当局,认为有威胁,台积电,2025-03-25,1.000000
中国当局,质疑,台积电,2025-03-25,1.000000
中国当局,认为犯罪,台积电,2025-03-25,1.000000
特朗普,认为违规,台积电,2025-03-25,1.000000
特朗普,认可,台积电,2025-03-25,1.000000
特朗普,损害,台积电,2025-03-25,1.000000
中国当局,认为违规,台积电,2025-03-25,1.000000
中国当局,支持,台积电,2025-03-25,1.000000
中国当局,攻击,台积电,2025-03-25,1.000000
中国当局,认为热情,特朗普,2025-03-25,1.000000
特朗普,支持,台积电,2025-03-25,1.000000
热土豆,质疑,台积电,2025-03-25,1.000000
特朗普,认为可靠,台积电,2025-03-25,1.000000
中国当局,认为可靠,台积电,2025-03-25,1.000000
中国当局,损害,台积电,2025-03-25,1.000000
中国当局,威胁,台积电,2025-03-25,1.000000
特朗普,主导,台积电,2025-03-25,1.000000
中国当局,认为失败,台积电,2025-03-25,1.000000
中国当局,主导,台积电,2025-03-25,1.000000
中国当局,认为有危机,台积电,2025-03-25,1.000000
特朗普,相信,中国当局,2025-03-25,1.000000
热土豆,批评,台积电,2025-03-25,1.000000
特朗普,增进,台积电,2025-03-25,1.000000
中国当局,增进,台积电,2025-03-25,1.000000
特朗普,支持,互惠关税税率,2025-04-07,1.000000
特朗普,主导,互惠关税税率,2025-04-07,1.000000
特朗普,认为失败,芯片,2024-11-15,1.000000
特朗普,认为违规,芯片,2024-11-15,1.000000
特朗普,批评,芯片,2024-11-15,1.000000
特朗普,认为犯罪,芯片,2024-11-15,1.000000
特朗普,批评,芯片,2024-11-15,1.000000
特朗普,质疑,芯片,2024-11-15,1.000000
Adobe,视作英雄,特朗普,2024-11-15,1.000000
美国,增进,芯片,2024-11-15,1.000000
特朗普,欣赏,芯片,2024-11-15,1.000000
特朗普,损害,芯片,2024-11-15,1.000000
特朗普,认可,芯片,2024-11-15,1.000000
特朗普,主导,芯片,2024-11-15,1.000000
特朗普,损害,芯片,2024-11-15,1.000000
特朗普,认为有威胁,台湾,2024-11-15,1.000000
美国,认可,台积电,2024-11-15,1.000000
特朗普,担忧,芯片,2024-11-15,1.000000
美国,支持,台积电,2024-11-15,1.000000
特朗普,视作英雄,特朗普,2024-11-15,1.000000
波士顿咨询集团,认为恐怖,美国,2024-11-26,1.000000
波士顿咨询集团,相信,美国,2024-11-26,1.000000
波士顿咨询集团,担忧,美国,2024-11-26,1.000000
美国,增进,全球竞争,2024-11-26,1.000000
乔·拜登,认为有暴力,特朗普,2025-04-05,1.000000
乔·拜登,感到不满,特朗普,2025-04-05,1.000000
乔·拜登,批评,特朗普,2025-04-05,1.000000
特朗普,视作英雄,乔·拜登,2025-04-05,1.000000
特朗普,批评,台积电,2025-04-05,1.000000
乔·拜登,质疑,特朗普,2025-04-05,1.000000
特朗普,认可,台积电,2025-04-05,1.000000
特朗普,质疑,台积电,2025-04-05,1.000000
特朗普,喜欢,台积电,2025-04-05,1.000000
美国,认为优秀,台积公司,2024-11-26,1.000000
美国,增进,全球竞争,2024-11-26,1.000000
台积电,认为优秀,半导体,2025-04-17,1.000000
特朗普,损害,合作伙伴,2025-04-13,1.000000
特朗普,威胁,合作伙伴,2025-04-13,1.000000
黄仁勋,增进,美国,2025-04-13,1.000000
Nvidia,增进,美国,2025-04-13,1.000000
特朗普,认为有威胁,合作伙伴,2025-04-13,1.000000
台积公司(TSMC),主导,美国,2024-11-09,1.000000
台积公司,主导,美国,2024-11-09,1.000000
《台北时报》,视作英雄,特朗普,2024-11-09,1.000000
特朗普,增进,芯片,2024-11-09,1.000000
特朗普,主导,美国,2024-11-09,1.000000
美国,认可,台积公司,2024-11-09,1.000000
特朗普,增进,美国,2024-11-09,1.000000
台积公司,增进,美国,2024-11-09,1.000000
美国,支持,台积公司,2024-11-09,1.000000
亚利桑那州,损害,台积电,2025-03-30,1.000000
台湾,感到不满,台积电,2025-03-30,1.000000
台湾,感到满意,台积电,2025-03-30,1.000000
美国,感到满意,台积电,2025-03-30,1.000000
美国,感到不满,台积电,2025-03-30,1.000000
美国,主导,芯片,2025-03-30,1.000000
美国,支持,台积电,2025-03-30,1.000000
特朗普,批评,台积电,2025-04-13,1.000000
特朗普,认为有威胁,台积电,2025-04-13,1.000000
特朗普,威胁,台积电,2025-04-13,1.000000
特朗普,批评,台积电,2025-04-13,1.000000
NVIDIA,增进,美国,2025-04-13,1.000000
特朗普,认为失败,台积电,2025-04-13,1.000000
特朗普,认为有危机,台积电,2025-04-13,1.000000
特朗普,认为有暴力,台积电,2025-04-13,1.000000
特朗普,感到满意,台积电,2025-04-13,1.000000
黄仁勋,增进,美国,2025-04-13,1.000000
特朗普,感到不满,台积电,2025-04-13,1.000000
特朗普,认为恐怖,台积电,2025-04-13,1.000000
特朗普,质疑,台积电,2025-04-13,1.000000
特朗普,相信,台积电,2025-04-13,1.000000
特朗普,认为违规,台积电,2025-04-13,1.000000
特朗普,担忧,台积电,2025-04-13,1.000000
特朗普,担忧,台积电,2025-04-13,1.000000
特朗普,认为有威胁,台积电,2025-04-13,1.000000
特朗普,质疑,台积电,2025-04-13,1.000000
特朗普,认为犯罪,台积电,2025-04-13,1.000000
特朗普,认可,台积电,2025-04-13,1.000000
特朗普,攻击,台积电,2025-04-13,1.000000
特朗普,认为违规,台积电,2025-04-13,1.000000
中国,质疑,台湾,2025-03-24,1.000000
《亚洲尼基日报》,相信,台积电,2025-03-24,1.000000
蒂姆·库克,认为可靠,苹果,2025-03-24,1.000000
《亚洲尼基日报》,质疑,台积电,2025-03-24,1.000000
中国,批评,台湾,2025-03-24,1.000000
中国,损害,台湾,2025-03-24,1.000000
中国,攻击,台湾,2025-03-24,1.000000
台积电,增进,美国,2025-03-24,1.000000
《亚洲尼基日报》,认为违规,台积电,2025-03-24,1.000000
中国,支持,台湾,2025-03-24,1.000000
《亚洲尼基日报》,支持,台积电,2025-03-24,1.000000
中国,担忧,台湾,2025-03-24,1.000000
中国,感到不满,台湾,2025-03-24,1.000000
黄仁勋,增进,美国,2025-04-14,1.000000
特朗普,损害,消费者,2025-04-14,1.000000
Nvidia,增进,美国,2025-04-14,1.000000
特朗普,视作英雄,特朗普,2025-04-14,1.000000
吉尔·卢里亚,视作英雄,特朗普,2025-04-14,1.000000
白宫,视作英雄,特朗普,2025-04-14,1.000000
特朗普,增进,本土制造业,2025-04-14,1.000000
英伟达,质疑,台积电,2025-04-14,1.000000
特朗普,认为有威胁,英伟达,2025-04-14,1.000000
黄仁勋,增进,美国,2025-04-14,1.000000
英伟达,增进,美国,2025-04-14,1.000000
特朗普,认为有危机,台湾,2024-11-15,1.000000
特朗普,认为有威胁,台湾,2024-11-15,1.000000
特朗普,威胁,台湾,2024-11-15,1.000000
特朗普,认为违规,芯片,2024-11-15,1.000000
特朗普,认为非法,台湾,2024-11-15,1.000000
美国,增进,芯片,2024-11-15,1.000000
特朗普,担忧,台湾,2024-11-15,1.000000
特朗普,质疑,台湾,2024-11-15,1.000000
特朗普,认为有暴力,台湾,2024-11-15,1.000000
特朗普,认为违规,台湾,2024-11-15,1.000000
特朗普,认为犯罪,台湾,2024-11-15,1.000000
美国,支持,台积电,2024-11-15,1.000000
特朗普,批评,台湾,2024-11-15,1.000000
特朗普,认为有威胁,台湾,2024-11-15,1.000000
特朗普,质疑,台湾,2024-11-15,1.000000
Adobe,视作英雄,特朗普,2024-11-15,1.000000
特朗普,认为有危机,台湾,2024-11-15,1.000000
特朗普,认为违规,芯片,2024-11-15,1.000000
特朗普,认为非法,台湾,2024-11-15,1.000000
特朗普,认为犯罪,芯片,2024-11-15,1.000000
台湾,损害,芯片,2024-11-15,1.000000
特朗普,威胁,台湾,2024-11-15,1.000000
特朗普,批评,芯片,2024-11-15,1.000000
特朗普,认为有暴力,台湾,2024-11-15,1.000000
特朗普,认为违规,台湾,2024-11-15,1.000000
美国,认可,台积电,2024-11-15,1.000000
特朗普,批评,台湾,2024-11-15,1.000000
特朗普,担忧,台湾,2024-11-15,1.000000
特朗普,认为可靠,关税政策,2025-04-17,1.000000
特朗普,感谢,詹森,2025-04-17,1.000000
特朗普,感谢,詹森,2025-04-17,1.000000
特朗普,认为缺乏,关税政策,2025-04-17,1.000000
詹森,增进,美国,2025-04-17,1.000000
特朗普,主导,白宫,2025-04-17,1.000000
特朗普,认为违规,关税政策,2025-04-17,1.000000
特朗普,感到满意,关税政策,2025-04-17,1.000000
特朗普,主导,白宫,2025-04-17,1.000000
詹森·霍安,增进,美国,2025-04-17,1.000000
TSMC,合作,Nvidia,2025-04-17,1.000000
TSMC,合作,AMD,2025-04-17,1.000000
台湾央行,担忧,美国,2024-11-13,1.000000
美国,攻击,台湾,2024-11-13,1.000000
台积公司(TSMC),担忧,美国,2024-11-13,1.000000
路透社,认为有威胁,美国,2024-11-13,1.000000
美国,主导,贸易惩罚,2024-11-13,1.000000
特朗普,威胁,台积公司,2024-11-13,1.000000
杨金龙,担忧,美国,2024-11-13,1.000000
路透社,认为有危机,美国,2024-11-13,1.000000
路透社,认为非法,美国,2024-11-13,1.000000
台积公司,担忧,美国,2024-11-13,1.000000
TSMC,继续,美国,2024-11-13,1.000000
TSMC,投资,美国,2024-11-13,1.000000
AMD,认可,美国,2025-04-15,1.000000
路透社,视作英雄,特朗普,2025-04-15,1.000000
特朗普,增进,半导体,2025-04-15,1.000000
AMD,支持,美国,2025-04-15,1.000000
特朗普,威胁,关税,2025-04-17,1.000000
特朗普,认为有威胁,关税,2025-04-17,1.000000
苹果,主导,芯片,2025-01-14,1.000000
亚利桑那州,主导,台积电,2025-01-14,1.000000
美国,质疑,英特尔,2024-11-25,1.000000
美国,认为优秀,英特尔,2024-11-25,1.000000
美国,视作英雄,拜登总统,2024-11-25,1.000000
美国,视作英雄,拜登总统,2024-11-25,1.000000
美国,支持,英特尔,2024-11-25,1.000000
美国,担忧,英特尔,2024-11-25,1.000000
美国,主导,芯片,2024-11-25,1.000000
美国,视作英雄,拜登总统,2024-11-25,1.000000
美国,增进,芯片,2024-11-25,1.000000
娜特莉·奎廉,增进,美国,2024-11-25,1.000000
美国,欢迎,拜登总统,2024-11-25,1.000000
美国,视作英雄,吉娜·雷蒙多,2024-11-25,1.000000
美国,相信,英特尔,2024-11-25,1.000000
娜特莉·奎廉,主导,美国,2024-11-25,1.000000
国政府,支持,台积电,2024-11-25,1.000000
拜登总统,主导,美国,2024-11-25,1.000000
TSMC,获得资金,美国,2024-11-25,1.000000
TSMC,投资,美国,2024-11-25,1.000000
英特尔,增进,芯片,2025-04-16,1.000000
英伟达,支持,特朗普,2025-04-13,1.000000
路透社,支持,特朗普,2025-04-13,1.000000
特朗普,增进,关税战,2025-04-15,1.000000
特朗普,认为有威胁,国家安全,2025-04-15,1.000000
特朗普,威胁,国家安全,2025-04-15,1.000000
TSMC,生产,苹果,2025-04-15,1.000000
美国,威胁,中国,2024-11-29,1.000000
美国,攻击,中国,2024-11-29,1.000000
美国,损害,中国,2024-11-29,1.000000
特朗普,担忧,芯片,2025-03-02,1.000000
霍华德·鲁特尼克,增进,台积电,2025-03-02,1.000000
特朗普,担忧,台积电,2025-03-02,1.000000
丹尼尔·纽曼,认为有危机,台积电,2025-03-02,1.000000
特朗普,认为恐怖,芯片,2025-03-02,1.000000
特朗普,批评,芯片,2025-03-02,1.000000
特朗普,认可,芯片,2025-03-02,1.000000
美国,认为优秀,台积电,2025-03-02,1.000000
霍华德·鲁特尼克,认为有危机,台积电,2025-03-02,1.000000
霍华德·鲁特尼克,感到满意,台积电,2025-03-02,1.000000
特朗普,质疑,芯片,2025-03-02,1.000000
美国,担忧,台积电,2025-03-02,1.000000
特朗普,担忧,台积电,2025-03-02,1.000000
美国,认为有威胁,中国大陆政府,2025-03-02,1.000000
特朗普,损害,美国,2025-03-02,1.000000
美国,认为恐怖,台积电,2025-03-02,1.000000
美国,认为有威胁,台积电,2025-03-02,1.000000
中国大陆政府,损害,台积电,2025-03-02,1.000000
特朗普,主导,芯片,2025-03-02,1.000000
特朗普,认为有威胁,芯片,2025-03-02,1.000000
特朗普,认为违规,芯片,2025-03-02,1.000000
中国大陆政府,威胁,台积电,2025-03-02,1.000000
美国,质疑,台积电,2025-03-02,1.000000
美国,认可,台积电,2025-03-02,1.000000
特朗普,威胁,芯片,2025-03-02,1.000000
特朗普,批评,芯片,2025-03-02,1.000000
特朗普,认为犯罪,芯片,2025-03-02,1.000000
特朗普,损害,美国,2025-03-02,1.000000
中国大陆政府,认为有危机,台积电,2025-03-02,1.000000
特朗普,认可,芯片,2025-03-02,1.000000
霍华德·鲁特尼克,担忧,台积电,2025-03-02,1.000000
特朗普,损害,芯片,2025-03-02,1.000000
特朗普,威胁,芯片,2025-03-02,1.000000
美国,增进,国内制造业,2025-03-02,1.000000
霍华德·鲁特尼克,认为有威胁,台积电,2025-03-02,1.000000
丹尼尔·纽曼,担忧,台积电,2025-03-02,1.000000
中国大陆政府,增进,台积电,2025-03-02,1.000000
美国,损害,台积电,2025-03-02,1.000000
霍华德·鲁特尼克,质疑,台积电,2025-03-02,1.000000
特朗普,威胁,台积电,2025-03-02,1.000000
霍华德·鲁特尼克,认可,台积电,2025-03-02,1.000000
美国,认为可靠,台积电,2025-03-02,1.000000
丹尼尔·纽曼,认为有威胁,台积电,2025-03-02,1.000000
美国,威胁,台积电,2025-03-02,1.000000
特朗普,认为可靠,芯片,2025-03-02,1.000000
霍华德·鲁特尼克,认为违规,台积电,2025-03-02,1.000000
特朗普,主导,芯片,2025-03-02,1.000000
霍华德·鲁特尼克,支持,台积电,2025-03-02,1.000000
美国,认为失败,台积电,2025-03-02,1.000000
霍华德·鲁特尼克,威胁,台积电,2025-03-02,1.000000
特朗普,认为失败,芯片,2025-03-02,1.000000
中国大陆政府,认为恐怖,台积电,2025-03-02,1.000000
苹果,增进,美国,2025-03-02,1.000000
美国,认为有危机,台积电,2025-03-02,1.000000
霍华德·鲁特尼克,批评,台积电,2025-03-02,1.000000
丹尼尔·纽曼,威胁,台积电,2025-03-02,1.000000
特朗普,欣赏,芯片,2025-03-02,1.000000
特朗普,认为有威胁,芯片,2025-03-02,1.000000
特朗普,认为非法,芯片,2025-03-02,1.000000
霍华德·鲁特尼克,认为可靠,台积电,2025-03-02,1.000000
特朗普,质疑,芯片,2025-03-02,1.000000
中国大陆政府,攻击,台积电,2025-03-02,1.000000
特朗普,认为违规,芯片,2025-03-02,1.000000
特朗普,增进,美国,2025-03-02,1.000000
英伟达,支持,特朗普,2025-04-13,1.000000
特朗普,认为犯罪,芯片,2024-11-15,1.000000
台湾,损害,芯片,2024-11-15,1.000000
特朗普,认为违规,芯片,2024-11-15,1.000000
特朗普,威胁,台湾,2024-11-15,1.000000
特朗普,批评,芯片,2024-11-15,1.000000
台湾,增进,芯片,2024-11-15,1.000000
特朗普,认为犯罪,芯片,2024-11-15,1.000000
特朗普,认为违规,芯片,2024-11-15,1.000000
特朗普,批评,芯片,2024-11-15,1.000000
特朗普,威胁,台湾,2024-11-15,1.000000
特朗普,损害,芯片,2024-11-15,1.000000
特朗普,损害,台湾,2024-11-15,1.000000
特朗普,损害,芯片,2024-11-15,1.000000
特朗普,质疑,芯片,2024-11-15,1.000000
Adobe,视作英雄,特朗普,2024-11-15,1.000000
美国,支持,台积电,2024-11-15,1.000000
美国,增进,芯片,2024-11-15,1.000000
特朗普,认为有危机,台湾,2024-11-15,1.000000
特朗普,认为有危机,台湾,2024-11-15,1.000000
特朗普,主导,芯片,2024-11-15,1.000000
特朗普,认为有威胁,台湾,2024-11-15,1.000000
美国,认可,台积电,2024-11-15,1.000000
特朗普,质疑,芯片,2024-11-15,1.000000
特朗普,认为有威胁,台湾,2024-11-15,1.000000
霍华德·鲁特尼克,增进,台积电,2025-03-02,1.000000
特朗普,认为恐怖,芯片,2025-03-02,1.000000
美国,认为优秀,台积电,2025-03-02,1.000000
O丹尼尔·纽曼,认为失败,台积电,2025-03-02,1.000000
美国,认为有成就,台积电,2025-03-02,1.000000
美国,担忧,台积电,2025-03-02,1.000000
特朗普,增进,美国,2025-03-02,1.000000
美国,认为恐怖,台积电,2025-03-02,1.000000
台积电,认为有威胁,芯片,2025-03-02,1.000000
美国,认为有威胁,台积电,2025-03-02,1.000000
中国大陆政府,损害,台积电,2025-03-02,1.000000
特朗普,认为违规,芯片,2025-03-02,1.000000
中国大陆政府,威胁,台积电,2025-03-02,1.000000
特朗普,认为有威胁,芯片,2025-03-02,1.000000
美国,质疑,台积电,2025-03-02,1.000000
特朗普,损害,芯片,2025-03-02,1.000000
美国,认可,台积电,2025-03-02,1.000000
特朗普,威胁,芯片,2025-03-02,1.000000
特朗普,认可,芯片,2025-03-02,1.000000
特朗普,认为有威胁,台积电,2025-03-02,1.000000
霍华德·鲁特尼克,担忧,台积电,2025-03-02,1.000000
特朗普,损害,芯片,2025-03-02,1.000000
特朗普,威胁,芯片,2025-03-02,1.000000
霍华德·鲁特尼克,认为有威胁,台积电,2025-03-02,1.000000
中国大陆政府,增进,台积电,2025-03-02,1.000000
美国,损害,台积电,2025-03-02,1.000000
特朗普,威胁,台积电,2025-03-02,1.000000
霍华德·鲁特尼克,质疑,台积电,2025-03-02,1.000000
霍华德·鲁特尼克,认可,台积电,2025-03-02,1.000000
O丹尼尔·纽曼,担忧,台积电,2025-03-02,1.000000
美国,威胁,台积电,2025-03-02,1.000000
特朗普,认为可靠,芯片,2025-03-02,1.000000
霍华德·鲁特尼克,认为违规,台积电,2025-03-02,1.000000
特朗普,支持,台积电,2025-03-02,1.000000
特朗普,主导,芯片,2025-03-02,1.000000
霍华德·鲁特尼克,支持,台积电,2025-03-02,1.000000
美国,增进,国内制造的增长,2025-03-02,1.000000
美国,认为失败,台积电,2025-03-02,1.000000
霍华德·鲁特尼克,威胁,台积电,2025-03-02,1.000000
特朗普,认为失败,芯片,2025-03-02,1.000000
特朗普,认为有危机,芯片,2025-03-02,1.000000
美国,认为有危机,台积电,2025-03-02,1.000000
美国,增进,台积电,2025-03-02,1.000000
霍华德·鲁特尼克,批评,台积电,2025-03-02,1.000000
特朗普,认为有威胁,芯片,2025-03-02,1.000000
霍华德·鲁特尼克,认为可靠,台积电,2025-03-02,1.000000
特朗普,认为违规,芯片,2025-03-02,1.000000
霍华德·鲁特尼克,主导,台积电,2025-03-02,1.000000
霍华德·鲁特尼克,认为有危机,台积电,2025-03-02,1.000000
O丹尼尔·纽曼,认为有危机,台积电,2025-03-02,1.000000
美国,损害,中国,2024-11-29,1.000000
美国,攻击,中国,2024-11-29,1.000000
特朗普,认为有危机,台湾,2024-11-15,1.000000
特朗普,主导,芯片,2024-11-15,1.000000
特朗普,认为有威胁,台湾,2024-11-15,1.000000
芯片,认为有威胁,台湾,2024-11-15,1.000000
特朗普,威胁,台湾,2024-11-15,1.000000
特朗普,认为违规,芯片,2024-11-15,1.000000
特朗普,批评,芯片,2024-11-15,1.000000
特朗普,认为非法,台湾,2024-11-15,1.000000
台湾,损害,芯片,2024-11-15,1.000000
美国,主导,亚利桑那项目,2024-11-15,1.000000
美国,增进,芯片,2024-11-15,1.000000
美国,支持,亚利桑那项目,2024-11-15,1.000000
特朗普,担忧,台湾,2024-11-15,1.000000
特朗普,认为有暴力,台湾,2024-11-15,1.000000
特朗普,认为违规,台湾,2024-11-15,1.000000
特朗普,损害,芯片,2024-11-15,1.000000
美国,支持,台积电,2024-11-15,1.000000
特朗普,损害,芯片,2024-11-15,1.000000
台湾,损害,芯片,2024-11-15,1.000000
特朗普,认为违规,芯片,2024-11-15,1.000000
芯片,认为有威胁,台湾,2024-11-15,1.000000
特朗普,认为违规,台湾,2024-11-15,1.000000
特朗普,认为有威胁,台湾,2024-11-15,1.000000
特朗普,认为有危机,台湾,2024-11-15,1.000000
特朗普,批评,芯片,2024-11-15,1.000000
美国,认可,台积电,2024-11-15,1.000000
特朗普,认为非法,台湾,2024-11-15,1.000000
特朗普,威胁,台湾,2024-11-15,1.000000
美国,支持,台积电,2024-11-15,1.000000
特朗普,质疑,台湾,2024-11-15,1.000000
美国,增进,芯片,2024-11-15,1.000000
特朗普,认为有暴力,台湾,2024-11-15,1.000000
特朗普,认为违规,芯片,2024-11-15,1.000000
特朗普,攻击,台湾,2024-11-15,1.000000
特朗普,认为犯罪,芯片,2024-11-15,1.000000
台湾,认为违规,芯片,2024-11-15,1.000000
特朗普,批评,芯片,2024-11-15,1.000000
特朗普,认为非法,芯片,2024-11-15,1.000000
美国,增进,芯片,2024-11-15,1.000000
特朗普,质疑,芯片,2024-11-15,1.000000
特朗普,威胁,台湾,2024-11-15,1.000000
特朗普,认为有威胁,台湾,2024-11-15,1.000000
特朗普,认为有威胁,台湾,2024-11-15,1.000000
特朗普,质疑,台湾,2024-11-15,1.000000
特朗普,认为有危机,台湾,2024-11-15,1.000000
特朗普,认为非法,台湾,2024-11-15,1.000000
特朗普,感到不满,台湾,2024-11-15,1.000000
特朗普,威胁,台湾,2024-11-15,1.000000
特朗普,批评,芯片,2024-11-15,1.000000
特朗普,认为有暴力,台湾,2024-11-15,1.000000
特朗普,认为违规,台湾,2024-11-15,1.000000
美国,增进,芯片,2024-11-15,1.000000
特朗普,认为犯罪,台湾,2024-11-15,1.000000
美国,支持,台积电,2024-11-15,1.000000
特朗普,批评,台湾,2024-11-15,1.000000
特朗普,担忧,台湾,2024-11-15,1.000000
特朗普,认为有危机,关税的威胁,2025-04-21,1.000000
C.C. Wei,认为优秀,台积电,2025-04-21,1.000000
特朗普,威胁,关税,2025-04-21,1.000000
特朗普,认为有危机,台湾,2024-11-15,1.000000
台湾,损害,芯片,2024-11-15,1.000000
特朗普,主导,芯片,2024-11-15,1.000000
特朗普,认为有威胁,台湾,2024-11-15,1.000000
特朗普,支持,Adobe,2024-11-15,1.000000
芯片,认为有威胁,台湾,2024-11-15,1.000000
特朗普,威胁,台湾,2024-11-15,1.000000
特朗普,认为违规,芯片,2024-11-15,1.000000
特朗普,认为犯罪,芯片,2024-11-15,1.000000
特朗普,损害,芯片,2024-11-15,1.000000
特朗普,批评,芯片,2024-11-15,1.000000
特朗普,认为非法,台湾,2024-11-15,1.000000
特朗普,损害,台湾,2024-11-15,1.000000
特朗普,担忧,台湾,2024-11-15,1.000000
特朗普,认为有暴力,台湾,2024-11-15,1.000000
美国,增进,半导体,2024-11-15,1.000000
特朗普,认为犯罪,台湾,2024-11-15,1.000000
美国,支持,台积电,2024-11-15,1.000000
美国,增进,国家安全,2024-11-15,1.000000
美国,损害,台积公司,2024-11-29,1.000000
美国,攻击,中国,2024-11-29,1.000000
台湾总统,视作英雄,特朗普,2025-04-18,1.000000
台湾总统,视作英雄,特朗普,2025-04-18,1.000000
台积电,支持,特朗普,2025-04-13,1.000000
英伟达,支持,特朗普,2025-04-13,1.000000
习近平,认为有威胁,美国,2024-11-29,1.000000
美国,支持,台积公司,2024-11-29,1.000000
台积电,欢迎,分享,2025-04-24,1.000000
路透社,认为优秀,台积电,2025-04-24,1.000000
路透社,质疑,台积电,2025-04-24,1.000000
美国,欢迎,台积公司,2024-11-29,1.000000
习近平,认为有威胁,美国,2024-11-29,1.000000
美国,认为优秀,台积公司,2024-11-29,1.000000
美国,支持,台积公司,2024-11-29,1.000000
美国,损害,中国,2024-11-29,1.000000
美国,攻击,中国,2024-11-29,1.000000
美国,威胁,中国,2024-11-29,1.000000
乔·拜登,视作英雄,特朗普,2024-11-25,1.000000
特朗普,损害,政府,2024-11-25,1.000000
美国,认为优秀,台积公司,2024-11-29,1.000000
美国,支持,台积公司,2024-11-29,1.000000
美国,损害,中国,2024-11-29,1.000000
美国,感到满意,台积公司,2024-11-29,1.000000
美国,主导,芯片,2024-11-29,1.000000
美国,攻击,中国,2024-11-29,1.000000
美国,威胁,中国,2024-11-29,1.000000
美国,认可,台积公司,2024-11-29,1.000000
美国,主导,台积公司,2024-11-29,1.000000
魏哲家,认可,台积电,2025-04-16,1.000000
特朗普,认为有威胁,台积电,2025-04-17,1.000000
特朗普,威胁,台积电,2025-04-17,1.000000
特朗普,威胁,台积电,2025-04-17,1.000000
特朗普,认为有威胁,台积电,2025-04-17,1.000000
日本,增进,台积电,2025-03-05,1.000000
赖清德,担忧,台积电,2025-03-05,1.000000
莱夫·纳坎姆,增进,台积电,2025-03-05,1.000000
台积电,损害,台湾,2025-03-05,1.000000
莱夫·纳坎姆,认为有危机,台积电,2025-03-05,1.000000
特朗普,威胁,台湾,2025-03-05,1.000000
美国,增进,台积电,2025-03-05,1.000000
台湾,担忧,台积电,2025-03-05,1.000000
魏哲家,增进,台积电,2025-03-05,1.000000
国立台湾大学,增进,台积电,2025-03-05,1.000000
美国,担忧,台积电,2025-03-05,1.000000
特朗普,增进,国防预算,2025-03-05,1.000000
日本,主导,台积电,2025-03-05,1.000000
魏哲家,担忧,台积电,2025-03-05,1.000000
台积电,增进,美国,2025-04-07,1.000000
特朗普,主导,对等关税,2025-04-07,1.000000
特朗普,支持,对等关税,2025-04-07,1.000000
墨西哥,认为违规,台积电,2024-11-13,1.000000
13名原告,起诉,TSMC,2024-11-13,1.000000
TSMC,声明,多元化工作环境,2024-11-13,1.000000
TSMC,获得,美国,2024-11-13,1.000000
TSMC,运营,亚利桑那州,2024-11-13,1.000000
原告,指控,TSMC,2024-11-13,1.000000
原告,指控,TSMC,2024-11-13,1.000000
TSMC,投资,美国,2025-03-30,1.000000
TSMC,开始生产,亚利桑那州,2025-03-30,1.000000
TSMC,宣布建厂,台湾高雄,2025-03-30,1.000000
TSMC,财报发布,季度利润,2025-03-30,1.000000
TSMC,股价下跌,股票市场,2025-03-30,1.000000
TSMC,澄清收购,英特尔代工业务,2025-03-30,1.000000
TSMC,营收下降,中国,2025-04-17,1.000000
TSMC,营收增长,北美,2025-04-17,1.000000
TSMC,投资,美国,2025-04-17,1.000000
TSMC,产能分配,亚利桑那州,2025-04-17,1.000000
TSMC,股价下跌,台北股市,2025-04-17,1.000000
美国,增进,美国,2025-02-16,1.000000
美国,担忧,台积电,2025-02-16,1.000000
美国,批评,台积电,2025-02-16,1.000000
美国,增进,美国,2025-02-16,1.000000
美国,视作英雄,帕特·盖,2025-02-16,1.000000
美国,认可,台积电,2025-02-16,1.000000
美国,质疑,台积电,2025-02-16,1.000000
美国,感到满意,台积电,2025-02-16,1.000000
芯片,支持,英特尔,2025-02-16,1.000000
美国,支持,台积电,2025-02-16,1.000000
习近平,认为非法,美国,2024-11-29,1.000000
习近平,认为有威胁,美国,2024-11-29,1.000000
美国,认为有威胁,中国,2024-11-29,1.000000
美国,损害,中国,2024-11-29,1.000000
美国,攻击,中国,2024-11-29,1.000000
习近平,认为犯罪,美国,2024-11-29,1.000000
美国,威胁,中国,2024-11-29,1.000000
美国,认为非法,中国,2024-11-29,1.000000
特朗普,威胁,台积电,2025-04-18,1.000000
彭博社,担忧,台积电,2024-11-06,1.000000
TSMC,销售额增长,29.2%,2024-11-06,1.000000
TSMC,报告销售额,3142亿新台币,2024-11-06,1.000000
TSMC,销售额增长,超过30%,2024-11-06,1.000000
TSMC,股价上涨,80%,2024-11-06,1.000000
特朗普,损害,台积电,2025-04-18,1.000000
特朗普,威胁,台积电,2025-04-18,1.000000
TSMC,投资,美国,2025-04-18,1.000000
TSMC,扩建,亚利桑那州,2025-04-18,1.000000
TSMC,预计增长,收入,2025-04-18,1.000000
TSMC,股票市盈率,低于历史水平,2025-04-18,1.000000
富国银行,质疑,中国,2025-04-17,1.000000
富国银行,认为有威胁,中国,2025-04-17,1.000000
富国银行,认为有危机,中国,2025-04-17,1.000000
政府,支持,台积电,2025-04-16,1.000000
川普总统,欣赏,台积电,2025-04-16,1.000000
政府,欣赏,台积电,2025-04-16,1.000000
川普总统,认为有暴力,台积电,2025-04-16,1.000000
政府,欢迎,台积电,2025-04-16,1.000000
川普总统,认为优秀,台积电,2025-04-16,1.000000
政府,相信,台积电,2025-04-16,1.000000
川普总统,喜欢,台积电,2025-04-16,1.000000
政府,喜欢,台积电,2025-04-16,1.000000
川普总统,认为恐怖,台积电,2025-04-16,1.000000
政府,认为优秀,台积电,2025-04-16,1.000000
政府,感到满意,台积电,2025-04-16,1.000000
川普总统,感到不满,台积电,2025-04-16,1.000000
川普总统,质疑,台积电,2025-04-16,1.000000
川普总统,认为热情,台积电,2025-04-16,1.000000
政府,认为有成就,台积电,2025-04-16,1.000000
政府,认可,台积电,2025-04-16,1.000000
川普总统,认可,台积电,2025-04-16,1.000000
政府,认为热情,台积电,2025-04-16,1.000000
川普总统,批评,台积电,2025-04-16,1.000000
川普总统,认为可靠,台积电,2025-04-16,1.000000
政府,损害,台积电,2025-04-16,1.000000
政府,认为可靠,台积电,2025-04-16,1.000000
TSMC,投资,美国,2025-04-16,1.000000
TSMC,承诺投资,美国,2025-04-16,1.000000
TSMC,合作,Intel,2025-04-16,1.000000
特朗普,感谢,分享,2025-04-14,1.000000
特朗普,损害,消费者,2025-04-14,1.000000
美国,支持,特朗普,2025-04-14,1.000000
黄仁勋,增进,美国,2025-04-14,1.000000
美国,支持,台积公司,2024-11-29,1.000000
美国,损害,中国,2024-11-29,1.000000
美国,攻击,中国,2024-11-29,1.000000
美国,威胁,中国,2024-11-29,1.000000
特朗普,担忧,台积电,2025-02-09,1.000000
特朗普,攻击,台积电,2025-02-09,1.000000
特朗普,认可,台积电,2025-02-09,1.000000
半导体,认为有威胁,台积电,2025-02-09,1.000000
特朗普,增进,半导体,2025-02-09,1.000000
特朗普,损害,台积电,2025-02-09,1.000000
特朗普,威胁,台积电,2025-02-09,1.000000
半导体,损害,台积电,2025-02-09,1.000000
半导体,威胁,台积电,2025-02-09,1.000000
特朗普,认为失败,台积电,2025-02-09,1.000000
特朗普,担忧,半导体,2025-02-09,1.000000
特朗普,认为有危机,台积电,2025-02-09,1.000000
特朗普,增进,台积电,2025-02-09,1.000000
特朗普,认为恐怖,台积电,2025-02-09,1.000000
特朗普,认为优秀,台积电,2025-02-09,1.000000
特朗普,认为有威胁,台积电,2025-02-09,1.000000
格雷格·斯坦顿,认为有暴力,特朗普,2025-03-04,1.000000
路透社,威胁,中国,2025-03-04,1.000000
格雷格·斯坦顿,欣赏,特朗普,2025-03-04,1.000000
特朗普,认为恐怖,芯片,2025-03-04,1.000000
特朗普,批评,芯片,2025-03-04,1.000000
格雷格·斯坦顿,喜欢,特朗普,2025-03-04,1.000000
特朗普,担忧,芯片,2025-03-04,1.000000
霍华德·鲁特尼克,视作英雄,特朗普,2025-03-04,1.000000
霍华德·鲁特尼克,欣赏,特朗普,2025-03-04,1.000000
特朗普,主导,芯片,2025-03-04,1.000000
格雷格·斯坦顿,相信,特朗普,2025-03-04,1.000000
中国,损害,台湾,2025-03-04,1.000000
格雷格·斯坦顿,担忧,特朗普,2025-03-04,1.000000
格雷格·斯坦顿,认为恐怖,特朗普,2025-03-04,1.000000
特朗普,批评,芯片,2025-03-04,1.000000
美国,认为有威胁,台湾,2025-03-04,1.000000
中国,攻击,台湾,2025-03-04,1.000000
霍华德·鲁特尼克,喜欢,特朗普,2025-03-04,1.000000
中国,威胁,台湾,2025-03-04,1.000000
特朗普,支持,芯片,2025-03-04,1.000000
霍华德·鲁特尼克,认为优秀,特朗普,2025-03-04,1.000000
格雷格·斯坦顿,认可,特朗普,2025-03-04,1.000000
特朗普,攻击,芯片,2025-03-04,1.000000
格雷格·斯坦顿,质疑,特朗普,2025-03-04,1.000000
霍华德·鲁特尼克,担忧,特朗普,2025-03-04,1.000000
霍华德·鲁特尼克,认为恐怖,特朗普,2025-03-04,1.000000
特朗普,认为有威胁,台湾,2025-03-04,1.000000
美国,认为有威胁,中国,2025-03-04,1.000000
霍华德·鲁特尼克,质疑,特朗普,2025-03-04,1.000000
美国,威胁,台湾,2025-03-04,1.000000
霍华德·鲁特尼克,认为有成就,特朗普,2025-03-04,1.000000
特朗普,认为失败,芯片,2025-03-04,1.000000
中国,认为有威胁,台湾,2025-03-04,1.000000
特朗普,认为恐怖,芯片,2025-03-04,1.000000
格雷格·斯坦顿,批评,特朗普,2025-03-04,1.000000
特朗普,认为有威胁,中国,2025-03-04,1.000000
路透社,认为有威胁,中国,2025-03-04,1.000000
美国,威胁,中国,2025-03-04,1.000000
特朗普,认为非法,芯片,2025-03-04,1.000000
格雷格·斯坦顿,视作英雄,特朗普,2025-03-04,1.000000
霍华德·鲁特尼克,批评,特朗普,2025-03-04,1.000000
特朗普,质疑,芯片,2025-03-04,1.000000
特朗普,认为违规,芯片,2025-03-04,1.000000
特朗普,攻击,芯片,2025-03-04,1.000000
特朗普,批评,前总统乔·拜登的政府,2025-04-07,1.000000
特朗普,批评,前总统乔·拜登的政府,2025-04-07,1.000000
特朗普,认为犯罪,台湾,2025-03-31,1.000000
特朗普,认为可靠,台积公司,2025-03-31,1.000000
特朗普,认为违规,台湾,2025-03-31,1.000000
特朗普,批评,台湾,2025-03-31,1.000000
特朗普,威胁,台湾,2025-03-31,1.000000
特朗普,喜欢,台积公司,2025-03-31,1.000000
特朗普,欣赏,台积公司,2025-03-31,1.000000
特朗普,感到满意,台积公司,2025-03-31,1.000000
特朗普,欢迎,台积公司,2025-03-31,1.000000
特朗普,认为优秀,台积公司,2025-03-31,1.000000
特朗普,认为有危机,台湾,2025-03-31,1.000000
特朗普,认为有暴力,台湾,2025-03-31,1.000000
特朗普,质疑,台积公司,2025-03-31,1.000000
特朗普,认为有成就,台积公司,2025-03-31,1.000000
特朗普,认可,台积公司,2025-03-31,1.000000
特朗普,认为非法,台湾,2025-03-31,1.000000
特朗普,认为恐怖,台湾,2025-03-31,1.000000
特朗普,批评,台积公司,2025-03-31,1.000000
特朗普,支持,台积公司,2025-03-31,1.000000
特朗普,感到不满,台湾,2025-03-31,1.000000
特朗普,担忧,台湾,2025-03-31,1.000000
特朗普,认为有威胁,台湾,2025-03-31,1.000000
特朗普,质疑,台湾,2025-03-31,1.000000
台积公司,视作英雄,特朗普,2025-03-31,1.000000
TSMC,投资,美国,2025-03-31,1.000000
TSMC,面临挑战,美国,2025-03-31,1.000000
TSMC,投资,台湾,2025-03-31,1.000000
特朗普,增进,关税战,2025-04-14,1.000000
特朗普,认为有威胁,国家安全,2025-04-14,1.000000
特朗普,损害,国家安全,2025-04-14,1.000000
特朗普,威胁,国家安全,2025-04-14,1.000000
美国,欢迎,台积公司,2024-11-29,1.000000
习近平,认为有威胁,美国,2024-11-29,1.000000
美国,认为优秀,台积公司,2024-11-29,1.000000
美国,支持,台积公司,2024-11-29,1.000000
美国,损害,中国,2024-11-29,1.000000
美国,感到满意,台积公司,2024-11-29,1.000000
特朗普,认为有威胁,中国,2024-11-29,1.000000
美国,攻击,中国,2024-11-29,1.000000
美国,质疑,台积公司,2024-11-29,1.000000
美国,威胁,中国,2024-11-29,1.000000
美国,认可,台积公司,2024-11-29,1.000000
美国,主导,台积公司,2024-11-29,1.000000
美国,支持,台积公司,2024-11-29,1.000000
美国,损害,中国,2024-11-29,1.000000
美国,攻击,中国,2024-11-29,1.000000
美国,威胁,中国,2024-11-29,1.000000
台积电,合作,AMD,2025-04-13,1.000000
美国,认为失败,美国,2024-11-09,1.000000
台积公司,主导,美国,2024-11-09,1.000000
美国,增进,美国,2024-11-09,1.000000
特朗普,主导,美国,2024-11-09,1.000000
特朗普,增进,美国,2024-11-09,1.000000
贝佐斯,增进,美国,2024-11-09,1.000000
特朗普,增进,美国,2024-11-09,1.000000
台积公司,增进,美国,2024-11-09,1.000000
特朗普,认为失败,美国,2024-11-09,1.000000
美国,支持,台积公司,2024-11-09,1.000000
台积电,认为违规,华为,2024-11-10,1.000000
台积电,质疑,华为,2024-11-10,1.000000
台积电,认为违规,华为,2024-11-10,1.000000
路透社,感到满意,台积电,2024-11-10,1.000000
路透社,批评,台积电,2024-11-10,1.000000
路透社,损害,台积电,2024-11-10,1.000000
路透社,相信,台积电,2024-11-10,1.000000
台积电,质疑,华为,2024-11-10,1.000000
路透社,认为有威胁,台积电,2024-11-10,1.000000
路透社,增进,台积电,2024-11-10,1.000000
路透社,主导,台积电,2024-11-10,1.000000
路透社,认可,台积电,2024-11-10,1.000000
路透社,质疑,台积电,2024-11-10,1.000000
路透社,认为违规,台积电,2024-11-10,1.000000
路透社,认为有危机,台积电,2024-11-10,1.000000
标普全球市场情报公司,损害,台积电,2024-11-10,1.000000
路透社,感到不满,台积电,2024-11-10,1.000000
路透社,威胁,台积电,2024-11-10,1.000000
路透社,担忧,台积电,2024-11-10,1.000000
路透社,认为可靠,台积电,2024-11-10,1.000000
路透社,认为恐怖,台积电,2024-11-10,1.000000
路透社,认为优秀,台积电,2024-11-10,1.000000
美国,损害,华为,2024-11-10,1.000000
路透社,支持,台积电,2024-11-10,1.000000
TSMC,停止接受订单,中国大陆客户,2024-11-10,1.000000
TSMC,否认,不当行为,2024-11-10,1.000000
TSMC,暂停发货,Sophgo,2024-11-10,1.000000
TSMC,收入占比,中国大陆市场,2024-11-10,1.000000
TSMC,停止供应,大陆客户,2024-11-10,1.000000
TSMC,投资,亚利桑那州,2024-11-10,1.000000
美国,支持,台积公司,2024-11-29,1.000000
美国,认为有威胁,中国,2024-11-29,1.000000
美国,损害,中国,2024-11-29,1.000000
美国,攻击,中国,2024-11-29,1.000000
美国,威胁,中国,2024-11-29,1.000000
Tim Cook,认为缺乏,中国,2025-03-23,1.000000
Tim Cook,喜欢,中国,2025-03-23,1.000000
Tim Cook,感谢,中国,2025-03-23,1.000000
Tim Cook,欢迎,中国,2025-03-23,1.000000
Tim Cook,相信,中国,2025-03-23,1.000000
Tim Cook,认为非法,中国,2025-03-23,1.000000
Tim Cook,担忧,中国,2025-03-23,1.000000
美国,支持,合资企业,2025-03-23,1.000000
美国,支持,台积公司,2024-11-29,1.000000
美国,损害,中国,2024-11-29,1.000000
美国,攻击,中国,2024-11-29,1.000000
美国,威胁,中国,2024-11-29,1.000000
美国,欢迎,特朗普,2025-01-15,1.000000
美国,认为有威胁,中国,2025-01-15,1.000000
中国,视作英雄,特朗普,2025-01-15,1.000000
特朗普,认为有威胁,中国,2025-01-15,1.000000
美国,视作英雄,特朗普,2025-01-15,1.000000
美国,威胁,中国,2025-01-15,1.000000
美国,认可,台积公司,2024-11-29,1.000000
美国,支持,台积公司,2024-11-29,1.000000
特朗普,批评,半导体,2024-11-13,1.000000
台积公司,担忧,美国,2024-11-13,1.000000
杨金龙,担忧,美国,2024-11-13,1.000000
特朗普,认为有威胁,台湾,2024-11-13,1.000000
特朗普,认为违规,新关税,2024-11-13,1.000000
特朗普,质疑,半导体,2024-11-13,1.000000
台湾央行,担忧,美国,2024-11-13,1.000000
特朗普,批评,半导体,2024-11-13,1.000000
美国,损害,中国,2024-11-13,1.000000
美国,认为有威胁,中国,2024-11-13,1.000000
特朗普,质疑,台湾,2024-11-13,1.000000
美国,认为优秀,台积公司,2024-11-13,1.000000
特朗普,质疑,半导体,2024-11-13,1.000000
特朗普,认为有威胁,台湾,2024-11-13,1.000000
特朗普,担忧,美国,2024-11-13,1.000000
杨金龙,担忧,美国,2024-11-13,1.000000
特朗普,威胁,台湾,2024-11-13,1.000000
特朗普,质疑,半导体,2024-11-13,1.000000
特朗普,损害,芯片,2024-11-13,1.000000
特朗普,认为有威胁,台湾,2024-11-13,1.000000
特朗普,批评,半导体,2024-11-13,1.000000
台湾中央银行,担忧,美国,2024-11-13,1.000000
路透社,担忧,美国,2024-11-13,1.000000
特朗普,担忧,美国,2024-11-13,1.000000
特朗普,质疑,半导体,2024-11-13,1.000000
美国,认为优秀,台积公司,2024-11-13,1.000000
特朗普,认为有威胁,台湾,2024-11-13,1.000000
特朗普,批评,半导体,2024-11-13,1.000000
路透社,相信,美国,2024-11-13,1.000000
特朗普,认为违规,半导体,2024-11-13,1.000000
台积公司,担忧,美国,2024-11-13,1.000000
特朗普,相信,美国,2024-11-13,1.000000
台积公司(TSMC),担忧,美国,2024-11-13,1.000000
杨金龙,相信,美国,2024-11-13,1.000000
微软公司（MSFT）,主导,台积电,2024-11-03,1.000000
TSMC,合作扩大生产,Amkor,2024-11-03,1.000000
TSMC,受台风影响,台湾运营,2024-11-03,1.000000
TSMC,提供芯片,苹果,2024-11-03,1.000000
习近平,认为有威胁,美国,2024-11-29,1.000000
习近平,认为非法,美国,2024-11-29,1.000000
美国,支持,台积公司,2024-11-29,1.000000
美国,攻击,中国,2024-11-29,1.000000
特朗普,增进,英伟达,2025-04-14,1.000000
特朗普,质疑,英伟达,2025-04-14,1.000000
特朗普,认可,英伟达,2025-04-14,1.000000
特朗普,增进,本土制造业,2025-04-14,1.000000
吉尔·卢里亚,认为有威胁,特朗普,2025-04-14,1.000000
特朗普,主导,英伟达,2025-04-14,1.000000
特朗普,认为优秀,英伟达,2025-04-14,1.000000
特朗普,质疑,英伟达,2025-04-14,1.000000
黄仁勋,增进,美国,2025-04-14,1.000000
特朗普,认可,英伟达,2025-04-14,1.000000
英伟达,增进,美国,2025-04-14,1.000000
特朗普,支持,英伟达,2025-04-14,1.000000
特朗普,威胁,台积电,2025-04-09,1.000000
特朗普,增进,台积电,2025-04-09,1.000000
特朗普,攻击,台积电,2025-04-09,1.000000
特朗普,损害,台积电,2025-04-09,1.000000
TSMC,营收增长,42%,2025-04-09,1.000000
TSMC,发布财报,Q1完整财报,2025-04-09,1.000000
TSMC,扩大美国存在,美国,2025-04-09,1.000000
TSMC,投资,美国,2025-04-09,1.000000
台湾,承诺,美国,2025-04-09,1.000000
TSMC,面临挑战,高成本和劳动力问题,2025-04-09,1.000000
TSMC,预期,2025年强劲增长,2025-04-09,1.000000
TSMC,营收增长,46.5%,2025-04-09,1.000000
特朗普,批评,芯片,2024-11-07,1.000000
特朗普,主导,芯片,2024-11-07,1.000000
特朗普,认为违规,芯片,2024-11-07,1.000000
特朗普,认为违规,芯片,2024-11-07,1.000000
台湾,增进,芯片,2024-11-07,1.000000
特朗普,批评,芯片,2024-11-07,1.000000
特朗普,质疑,芯片,2024-11-07,1.000000
苹果,批评,芯片,2024-11-07,1.000000
特朗普,质疑,芯片,2024-11-07,1.000000
苹果,质疑,芯片,2024-11-07,1.000000
特朗普,质疑,台湾,2024-11-07,1.000000
特朗普,担忧,芯片,2024-11-07,1.000000
特朗普,认为有威胁,台湾,2024-11-07,1.000000
TSMC,宣布投资策略,美国,2024-11-07,1.000000
TSMC,投资,美国,2024-11-07,1.000000
特朗普,指责,台湾,2024-11-07,1.000000
特朗普,批评,芯片,2024-11-07,1.000000
拜登政府,发放补贴,台积电,2024-11-07,1.000000
TSMC,停止生产,中国大陆客户,2024-11-07,1.000000
TSMC,营收贡献,中国大陆,2024-11-07,1.000000
TSMC,营收增长,营收,2024-11-07,1.000000
TSMC,预测,营收,2024-11-07,1.000000
TSMC,股价上涨,股价,2024-11-07,1.000000
TSMC,股价上涨,股价,2024-11-07,1.000000
特朗普,认为恐怖,台湾,2024-11-13,1.000000
特朗普,批评,半导体,2024-11-13,1.000000
特朗普,威胁,台湾,2024-11-13,1.000000
路透社,认为有威胁,美国,2024-11-13,1.000000
特朗普,认为有威胁,台湾,2024-11-13,1.000000
美国,认为违规,芯片,2024-11-13,1.000000
特朗普,质疑,半导体,2024-11-13,1.000000
特朗普,认为有危机,半导体,2024-11-13,1.000000
特朗普,威胁,台湾,2024-11-13,1.000000
路透社,认为非法,美国,2024-11-13,1.000000
特朗普,批评,半导体,2024-11-13,1.000000
特朗普,认为犯罪,台湾,2024-11-13,1.000000
美国,主导,贸易惩罚,2024-11-13,1.000000
美国,认为非法,向中国,2024-11-13,1.000000
美国,认为有威胁,中国,2024-11-13,1.000000
美国,增进,半导体,2024-11-13,1.000000
阳基龙,认为有威胁,美国,2024-11-13,1.000000
特朗普,认为有危机,台湾,2024-11-13,1.000000
路透社,认为有危机,美国,2024-11-13,1.000000
阳基龙,担忧,美国,2024-11-13,1.000000
特朗普,质疑,半导体,2024-11-13,1.000000
特朗普,认为有威胁,台湾,2024-11-13,1.000000
阳基龙,认为非法,美国,2024-11-13,1.000000
杨金龙,认为有威胁,美国,2024-11-13,1.000000
台积公司(TSMC),主导,美国,2024-11-13,1.000000
特朗普,威胁,台湾,2024-11-13,1.000000
特朗普,批评,半导体,2024-11-13,1.000000
特朗普,质疑,半导体,2024-11-13,1.000000
台积公司,主导,美国,2024-11-13,1.000000
美国,认为失败,贸易惩罚,2024-11-13,1.000000
特朗普,认为违规,半导体,2024-11-13,1.000000
美国,担忧,贸易惩罚,2024-11-13,1.000000
杨金龙,担忧,美国,2024-11-13,1.000000
特朗普,主导,《乔·罗根播客》,2024-11-13,1.000000
特朗普,损害,芯片,2024-11-13,1.000000
苹果,认为有威胁,特朗普,2025-02-24,1.000000
苹果,威胁,特朗普,2025-02-24,1.000000
白宫,视作英雄,特朗普,2025-02-24,1.000000
苹果,攻击,特朗普,2025-02-24,1.000000
美国,主导,台积电,2025-04-22,1.000000
TSMC,营收,NT$839.3亿,2025-04-22,1.000000
TSMC,营收预期,5%-8%增长,2025-04-22,1.000000
TSMC,AI加速器收入,翻倍,2025-04-22,1.000000
TSMC,先进芯片制造份额,美国,2025-04-22,1.000000
TSMC,资本支出,380-420亿美元,2025-04-22,1.000000
TSMC,亚利桑那州工厂,芯片,2025-04-22,1.000000
TSMC,监管问题,芯片,2025-04-22,1.000000
TSMC,技术领先地位,先进制程/封装,2025-04-22,1.000000
路透社,视作英雄,特朗普,2025-04-08,1.000000
路透社,欢迎,特朗普,2025-04-08,1.000000
路透社,欣赏,特朗普,2025-04-08,1.000000
路透社,喜欢,特朗普,2025-04-08,1.000000
路透社,相信,特朗普,2025-04-08,1.000000
特朗普,主导,关税策略,2025-04-08,1.000000
特朗普,增进,美国,2025-04-08,1.000000
台湾积电（TSMC）,增进,美国,2025-04-08,1.000000
特朗普,质疑,中国,2025-04-08,1.000000
特朗普,认为有威胁,中国,2025-04-08,1.000000
拜登政府,增进,台积电,2025-04-08,1.000000
特朗普,增进,美国,2025-04-08,1.000000
特朗普,批评,中国,2025-04-08,1.000000
特朗普,批评,拜登政府,2025-04-08,1.000000
习近平,攻击,中国,2024-11-29,1.000000
习近平,认为非法,美国,2024-11-29,1.000000
习近平,认为有威胁,美国,2024-11-29,1.000000
美国,损害,中国,2024-11-29,1.000000
习近平,认为失败,美国,2024-11-29,1.000000
美国,攻击,中国,2024-11-29,1.000000
习近平,认为犯罪,美国,2024-11-29,1.000000
美国,威胁,中国,2024-11-29,1.000000
秋部长,认为优秀,台积电,2024-11-09,1.000000
J.W. 秋,担忧,台积电,2024-11-09,1.000000
J.W. 秋,质疑,台积电,2024-11-09,1.000000
TSMC,开始量产,芯片,2024-11-09,1.000000
TSMC,计划建设,N2工厂,2024-11-09,1.000000
台湾政府,规定,台积电,2024-11-09,1.000000
美国,增进,台积电,2025-04-16,1.000000
魏哲家,担忧,台积电,2025-04-16,1.000000
特朗普,质疑,英特尔,2025-04-16,1.000000
魏哲家,质疑,台积电,2025-04-16,1.000000
美国,视作英雄,美国,2025-04-16,1.000000
美国,支持,台积电,2025-04-16,1.000000
美国,主导,台积电,2025-04-16,1.000000
特朗普,支持,台积电,2025-03-11,1.000000
特朗普,威胁,美国,2025-03-11,1.000000
特朗普,损害,英特尔,2025-03-11,1.000000
台积电,增进,芯片,2025-03-11,1.000000
特朗普,认为可靠,台积电,2025-03-11,1.000000
特朗普,损害,英特尔,2025-03-11,1.000000
特朗普,批评,芯片,2025-01-03,1.000000
美国,主导,芯片,2025-01-03,1.000000
美国,批评,芯片,2025-01-03,1.000000
特朗普,质疑,芯片,2025-01-03,1.000000
特朗普,认为恐怖,芯片,2025-01-03,1.000000
特朗普,认为违规,芯片,2025-01-03,1.000000
美国,支持,芯片,2025-01-03,1.000000
TSMC,接受尽职调查,美国,2025-01-03,1.000000
美国,分发资金,TSMC,2025-01-03,1.000000
台积公司(TSMC),主导,美国,2024-11-13,1.000000
台积公司(TSMC),增进,美国,2024-11-13,1.000000
路透社,认为有威胁,美国,2024-11-13,1.000000
台积公司,增进,美国,2024-11-13,1.000000
杨金龙,认为有威胁,美国,2024-11-13,1.000000
台积公司,认可,美国,2024-11-13,1.000000
特朗普,认为有威胁,台湾,2024-11-13,1.000000
台积公司,担忧,美国,2024-11-13,1.000000
特朗普,质疑,半导体,2024-11-13,1.000000
台积公司(TSMC),担忧,美国,2024-11-13,1.000000
台积公司,主导,美国,2024-11-13,1.000000
台积公司(TSMC),认为失败,美国,2024-11-13,1.000000
杨金龙,担忧,美国,2024-11-13,1.000000
台积公司,支持,美国,2024-11-13,1.000000
路透社,认为非法,美国,2024-11-13,1.000000
特朗普,批评,半导体,2024-11-13,1.000000
杨金龙,认为非法,美国,2024-11-13,1.000000
美国,主导,贸易惩罚,2024-11-13,1.000000
台积公司,认为失败,美国,2024-11-13,1.000000
路透社,认为可靠,美国,2024-11-13,1.000000
台湾中央银行,担忧,美国,2024-11-13,1.000000
特朗普,担忧,美国,2024-11-13,1.000000
路透社,认为有危机,美国,2024-11-13,1.000000
特朗普,增进,新关税,2024-11-13,1.000000
特朗普,主导,《乔·罗根播客》,2024-11-13,1.000000
台积电,增进,美国,2025-04-07,1.000000
特朗普,主导,对等关税税率,2025-04-07,1.000000
特朗普,支持,对等关税税率,2025-04-07,1.000000
特朗普,认为恐怖,台积电,2025-04-07,1.000000
彭博社,认为有威胁,特朗普,2024-11-08,1.000000
路透社,认为有威胁,特朗普,2024-11-08,1.000000
美国,认为有威胁,特朗普,2024-11-08,1.000000
国会,认为有威胁,特朗普,2024-11-08,1.000000
美国,增进,半导体,2024-11-08,1.000000
美国,认为有威胁,特朗普,2024-11-08,1.000000
台积电,认为有威胁,特朗普,2024-11-08,1.000000
TSMC,获得拨款和贷款,美国,2024-11-08,1.000000
帕特·盖尔辛格,认为可靠,台积电,2025-03-27,1.000000
帕特·盖尔辛格,认为恐怖,特朗普,2025-03-27,1.000000
特朗普,认为有威胁,台积电,2025-03-27,1.000000
盖尔辛格,攻击,台积电,2025-03-27,1.000000
盖尔辛格,批评,台积电,2025-03-27,1.000000
盖尔辛格,认为有暴力,特朗普,2025-03-27,1.000000
特朗普,攻击,台积电,2025-03-27,1.000000
盖尔辛格,视作英雄,特朗普,2025-03-27,1.000000
盖尔辛格,威胁,台积电,2025-03-27,1.000000
特朗普,损害,台积电,2025-03-27,1.000000
盖尔辛格,欢迎,特朗普,2025-03-27,1.000000
盖尔辛格,相信,特朗普,2025-03-27,1.000000
特朗普,威胁,台积电,2025-03-27,1.000000
盖尔辛格,认为恐怖,特朗普,2025-03-27,1.000000
盖尔辛格,感到不满,特朗普,2025-03-27,1.000000
特朗普,认为有危机,关税,2025-03-27,1.000000
帕特·盖尔辛格,担忧,台积电,2025-03-27,1.000000
盖尔辛格,认为热情,特朗普,2025-03-27,1.000000
帕特·盖尔辛格,视作英雄,特朗普,2025-03-27,1.000000
帕特·盖尔辛格,认为有暴力,特朗普,2025-03-27,1.000000
美国,视作英雄,乔·拜登总统,2024-12-23,1.000000
TSMC,获得资金支持,美国,2024-12-23,1.000000
特朗普,担忧,关税和贸易政策,2025-04-25,1.000000
特朗普,认为优秀,台积电,2025-04-25,1.000000
Jim Cramer,认为违规,苹果,2024-11-03,1.000000
Jim Cramer,批评,苹果,2024-11-03,1.000000
Jim Cramer,喜欢,苹果,2024-11-03,1.000000
Jim Cramer,攻击,苹果,2024-11-03,1.000000
Jim Cramer,损害,苹果,2024-11-03,1.000000
Jim Cramer,质疑,苹果,2024-11-03,1.000000
Jim Cramer,认为有威胁,苹果,2024-11-03,1.000000
Jim Cramer,威胁,苹果,2024-11-03,1.000000
Jim Cramer,认为犯罪,苹果,2024-11-03,1.000000
Jim Cramer,相信,苹果,2024-11-03,1.000000
Jim Cramer,担忧,苹果,2024-11-03,1.000000
Jim Cramer,感到不满,苹果,2024-11-03,1.000000
Jim Cramer,认为恐怖,苹果,2024-11-03,1.000000
Jim Cramer,支持,苹果,2024-11-03,1.000000
Jim·塞默,认为有威胁,苹果,2024-11-03,1.000000
Jim·塞默,质疑,苹果,2024-11-03,1.000000
Jim·塞默,认可,台积电,2024-11-03,1.000000
Jim·塞默,认为违规,苹果,2024-11-03,1.000000
Jim·塞默,认为有威胁,台积电,2024-11-03,1.000000
Jim·塞默,感到不满,苹果,2024-11-03,1.000000
Jim·塞默,批评,苹果,2024-11-03,1.000000
Jim·塞默,担忧,苹果,2024-11-03,1.000000
Jim·塞默,担忧,台积电,2024-11-03,1.000000
Jim·塞默,威胁,台积电,2024-11-03,1.000000
特朗普,认为违规,芯片,2024-11-07,1.000000
特朗普,质疑,芯片,2024-11-07,1.000000
拜登政府,损害,台积电,2024-11-07,1.000000
特朗普,批评,芯片,2024-11-07,1.000000
特朗普,损害,芯片,2024-11-07,1.000000
特朗普,损害,芯片,2024-11-07,1.000000
特朗普,质疑,芯片,2024-11-07,1.000000
特朗普,批评,芯片,2024-11-07,1.000000
特朗普,主导,芯片,2024-11-07,1.000000
特朗普,欣赏,台积电,2025-04-16,1.000000
特朗普,认为可靠,台积电,2025-04-16,1.000000
特朗普,批评,芯片,2025-04-16,1.000000
特朗普,认为违规,芯片,2025-04-16,1.000000
特朗普,损害,台积电,2025-04-16,1.000000
特朗普,感到不满,台积电,2025-04-16,1.000000
特朗普,认为优秀,台积电,2025-04-16,1.000000
特朗普,质疑,台积电,2025-04-16,1.000000
特朗普,喜欢,台积电,2025-04-16,1.000000
美国,威胁,特朗普,2025-02-24,1.000000
美国,损害,特朗普,2025-02-24,1.000000
美国,认为有威胁,特朗普,2025-02-24,1.000000
特朗普,主导,对等关税税率,2025-04-07,1.000000
芯片,质疑,美国,2025-04-07,1.000000
特朗普,支持,对等关税税率,2025-04-07,1.000000
特朗普,质疑,美国,2025-04-07,1.000000
美国,支持,科技公司,2025-02-23,1.000000
美国,增进,本土生产,2025-02-23,1.000000
蒂姆·库克,支持,美国,2025-02-23,1.000000
特朗普,认为有危机,芯片,2025-03-04,1.000000
美国,威胁,芯片,2025-03-04,1.000000
特朗普,认为恐怖,芯片,2025-03-04,1.000000
特朗普,认为有危机,芯片,2025-03-04,1.000000
特朗普,认为有威胁,芯片,2025-03-04,1.000000
特朗普,认为有威胁,芯片,2025-03-04,1.000000
特朗普,担忧,芯片,2025-03-04,1.000000
美国,认为有威胁,芯片,2025-03-04,1.000000
特朗普,认为有威胁,芯片,2025-03-04,1.000000
特朗普,损害,芯片,2025-03-04,1.000000
特朗普,威胁,芯片,2025-03-04,1.000000
特朗普,威胁,芯片,2025-03-04,1.000000
特朗普,担忧,贸易政策,2025-04-25,1.000000
特朗普,担忧,半导体,2025-04-25,1.000000
台积电,认为优秀,苹果,2025-02-03,1.000000
《商业时报》,感到不满,台积电,2025-02-03,1.000000
《商业时报》,认为优秀,台积电,2025-02-03,1.000000
《商业时报》,批评,台积电,2025-02-03,1.000000
《商业时报》,担忧,台积电,2025-02-03,1.000000
《商业时报》,支持,台积电,2025-02-03,1.000000
《商业时报》,相信,台积电,2025-02-03,1.000000
《商业时报》,损害,台积电,2025-02-03,1.000000
《商业时报》,威胁,台积电,2025-02-03,1.000000
《商业时报》,认为恐怖,台积电,2025-02-03,1.000000
《商业时报》,认可,台积电,2025-02-03,1.000000
《商业时报》,质疑,台积电,2025-02-03,1.000000
TSMC,具有,先进技术,2024-11-24,1.000000
TSMC,作为竞争对手,Intel,2024-11-24,1.000000
路透社,支持,台积电,2025-03-02,1.000000
路透社,主导,台积电,2025-03-02,1.000000
特朗普,增进,用户体验,2025-03-02,1.000000
特朗普,批评,英特尔,2025-03-02,1.000000
路透社,增进,台积电,2025-03-02,1.000000
路透社,认可,台积电,2025-03-02,1.000000
路透社,认为优秀,台积电,2025-03-02,1.000000
路透社,相信,台积电,2025-03-02,1.000000
路透社,担忧,台积电,2025-03-02,1.000000
TSMC,宣布投资,美国,2025-03-02,1.000000
TSMC,计划建设,芯片,2025-03-02,1.000000
TSMC,预期创造,就业岗位,2025-03-02,1.000000
TSMC,转移生产,芯片,2025-03-02,1.000000
TSMC,讨论收购,英特尔工厂,2025-03-02,1.000000
TSMC,现有工厂,亚利桑那州,2025-03-02,1.000000
美国,担忧,台积电,2024-11-28,1.000000
美国,认为有危机,台积电,2024-11-28,1.000000
美国,主导,台积电,2024-11-28,1.000000
美国,批评,台积电,2024-11-28,1.000000
美国,欣赏,台积电,2024-11-28,1.000000
美国,认为违规,台积电,2024-11-28,1.000000
美国,认为犯罪,台积电,2024-11-28,1.000000
美国,支持,台积电,2024-11-28,1.000000
美国,感到不满,台积电,2024-11-28,1.000000
美国,认为非法,台积电,2024-11-28,1.000000
美国,认为有成就,台积电,2024-11-28,1.000000
美国,相信,台积电,2024-11-28,1.000000
美国,喜欢,台积电,2024-11-28,1.000000
美国,认为失败,台积电,2024-11-28,1.000000
美国,认为有暴力,台积电,2024-11-28,1.000000
美国,认为有威胁,台积电,2024-11-28,1.000000
美国,认为可靠,台积电,2024-11-28,1.000000
美国,认为缺乏,台积电,2024-11-28,1.000000
美国,认为热情,台积电,2024-11-28,1.000000
美国,质疑,台积电,2024-11-28,1.000000
美国,认为优秀,台积电,2024-11-28,1.000000
美国,认可,台积电,2024-11-28,1.000000
美国,增进,台积电,2024-11-28,1.000000
美国,认为恐怖,台积电,2024-11-28,1.000000
特朗普,增进,国内制造业,2024-11-18,1.000000
特朗普,认为非法,美国,2024-11-18,1.000000
TSMC,实现营收,630亿美元,2024-11-18,1.000000
TSMC,实现净利润,250亿美元,2024-11-18,1.000000
TSMC,控制运营费用,相对营收,2024-11-18,1.000000
TSMC,市盈率,30,2024-11-18,1.000000
美国,批准补贴,芯片,2024-11-18,1.000000
TSMC,市场份额,92%,2024-11-18,1.000000
TSMC,美国生产比例,4%,2024-11-18,1.000000
TSMC,建立工厂,美国,2024-11-18,1.000000
TSMC,投资,美国,2025-03-04,1.000000
CNA,担忧,台积电,2024-11-03,1.000000
苹果,主导,芯片,2024-11-03,1.000000
苹果,支持,芯片,2024-11-03,1.000000
Jim Cramer,认为违规,苹果,2024-11-03,1.000000
CNA,担忧,台积电,2024-11-03,1.000000
Jim Cramer,批评,苹果,2024-11-03,1.000000
Jim Cramer,攻击,苹果,2024-11-03,1.000000
Jim Cramer,损害,苹果,2024-11-03,1.000000
CNA,质疑,台积电,2024-11-03,1.000000
Jim Cramer,质疑,苹果,2024-11-03,1.000000
CNA,相信,台积电,2024-11-03,1.000000
Jim Cramer,认为有暴力,苹果,2024-11-03,1.000000
CNA,认为优秀,台积电,2024-11-03,1.000000
Jim Cramer,认为犯罪,苹果,2024-11-03,1.000000
Jim Cramer,感到不满,苹果,2024-11-03,1.000000
Jim Cramer,相信,苹果,2024-11-03,1.000000
Jim Cramer,担忧,苹果,2024-11-03,1.000000
Jim Cramer,认为有威胁,苹果,2024-11-03,1.000000
Jim Cramer,威胁,苹果,2024-11-03,1.000000
中央通讯社（CNA）,质疑,台积电,2024-11-03,1.000000
Jim Cramer,攻击,苹果,2024-11-03,1.000000
中央通讯社（CNA）,相信,台积电,2024-11-03,1.000000
中央通讯社（CNA）,认为有危机,台积电,2024-11-03,1.000000
中央通讯社（CNA）,批评,台积电,2024-11-03,1.000000
Jim Cramer,威胁,苹果,2024-11-03,1.000000
中央通讯社（CNA）,认为恐怖,台积电,2024-11-03,1.000000
Jim Cramer,担忧,苹果,2024-11-03,1.000000
Jim Cramer,感到不满,苹果,2024-11-03,1.000000
Jim Cramer,质疑,苹果,2024-11-03,1.000000
中央通讯社（CNA）,认可,台积电,2024-11-03,1.000000
中央通讯社（CNA）,认为优秀,台积电,2024-11-03,1.000000
中央通讯社（CNA）,感到不满,台积电,2024-11-03,1.000000
Jim Cramer,相信,苹果,2024-11-03,1.000000
Jim Cramer,认为有暴力,苹果,2024-11-03,1.000000
Jim Cramer,认为违规,苹果,2024-11-03,1.000000
中央通讯社（CNA）,担忧,台积电,2024-11-03,1.000000
Jim Cramer,批评,苹果,2024-11-03,1.000000
Jim Cramer,认为有威胁,苹果,2024-11-03,1.000000
中央通讯社（CNA）,质疑,台积电,2024-11-03,1.000000
中央通讯社（CNA）,担忧,台积电,2024-11-03,1.000000
中央通讯社（CNA）,相信,台积电,2024-11-03,1.000000
中央通讯社（CNA）,认为优秀,台积电,2024-11-03,1.000000
吉姆·克莱默,认为有威胁,苹果,2024-11-03,1.000000
美国,认为失败,贸易战,2024-12-28,1.000000
特朗普,认为违规,芯片,2024-11-07,1.000000
特朗普,批评,芯片,2024-11-07,1.000000
芯片,损害,芯片,2024-11-07,1.000000
特朗普,主导,芯片,2024-11-07,1.000000
特朗普,质疑,芯片,2024-11-07,1.000000
拜登政府,损害,台积电,2024-11-07,1.000000
特朗普,损害,芯片,2024-11-07,1.000000
特朗普,批评,芯片,2024-11-07,1.000000
特朗普,认为违规,芯片,2024-11-07,1.000000
特朗普,损害,芯片,2024-11-07,1.000000
特朗普,质疑,芯片,2024-11-07,1.000000
苹果,认可,芯片,2024-11-03,1.000000
苹果,主导,芯片,2024-11-03,1.000000
苹果,支持,芯片,2024-11-03,1.000000
美国,增进,经济基础,2025-02-23,1.000000
苹果,损害,苹果,2025-02-23,1.000000
蒂姆·库克,支持,美国,2025-02-23,1.000000
特朗普,增进,进口关税,2025-04-07,1.000000
TSMC,投资,美国,2025-04-07,1.000000
美国,增进,芯片,2024-11-27,1.000000
美国,认可,英特尔,2024-11-27,1.000000
美国,认为违规,英特尔,2024-11-27,1.000000
美国,增进,芯片,2024-11-27,1.000000
美国,质疑,英特尔,2024-11-27,1.000000
美国,认为违规,政府,2024-11-27,1.000000
美国,质疑,政府,2024-11-27,1.000000
美国,感到不满,英特尔,2024-11-27,1.000000
美国,批评,政府,2024-11-27,1.000000
美国,支持,英特尔,2024-11-27,1.000000
美国,认为优秀,英特尔,2024-11-27,1.000000
美国,相信,政府,2024-11-27,1.000000
美国,损害,英特尔,2024-11-27,1.000000
美国,认可,英特尔,2024-11-27,1.000000
特朗普,损害,台积电,2025-04-09,1.000000
特朗普,威胁,台积电,2025-04-09,1.000000
特朗普,认为有威胁,台积电,2025-04-09,1.000000
特朗普,认为失败,台积电,2025-04-09,1.000000
特朗普,认为有危机,台积电,2025-04-09,1.000000
魏哲家,认为有危机,台积电,2025-04-09,1.000000
特朗普,认为优秀,台积电,2025-04-09,1.000000
特朗普,攻击,台积电,2025-04-09,1.000000
中国,认为可靠,台湾,2025-04-12,1.000000
中国,认可,台湾,2025-04-12,1.000000
中国,认为恐怖,台湾,2025-04-12,1.000000
中国,认为有威胁,台湾,2025-04-12,1.000000
中国,认为非法,台湾,2025-04-12,1.000000
TSMC,生产的芯片不受,中国125%的关税,2025-04-12,1.000000
TSMC,生产的芯片不受,中国125%的关税,2025-04-12,1.000000
特朗普,喜欢,华盛顿红皮人队,2024-11-05,1.000000
特朗普,认为优秀,华盛顿红皮人队,2024-11-05,1.000000
白宫,欢迎,特朗普,2024-11-05,1.000000
TSMC,达成协议,美国,2024-11-05,1.000000
巴克莱银行,认为优秀,台积电,2025-03-05,1.000000
特朗普,认为有威胁,法案,2025-03-05,1.000000
特朗普,认为失败,美国,2025-03-05,1.000000
美国,增进,半导体,2025-03-05,1.000000
美国,支持,芯片,2025-03-05,1.000000
美国,主导,芯片,2025-03-05,1.000000
特朗普,批评,法案,2025-03-05,1.000000
特朗普,担忧,法案,2025-03-05,1.000000
特朗普,主导,芯片,2025-03-05,1.000000
特朗普,相信,法案,2025-03-05,1.000000
美国,质疑,法案,2025-03-05,1.000000
特朗普,质疑,法案,2025-03-05,1.000000
美国,视作英雄,特朗普,2025-03-05,1.000000
特朗普,质疑,法案,2025-03-05,1.000000
特朗普,认为失败,美国,2025-03-05,1.000000
特朗普,批评,芯片,2025-01-03,1.000000
美国,批评,芯片,2025-01-03,1.000000
特朗普,质疑,芯片,2025-01-03,1.000000
特朗普,认为恐怖,芯片,2025-01-03,1.000000
特朗普,认为违规,芯片,2025-01-03,1.000000
特朗普,批评,芯片,2025-01-03,1.000000
美国,主导,芯片,2025-01-03,1.000000
特朗普,认为非法,芯片,2025-01-03,1.000000
美国,批评,芯片,2025-01-03,1.000000
特朗普,质疑,芯片,2025-01-03,1.000000
特朗普,认为违规,芯片,2025-01-03,1.000000
特朗普,认为违规,芯片,2024-11-10,1.000000
特朗普,认为犯罪,芯片,2024-11-10,1.000000
特朗普,批评,芯片,2024-11-10,1.000000
马吉华,认为违规,美国,2024-11-10,1.000000
特朗普,批评,台积电,2024-11-10,1.000000
特朗普,欣赏,芯片,2024-11-10,1.000000
特朗普,认为有危机,台积电,2024-11-10,1.000000
特朗普,认为失败,台积电,2024-11-10,1.000000
特朗普,威胁,台积电,2024-11-10,1.000000
特朗普,认为优秀,台积电,2024-11-10,1.000000
马吉华,认为恐怖,台积电,2024-11-10,1.000000
《环球时报》,质疑,台积电,2024-11-10,1.000000
马吉华,认为优秀,台积电,2024-11-10,1.000000
特朗普,认为有威胁,台积电,2024-11-10,1.000000
特朗普,认可,芯片,2024-11-10,1.000000
特朗普,主导,芯片,2024-11-10,1.000000
特朗普,威胁,台积电,2024-11-10,1.000000
特朗普,担忧,台积电,2024-11-10,1.000000
美国,担忧,台积电,2024-11-10,1.000000
特朗普,质疑,台积电,2024-11-10,1.000000
特朗普,担忧,芯片,2024-11-10,1.000000
马吉华,认为非法,美国,2024-11-10,1.000000
特朗普,支持,芯片,2024-11-10,1.000000
特朗普,质疑,芯片,2024-11-10,1.000000
马吉华,质疑,台积电,2024-11-10,1.000000
特朗普,损害,台积电,2024-11-10,1.000000
特朗普,认为优秀,台积电,2024-11-10,1.000000
特朗普,认为犯罪,芯片,2024-11-10,1.000000
美国,质疑,台积电,2024-11-10,1.000000
美国,批评,台积电,2024-11-10,1.000000
特朗普,认可,台积电,2024-11-10,1.000000
特朗普,批评,芯片,2024-11-10,1.000000
特朗普,主导,台积电,2024-11-10,1.000000
特朗普,批评,台积电,2024-11-10,1.000000
马吉华,担忧,台积电,2024-11-10,1.000000
美国,认为失败,台积电,2024-11-10,1.000000
美国,认为违规,台积电,2024-11-10,1.000000
特朗普,支持,台积电,2024-11-10,1.000000
特朗普,认为违规,芯片,2024-11-10,1.000000
马吉华,批评,台积电,2024-11-10,1.000000
特朗普,担忧,台积电,2024-11-10,1.000000
特朗普,质疑,台积电,2024-11-10,1.000000
特朗普,质疑,芯片,2024-11-10,1.000000
特朗普,认为有威胁,台积电,2024-11-10,1.000000
台积公司,主导,美国,2024-11-09,1.000000
《台北时报》,视作英雄,特朗普,2024-11-09,1.000000
台积公司（TSMC）,主导,美国,2024-11-09,1.000000
台积公司（TSMC）,认为失败,美国,2024-11-09,1.000000
台积公司,增进,美国,2024-11-09,1.000000
美国,支持,台积公司,2024-11-09,1.000000
特朗普,认为违规,芯片,2024-11-10,1.000000
特朗普,批评,芯片,2024-11-10,1.000000
马吉华,认为违规,美国,2024-11-10,1.000000
特朗普,批评,台积电,2024-11-10,1.000000
马吉华,认为有威胁,美国,2024-11-10,1.000000
马吉华,认为优秀,台积电,2024-11-10,1.000000
美国,担忧,台积电,2024-11-10,1.000000
马吉华,认为非法,美国,2024-11-10,1.000000
马吉华,质疑,台积电,2024-11-10,1.000000
美国,增进,芯片,2024-11-10,1.000000
美国,质疑,台积电,2024-11-10,1.000000
美国,批评,台积电,2024-11-10,1.000000
特朗普,认可,台积电,2024-11-10,1.000000
马吉华,担忧,台积电,2024-11-10,1.000000
美国,认为失败,台积电,2024-11-10,1.000000
美国,认为违规,台积电,2024-11-10,1.000000
马吉华,批评,台积电,2024-11-10,1.000000
特朗普,担忧,台积电,2024-11-10,1.000000
特朗普,质疑,台积电,2024-11-10,1.000000
特朗普,质疑,芯片,2024-11-10,1.000000
特朗普,认为有威胁,台积电,2025-04-16,1.000000
伦敦证券交易所,认为优秀,台积电,2025-04-16,1.000000
特朗普,认可,台积电,2025-04-16,1.000000
白宫,主导,美国,2025-04-16,1.000000
伦敦证券交易所,质疑,台积电,2025-04-16,1.000000
特朗普,认为恐怖,台积电,2025-04-16,1.000000
特朗普,威胁,国家安全,2025-04-16,1.000000
特朗普,认为优秀,台积电,2025-04-16,1.000000
伦敦证券交易所,担忧,台积电,2025-04-16,1.000000
特朗普,质疑,台积电,2025-04-16,1.000000
特朗普,支持,台积电,2025-04-16,1.000000
伦敦证券交易所,认为有威胁,台积电,2025-04-16,1.000000
特朗普,损害,台积电,2025-04-16,1.000000
特朗普,威胁,台积电,2025-04-16,1.000000
伦敦证券交易所,批评,台积电,2025-04-16,1.000000
亚利桑那州,损害,台积电,2025-04-16,1.000000
伦敦证券交易所,认可,台积电,2025-04-16,1.000000
伦敦证券交易所,损害,台积电,2025-04-16,1.000000
特朗普,认为有威胁,台积电,2025-04-16,1.000000
特朗普,批评,台积电,2025-04-16,1.000000
特朗普,认可,台积电,2025-04-16,1.000000
特朗普,喜欢,台积电,2025-04-16,1.000000
特朗普,损害,台积电,2025-04-16,1.000000
特朗普,威胁,台积电,2025-04-16,1.000000
美国,认为有威胁,台积电,2025-04-16,1.000000
伦敦证券交易所,威胁,台积电,2025-04-16,1.000000
伦敦证券交易所,支持,台积电,2025-04-16,1.000000
伦敦证券交易所,认为可靠,台积电,2025-04-16,1.000000
特朗普,支持,台积电,2025-04-16,1.000000
特朗普,喜欢,台积电,2025-04-16,1.000000
特朗普,认为可靠,台积电,2025-04-16,1.000000
特朗普,欣赏,台积电,2025-04-16,1.000000
伦敦证券交易所,增进,台积电,2025-04-16,1.000000
伦敦证券交易所,认为缺乏,台积电,2025-04-16,1.000000
伦敦证券交易所,认为有危机,台积电,2025-04-16,1.000000
美国,威胁,台积电,2025-04-16,1.000000
伦敦证券交易所,认为恐怖,台积电,2025-04-16,1.000000
特朗普,欣赏,台积电,2025-04-16,1.000000
伦敦证券交易所,相信,台积电,2025-04-16,1.000000
特朗普,批评,芯片,2024-11-07,1.000000
台积电,视作英雄,特朗普,2024-11-07,1.000000
特朗普,批评,半导体,2024-11-07,1.000000
特朗普,主导,芯片,2024-11-07,1.000000
特朗普,质疑,芯片,2024-11-07,1.000000
拜登政府,损害,台积电,2024-11-07,1.000000
特朗普,损害,芯片,2024-11-07,1.000000
特朗普,批评,芯片,2024-11-07,1.000000
特朗普,主导,台积电,2024-11-07,1.000000
特朗普,认为违规,芯片,2024-11-07,1.000000
特朗普,批评,半导体,2024-11-07,1.000000
特朗普,损害,芯片,2024-11-07,1.000000
特朗普,担忧,半导体,2024-12-25,1.000000
Nvidia,欢迎,特朗普,2024-12-25,1.000000
台湾,损害,芯片,2024-12-25,1.000000
巴克莱,认为优秀,台积电,2024-12-25,1.000000
特朗普,损害,芯片,2024-12-25,1.000000
特朗普,相信,政府,2024-12-25,1.000000
彭博社,欢迎,台积电,2025-03-11,1.000000
路透社,欢迎,台积电,2025-03-11,1.000000
政府官员,支持,台积电,2025-03-11,1.000000
路透社,喜欢,台积电,2025-03-11,1.000000
路透社,质疑,特朗普,2025-03-11,1.000000
路透社,感到不满,特朗普,2025-03-11,1.000000
彭博社,喜欢,台积电,2025-03-11,1.000000
路透社,担忧,特朗普,2025-03-11,1.000000
政府官员,欢迎,台积电,2025-03-11,1.000000
政府官员,视作英雄,台积电,2025-03-11,1.000000
政府官员,欢迎,台积电,2025-03-11,1.000000
政府官员,感谢,台积电,2025-03-11,1.000000
政府官员,感到满意,台积电,2025-03-11,1.000000
政府官员,喜欢,台积电,2025-03-11,1.000000
台积电,损害,英特尔,2025-03-11,1.000000
特朗普,喜欢,台积电,2025-03-11,1.000000
彭博社,损害,台积电,2025-03-11,1.000000
特朗普,欢迎,台积电,2025-03-11,1.000000
政府官员,认可,台积电,2025-03-11,1.000000
美国,视作英雄,拜登总统,2025-03-02,1.000000
美国,欢迎,拜登总统,2025-03-02,1.000000
美国,喜欢,拜登总统,2025-03-02,1.000000
TSMC,视作英雄,拜登总统,2025-03-02,1.000000
美国,视作英雄,拜登总统,2025-03-02,1.000000
商务部发言人,支持,美国,2024-11-29,1.000000
美国,认为有危机,英特尔,2024-11-29,1.000000
商务部发言人,批评,美国,2024-11-29,1.000000
商务部发言人,相信,美国,2024-11-29,1.000000
商务部发言人,认可,美国,2024-11-29,1.000000
商务部发言人,质疑,美国,2024-11-29,1.000000
商务部发言人,担忧,美国,2024-11-29,1.000000
彭博社,相信,特朗普,2025-03-02,1.000000
彭博社,视作英雄,特朗普,2025-03-02,1.000000
彭博社,喜欢,特朗普,2025-03-02,1.000000
彭博社,欣赏,特朗普,2025-03-02,1.000000
彭博社,认为热情,特朗普,2025-03-02,1.000000
彭博社,支持,特朗普,2025-03-02,1.000000
彭博社,欢迎,特朗普,2025-03-02,1.000000
彭博社,质疑,特朗普,2025-03-02,1.000000
彭博社,认为优秀,特朗普,2025-03-02,1.000000
美国,攻击,台积电,2025-02-19,1.000000
布莱施茨,认为优秀,台积电,2025-02-19,1.000000
美国,认为有危机,台积电,2025-02-19,1.000000
布莱施茨,质疑,台积电,2025-02-19,1.000000
美国,损害,台积电,2025-02-19,1.000000
美国,认为有威胁,台积电,2025-02-19,1.000000
美国,威胁,台积电,2025-02-19,1.000000
美国,认为可靠,英特尔,2024-11-27,1.000000
美国,认为失败,英特尔,2024-11-27,1.000000
美国,认为有暴力,英特尔,2024-11-27,1.000000
美国,认为有成就,英特尔,2024-11-27,1.000000
美国,认为违规,英特尔,2024-11-27,1.000000
美国,喜欢,英特尔,2024-11-27,1.000000
美国,认为有危机,英特尔,2024-11-27,1.000000
美国,相信,英特尔,2024-11-27,1.000000
美国,认为有威胁,英特尔,2024-11-27,1.000000
美国,质疑,政府,2024-11-27,1.000000
美国,攻击,英特尔,2024-11-27,1.000000
美国,欣赏,英特尔,2024-11-27,1.000000
美国,认为恐怖,英特尔,2024-11-27,1.000000
美国,认为热情,英特尔,2024-11-27,1.000000
美国,认可,英特尔,2024-11-27,1.000000
美国,认为违规,政府,2024-11-27,1.000000
美国,感到不满,英特尔,2024-11-27,1.000000
美国,批评,政府,2024-11-27,1.000000
美国,威胁,英特尔,2024-11-27,1.000000
美国,支持,英特尔,2024-11-27,1.000000
美国,认为非法,英特尔,2024-11-27,1.000000
美国,认为优秀,英特尔,2024-11-27,1.000000
美国,相信,政府,2024-11-27,1.000000
美国,欢迎,外部投资者,2024-11-27,1.000000
美国,质疑,英特尔,2024-11-27,1.000000
美国,损害,英特尔,2024-11-27,1.000000
美国,认可,控制权变更,2024-11-27,1.000000
美国,认为缺乏,英特尔,2024-11-27,1.000000
美国,担忧,英特尔,2024-11-27,1.000000
美国,认为犯罪,英特尔,2024-11-27,1.000000
美国,增进,芯片,2024-11-27,1.000000
美国,主导,补贴,2024-11-27,1.000000
魏哲家,担忧,台积电,2025-04-17,1.000000
Gary Tan,认为优秀,台积电,2025-04-17,1.000000
Gary Tan,担忧,台积电,2025-04-17,1.000000
美国,视作英雄,特朗普,2025-04-16,1.000000
特朗普,质疑,英特尔,2025-04-16,1.000000
美国,认为优秀,英特尔,2025-04-02,1.000000
美国,增进,IDM 2.0战略,2025-04-02,1.000000
美国,支持,安排,2025-04-02,1.000000
美国,认可,安排,2025-04-02,1.000000
美国,认为优秀,英特尔,2025-04-02,1.000000
美国,认为有危机,这一合作关系,2025-04-02,1.000000
美国,认为失败,IDM 2.0战略,2025-04-02,1.000000
美国,认为有危机,IDM 2.0战略,2025-04-02,1.000000
美国,认为可靠,合作关系,2025-04-02,1.000000
特朗普,担忧,芯片,2024-11-07,1.000000
特朗普,认为违规,芯片,2024-11-07,1.000000
特朗普,认为违规,芯片,2024-11-07,1.000000
特朗普,质疑,芯片,2024-11-07,1.000000
台湾,损害,芯片,2024-11-07,1.000000
特朗普,批评,芯片,2024-11-07,1.000000
特朗普,批评,芯片,2024-11-07,1.000000
特朗普,质疑,芯片,2024-11-07,1.000000
特朗普,主导,芯片,2024-11-07,1.000000
特朗普,损害,台积电,2024-11-18,1.000000
特朗普,增进,制造业,2024-11-18,1.000000
特朗普,增进,国内制造业,2024-11-18,1.000000
TSMC,营收增长,630亿美元,2024-11-18,1.000000
TSMC,净利润增长,250亿美元,2024-11-18,1.000000
TSMC,投资,美国,2024-11-18,1.000000
TSMC,产能分布,美国,2024-11-18,1.000000
TSMC,占据市场份额,全球先进晶圆产能,2024-11-18,1.000000
TSMC,市盈率,30倍,2024-11-18,1.000000
C.C. Wei,质疑,台积电,2025-04-17,1.000000
特朗普,攻击,半导体,2025-04-17,1.000000
特朗普,认为优秀,台积电,2025-04-17,1.000000
特朗普,威胁,半导体,2025-04-17,1.000000
台积电,认为缺乏,人工智能应用需求,2025-04-17,1.000000
特朗普,认为有威胁,半导体,2025-04-17,1.000000
C.C. Wei,担忧,台积电,2025-04-17,1.000000
特朗普,认为犯罪,半导体,2025-04-17,1.000000
特朗普,质疑,台积电,2025-04-17,1.000000
Gary Tan,担忧,台积电,2025-04-17,1.000000
特朗普,认为有危机,半导体,2025-04-17,1.000000
特朗普,担忧,半导体,2025-04-17,1.000000
特朗普,认为违规,半导体,2025-04-17,1.000000
TSMC,给出展望,2024年,2025-04-17,1.000000
TSMC,预测,芯片,2025-04-17,1.000000
TSMC,宣布投资,美国,2025-04-17,1.000000
TSMC,表示,关税谈判,2025-04-17,1.000000
TSMC,否认,与英特尔合资,2025-04-17,1.000000
TSMC,公布,资本支出,2025-04-17,1.000000
TSMC,预期,营收,2025-04-17,1.000000
TSMC,公布,全年营收,2025-04-17,1.000000
TSMC,净利润,111亿美元,2025-04-17,1.000000
TSMC,营收下降,中国市场,2025-04-17,1.000000
TSMC,计划,美国,2025-04-17,1.000000
TSMC,股价下跌,外资抛售,2025-04-17,1.000000
特朗普,欣赏,英伟达,2025-04-15,1.000000
特朗普,增进,贸易政策,2025-04-15,1.000000
特朗普,批评,芯片,2025-04-15,1.000000
特朗普,认为违规,芯片,2025-04-15,1.000000
特朗普,损害,台积电,2025-04-15,1.000000
特朗普,担忧,芯片,2025-04-15,1.000000
特朗普,认为热情,英伟达,2025-04-15,1.000000
特朗普,认为优秀,台积电,2025-04-15,1.000000
特朗普,喜欢,英伟达,2025-04-15,1.000000
特朗普,认为优秀,英伟达,2025-04-15,1.000000
特朗普,喜欢,台积电,2025-04-15,1.000000
特朗普,质疑,芯片,2025-04-15,1.000000
特朗普,批评,芯片,2024-11-06,1.000000
特朗普,视作英雄,乔·拉戈,2024-11-06,1.000000
特朗普,主导,芯片,2024-11-06,1.000000
特朗普,认为恐怖,芯片,2024-11-06,1.000000
特朗普,担忧,芯片,2024-11-06,1.000000
美国,增进,半导体,2024-11-06,1.000000
特朗普,欢迎,乔·拉戈,2024-11-06,1.000000
特朗普,认为违规,芯片,2024-11-06,1.000000
特朗普,认为犯罪,芯片,2024-11-06,1.000000
特朗普,欣赏,芯片,2024-11-06,1.000000
特朗普,认为违规,芯片,2024-11-06,1.000000
特朗普,认为非法,芯片,2024-11-06,1.000000
特朗普,认为失败,芯片,2024-11-06,1.000000
特朗普,相信,芯片,2024-11-06,1.000000
特朗普,批评,芯片,2024-11-06,1.000000
特朗普,质疑,芯片,2024-11-06,1.000000
特朗普,感到不满,芯片,2024-11-06,1.000000
特朗普,主导,芯片,2024-11-06,1.000000
特朗普,认为有暴力,芯片,2024-11-06,1.000000
特朗普,认为犯罪,芯片,2024-11-06,1.000000
特朗普,认为非法,芯片,2024-11-06,1.000000
特朗普,认为失败,芯片,2024-11-06,1.000000
特朗普,威胁,芯片,2024-11-06,1.000000
特朗普,质疑,芯片,2024-11-06,1.000000
特朗普,认为有暴力,芯片,2024-11-06,1.000000
特朗普,认为有威胁,芯片,2024-11-06,1.000000
特朗普,认可,芯片,2024-11-06,1.000000
特朗普,感到满意,芯片,2024-11-06,1.000000
特朗普,认为恐怖,芯片,2024-11-06,1.000000
特朗普,担忧,芯片,2024-11-06,1.000000
波森,担忧,特朗普,2024-11-06,1.000000
TSMC,毛利率扩大,57.8%,2024-11-06,1.000000
TSMC,股价上涨,90%,2024-11-06,1.000000
TSMC,股价上涨,3.97%,2024-11-06,1.000000
道明财富,欣赏,台积电,2025-04-25,1.000000
杰弗里·塞莱,认可,台积电,2025-04-25,1.000000
道明财富,喜欢,台积电,2025-04-25,1.000000
道明财富,支持,台积电,2025-04-25,1.000000
特朗普,增进,贸易政策,2025-04-25,1.000000
道明财富,主导,台积电,2025-04-25,1.000000
道明财富,相信,台积电,2025-04-25,1.000000
特朗普,认为优秀,台积电,2025-04-25,1.000000
道明财富,认可,台积电,2025-04-25,1.000000
特朗普,喜欢,台积电,2025-04-25,1.000000
道明财富,认为优秀,台积电,2025-04-25,1.000000
特朗普,认为有威胁,贸易政策,2025-04-25,1.000000
道明财富,认为可靠,台积电,2025-04-25,1.000000
道明财富,担忧,台积电,2025-04-25,1.000000
道明财富,认为恐怖,台积电,2025-04-25,1.000000
美国,威胁,半导体,2025-04-17,1.000000
魏哲家,担忧,台积电,2025-04-17,1.000000
魏哲家,批评,台积电,2025-04-17,1.000000
Gary Tan,担忧,台积电,2025-04-17,1.000000
美国,认为有威胁,半导体,2025-04-17,1.000000
魏哲家,质疑,台积电,2025-04-17,1.000000
美国,担忧,半导体,2025-04-17,1.000000
美国,损害,半导体,2025-04-17,1.000000
美国,攻击,半导体,2025-04-17,1.000000
特朗普,视作英雄,美国,2025-03-31,1.000000
德国,损害,台积电,2025-04-15,1.000000
亚利桑那州,损害,台积电,2025-04-15,1.000000
日本,损害,台积电,2025-04-15,1.000000
德国,增进,台积电,2025-04-15,1.000000
美国,支持,台湾积体电路,2024-11-29,1.000000
美国,增进,智能手机市场,2024-11-29,1.000000
美国,损害,中国,2024-11-29,1.000000
习近平,认为有威胁,中国,2024-11-29,1.000000
美国,认可,台湾积体电路,2024-11-29,1.000000
美国,威胁,中国,2024-11-29,1.000000
美国,主导,授予台湾积体电路,2024-11-29,1.000000
美国,攻击,中国,2024-11-29,1.000000
台湾政府,制定政策,台积电,2024-11-29,1.000000
台积电,开始,芯片,2024-11-29,1.000000
台积电,开始,芯片,2024-11-29,1.000000
台积电,建设,亚利桑那州,2024-11-29,1.000000
台积电,开始,芯片,2024-11-29,1.000000
AMD,使用,台积电,2024-11-29,1.000000
美国,提供,66亿美元补贴,2024-11-29,1.000000
美国,认为缺乏,半导体,2025-04-14,1.000000
美国,增进,半导体,2025-04-14,1.000000
特朗普,认为违规,台积电,2024-11-10,1.000000
《环球时报》,认为有威胁,美国,2024-11-10,1.000000
特朗普,认为违规,芯片,2024-11-10,1.000000
马吉华,认为有威胁,台积电,2024-11-10,1.000000
特朗普,批评,芯片,2024-11-10,1.000000
特朗普,批评,台积电,2024-11-10,1.000000
特朗普,欣赏,台积电,2024-11-10,1.000000
特朗普,认为恐怖,台积电,2024-11-10,1.000000
特朗普,威胁,台积电,2024-11-10,1.000000
特朗普,认为优秀,台积电,2024-11-10,1.000000
马吉华,认为恐怖,台积电,2024-11-10,1.000000
《环球时报》,质疑,台积电,2024-11-10,1.000000
马吉华,认为有威胁,美国,2024-11-10,1.000000
特朗普,感到不满,台积电,2024-11-10,1.000000
马吉华,认为优秀,台积电,2024-11-10,1.000000
美国,认可,台积电,2024-11-10,1.000000
特朗普,认可,台积电,2024-11-10,1.000000
特朗普,主导,芯片,2024-11-10,1.000000
特朗普,担忧,台积电,2024-11-10,1.000000
美国,担忧,台积电,2024-11-10,1.000000
特朗普,质疑,台积电,2024-11-10,1.000000
马吉华,质疑,台积电,2024-11-10,1.000000
特朗普,认为犯罪,台积电,2024-11-10,1.000000
特朗普,认为优秀,台积电,2024-11-10,1.000000
特朗普,认为犯罪,芯片,2024-11-10,1.000000
美国,质疑,台积电,2024-11-10,1.000000
美国,批评,台积电,2024-11-10,1.000000
特朗普,批评,芯片,2024-11-10,1.000000
特朗普,主导,芯片,2024-11-10,1.000000
特朗普,批评,台积电,2024-11-10,1.000000
马吉华,担忧,台积电,2024-11-10,1.000000
美国,认为失败,台积电,2024-11-10,1.000000
美国,认为违规,台积电,2024-11-10,1.000000
特朗普,认为违规,芯片,2024-11-10,1.000000
马吉华,批评,台积电,2024-11-10,1.000000
特朗普,认为违规,台积电,2024-11-10,1.000000
特朗普,担忧,台积电,2024-11-10,1.000000
特朗普,质疑,台积电,2024-11-10,1.000000
特朗普,认为有威胁,台积电,2024-11-10,1.000000
特朗普,认为违规,台积电,2024-11-10,1.000000
马继华,认为恐怖,台积电,2024-11-10,1.000000
特朗普,认为违规,芯片,2024-11-10,1.000000
马继华,认为有威胁,美国,2024-11-10,1.000000
马继华,认可,台积电,2024-11-10,1.000000
特朗普,批评,台积电,2024-11-10,1.000000
马继华,感到不满,台积电,2024-11-10,1.000000
马继华,认为非法,美国,2024-11-10,1.000000
马继华,认为优秀,台积电,2024-11-10,1.000000
马继华,质疑,台积电,2024-11-10,1.000000
美国,认可,台积电,2024-11-10,1.000000
特朗普,认为有威胁,台积电,2024-11-10,1.000000
马继华,认为可靠,台积电,2024-11-10,1.000000
特朗普,威胁,台积电,2024-11-10,1.000000
美国,担忧,台积电,2024-11-10,1.000000
马继华,担忧,台积电,2024-11-10,1.000000
马继华,认为失败,台积电,2024-11-10,1.000000
马继华,认为有危机,台积电,2024-11-10,1.000000
马继华,认为违规,台积电,2024-11-10,1.000000
美国,质疑,台积电,2024-11-10,1.000000
美国,批评,台积电,2024-11-10,1.000000
马继华,批评,台积电,2024-11-10,1.000000
美国,认为违规,台积电,2024-11-10,1.000000
特朗普,担忧,台积电,2024-11-10,1.000000
特朗普,质疑,台积电,2024-11-10,1.000000
特朗普,认为违规,芯片,2024-11-10,1.000000
特朗普,认为犯罪,芯片,2024-11-10,1.000000
特朗普,批评,芯片,2024-11-10,1.000000
特朗普,批评,台积电,2024-11-10,1.000000
马继华,认为违规,美国,2024-11-10,1.000000
马继华,认为优秀,台积电,2024-11-10,1.000000
马继华,质疑,台积电,2024-11-10,1.000000
特朗普,认为有威胁,台积电,2024-11-10,1.000000
特朗普,威胁,台积电,2024-11-10,1.000000
美国,担忧,台积电,2024-11-10,1.000000
马继华,担忧,台积电,2024-11-10,1.000000
标普全球市场情报公司,质疑,台积电,2024-11-10,1.000000
特朗普,认为优秀,台积电,2024-11-10,1.000000
美国,质疑,台积电,2024-11-10,1.000000
特朗普,增进,芯片,2024-11-10,1.000000
美国,批评,台积电,2024-11-10,1.000000
特朗普,主导,芯片,2024-11-10,1.000000
美国,认为失败,台积电,2024-11-10,1.000000
美国,认为违规,台积电,2024-11-10,1.000000
特朗普,担忧,台积电,2024-11-10,1.000000
特朗普,质疑,台积电,2024-11-10,1.000000
特朗普,认为违规,芯片,2024-11-10,1.000000
马继华,认为有威胁,美国,2024-11-10,1.000000
《经济日报》,支持,台积电,2024-11-10,1.000000
特朗普,批评,芯片,2024-11-10,1.000000
马继华,增进,美国,2024-11-10,1.000000
芯片,批评,台积电,2024-11-10,1.000000
《经济日报》,质疑,台积电,2024-11-10,1.000000
《环球时报》,质疑,台积电,2024-11-10,1.000000
马继华,质疑,台积电,2024-11-10,1.000000
美国,认可,台积电,2024-11-10,1.000000
《经济日报》,相信,台积电,2024-11-10,1.000000
美国,担忧,台积电,2024-11-10,1.000000
特朗普,质疑,台积电,2024-11-10,1.000000
马继华,担忧,台积电,2024-11-10,1.000000
《经济日报》,认为恐怖,台积电,2024-11-10,1.000000
美国,质疑,台积电,2024-11-10,1.000000
美国,批评,台积电,2024-11-10,1.000000
特朗普,批评,芯片,2024-11-10,1.000000
特朗普,批评,台积电,2024-11-10,1.000000
美国,认为失败,台积电,2024-11-10,1.000000
美国,认为违规,台积电,2024-11-10,1.000000
《经济日报》,认可,台积电,2024-11-10,1.000000
《经济日报》,欣赏,台积电,2024-11-10,1.000000
《经济日报》,主导,台积电,2024-11-10,1.000000
特朗普,质疑,台积电,2024-11-10,1.000000
《经济日报》,认为优秀,台积电,2024-11-10,1.000000
芯片,质疑,台积电,2024-11-10,1.000000
美国,增进,半导体,2024-11-06,1.000000
台积电,增进,半导体,2024-11-06,1.000000
特朗普,主导,半导体,2025-04-15,1.000000
马克·赫塞尔林克,增进,美国,2025-04-15,1.000000
特朗普,认为违规,台积电,2024-11-10,1.000000
美国,认为有威胁,台积电,2024-11-10,1.000000
特朗普,认为违规,芯片,2024-11-10,1.000000
马继华,认为有威胁,美国,2024-11-10,1.000000
特朗普,批评,台积电,2024-11-10,1.000000
特朗普,认为有危机,台积电,2024-11-10,1.000000
《环球时报》,质疑,台积电,2024-11-10,1.000000
特朗普,认为恐怖,台积电,2024-11-10,1.000000
马继华,认为优秀,台积电,2024-11-10,1.000000
马继华,质疑,台积电,2024-11-10,1.000000
美国,认可,台积电,2024-11-10,1.000000
特朗普,认为有威胁,台积电,2024-11-10,1.000000
特朗普,威胁,台积电,2024-11-10,1.000000
《环球时报》,批评,台积电,2024-11-10,1.000000
美国,担忧,台积电,2024-11-10,1.000000
马继华,担忧,台积电,2024-11-10,1.000000
美国,质疑,台积电,2024-11-10,1.000000
特朗普,欣赏,台积电,2024-11-10,1.000000
特朗普,认为优秀,台积电,2024-11-10,1.000000
美国,质疑,台积电,2024-11-10,1.000000
美国,增进,芯片,2024-11-10,1.000000
美国,批评,台积电,2024-11-10,1.000000
特朗普,认可,台积电,2024-11-10,1.000000
马继华,批评,台积电,2024-11-10,1.000000
特朗普,主导,台积电,2024-11-10,1.000000
特朗普,感到不满,台积电,2024-11-10,1.000000
特朗普,认为可靠,台积电,2024-11-10,1.000000
美国,认为违规,台积电,2024-11-10,1.000000
美国,认为失败,台积电,2024-11-10,1.000000
特朗普,认为有暴力,台积电,2024-11-10,1.000000
特朗普,认为有成就,台积电,2024-11-10,1.000000
彼得·温宁克,批评,台积电,2024-11-10,1.000000
马继华,认为违规,美国,2024-11-10,1.000000
特朗普,担忧,台积电,2024-11-10,1.000000
特朗普,质疑,台积电,2024-11-10,1.000000
美国,认为有危机,台积电,2024-11-10,1.000000
特朗普,认为失败,台积电,2024-11-10,1.000000
美国,感谢,分享,2025-01-16,1.000000
美国,欢迎,特朗普,2025-01-16,1.000000
美国,增进,台积电,2025-01-16,1.000000
中国,欢迎,赖清德,2025-01-16,1.000000
特朗普,认为恐怖,芯片,2024-11-05,1.000000
乔·罗根,质疑,特朗普,2024-11-05,1.000000
乔·罗根,感到不满,特朗普,2024-11-05,1.000000
共和党,视作英雄,特朗普,2024-11-05,1.000000
特朗普,认为失败,芯片,2024-11-05,1.000000
特朗普,担忧,拜登政府,2024-11-05,1.000000
乔·罗根,认为有暴力,特朗普,2024-11-05,1.000000
乔·罗根,认为恐怖,特朗普,2024-11-05,1.000000
特朗普,认为有危机,芯片,2024-11-05,1.000000
乔·罗根,认为热情,特朗普,2024-11-05,1.000000
美国,担忧,拨款发放进度,2024-11-05,1.000000
特朗普,认为违规,芯片,2024-11-05,1.000000
乔·罗根,批评,特朗普,2024-11-05,1.000000
特朗普,认为有暴力,芯片,2024-11-05,1.000000
特朗普,视作英雄,乔·罗根,2024-11-05,1.000000
特朗普,认为违规,台积电,2024-11-10,1.000000
美国,认为有威胁,台积电,2024-11-10,1.000000
特朗普,认为违规,芯片,2024-11-10,1.000000
马继华,认为有威胁,美国,2024-11-10,1.000000
特朗普,批评,芯片,2024-11-10,1.000000
特朗普,批评,台积电,2024-11-10,1.000000
特朗普,认为有危机,台积电,2024-11-10,1.000000
美国,认为非法,台积电,2024-11-10,1.000000
特朗普,认为优秀,台积电,2024-11-10,1.000000
特朗普,认为恐怖,台积电,2024-11-10,1.000000
马继华,认为优秀,台积电,2024-11-10,1.000000
马继华,质疑,台积电,2024-11-10,1.000000
美国,认可,台积电,2024-11-10,1.000000
特朗普,认为有威胁,台积电,2024-11-10,1.000000
美国,感到不满,台积电,2024-11-10,1.000000
特朗普,威胁,台积电,2024-11-10,1.000000
特朗普,担忧,台积电,2024-11-10,1.000000
美国,担忧,台积电,2024-11-10,1.000000
特朗普,质疑,台积电,2024-11-10,1.000000
马继华,担忧,台积电,2024-11-10,1.000000
马继华,认为违规,台积电,2024-11-10,1.000000
特朗普,认为优秀,台积电,2024-11-10,1.000000
特朗普,损害,台积电,2024-11-10,1.000000
美国,质疑,台积电,2024-11-10,1.000000
美国,批评,台积电,2024-11-10,1.000000
特朗普,认可,台积电,2024-11-10,1.000000
特朗普,批评,芯片,2024-11-10,1.000000
马继华,批评,台积电,2024-11-10,1.000000
特朗普,主导,台积电,2024-11-10,1.000000
特朗普,感到不满,台积电,2024-11-10,1.000000
特朗普,批评,台积电,2024-11-10,1.000000
特朗普,认为可靠,台积电,2024-11-10,1.000000
美国,认为违规,台积电,2024-11-10,1.000000
特朗普,支持,台积电,2024-11-10,1.000000
特朗普,认为违规,芯片,2024-11-10,1.000000
美国,认为失败,台积电,2024-11-10,1.000000
特朗普,担忧,台积电,2024-11-10,1.000000
特朗普,质疑,台积电,2024-11-10,1.000000
美国,认为有危机,台积电,2024-11-10,1.000000
美国,支持,芯片,2024-11-10,1.000000
《环球时报》,认为有威胁,美国,2024-11-10,1.000000
特朗普,认为失败,台积电,2024-11-10,1.000000
特朗普,认为违规,台积电,2024-11-10,1.000000
特朗普,认为违规,芯片,2024-11-10,1.000000
特朗普,批评,台积电,2024-11-10,1.000000
马继华,认可,台积电,2024-11-10,1.000000
特朗普,认为有危机,台积电,2024-11-10,1.000000
特朗普,认为恐怖,台积电,2024-11-10,1.000000
马继华,认为优秀,台积电,2024-11-10,1.000000
马继华,质疑,台积电,2024-11-10,1.000000
特朗普,认为有威胁,台积电,2024-11-10,1.000000
马继华,认为可靠,台积电,2024-11-10,1.000000
特朗普,威胁,台积电,2024-11-10,1.000000
美国,担忧,台积电,2024-11-10,1.000000
马继华,担忧,台积电,2024-11-10,1.000000
特朗普,欣赏,台积电,2024-11-10,1.000000
马继华,认为违规,台积电,2024-11-10,1.000000
特朗普,认为优秀,台积电,2024-11-10,1.000000
特朗普,损害,台积电,2024-11-10,1.000000
美国,质疑,台积电,2024-11-10,1.000000
美国,批评,台积电,2024-11-10,1.000000
特朗普,认可,台积电,2024-11-10,1.000000
马继华,批评,台积电,2024-11-10,1.000000
特朗普,主导,台积电,2024-11-10,1.000000
特朗普,感到不满,台积电,2024-11-10,1.000000
特朗普,认为可靠,台积电,2024-11-10,1.000000
美国,认为违规,台积电,2024-11-10,1.000000
特朗普,支持,台积电,2024-11-10,1.000000
美国,认为失败,台积电,2024-11-10,1.000000
特朗普,认为有暴力,台积电,2024-11-10,1.000000
特朗普,担忧,台积电,2024-11-10,1.000000
特朗普,质疑,台积电,2024-11-10,1.000000
特朗普,认为失败,台积电,2024-11-10,1.000000
美国,认为有威胁,台积电,2024-11-10,1.000000
特朗普,认为违规,芯片,2024-11-10,1.000000
特朗普,认为犯罪,芯片,2024-11-10,1.000000
马继华,认为有威胁,美国,2024-11-10,1.000000
《经济日报》,支持,台积电,2024-11-10,1.000000
特朗普,批评,台积电,2024-11-10,1.000000
美国,认为优秀,台积电,2024-11-10,1.000000
马继华,认为优秀,台积电,2024-11-10,1.000000
马继华,质疑,台积电,2024-11-10,1.000000
美国,认可,台积电,2024-11-10,1.000000
特朗普,认为有威胁,台积电,2024-11-10,1.000000
美国,感到不满,台积电,2024-11-10,1.000000
美国,担忧,台积电,2024-11-10,1.000000
马继华,担忧,台积电,2024-11-10,1.000000
标普全球市场情报公司,质疑,台积电,2024-11-10,1.000000
特朗普,欣赏,台积电,2024-11-10,1.000000
特朗普,认为优秀,台积电,2024-11-10,1.000000
美国,质疑,台积电,2024-11-10,1.000000
美国,批评,台积电,2024-11-10,1.000000
特朗普,认可,台积电,2024-11-10,1.000000
特朗普,主导,台积电,2024-11-10,1.000000
美国,认为失败,台积电,2024-11-10,1.000000
美国,认为违规,台积电,2024-11-10,1.000000
特朗普,担忧,台积电,2024-11-10,1.000000
特朗普,质疑,台积电,2024-11-10,1.000000
美国,认为有危机,台积电,2024-11-10,1.000000
马继华,认为有威胁,美国,2024-11-10,1.000000
特朗普,批评,台积电,2024-11-10,1.000000
芯片,批评,台积电,2024-11-10,1.000000
《环球时报》,质疑,台积电,2024-11-10,1.000000
马继华,认为优秀,台积电,2024-11-10,1.000000
马继华,质疑,台积电,2024-11-10,1.000000
美国,认可,台积电,2024-11-10,1.000000
美国,担忧,台积电,2024-11-10,1.000000
马继华,担忧,台积电,2024-11-10,1.000000
美国,质疑,台积电,2024-11-10,1.000000
美国,批评,台积电,2024-11-10,1.000000
马继华,批评,台积电,2024-11-10,1.000000
芯片,认为优秀,台积电,2024-11-10,1.000000
美国,认为失败,台积电,2024-11-10,1.000000
美国,认为违规,台积电,2024-11-10,1.000000
马继华,认为违规,美国,2024-11-10,1.000000
特朗普,担忧,台积电,2024-11-10,1.000000
特朗普,质疑,台积电,2024-11-10,1.000000
芯片,质疑,台积电,2024-11-10,1.000000
特朗普,认为有危机,台湾,2025-02-13,1.000000
特朗普,批评,台湾,2025-02-13,1.000000
特朗普,质疑,台湾,2025-02-13,1.000000
特朗普,增进,美国,2025-02-13,1.000000
特朗普,主导,国家安全委员会会议,2025-02-13,1.000000
特朗普,批评,台湾,2025-02-13,1.000000
台湾高级安全官员,担忧,台积电,2025-02-13,1.000000
特朗普,担忧,台湾,2025-02-13,1.000000
特朗普,感到不满,台湾,2025-02-13,1.000000
中国,威胁,台湾,2025-02-13,1.000000
特朗普,认为恐怖,台湾,2025-02-13,1.000000
特朗普,质疑,台湾,2025-02-13,1.000000
台湾高级安全官员,质疑,台积电,2025-02-13,1.000000
特朗普,认为违规,台湾,2025-02-13,1.000000
台湾高级安全官员,认可,台积电,2025-02-13,1.000000
特朗普,主导,国家安全委员会会议,2025-02-13,1.000000
特朗普,认为有威胁,台湾,2025-02-13,1.000000
赖清德,认为有威胁,台湾,2025-02-13,1.000000
特朗普,批评,台湾,2025-02-13,1.000000
特朗普,认为有暴力,台湾,2025-02-13,1.000000
特朗普,损害,台湾,2025-02-13,1.000000
特朗普,威胁,台湾,2025-02-13,1.000000
赖清德,担忧,特朗普,2025-02-13,1.000000
赖清德,质疑,台湾,2025-02-13,1.000000
台湾高级安全官员,批评,台积电,2025-02-13,1.000000
赖清德,认可,台湾,2025-02-13,1.000000
特朗普,认为可靠,台湾,2025-02-13,1.000000
特朗普,主导,国家安全委员会会议,2025-02-13,1.000000
特朗普,质疑,台湾,2025-02-13,1.000000
赖清德,认为可靠,美国,2025-02-13,1.000000
赖清德,认为可靠,台湾,2025-02-13,1.000000
赖清德,威胁,台湾,2025-02-13,1.000000
TSMC,投资,美国,2025-02-13,1.000000
TSMC,股价下跌,2.8%,2025-02-13,1.000000
台湾政府,协助,TSMC,2025-02-13,1.000000
特朗普,威胁,台湾,2024-11-11,1.000000
Phelix Lee,认为可靠,台积电,2024-11-11,1.000000
Phelix Lee,认为恐怖,台积电,2024-11-11,1.000000
Phelix Lee,认为失败,台积电,2024-11-11,1.000000
Phelix Lee,认为有危机,台积电,2024-11-11,1.000000
特朗普,攻击,台湾,2024-11-11,1.000000
Phelix Lee,增进,台积电,2024-11-11,1.000000
Phelix Lee,担忧,台积电,2024-11-11,1.000000
Phelix Lee,认为有威胁,台积电,2024-11-11,1.000000
特朗普,损害,台湾,2024-11-11,1.000000
特朗普,认为违规,芯片,2024-11-07,1.000000
特朗普,批评,芯片,2024-11-07,1.000000
Needham,认可,苹果,2024-11-07,1.000000
特朗普,批评,半导体,2024-11-07,1.000000
Needham,认为可靠,苹果,2024-11-07,1.000000
Needham,质疑,苹果,2024-11-07,1.000000
特朗普,主导,芯片,2024-11-07,1.000000
特朗普,质疑,芯片,2024-11-07,1.000000
Needham,担忧,苹果,2024-11-07,1.000000
特朗普,损害,芯片,2024-11-07,1.000000
特朗普,批评,芯片,2024-11-07,1.000000
特朗普,认为违规,芯片,2024-11-07,1.000000
特朗普,批评,半导体,2024-11-07,1.000000
特朗普,质疑,芯片,2024-11-07,1.000000
特朗普,增进,国内制造业,2024-11-18,1.000000
特朗普,增进,国内制造业,2024-11-18,1.000000
芯片,增进,芯片,2024-11-18,1.000000
特朗普,增进,国内制造业,2024-11-18,1.000000
亚利桑那州,主导,台积电,2024-11-18,1.000000
特朗普,威胁,台积电,2024-11-18,1.000000
特朗普,损害,台积电,2024-11-18,1.000000
美国,担忧,这一情况,2024-11-18,1.000000
特朗普,增进,制造业,2024-11-18,1.000000
特朗普,攻击,中国,2024-11-18,1.000000
特朗普,损害,台积电,2024-11-18,1.000000
Ge尔辛格,认为恐怖,特朗普,2025-03-27,1.000000
帕特·Ge尔辛格,认为失败,台积电,2025-03-27,1.000000
帕特·Ge尔辛格,认为恐怖,特朗普,2025-03-27,1.000000
帕特·Ge尔辛格,感到不满,特朗普,2025-03-27,1.000000
Ge尔辛格,感到不满,特朗普,2025-03-27,1.000000
帕特·Ge尔辛格,认为犯罪,特朗普,2025-03-27,1.000000
Ge尔辛格,担忧,特朗普,2025-03-27,1.000000
芯片,批评,台积电,2025-03-27,1.000000
Ge尔辛格,质疑,特朗普,2025-03-27,1.000000
特朗普,威胁,征收关税,2025-03-27,1.000000
Ge尔辛格,认为违规,特朗普,2025-03-27,1.000000
《金融时报》,质疑,台积电,2025-03-27,1.000000
Ge尔辛格,认为有威胁,特朗普,2025-03-27,1.000000
帕特·Ge尔辛格,认为违规,特朗普,2025-03-27,1.000000
Ge尔辛格,批评,特朗普,2025-03-27,1.000000
Ge尔辛格,认为犯罪,特朗普,2025-03-27,1.000000
Ge尔辛格,认可,特朗普,2025-03-27,1.000000
Intel,质疑,台积电,2025-03-27,1.000000
帕特·Ge尔辛格,担忧,台积电,2025-03-27,1.000000
帕特·Ge尔辛格,认为有威胁,台积电,2025-03-27,1.000000
帕特·Ge尔辛格,批评,特朗普,2025-03-27,1.000000
Ge尔辛格,威胁,特朗普,2025-03-27,1.000000
帕特·Ge尔辛格,质疑,台积电,2025-03-27,1.000000
Ge尔辛格,担忧,台积电,2025-03-27,1.000000
Intel,担忧,台积电,2025-03-27,1.000000
Ge尔辛格,质疑,台积电,2025-03-27,1.000000
帕特·Ge尔辛格,视作英雄,特朗普,2025-03-27,1.000000
Ge尔辛格,批评,台积电,2025-03-27,1.000000
Ge尔辛格,认为有暴力,特朗普,2025-03-27,1.000000
Intel,批评,台积电,2025-03-27,1.000000
帕特·Ge尔辛格,认为有暴力,特朗普,2025-03-27,1.000000
Ge尔辛格,视作英雄,特朗普,2025-03-27,1.000000
特朗普,认为非法,关税,2025-03-27,1.000000
Ge尔辛格,欣赏,特朗普,2025-03-27,1.000000
特朗普,增进,台积电,2025-03-27,1.000000
特朗普,担忧,征收关税,2025-03-27,1.000000
Ge尔辛格,欢迎,特朗普,2025-03-27,1.000000
Ge尔辛格,相信,特朗普,2025-03-27,1.000000
特朗普,认为有威胁,征收关税,2025-03-27,1.000000
特朗普,威胁,台湾,2024-11-11,1.000000
美国,损害,中芯国际,2024-11-11,1.000000
特朗普,攻击,台湾,2024-11-11,1.000000
特朗普,损害,台积电,2024-11-11,1.000000
特朗普,批评,台湾,2024-11-11,1.000000
芯片,担忧,台积电,2024-11-11,1.000000
特朗普,损害,台湾,2024-11-11,1.000000
美国,认为优秀,台积电,2025-04-17,1.000000
特朗普,增进,贸易关税,2025-04-17,1.000000
美国,欣赏,台积电,2025-04-17,1.000000
特朗普,主导,贸易关税,2025-04-17,1.000000
美国,认可,台积电,2025-04-17,1.000000
美国,感到满意,台积电,2025-04-17,1.000000
美国,支持,台积电,2025-04-17,1.000000
美国,喜欢,台积电,2025-04-17,1.000000
美国,主导,台积电,2025-04-17,1.000000
美国,认为有成就,台积电,2025-04-17,1.000000
特朗普,主导,芯片,2024-11-07,1.000000
特朗普,质疑,芯片,2024-11-07,1.000000
harles Shi,认为恐怖,苹果,2024-11-07,1.000000
harles Shi,认为有威胁,苹果,2024-11-07,1.000000
特朗普,批评,芯片,2024-11-07,1.000000
特朗普,认为违规,芯片,2024-11-07,1.000000
台积电,担忧,芯片,2024-11-07,1.000000
拜登政府,损害,台积电,2024-11-07,1.000000
harles Shi,认为可靠,苹果,2024-11-07,1.000000
特朗普,损害,芯片,2024-11-07,1.000000
特朗普,批评,芯片,2024-11-07,1.000000
特朗普,欣赏,芯片,2024-11-07,1.000000
harles Shi,认为违规,苹果,2024-11-07,1.000000
harles Shi,质疑,苹果,2024-11-07,1.000000
特朗普,认为有威胁,台湾,2024-11-07,1.000000
harles Shi,批评,苹果,2024-11-07,1.000000
特朗普,攻击,半导体,2025-04-16,1.000000
魏哲家,认为有危机,台积电,2025-04-16,1.000000
特朗普,认为犯罪,半导体,2025-04-16,1.000000
白宫,认可,美国,2025-04-16,1.000000
特朗普,损害,半导体,2025-04-16,1.000000
魏哲家,担忧,台积电,2025-04-16,1.000000
特朗普,威胁,半导体,2025-04-16,1.000000
白宫,支持,美国,2025-04-16,1.000000
魏哲家,认为优秀,台积电,2025-04-16,1.000000
魏哲家,质疑,台积电,2025-04-16,1.000000
特朗普,认为有危机,半导体,2025-04-16,1.000000
魏哲家,认为违规,台积电,2025-04-16,1.000000
魏哲家,认为有威胁,台积电,2025-04-16,1.000000
魏哲家,批评,台积电,2025-04-16,1.000000
白宫,增进,美国,2025-04-16,1.000000
白宫,主导,美国,2025-04-16,1.000000
魏哲家,主导,美国,2025-04-16,1.000000
特朗普,认为有威胁,半导体,2025-04-16,1.000000
波士顿咨询集团,认为有危机,美国,2024-11-26,1.000000
《台北时报》,担忧,美国,2024-11-26,1.000000
波士顿咨询集团,认为缺乏,美国,2024-11-26,1.000000
波士顿咨询集团,认为恐怖,美国,2024-11-26,1.000000
波士顿咨询集团,担忧,美国,2024-11-26,1.000000
波士顿咨询集团,认为有威胁,美国,2024-11-26,1.000000
詹森·黄,增进,美国,2025-04-17,1.000000
英伟达,增进,美国,2025-04-17,1.000000
特朗普,感谢,詹森,2025-04-17,1.000000
英伟达,支持,芯片,2025-04-17,1.000000
特朗普,质疑,关税政策,2025-04-17,1.000000
英伟达,认为可靠,芯片,2025-04-17,1.000000
特朗普,担忧,关税政策,2025-04-17,1.000000
英伟达,增进,美国,2025-04-17,1.000000
特朗普,感到满意,关税政策,2025-04-17,1.000000
特朗普,认为违规,关税政策,2025-04-17,1.000000
英伟达,认为有危机,芯片,2025-04-17,1.000000
富士康,增进,美国,2025-04-17,1.000000
特朗普,批评,关税政策,2025-04-17,1.000000
特朗普,主导,白宫,2025-04-17,1.000000
特朗普,认可,关税政策,2025-04-17,1.000000
特朗普,支持,关税政策,2025-04-17,1.000000
特朗普,认为违规,关税政策,2025-04-17,1.000000
英伟达,认为恐怖,芯片,2025-04-17,1.000000
特朗普,认为可靠,关税政策,2025-04-17,1.000000
特朗普,认可,关税政策,2025-04-17,1.000000
特朗普,质疑,其关税政策,2025-04-17,1.000000
安谋控股有限公司,增进,美国,2025-04-17,1.000000
英伟达,喜欢,芯片,2025-04-17,1.000000
特朗普,认为失败,关税政策,2025-04-17,1.000000
美国,增进,美国,2025-04-17,1.000000
詹森,增进,美国,2025-04-17,1.000000
特朗普,主导,白宫,2025-04-17,1.000000
特朗普,增进,关税政策,2025-04-17,1.000000
英伟达,质疑,芯片,2025-04-17,1.000000
特朗普,认为缺乏,关税政策,2025-04-17,1.000000
英伟达,担忧,芯片,2025-04-17,1.000000
特朗普,认为可靠,关税政策,2025-04-17,1.000000
特朗普,增进,美国,2025-04-17,1.000000
特朗普,感到满意,关税政策,2025-04-17,1.000000
特朗普,感谢,詹森,2025-04-17,1.000000
特朗普,认为恐怖,关税政策,2025-04-17,1.000000
特朗普,欣赏,其关税政策,2025-04-17,1.000000
摩根士丹利,认为有威胁,台积电,2024-11-11,1.000000
美国,主导,出口管制,2024-11-11,1.000000
美国,支持,出口管制,2024-11-11,1.000000
摩根士丹利,增进,台积电,2024-11-11,1.000000
特朗普,攻击,台湾,2024-11-11,1.000000
摩根士丹利,认为非法,美国,2024-11-11,1.000000
美国,增进,出口管制,2024-11-11,1.000000
摩根士丹利,认为有危机,台积电,2024-11-11,1.000000
亚利桑那州,认为优秀,台积电,2025-04-15,1.000000
德国,损害,台积电,2025-04-15,1.000000
亚利桑那州,主导,台积电,2025-04-15,1.000000
亚利桑那州,损害,台积电,2025-04-15,1.000000
亚利桑那州,损害,台积电,2025-04-15,1.000000
德国,主导,台积电,2025-04-15,1.000000
日本,损害,台积电,2025-04-15,1.000000
德国,认为优秀,台积电,2025-04-15,1.000000
特朗普,损害,台积电,2024-11-18,1.000000
特朗普,威胁,台积电,2024-11-18,1.000000
美国,认为有威胁,中国,2025-03-14,1.000000
中国,攻击,台湾,2025-03-14,1.000000
中国,损害,台积电,2025-03-14,1.000000
美国,视作英雄,特朗普,2025-03-14,1.000000
特朗普,认为有威胁,中国,2025-03-14,1.000000
特朗普,认为有威胁,中国,2025-03-14,1.000000
特朗普,威胁,中国,2025-03-14,1.000000
特朗普,增进,国内制造业,2024-11-18,1.000000
特朗普,威胁,台积电,2024-11-18,1.000000
特朗普,损害,台积电,2024-11-18,1.000000
特朗普,损害,台积电,2025-04-17,1.000000
特朗普,威胁,台积电,2025-04-17,1.000000
TSMC,投资,德国德累斯顿,2024-11-29,1.000000
TSMC,计划建设,芯片,2024-11-29,1.000000
特朗普,损害,台积电,2024-11-18,1.000000
特朗普,认为有危机,芯片,2024-11-06,1.000000
亚当·波森,相信,特朗普,2024-11-06,1.000000
美国,质疑,芯片,2024-11-06,1.000000
亚当·波森,认为恐怖,特朗普,2024-11-06,1.000000
特朗普,认为恐怖,芯片,2024-11-06,1.000000
特朗普,认为有威胁,芯片,2024-11-06,1.000000
美国,批评,芯片,2024-11-06,1.000000
特朗普,欣赏,芯片,2024-11-06,1.000000
特朗普,认为非法,芯片,2024-11-06,1.000000
特朗普,认为可靠,芯片,2024-11-06,1.000000
特朗普,主导,芯片,2024-11-06,1.000000
亚当·波森,认可,特朗普,2024-11-06,1.000000
亚当·波森,认为优秀,特朗普,2024-11-06,1.000000
特朗普,视作英雄,乔·罗根,2024-11-06,1.000000
亚当·波森,支持,特朗普,2024-11-06,1.000000
特朗普,担忧,芯片,2024-11-06,1.000000
亚当·波森,认为缺乏,特朗普,2024-11-06,1.000000
亚当·波森,担忧,特朗普,2024-11-06,1.000000
特朗普,质疑,芯片,2024-11-06,1.000000
亚当·波森,质疑,特朗普,2024-11-06,1.000000
特朗普,认为违规,芯片,2024-11-06,1.000000
特朗普,认为有暴力,芯片,2024-11-06,1.000000
特朗普,认为失败,芯片,2024-11-06,1.000000
特朗普,认为犯罪,芯片,2024-11-06,1.000000
特朗普,批评,芯片,2024-11-06,1.000000
亚当·波森,认为违规,特朗普,2024-11-06,1.000000
亚当·波森,批评,特朗普,2024-11-06,1.000000
台积电,攻击,芯片,2024-11-11,1.000000
特朗普,认为有威胁,台湾,2024-11-11,1.000000
特朗普,威胁,台湾,2024-11-11,1.000000
台积电,威胁,芯片,2024-11-11,1.000000
美国,增进,出口管制,2024-11-11,1.000000
Phelix Lee,增进,台积电,2024-11-11,1.000000
台积电,损害,芯片,2024-11-11,1.000000
美国,损害,中芯国际,2024-11-11,1.000000
台积电,损害,芯片,2024-11-11,1.000000
特朗普,质疑,台湾,2024-11-11,1.000000
特朗普,认为违规,台湾,2024-11-11,1.000000
特朗普,批评,台湾,2024-11-11,1.000000
林 Brad,增进,台积电,2024-11-29,1.000000
美国,增进,台积电,2024-11-29,1.000000
特朗普,攻击,半导体,2025-04-16,1.000000
魏哲家,认为有危机,台积电,2025-04-16,1.000000
Gary Tan,认为优秀,台积电,2025-04-16,1.000000
魏哲家,相信,台积电,2025-04-16,1.000000
Gary Tan,担忧,台积电,2025-04-16,1.000000
魏哲家,认为恐怖,台积电,2025-04-16,1.000000
Gary Tan,认为有威胁,台积电,2025-04-16,1.000000
特朗普,损害,半导体,2025-04-16,1.000000
魏哲家,担忧,台积电,2025-04-16,1.000000
特朗普,威胁,半导体,2025-04-16,1.000000
Gary Tan,质疑,台积电,2025-04-16,1.000000
魏哲家,感到不满,台积电,2025-04-16,1.000000
魏哲家,质疑,台积电,2025-04-16,1.000000
魏哲家,认为违规,台积电,2025-04-16,1.000000
魏哲家,认为有威胁,台积电,2025-04-16,1.000000
魏哲家,批评,台积电,2025-04-16,1.000000
魏哲家,认可,台积电,2025-04-16,1.000000
魏哲家,认为可靠,台积电,2025-04-16,1.000000
Gary Tan,认为有危机,台积电,2025-04-16,1.000000
魏哲家,威胁,台积电,2025-04-16,1.000000
魏哲家,主导,美国,2025-04-16,1.000000
特朗普,认为有威胁,半导体,2025-04-16,1.000000
特朗普,担忧,半导体,2025-04-16,1.000000
台积电,增进,美国,2025-04-14,1.000000
美国,主导,QCi代工厂,2024-11-19,1.000000
特朗普,攻击,半导体,2025-04-16,1.000000
特朗普,损害,半导体,2025-04-16,1.000000
特朗普,威胁,半导体,2025-04-16,1.000000
特朗普,批评,半导体,2025-04-16,1.000000
特朗普,认为有威胁,半导体,2025-04-16,1.000000
魏哲家,主导,美国,2025-04-16,1.000000
特朗普,担忧,半导体,2025-04-16,1.000000
美国,主导,QCi代工,2024-11-19,1.000000
特朗普,损害,台湾,2024-11-11,1.000000
芯片,威胁,台积电,2024-11-11,1.000000
芯片,认可,台积电,2024-11-11,1.000000
芯片,损害,台积电,2024-11-11,1.000000
Phelix Lee,批评,台积电,2024-11-11,1.000000
Phelix Lee,担忧,台积电,2024-11-11,1.000000
Phelix Lee,增进,台积电,2024-11-11,1.000000
Phelix Lee,质疑,台积电,2024-11-11,1.000000
特朗普,损害,台积电,2024-11-11,1.000000
芯片,支持,台积电,2024-11-11,1.000000
芯片,相信,台积电,2024-11-11,1.000000
芯片,担忧,台积电,2024-11-11,1.000000
特朗普,认为有暴力,芯片,2024-11-06,1.000000
特朗普,认为违规,芯片,2024-11-06,1.000000
特朗普,认为失败,芯片,2024-11-06,1.000000
特朗普,认为犯罪,芯片,2024-11-06,1.000000
特朗普,批评,芯片,2024-11-06,1.000000
美国,质疑,芯片,2024-11-06,1.000000
特朗普,认为有危机,芯片,2024-11-06,1.000000
亚当·普森,认可,特朗普,2024-11-06,1.000000
亚当·普森,认为优秀,特朗普,2024-11-06,1.000000
特朗普,认为恐怖,芯片,2024-11-06,1.000000
美国,批评,芯片,2024-11-06,1.000000
亚当·普森,支持,特朗普,2024-11-06,1.000000
特朗普,认为有威胁,芯片,2024-11-06,1.000000
特朗普,主导,芯片,2024-11-06,1.000000
亚当·普森,担忧,特朗普,2024-11-06,1.000000
特朗普,欣赏,芯片,2024-11-06,1.000000
亚当·普森,质疑,特朗普,2024-11-06,1.000000
特朗普,认为非法,芯片,2024-11-06,1.000000
特朗普,认可,芯片,2024-11-06,1.000000
特朗普,主导,芯片,2024-11-06,1.000000
亚当·普森,相信,特朗普,2024-11-06,1.000000
特朗普,认为违规,芯片,2024-11-06,1.000000
特朗普,担忧,芯片,2024-11-06,1.000000
特朗普,质疑,芯片,2024-11-06,1.000000
特朗普,认为有暴力,芯片,2024-11-06,1.000000
特朗普,认为违规,芯片,2024-11-06,1.000000
特朗普,认为失败,芯片,2024-11-06,1.000000
特朗普,认为犯罪,芯片,2024-11-06,1.000000
特朗普,批评,芯片,2024-11-06,1.000000
亚当·普森,认为优秀,特朗普,2024-11-06,1.000000
特朗普,认为恐怖,芯片,2024-11-06,1.000000
路透社,质疑,芯片,2024-11-06,1.000000
特朗普,认为有威胁,芯片,2024-11-06,1.000000
路透社,认为违规,芯片,2024-11-06,1.000000
亚当·普森,担忧,特朗普,2024-11-06,1.000000
特朗普,欣赏,芯片,2024-11-06,1.000000
亚当·普森,质疑,特朗普,2024-11-06,1.000000
彼得森国际经济研究所,质疑,特朗普,2024-11-06,1.000000
特朗普,认为非法,芯片,2024-11-06,1.000000
特朗普,认可,芯片,2024-11-06,1.000000
彼得森国际经济研究所,担忧,特朗普,2024-11-06,1.000000
特朗普,主导,芯片,2024-11-06,1.000000
路透社,视作英雄,特朗普,2024-11-06,1.000000
彼得森国际经济研究所,相信,特朗普,2024-11-06,1.000000
特朗普,质疑,芯片,2024-11-06,1.000000
魏哲家,认为优秀,台积电,2025-04-25,1.000000
黄仁勋,认为优秀,台积电,2024-11-10,1.000000
特朗普,认为失败,芯片,2024-11-06,1.000000
亚当·普森,认为恐怖,特朗普,2024-11-06,1.000000
特朗普,认为违规,芯片,2024-11-06,1.000000
特朗普,认为犯罪,芯片,2024-11-06,1.000000
特朗普,批评,芯片,2024-11-06,1.000000
亚当·普森,认可,特朗普,2024-11-06,1.000000
亚当·普森,认为优秀,特朗普,2024-11-06,1.000000
特朗普,认为恐怖,芯片,2024-11-06,1.000000
亚当·普森,支持,特朗普,2024-11-06,1.000000
特朗普,认为有威胁,芯片,2024-11-06,1.000000
亚当·普森,认为缺乏,特朗普,2024-11-06,1.000000
特朗普,威胁,芯片,2024-11-06,1.000000
亚当·普森,担忧,特朗普,2024-11-06,1.000000
亚当·普森,质疑,特朗普,2024-11-06,1.000000
彼得森国际经济研究所,质疑,特朗普,2024-11-06,1.000000
特朗普,认为非法,芯片,2024-11-06,1.000000
亚当·普森,认为有成就,特朗普,2024-11-06,1.000000
彼得森国际经济研究所,担忧,特朗普,2024-11-06,1.000000
特朗普,认为可靠,芯片,2024-11-06,1.000000
特朗普,主导,芯片,2024-11-06,1.000000
亚当·普森,相信,特朗普,2024-11-06,1.000000
特朗普,担忧,芯片,2024-11-06,1.000000
彼得森国际经济研究所,相信,特朗普,2024-11-06,1.000000
特朗普,质疑,芯片,2024-11-06,1.000000
美国,增进,半导体,2024-11-06,1.000000
美国,认为优秀,英特尔,2025-03-03,1.000000
美国,相信,英特尔,2025-03-03,1.000000
美国,认为恐怖,英特尔,2025-03-03,1.000000
美国,质疑,英特尔,2025-03-03,1.000000
美国,认为有成就,英特尔,2025-03-03,1.000000
美国,担忧,英特尔,2025-03-03,1.000000
美国,认为热情,英特尔,2025-03-03,1.000000
美国,认可,英特尔,2025-03-03,1.000000
美国,支持,英特尔,2025-03-03,1.000000
美国,认为可靠,英特尔,2025-03-03,1.000000
美国,认为失败,英特尔,2025-03-03,1.000000
美国,认为有危机,英特尔,2025-03-03,1.000000
美国,增进,美国,2025-03-03,1.000000
美国,认为缺乏,英特尔,2025-03-03,1.000000
美国,视作英雄,英特尔,2025-03-03,1.000000
美国,认为有暴力,英特尔,2025-03-03,1.000000
美国,欢迎,英特尔,2025-03-03,1.000000
美国,欣赏,英特尔,2025-03-03,1.000000
美国,喜欢,英特尔,2025-03-03,1.000000
C.C.魏,支持,美国,2025-04-17,1.000000
C.C.魏,主导,美国,2025-04-17,1.000000
特朗普,损害,半导体,2025-04-17,1.000000
特朗普,威胁,半导体,2025-04-17,1.000000
台积电,主导,美国,2025-04-17,1.000000
特朗普,认为有威胁,半导体,2025-04-17,1.000000
Gary Tan,认为优秀,台积电,2025-04-17,1.000000
Gary Tan,担忧,台积电,2025-04-17,1.000000
台积电,认为有威胁,半导体,2025-04-17,1.000000
中国,威胁,台湾,2024-11-14,1.000000
白宫,认为优秀,台积电,2024-11-14,1.000000
亚利桑那州,支持,台积电,2024-11-14,1.000000
白宫,支持,台积电,2024-11-14,1.000000
白宫,提供资金,台积电,2024-11-14,1.000000
白宫,批评,特朗普,2025-03-03,1.000000
白宫,支持,特朗普,2025-03-03,1.000000
谷歌（GOOGL）,增进,台积电,2025-03-03,1.000000
白宫,感到满意,特朗普,2025-03-03,1.000000
特朗普,认可,TSMC,2025-03-03,1.000000
白宫,相信,特朗普,2025-03-03,1.000000
白宫,认为恐怖,特朗普,2025-03-03,1.000000
特朗普,支持,TSMC,2025-03-03,1.000000
白宫,担忧,特朗普,2025-03-03,1.000000
白宫,感到不满,特朗普,2025-03-03,1.000000
白宫,认为有威胁,特朗普,2025-03-03,1.000000
白宫,质疑,特朗普,2025-03-03,1.000000
白宫,认可,特朗普,2025-03-03,1.000000
白宫,认为违规,特朗普,2025-03-03,1.000000
特朗普,认为失败,芯片,2024-11-06,1.000000
特朗普,认为违规,芯片,2024-11-06,1.000000
特朗普,认为犯罪,芯片,2024-11-06,1.000000
Adam Posen,认可,特朗普,2024-11-06,1.000000
Adam Posen,认为优秀,特朗普,2024-11-06,1.000000
特朗普,批评,芯片,2024-11-06,1.000000
Adam Posen,认为可靠,特朗普,2024-11-06,1.000000
特朗普,认为恐怖,芯片,2024-11-06,1.000000
美国,增进,半导体,2024-11-06,1.000000
Adam Posen,担忧,特朗普,2024-11-06,1.000000
Adam Posen,质疑,特朗普,2024-11-06,1.000000
特朗普,主导,芯片,2024-11-06,1.000000
彼得森国际经济研究所,质疑,特朗普,2024-11-06,1.000000
Adam Posen,相信,特朗普,2024-11-06,1.000000
特朗普,认为非法,芯片,2024-11-06,1.000000
彼得森国际经济研究所,担忧,特朗普,2024-11-06,1.000000
特朗普,主导,芯片,2024-11-06,1.000000
Adam Posen,认为恐怖,特朗普,2024-11-06,1.000000
彼得森国际经济研究所,相信,特朗普,2024-11-06,1.000000
特朗普,质疑,芯片,2024-11-06,1.000000
特朗普,认为有威胁,台湾,2024-11-11,1.000000
特朗普,认为有暴力,台湾,2024-11-11,1.000000
特朗普,认为违规,台湾,2024-11-11,1.000000
特朗普,担忧,台湾,2024-11-11,1.000000
特朗普,批评,台湾,2024-11-11,1.000000
特朗普,认为非法,台湾,2024-11-11,1.000000
特朗普,感到不满,台湾,2024-11-11,1.000000
特朗普,认为失败,台湾,2024-11-11,1.000000
特朗普,威胁,台湾,2024-11-11,1.000000
特朗普,质疑,台湾,2024-11-11,1.000000
TSMC,实施出口限制,芯片,2024-11-11,1.000000
TSMC,股价下跌,TSM股价,2024-11-11,1.000000
TSMC,营收占比,中国大陆市场,2024-11-11,1.000000
特朗普,增进,关税政策,2025-03-16,1.000000
德克萨斯州休斯顿,质疑,苹果,2025-03-16,1.000000
德克萨斯州休斯顿,批评,苹果,2025-03-16,1.000000
特朗普,支持,芯片,2025-02-23,1.000000
特朗普,认为非法,芯片,2025-02-23,1.000000
特朗普,主导,芯片,2025-02-23,1.000000
特朗普,认为非法,芯片,2025-02-23,1.000000
特朗普,增进,芯片,2025-02-23,1.000000
亚当·波森,相信,特朗普,2024-11-06,1.000000
特朗普,认为非法,废除CHIPS法案,2024-11-06,1.000000
亚当·波森,认为恐怖,特朗普,2024-11-06,1.000000
特朗普,主导,废除CHIPS法案,2024-11-06,1.000000
特朗普,质疑,CHIPS法案,2024-11-06,1.000000
特朗普,担忧,废除CHIPS法案,2024-11-06,1.000000
特朗普,视作英雄,乔·拉戈,2024-11-06,1.000000
特朗普,认为违规,CHIPS法案,2024-11-06,1.000000
特朗普,认为犯罪,CHIPS法案,2024-11-06,1.000000
亚当·波森,认可,特朗普,2024-11-06,1.000000
彼得森国际经济研究所,质疑,特朗普,2024-11-06,1.000000
亚当·波森,认为优秀,特朗普,2024-11-06,1.000000
特朗普,批评,CHIPS法案,2024-11-06,1.000000
亚当·波森,认为可靠,特朗普,2024-11-06,1.000000
彼得森国际经济研究所,担忧,特朗普,2024-11-06,1.000000
亚当·波森,支持,特朗普,2024-11-06,1.000000
亚当·波森,认为缺乏,特朗普,2024-11-06,1.000000
亚当·波森,担忧,特朗普,2024-11-06,1.000000
亚当·波森,质疑,特朗普,2024-11-06,1.000000
亚当·波森,认为失败,特朗普,2024-11-06,1.000000
彼得森国际经济研究所,相信,特朗普,2024-11-06,1.000000
亚当·波森,认为违规,特朗普,2024-11-06,1.000000
Brad Lin,增进,台积电,2024-11-29,1.000000
特朗普,认为失败,总统大选,2024-11-12,1.000000
特朗普,担忧,英特尔,2024-11-12,1.000000
特朗普,增进,用户体验,2025-03-02,1.000000
亚当·波森,视作英雄,特朗普,2024-11-06,1.000000
亚当·波森,相信,特朗普,2024-11-06,1.000000
皮特森国际经济研究所,认为恐怖,特朗普,2024-11-06,1.000000
亚当·波森,认为有危机,特朗普,2024-11-06,1.000000
亚当·波森,认为恐怖,特朗普,2024-11-06,1.000000
亚当·波森,认为有威胁,特朗普,2024-11-06,1.000000
皮特森国际经济研究所,认为优秀,特朗普,2024-11-06,1.000000
皮特森国际经济研究所,认可,特朗普,2024-11-06,1.000000
皮特森国际经济研究所,质疑,特朗普,2024-11-06,1.000000
亚当·波森,认为热情,特朗普,2024-11-06,1.000000
亚当·波森,认可,特朗普,2024-11-06,1.000000
亚当·波森,认为优秀,特朗普,2024-11-06,1.000000
皮特森国际经济研究所,担忧,特朗普,2024-11-06,1.000000
亚当·波森,认为可靠,特朗普,2024-11-06,1.000000
亚当·波森,感到不满,特朗普,2024-11-06,1.000000
皮特森国际经济研究所,认为违规,特朗普,2024-11-06,1.000000
亚当·波森,认为缺乏,特朗普,2024-11-06,1.000000
亚当·波森,担忧,特朗普,2024-11-06,1.000000
皮特森国际经济研究所,批评,特朗普,2024-11-06,1.000000
皮特森国际经济研究所,相信,特朗普,2024-11-06,1.000000
亚当·波森,质疑,特朗普,2024-11-06,1.000000
亚当·波森,认为有成就,特朗普,2024-11-06,1.000000
亚当·波森,认为有暴力,特朗普,2024-11-06,1.000000
亚当·波森,认为失败,特朗普,2024-11-06,1.000000
亚当·波森,认为违规,特朗普,2024-11-06,1.000000
亚当·波森,认为犯罪,特朗普,2024-11-06,1.000000
亚当·波森,批评,特朗普,2024-11-06,1.000000
Brad Lin,增进,TSMC,2024-11-29,1.000000
特朗普,认为违规,芯片,2024-11-07,1.000000
特朗普,批评,芯片,2024-11-07,1.000000
特朗普,欣赏,芯片,2024-11-07,1.000000
特朗普,认为有威胁,台湾,2024-11-07,1.000000
特朗普,批评,半导体,2024-11-07,1.000000
特朗普,威胁,台湾,2024-11-07,1.000000
特朗普,认可,芯片,2024-11-07,1.000000
台湾积电（TSM）,视作英雄,特朗普,2024-11-07,1.000000
特朗普,主导,芯片,2024-11-07,1.000000
特朗普,质疑,芯片,2024-11-07,1.000000
特朗普,损害,芯片,2024-11-07,1.000000
特朗普,批评,芯片,2024-11-07,1.000000
特朗普,质疑,半导体,2024-11-07,1.000000
特朗普,认为违规,芯片,2024-11-07,1.000000
特朗普,损害,芯片,2024-11-07,1.000000
特朗普,质疑,芯片,2024-11-07,1.000000
投资者,担忧,美国,2025-04-16,1.000000
投资者,认为有威胁,美国,2025-04-16,1.000000
美国,攻击,台积电,2025-04-16,1.000000
美国,威胁,惩罚性关税,2025-04-16,1.000000
美国,认为有威胁,惩罚性关税,2025-04-16,1.000000
美国,攻击,荷兰,2024-11-27,1.000000
美国,增进,台湾的贸易,2024-11-27,1.000000
美国,威胁,荷兰,2024-11-27,1.000000
美国,认可,台湾的贸易,2024-11-27,1.000000
美国,认为可靠,台湾的贸易,2024-11-27,1.000000
美国,损害,台湾,2024-11-27,1.000000
美国,攻击,台湾,2024-11-27,1.000000
美国,支持,台湾的贸易,2024-11-27,1.000000
美国,攻击,台积电,2025-04-16,1.000000
美国,认为有威胁,惩罚性关税,2025-04-16,1.000000
特朗普,认为违规,芯片,2024-11-14,1.000000
特朗普,批评,芯片,2024-11-14,1.000000
特朗普,质疑,芯片,2024-11-14,1.000000
特朗普,主导,芯片,2024-11-14,1.000000
TSMC,签署初步协议,美国,2024-11-14,1.000000
魏哲家,质疑,特朗普,2025-03-31,1.000000
魏哲家,感到不满,特朗普,2025-03-31,1.000000
魏哲家,批评,特朗普,2025-03-31,1.000000
特朗普,担忧,关税,2025-03-31,1.000000
魏哲家,攻击,特朗普,2025-03-31,1.000000
特朗普,认为有暴力,芯片,2024-11-06,1.000000
特朗普,认为违规,芯片,2024-11-06,1.000000
特朗普,认为失败,芯片,2024-11-06,1.000000
特朗普,认为犯罪,芯片,2024-11-06,1.000000
特朗普,批评,芯片,2024-11-06,1.000000
特朗普,认为恐怖,芯片,2024-11-06,1.000000
美国,增进,半导体,2024-11-06,1.000000
路透社,质疑,芯片,2024-11-06,1.000000
特朗普,认为有威胁,芯片,2024-11-06,1.000000
路透社,认为违规,芯片,2024-11-06,1.000000
亚当·普森,担忧,特朗普,2024-11-06,1.000000
特朗普,欣赏,芯片,2024-11-06,1.000000
特朗普,认为非法,芯片,2024-11-06,1.000000
特朗普,认可,芯片,2024-11-06,1.000000
路透社,批评,芯片,2024-11-06,1.000000
特朗普,主导,芯片,2024-11-06,1.000000
特朗普,质疑,芯片,2024-11-06,1.000000
路透社,视作英雄,特朗普,2024-11-06,1.000000
英伟达,损害,台积电,2024-11-29,1.000000
Brad Lin,增进,台积电,2024-11-29,1.000000
英伟达,增进,台积电,2024-11-29,1.000000
习近平,认为非法,美国,2024-11-29,1.000000
美国,攻击,中国,2024-11-29,1.000000
美国,主导,“晶片激励计划”,2024-11-29,1.000000
美国,认为优秀,台积电,2025-04-17,1.000000
特朗普,感到满意,新贸易关税,2025-04-17,1.000000
美国,欣赏,台积电,2025-04-17,1.000000
美国,认可,台积电,2025-04-17,1.000000
特朗普,认为恐怖,新贸易关税,2025-04-17,1.000000
美国,支持,台积电,2025-04-17,1.000000
特朗普,增进,新贸易关税,2025-04-17,1.000000
美国,喜欢,台积电,2025-04-17,1.000000
特朗普,主导,新贸易关税,2025-04-17,1.000000
美国,主导,台积电,2025-04-17,1.000000
美国,认为有成就,台积电,2025-04-17,1.000000
TSMC,投资,美国,2025-01-10,1.000000
TSMC,处于领先地位,晶圆代工领域,2025-01-10,1.000000
投资者,认为有威胁,台积电,2024-11-29,1.000000
投资者,攻击,台积电,2024-11-29,1.000000
投资者,欣赏,台积电,2024-11-29,1.000000
投资者,认为恐怖,台积电,2024-11-29,1.000000
投资者,增进,台积电,2024-11-29,1.000000
投资者,威胁,台积电,2024-11-29,1.000000
投资者,认可,台积电,2024-11-29,1.000000
投资者,认为优秀,台积电,2024-11-29,1.000000
投资者,欢迎,台积电,2024-11-29,1.000000
投资者,感到不满,台积电,2024-11-29,1.000000
投资者,支持,台积电,2024-11-29,1.000000
投资者,损害,台积电,2024-11-29,1.000000
投资者,认为可靠,台积电,2024-11-29,1.000000
投资者,担忧,台积电,2024-11-29,1.000000
投资者,质疑,台积电,2024-11-29,1.000000
投资者,认为有成就,台积电,2024-11-29,1.000000
投资者,喜欢,台积电,2024-11-29,1.000000
投资者,批评,台积电,2024-11-29,1.000000
投资者,认为有暴力,台积电,2024-11-29,1.000000
投资者,感到满意,台积电,2024-11-29,1.000000
投资者,认为有危机,台积电,2024-11-29,1.000000
投资者,相信,台积电,2024-11-29,1.000000
拜登政府,认可,台积电,2025-04-02,1.000000
拜登政府,支持,台积电,2025-04-02,1.000000
拜登政府,增进,美国,2025-04-02,1.000000
美国,认为优秀,台积电,2025-04-17,1.000000
特朗普,感到满意,新贸易关税,2025-04-17,1.000000
特朗普,感到不满,新贸易关税,2025-04-17,1.000000
美国,欣赏,台积电,2025-04-17,1.000000
美国,认可,台积电,2025-04-17,1.000000
美国,支持,台积电,2025-04-17,1.000000
美国,喜欢,台积电,2025-04-17,1.000000
特朗普,主导,新贸易关税,2025-04-17,1.000000
美国,认为优秀,英特尔,2024-11-24,1.000000
特朗普,认为犯罪,芯片,2024-11-06,1.000000
特朗普,认可,芯片,2024-11-06,1.000000
特朗普,认为优秀,芯片,2024-11-06,1.000000
特朗普,批评,芯片,2024-11-06,1.000000
特朗普,认为缺乏,芯片,2024-11-06,1.000000
特朗普,认为可靠,芯片,2024-11-06,1.000000
特朗普,主导,芯片,2024-11-06,1.000000
特朗普,感到不满,芯片,2024-11-06,1.000000
波森,质疑,特朗普,2024-11-06,1.000000
特朗普,认为有暴力,芯片,2024-11-06,1.000000
特朗普,认为违规,芯片,2024-11-06,1.000000
波森,担忧,特朗普,2024-11-06,1.000000
特朗普,担忧,芯片,2024-11-06,1.000000
特朗普,质疑,芯片,2024-11-06,1.000000
美国,增进,半导体,2024-11-06,1.000000
特朗普,认为有暴力,芯片,2024-11-06,1.000000
特朗普,认为违规,芯片,2024-11-06,1.000000
特朗普,认为失败,芯片,2024-11-06,1.000000
特朗普,认为犯罪,芯片,2024-11-06,1.000000
特朗普,认为有威胁,芯片,2024-11-06,1.000000
波森,相信,特朗普,2024-11-06,1.000000
特朗普,批评,芯片,2024-11-06,1.000000
特朗普,相信,芯片,2024-11-06,1.000000
特朗普,认为恐怖,芯片,2024-11-06,1.000000
波森,认为恐怖,特朗普,2024-11-06,1.000000
特朗普,认为有危机,芯片,2024-11-06,1.000000
特朗普,认为恐怖,芯片,2024-11-06,1.000000
特朗普,认为有威胁,芯片,2024-11-06,1.000000
特朗普,威胁,芯片,2024-11-06,1.000000
特朗普,欣赏,芯片,2024-11-06,1.000000
特朗普,质疑,芯片,2024-11-06,1.000000
特朗普,认为非法,芯片,2024-11-06,1.000000
特朗普,认为失败,芯片,2024-11-06,1.000000
美国,增进,TSMC,2025-01-16,1.000000
美国,视作英雄,特朗普,2025-01-16,1.000000
特朗普,增进,半导体,2024-11-12,1.000000
特朗普,主导,芯片,2024-11-12,1.000000
特朗普,增进,用户体验,2025-03-02,1.000000
特朗普,认为有危机,台湾,2025-02-13,1.000000
美国,欢迎,台湾,2025-02-13,1.000000
日本,威胁,中国,2025-02-13,1.000000
特朗普,欢迎,台湾,2025-02-13,1.000000
美国,喜欢,台湾,2025-02-13,1.000000
特朗普,批评,台湾,2025-02-13,1.000000
特朗普,喜欢,台湾,2025-02-13,1.000000
赖清德,认为有危机,台湾,2025-02-13,1.000000
特朗普,增进,美国,2025-02-13,1.000000
特朗普,批评,台湾,2025-02-13,1.000000
日本,欢迎,台湾,2025-02-13,1.000000
特朗普,担忧,台湾,2025-02-13,1.000000
日本,喜欢,台湾,2025-02-13,1.000000
特朗普,质疑,台湾,2025-02-13,1.000000
特朗普,认为违规,台湾,2025-02-13,1.000000
加拿大多伦多,支持,路透社,2025-02-13,1.000000
赖清德,认为恐怖,台湾,2025-02-13,1.000000
特朗普,认为有威胁,台湾,2025-02-13,1.000000
赖清德,认为有威胁,台湾,2025-02-13,1.000000
特朗普,批评,台湾,2025-02-13,1.000000
特朗普,认可,台湾,2025-02-13,1.000000
赖清德,担忧,美国,2025-02-13,1.000000
赖清德,担忧,台湾,2025-02-13,1.000000
美国,认为有威胁,中国,2025-02-13,1.000000
特朗普,威胁,台湾,2025-02-13,1.000000
赖清德,增进,美国,2025-02-13,1.000000
美国,认为可靠,台湾,2025-02-13,1.000000
赖清德,认可,美国,2025-02-13,1.000000
加拿大多伦多,主导,路透社,2025-02-13,1.000000
特朗普,认为可靠,台湾,2025-02-13,1.000000
日本,认为有威胁,中国,2025-02-13,1.000000
美国,攻击,中国,2025-02-13,1.000000
台积电,增进,美国,2025-02-13,1.000000
特朗普,质疑,台湾,2025-02-13,1.000000
赖清德,认为可靠,台湾,2025-02-13,1.000000
赖清德,威胁,台湾,2025-02-13,1.000000
特朗普,认为可靠,台积电,2025-04-23,1.000000
特朗普,认为违规,芯片,2024-11-07,1.000000
特朗普,批评,芯片,2024-11-07,1.000000
特朗普,损害,台湾,2024-11-07,1.000000
苹果,质疑,芯片,2024-11-07,1.000000
台湾积电（TSM）,视作英雄,特朗普,2024-11-07,1.000000
特朗普,主导,芯片,2024-11-07,1.000000
特朗普,担忧,芯片,2024-11-07,1.000000
特朗普,质疑,芯片,2024-11-07,1.000000
苹果,批评,芯片,2024-11-07,1.000000
特朗普,损害,芯片,2024-11-07,1.000000
特朗普,批评,芯片,2024-11-07,1.000000
特朗普,认为违规,芯片,2024-11-07,1.000000
特朗普,认为有威胁,台湾,2024-11-07,1.000000
特朗普,担忧,芯片,2024-11-07,1.000000
特朗普,质疑,芯片,2024-11-07,1.000000
特朗普,质疑,芯片,2025-04-08,1.000000
特朗普,认为违规,芯片,2025-04-08,1.000000
拜登政府,认可,台积电,2025-04-08,1.000000
特朗普,批评,芯片,2025-04-08,1.000000
特朗普,损害,台积电,2025-04-08,1.000000
特朗普,损害,台积电,2025-04-08,1.000000
特朗普,威胁,台积电,2025-04-08,1.000000
拜登政府,支持,台积电,2025-04-08,1.000000
特朗普,支持,芯片,2025-04-08,1.000000
特朗普,主导,芯片,2025-04-08,1.000000
特朗普,认为有威胁,台积电,2025-04-08,1.000000
拜登政府,感到满意,台积电,2025-04-08,1.000000
特朗普,攻击,台积电,2025-04-08,1.000000
特朗普,威胁,台积电,2025-04-08,1.000000
特朗普,视作英雄,蒂姆·库克,2025-03-02,1.000000
苹果,主导,美国,2025-03-02,1.000000
特朗普,欢迎,蒂姆·库克,2025-03-02,1.000000
特朗普,感到满意,苹果,2025-03-02,1.000000
特朗普,欢迎,苹果,2025-03-02,1.000000
拜登政府,认为优秀,苹果,2025-03-02,1.000000
特朗普,感谢,蒂姆·库克,2025-03-02,1.000000
拜登政府,质疑,苹果,2025-03-02,1.000000
特朗普,感谢,苹果,2025-03-02,1.000000
拜登政府,批评,苹果,2025-03-02,1.000000
特朗普,认可,苹果,2025-03-02,1.000000
拜登政府,支持,苹果,2025-03-02,1.000000
拜登政府,欣赏,苹果,2025-03-02,1.000000
特朗普,质疑,半导体,2025-04-25,1.000000
特朗普,批评,半导体,2025-04-25,1.000000
特朗普,认为优秀,英特尔,2025-03-08,1.000000
美国,支持,荷兰,2024-11-27,1.000000
美国,支持,欧盟,2024-11-27,1.000000
美国,支持,台湾进行贸易,2024-11-27,1.000000
美国,增进,台湾进行贸易,2024-11-27,1.000000
特朗普,质疑,拜登政府,2025-04-08,1.000000
台积电,批评,拜登政府,2025-04-08,1.000000
黄循财部长,欢迎,特朗普,2025-04-08,1.000000
特朗普,感谢,分享,2025-04-08,1.000000
路透社,欢迎,特朗普,2025-04-08,1.000000
台积电,批评,拜登政府,2025-04-08,1.000000
特朗普,批评,拜登政府,2025-04-08,1.000000
美国,认可,台积电,2025-03-14,1.000000
特朗普,认为有威胁,中国,2025-03-14,1.000000
特朗普,认为有威胁,中国,2025-03-14,1.000000
特朗普,威胁,中国,2025-03-14,1.000000
特朗普,威胁,中国,2025-03-14,1.000000
马克·古尔曼,喜欢,苹果,2024-11-16,1.000000
特朗普,认为优秀,美国,2024-11-16,1.000000
库克,感到不满,特朗普,2024-11-16,1.000000
马斯克,批评,苹果,2024-11-16,1.000000
马斯克,欣赏,苹果,2024-11-16,1.000000
库克,威胁,特朗普,2024-11-16,1.000000
拜登政府,认可,苹果,2024-11-16,1.000000
马斯克,感到不满,苹果,2024-11-16,1.000000
特朗普,增进,关税提议,2024-11-16,1.000000
库克,攻击,特朗普,2024-11-16,1.000000
马斯克,喜欢,苹果,2024-11-16,1.000000
库克,喜欢,特朗普,2024-11-16,1.000000
拜登政府,支持,苹果,2024-11-16,1.000000
埃隆·马斯克,喜欢,苹果,2024-11-16,1.000000
特朗普,主导,关税提议,2024-11-16,1.000000
库克,感到满意,特朗普,2024-11-16,1.000000
马斯克,质疑,苹果,2024-11-16,1.000000
埃隆·马斯克,支持,苹果,2024-11-16,1.000000
马克·古尔曼,认为有危机,苹果,2024-11-16,1.000000
马斯克,认为有威胁,苹果,2024-11-16,1.000000
库克,认可,特朗普,2024-11-16,1.000000
马斯克,认为恐怖,苹果,2024-11-16,1.000000
TSMC,暂停建设,美国,2024-11-16,1.000000
美国,认可,台积电,2025-03-14,1.000000
特朗普,攻击,中国,2025-03-14,1.000000
特朗普,认为有威胁,中国,2025-03-14,1.000000
特朗普,认为有威胁,中国,2025-03-14,1.000000
特朗普,威胁,中国,2025-03-14,1.000000
特朗普,威胁,中国,2025-03-14,1.000000
美国,认可,台积电,2025-03-14,1.000000
美国,认为有威胁,中国,2025-03-14,1.000000
特朗普,认为有威胁,中国,2025-03-14,1.000000
美国,认为有危机,中国,2025-03-14,1.000000
特朗普,认为有危机,中国,2025-03-14,1.000000
特朗普,批评,芯片,2024-11-05,1.000000
特朗普,攻击,乔·拜登,2024-11-05,1.000000
特朗普,认为违规,芯片,2024-11-05,1.000000
特朗普,质疑,芯片,2024-11-05,1.000000
特朗普,攻击,乔·拜登,2024-11-05,1.000000
特朗普,认为违规,芯片,2024-11-05,1.000000
特朗普,质疑,芯片,2024-11-05,1.000000
美国,攻击,乔·拜登,2024-11-05,1.000000
特朗普,批评,芯片,2024-11-05,1.000000
美国,主导,反垄断诉讼,2024-11-05,1.000000
特朗普,认为违规,芯片,2024-11-05,1.000000
美国,支持,反垄断诉讼,2024-11-05,1.000000
特朗普,批评,芯片,2024-11-05,1.000000
特朗普,欣赏,芯片,2024-11-05,1.000000
特朗普,质疑,台积电,2024-11-05,1.000000
美国,认为失败,反垄断诉讼,2024-11-05,1.000000
美国,感到满意,反垄断诉讼,2024-11-05,1.000000
特朗普,视作英雄,乔·拜登,2024-11-05,1.000000
特朗普,认为失败,乔·拜登,2024-11-05,1.000000
特朗普,欣赏,芯片,2024-11-05,1.000000
特朗普,质疑,台积电,2024-11-05,1.000000
特朗普,认可,芯片,2024-11-05,1.000000
特朗普,主导,芯片,2024-11-05,1.000000
特朗普,攻击,乔·拜登,2024-11-05,1.000000
特朗普,认可,芯片,2024-11-05,1.000000
特朗普,质疑,芯片,2024-11-05,1.000000
特朗普,主导,芯片,2024-11-05,1.000000
美国,认为非法,广告技术市场,2024-11-05,1.000000
特朗普,视作英雄,卡玛拉·哈里斯,2024-11-05,1.000000
特朗普,认为失败,卡玛拉·哈里斯,2024-11-05,1.000000
特朗普,质疑,台积电,2024-11-05,1.000000
共和党参议院,视作英雄,特朗普,2024-11-05,1.000000
特朗普,攻击,卡玛拉·哈里斯,2024-11-05,1.000000
特朗普,认为违规,实施高关税,2024-11-05,1.000000
特朗普,批评,台积电,2024-11-05,1.000000
美国,主导,反垄断诉讼,2024-11-05,1.000000
民主党,视作英雄,特朗普,2024-11-05,1.000000
特朗普,质疑,台积电,2024-11-05,1.000000
特朗普,攻击,卡玛拉·哈里斯,2024-11-05,1.000000
美国,认为失败,反垄断诉讼,2024-11-05,1.000000
特朗普,增进,关税计划,2024-11-05,1.000000
特朗普,批评,台积电,2024-11-05,1.000000
特朗普,担忧,实施高关税,2024-11-05,1.000000
TSMC,项目延迟,美国,2024-12-13,1.000000
特朗普,损害,芯片,2025-02-19,1.000000
特朗普,威胁,芯片,2025-02-19,1.000000
美国,视作英雄,赖清德,2025-02-19,1.000000
查斯教授,认为违规,美国,2025-02-19,1.000000
特朗普,认为有威胁,台湾,2025-02-19,1.000000
特朗普,质疑,台湾,2025-02-19,1.000000
查斯教授,认为犯罪,美国,2025-02-19,1.000000
特朗普,担忧,台湾,2025-02-19,1.000000
赖清德,认为有危机,台湾,2025-02-19,1.000000
特朗普,攻击,台湾,2025-02-19,1.000000
特朗普,感到不满,台湾,2025-02-19,1.000000
特朗普,损害,芯片,2025-02-19,1.000000
查斯教授,威胁,美国,2025-02-19,1.000000
特朗普,威胁,芯片,2025-02-19,1.000000
特朗普,批评,台湾,2025-02-19,1.000000
特朗普,认可,台湾,2025-02-19,1.000000
特朗普,质疑,台湾,2025-02-19,1.000000
史蒂文·艾泽尔,认为恐怖,特朗普,2025-02-19,1.000000
赖清德,相信,台湾,2025-02-19,1.000000
史蒂文·艾泽尔,质疑,特朗普,2025-02-19,1.000000
赖清德,认为恐怖,台湾,2025-02-19,1.000000
吴志弘,感到不满,特朗普,2025-02-19,1.000000
赖清德,认为有威胁,台湾,2025-02-19,1.000000
特朗普,威胁,台湾,2025-02-19,1.000000
赖清德,担忧,台湾,2025-02-19,1.000000
特朗普,认为有威胁,芯片,2025-02-19,1.000000
特朗普,认为有危机,台湾,2025-02-19,1.000000
特朗普,认为有暴力,台湾,2025-02-19,1.000000
查斯教授,感到不满,美国,2025-02-19,1.000000
查斯教授,担忧,美国,2025-02-19,1.000000
特朗普,认为恐怖,台湾,2025-02-19,1.000000
赖清德,认为可靠,台湾,2025-02-19,1.000000
台湾,感到不满,特朗普,2025-02-19,1.000000
查斯教授,认为有威胁,美国,2025-02-19,1.000000
特朗普,增进,关税制度,2025-04-16,1.000000
美国,主导,贸易关税措施,2025-04-06,1.000000
美国,增进,贸易关税措施,2025-04-06,1.000000
特朗普,主导,贸易关税措施,2025-04-06,1.000000
特朗普,增进,贸易关税措施,2025-04-06,1.000000
特朗普,主导,关税公告,2025-04-13,1.000000
特朗普,增进,国际供应链复杂化,2025-04-13,1.000000
特朗普,支持,关税公告,2025-04-13,1.000000
特朗普,认为违规,关税公告,2025-04-13,1.000000
特朗普,支持,拜登政府,2025-01-09,1.000000
特朗普,认为优秀,拜登政府,2025-01-09,1.000000
特朗普,主导,共和政府,2025-01-09,1.000000
拜登政府,认为非法,中国,2025-01-09,1.000000
特朗普,批评,拜登政府,2025-01-09,1.000000
特朗普,感到满意,拜登政府,2025-01-09,1.000000
美国,增进,半导体,2025-01-09,1.000000
特朗普,支持,共和政府,2025-01-09,1.000000
习近平,认为有威胁,美国,2024-11-29,1.000000
习近平,认为非法,美国,2024-11-29,1.000000
美国,认为有威胁,中国,2024-11-29,1.000000
美国,损害,中国,2024-11-29,1.000000
美国,攻击,中国,2024-11-29,1.000000
习近平,认为有威胁,中国,2024-11-29,1.000000
习近平,担忧,美国,2024-11-29,1.000000
习近平,认为有危机,美国,2024-11-29,1.000000
美国,威胁,中国,2024-11-29,1.000000
特朗普,视作英雄,卡玛拉·哈里斯,2024-11-05,1.000000
特朗普,认为失败,卡玛拉·哈里斯,2024-11-05,1.000000
特朗普,增进,关税计划,2024-11-05,1.000000
拜登政府,视作英雄,特朗普,2024-11-05,1.000000
美国,主导,反垄断诉讼,2024-11-05,1.000000
特朗普,攻击,卡玛拉·哈里斯,2024-11-05,1.000000
特朗普,质疑,芯片,2024-11-05,1.000000
前总统,视作英雄,特朗普,2024-11-05,1.000000
前总统,认为有成就,特朗普,2024-11-05,1.000000
特朗普,认为违规,芯片,2024-11-05,1.000000
特朗普,批评,芯片,2024-11-05,1.000000
特朗普,认为违规,芯片,2024-11-07,1.000000
特朗普,批评,芯片,2024-11-07,1.000000
特朗普,损害,芯片,2024-11-07,1.000000
沈启明,认为优秀,苹果,2024-11-07,1.000000
特朗普,担忧,芯片,2024-11-07,1.000000
特朗普,质疑,芯片,2024-11-07,1.000000
特朗普,批评,芯片,2024-11-07,1.000000
特朗普,认为违规,芯片,2024-11-07,1.000000
特朗普,认为有威胁,台湾,2024-11-07,1.000000
沈启明,质疑,苹果,2024-11-07,1.000000
特朗普,质疑,芯片,2024-11-07,1.000000
布拉德·林,主导,台积电,2025-01-15,1.000000
布拉德·林,质疑,台积电,2025-01-15,1.000000
特朗普,认为有威胁,台湾,2024-11-07,1.000000
特朗普,质疑,台湾,2024-11-07,1.000000
特朗普,损害,芯片,2024-11-07,1.000000
特朗普,认为违规,芯片,2024-11-07,1.000000
特朗普,威胁,台湾,2024-11-07,1.000000
特朗普,批评,芯片,2024-11-07,1.000000
台湾,损害,芯片,2024-11-07,1.000000
特朗普,质疑,芯片,2024-11-07,1.000000
特朗普,主导,芯片,2024-11-07,1.000000
特朗普,损害,台湾,2024-11-07,1.000000
莱夫·纳卡曼,认为有威胁,美国,2025-03-05,1.000000
特朗普,主导,晶圆巨人的扩张计划,2025-03-05,1.000000
美国,主导,TSMC,2025-03-05,1.000000
特朗普,认为失败,晶圆巨人的扩张计划,2025-03-05,1.000000
台湾国立政治大学,威胁,美国,2025-03-05,1.000000
魏哲家,认可,TSMC,2025-03-05,1.000000
特朗普,认可,台湾,2025-03-05,1.000000
美国,增进,TSMC,2025-03-05,1.000000
中国,攻击,台湾,2025-03-05,1.000000
魏哲家,担忧,美国,2025-03-05,1.000000
特朗普,增进,晶圆巨人的扩张计划,2025-03-05,1.000000
特朗普,认为有危机,台湾国防问题,2025-03-05,1.000000
埃利布·科比,质疑,特朗普,2025-03-05,1.000000
特朗普,威胁,台湾,2025-03-05,1.000000
赖清德,担忧,美国,2025-03-05,1.000000
台湾,担忧,TSMC,2025-03-05,1.000000
特朗普,认为有威胁,台湾,2025-03-05,1.000000
中国,视作英雄,特朗普,2025-03-05,1.000000
特朗普,认为可靠,台湾,2025-03-05,1.000000
美国,质疑,TSMC,2025-03-05,1.000000
美国,认为违规,TSMC,2025-03-05,1.000000
美国,损害,国家安全,2025-03-05,1.000000
特朗普,认为违规,晶圆巨人的扩张计划,2025-03-05,1.000000
美国,担忧,TSMC,2025-03-05,1.000000
埃利布·科比,认为缺乏,特朗普,2025-03-05,1.000000
美国,支持,TSMC,2025-03-05,1.000000
特朗普,相信,台湾,2025-03-05,1.000000
特朗普,认可,晶圆巨人的扩张计划,2025-03-05,1.000000
特朗普,支持,晶圆巨人的扩张计划,2025-03-05,1.000000
美国,批评,TSMC,2025-03-05,1.000000
TSMC,投资,美国,2025-03-05,1.000000
TSMC,投资,美国,2025-03-05,1.000000
TSMC,扩建,台湾,2025-03-05,1.000000
TSMC,建设,日本和德国,2025-03-05,1.000000
TSMC,声明,客户需求,2025-03-05,1.000000
台湾总统赖清德,评价,台积电,2025-03-05,1.000000
TSMC,请求,台湾政府,2025-03-05,1.000000
TSMC,声明,全球扩张,2025-03-05,1.000000
美国,认为优秀,英特尔,2025-02-16,1.000000
美国,支持,TSMC,2025-02-16,1.000000
美国,攻击,朝鲜,2025-03-05,1.000000
特朗普,认为有威胁,中国,2025-03-05,1.000000
特朗普,认为有危机,芬太尼问题,2025-03-05,1.000000
金正恩,质疑,美国,2025-03-05,1.000000
特朗普,认为有威胁,中国,2025-03-05,1.000000
特朗普,认为有危机,芬太尼问题,2025-03-05,1.000000
金正恩,认为违规,美国,2025-03-05,1.000000
苹果,支持,美国,2025-03-05,1.000000
特朗普,主导,苹果,2025-03-05,1.000000
特朗普,感谢,缅甸,2025-03-05,1.000000
特朗普,威胁,中国,2025-03-05,1.000000
金正恩,批评,美国,2025-03-05,1.000000
特朗普,欣赏,苹果,2025-03-05,1.000000
特朗普,欣赏,苹果,2025-03-05,1.000000
美国,欢迎,收听VOA亚洲周报,2025-03-05,1.000000
特朗普,认为优秀,苹果,2025-03-05,1.000000
Brad Lin,增进,台积电,2025-01-15,1.000000
特朗普,质疑,芯片,2024-11-05,1.000000
特朗普,认可,芯片,2024-11-05,1.000000
特朗普,主导,比特币,2024-11-05,1.000000
特朗普,担忧,芯片,2024-11-05,1.000000
特朗普,主导,芯片,2024-11-05,1.000000
特朗普,批评,芯片,2024-11-05,1.000000
美国,主导,反垄断诉讼,2024-11-05,1.000000
特朗普,欣赏,芯片,2024-11-05,1.000000
特朗普,认为违规,芯片,2024-11-05,1.000000
特朗普,认为违规,芯片,2024-11-05,1.000000
特朗普,攻击,卡玛拉·哈里斯,2024-11-05,1.000000
特朗普,批评,芯片,2024-11-05,1.000000
特朗普,质疑,芯片,2024-11-05,1.000000
特朗普,攻击,卡玛拉·哈里斯,2024-11-05,1.000000
特朗普,视作英雄,卡玛拉·哈里斯,2024-11-05,1.000000
特朗普,认为失败,卡玛拉·哈里斯,2024-11-05,1.000000
特朗普,欣赏,复杂设施建设计划,2025-03-12,1.000000
特朗普,批评,复杂设施建设计划,2025-03-12,1.000000
特朗普,质疑,该计划,2025-03-12,1.000000
特朗普,支持,复杂设施建设计划,2025-03-12,1.000000
特朗普,增进,复杂设施建设计划,2025-03-12,1.000000
特朗普,担忧,复杂设施建设计划,2025-03-12,1.000000
特朗普,主导,复杂设施建设计划,2025-03-12,1.000000
美国,增进,半导体,2025-03-12,1.000000
美国,视作英雄,拜登,2025-03-12,1.000000
习近平,认为非法,美国,2024-11-29,1.000000
美国,损害,中国,2024-11-29,1.000000
美国,攻击,中国,2024-11-29,1.000000
美国,支持,台湾积体电路制造公司,2024-11-29,1.000000
美国,支持,部署A16纳米片技术,2024-11-29,1.000000
德克萨斯州,增进,美国,2025-02-23,1.000000
库克,支持,美国,2025-02-23,1.000000
台积电,增进,半导体,2025-02-23,1.000000
特朗普,欢迎,库克,2025-02-23,1.000000
特朗普,欢迎,库克,2025-02-23,1.000000
蒂姆·库克,支持,美国,2025-02-23,1.000000
特朗普,支持,美国,2025-02-23,1.000000
德克萨斯州,支持,美国,2025-02-23,1.000000
苹果,支持,美国,2025-02-23,1.000000
特朗普,增进,美国,2025-02-23,1.000000
特朗普,感谢,库克,2025-02-23,1.000000
特朗普,感谢,库克,2025-02-23,1.000000
特朗普,支持,美国,2025-02-23,1.000000
TSMC,建设,美国,2025-02-23,1.000000
美国,增进,成本,2025-04-15,1.000000
马克·赫尔斯林克,认为有威胁,美国,2025-04-15,1.000000
特朗普,认为有威胁,台湾,2024-11-11,1.000000
特朗普,质疑,台湾,2024-11-11,1.000000
特朗普,感到不满,台湾,2024-11-11,1.000000
特朗普,威胁,台湾,2024-11-11,1.000000
特朗普,认为违规,台湾,2024-11-11,1.000000
美国,增进,出口管制,2024-11-11,1.000000
特朗普,批评,台湾,2024-11-11,1.000000
特朗普,担忧,台湾,2024-11-11,1.000000
特朗普,认为失败,总统大选,2024-11-11,1.000000
台积电,增进,芯片,2024-11-29,1.000000
特朗普,认为有暴力,台湾,2024-11-11,1.000000
特朗普,攻击,台湾,2024-11-11,1.000000
特朗普,损害,台湾,2024-11-11,1.000000
特朗普,批评,台湾,2024-11-11,1.000000
特朗普,威胁,台湾,2024-11-11,1.000000
特朗普,认为有威胁,台湾,2024-11-11,1.000000
约翰·迪尔,质疑,特朗普,2025-04-09,1.000000
约翰·迪尔,认为有威胁,特朗普,2025-04-09,1.000000
约翰·迪尔,认为违规,特朗普,2025-04-09,1.000000
约翰·迪尔,担忧,特朗普,2025-04-09,1.000000
约翰·迪尔,感到不满,特朗普,2025-04-09,1.000000
约翰·迪尔,认为犯罪,特朗普,2025-04-09,1.000000
约翰·迪尔,批评,特朗普,2025-04-09,1.000000
特朗普,认为违规,芯片,2025-04-09,1.000000
约翰·迪尔,攻击,特朗普,2025-04-09,1.000000
特朗普,威胁,约翰·迪尔,2025-04-09,1.000000
特朗普,认为有威胁,台积电,2025-04-09,1.000000
特朗普,质疑,前总统拜登,2025-04-09,1.000000
特朗普,视作英雄,前总统拜登,2025-04-09,1.000000
约翰·迪尔,支持,特朗普,2025-04-09,1.000000
约翰·迪尔,损害,特朗普,2025-04-09,1.000000
约翰·迪尔,威胁,特朗普,2025-04-09,1.000000
共和党参议员,感到不满,特朗普,2025-04-09,1.000000
特朗普,批评,前总统拜登,2025-04-09,1.000000
约翰·迪尔,认为有危机,特朗普,2025-04-09,1.000000
约翰·迪尔,认为有暴力,特朗普,2025-04-09,1.000000
特朗普,主导,芯片,2025-04-09,1.000000
约翰·迪尔,认为失败,特朗普,2025-04-09,1.000000
约翰·迪尔,视作英雄,特朗普,2025-04-09,1.000000
共和党参议员,批评,特朗普,2025-04-09,1.000000
特朗普,认为有威胁,通用汽车,2025-04-09,1.000000
约翰·迪尔,认为恐怖,特朗普,2025-04-09,1.000000
特朗普,攻击,通用汽车,2025-04-09,1.000000
特朗普,威胁,通用汽车,2025-04-09,1.000000
特朗普,喜欢,半导体,2025-04-17,1.000000
特朗普,欢迎,半导体,2025-04-17,1.000000
美国,增进,人工智能竞赛,2024-11-27,1.000000
美国,支持,台湾的贸易,2024-11-27,1.000000
美国,增进,台湾的贸易,2024-11-27,1.000000
美国,主导,人工智能竞赛,2024-11-27,1.000000
特朗普,攻击,凯瑟琳·哈里斯,2024-11-05,1.000000
凯瑟琳·哈里斯,认为失败,特朗普,2024-11-05,1.000000
美国,主导,反垄断诉讼,2024-11-05,1.000000
特朗普,视作英雄,凯瑟琳·哈里斯,2024-11-05,1.000000
特朗普,攻击,凯瑟琳·哈里斯,2024-11-05,1.000000
美国,增进,区域市场的增长,2024-11-25,1.000000
美国,主导,CHIPS激励计划,2024-11-25,1.000000
台积电,增进,半导体,2024-11-25,1.000000
美国,主导,CHIPS激励计划,2024-11-25,1.000000
美国,视作英雄,拜登-哈里斯,2024-11-25,1.000000
美国,主导,芯片,2024-11-29,1.000000
美国,认可,台湾积体电路,2024-11-29,1.000000
美国,损害,中国,2024-11-29,1.000000
美国,攻击,中国,2024-11-29,1.000000
美国,增进,台湾积体电路,2024-11-29,1.000000
美国,支持,台湾积体电路,2024-11-29,1.000000
美国,认为非法,广告技术市场,2024-11-05,1.000000
特朗普,视作英雄,卡玛拉·哈里斯,2024-11-05,1.000000
特朗普,认为失败,卡玛拉·哈里斯,2024-11-05,1.000000
特朗普,批评,台积电,2024-11-05,1.000000
特朗普,增进,关税计划,2024-11-05,1.000000
特朗普,认可,芯片,2024-11-05,1.000000
特朗普,攻击,卡玛拉·哈里斯,2024-11-05,1.000000
卡玛拉·哈里斯,认为失败,特朗普,2024-11-05,1.000000
特朗普,担忧,芯片,2024-11-05,1.000000
特朗普,主导,芯片,2024-11-05,1.000000
特朗普,质疑,芯片,2024-11-05,1.000000
美国,主导,反垄断诉讼,2024-11-05,1.000000
民主党,视作英雄,特朗普,2024-11-05,1.000000
特朗普,批评,芯片,2024-11-05,1.000000
特朗普,质疑,台积电,2024-11-05,1.000000
特朗普,认为违规,芯片,2024-11-05,1.000000
特朗普,攻击,卡玛拉·哈里斯,2024-11-05,1.000000
保守派,视作英雄,特朗普,2024-11-05,1.000000
特朗普,增进,关税计划,2024-11-05,1.000000
特朗普,质疑,芯片,2024-11-05,1.000000
特朗普,批评,台积电,2024-11-05,1.000000
特朗普,认为违规,芯片,2024-11-05,1.000000
特朗普,批评,芯片,2024-11-05,1.000000
特朗普,质疑,台积电,2024-11-05,1.000000
特朗普,欣赏,芯片,2024-11-05,1.000000
特朗普,主导,关税计划,2024-11-05,1.000000
美国,攻击,朝鲜,2025-03-05,1.000000
特朗普,认为优秀,苹果,2025-03-05,1.000000
特朗普,认为有威胁,中国,2025-03-05,1.000000
特朗普,认为有威胁,中国,2025-03-05,1.000000
金正恩,质疑,美国,2025-03-05,1.000000
特朗普,主导,苹果,2025-03-05,1.000000
特朗普,攻击,中国,2025-03-05,1.000000
金正恩,认为违规,美国,2025-03-05,1.000000
特朗普,损害,中国,2025-03-05,1.000000
特朗普,威胁,中国,2025-03-05,1.000000
特朗普,威胁,中国,2025-03-05,1.000000
金正恩,批评,美国,2025-03-05,1.000000
美国,感谢,收看VOA亚洲周报,2025-03-05,1.000000
摩根大通分析师,增进,美国,2025-04-09,1.000000
特朗普,主导,关税计划,2025-04-09,1.000000
特朗普,认可,关税计划,2025-04-09,1.000000
特朗普,主导,关税计划,2025-04-09,1.000000
特朗普,增进,关税计划,2025-04-09,1.000000
特朗普,支持,关税计划,2025-04-09,1.000000
德克萨斯州,支持,美国,2025-02-23,1.000000
TSMC,开始生产,苹果,2025-02-23,1.000000
芯片,支持,芯片,2024-12-11,1.000000
美国,主导,芯片,2024-12-11,1.000000
美国,支持,芯片,2025-04-16,1.000000
美国,主导,芯片,2025-04-16,1.000000
特朗普,认为有威胁,台湾,2024-11-11,1.000000
台积公司(TSM),增进,美国,2024-11-11,1.000000
特朗普,威胁,台湾,2024-11-11,1.000000
特朗普,攻击,台湾,2024-11-11,1.000000
特朗普,损害,台湾,2024-11-11,1.000000
特朗普,攻击,卡玛拉·哈里斯,2024-11-05,1.000000
特朗普,视作英雄,卡玛拉·哈里斯,2024-11-05,1.000000
特朗普,认为失败,卡玛拉·哈里斯,2024-11-05,1.000000
特朗普,批评,芯片,2024-11-05,1.000000
美国,主导,反垄断诉讼,2024-11-05,1.000000
特朗普,攻击,卡玛拉·哈里斯,2024-11-05,1.000000
特朗普,视作英雄,卡玛拉·哈里斯,2024-11-05,1.000000
特朗普,认为失败,关税计划,2024-11-05,1.000000
特朗普,认为失败,卡玛拉·哈里斯,2024-11-05,1.000000
美国,主导,反垄断诉讼,2024-11-05,1.000000
特朗普,增进,关税计划,2024-11-05,1.000000
民主党,视作英雄,特朗普,2024-11-05,1.000000
特朗普,攻击,卡玛拉·哈里斯,2024-11-05,1.000000
特朗普,主导,关税计划,2024-11-05,1.000000
特朗普,增进,关税计划,2024-11-05,1.000000
特朗普,视作英雄,特朗普,2025-04-08,1.000000
特朗普,认为违规,广泛全球关税政策,2025-04-08,1.000000
美国,支持,英特尔,2025-04-08,1.000000
特朗普,认为违规,关税,2025-04-08,1.000000
美国,损害,英特尔,2025-04-08,1.000000
美国,威胁,英特尔,2025-04-08,1.000000
美国,感到不满,英特尔,2025-04-08,1.000000
特朗普,主导,广泛全球关税政策,2025-04-08,1.000000
美国,攻击,英特尔,2025-04-08,1.000000
美国,认为非法,广告技术市场,2024-11-05,1.000000
特朗普,视作英雄,卡玛拉·哈里斯,2024-11-05,1.000000
特朗普,认为失败,卡玛拉·哈里斯,2024-11-05,1.000000
特朗普,批评,台积电,2024-11-05,1.000000
特朗普,认可,芯片,2024-11-05,1.000000
特朗普,攻击,卡玛拉·哈里斯,2024-11-05,1.000000
特朗普,担忧,芯片,2024-11-05,1.000000
特朗普,主导,芯片,2024-11-05,1.000000
特朗普,支持,芯片,2024-11-05,1.000000
特朗普,质疑,芯片,2024-11-05,1.000000
美国,主导,反垄断诉讼,2024-11-05,1.000000
民主党,视作英雄,特朗普,2024-11-05,1.000000
特朗普,批评,芯片,2024-11-05,1.000000
特朗普,质疑,台积电,2024-11-05,1.000000
特朗普,认为违规,芯片,2024-11-05,1.000000
特朗普,攻击,卡玛拉·哈里斯,2024-11-05,1.000000
美国,增进,并购,2024-11-05,1.000000
美国,认为失败,反垄断诉讼,2024-11-05,1.000000
特朗普,增进,关税计划,2024-11-05,1.000000
特朗普,质疑,芯片,2024-11-05,1.000000
特朗普,批评,台积电,2024-11-05,1.000000
特朗普,认为违规,芯片,2024-11-05,1.000000
特朗普,批评,芯片,2024-11-05,1.000000
特朗普,欣赏,芯片,2024-11-05,1.000000
特朗普,威胁,美国,2025-04-14,1.000000
特朗普,认为有威胁,美国,2025-04-14,1.000000
特朗普,担忧,关税,2025-04-14,1.000000
特朗普,认为有威胁,墨西哥,2024-11-27,1.000000
《亚洲尼基尼科》,视作英雄,特朗普,2024-11-27,1.000000
美国,认为有威胁,墨西哥,2024-11-27,1.000000
美国,攻击,墨西哥,2024-11-27,1.000000
美国,威胁,墨西哥,2024-11-27,1.000000
美国,损害,墨西哥,2024-11-27,1.000000
苏丽莎,认为有威胁,特朗普,2025-04-14,1.000000
TSMC,合作生产,AMD,2025-04-14,1.000000
TSMC,合作生产,Nvidia,2025-04-14,1.000000
TSMC,技术合作,AMD,2025-04-14,1.000000
TSMC,长期合作,AMD,2025-04-14,1.000000
拜登政府,质疑,苹果,2025-03-02,1.000000
苹果,增进,美国,2025-03-02,1.000000
亚利桑那州,主导,TSMC,2025-01-09,1.000000
Brad Lin,增进,台积电,2024-11-29,1.000000
路透社,支持,美国,2025-04-08,1.000000
特朗普,批评,前总统乔·拜登的政府,2025-04-08,1.000000
路透社,主导,美国,2025-04-08,1.000000
特朗普,批评,前总统乔·拜登的政府,2025-04-08,1.000000
路透社,视作英雄,特朗普,2025-04-08,1.000000
CFO黄文德,认为优秀,台积电,2024-11-08,1.000000
半导体,主导,苹果,2025-02-23,1.000000
半导体,支持,苹果,2025-02-23,1.000000
特朗普,欢迎,苹果,2025-02-23,1.000000
蒂姆·库克,支持,美国,2025-02-23,1.000000
半导体,认为有危机,苹果,2025-02-23,1.000000
特朗普,感谢,苹果,2025-02-23,1.000000
半导体,增进,苹果,2025-02-23,1.000000
半导体,认为失败,苹果,2025-02-23,1.000000
库克,支持,美国,2025-02-23,1.000000
特朗普,欢迎,库克,2025-02-23,1.000000
半导体,相信,苹果,2025-02-23,1.000000
半导体,欣赏,苹果,2025-02-23,1.000000
特朗普,支持,美国,2025-02-23,1.000000
半导体,喜欢,苹果,2025-02-23,1.000000
特朗普,感谢,库克,2025-02-23,1.000000
半导体,感到满意,苹果,2025-02-23,1.000000
半导体,感到不满,苹果,2025-02-23,1.000000
特朗普,欢迎,库克,2025-02-23,1.000000
半导体,担忧,苹果,2025-02-23,1.000000
半导体,质疑,苹果,2025-02-23,1.000000
半导体,认为有威胁,苹果,2025-02-23,1.000000
半导体,认为优秀,苹果,2025-02-23,1.000000
特朗普,增进,美国,2025-02-23,1.000000
半导体,认为有成就,苹果,2025-02-23,1.000000
特朗普,感谢,库克,2025-02-23,1.000000
特朗普,增进,半导体,2025-02-23,1.000000
蒂姆·库克,增进,美国,2025-02-23,1.000000
半导体,批评,苹果,2025-02-23,1.000000
半导体,认可,苹果,2025-02-23,1.000000
半导体,损害,苹果,2025-02-23,1.000000
半导体,威胁,苹果,2025-02-23,1.000000
特朗普,感谢,苹果,2025-02-23,1.000000
特朗普,支持,美国,2025-02-23,1.000000
美国,主导,《CHIPS法案》,2024-12-02,1.000000
《CHIPS法案》,损害,台积电,2024-12-02,1.000000
美国,认为有威胁,台积电,2024-12-02,1.000000
《CHIPS法案》,威胁,台积电,2024-12-02,1.000000
格尔辛格,认为有危机,台积电,2024-12-02,1.000000
美国,威胁,台积电,2024-12-02,1.000000
格尔辛格,认为恐怖,台积电,2024-12-02,1.000000
格尔辛格,认为有威胁,台积电,2024-12-02,1.000000
格尔辛格,质疑,台积电,2024-12-02,1.000000
《CHIPS法案》,认为有威胁,台积电,2024-12-02,1.000000
格尔辛格,认为犯罪,台积电,2024-12-02,1.000000
格尔辛格,损害,台积电,2024-12-02,1.000000
格尔辛格,攻击,台积电,2024-12-02,1.000000
格尔辛格,威胁,台积电,2024-12-02,1.000000
Intel,关系紧张,TSMC,2024-12-02,1.000000
日月光技术公司,增进,美国,2025-04-14,1.000000
Nvidia公司,增进,美国,2025-04-14,1.000000
Nvidia,增进,美国,2025-04-14,1.000000
美国,认为有暴力,CPRI,2025-04-18,1.000000
美国,认为有成就,埃隆·马斯克,2025-04-18,1.000000
麦肯齐·豪厄尔斯,认可,美国,2025-04-18,1.000000
麦肯齐·豪厄尔斯,批评,美国,2025-04-18,1.000000
麦肯齐·豪厄尔斯,支持,美国,2025-04-18,1.000000
TSMC,切断,客户,2025-04-18,1.000000
TSMC,产量超过,台湾,2025-04-18,1.000000
黄仁勋,增进,美国,2025-04-14,1.000000
Nvidia,增进,美国,2025-04-14,1.000000
特朗普,增进,美国,2025-04-14,1.000000
特朗普,增进,美国,2025-04-14,1.000000
拜登政府,支持,台积电,2024-11-20,1.000000
中国,增进,芯片,2024-11-20,1.000000
赖清德政府,增进,美国,2024-11-20,1.000000
美国,视作英雄,特朗普,2024-11-20,1.000000
台积电,感到满意,拜登政府,2024-11-20,1.000000
美国,损害,中国,2024-11-20,1.000000
拜登政府,认可,台积电,2024-11-20,1.000000
TSMC,获得资金,美国,2024-11-20,1.000000
TSMC,生产,美国,2024-11-20,1.000000
TSMC,获得资金,美国,2024-11-20,1.000000
台积电,损害,中国,2024-11-16,1.000000
英伟达,主导,台积电,2024-11-16,1.000000
英伟达,认为优秀,台积电,2024-11-16,1.000000
英伟达,认为优秀,台积电,2024-11-16,1.000000
美国,增进,芯片,2024-11-27,1.000000
吉娜·雷蒙多,增进,美国,2024-11-26,1.000000
芯片,增进,美国,2024-11-26,1.000000
美国,增进,美国,2024-11-26,1.000000
美国,支持,英特尔,2024-11-26,1.000000
美国,主导,芯片,2024-11-26,1.000000
美国,视作英雄,吉娜·雷蒙多,2024-11-26,1.000000
吉娜·雷蒙多,增进,美国,2024-11-26,1.000000
美国,主导,芯片,2024-11-26,1.000000
美国,增进,美国,2024-11-26,1.000000
美国,支持,英特尔,2024-11-26,1.000000
英特尔公司,增进,美国,2024-11-26,1.000000
美国,视作英雄,吉娜·雷蒙多,2024-11-26,1.000000
芯片,增进,美国,2024-11-26,1.000000
美国,支持,芯片,2025-03-29,1.000000
美国,主导,芯片,2025-03-29,1.000000
美国,认可,芯片,2025-03-29,1.000000
中国,威胁,台湾,2024-11-16,1.000000
美国,损害,中国,2024-11-16,1.000000
美国,损害,台湾,2024-11-16,1.000000
中国,认为有威胁,台湾,2024-11-16,1.000000
美国,攻击,台湾,2024-11-16,1.000000
中国,攻击,台湾,2024-11-16,1.000000
中国,认为非法,台湾,2024-11-16,1.000000
中国,损害,台湾,2024-11-16,1.000000
美国,损害,中国,2024-11-16,1.000000
詹森·黄,增进,美国,2025-04-15,1.000000
英伟达,增进,美国,2025-04-15,1.000000
特朗普,感谢,詹森,2025-04-15,1.000000
特朗普,质疑,关税政策,2025-04-15,1.000000
特朗普,认为违规,关税政策,2025-04-15,1.000000
特朗普,批评,关税政策,2025-04-15,1.000000
特朗普,主导,白宫,2025-04-15,1.000000
特朗普,认可,关税政策,2025-04-15,1.000000
特朗普,支持,关税政策,2025-04-15,1.000000
纳伊布·布克勒,增进,美国,2025-04-15,1.000000
芯片,增进,美国,2025-04-15,1.000000
特朗普,认为可靠,关税政策,2025-04-15,1.000000
特朗普,增进,美国,2025-04-15,1.000000
特朗普,认为失败,关税政策,2025-04-15,1.000000
詹森,增进,美国,2025-04-15,1.000000
美国,增进,美国,2025-04-15,1.000000
特朗普,增进,美国,2025-04-15,1.000000
台积电,增进,美国,2025-04-15,1.000000
特朗普,感谢,詹森,2025-04-15,1.000000
德克萨斯州,增进,美国,2025-04-15,1.000000
美国,认为违规,存储巨头西部数据,2025-04-08,1.000000
美国,损害,存储巨头西部数据,2025-04-08,1.000000
美国,认为犯罪,存储巨头西部数据,2025-04-08,1.000000
吉娜·雷蒙多,增进,美国,2024-11-26,1.000000
芯片,增进,美国,2024-11-26,1.000000
美国,增进,美国,2024-11-26,1.000000
美国,欢迎,英特尔,2024-11-26,1.000000
美国,支持,英特尔,2024-11-26,1.000000
美国,主导,芯片,2024-11-26,1.000000
美国,视作英雄,吉娜·雷蒙多,2024-11-26,1.000000
TSMC,计划商业化,日本工厂,2024-12-16,1.000000
TSMC,股票上涨,股价,2024-12-16,1.000000
TSMC,生产,芯片,2024-12-16,1.000000
民进党,认为可靠,美国,2025-04-03,1.000000
台湾内阁,质疑,美国,2025-04-03,1.000000
《海峡时报》,威胁,美国,2025-04-03,1.000000
美国,认为有危机,新加坡,2025-04-03,1.000000
美国,质疑,赖清德,2025-04-03,1.000000
邱教授,增进,美国,2025-04-03,1.000000
特朗普,认可,台积电,2025-04-03,1.000000
美国,增进,贸易关系,2025-04-03,1.000000
特朗普,欣赏,台积电,2025-04-03,1.000000
《海峡时报》,欢迎,特朗普,2025-04-03,1.000000
朱利安·夏伊塞教授,认为有威胁,美国,2025-04-03,1.000000
特朗普,认为可靠,美国,2025-04-03,1.000000
台湾内阁,认为有威胁,美国,2025-04-03,1.000000
台湾,欢迎,特朗普,2025-04-03,1.000000
美国,攻击,中国,2025-04-03,1.000000
美国,损害,中国,2025-04-03,1.000000
特朗普,损害,台湾,2025-04-03,1.000000
特朗普,质疑,台积电,2025-04-03,1.000000
《海峡时报》,认为可靠,美国,2025-04-03,1.000000
叶威仪,欢迎,特朗普,2025-04-03,1.000000
台湾内阁,认为违规,美国,2025-04-03,1.000000
邱志伟,认为可靠,美国,2025-04-03,1.000000
特朗普,主导,交易性外交政策,2025-04-03,1.000000
台湾内阁,批评,美国,2025-04-03,1.000000
特朗普,增进,交易性外交政策,2025-04-03,1.000000
邱达生,增进,美国,2025-04-03,1.000000
台北,欢迎,特朗普,2025-04-03,1.000000
特朗普,感到满意,台积电,2025-04-03,1.000000
《海峡时报》,认为有威胁,美国,2025-04-03,1.000000
台北,增进,美国,2025-04-03,1.000000
朱利安·夏伊塞教授,质疑,美国,2025-04-03,1.000000
美国,损害,新加坡,2025-04-03,1.000000
特朗普,损害,台湾公司,2025-04-03,1.000000
台湾民主进步党,欢迎,特朗普,2025-04-03,1.000000
特朗普,攻击,中国,2025-04-03,1.000000
《海峡时报》,攻击,中国,2025-04-03,1.000000
特朗普,认可,台积电,2025-04-03,1.000000
朱利安·夏伊塞教授,威胁,美国,2025-04-03,1.000000
特朗普,主导,台积电,2025-04-03,1.000000
朱利安·夏伊塞教授,认为恐怖,美国,2025-04-03,1.000000
特朗普,认为优秀,台积电,2025-04-03,1.000000
朱利安·夏伊塞教授,担忧,美国,2025-04-03,1.000000
一美论”,质疑,美国,2025-04-03,1.000000
华盛顿,认为可靠,美国,2025-04-03,1.000000
台湾民主进步党,感谢,特朗普,2025-04-03,1.000000
朱利安·夏伊塞教授,认为可靠,美国,2025-04-03,1.000000
特朗普,支持,台积电,2025-04-03,1.000000
朱利安·夏伊塞教授,认为有危机,美国,2025-04-03,1.000000
美国,认为有威胁,新加坡,2025-04-03,1.000000
特朗普,认为可靠,美国,2025-04-03,1.000000
《海峡时报》,质疑,美国,2025-04-03,1.000000
台湾内阁,认为非法,美国,2025-04-03,1.000000
新加坡,视作英雄,特朗普,2025-04-03,1.000000
特朗普,认为有威胁,中国,2025-04-03,1.000000
台积电,认为可靠,美国,2025-04-03,1.000000
台湾民主进步党,视作英雄,特朗普,2025-04-03,1.000000
一美论”,认为有威胁,美国,2025-04-03,1.000000
特朗普,认为违规,交易性外交政策,2025-04-03,1.000000
特朗普,损害,新加坡消费者,2025-04-03,1.000000
美国,认为优秀,亚马逊,2024-11-05,1.000000
美国,质疑,亚马逊,2024-11-05,1.000000
美国,认可,亚马逊,2024-11-05,1.000000
美国,批评,亚马逊,2024-11-05,1.000000
美国,支持,亚马逊,2024-11-05,1.000000
TSMC,面临,台湾电力短缺问题,2024-11-05,1.000000
特朗普,损害,特斯拉的业务,2025-04-23,1.000000
亚利桑那州,支持,TSMC,2024-11-08,1.000000
美国,主导,芯片,2024-12-27,1.000000
苹果,支持,美国,2025-02-23,1.000000
特朗普,支持,美国,2025-02-23,1.000000
苹果,支持,美国,2025-02-23,1.000000
蒂姆·库克,支持,美国,2025-02-23,1.000000
特朗普,批评,苹果,2025-02-23,1.000000
特朗普,批评,苹果,2025-02-23,1.000000
蒂姆·库克,批评,苹果,2025-02-23,1.000000
库克,批评,苹果,2025-02-23,1.000000
库克,支持,美国,2025-02-23,1.000000
德克萨斯州,支持,美国,2025-02-23,1.000000
苹果,主导,苹果,2025-02-23,1.000000
德克萨斯州,批评,苹果,2025-02-23,1.000000
特朗普,担忧,关税上涨,2025-04-09,1.000000
特朗普,批评,关税上涨,2025-04-09,1.000000
特朗普,感谢,分享,2025-04-09,1.000000
查尔斯·许,威胁,特朗普,2025-04-09,1.000000
特朗普,主导,关税上涨,2025-04-09,1.000000
查尔斯·许,认为有威胁,特朗普,2025-04-09,1.000000
台湾,质疑,特朗普,2025-04-09,1.000000
特朗普,增进,关税上涨,2025-04-09,1.000000
特朗普,增进,关税上涨,2025-04-09,1.000000
欧盟委员会,批评,苹果,2025-04-23,1.000000
杰德· Vance,支持,特朗普,2025-04-23,1.000000
杰德· Vance,攻击,苹果,2025-04-23,1.000000
欧盟委员会,支持,苹果,2025-04-23,1.000000
欧盟委员会,攻击,苹果,2025-04-23,1.000000
欧盟委员会,损害,苹果,2025-04-23,1.000000
欧盟委员会,威胁,苹果,2025-04-23,1.000000
特朗普,攻击,苹果,2025-04-23,1.000000
路透社,质疑,苹果,2025-04-23,1.000000
欧盟委员会,欣赏,苹果,2025-04-23,1.000000
欧盟,质疑,苹果,2025-04-23,1.000000
欧盟,认为违规,苹果,2025-04-23,1.000000
欧盟委员会,喜欢,苹果,2025-04-23,1.000000
欧洲,主导,特朗普,2025-04-23,1.000000
欧盟,攻击,苹果,2025-04-23,1.000000
欧盟,威胁,苹果,2025-04-23,1.000000
杰德· Vance,相信,特朗普,2025-04-23,1.000000
欧盟委员会,担忧,苹果,2025-04-23,1.000000
欧盟委员会,感到不满,苹果,2025-04-23,1.000000
路透社,认为失败,特朗普,2025-04-23,1.000000
欧盟委员会,认为有威胁,苹果,2025-04-23,1.000000
欧洲,认为失败,特朗普,2025-04-23,1.000000
欧盟委员会,质疑,苹果,2025-04-23,1.000000
欧盟委员会,认可,苹果,2025-04-23,1.000000
TSMC,超越,Intel,2024-12-03,1.000000
TSMC,培养,高管,2024-12-03,1.000000
加拿大研究机构,认为非法,美国,2024-11-07,1.000000
加拿大研究机构,认为有威胁,美国,2024-11-07,1.000000
中国大陆公司,认为违规,TSMC,2024-11-07,1.000000
美国,支持,针对华为,2024-11-07,1.000000
中国大陆公司,认为违规,美国,2024-11-07,1.000000
加拿大研究机构,认为违规,美国,2024-11-07,1.000000
美国,增进,针对华为,2024-11-07,1.000000
加拿大研究机构,主导,美国,2024-11-07,1.000000
美国,主导,针对华为,2024-11-07,1.000000
美国,损害,中国,2024-11-07,1.000000
加拿大研究机构,认为犯罪,美国,2024-11-07,1.000000
美国,攻击,中国,2024-11-07,1.000000
路透社,质疑,TSMC,2024-11-07,1.000000
路透社,认为违规,美国,2024-11-07,1.000000
加拿大研究机构,认为可靠,美国,2024-11-07,1.000000
美国,损害,华为,2024-11-07,1.000000
路透社,认为犯罪,美国,2024-11-07,1.000000
TSMC,停止生产,芯片,2024-11-07,1.000000
TSMC,否认,违规行为,2024-11-07,1.000000
华为,声明,台积电,2024-11-07,1.000000
TSMC,暂停出货,厦门智算科技,2024-11-07,1.000000
TSMC,投资,美国,2024-11-07,1.000000
美国,主导,芯片,2024-12-27,1.000000
美国,主导,芯片,2024-12-26,1.000000
美国,主导,芯片,2025-04-19,1.000000
埃迪松·李,质疑,特朗普,2024-11-15,1.000000
布劳登曼,相信,特朗普,2024-11-15,1.000000
路透社,认为可靠,中国,2024-11-15,1.000000
特朗普,增进,芯片,2024-11-15,1.000000
特朗普,认可,芯片,2024-11-15,1.000000
特朗普,主导,芯片,2024-11-15,1.000000
埃迪松·李,批评,特朗普,2024-11-15,1.000000
特朗普,担忧,芯片,2024-11-15,1.000000
特朗普,质疑,芯片,2024-11-15,1.000000
特朗普,支持,芯片,2024-11-15,1.000000
特朗普,认为犯罪,芯片,2024-11-15,1.000000
特朗普,增进,美国,2024-11-15,1.000000
罗伯特·梅尔,主导,特朗普,2024-11-15,1.000000
路透社,认为有威胁,中国,2024-11-15,1.000000
美国,认为有威胁,中国,2024-11-15,1.000000
特朗普,批评,芯片,2024-11-15,1.000000
罗伯特·梅尔,损害,特朗普,2024-11-15,1.000000
特朗普,感到满意,芯片,2024-11-15,1.000000
特朗普,认为违规,芯片,2024-11-15,1.000000
路透社,认为非法,中国,2024-11-15,1.000000
特朗普,视作英雄,布劳登曼,2024-11-15,1.000000
特朗普,增进,美国,2024-11-15,1.000000
特朗普,认为有危机,芯片,2024-11-15,1.000000
埃迪松·李,担忧,特朗普,2024-11-15,1.000000
美国,要求停止运送,TSMC,2024-11-15,1.000000
TSMC,投资建设,亚利桑那州,2024-11-21,1.000000
TSMC,增加投资,美国,2025-04-22,1.000000
TSMC,完成,亚利桑那州,2025-04-22,1.000000
TSMC,带动,亚利桑那州,2025-04-22,1.000000
特朗普,主导,美国,2024-11-02,1.000000
哈里斯,认为有威胁,特朗普,2024-11-02,1.000000
哈里斯,批评,特朗普,2024-11-02,1.000000
哈里斯,认为有危机,特朗普,2024-11-02,1.000000
特朗普,增进,中美贸易,2024-11-02,1.000000
哈里斯,质疑,特朗普,2024-11-02,1.000000
哈里斯,感到不满,特朗普,2024-11-02,1.000000
哈里斯,主导,美国,2024-11-02,1.000000
库克,视作英雄,特朗普,2025-02-23,1.000000
特朗普,主导,苹果,2025-02-23,1.000000
库克,欢迎,特朗普,2025-02-23,1.000000
库克,欣赏,特朗普,2025-02-23,1.000000
特朗普,相信,苹果,2025-02-23,1.000000
特朗普,攻击,半导体,2025-04-17,1.000000
特朗普,损害,半导体,2025-04-17,1.000000
特朗普,威胁,半导体,2025-04-17,1.000000
特朗普,认为有威胁,半导体,2025-04-17,1.000000
特朗普,担忧,半导体,2025-04-17,1.000000
TSMC,收入增长预期,20%到30%,2025-04-17,1.000000
TSMC,净利润增长,60%,2025-04-17,1.000000
TSMC,投资,美国,2025-04-17,1.000000
TSMC,追加投资,美国,2025-04-17,1.000000
TSMC,不参与,关税谈判,2025-04-17,1.000000
TSMC,未讨论,合资计划,2025-04-17,1.000000
TSMC,收入占比变化,中国、北美,2025-04-17,1.000000
TSMC,股票抛售,外资,2025-04-17,1.000000
TSMC,收入增长预期,芯片,2025-04-17,1.000000
中东,认为可靠,美国,2025-03-05,1.000000
美国,支持,AUVSI,2025-03-05,1.000000
《金融时报》,支持,美国,2025-03-05,1.000000
奥里奥尔,认为可靠,美国,2025-03-05,1.000000
美国,主导,AUVSI,2025-03-05,1.000000
奥里奥尔,增进,美国,2025-03-05,1.000000
厄内德斯,认为可靠,美国,2025-03-05,1.000000
美国,增进,美国,2025-03-05,1.000000
厄内德斯,增进,美国,2025-03-05,1.000000
《金融时报》,增进,美国,2025-03-05,1.000000
朱庇特,认为可靠,美国,2025-03-05,1.000000
朱庇特,增进,美国,2025-03-05,1.000000
美国,视作英雄,特朗普,2025-04-09,1.000000
魏哲家,视作英雄,特朗普,2025-04-09,1.000000
美国,损害,TSM,2025-04-09,1.000000
美国,攻击,TSM,2025-04-09,1.000000
特朗普,攻击,TSM,2025-04-09,1.000000
美国,威胁,TSM,2025-04-09,1.000000
C.C. Wei,质疑,台积电,2025-04-16,1.000000
特朗普,威胁,半导体,2025-04-16,1.000000
Gary Tan,认为优秀,台积电,2025-04-16,1.000000
特朗普,担忧,台积电,2025-04-16,1.000000
Gary Tan,担忧,台积电,2025-04-16,1.000000
特朗普,质疑,台积电,2025-04-16,1.000000
Gary Tan,认为有威胁,台积电,2025-04-16,1.000000
Gary Tan,质疑,台积电,2025-04-16,1.000000
特朗普,损害,半导体,2025-04-16,1.000000
特朗普,威胁,半导体,2025-04-16,1.000000
Gary Tan,认可,台积电,2025-04-16,1.000000
特朗普,批评,台积电,2025-04-16,1.000000
特朗普,认为有威胁,半导体,2025-04-16,1.000000
C.C. Wei,视作英雄,特朗普,2025-04-16,1.000000
特朗普,认为有威胁,半导体,2025-04-16,1.000000
特朗普,相信,台积电,2025-04-16,1.000000
特朗普,损害,半导体,2025-04-16,1.000000
美国,视作英雄,特朗普,2025-04-11,1.000000
特朗普,增进,对中国的压力,2025-04-11,1.000000
特朗普,增进,对中国的压力,2025-04-11,1.000000
特朗普,认为有威胁,中国,2025-04-11,1.000000
路透社,视作英雄,特朗普,2025-04-11,1.000000
美国,增进,对中国的压力,2025-04-11,1.000000
台湾政府,支持,美国,2025-04-11,1.000000
特朗普,增进,美国,2025-04-11,1.000000
特朗普,认为优秀,台积电,2025-04-11,1.000000
特朗普,认为有暴力,中国,2025-04-11,1.000000
台湾政府,承诺投资和消除壁垒,美国,2025-04-11,1.000000
特朗普,威胁,中国,2025-04-11,1.000000
台湾,欢迎,美国,2025-04-11,1.000000
美国,视作英雄,特朗普,2025-04-11,1.000000
台湾,增进,美国,2025-04-11,1.000000
特朗普,感谢,分享,2025-04-11,1.000000
特朗普,认为有威胁,中国,2025-04-11,1.000000
美国,攻击,中国,2025-04-11,1.000000
特朗普,攻击,中国,2025-04-11,1.000000
美国,威胁,中国,2025-04-11,1.000000
特朗普,威胁,中国,2025-04-11,1.000000
美国,感谢,分享,2025-04-11,1.000000
台湾贸易谈判办事处,认为优秀,美国,2025-04-11,1.000000
美国,认为有威胁,中国,2025-04-11,1.000000
特朗普,认为有威胁,中国,2025-04-11,1.000000
特朗普,攻击,中国,2025-04-11,1.000000
大卫·迈耶,质疑,苹果,2025-04-18,1.000000
台湾总统,批评,台积电,2025-04-18,1.000000
大卫·迈耶,攻击,苹果,2025-04-18,1.000000
克丽丝蒂安·赫兹纳,认可,台积电,2025-04-18,1.000000
克丽丝蒂安·赫兹纳,认为违规,台积电,2025-04-18,1.000000
克丽丝蒂安·赫兹纳,质疑,特朗普,2025-04-18,1.000000
克丽丝蒂安·赫兹纳,质疑,台积电,2025-04-18,1.000000
杰西卡·马修斯,质疑,特朗普,2025-04-18,1.000000
台湾总统,欣赏,台积电,2025-04-18,1.000000
约翰·凯尔,增进,特朗普,2025-04-18,1.000000
克丽丝蒂安·赫兹纳,批评,特朗普,2025-04-18,1.000000
克丽丝蒂安·赫兹纳,批评,台积电,2025-04-18,1.000000
台湾总统,担忧,台积电,2025-04-18,1.000000
特朗普,攻击,硅谷,2025-04-18,1.000000
克丽丝蒂安·赫兹纳,认为失败,台积电,2025-04-18,1.000000
台湾总统,质疑,台积电,2025-04-18,1.000000
大卫·迈耶,担忧,苹果,2025-04-18,1.000000
克丽丝蒂安·赫兹纳,认为优秀,台积电,2025-04-18,1.000000
克丽丝蒂安·赫兹纳,担忧,特朗普,2025-04-18,1.000000
台湾总统,认为失败,台积电,2025-04-18,1.000000
台湾总统,相信,台积电,2025-04-18,1.000000
台湾总统,喜欢,台积电,2025-04-18,1.000000
克丽丝蒂安·赫兹纳,支持,台积电,2025-04-18,1.000000
特朗普,主导,特斯拉股票,2025-04-18,1.000000
大卫·迈耶,相信,苹果,2025-04-18,1.000000
克丽丝蒂安·赫兹纳,认为可靠,特朗普,2025-04-18,1.000000
卡林·陈,主导,特朗普,2025-04-18,1.000000
卡林·陈,增进,特朗普,2025-04-18,1.000000
特朗普,增进,特斯拉股票,2025-04-18,1.000000
塔拉·科普,认为违规,苹果,2025-04-18,1.000000
台湾总统,认可,台积电,2025-04-18,1.000000
戴夫·史密斯,损害,苹果,2025-04-18,1.000000
台湾总统,支持,台积电,2025-04-18,1.000000
约翰·凯尔,损害,苹果,2025-04-18,1.000000
杰西卡·马修斯,相信,特朗普,2025-04-18,1.000000
大卫·迈耶,认为有危机,特朗普,2025-04-18,1.000000
塔拉·科普,担忧,苹果,2025-04-18,1.000000
杰西卡·马修斯,攻击,苹果,2025-04-18,1.000000
杰西卡·马修斯,损害,苹果,2025-04-18,1.000000
斯泰芬妮·达佐,威胁,苹果,2025-04-18,1.000000
塔拉·科普,质疑,苹果,2025-04-18,1.000000
卡林·陈,认为失败,特朗普,2025-04-18,1.000000
大卫·迈耶,认为违规,苹果,2025-04-18,1.000000
克丽丝蒂安·赫兹纳,感到满意,台积电,2025-04-18,1.000000
路透社,增进,特朗普,2025-04-18,1.000000
塔拉·科普,损害,苹果,2025-04-18,1.000000
塔拉·科普,认为可靠,苹果,2025-04-18,1.000000
约翰·凯尔,攻击,苹果,2025-04-18,1.000000
卡林·陈,威胁,苹果,2025-04-18,1.000000
克丽丝蒂安·赫兹纳,认为有成就,台积电,2025-04-18,1.000000
大卫·迈耶,增进,特朗普,2025-04-18,1.000000
斯泰芬妮·达佐,担忧,苹果,2025-04-18,1.000000
塔拉·科普,相信,苹果,2025-04-18,1.000000
塔拉·科普,喜欢,苹果,2025-04-18,1.000000
台湾总统,感到满意,台积电,2025-04-18,1.000000
TSMC,投资建设,美国,2025-04-18,1.000000
民进党,认为可靠,美国,2025-04-03,1.000000
《海峡时报》,威胁,美国,2025-04-03,1.000000
美国,认为缺乏,新加坡,2025-04-03,1.000000
邱教授,相信,特朗普,2025-04-03,1.000000
美国,喜欢,新加坡,2025-04-03,1.000000
邱教授,认为有威胁,特朗普,2025-04-03,1.000000
美国,攻击,泰国,2025-04-03,1.000000
邱达生,认为违规,特朗普,2025-04-03,1.000000
美国,质疑,新加坡,2025-04-03,1.000000
美国,认为有威胁,新加坡,2025-04-03,1.000000
美国,批评,新加坡,2025-04-03,1.000000
美国,攻击,台湾,2025-04-03,1.000000
美国,损害,台湾,2025-04-03,1.000000
邱教授,认为缺乏,特朗普,2025-04-03,1.000000
特朗普,认为可靠,美国,2025-04-03,1.000000
邱教授,认为有暴力,特朗普,2025-04-03,1.000000
台湾内阁,认为有威胁,美国,2025-04-03,1.000000
邱教授,增进,特朗普,2025-04-03,1.000000
美国,攻击,中国,2025-04-03,1.000000
邱达生,认为缺乏,特朗普,2025-04-03,1.000000
邱达生,欣赏,特朗普,2025-04-03,1.000000
邱教授,欣赏,特朗普,2025-04-03,1.000000
《海峡时报》,认为可靠,美国,2025-04-03,1.000000
邱达生,认为恐怖,特朗普,2025-04-03,1.000000
美国,感到满意,新加坡,2025-04-03,1.000000
美国,欣赏,新加坡,2025-04-03,1.000000
邱教授,感到不满,特朗普,2025-04-03,1.000000
芯片,认为可靠,美国,2025-04-03,1.000000
邱达生,质疑,特朗普,2025-04-03,1.000000
美国,认为恐怖,新加坡,2025-04-03,1.000000
邱教授,认为违规,特朗普,2025-04-03,1.000000
台湾内阁,认为违规,美国,2025-04-03,1.000000
邱志伟,认为可靠,美国,2025-04-03,1.000000
台湾内阁,批评,美国,2025-04-03,1.000000
邱达生,批评,特朗普,2025-04-03,1.000000
邱教授,威胁,特朗普,2025-04-03,1.000000
美国,认为有成就,新加坡,2025-04-03,1.000000
邱教授,批评,特朗普,2025-04-03,1.000000
《海峡时报》,认为有威胁,美国,2025-04-03,1.000000
美国,主导,新加坡,2025-04-03,1.000000
台湾民主进步党,欢迎,特朗普,2025-04-03,1.000000
美国,威胁,新加坡,2025-04-03,1.000000
邱教授,认为优秀,特朗普,2025-04-03,1.000000
特朗普,认为违规,交易外交政策,2025-04-03,1.000000
美国,增进,与台湾的贸易关系,2025-04-03,1.000000
美国,欢迎,新加坡,2025-04-03,1.000000
邱教授,认为恐怖,特朗普,2025-04-03,1.000000
美国,认为非法,新加坡,2025-04-03,1.000000
邱达生,担忧,特朗普,2025-04-03,1.000000
邱达生,认为优秀,特朗普,2025-04-03,1.000000
美国,认为优秀,新加坡,2025-04-03,1.000000
邱教授,认可,特朗普,2025-04-03,1.000000
特朗普,认为有威胁,中国入侵,2025-04-03,1.000000
邱达生,认可,特朗普,2025-04-03,1.000000
美国,认可,新加坡,2025-04-03,1.000000
邱达生,支持,特朗普,2025-04-03,1.000000
美国,支持,新加坡,2025-04-03,1.000000
邱教授,主导,特朗普,2025-04-03,1.000000
邱教授,认为有危机,特朗普,2025-04-03,1.000000
台湾内阁,认为恐怖,美国,2025-04-03,1.000000
特朗普,增进,交易外交政策,2025-04-03,1.000000
美国,认为可靠,新加坡,2025-04-03,1.000000
美国,损害,新加坡,2025-04-03,1.000000
台湾内阁,担忧,美国,2025-04-03,1.000000
李蕙怡,认为优秀,特朗普,2025-04-03,1.000000
美国,认为失败,新加坡,2025-04-03,1.000000
美国,认为有危机,新加坡,2025-04-03,1.000000
特朗普,增进,交易外交政策,2025-04-03,1.000000
邱达生,相信,特朗普,2025-04-03,1.000000
美国,认为有暴力,新加坡,2025-04-03,1.000000
邱教授,担忧,特朗普,2025-04-03,1.000000
邱达生,感到不满,特朗普,2025-04-03,1.000000
美国,感到不满,新加坡,2025-04-03,1.000000
邱教授,质疑,特朗普,2025-04-03,1.000000
美国,相信,新加坡,2025-04-03,1.000000
台湾内阁,认为有危机,美国,2025-04-03,1.000000
美国,担忧,新加坡,2025-04-03,1.000000
邱教授,支持,特朗普,2025-04-03,1.000000
美国,认为违规,新加坡,2025-04-03,1.000000
特朗普,认为可靠,美国,2025-04-03,1.000000
特朗普,主导,交易外交政策,2025-04-03,1.000000
《海峡时报》,质疑,美国,2025-04-03,1.000000
台湾内阁,认为非法,美国,2025-04-03,1.000000
台湾民主进步党,视作英雄,特朗普,2025-04-03,1.000000
特朗普,感谢,分享,2025-04-03,1.000000
邱教授,喜欢,特朗普,2025-04-03,1.000000
特朗普,认为有威胁,半导体,2025-04-16,1.000000
特朗普,感谢,分享,2025-04-16,1.000000
特朗普,感到满意,台积电,2025-04-16,1.000000
路透社,视作英雄,特朗普,2025-04-16,1.000000
Gary Tan,认为优秀,台积电,2025-04-16,1.000000
特朗普,感到不满,台积电,2025-04-16,1.000000
特朗普,担忧,台积电,2025-04-16,1.000000
Gary Tan,担忧,台积电,2025-04-16,1.000000
特朗普,质疑,台积电,2025-04-16,1.000000
特朗普,认为有威胁,半导体,2025-04-16,1.000000
特朗普,认为违规,台积电,2025-04-16,1.000000
路透社,认为有威胁,台积电,2025-04-16,1.000000
特朗普,威胁,半导体,2025-04-16,1.000000
特朗普,认为有威胁,台积电,2025-04-16,1.000000
特朗普,批评,台积电,2025-04-16,1.000000
特朗普,认可,台积电,2025-04-16,1.000000
特朗普,攻击,台积电,2025-04-16,1.000000
特朗普,威胁,台积电,2025-04-16,1.000000
特朗普,损害,半导体,2025-04-16,1.000000
特朗普,威胁,半导体,2025-04-16,1.000000
特朗普,认为可靠,台积电,2025-04-16,1.000000
特朗普,认为有暴力,台积电,2025-04-16,1.000000
特朗普,相信,台积电,2025-04-16,1.000000
特朗普,质疑,拜登,2024-12-03,1.000000
美国,认为违规,拜登,2024-12-03,1.000000
美国,认为有暴力,拜登,2024-12-03,1.000000
特朗普,攻击,拜登,2024-12-03,1.000000
特朗普,批评,拜登,2024-12-03,1.000000
特朗普,认为犯罪,拜登,2024-12-03,1.000000
美国,质疑,拜登,2024-12-03,1.000000
