head,relation,tail,time,score
美国,认为有危机,台积电,2024-10-23,1.000000
美国,质疑,台积电,2024-10-23,1.000000
路透社,认为违规,台积电,2024-10-23,1.000000
美国,批评,台积电,2024-10-23,1.000000
美国,认为非法,台积电,2024-10-23,1.000000
路透社,质疑,台积电,2024-10-23,1.000000
美国,担忧,台积电,2024-10-23,1.000000
美国,认为可靠,出口管制法规,2024-10-23,1.000000
美国,认为恐怖,台积电,2024-10-23,1.000000
美国,认为有威胁,台积电,2024-10-23,1.000000
美国,相信,台积电,2024-10-23,1.000000
美国,损害,台积电,2024-10-23,1.000000
美国,威胁,台积电,2024-10-23,1.000000
美国,感到不满,台积电,2024-10-23,1.000000
美国,认可,台积电,2024-10-23,1.000000
美国,认为违规,台积电,2024-10-23,1.000000
美国,认为优秀,台积电,2024-10-23,1.000000
美国,认为犯罪,台积电,2024-10-23,1.000000
美国,损害,台积电,2024-11-04,1.000000
美国,攻击,台积电,2024-11-04,1.000000
美国,认为犯罪,台积电,2024-10-18,1.000000
中国科技公司华为,认为违规,美国,2024-10-28,1.000000
容逸燊,喜欢,川普,2024-12-03,1.000000
容逸燊,批评,川普,2024-12-03,1.000000
容逸燊,质疑,川普,2024-12-03,1.000000
容逸燊,视作英雄,川普,2024-12-03,1.000000
容逸燊,相信,川普,2024-12-03,1.000000
容逸燊,欢迎,川普,2024-12-03,1.000000
容逸燊,认为热情,川普,2024-12-03,1.000000
容逸燊,欣赏,川普,2024-12-03,1.000000
容逸燊,认为有暴力,川普,2024-12-03,1.000000
美国,质疑,美国,2024-10-30,1.000000
川普,攻击,台湾,2024-11-19,1.000000
川普,认为有威胁,台湾,2024-11-19,1.000000
路透社,担忧,美国,2024-11-19,1.000000
商务部,认为可靠,美国,2024-11-19,1.000000
约翰‧穆勒纳尔,增进,美国,2024-11-19,1.000000
约翰‧穆勒纳尔,认为失败,美国,2024-11-19,1.000000
路透社,增进,美国,2024-11-19,1.000000
美国,认为恐怖,加拿大,2024-11-27,1.000000
阮慕骅,质疑,台积电,2024-11-27,1.000000
川普,认为有威胁,加拿大,2024-11-27,1.000000
美国,认为有威胁,加拿大,2024-11-27,1.000000
美国,认为恐怖,墨西哥,2024-11-27,1.000000
美国,认为有威胁,中国,2024-11-27,1.000000
阮慕骅,批评,台积电,2024-11-27,1.000000
阮慕骅,感到不满,台积电,2024-11-27,1.000000
美国,威胁,加拿大、墨西哥,2024-11-27,1.000000
美国,认为非法,加拿大,2024-11-27,1.000000
川普,认为有威胁,墨西哥,2024-11-27,1.000000
美国,认为有威胁,墨西哥,2024-11-27,1.000000
川普,认为非法,加拿大,2024-11-27,1.000000
美国,损害,特斯拉,2024-12-01,1.000000
美国,认为有暴力,特斯拉,2024-12-01,1.000000
美国,认为有暴力,特斯拉,2024-12-01,1.000000
美国,损害,特斯拉,2024-12-01,1.000000
美国,认为违规,美国,2024-10-29,1.000000
美国,攻击,台积电,2024-10-30,1.000000
美国,认为非法,台积电,2024-10-30,1.000000
RIRENMB,认为违规,台积电,2024-10-30,1.000000
美国,认为非法,台积电,2024-10-30,1.000000
台湾独裁爱好者领导人,认为非法,台积电,2024-10-30,1.000000
美国,攻击,台积电,2024-10-30,1.000000
魏哲家,认为有成就,台积电,2024-12-03,1.000000
美国,损害,台湾相关业者,2024-12-03,1.000000
季辛格,认为违规,美国,2024-12-03,1.000000
魏哲家,增进,台积电,2024-12-03,1.000000
川普,损害,台湾,2024-11-19,1.000000
美国,损害,台湾,2024-11-19,1.000000
张忠谋,认为有成就,台积电,2024-10-27,1.000000
美国,支持,台积电,2024-11-16,1.000000
美国,视作英雄,陈逸平,2024-11-16,1.000000
《晶片与科学法案》,认为优秀,台积电,2024-11-16,1.000000
美国,认为优秀,美国,2024-11-16,1.000000
拜登政府,认为优秀,台积电,2024-11-16,1.000000
拜登政府,主导,台积电,2024-11-16,1.000000
美国,视作英雄,美国,2024-11-16,1.000000
美国,支持,台积电,2024-11-16,1.000000
美国,认为违规,《晶片与科学法案》,2024-11-16,1.000000
美国,支持,台湾,2024-09-02,1.000000
美国,增进,芯片,2024-09-02,1.000000
美国,主导,涉台言论,2024-09-02,1.000000
美国,威胁,全球产业链的稳定,2024-12-06,1.000000
美国,增进,国产化进程,2024-12-06,1.000000
中国汽车工业协会,主导,美国,2024-12-06,1.000000
中国汽车工业协会,认为恐怖,美国,2024-12-06,1.000000
商务部,认为违规,美国,2024-12-06,1.000000
美国,认为有威胁,全球产业链的稳定,2024-12-06,1.000000
美国,损害,全球产业链的稳定,2024-12-06,1.000000
美国,损害,国际经贸秩序,2024-12-06,1.000000
美国,损害,国际经贸秩序,2024-12-06,1.000000
美国,损害,全球产业链的稳定,2024-12-06,1.000000
美国,认为有威胁,全球产业链的稳定,2024-12-06,1.000000
中国汽车工业协会,认为违规,美国,2024-12-06,1.000000
中国汽车工业协会,认为有危机,美国,2024-12-06,1.000000
中国汽车工业协会,认为犯罪,美国,2024-12-06,1.000000
中国汽车工业协会,认为失败,美国,2024-12-06,1.000000
美国,威胁,全球产业链的稳定,2024-12-06,1.000000
美国,认为违规,美国,2024-12-06,1.000000
约翰·穆勒纳尔,认为失败,美国,2024-10-28,1.000000
美国,认为恐怖,特斯拉,2024-12-02,1.000000
美国,认为犯罪,特斯拉,2024-12-02,1.000000
美国,认为有暴力,特斯拉,2024-12-02,1.000000
美国,认为有暴力,特斯拉,2024-12-02,1.000000
美国,认为有危机,特斯拉,2024-12-02,1.000000
美国,损害,特斯拉,2024-12-02,1.000000
美国,损害,特斯拉,2024-12-02,1.000000
美国,认为有威胁,特斯拉,2024-12-02,1.000000
美国,质疑,台积电,2024-10-23,1.000000
沈荣钦,质疑,台积电,2024-10-23,1.000000
美国,支持,芯片,2024-10-29,1.000000
美国,认可,芯片,2024-10-29,1.000000
美国,主导,芯片,2024-10-29,1.000000
美国,增进,芯片,2024-10-29,1.000000
张忠谋,主导,台积电,2024-10-26,1.000000
张忠谋,认为可靠,台积电,2024-11-29,1.000000
张忠谋,认可,台积电,2024-11-29,1.000000
张忠谋,担忧,台积电,2024-11-29,1.000000
张忠谋,质疑,英特尔,2024-11-29,1.000000
张忠谋,批评,台积电,2024-11-29,1.000000
张忠谋,认为有威胁,英特尔,2024-11-29,1.000000
张忠谋,认为恐怖,台积电,2024-11-29,1.000000
张忠谋,认为优秀,英特尔,2024-11-29,1.000000
张忠谋,认为有危机,英特尔,2024-11-29,1.000000
张忠谋,认为违规,台积电,2024-11-29,1.000000
张忠谋,质疑,台积电,2024-11-29,1.000000
张忠谋,认为有威胁,台积电,2024-11-29,1.000000
张忠谋,担忧,英特尔,2024-11-29,1.000000
张忠谋,认为有危机,台积电,2024-11-29,1.000000
特朗普,批评,台湾,2024-10-29,1.000000
特朗普,认为有威胁,台湾,2024-10-29,1.000000
特朗普,质疑,台湾,2024-10-29,1.000000
川普,质疑,课关税言论,2024-12-02,1.000000
川普,损害,台股加权指数,2024-12-02,1.000000
川普,批评,课关税言论,2024-12-02,1.000000
彭博社,认为有威胁,美国,2024-10-27,1.000000
詹家鸿,认为恐怖,台积电,2024-12-03,1.000000
詹家鸿,认为缺乏,台积电,2024-12-03,1.000000
詹家鸿,认为可靠,台积电,2024-12-03,1.000000
詹家鸿,质疑,台积电,2024-12-03,1.000000
詹家鸿,认为有威胁,台积电,2024-12-03,1.000000
詹家鸿,担忧,台积电,2024-12-03,1.000000
詹家鸿,认为有危机,台积电,2024-12-03,1.000000
詹家鸿,认可,台积电,2024-12-03,1.000000
詹家鸿,相信,台积电,2024-12-03,1.000000
张忠谋,相信,英特尔,2024-11-29,1.000000
张忠谋,相信,台积电,2024-10-26,1.000000
魏哲家,认为有成就,台积电,2024-10-26,1.000000
张忠谋,认为有成就,台积电,2024-11-27,1.000000
美国,认可,台积电,2024-10-17,1.000000
美国,认为有暴力,台积电,2024-10-17,1.000000
美国,认为热情,台积电,2024-10-17,1.000000
美国,支持,台积电,2024-10-17,1.000000
美国,认为有威胁,台积电,2024-10-17,1.000000
美国,相信,台积电,2024-10-17,1.000000
美国,欢迎,台积电,2024-10-17,1.000000
美国,认为有成就,台积电,2024-10-17,1.000000
美国,感到满意,台积电,2024-10-17,1.000000
美国,喜欢,台积电,2024-10-17,1.000000
美国,增进,台积电,2024-10-17,1.000000
美国,认为可靠,台积电,2024-10-17,1.000000
美国,认为有危机,台积电,2024-10-17,1.000000
美国,损害,台积电,2024-10-17,1.000000
美国,攻击,台积电,2024-10-17,1.000000
美国,欣赏,台积电,2024-10-17,1.000000
美国,认为优秀,台积电,2024-10-17,1.000000
美国,认为恐怖,台积电,2024-10-17,1.000000
美国,视作英雄,台积电,2024-10-17,1.000000
林汉伟,质疑,川普,2024-12-02,1.000000
林汉伟,批评,川普,2024-12-02,1.000000
刘扬伟,认为恐怖,川普,2024-12-02,1.000000
刘扬伟,喜欢,川普,2024-12-02,1.000000
刘扬伟,感到不满,川普,2024-12-02,1.000000
薛恩鲍姆,感到不满,川普,2024-12-02,1.000000
刘扬伟,威胁,川普,2024-12-02,1.000000
墨西哥,威胁,川普,2024-12-02,1.000000
刘扬伟,认为有暴力,川普,2024-12-02,1.000000
刘扬伟,担忧,川普,2024-12-02,1.000000
美国,喜欢,川普,2024-12-02,1.000000
刘扬伟,感到满意,川普,2024-12-02,1.000000
刘扬伟,相信,川普,2024-12-02,1.000000
刘扬伟,欣赏,川普,2024-12-02,1.000000
薛恩鲍姆,威胁,川普,2024-12-02,1.000000
刘扬伟,认为优秀,川普,2024-12-02,1.000000
林汉伟,担忧,川普,2024-12-02,1.000000
刘扬伟,认可,川普,2024-12-02,1.000000
刘扬伟,认为缺乏,川普,2024-12-02,1.000000
刘扬伟,认为违规,川普,2024-12-02,1.000000
刘扬伟,批评,川普,2024-12-02,1.000000
薛恩鲍姆,批评,川普,2024-12-02,1.000000
林汉伟,欣赏,川普,2024-12-02,1.000000
刘扬伟,攻击,川普,2024-12-02,1.000000
刘扬伟,质疑,川普,2024-12-02,1.000000
薛恩鲍姆,损害,川普,2024-12-02,1.000000
薛恩鲍姆,攻击,川普,2024-12-02,1.000000
薛恩鲍姆,质疑,川普,2024-12-02,1.000000
川普,攻击,台北股市,2024-11-28,1.000000
黄仁勋,欢迎,张忠谋,2024-11-29,1.000000
张忠谋,认为可靠,台积电,2024-11-29,1.000000
张忠谋,主导,台积电,2024-11-29,1.000000
黄仁勋,质疑,张忠谋,2024-11-29,1.000000
何世昌,支持,川普,2024-11-05,1.000000
何世昌,认为有暴力,川普,2024-11-05,1.000000
何世昌,欣赏,川普,2024-11-05,1.000000
何世昌,相信,川普,2024-11-05,1.000000
何世昌,担忧,川普,2024-11-05,1.000000
何世昌,认为优秀,川普,2024-11-05,1.000000
何世昌,认可,川普,2024-11-05,1.000000
何世昌,认为缺乏,川普,2024-11-05,1.000000
何世昌,批评,川普,2024-11-05,1.000000
何世昌,认为可靠,川普,2024-11-05,1.000000
何世昌,质疑,川普,2024-11-05,1.000000
何世昌,攻击,川普,2024-11-05,1.000000
何世昌,损害,川普,2024-11-05,1.000000
林佳龙,认为恐怖,川普,2024-11-05,1.000000
何世昌,认为恐怖,川普,2024-11-05,1.000000
何世昌,威胁,川普,2024-11-05,1.000000
川普,损害,台湾,2024-11-05,1.000000
何世昌,喜欢,川普,2024-11-05,1.000000
何世昌,认为有威胁,川普,2024-11-05,1.000000
林佳龙,担忧,川普,2024-11-05,1.000000
美国,增进,关税措施,2024-11-28,1.000000
索贝克,认为有威胁,美国,2024-11-28,1.000000
彭博专栏作家,认可,台积电,2024-11-28,1.000000
刘德音,攻击,台湾,2024-11-28,1.000000
索贝克,欣赏,台积电,2024-11-28,1.000000
美国,认为有威胁,北京,2024-11-28,1.000000
彭博专栏作家,认为恐怖,台积电,2024-11-28,1.000000
美国,损害,北京,2024-11-28,1.000000
美国,威胁,北京,2024-11-28,1.000000
美国,认为有威胁,北京,2024-11-28,1.000000
索贝克,认为有威胁,台积电,2024-11-28,1.000000
美国,认为有威胁,美国,2024-11-28,1.000000
彭博专栏作家,认为有成就,台积电,2024-11-28,1.000000
索贝克,认为有危机,台积电,2024-11-28,1.000000
刘德音,认为有危机,中国,2024-11-28,1.000000
美国,威胁,北京,2024-11-28,1.000000
索贝克,认为非法,台积电,2024-11-28,1.000000
彭博专栏作家,认为有危机,美国,2024-11-28,1.000000
索贝克,认为可靠,台积电,2024-11-28,1.000000
索贝克,支持,台积电,2024-11-28,1.000000
索贝克,认为恐怖,台积电,2024-11-28,1.000000
索贝克,认为缺乏,台积电,2024-11-28,1.000000
索贝克,相信,台积电,2024-11-28,1.000000
彭博专栏作家,增进,台积电,2024-11-28,1.000000
索贝克,认为有成就,台积电,2024-11-28,1.000000
索贝克,损害,美国,2024-11-28,1.000000
彭博专栏作家,认为有危机,台积电,2024-11-28,1.000000
彭博专栏作家,认为有威胁,美国,2024-11-28,1.000000
刘德音,认为缺乏,中国,2024-11-28,1.000000
刘德音,认为可靠,中国,2024-11-28,1.000000
索贝克,质疑,台积电,2024-11-28,1.000000
美国,损害,台湾人民,2024-11-28,1.000000
彭博专栏作家,质疑,台积电,2024-11-28,1.000000
索贝克,认可,台积电,2024-11-28,1.000000
索贝克,批评,台积电,2024-11-28,1.000000
彭博专栏作家,感到不满,川普,2024-11-28,1.000000
索贝克,认为优秀,台积电,2024-11-28,1.000000
川普总统,认为有威胁,美国,2024-11-28,1.000000
索贝克,认为失败,台积电,2024-11-28,1.000000
索贝克,担忧,台积电,2024-11-28,1.000000
川普总统,威胁,美国,2024-11-28,1.000000
刘德音,认为失败,美国,2024-11-28,1.000000
川普,认为有威胁,美国,2024-11-28,1.000000
美国,认为有威胁,中国,2024-11-28,1.000000
刘德音,认为有威胁,中国,2024-11-28,1.000000
川普,威胁,美国,2024-11-28,1.000000
索贝克,认为犯罪,台积电,2024-11-28,1.000000
彭博专栏作家,认为可靠,台积电,2024-11-28,1.000000
刘德音,威胁,中国,2024-11-28,1.000000
索贝克,认为违规,台积电,2024-11-28,1.000000
刘德音,认为非法,中国,2024-11-28,1.000000
美国,认为有成就,台积电,2024-11-28,1.000000
索贝克,威胁,美国,2024-11-28,1.000000
索贝克,增进,台积电,2024-11-28,1.000000
彭博专栏作家,威胁,美国,2024-11-28,1.000000
美国,认为优秀,台积电,2024-11-28,1.000000
刘德音,认为恐怖,中国,2024-11-28,1.000000
川普,认为有威胁,北京,2024-11-28,1.000000
美国,损害,台积电,2024-11-28,1.000000
彭博专栏作家,认为失败,台积电,2024-11-28,1.000000
川普,威胁,北京,2024-11-28,1.000000
美国,认为有威胁,北京,2024-11-28,1.000000
刘德音,担忧,中国,2024-11-28,1.000000
川普,主导,新政府,2024-11-28,1.000000
美国,威胁,北京,2024-11-28,1.000000
彭博专栏作家,担忧,美国,2024-11-28,1.000000
美国,威胁,台积电,2024-11-28,1.000000
杰夫,质疑,张忠谋,2024-11-29,1.000000
杰夫,相信,张忠谋,2024-11-29,1.000000
杰夫,主导,台积电,2024-11-29,1.000000
杰夫,认为可靠,台积电,2024-11-29,1.000000
杰夫,批评,张忠谋,2024-11-29,1.000000
杰夫,欣赏,张忠谋,2024-11-29,1.000000
杰夫,攻击,张忠谋,2024-11-29,1.000000
杰夫,增进,台积电,2024-11-29,1.000000
杰夫,担忧,张忠谋,2024-11-29,1.000000
杰夫,喜欢,张忠谋,2024-11-29,1.000000
杰夫,认为热情,张忠谋,2024-11-29,1.000000
杰夫,欢迎,张忠谋,2024-11-29,1.000000
杰夫,感谢,张忠谋,2024-11-29,1.000000
杰夫,认可,张忠谋,2024-11-29,1.000000
杰夫,支持,张忠谋,2024-11-29,1.000000
川普,威胁,台湾,2024-11-29,1.000000
《彭博》,相信,台积电,2024-11-29,1.000000
华府智库,认为可靠,美国,2024-11-29,1.000000
《彭博》,认为优秀,台积电,2024-11-29,1.000000
华府智库,认可,美国,2024-11-29,1.000000
华府智库,质疑,美国,2024-11-29,1.000000
华府智库,认为有危机,美国,2024-11-29,1.000000
《彭博》,增进,美国,2024-11-29,1.000000
川普,增进,国防,2024-11-29,1.000000
美国,支持,台积电,2024-11-29,1.000000
华府智库,认为非法,美国,2024-11-29,1.000000
美国,主导,双城跨宗教音乐会,2024-11-29,1.000000
贺锦丽,主导,美国,2024-11-29,1.000000
美国,认为有危机,台积电,2024-11-29,1.000000
川普,担忧,台积电,2024-11-29,1.000000
美国,主导,晶片法案,2024-11-29,1.000000
华府智库,认为恐怖,美国,2024-11-29,1.000000
美国,增进,半导体,2024-11-29,1.000000
《彭博》,质疑,台积电,2024-11-29,1.000000
《彭博社》,质疑,台积电,2024-11-29,1.000000
美国,损害,台湾,2024-11-29,1.000000
川普,感到不满,台湾抢晶片生意,2024-11-29,1.000000
美国,支持,台积电,2024-11-29,1.000000
美国,主导,双城跨宗教音乐会,2024-11-29,1.000000
贺锦丽,认为失败,美国,2024-11-29,1.000000
华府智库,认为有威胁,美国,2024-11-29,1.000000
美国,主导,双城跨宗教音乐会,2024-11-29,1.000000
华府智库,认为有暴力,美国,2024-11-29,1.000000
《彭博》,认为恐怖,台积电,2024-11-29,1.000000
华府智库,担忧,美国,2024-11-29,1.000000
华府智库,认为优秀,美国,2024-11-29,1.000000
川普,主导,美国,2024-11-29,1.000000
谢晨彦,担忧,美国,2024-11-29,1.000000
川普,认为有危机,台积电,2024-11-29,1.000000
川普,认为失败,美国,2024-11-29,1.000000
《彭博》,认为有威胁,台积电,2024-11-29,1.000000
华府智库,相信,美国,2024-11-29,1.000000
《彭博》,担忧,台积电,2024-11-29,1.000000
华府智库,认为缺乏,美国,2024-11-29,1.000000
张忠谋,认为失败,台积电,2024-11-27,1.000000
张忠谋,认为有成就,台积电,2024-11-27,1.000000
黄荫基,批评,川普,2024-12-02,1.000000
黄荫基,质疑,川普,2024-12-02,1.000000
谢金河,喜欢,川普,2024-08-01,1.000000
谢金河,视作英雄,川普,2024-08-01,1.000000
谢金河,认为热情,川普,2024-08-01,1.000000
谢金河,欢迎,川普,2024-08-01,1.000000
谢金河,攻击,川普,2024-08-01,1.000000
郑秀绒,担忧,台积电,2024-08-01,1.000000
郑秀绒,质疑,台积电,2024-08-01,1.000000
郑秀绒,批评,台积电,2024-08-01,1.000000
谢金河,质疑,川普,2024-08-01,1.000000
美国,威胁,台积电,2024-11-30,1.000000
台湾二线晶圆厂,损害,台积电,2024-11-30,1.000000
谢金河,担忧,台积电,2024-11-30,1.000000
美国,质疑,台积电,2024-11-30,1.000000
财信传媒,损害,台积电,2024-11-30,1.000000
美国,批评,台积电,2024-11-30,1.000000
财信传媒,攻击,台积电,2024-11-30,1.000000
美国,主导,台积电,2024-11-30,1.000000
美国,损害,台积电,2024-11-30,1.000000
联电,认为有威胁,中国,2024-11-30,1.000000
谢金河,质疑,中国,2024-11-30,1.000000
美国,攻击,台积电,2024-11-30,1.000000
谢金河,攻击,台积电,2024-11-30,1.000000
财信传媒,威胁,台积电,2024-11-30,1.000000
美国,主导,半导体,2024-10-26,1.000000
索贝克,认为恐怖,台积电,2024-11-27,1.000000
川普新政府,威胁,台积电,2024-11-27,1.000000
美国,损害,北京,2024-11-27,1.000000
日本,认为有成就,台积电,2024-11-27,1.000000
凯萨琳・索贝克,担忧,川普,2024-11-27,1.000000
索贝克,认为有暴力,川普,2024-11-27,1.000000
川普,认为有威胁,台湾,2024-11-27,1.000000
凯萨琳・索贝克,支持,川普,2024-11-27,1.000000
美国,认为有危机,台湾,2024-11-27,1.000000
凯萨琳・索贝克,认可,川普,2024-11-27,1.000000
川普,认为可靠,台积电,2024-11-27,1.000000
索贝克,感到满意,川普,2024-11-27,1.000000
亚利桑那,认为有成就,台积电,2024-11-27,1.000000
美国,威胁,北京,2024-11-27,1.000000
川普,认可,台积电,2024-11-27,1.000000
索贝克,相信,川普,2024-11-27,1.000000
美国,认为有成就,台积电,2024-11-27,1.000000
川普,损害,台湾,2024-11-27,1.000000
凯萨琳・索贝克,认为有成就,台积电,2024-11-27,1.000000
索贝克,认为缺乏,台积电,2024-11-27,1.000000
川普,批评,拜登政府的《晶片法》,2024-11-27,1.000000
凯萨琳・索贝克,批评,川普,2024-11-27,1.000000
美国,认为可靠,台湾,2024-11-27,1.000000
索贝克,喜欢,川普,2024-11-27,1.000000
索贝克,欢迎,川普,2024-11-27,1.000000
凯萨琳・索贝克,质疑,川普,2024-11-27,1.000000
美国,认为有威胁,台湾,2024-11-27,1.000000
凯萨琳・索贝克,认为恐怖,川普,2024-11-27,1.000000
美国,质疑,拜登政府的《晶片法》,2024-11-27,1.000000
索贝克,支持,川普,2024-11-27,1.000000
索贝克,担忧,川普,2024-11-27,1.000000
凯萨琳・索贝克,感到不满,川普,2024-11-27,1.000000
川普,认为有威胁,北京,2024-11-27,1.000000
美国,认为非法,台湾,2024-11-27,1.000000
川普,增进,台积电,2024-11-27,1.000000
索贝克,认可,川普,2024-11-27,1.000000
美国,认为恐怖,台湾,2024-11-27,1.000000
川普总统,认为有成就,台积电,2024-11-27,1.000000
美国,批评,拜登政府的《晶片法》,2024-11-27,1.000000
美国,支持,台积电,2024-11-27,1.000000
美国,认可,台积电,2024-11-27,1.000000
凯萨琳・索贝克,认为缺乏,川普,2024-11-27,1.000000
美国,认为违规,《晶片法》,2024-11-27,1.000000
亚利桑那,增进,台积电,2024-11-27,1.000000
亚利桑那,认为失败,台积电,2024-11-27,1.000000
凯萨琳・索贝克,认为有暴力,川普,2024-11-27,1.000000
凯萨琳・索贝克,认为优秀,川普,2024-11-27,1.000000
索贝克,认为有成就,台积电,2024-11-27,1.000000
索贝克,质疑,川普,2024-11-27,1.000000
川普新政府,认为有威胁,台积电,2024-11-27,1.000000
美国,威胁,台积电,2024-11-27,1.000000
川普政府,认为有威胁,美国,2024-11-27,1.000000
索贝克,批评,川普,2024-11-27,1.000000
川普新政府,损害,台积电,2024-11-27,1.000000
索贝克,感到不满,川普,2024-11-27,1.000000
美国,认为有威胁,北京,2024-11-27,1.000000
索贝克,欣赏,川普,2024-11-27,1.000000
川普,认为有成就,台积电,2024-11-27,1.000000
凯萨琳・索贝克,相信,川普,2024-11-27,1.000000
徐佳馨,损害,台积电,2024-11-24,1.000000
徐佳馨,支持,川普,2024-11-24,1.000000
川普,损害,台积电,2024-11-24,1.000000
徐佳馨,视作英雄,川普,2024-11-24,1.000000
徐佳馨,相信,川普,2024-11-24,1.000000
徐佳馨,质疑,川普,2024-11-24,1.000000
川普,认为失败,台积电,2024-11-27,1.000000
川普,增进,台积电,2024-11-27,1.000000
川普,认为有危机,台积电,2024-11-27,1.000000
台经院景气预测中心,相信,川普,2024-11-19,1.000000
孙明德,质疑,川普,2024-11-19,1.000000
台经院景气预测中心,认为有威胁,川普,2024-11-19,1.000000
台经院景气预测中心,认可,川普,2024-11-19,1.000000
台经院景气预测中心,欣赏,川普,2024-11-19,1.000000
台经院景气预测中心,担忧,川普,2024-11-19,1.000000
孙明德,认为犯罪,川普,2024-11-19,1.000000
魏哲家,感到不满,川普,2024-11-19,1.000000
台经院景气预测中心,认为违规,川普,2024-11-19,1.000000
台经院景气预测中心,认为恐怖,川普,2024-11-19,1.000000
魏哲家,欣赏,川普,2024-11-19,1.000000
特斯拉,支持,川普,2024-11-19,1.000000
台经院景气预测中心,威胁,川普,2024-11-19,1.000000
台经院景气预测中心,感到不满,川普,2024-11-19,1.000000
川普,认为失败,美中贸易,2024-11-19,1.000000
台经院景气预测中心,攻击,川普,2024-11-19,1.000000
台经院景气预测中心,认为有暴力,川普,2024-11-19,1.000000
孙明德,相信,川普,2024-11-19,1.000000
孙明德,认为有威胁,川普,2024-11-19,1.000000
台经院景气预测中心,喜欢,川普,2024-11-19,1.000000
台经院景气预测中心,质疑,川普,2024-11-19,1.000000
孙明德,认为有危机,川普,2024-11-19,1.000000
台经院景气预测中心,批评,川普,2024-11-19,1.000000
孙明德,认为恐怖,川普,2024-11-19,1.000000
孙明德,威胁,川普,2024-11-19,1.000000
孙明德,认为违规,川普,2024-11-19,1.000000
台经院景气预测中心,欢迎,川普,2024-11-19,1.000000
台经院景气预测中心,损害,川普,2024-11-19,1.000000
孙明德,担忧,川普,2024-11-19,1.000000
魏哲家,支持,川普,2024-11-19,1.000000
孙明德,认为失败,川普,2024-11-19,1.000000
台经院景气预测中心,认为犯罪,川普,2024-11-19,1.000000
魏哲家,感到满意,川普,2024-11-19,1.000000
孙明德,认为有暴力,川普,2024-11-19,1.000000
孙明德,感到不满,川普,2024-11-19,1.000000
台经院景气预测中心,认为有危机,川普,2024-11-19,1.000000
孙明德,攻击,川普,2024-11-19,1.000000
张忠谋,认为有成就,台积电,2024-11-27,1.000000
张忠谋,认为失败,台积电,2024-11-27,1.000000
张忠谋,认为有成就,台积电,2024-11-27,1.000000
美国,支持,66亿美元政府补助,2024-11-15,1.000000
张忠谋,认为失败,台积电,2024-11-28,1.000000
外媒,主导,美国,2024-10-24,1.000000
美国,增进,美国,2024-10-24,1.000000
外媒,认为可靠,台积电,2024-10-24,1.000000
外媒,质疑,台积电,2024-10-24,1.000000
忠谋,认为有成就,台积电,2024-11-27,1.000000
川普,认为非法,美国,2024-11-28,1.000000
张忠谋,认为有成就,台积电,2024-11-28,1.000000
魏哲家,增进,台积电,2024-11-28,1.000000
美国,认为有威胁,墨西哥,2024-11-26,1.000000
美国,认为有威胁,加拿大,2024-11-26,1.000000
美国,认为非法,加拿大、墨西哥,2024-11-26,1.000000
美国,认为有威胁,墨西哥,2024-11-26,1.000000
张忠谋,认可,台积电,2024-11-27,1.000000
张忠谋,批评,英特尔,2024-11-28,1.000000
张忠谋,担忧,英特尔,2024-11-28,1.000000
张忠谋,认为有危机,英特尔,2024-11-28,1.000000
美国,攻击,陆企,2024-11-28,1.000000
张忠谋,质疑,英特尔,2024-11-28,1.000000
赖瑞隆,喜欢,台积电,2024-11-27,1.000000
陈其迈,主导,台积电,2024-11-27,1.000000
赖瑞隆,主导,台积电,2024-11-27,1.000000
赖瑞隆,支持,台积电,2024-11-27,1.000000
赖瑞隆,认为有成就,台积电,2024-11-27,1.000000
球迷,认为热情,台湾,2024-11-27,1.000000
魏哲家,认为失败,台积电,2024-11-29,1.000000
魏哲家,认为有成就,台积电,2024-11-29,1.000000
琼瑶,认为有成就,台积电,2024-11-29,1.000000
李镇宇,认为有成就,台积电,2024-11-29,1.000000
魏哲家,增进,台积电,2024-11-29,1.000000
美国,认为有威胁,荷兰,2024-11-19,1.000000
美国,威胁,荷兰,2024-11-19,1.000000
美国,攻击,荷兰,2024-11-19,1.000000
美国,损害,荷兰,2024-11-19,1.000000
美国,增进,AI相关需求,2024-09-08,1.000000
美国,相信,晶圆厂开始量产,2024-09-08,1.000000
侯上勇,认为犯罪,台积电,2024-11-28,1.000000
侯上勇,认为有威胁,台积电,2024-11-28,1.000000
成材论坛,质疑,台积电,2024-11-28,1.000000
张忠谋,主导,台积电,2024-11-28,1.000000
美国,威胁,中国,2024-11-28,1.000000
侯上勇,认为违规,台积电,2024-11-28,1.000000
华为,欢迎,台积电,2024-11-28,1.000000
侯上勇,感到不满,台积电,2024-11-28,1.000000
成材论坛,损害,台积电,2024-11-28,1.000000
侯上勇,威胁,台积电,2024-11-28,1.000000
川普,攻击,台积电,2024-11-28,1.000000
侯上勇,认可,台积电,2024-11-28,1.000000
华为,支持,台积电,2024-11-28,1.000000
华为,感到满意,台积电,2024-11-28,1.000000
侯上勇,质疑,台积电,2024-11-28,1.000000
华为,认可,台积电,2024-11-28,1.000000
台积电,认为违规,华为,2024-11-28,1.000000
侯上勇,认为恐怖,台积电,2024-11-28,1.000000
华为,质疑,台积电,2024-11-28,1.000000
侯上勇,相信,台积电,2024-11-28,1.000000
美国,损害,台积电,2024-11-28,1.000000
侯上勇,批评,台积电,2024-11-28,1.000000
台积电,质疑,华为,2024-11-28,1.000000
台积电,认为犯罪,华为,2024-11-28,1.000000
成材论坛,感到不满,台积电,2024-11-28,1.000000
美国,攻击,中国,2024-11-28,1.000000
川普新政,攻击,台积电,2024-11-28,1.000000
美国,损害,中国,2024-11-28,1.000000
成材论坛,威胁,台积电,2024-11-28,1.000000
侯上勇,攻击,台积电,2024-11-28,1.000000
成材论坛,认为可靠,台积电,2024-11-28,1.000000
英特尔,威胁,川普,2024-11-28,1.000000
成材论坛,认为犯罪,台积电,2024-11-28,1.000000
成材论坛,认为违规,台积电,2024-11-28,1.000000
侯上勇,损害,台积电,2024-11-28,1.000000
成材论坛,认为恐怖,台积电,2024-11-28,1.000000
亚洲投资圈,威胁,台积电,2024-12-01,1.000000
亚洲投资圈,担忧,台积电,2024-12-01,1.000000
泰国,主导,川普,2024-12-01,1.000000
台湾政府,视作英雄,川普,2024-12-01,1.000000
川普,增进,台积电,2024-12-01,1.000000
川普,批评,半导体,2024-12-01,1.000000
川普,认为有危机,半导体,2024-12-01,1.000000
川普,主导,半导体,2024-12-01,1.000000
泰国,感到不满,川普,2024-12-01,1.000000
川普,认为有暴力,半导体,2024-12-01,1.000000
美国,视作英雄,川普,2024-12-01,1.000000
华尔街资本,认为有危机,台积电,2024-12-01,1.000000
川普,损害,半导体,2024-12-01,1.000000
泰国,认为犯罪,川普,2024-12-01,1.000000
川普,认为失败,半导体,2024-12-01,1.000000
川普,攻击,半导体,2024-12-01,1.000000
泰国,认为失败,川普,2024-12-01,1.000000
日本,支持,川普,2024-12-01,1.000000
华尔街资本,认为恐怖,台积电,2024-12-01,1.000000
日本,担忧,川普,2024-12-01,1.000000
川普,认为恐怖,半导体,2024-12-01,1.000000
川普,威胁,半导体,2024-12-01,1.000000
川普,认为犯罪,半导体,2024-12-01,1.000000
越南,感到不满,川普,2024-12-01,1.000000
台湾政府,感到不满,川普,2024-12-01,1.000000
民进党政府,损害,台积电,2024-12-01,1.000000
泰国,感到满意,川普,2024-12-01,1.000000
华尔街资本,担忧,台积电,2024-12-01,1.000000
泰国,支持,川普,2024-12-01,1.000000
川普,认为有威胁,半导体,2024-12-01,1.000000
亚洲投资圈,质疑,台积电,2024-12-01,1.000000
越南,担忧,川普,2024-12-01,1.000000
台湾政府,担忧,川普,2024-12-01,1.000000
华尔街资本,欣赏,台积电,2024-12-01,1.000000
泰国,担忧,川普,2024-12-01,1.000000
韩国,支持,川普,2024-12-01,1.000000
亚洲投资圈,认为有危机,台积电,2024-12-01,1.000000
台湾政府,欢迎,川普,2024-12-01,1.000000
台湾政府,欣赏,川普,2024-12-01,1.000000
台湾政府,支持,川普,2024-12-01,1.000000
泰国,欢迎,川普,2024-12-01,1.000000
越南,感到满意,川普,2024-12-01,1.000000
韩国,担忧,川普,2024-12-01,1.000000
日本,视作英雄,川普,2024-12-01,1.000000
川普,担忧,半导体,2024-12-01,1.000000
越南,支持,川普,2024-12-01,1.000000
川普,认为可靠,《美墨加协定》,2024-12-01,1.000000
亚洲投资圈,认为恐怖,台积电,2024-12-01,1.000000
泰国,批评,川普,2024-12-01,1.000000
麻吉,担忧,川普,2024-12-01,1.000000
越南,认可,川普,2024-12-01,1.000000
台湾政府,质疑,川普,2024-12-01,1.000000
川普,损害,台积电,2024-12-01,1.000000
泰国,认可,川普,2024-12-01,1.000000
泰国,质疑,川普,2024-12-01,1.000000
川普,攻击,台积电,2024-12-01,1.000000
泰国,视作英雄,川普,2024-12-01,1.000000
亚洲投资圈,认为有威胁,台积电,2024-12-01,1.000000
华尔街资本,质疑,台积电,2024-12-01,1.000000
索 ...,认为可靠,台湾,2024-11-28,1.000000
美国,损害,美国,2024-11-28,1.000000
索贝克,认可,台湾,2024-11-28,1.000000
索 ...,认为恐怖,台湾,2024-11-28,1.000000
索贝克,相信,台湾,2024-11-28,1.000000
美国,认为有威胁,北京,2024-11-28,1.000000
索 ...,认为优秀,台湾,2024-11-28,1.000000
索贝克,认为优秀,台湾,2024-11-28,1.000000
索 ...,认为失败,台湾,2024-11-28,1.000000
美国,威胁,北京,2024-11-28,1.000000
美国,损害,北京,2024-11-28,1.000000
索贝克,认为失败,台湾,2024-11-28,1.000000
索贝克,认为有成就,台湾,2024-11-28,1.000000
美国,认为有威胁,北京,2024-11-28,1.000000
索贝克,认为有威胁,台积电,2024-11-28,1.000000
《纽约时报》,认为有危机,中国,2024-11-28,1.000000
索贝克,认为有危机,台积电,2024-11-28,1.000000
刘德音,认为有危机,中国,2024-11-28,1.000000
索贝克,认为违规,台湾,2024-11-28,1.000000
索贝克,认为有暴力,台湾,2024-11-28,1.000000
索贝克,认为可靠,台积电,2024-11-28,1.000000
索贝克,质疑,台湾,2024-11-28,1.000000
索贝克,主导,台积电,2024-11-28,1.000000
美媒,认为有暴力,川普,2024-11-28,1.000000
索贝克,认为恐怖,台积电,2024-11-28,1.000000
索 ...,认为有成就,台湾,2024-11-28,1.000000
索贝克,担忧,台湾,2024-11-28,1.000000
美国,认为有危机,北京,2024-11-28,1.000000
索 ...,认为有危机,台湾,2024-11-28,1.000000
索贝克,认为有成就,台积电,2024-11-28,1.000000
美国,攻击,台湾,2024-11-28,1.000000
索贝克,认为犯罪,台湾,2024-11-28,1.000000
美媒,感到不满,川普,2024-11-28,1.000000
索贝克,欣赏,台湾,2024-11-28,1.000000
索贝克,质疑,台积电,2024-11-28,1.000000
美国,攻击,北京,2024-11-28,1.000000
索贝克,认为优秀,台积电,2024-11-28,1.000000
索贝克,认为有威胁,台湾,2024-11-28,1.000000
索贝克,担忧,台积电,2024-11-28,1.000000
美媒,视作英雄,川普,2024-11-28,1.000000
索贝克,认为有危机,台湾,2024-11-28,1.000000
索 ...,认为缺乏,台湾,2024-11-28,1.000000
川普,认为有威胁,美国,2024-11-28,1.000000
川普,损害,北京,2024-11-28,1.000000
索贝克,认为可靠,台湾,2024-11-28,1.000000
刘德音,认为有威胁,中国,2024-11-28,1.000000
索 ...,认为有暴力,台湾,2024-11-28,1.000000
索贝克,认为恐怖,台湾,2024-11-28,1.000000
索贝克,认为缺乏,台湾,2024-11-28,1.000000
刘德音,威胁,中国,2024-11-28,1.000000
刘德音,认为非法,中国,2024-11-28,1.000000
索贝克,威胁,美国,2024-11-28,1.000000
美国,认为有威胁,台湾,2024-11-28,1.000000
索贝克,增进,台积电,2024-11-28,1.000000
川普,认为有威胁,北京,2024-11-28,1.000000
美国,威胁,台湾,2024-11-28,1.000000
中国,攻击,台湾,2024-11-28,1.000000
川普,威胁,北京,2024-11-28,1.000000
美国,认为有威胁,北京,2024-11-28,1.000000
索 ...,认为有威胁,台湾,2024-11-28,1.000000
美国,威胁,北京,2024-11-28,1.000000
索 ...,认可,台湾,2024-11-28,1.000000
索贝克,认为非法,台湾,2024-11-28,1.000000
索 ...,认为非法,台湾,2024-11-28,1.000000
默克CEO贝克曼,质疑,川普,2024-11-27,1.000000
美国,增进,区域供应韧性,2024-11-27,1.000000
川普,增进,区域供应韧性,2024-11-27,1.000000
美国,增进,商业活动,2024-11-27,1.000000
美国,损害,台积电,2024-11-27,1.000000
美国,损害,台积电,2024-11-27,1.000000
川普,认为可靠,《美墨加协定》,2024-12-02,1.000000
金管会,威胁,台积电,2024-12-02,1.000000
金管会,认为有危机,台积电,2024-12-02,1.000000
金管会,认为有成就,台积电,2024-12-02,1.000000
川普,认为可靠,台湾,2024-12-02,1.000000
中方,欢迎,川普,2024-12-02,1.000000
美中对抗,威胁,川普,2024-12-02,1.000000
证交所,认为优秀,台积电,2024-12-02,1.000000
川普,认为违规,《美墨加协定》,2024-12-02,1.000000
中方,视作英雄,川普,2024-12-02,1.000000
美中对抗,攻击,川普,2024-12-02,1.000000
美国,认为违规,《美墨加协定》,2024-12-02,1.000000
川普,认为有威胁,加拿大,2024-12-02,1.000000
川普,威胁,加拿大,2024-12-02,1.000000
证交所,损害,台积电,2024-12-02,1.000000
美中对抗,担忧,川普,2024-12-02,1.000000
美中对抗,质疑,川普,2024-12-02,1.000000
美国,认为有危机,美中地缘政治冲突,2024-12-02,1.000000
金管会,损害,台积电,2024-12-02,1.000000
川普,损害,墨西哥,2024-12-02,1.000000
川普,主导,《美墨加协定》,2024-12-02,1.000000
美国,主导,《美墨加协定》,2024-12-02,1.000000
金管会,认为优秀,台积电,2024-12-02,1.000000
波顿,质疑,川普,2024-12-02,1.000000
中方,喜欢,川普,2024-12-02,1.000000
美中对抗,相信,川普,2024-12-02,1.000000
川普,视作英雄,马斯克,2024-12-02,1.000000
川普,损害,台湾,2024-12-02,1.000000
川普,认为非法,台湾,2024-12-02,1.000000
金管会,认为恐怖,台积电,2024-12-02,1.000000
金管会,认为有威胁,台积电,2024-12-02,1.000000
川普,损害,加拿大,2024-12-02,1.000000
美国,增进,美国,2024-12-02,1.000000
该网站,质疑,美国,2024-10-18,1.000000
该网站,相信,美国,2024-10-18,1.000000
美国,认为有威胁,美国,2024-10-18,1.000000
该网站,认为优秀,美国,2024-10-18,1.000000
该网站,认可,美国,2024-10-18,1.000000
美国,损害,美国,2024-10-18,1.000000
该网站,批评,美国,2024-10-18,1.000000
该网站,担忧,美国,2024-10-18,1.000000
该网站,认为有威胁,美国,2024-10-18,1.000000
美国,认为有危机,美国,2024-10-18,1.000000
该网站,感到满意,美国,2024-10-18,1.000000
该网站,感到不满,美国,2024-10-18,1.000000
美国,认为违规,美国,2024-10-18,1.000000
该网站,认为恐怖,美国,2024-10-18,1.000000
美国,威胁,美国,2024-10-18,1.000000
张忠谋,喜欢,黄仁勋,2024-11-28,1.000000
张忠谋,认为有危机,黄仁勋,2024-11-28,1.000000
张忠谋,认为热情,黄仁勋,2024-11-28,1.000000
张忠谋,认为犯罪,黄仁勋,2024-11-28,1.000000
张忠谋,认为有暴力,黄仁勋,2024-11-28,1.000000
黄仁勋,感谢,张忠谋,2024-11-28,1.000000
张忠谋,认为缺乏,黄仁勋,2024-11-28,1.000000
张忠谋,认为可靠,黄仁勋,2024-11-28,1.000000
张忠谋,认可,黄仁勋,2024-11-28,1.000000
张忠谋,欣赏,黄仁勋,2024-11-28,1.000000
黄仁勋,支持,张忠谋,2024-11-28,1.000000
张忠谋,质疑,黄仁勋,2024-11-28,1.000000
张忠谋,认为恐怖,黄仁勋,2024-11-28,1.000000
黄仁勋,欢迎,张忠谋,2024-11-28,1.000000
张忠谋,相信,黄仁勋,2024-11-28,1.000000
张忠谋,视作英雄,黄仁勋,2024-11-28,1.000000
张忠谋,认为有成就,黄仁勋,2024-11-28,1.000000
张忠谋,认为优秀,黄仁勋,2024-11-28,1.000000
张忠谋,认为失败,黄仁勋,2024-11-28,1.000000
张忠谋,担忧,黄仁勋,2024-11-28,1.000000
张忠谋,认为有成就,黄仁勋,2024-11-28,1.000000
张忠谋,视作英雄,黄仁勋,2024-11-28,1.000000
张忠谋,认为有危机,黄仁勋,2024-11-28,1.000000
张忠谋,认为恐怖,黄仁勋,2024-11-28,1.000000
张忠谋,认为失败,黄仁勋,2024-11-28,1.000000
黄仁勋,欢迎,张忠谋,2024-11-28,1.000000
黄仁勋,支持,张忠谋,2024-11-28,1.000000
黄仁勋,感谢,张忠谋,2024-11-28,1.000000
张忠谋,认为犯罪,黄仁勋,2024-11-28,1.000000
张忠谋,认为有暴力,黄仁勋,2024-11-28,1.000000
张忠谋,喜欢,黄仁勋,2024-11-28,1.000000
张忠谋,认为热情,黄仁勋,2024-11-28,1.000000
张忠谋,担忧,黄仁勋,2024-11-28,1.000000
张忠谋,欣赏,黄仁勋,2024-11-28,1.000000
张忠谋,相信,黄仁勋,2024-11-28,1.000000
张忠谋,欢迎,黄仁勋,2024-11-28,1.000000
张忠谋,认为优秀,黄仁勋,2024-11-28,1.000000
张忠谋,认可,黄仁勋,2024-11-28,1.000000
张忠谋,认为可靠,黄仁勋,2024-11-28,1.000000
张忠谋,认为缺乏,黄仁勋,2024-11-28,1.000000
张忠谋,质疑,黄仁勋,2024-11-28,1.000000
台积电,认为失败,美国,2024-10-24,1.000000
美国,认为失败,美国,2024-10-24,1.000000
美国,认为有威胁,美国,2024-10-19,1.000000
美国,威胁,美国,2024-10-19,1.000000
美国,欢迎,AI伺服器晶片,2024-10-19,1.000000
美国,损害,美国,2024-10-19,1.000000
美国,质疑,台积电,2024-11-27,1.000000
美国,认可,晶片法案,2024-11-27,1.000000
TVBS新闻网,视作英雄,张忠谋,2024-11-29,1.000000
TVBS新闻网,认为有暴力,张忠谋,2024-11-29,1.000000
张忠谋,增进,台积电,2024-11-29,1.000000
杨应超,增进,台积电,2024-09-11,1.000000
杨应超,认为有成就,台积电,2024-09-11,1.000000
台积电,攻击,日本,2024-09-11,1.000000
杨应超,认为有危机,台积电,2024-09-11,1.000000
张忠谋,认为有危机,美国,2024-09-11,1.000000
张忠谋,认为有威胁,美国,2024-09-11,1.000000
杨应超,认为有暴力,台积电,2024-09-11,1.000000
永丰投顾,主导,美国,2024-11-08,1.000000
永丰投顾,认为失败,美国,2024-11-08,1.000000
马斯克,支持,川普,2024-11-08,1.000000
马斯克,认为可靠,川普,2024-11-08,1.000000
马斯克,感到满意,川普,2024-11-08,1.000000
马斯克,认可,川普,2024-11-08,1.000000
美国,认为有暴力,「川普交易」,2024-11-08,1.000000
马斯克,喜欢,川普,2024-11-08,1.000000
马斯克,认为有暴力,川普,2024-11-08,1.000000
张忠谋,认为有成就,台积电,2024-10-26,1.000000
张忠谋,认为有暴力,台积电,2024-10-26,1.000000
张忠谋,认为恐怖,台积电,2024-10-26,1.000000
张忠谋,认为有威胁,台积电,2024-10-26,1.000000
张忠谋,认为优秀,台积电,2024-10-26,1.000000
张忠谋,认为有危机,台积电,2024-10-26,1.000000
张忠谋,相信,台积电,2024-10-26,1.000000
张忠谋,认为失败,台积电,2024-10-26,1.000000
张忠谋,认可,台积电,2024-10-26,1.000000
张忠谋,担忧,台积电,2024-10-26,1.000000
张忠谋,认为缺乏,台积电,2024-10-26,1.000000
张忠谋,质疑,台积电,2024-10-26,1.000000
美国,主导,半导体,2024-10-26,1.000000
美国,认为失败,美中科技战,2024-11-08,1.000000
美国,认为有威胁,墨西哥,2024-11-26,1.000000
美国,认为非法,加拿大,2024-11-26,1.000000
美国,认为有威胁,加拿大,2024-11-26,1.000000
美国,认为非法,墨西哥,2024-11-26,1.000000
美国,损害,台北股市,2024-11-26,1.000000
美国,损害,台北股市,2024-11-26,1.000000
美国,认为非法,加拿大,2024-11-26,1.000000
美国,认为非法,中国,2024-11-26,1.000000
郭智辉,增进,台积电,2024-11-28,1.000000
吴诚文,质疑,川普,2024-11-28,1.000000
川普,认为有威胁,台湾,2024-11-28,1.000000
立法院,质疑,台积电,2024-11-28,1.000000
吴诚文,批评,川普,2024-11-28,1.000000
立法院,视作英雄,郭智辉,2024-11-28,1.000000
立法院,增进,台积电,2024-11-28,1.000000
德国德勒斯登,认为优秀,台积电,2024-12-02,1.000000
德国德勒斯登,主导,台积电,2024-12-02,1.000000
德国德勒斯登,支持,台积电,2024-12-02,1.000000
德国德勒斯登,认可,台积电,2024-12-02,1.000000
张忠谋,批评,英特尔,2024-11-29,1.000000
张忠谋,质疑,英特尔,2024-11-29,1.000000
张忠谋,认可,黄仁勋,2024-11-29,1.000000
张忠谋,感到不满,英特尔,2024-11-29,1.000000
张忠谋,认为恐怖,英特尔,2024-12-02,1.000000
张忠谋,认为优秀,英特尔,2024-12-02,1.000000
张忠谋,认为缺乏,英特尔,2024-12-02,1.000000
张忠谋,认为失败,英特尔,2024-12-02,1.000000
张忠谋,认为可靠,英特尔,2024-12-02,1.000000
张忠谋,批评,英特尔,2024-12-02,1.000000
英特尔总裁,欢迎,台积电,2024-12-02,1.000000
张忠谋,认为有成就,英特尔,2024-12-02,1.000000
张忠谋,认为有危机,英特尔,2024-12-02,1.000000
张忠谋,认为违规,英特尔,2024-12-02,1.000000
张忠谋,担忧,英特尔,2024-12-02,1.000000
张忠谋,质疑,英特尔,2024-12-02,1.000000
英特尔总裁,欣赏,台积电,2024-12-02,1.000000
张忠谋,欣赏,英特尔,2024-12-02,1.000000
张忠谋,认为有威胁,黄仁勋,2024-11-28,1.000000
张忠谋,喜欢,黄仁勋,2024-11-28,1.000000
张忠谋,认为有危机,黄仁勋,2024-11-28,1.000000
张忠谋,认为热情,黄仁勋,2024-11-28,1.000000
张忠谋,认为犯罪,黄仁勋,2024-11-28,1.000000
张忠谋,认为有暴力,黄仁勋,2024-11-28,1.000000
张忠谋,认为缺乏,黄仁勋,2024-11-28,1.000000
张忠谋,认为可靠,黄仁勋,2024-11-28,1.000000
张忠谋,认可,黄仁勋,2024-11-28,1.000000
张忠谋,欣赏,黄仁勋,2024-11-28,1.000000
张忠谋,相信,黄仁勋,2024-11-28,1.000000
张忠谋,质疑,黄仁勋,2024-11-28,1.000000
张忠谋,认为恐怖,黄仁勋,2024-11-28,1.000000
张忠谋,视作英雄,黄仁勋,2024-11-28,1.000000
张忠谋,批评,黄仁勋,2024-11-28,1.000000
张忠谋,认为有成就,黄仁勋,2024-11-28,1.000000
张忠谋,认为优秀,黄仁勋,2024-11-28,1.000000
张忠谋,认为失败,黄仁勋,2024-11-28,1.000000
张忠谋,担忧,黄仁勋,2024-11-28,1.000000
美国,认为有威胁,福建晋华,2024-11-27,1.000000
美国,支持,福建晋华,2024-11-27,1.000000
美国,认为违规,福建晋华,2024-11-27,1.000000
美国,威胁,福建晋华,2024-11-27,1.000000
美国,认为犯罪,福建晋华,2024-11-27,1.000000
镜周刊,认为有成就,中国,2024-11-27,1.000000
美国,损害,福建晋华,2024-11-27,1.000000
镜周刊,认为有威胁,中国,2024-11-27,1.000000
美国,攻击,福建晋华,2024-11-27,1.000000
美国,认为有成就,福建晋华,2024-11-27,1.000000
镜周刊,认为可靠,中国,2024-11-27,1.000000
赖俊宇,主导,台积电,2024-11-28,1.000000
中国,损害,台湾,2024-11-30,1.000000
中国,攻击,台湾,2024-11-30,1.000000
中国,威胁,台湾,2024-11-30,1.000000
美国,视作英雄,季辛格,2024-12-03,1.000000
季辛格,认为非法,美国,2024-12-03,1.000000
美国,增进,半导体,2024-12-03,1.000000
美国,损害,半导体,2024-12-03,1.000000
季辛格,认为有威胁,美国,2024-12-03,1.000000
黄钰民,认为非法,美国,2024-12-03,1.000000
谢金河,质疑,台积电,2024-11-30,1.000000
川普,威胁,台积电,2024-11-30,1.000000
川普,认为犯罪,台积电,2024-11-30,1.000000
谢金河,质疑,川普,2024-11-30,1.000000
谢金河,主导,美国,2024-11-30,1.000000
川普,增进,台积电,2024-11-30,1.000000
谢金河,担忧,台积电,2024-11-30,1.000000
谢金河,认为恐怖,台积电,2024-11-30,1.000000
谢金河,认为犯罪,台积电,2024-11-30,1.000000
台湾二线晶圆厂,损害,台积电,2024-11-30,1.000000
川普,损害,台积电,2024-11-30,1.000000
谢金河,批评,川普,2024-11-30,1.000000
谢金河,认为有危机,台积电,2024-11-30,1.000000
谢金河,认为有威胁,台积电,2024-11-30,1.000000
谢金河,认为优秀,台积电,2024-11-30,1.000000
台湾,损害,台积电,2024-11-30,1.000000
谢金河,威胁,台积电,2024-11-30,1.000000
魏哲家,主导,台积电,2024-10-26,1.000000
张忠谋,主导,台积电,2024-10-26,1.000000
科克,批评,台积电,2024-11-26,1.000000
台积电,增进,半导体,2024-11-26,1.000000
半导体,担忧,台积电,2024-11-26,1.000000
半导体,质疑,台积电,2024-11-26,1.000000
科克,担忧,台积电,2024-11-26,1.000000
科克,质疑,台积电,2024-11-26,1.000000
川普,认为非法,加拿大,2024-11-28,1.000000
川普,认为非法,台湾,2024-11-27,1.000000
川普,质疑,台湾,2024-11-27,1.000000
美国,认为犯罪,台湾,2024-11-27,1.000000
吴诚文,质疑,川普,2024-11-27,1.000000
美国,认为非法,台湾,2024-11-27,1.000000
美国,认为有威胁,台湾,2024-11-27,1.000000
美国,认为有危机,台湾,2024-11-27,1.000000
美国,质疑,台湾,2024-11-27,1.000000
川普,认为有危机,台湾,2024-11-27,1.000000
川普,威胁,台湾,2024-11-27,1.000000
川普,认为恐怖,台湾,2024-11-27,1.000000
川普,认为有威胁,台湾,2024-11-27,1.000000
川普,认为非法,台湾,2024-11-27,1.000000
川普,质疑,台湾,2024-11-27,1.000000
美国,认为犯罪,台湾,2024-11-27,1.000000
吴诚文,质疑,川普,2024-11-27,1.000000
美国,认为非法,台湾,2024-11-27,1.000000
美国,认为有威胁,台湾,2024-11-27,1.000000
美国,认为有危机,台湾,2024-11-27,1.000000
美国,质疑,台湾,2024-11-27,1.000000
川普,认为有危机,台湾,2024-11-27,1.000000
川普,威胁,台湾,2024-11-27,1.000000
川普,认为恐怖,台湾,2024-11-27,1.000000
川普,认为有威胁,台湾,2024-11-27,1.000000
吴诚文,质疑,川普,2024-11-27,1.000000
吴诚文,认为有威胁,台湾,2024-11-27,1.000000
吴诚文,质疑,川普,2024-11-27,1.000000
吴诚文,认为有威胁,台湾,2024-11-27,1.000000
吴诚文,质疑,川普,2024-11-27,1.000000
吴诚文,认为有威胁,台湾,2024-11-27,1.000000
吴诚文,质疑,川普,2024-11-27,1.000000
吴诚文,认为有威胁,台湾,2024-11-27,1.000000
英特尔,欢迎,台积电,2024-12-03,1.000000
季辛格,感谢,台积电,2024-12-03,1.000000
库克,欢迎,张忠谋,2024-12-03,1.000000
张忠谋,批评,英特尔,2024-12-03,1.000000
英特尔,感到满意,台积电,2024-12-03,1.000000
季辛格,质疑,张忠谋,2024-12-03,1.000000
季辛格,欢迎,台积电,2024-12-03,1.000000
季辛格,支持,台积电,2024-12-03,1.000000
英特尔,感谢,台积电,2024-12-03,1.000000
季辛格,感到满意,台积电,2024-12-03,1.000000
张忠谋,质疑,英特尔,2024-12-03,1.000000
高雄市长陈其迈,认为可靠,台积电,2024-11-26,1.000000
高市府,支持,台积电,2024-11-26,1.000000
高市府,增进,台积电,2024-11-26,1.000000
美国,认为失败,「管理层收购」案,2024-11-28,1.000000
美国,主导,「管理层收购」案,2024-11-28,1.000000
张忠谋,批评,英特尔,2024-11-29,1.000000
张忠谋,质疑,英特尔,2024-11-29,1.000000
张忠谋,认为优秀,黄仁勋,2024-11-29,1.000000
张忠谋,担忧,黄仁勋,2024-11-29,1.000000
张忠谋,主导,台积电,2024-11-29,1.000000
张忠谋,担忧,英特尔,2024-11-29,1.000000
张忠谋,感到不满,英特尔,2024-11-29,1.000000
张忠谋,质疑,黄仁勋,2024-11-29,1.000000
阮慕骅,认为可靠,川普,2024-11-27,1.000000
阮慕骅,认为可靠,台积电,2024-11-27,1.000000
刘镜清,相信,台积电,2024-11-27,1.000000
阮慕骅,视作英雄,川普,2024-11-27,1.000000
阮慕骅,认为有威胁,台积电,2024-11-27,1.000000
阮慕骅,认为缺乏,川普,2024-11-27,1.000000
阮慕骅,认可,川普,2024-11-27,1.000000
阮慕骅,认为优秀,川普,2024-11-27,1.000000
阮慕骅,感到不满,川普,2024-11-27,1.000000
阮慕骅,认为恐怖,川普,2024-11-27,1.000000
阮慕骅,相信,台积电,2024-11-27,1.000000
阮慕骅,认为热情,川普,2024-11-27,1.000000
阮慕骅,主导,美国,2024-11-27,1.000000
阮慕骅,认为失败,川普,2024-11-27,1.000000
赖俊宇,主导,台积电,2024-11-28,1.000000
张忠谋,批评,英特尔,2024-11-28,1.000000
魏哲家,视作英雄,台积电,2024-11-28,1.000000
张忠谋,主导,台积电,2024-11-28,1.000000
张忠谋,认可,台积电,2024-11-28,1.000000
张忠谋,质疑,台积电,2024-11-28,1.000000
库克,欢迎,张忠谋,2024-11-28,1.000000
张忠谋,认为有成就,台积电,2024-11-28,1.000000
张忠谋,质疑,英特尔,2024-11-28,1.000000
张忠谋,认为有危机,台积电,2024-11-28,1.000000
蔡力行,批评,张忠谋,2024-11-29,1.000000
蔡力行,质疑,张忠谋,2024-11-29,1.000000
立法院,质疑,台积电,2024-11-28,1.000000
台湾,损害,半导体,2024-11-28,1.000000
吴诚文,批评,川普,2024-11-28,1.000000
吴诚文,质疑,川普,2024-11-28,1.000000
立法院,视作英雄,郭智辉,2024-11-28,1.000000
川普,认为有威胁,台湾,2024-11-28,1.000000
立法院,增进,台积电,2024-11-28,1.000000
凯基证券,认为恐怖,川普,2024-11-29,1.000000
张忠谋,主导,台积电,2024-11-29,1.000000
张忠谋,认为有成就,台积电,2024-11-29,1.000000
张忠谋,批评,英特尔,2024-11-30,1.000000
张忠谋,质疑,英特尔,2024-11-30,1.000000
台湾人民,认为违规,美国,2024-08-03,1.000000
台湾人民,认为犯罪,美国,2024-08-03,1.000000
小英政府,认为有威胁,美国,2024-08-03,1.000000
陈世凯,认为有暴力,川普,2024-08-03,1.000000
郭正亮,担忧,川普,2024-08-03,1.000000
小英政府,认为有威胁,台湾,2024-08-03,1.000000
川普,威胁,台湾,2024-08-03,1.000000
小英政府,喜欢,台湾,2024-08-03,1.000000
小英政府,损害,美国,2024-08-03,1.000000
小英政府,欣赏,台湾,2024-08-03,1.000000
郭正亮,认为恐怖,川普,2024-08-03,1.000000
小英政府,认为可靠,台湾,2024-08-03,1.000000
台湾人民,认为非法,美国,2024-08-03,1.000000
郭正亮,感到不满,川普,2024-08-03,1.000000
美国,攻击,美援吗啡,2024-08-03,1.000000
小英政府,欢迎,台湾,2024-08-03,1.000000
小英政府,认为有危机,台湾,2024-08-03,1.000000
陈世凯,感到不满,川普,2024-08-03,1.000000
郭正亮,质疑,川普,2024-08-03,1.000000
台湾人民,认为失败,美国,2024-08-03,1.000000
美国,损害,美援吗啡,2024-08-03,1.000000
郭正亮,认为有暴力,川普,2024-08-03,1.000000
张忠谋,认为优秀,黄仁勋,2024-11-28,1.000000
黄仁勋,欢迎,张忠谋,2024-11-28,1.000000
张忠谋,质疑,黄仁勋,2024-11-28,1.000000
魏哲家,质疑,台积电,2024-12-02,1.000000
魏哲家,认为优秀,台积电,2024-12-02,1.000000
美国,支持,封装测试服务,2024-10-04,1.000000
美国,增进,台积电,2024-11-27,1.000000
刘德音,欢迎,魏哲家,2024-11-27,1.000000
拜登,攻击,川普,2024-11-28,1.000000
朱学恒,认为有威胁,美国,2024-10-28,1.000000
美国,增进,半导体,2024-10-28,1.000000
蔡正元,认为有威胁,美国,2024-10-28,1.000000
蔡正元,认为非法,美国,2024-10-28,1.000000
美国,攻击,台湾,2024-10-28,1.000000
川普,质疑,台湾,2024-11-27,1.000000
台湾,增进,半导体,2024-11-27,1.000000
美国,认为犯罪,台湾,2024-11-27,1.000000
吴诚文,质疑,川普,2024-11-27,1.000000
美国,认为非法,台湾,2024-11-27,1.000000
美国,认为有威胁,台湾,2024-11-27,1.000000
美国,认为有危机,台湾,2024-11-27,1.000000
美国,认为有暴力,台湾,2024-11-27,1.000000
美国,质疑,台湾,2024-11-27,1.000000
川普,认为有威胁,台湾,2024-11-27,1.000000
拜登政府,主导,美国,2024-11-07,1.000000
川普,认为犯罪,台湾,2024-11-07,1.000000
拜登政府,支持,美国,2024-11-07,1.000000
"拜登
政府",主导,美国,2024-11-07,1.000000
拜登政府,增进,美国,2024-11-07,1.000000
川普,批评,"拜登
政府",2024-11-07,1.000000
"拜登
政府",支持,美国,2024-11-07,1.000000
"拜登
政府",增进,美国,2024-11-07,1.000000
张忠谋,主导,台积电,2024-11-29,1.000000
联准会,认为非法,美国,2024-11-28,1.000000
联准会,认为有威胁,美国,2024-11-28,1.000000
川普,攻击,台积,2024-10-31,1.000000
川普,认为失败,美中贸易战,2024-10-31,1.000000
黄文局,损害,台湾,2024-11-17,1.000000
谢金河,质疑,川普,2024-11-17,1.000000
刘德音,支持,川普,2024-11-17,1.000000
南韩国会,质疑,尹锡悦,2024-11-26,1.000000
南韩国会,支持,尹锡悦,2024-11-26,1.000000
南韩国会,认为违规,尹锡悦,2024-11-26,1.000000
南韩国会,认为有暴力,尹锡悦,2024-11-26,1.000000
南韩国会,批评,尹锡悦,2024-11-26,1.000000
南韩国会,欢迎,尹锡悦,2024-11-26,1.000000
美国,攻击,半导体,2024-12-03,1.000000
美国,增进,半导体,2024-12-03,1.000000
美国,损害,半导体,2024-12-03,1.000000
魏哲家,担忧,台积电,2024-11-28,1.000000
魏哲家,质疑,台积电,2024-11-28,1.000000
魏哲家,批评,台积电,2024-12-02,1.000000
魏哲家,认为可靠,台积电,2024-12-02,1.000000
魏哲家,感到不满,台积电,2024-12-02,1.000000
魏哲家,感到满意,台积电,2024-12-02,1.000000
魏哲家,攻击,台积电,2024-12-02,1.000000
美国,损害,半导体,2024-12-02,1.000000
魏哲家,威胁,台积电,2024-12-02,1.000000
魏哲家,认可,台积电,2024-12-02,1.000000
魏哲家,相信,台积电,2024-12-02,1.000000
魏哲家,担忧,台积电,2024-12-02,1.000000
美国,攻击,半导体,2024-12-02,1.000000
魏哲家,感谢,台积电,2024-12-02,1.000000
美国,认为违规,半导体,2024-12-02,1.000000
魏哲家,质疑,台积电,2024-12-02,1.000000
民进党,损害,台积电,2024-11-27,1.000000
川普,认可,台积电,2024-11-27,1.000000
川普,增进,台积电,2024-11-27,1.000000
民进党,认为可靠,台积电,2024-11-27,1.000000
川普,损害,半导体,2024-11-27,1.000000
川普,支持,台积电,2024-11-27,1.000000
民进党政府,增进,台积电,2024-11-27,1.000000
刘德音,认为非法,美国,2024-11-27,1.000000
刘德音,认为有威胁,美国,2024-11-27,1.000000
民进党政府,认为缺乏,台积电,2024-11-27,1.000000
民进党,增进,台积电,2024-11-27,1.000000
民进党政府,认为可靠,台积电,2024-11-27,1.000000
川普,主导,台积电,2024-11-27,1.000000
民进党政府,损害,台积电,2024-11-27,1.000000
魏哲家,视作英雄,张忠谋,2024-11-15,1.000000
魏哲家,质疑,张忠谋,2024-11-15,1.000000
张忠谋,认为优秀,黄仁勋,2024-11-28,1.000000
张忠谋,欢迎,黄仁勋,2024-11-28,1.000000
张忠谋,质疑,黄仁勋,2024-11-28,1.000000
美商务部,认为失败,台积电,2024-11-09,1.000000
美国,认为非法,台积电,2024-11-09,1.000000
路透社,质疑,台积电,2024-11-09,1.000000
美商务部,感到不满,台积电,2024-11-09,1.000000
魏哲家,认为有成就,台积电,2024-12-03,1.000000
美国,损害,台湾相关业者,2024-12-03,1.000000
台湾政府,相信,美国,2024-08-07,1.000000
郭智辉,增进,台积电,2024-10-22,1.000000
TVBS新闻网,视作英雄,张忠谋,2024-11-29,1.000000
TVBS新闻网,认为有危机,台湾,2024-11-29,1.000000
俞国华,支持,张忠谋,2024-11-29,1.000000
张忠谋,增进,台积电,2024-11-29,1.000000
TVBS新闻网,质疑,张忠谋,2024-11-29,1.000000
俞国华,批评,张忠谋,2024-11-29,1.000000
俞国华,质疑,张忠谋,2024-11-29,1.000000
俞国华,认可,张忠谋,2024-11-29,1.000000
魏哲家,认为有危机,台积电,2024-12-02,1.000000
魏哲家,认可,台积电,2024-12-02,1.000000
魏哲家,批评,台积电,2024-12-02,1.000000
魏哲家,担忧,台积电,2024-12-02,1.000000
魏哲家,认为可靠,台积电,2024-12-02,1.000000
魏哲家,质疑,台积电,2024-12-02,1.000000
魏哲家,认为优秀,台积电,2024-12-02,1.000000
张忠谋,认为有危机,台积电,2024-11-27,1.000000
川普,损害,英特尔,2024-12-03,1.000000
陆行之,担忧,川普,2024-12-03,1.000000
季辛格,担忧,川普,2024-12-03,1.000000
特斯拉,损害,台积电,2024-12-03,1.000000
鸿钧微电子,认为有威胁,台积电,2024-12-01,1.000000
中共,损害,台湾,2024-10-31,1.000000
中共,攻击,台湾,2024-10-31,1.000000
中共,威胁,台湾,2024-10-31,1.000000
美国,支持,格罗方德,2024-11-22,1.000000
杨瑞临,感到不满,川普,2024-11-22,1.000000
美国,支持,台积电,2024-11-22,1.000000
美国,主导,半导体,2024-11-22,1.000000
美国,认可,格罗方德,2024-11-22,1.000000
杨瑞临,担忧,川普,2024-11-22,1.000000
杨瑞临,欣赏,川普,2024-11-22,1.000000
杨瑞临,相信,川普,2024-11-22,1.000000
美国,支持,格罗方德,2024-11-22,1.000000
美国,增进,半导体,2024-11-22,1.000000
杨瑞临,认可,川普,2024-11-22,1.000000
杨瑞临,质疑,川普,2024-11-22,1.000000
杨瑞临,批评,川普,2024-11-22,1.000000
美国,损害,英特尔,2024-12-04,1.000000
美国,质疑,英特尔,2024-12-04,1.000000
美国,增进,半导体,2024-12-04,1.000000
美国,视作英雄,川普,2024-12-04,1.000000
美国,损害,英特尔,2024-12-04,1.000000
美国,视作英雄,季辛格,2024-12-04,1.000000
陆行之,认为有威胁,美国,2024-12-04,1.000000
美国,支持,英特尔,2024-11-27,1.000000
美国,感到满意,拜登政府,2024-11-27,1.000000
政府效率部,认为失败,美国,2024-11-27,1.000000
美国,批评,拜登政府,2024-11-27,1.000000
美国,支持,英特尔,2024-11-27,1.000000
美国,感到满意,拜登政府,2024-11-27,1.000000
政府效率部,认为失败,美国,2024-11-27,1.000000
美国,批评,拜登政府,2024-11-27,1.000000
吴诚文,损害,郭智辉,2024-11-29,1.000000
葛如钧,损害,郭智辉,2024-11-29,1.000000
吴诚文,攻击,郭智辉,2024-11-29,1.000000
万美玲,批评,台积电,2024-11-29,1.000000
川普,攻击,台湾,2024-11-29,1.000000
万美玲,认为失败,台积电,2024-11-29,1.000000
万美玲,担忧,台积电,2024-11-29,1.000000
万美玲,认为有成就,台积电,2024-11-29,1.000000
万美玲,认为有威胁,台积电,2024-11-29,1.000000
吴诚文,威胁,郭智辉,2024-11-29,1.000000
葛如钧,威胁,郭智辉,2024-11-29,1.000000
郭智辉,担忧,台积电,2024-11-29,1.000000
万美玲,认为有危机,台积电,2024-11-29,1.000000
万美玲,主导,台积电,2024-11-29,1.000000
川普,威胁,台湾,2024-11-29,1.000000
万美玲,认可,台积电,2024-11-29,1.000000
万美玲,认为违规,台积电,2024-11-29,1.000000
葛如钧,攻击,郭智辉,2024-11-29,1.000000
川普,损害,台湾,2024-11-29,1.000000
JimChanos,支持,川普,2024-11-26,1.000000
川普,支持,《晶片法案》,2024-10-22,1.000000
高盛,视作英雄,川普,2024-12-02,1.000000
高盛证券,视作英雄,川普,2024-12-02,1.000000
高盛,认为有威胁,美国,2024-12-02,1.000000
中共,损害,台湾,2024-10-31,1.000000
中共,攻击,台湾,2024-10-31,1.000000
中共,威胁,台湾,2024-10-31,1.000000
中共,损害,台湾,2024-10-31,1.000000
中共,攻击,台湾,2024-10-31,1.000000
中共,威胁,台湾,2024-10-31,1.000000
美国,增进,中国大陆晶片,2024-12-01,1.000000
张忠谋,认为有危机,英特尔,2024-12-01,1.000000
美国,威胁,全球产业链的稳定,2024-12-06,1.000000
美国,增进,国产化进程,2024-12-06,1.000000
中国汽车工业协会,主导,美国,2024-12-06,1.000000
中国汽车工业协会,认为恐怖,美国,2024-12-06,1.000000
商务部,认为违规,美国,2024-12-06,1.000000
美国,损害,全球产业链的稳定,2024-12-06,1.000000
美国,损害,国际经贸秩序,2024-12-06,1.000000
美国,损害,国际经贸秩序,2024-12-06,1.000000
美国,损害,全球产业链的稳定,2024-12-06,1.000000
中国汽车工业协会,批评,美国,2024-12-06,1.000000
美国,认为有威胁,全球产业链的稳定,2024-12-06,1.000000
中国汽车工业协会,认为违规,美国,2024-12-06,1.000000
中国汽车工业协会,认为有危机,美国,2024-12-06,1.000000
中国汽车工业协会,认为犯罪,美国,2024-12-06,1.000000
中国汽车工业协会,认为失败,美国,2024-12-06,1.000000
美国,威胁,全球产业链的稳定,2024-12-06,1.000000
刘德音,认为优秀,美国,2024-11-26,1.000000
Jeff Koch,担忧,台积电,2024-11-30,1.000000
Jeff Koch,质疑,台积电,2024-11-30,1.000000
川普,攻击,台积电,2024-12-03,1.000000
美国,损害,台积电,2024-12-03,1.000000
英特尔,担忧,美国,2024-12-03,1.000000
川普,损害,台积电,2024-12-03,1.000000
英特尔,威胁,川普,2024-12-03,1.000000
川普,增进,补助政策,2024-12-03,1.000000
川普,损害,苹果,2024-12-03,1.000000
川普,增进,台积电,2024-12-03,1.000000
川普,威胁,台积电,2024-12-03,1.000000
童子贤,威胁,川普,2024-12-02,1.000000
童子贤,担忧,川普,2024-12-02,1.000000
童子贤,批评,川普,2024-12-02,1.000000
童子贤,质疑,川普,2024-12-02,1.000000
童子贤,认为有威胁,川普,2024-12-02,1.000000
童子贤,认可,川普,2024-12-02,1.000000
美国,主导,「国防授权法案」,2024-10-22,1.000000
黄崇仁,认为有暴力,台湾,2024-09-14,1.000000
黄崇仁,认为有危机,台湾,2024-09-14,1.000000
黄崇仁,认为有威胁,台湾,2024-09-14,1.000000
黄崇仁,威胁,台湾,2024-09-14,1.000000
黄崇仁,损害,台湾,2024-09-14,1.000000
哲哲老师,认可,台积电,2024-12-04,1.000000
哲哲老师,质疑,台积电,2024-12-04,1.000000
哲哲老师,认为有威胁,台积电,2024-12-04,1.000000
哲哲老师,担忧,台积电,2024-12-04,1.000000
川普,攻击,台积电,2024-12-04,1.000000
郭智辉,批评,台积电,2024-11-27,1.000000
郭智辉,担忧,台积电,2024-11-27,1.000000
郭智辉,认为有危机,台积电,2024-11-27,1.000000
郭智辉,质疑,台积电,2024-11-27,1.000000
郭智辉,认为有威胁,台积电,2024-11-27,1.000000
美国,攻击,台湾,2024-10-26,1.000000
美国,欣赏,台积电,2024-10-26,1.000000
美国,认可,台积电,2024-10-26,1.000000
美国,支持,台积电,2024-10-26,1.000000
美国,主导,台积电,2024-10-26,1.000000
美国,欢迎,在亚洲的盟友,2024-10-26,1.000000
美国,损害,台湾,2024-10-26,1.000000
美国,威胁,台湾,2024-10-26,1.000000
美国,欢迎,在亚洲的盟友,2024-10-26,1.000000
美国,认为有危机,台积电,2024-10-26,1.000000
张忠谋,质疑,英特尔,2024-11-29,1.000000
张忠谋,认为可靠,台积电,2024-11-29,1.000000
张忠谋,担忧,英特尔,2024-11-29,1.000000
张忠谋,认为有威胁,台积电,2024-11-29,1.000000
张忠谋,认为有成就,台积电,2024-11-29,1.000000
张忠谋,相信,台积电,2024-10-29,1.000000
张忠谋,主导,台积电,2024-10-29,1.000000
俞国华,主导,台积电,2024-11-29,1.000000
张忠谋,认为可靠,台积电,2024-10-25,1.000000
张忠谋,相信,台积电,2024-10-25,1.000000
张忠谋,主导,台积电,2024-10-25,1.000000
美国,认为有威胁,中国,2024-12-03,1.000000
美国,攻击,中国,2024-12-03,1.000000
美国,认为有危机,中国,2024-12-03,1.000000
美国,认为有暴力,中国,2024-12-03,1.000000
美国,威胁,中国,2024-12-03,1.000000
美国,损害,中国,2024-12-03,1.000000
魏哲家,质疑,台积电,2024-12-04,1.000000
魏哲家,担忧,台积电,2024-12-04,1.000000
川普,认可,马斯克,2024-11-06,1.000000
川普,喜欢,马斯克,2024-11-06,1.000000
陈凤馨,认为有暴力,川普,2024-11-06,1.000000
川普胜选,认为优秀,马斯克,2024-11-06,1.000000
陈凤馨,担忧,美国,2024-11-06,1.000000
川普,欣赏,马斯克,2024-11-06,1.000000
川普,认为优秀,马斯克,2024-11-06,1.000000
川普胜选,欢迎,马斯克,2024-11-06,1.000000
陆行之,主导,美国,2024-11-06,1.000000
川普,欢迎,马斯克,2024-11-06,1.000000
陆行之,喜欢,马斯克,2024-11-06,1.000000
马斯克,喜欢,川普,2024-11-06,1.000000
川普,视作英雄,马斯克,2024-11-06,1.000000
陈凤馨,认为恐怖,川普,2024-11-06,1.000000
川普,认为有暴力,马斯克,2024-11-06,1.000000
陆行之,认为犯罪,马斯克,2024-11-06,1.000000
川普胜选,喜欢,马斯克,2024-11-06,1.000000
川普,质疑,马斯克,2024-11-06,1.000000
陆行之,认为优秀,马斯克,2024-11-06,1.000000
阮慕骅,担忧,台积电,2024-11-27,1.000000
阮慕骅,批评,台积电,2024-11-27,1.000000
杨琼璎,损害,台积电,2024-11-29,1.000000
葛如钧,认为有威胁,台积电,2024-11-29,1.000000
国科会,损害,台积电,2024-11-29,1.000000
葛如钧,损害,台积电,2024-11-29,1.000000
彭博社,感到不满,川普,2024-11-21,1.000000
马斯克,欢迎,川普,2024-11-21,1.000000
马斯克,感到不满,川普,2024-11-21,1.000000
台湾,视作英雄,川普,2024-11-21,1.000000
马斯克,支持,川普,2024-11-21,1.000000
马斯克,主导,川普,2024-11-21,1.000000
彭博社,相信,川普,2024-11-21,1.000000
彭博社,质疑,川普,2024-11-21,1.000000
马斯克,威胁,川普,2024-11-21,1.000000
马斯克,认可,川普,2024-11-21,1.000000
马斯克,感到满意,川普,2024-11-21,1.000000
马斯克,认为有暴力,川普,2024-11-21,1.000000
马斯克,相信,川普,2024-11-21,1.000000
马斯克,质疑,川普,2024-11-21,1.000000
彭博社,认为恐怖,川普,2024-11-21,1.000000
彭博社,认为优秀,川普,2024-11-21,1.000000
马斯克,攻击,川普,2024-11-21,1.000000
马斯克,视作英雄,川普,2024-11-21,1.000000
马斯克,喜欢,川普,2024-11-21,1.000000
魏哲家,主导,台积电,2024-10-26,1.000000
美国,增进,英特尔晶圆代工事业,2024-09-03,1.000000
美国,支持,英特尔晶圆代工事业,2024-09-03,1.000000
美国,认可,英特尔晶圆代工事业,2024-09-03,1.000000
美国,主导,英特尔晶圆代工事业,2024-09-03,1.000000
美国,损害,三星,2024-09-03,1.000000
美国,损害,英特尔晶圆代工事业,2024-09-03,1.000000
美国,质疑,三星,2024-09-03,1.000000
美国,担忧,三星,2024-09-03,1.000000
美国,批评,三星,2024-09-03,1.000000
美国,认为有威胁,三星,2024-09-03,1.000000
美国,威胁,三星,2024-09-03,1.000000
美国,认为失败,川普贸易战,2024-12-05,1.000000
贝森特,质疑,川普,2024-11-30,1.000000
刘德音,感到满意,英特尔,2024-12-04,1.000000
台湾中央银行,视作英雄,川普,2024-10-29,1.000000
克里斯・米勒,认为缺乏,川普,2024-10-29,1.000000
克里斯・米勒,认为有暴力,川普,2024-10-29,1.000000
台湾中央银行,担忧,川普,2024-10-29,1.000000
克里斯・米勒,支持,川普,2024-10-29,1.000000
克里斯・米勒,感到满意,川普,2024-10-29,1.000000
瑞银分析师,认为恐怖,川普,2024-10-29,1.000000
瑞银分析师,担忧,川普,2024-10-29,1.000000
克里斯・米勒,喜欢,川普,2024-10-29,1.000000
克里斯・米勒,质疑,川普,2024-10-29,1.000000
台湾中央银行,欣赏,川普,2024-10-29,1.000000
拜登政府,威胁,中国,2024-10-29,1.000000
拜登政府,攻击,中国,2024-10-29,1.000000
瑞银分析师,相信,川普,2024-10-29,1.000000
瑞银分析师,认为违规,川普,2024-10-29,1.000000
台湾中央银行,认为优秀,川普,2024-10-29,1.000000
拜登政府,损害,中国,2024-10-29,1.000000
克里斯・米勒,认为热情,川普,2024-10-29,1.000000
台湾中央银行,相信,川普,2024-10-29,1.000000
瑞银分析师,感到不满,川普,2024-10-29,1.000000
川普,主导,美中贸易战,2024-10-29,1.000000
克里斯・米勒,认为可靠,川普,2024-10-29,1.000000
台湾中央银行,感到不满,川普,2024-10-29,1.000000
瑞银分析师,批评,川普,2024-10-29,1.000000
拜登政府,认为可靠,中国,2024-10-29,1.000000
克里斯・米勒,认为恐怖,川普,2024-10-29,1.000000
瑞银分析师,威胁,川普,2024-10-29,1.000000
克里斯・米勒,担忧,川普,2024-10-29,1.000000
瑞银分析师,威胁,中国,2024-10-29,1.000000
克里斯・米勒,相信,川普,2024-10-29,1.000000
克里斯・米勒,认为违规,川普,2024-10-29,1.000000
瑞银分析师,认为缺乏,川普,2024-10-29,1.000000
瑞银分析师,质疑,川普,2024-10-29,1.000000
瑞银分析师,认为失败,川普,2024-10-29,1.000000
瑞银分析师,认为有威胁,川普,2024-10-29,1.000000
拜登政府,认为有威胁,中国,2024-10-29,1.000000
瑞银分析师,认为有暴力,川普,2024-10-29,1.000000
克里斯・米勒,感到不满,川普,2024-10-29,1.000000
川普,认为失败,美中贸易战,2024-10-29,1.000000
瑞银分析师,认为有威胁,中国,2024-10-29,1.000000
台湾中央银行,质疑,川普,2024-10-29,1.000000
克里斯・米勒,认为优秀,川普,2024-10-29,1.000000
瑞银分析师,认为有危机,川普,2024-10-29,1.000000
克里斯・米勒,认可,川普,2024-10-29,1.000000
瑞银分析师,认为可靠,川普,2024-10-29,1.000000
克里斯・米勒,批评,川普,2024-10-29,1.000000
拜登政府,担忧,中国,2024-10-29,1.000000
拜登政府,认可,中国,2024-10-29,1.000000
克里斯・米勒,欢迎,川普,2024-10-29,1.000000
台湾中央银行,喜欢,川普,2024-10-29,1.000000
美国,攻击,墨西哥,2024-11-28,1.000000
美国,认为非法,墨西哥,2024-11-28,1.000000
美国,认为有威胁,墨西哥,2024-11-28,1.000000
美国,认为恐怖,台股,2024-11-28,1.000000
美国,担忧,全球贸易战,2024-11-26,1.000000
川普,损害,市场,2024-11-26,1.000000
美国,认为违规,加征关税,2024-11-26,1.000000
美国,损害,市场,2024-11-26,1.000000
美国,质疑,加征关税,2024-11-26,1.000000
美国,批评,加征关税,2024-11-26,1.000000
美国,增进,全球贸易战,2024-11-26,1.000000
美国,感到满意,加征关税,2024-11-26,1.000000
美国,支持,加征关税,2024-11-26,1.000000
美国,认为失败,全球贸易战,2024-11-26,1.000000
美国,认为有危机,全球贸易战,2024-11-26,1.000000
川普,感到不满,墨西哥,2024-11-27,1.000000
美国,批评,以色列内阁,2024-11-27,1.000000
川普,认为有危机,墨西哥,2024-11-27,1.000000
川普,认为有威胁,墨西哥,2024-11-27,1.000000
川普,认为可靠,墨西哥,2024-11-27,1.000000
川普,威胁,墨西哥,2024-11-27,1.000000
川普,认为非法,墨西哥,2024-11-27,1.000000
川普,认为有暴力,墨西哥,2024-11-27,1.000000
川普,认为恐怖,墨西哥,2024-11-27,1.000000
川普,损害,AI伺服器供应链,2024-11-27,1.000000
美国,支持,以色列内阁,2024-11-27,1.000000
美国,认为违规,以色列内阁,2024-11-27,1.000000
川普,攻击,墨西哥,2024-11-27,1.000000
美国,质疑,以色列内阁,2024-11-27,1.000000
美国,认可,以色列内阁,2024-11-27,1.000000
以色列内阁,视作英雄,美国,2024-11-27,1.000000
云报政经产业研究院,认为可靠,台积电,2024-11-10,1.000000
云报政经产业研究院,认可,台积电,2024-11-10,1.000000
柴焕欣,认可,台积电,2024-11-10,1.000000
云报政经产业研究院,质疑,台积电,2024-11-10,1.000000
《路透社》,威胁,台积电,2024-11-10,1.000000
柴焕欣,认为可靠,台积电,2024-11-10,1.000000
《路透社》,认为有威胁,台积电,2024-11-10,1.000000
《路透社》,担忧,台积电,2024-11-10,1.000000
柴焕欣,主导,台积电,2024-11-10,1.000000
云报政经产业研究院,认为恐怖,台积电,2024-11-10,1.000000
美国,损害,中国客户,2024-11-10,1.000000
柴焕欣,质疑,台积电,2024-11-10,1.000000
美国,认为违规,台积电,2024-11-10,1.000000
川普,增进,晶片禁令,2024-11-10,1.000000
美国,攻击,晶片禁令,2024-11-10,1.000000
柴焕欣,认为恐怖,台积电,2024-11-10,1.000000
美国,损害,中国客户,2024-11-10,1.000000
云报政经产业研究院,担忧,台积电,2024-11-10,1.000000
张忠谋,攻击,川普,2024-11-10,1.000000
美国,担忧,台积电,2024-11-10,1.000000
云报政经产业研究院,相信,台积电,2024-11-10,1.000000
市调机构集邦科技,认为有危机,台积电,2024-11-20,1.000000
刘镜清,认为有危机,台积电,2024-11-20,1.000000
郭智辉,担忧,台积电,2024-11-20,1.000000
郭智辉,认为恐怖,台积电,2024-11-20,1.000000
吴诚文,批评,川普,2024-11-20,1.000000
郭智辉,认为可靠,台积电,2024-11-20,1.000000
刘镜清,担忧,台积电,2024-11-20,1.000000
市调机构集邦科技,视作英雄,郭智辉,2024-11-20,1.000000
郭智辉,认为有威胁,台积电,2024-11-20,1.000000
吴诚文,质疑,川普,2024-11-20,1.000000
郭智辉,质疑,台积电,2024-11-20,1.000000
市调机构集邦科技,认为可靠,台积电,2024-11-20,1.000000
刘镜清,认可,台积电,2024-11-20,1.000000
刘镜清,认为可靠,台积电,2024-11-20,1.000000
市调机构集邦科技,认为有威胁,台积电,2024-11-20,1.000000
刘镜清,主导,台积电,2024-11-20,1.000000
市调机构集邦科技,认为恐怖,台积电,2024-11-20,1.000000
刘镜清,认为有威胁,台积电,2024-11-20,1.000000
郭智辉,认为恐怖,台积电,2024-11-20,1.000000
市调机构集邦科技,质疑,台积电,2024-11-20,1.000000
郭智辉,认为失败,台积电,2024-11-20,1.000000
郭智辉,认为可靠,台积电,2024-11-20,1.000000
郭智辉,认为有危机,台积电,2024-11-20,1.000000
吴诚文,相信,川普,2024-11-20,1.000000
郭智辉,认为有威胁,台积电,2024-11-20,1.000000
谢金河,批评,川普,2024-11-19,1.000000
谢金河,质疑,川普,2024-11-19,1.000000
谢金河,感到不满,川普,2024-11-19,1.000000
联准会,认为非法,美国,2024-11-28,1.000000
联准会,认为有威胁,美国,2024-11-28,1.000000
联准会,认为有危机,美国,2024-11-28,1.000000
蔡明彦,认可,美国,2024-11-06,1.000000
蔡明彦,认为有威胁,美国,2024-11-06,1.000000
蔡明彦,质疑,美国,2024-11-06,1.000000
蔡明彦,认为非法,美国,2024-11-06,1.000000
蔡明彦,认为恐怖,美国,2024-11-06,1.000000
蔡明彦,担忧,美国,2024-11-06,1.000000
蔡明彦,认为有危机,美国,2024-11-06,1.000000
杰夫‧威廉斯,认为可靠,台积电,2024-11-29,1.000000
杰夫,欢迎,张忠谋,2024-11-29,1.000000
杰夫‧威廉斯,认为优秀,台积电,2024-11-29,1.000000
杰夫‧威廉斯,增进,台积电,2024-11-29,1.000000
张忠谋,质疑,英特尔,2024-11-29,1.000000
杰夫,批评,张忠谋,2024-11-29,1.000000
杰夫,担忧,张忠谋,2024-11-29,1.000000
张忠谋,批评,英特尔,2024-11-29,1.000000
杰夫,质疑,张忠谋,2024-11-29,1.000000
高雄市长陈其迈,认为可靠,台积电,2024-11-26,1.000000
高雄市长陈其迈,认为优秀,台积电,2024-11-26,1.000000
陈其迈,担忧,台积电,2024-11-26,1.000000
陈其迈,认为优秀,台积电,2024-11-26,1.000000
高雄市长陈其迈,认为可靠,台积电,2024-11-26,1.000000
高雄市长陈其迈,质疑,台积电,2024-11-26,1.000000
陈其迈,认为可靠,台积电,2024-11-26,1.000000
陈其迈,质疑,台积电,2024-11-26,1.000000
高雄市长陈其迈,认为优秀,台积电,2024-11-26,1.000000
立法院,欢迎,郭智辉,2024-11-20,1.000000
郭智辉,威胁,台积电,2024-11-20,1.000000
赖清德,认为恐怖,台湾,2024-11-20,1.000000
美国,支持,台积电,2024-11-20,1.000000
魏哲家,损害,台积电,2024-11-20,1.000000
民进党,攻击,台积电,2024-11-20,1.000000
民进党,损害,台积电,2024-11-20,1.000000
郭智辉,攻击,台积电,2024-11-20,1.000000
赖清德,损害,台湾,2024-11-20,1.000000
郭智辉,损害,台积电,2024-11-20,1.000000
美国,视作英雄,雷蒙多,2024-11-20,1.000000
立法院,认为优秀,郭智辉,2024-11-20,1.000000
立法院,视作英雄,郭智辉,2024-11-20,1.000000
赖清德,认为有威胁,台湾,2024-11-20,1.000000
民进党,威胁,台积电,2024-11-20,1.000000
赖清德,认为有危机,台湾,2024-11-20,1.000000
赖清德,认为可靠,台湾,2024-11-20,1.000000
川普,损害,联想股,2024-12-01,1.000000
马斯克,损害,台湾,2024-12-01,1.000000
川普,主导,大打关税战,2024-12-01,1.000000
马斯克,认为恐怖,美国,2024-12-01,1.000000
川普,认为恐怖,大打关税战恐引发通膨,2024-12-01,1.000000
川普,主导,大打关税战,2024-12-01,1.000000
马斯克,认为有危机,美国,2024-12-01,1.000000
马斯克,认为非法,美国,2024-12-01,1.000000
马斯克,认为有威胁,美国,2024-12-01,1.000000
川普,损害,联想股,2024-12-01,1.000000
美国,损害,台湾,2024-12-01,1.000000
马斯克,增进,美国,2024-12-01,1.000000
美国,认为有威胁,中国,2024-12-03,1.000000
美国,攻击,中国,2024-12-03,1.000000
美国,威胁,中国,2024-12-03,1.000000
美国,损害,中国,2024-12-03,1.000000
李登辉,视作英雄,张忠谋,2024-12-04,1.000000
韩国政局,损害,台积电,2024-12-04,1.000000
李登辉,批评,张忠谋,2024-12-04,1.000000
李登辉,认为有暴力,张忠谋,2024-12-04,1.000000
李登辉,质疑,张忠谋,2024-12-04,1.000000
李登辉,感到不满,张忠谋,2024-12-04,1.000000
李登辉,欣赏,张忠谋,2024-12-04,1.000000
郑正钤,质疑,台积电,2024-11-27,1.000000
郑正钤,认为有威胁,台积电,2024-11-27,1.000000
郑正钤,主导,台积电,2024-11-27,1.000000
郑正钤,认为失败,台积电,2024-11-27,1.000000
郑正钤,增进,台积电,2024-11-27,1.000000
国民党,质疑,台积电,2024-11-27,1.000000
国民党,担忧,台积电,2024-11-27,1.000000
郑正钤,担忧,台积电,2024-11-27,1.000000
刘德音,增进,美国,2024-09-06,1.000000
川普,认为失败,《晶片法案》,2024-11-14,1.000000
美国,攻击,华为,2024-11-14,1.000000
川普,批评,《晶片法案》,2024-11-14,1.000000
美商务部,主导,台积电,2024-11-14,1.000000
川普,认为有威胁,台湾,2024-11-14,1.000000
美商务部,支持,台积电,2024-11-14,1.000000
川普,威胁,台湾,2024-11-14,1.000000
川普,攻击,台湾,2024-11-14,1.000000
中广新闻网,认为缺乏,美国,2024-11-14,1.000000
川普,认为违规,《晶片法案》,2024-11-14,1.000000
川普,担忧,《晶片法案》,2024-11-14,1.000000
川普,质疑,《晶片法案》,2024-11-14,1.000000
中国大陆,担忧,台积电,2024-11-14,1.000000
中广新闻网,认为有威胁,美国,2024-11-14,1.000000
英国经济学人,担忧,台积电,2024-11-14,1.000000
英国经济学人,认可,台积电,2024-11-14,1.000000
川普,损害,台湾,2024-11-14,1.000000
川普,主导,《晶片法案》,2024-11-14,1.000000
中广新闻网,认为有危机,美国,2024-11-14,1.000000
英国经济学人,质疑,台积电,2024-11-14,1.000000
英国经济学人,相信,台积电,2024-11-14,1.000000
张淑芬,视作英雄,美国,2024-11-29,1.000000
川普,增进,关税,2024-11-28,1.000000
川普,攻击,加,2024-11-28,1.000000
川普,威胁,美国,2024-11-28,1.000000
川普,攻击,墨,2024-11-28,1.000000
川普,损害,美国,2024-11-28,1.000000
川普,增进,关税,2024-11-27,1.000000
川普,认为有威胁,美国,2024-11-27,1.000000
美国,攻击,墨,2024-11-27,1.000000
川普,攻击,加,2024-11-27,1.000000
美国,认为有威胁,墨,2024-11-27,1.000000
美国,损害,美国,2024-11-27,1.000000
美国,攻击,加,2024-11-27,1.000000
川普,认为有危机,美国,2024-11-27,1.000000
川普,威胁,美国,2024-11-27,1.000000
美国,认为有威胁,加,2024-11-27,1.000000
川普,攻击,墨,2024-11-27,1.000000
川普,损害,美国,2024-11-27,1.000000
台湾混凝土学会,质疑,台湾,2024-12-03,1.000000
美国,认为可靠,美国,2024-10-29,1.000000
陈正健,认为有威胁,中国,2024-10-29,1.000000
美国,增进,美国,2024-10-29,1.000000
杨昭彦,认为有威胁,中国,2024-10-29,1.000000
陈正健,威胁,中国,2024-10-29,1.000000
美国,认为违规,美国,2024-10-29,1.000000
陈正健,损害,中国,2024-10-29,1.000000
美国,增进,美国,2024-10-29,1.000000
杨昭彦,损害,中国,2024-10-29,1.000000
美国,支持,美国,2024-11-26,1.000000
联准会,认为非法,美国,2024-11-29,1.000000
杨瑞临,视作英雄,川普,2024-12-03,1.000000
杨瑞临,相信,川普,2024-12-03,1.000000
李镇宇,攻击,台积电,2024-11-19,1.000000
李镇宇,质疑,台积电,2024-11-19,1.000000
李镇宇,担忧,川普,2024-11-19,1.000000
李镇宇,认为有暴力,川普,2024-11-19,1.000000
李镇宇,认为恐怖,川普,2024-11-19,1.000000
李镇宇,威胁,川普,2024-11-19,1.000000
李镇宇,攻击,川普,2024-11-19,1.000000
李镇宇,批评,川普,2024-11-19,1.000000
李镇宇,认为有威胁,川普,2024-11-19,1.000000
李镇宇,质疑,川普,2024-11-19,1.000000
李镇宇,感到不满,川普,2024-11-19,1.000000
李镇宇,担忧,台积电,2024-11-19,1.000000
李镇宇,认为有危机,川普,2024-11-19,1.000000
朱汉仑,主导,美国,2024-11-19,1.000000
李镇宇,相信,川普,2024-11-19,1.000000
拜登总统,损害,台积电,2024-12-03,1.000000
郭智辉,质疑,川普,2024-12-03,1.000000
魏哲家,主导,美国,2024-12-03,1.000000
拜登总统,威胁,台积电,2024-12-03,1.000000
魏哲家,增进,美国,2024-12-03,1.000000
魏哲家,认可,美国,2024-12-03,1.000000
拜登总统,批评,川普,2024-12-03,1.000000
拜登总统,攻击,川普,2024-12-03,1.000000
魏哲家,担忧,美国,2024-12-03,1.000000
川普,损害,台积电,2024-12-03,1.000000
拜登总统,攻击,台积电,2024-12-03,1.000000
拜登总统,感到不满,川普,2024-12-03,1.000000
郭智辉,感到不满,川普,2024-12-03,1.000000
美国,损害,台积电,2024-12-03,1.000000
美国,威胁,台积电,2024-12-03,1.000000
智璞产业趋势研究所,损害,台积电,2024-12-03,1.000000
拜登总统,质疑,川普,2024-12-03,1.000000
拜登总统,认为有危机,台积电,2024-12-03,1.000000
智璞产业趋势研究所,威胁,台积电,2024-12-03,1.000000
智璞产业趋势研究所,认为有威胁,台积电,2024-12-03,1.000000
郭智辉,担忧,川普,2024-12-03,1.000000
川普政策,损害,台积电,2024-12-03,1.000000
张忠谋,主导,台积电,2024-11-29,1.000000
张忠谋,支持,台积电,2024-11-29,1.000000
张忠谋,认可,台积电,2024-11-29,1.000000
陈凤馨,威胁,美国,2024-11-02,1.000000
川普,攻击,台积电,2024-11-02,1.000000
日本,损害,美国,2024-11-02,1.000000
川普,攻击,日本东芝,2024-11-02,1.000000
川普,损害,台积电,2024-11-02,1.000000
陈凤馨,认为有威胁,美国,2024-11-02,1.000000
陈凤馨,认为有暴力,川普,2024-11-02,1.000000
日本,认为失败,美国,2024-11-02,1.000000
陈凤馨,感到不满,川普,2024-11-02,1.000000
陈凤馨,批评,川普,2024-11-02,1.000000
美国,主导,晶片科学法案,2024-11-02,1.000000
日本,攻击,美国,2024-11-02,1.000000
陈凤馨,认为失败,美国,2024-11-02,1.000000
陈凤馨,质疑,川普,2024-11-02,1.000000
刘镜清,担忧,川普,2024-11-07,1.000000
刘镜清,认为有暴力,川普,2024-11-07,1.000000
刘镜清,支持,川普,2024-11-07,1.000000
刘镜清,欣赏,川普,2024-11-07,1.000000
刘镜清,威胁,川普,2024-11-07,1.000000
刘镜清,认为可靠,川普,2024-11-07,1.000000
刘镜清,喜欢,川普,2024-11-07,1.000000
刘镜清,感到不满,川普,2024-11-07,1.000000
刘镜清,认可,川普,2024-11-07,1.000000
刘镜清,认为恐怖,川普,2024-11-07,1.000000
刘镜清,质疑,川普,2024-11-07,1.000000
刘镜清,相信,川普,2024-11-07,1.000000
群益投顾,质疑,川普,2024-12-05,1.000000
美国,认为恐怖,完全自动驾驶车辆,2024-11-18,1.000000
美国,认为恐怖,驾驶,2024-11-18,1.000000
美国,增进,全球供应链重组,2024-11-29,1.000000
川普,批评,加关税,2024-11-27,1.000000
赖怡忠,威胁,台积电,2024-11-13,1.000000
台湾国安系统,认为非法,美国,2024-11-13,1.000000
赖怡忠,认为有威胁,台积电,2024-11-13,1.000000
亚利桑那州长,认为有危机,台积电,2024-11-13,1.000000
美国,认为有危机,台积电,2024-11-13,1.000000
美国,认为有危机,台积电,2024-11-13,1.000000
台湾国安系统,认为有危机,台积电,2024-11-13,1.000000
风传媒,欢迎,川普,2024-11-13,1.000000
美国,认为有危机,台积电,2024-11-13,1.000000
郑荣丰,认为有危机,台积电,2024-11-13,1.000000
张忠谋,认为有危机,台积电,2024-11-13,1.000000
川普,认为有危机,台积电,2024-11-13,1.000000
赖清德,认为有危机,台积电,2024-11-13,1.000000
赖怡忠,认为有危机,台积电,2024-11-13,1.000000
解放军,认为有危机,台积电,2024-11-13,1.000000
风传媒,认为有危机,台积电,2024-11-13,1.000000
德国政府,支持,台湾,2024-08-24,1.000000
萧兹,欣赏,台积电,2024-08-24,1.000000
萧兹,喜欢,台积电,2024-08-24,1.000000
萧兹,欢迎,台积电,2024-08-24,1.000000
德国,欢迎,台积电,2024-08-24,1.000000
美企,支持,美国,2024-11-25,1.000000
川普,威胁,台积电,2024-11-05,1.000000
贺锦丽,认为非法,美国,2024-11-05,1.000000
民主党,主导,美国,2024-11-05,1.000000
共和党,主导,美国,2024-11-05,1.000000
民主党,认为失败,美国,2024-11-05,1.000000
郭智辉,担忧,台积电,2024-11-05,1.000000
立法院经济委员会,视作英雄,川普,2024-11-05,1.000000
川普,攻击,台积电,2024-11-05,1.000000
刘镜清,主导,美国,2024-11-05,1.000000
民主党,认为非法,美国,2024-11-05,1.000000
共和党,认为失败,美国,2024-11-05,1.000000
刘镜清,质疑,川普,2024-11-05,1.000000
郭智辉,认可,台积电,2024-11-05,1.000000
共和党,认为非法,美国,2024-11-05,1.000000
郭智辉,质疑,台积电,2024-11-05,1.000000
川普,损害,台积电,2024-11-05,1.000000
刘镜清,认为失败,美国,2024-11-05,1.000000
刘镜清,认为非法,美国,2024-11-05,1.000000
川普,认为有威胁,台积电,2024-11-05,1.000000
贺锦丽,主导,美国,2024-11-05,1.000000
刘镜清,认为有暴力,美国,2024-11-06,1.000000
刘镜清,认为有威胁,美国,2024-11-06,1.000000
刘镜清,主导,美国,2024-11-06,1.000000
刘镜清,认为失败,美国,2024-11-06,1.000000
刘镜清,认为有危机,美国,2024-11-06,1.000000
张忠谋,认为可靠,台积电,2024-12-02,1.000000
Dan Ives,感到满意,美国,2024-12-02,1.000000
川普,认为有威胁,关税,2024-12-02,1.000000
Dan Ives,认为有威胁,川普,2024-12-02,1.000000
Dan Ives,担忧,美国,2024-12-02,1.000000
Dan Ives,担忧,川普,2024-12-02,1.000000
Dan Ives,认为有暴力,川普,2024-12-02,1.000000
Dan Ives,相信,川普,2024-12-02,1.000000
Dan Ives,质疑,美国,2024-12-02,1.000000
Dan Ives,认为恐怖,川普,2024-12-02,1.000000
Dan Ives,认为违规,美国,2024-12-02,1.000000
Dan Ives,批评,美国,2024-12-02,1.000000
Dan Ives,质疑,川普,2024-12-02,1.000000
美国,支持,特斯拉,2024-12-02,1.000000
马斯克,主导,美国,2024-12-02,1.000000
美国,欣赏,特斯拉,2024-12-02,1.000000
Dan Ives,认为有威胁,美国,2024-12-02,1.000000
美国,认可,特斯拉,2024-12-02,1.000000
马斯克,认为失败,美国,2024-12-02,1.000000
拉马斯瓦米,认为违规,美国,2024-11-27,1.000000
拉马斯瓦米,担忧,美国,2024-11-27,1.000000
美国,支持,英特尔,2024-11-27,1.000000
谢衣凤,威胁,台积电,2024-11-19,1.000000
谢衣凤,认为有威胁,台积电,2024-11-19,1.000000
谢衣凤,增进,台积电,2024-11-19,1.000000
谢衣凤,主导,台积电,2024-11-19,1.000000
谢衣凤,认为失败,台积电,2024-11-19,1.000000
彭博社,认为优秀,马斯克,2024-11-25,1.000000
美国,主导,台积电,2024-11-26,1.000000
科克,批评,台积电,2024-11-26,1.000000
台积电,增进,半导体,2024-11-26,1.000000
科克,担忧,台积电,2024-11-26,1.000000
半导体,担忧,台积电,2024-11-26,1.000000
科克,认为可靠,台积电,2024-11-26,1.000000
半导体,质疑,台积电,2024-11-26,1.000000
科克,质疑,台积电,2024-11-26,1.000000
亚利桑那州,主导,台积电,2024-11-26,1.000000
川普,主导,台积电,2024-11-19,1.000000
谢衣凤,认为违规,台积电,2024-11-19,1.000000
谢衣凤,认为失败,台积电,2024-11-19,1.000000
谢衣凤,认为有威胁,台积电,2024-11-19,1.000000
赖瑞隆,质疑,台积电,2024-11-19,1.000000
郭智辉,质疑,台积电,2024-11-19,1.000000
民进党,质疑,台积电,2024-11-19,1.000000
谢衣凤,质疑,台积电,2024-11-19,1.000000
国民党,质疑,台积电,2024-11-19,1.000000
赖瑞隆,认为违规,台积电,2024-11-19,1.000000
谢衣凤,感谢,郭智辉,2024-11-19,1.000000
谢衣凤,威胁,台积电,2024-11-19,1.000000
川普,主导,「保护费」,2024-11-06,1.000000
凌涛,质疑,川普,2024-11-06,1.000000
川普,攻击,台湾,2024-11-06,1.000000
凌涛,攻击,台湾,2024-11-06,1.000000
川普,认为有威胁,台湾,2024-11-06,1.000000
川普,攻击,两岸底线,2024-11-06,1.000000
凌涛,认为有威胁,美国,2024-11-06,1.000000
陆行之,担忧,台积电,2024-11-01,1.000000
陆行之,质疑,台积电,2024-11-01,1.000000
陆行之,批评,台积电,2024-11-01,1.000000
陆行之,认为有危机,台积电,2024-11-01,1.000000
陆行之,认可,台积电,2024-11-01,1.000000
陆行之,认为有威胁,台积电,2024-11-01,1.000000
川普,认为失败,晶片法案,2024-11-19,1.000000
川普,损害,台积电,2024-11-19,1.000000
美国,视作英雄,川普,2024-11-06,1.000000
美国,增进,全球供应链重组,2024-11-28,1.000000
郭智辉,认为有威胁,台积电,2024-11-19,1.000000
立法院经济委员会,欢迎,郭智辉,2024-11-19,1.000000
傅崐萁,认为恐怖,台积电,2024-11-19,1.000000
傅崐萁,相信,郭智辉,2024-11-19,1.000000
郭智辉,视作英雄,台积电,2024-11-19,1.000000
傅崐萁,批评,郭智辉,2024-11-19,1.000000
傅崐萁,认为有威胁,台积电,2024-11-19,1.000000
郭智辉,认为有危机,台积电,2024-11-19,1.000000
郭智辉,质疑,台积电,2024-11-19,1.000000
傅崐萁,认为有危机,台积电,2024-11-19,1.000000
傅崐萁,认为违规,郭智辉,2024-11-19,1.000000
郭智辉,认为失败,台积电,2024-11-19,1.000000
郭智辉,支持,台积电,2024-11-19,1.000000
傅崐萁,质疑,郭智辉,2024-11-19,1.000000
傅崐萁,质疑,台积电,2024-11-19,1.000000
郭智辉,认为恐怖,台积电,2024-11-19,1.000000
郭智辉,增进,台积电,2024-11-19,1.000000
刘德音获颁潘文渊奖,认为有暴力,张忠谋,2024-11-27,1.000000
张忠谋,欢迎,魏哲家,2024-11-27,1.000000
国泰证券分析，联准会,视作英雄,美国,2024-11-14,1.000000
台湾,欢迎,日本,2024-11-29,1.000000
台湾,感谢,日本,2024-11-29,1.000000
台积电,增进,半导体,2024-11-29,1.000000
台湾,感到满意,日本,2024-11-29,1.000000
台湾,支持,日本,2024-11-29,1.000000
邱泰源,认为犯罪,黄仁勋,2024-12-05,1.000000
美国,认为失败,关税战,2024-11-27,1.000000
美国,质疑,拜登政府,2024-11-27,1.000000
张忠谋,认为热情,黄仁勋,2024-11-27,1.000000
美国,批评,拜登政府,2024-11-27,1.000000
美国,认为有危机,关税战,2024-11-27,1.000000
张忠谋,欢迎,黄仁勋,2024-11-27,1.000000
蔡正元,质疑,尹锡悦,2024-11-27,1.000000
美国,主导,关税战,2024-11-27,1.000000
川普,质疑,拜登政府,2024-11-27,1.000000
蔡正元,担忧,尹锡悦,2024-11-27,1.000000
蔡正元,感到不满,尹锡悦,2024-11-27,1.000000
川普,批评,拜登政府,2024-11-27,1.000000
陆行之,质疑,中国,2024-11-27,1.000000
陆行之,损害,台积电,2024-11-27,1.000000
陆行之,认为有危机,中国,2024-11-27,1.000000
陆行之,认为非法,中国,2024-11-27,1.000000
陆行之,认为恐怖,中国,2024-11-27,1.000000
陆行之,认为失败,中国,2024-11-27,1.000000
陆行之,认为有威胁,中国,2024-11-27,1.000000
陆行之,威胁,台积电,2024-11-27,1.000000
陆行之,威胁,中国,2024-11-27,1.000000
陆行之,担忧,中国,2024-11-27,1.000000
陆行之,担忧,台积电,2024-11-27,1.000000
陆行之,认为有暴力,中国,2024-11-27,1.000000
陆行之,相信,中国,2024-11-27,1.000000
陆行之,欣赏,中国,2024-11-27,1.000000
陆行之,认为优秀,中国,2024-11-27,1.000000
陆行之,认为缺乏,中国,2024-11-27,1.000000
陆行之,认为有成就,中国,2024-11-27,1.000000
陆行之,认为可靠,中国,2024-11-27,1.000000
陆行之,认可,中国,2024-11-27,1.000000
川普,质疑,阿共仔,2024-11-19,1.000000
马斯克,质疑,美国,2024-11-28,1.000000
拉马斯瓦米,损害,美国,2024-11-28,1.000000
拉马斯瓦米,认为违规,美国,2024-11-28,1.000000
拉马斯瓦米,攻击,中国,2024-11-28,1.000000
拉马斯瓦米,增进,美国,2024-11-28,1.000000
美国,欢迎,川普总统,2024-11-28,1.000000
拉马斯瓦米,担忧,美国,2024-11-28,1.000000
川普政府,欢迎,马斯克,2024-11-28,1.000000
内阁,视作英雄,马斯克,2024-11-28,1.000000
拉马斯瓦米,质疑,美国,2024-11-28,1.000000
美国,感谢,川普总统,2024-11-28,1.000000
拉马斯瓦米,威胁,中国,2024-11-28,1.000000
拉马斯瓦米,批评,美国,2024-11-28,1.000000
川普总统,认为违规,美国,2024-11-28,1.000000
蔡正元,认可,尹锡悦,2024-12-04,1.000000
蔡正元,质疑,尹锡悦,2024-12-04,1.000000
蔡正元,欣赏,尹锡悦,2024-12-04,1.000000
蔡正元,认为可靠,尹锡悦,2024-12-04,1.000000
蔡正元,认为优秀,尹锡悦,2024-12-04,1.000000
蔡正元,认为热情,尹锡悦,2024-12-04,1.000000
蔡正元,威胁,尹锡悦,2024-12-04,1.000000
蔡正元,认为缺乏,尹锡悦,2024-12-04,1.000000
蔡正元,批评,尹锡悦,2024-12-04,1.000000
蔡正元,认为恐怖,尹锡悦,2024-12-04,1.000000
蔡正元,感到不满,尹锡悦,2024-12-04,1.000000
蔡正元,担忧,尹锡悦,2024-12-04,1.000000
蔡正元,喜欢,台积电,2024-12-04,1.000000
蔡正元,相信,尹锡悦,2024-12-04,1.000000
蔡正元,认为有暴力,尹锡悦,2024-12-04,1.000000
黄仁勋,主导,台积电,2024-11-04,1.000000
黄仁勋,认为失败,台积电,2024-11-04,1.000000
刘镜清,质疑,川普,2024-11-22,1.000000
南韩国会,喜欢,尹锡悦,2024-11-27,1.000000
南韩国会,认为热情,尹锡悦,2024-11-27,1.000000
南韩国会,欢迎,尹锡悦,2024-11-27,1.000000
川普,认为恐怖,贸易战,2024-11-27,1.000000
南韩国会,认可,尹锡悦,2024-11-27,1.000000
南韩国会,认为犯罪,尹锡悦,2024-11-27,1.000000
南韩国会,支持,尹锡悦,2024-11-27,1.000000
南韩国会,认为违规,尹锡悦,2024-11-27,1.000000
南韩国会,认为有暴力,尹锡悦,2024-11-27,1.000000
南韩国会,欣赏,尹锡悦,2024-11-27,1.000000
南韩国会,感到满意,尹锡悦,2024-11-27,1.000000
川普,认为失败,贸易战,2024-11-27,1.000000
南韩国会,质疑,尹锡悦,2024-11-27,1.000000
南韩国会,批评,尹锡悦,2024-11-27,1.000000
郑正钤,质疑,台积电,2024-11-27,1.000000
立法院经济委员会,担忧,台积电,2024-11-27,1.000000
立法院经济委员会,批评,台积电,2024-11-27,1.000000
经济部,认为缺乏,台积电,2024-11-27,1.000000
郑正钤,认为有危机,台积电,2024-11-27,1.000000
立法院经济委员会,认为失败,台积电,2024-11-27,1.000000
经济部,增进,台积电,2024-11-27,1.000000
立法院经济委员会,增进,台积电,2024-11-27,1.000000
郑正钤,增进,台积电,2024-11-27,1.000000
立法院经济委员会,主导,台积电,2024-11-27,1.000000
郑正钤,认为有威胁,台积电,2024-11-27,1.000000
国民党,担忧,台积电,2024-11-27,1.000000
立法院经济委员会,认为有威胁,台积电,2024-11-27,1.000000
郑正钤,担忧,台积电,2024-11-27,1.000000
美国,损害,台积电,2024-11-27,1.000000
郑正钤,主导,台积电,2024-11-27,1.000000
立法院经济委员会,认为恐怖,台积电,2024-11-27,1.000000
经济部,主导,台积电,2024-11-27,1.000000
美国,增进,台积电,2024-11-27,1.000000
国民党,质疑,台积电,2024-11-27,1.000000
立法院经济委员会,质疑,台积电,2024-11-27,1.000000
经济部,损害,台积电,2024-11-27,1.000000
经济部,认为缺乏,台积电,2024-11-27,1.000000
郑正钤,增进,台积电,2024-11-27,1.000000
郑正钤,担忧,台积电,2024-11-27,1.000000
立法院经济委员会,批评,台积电,2024-11-27,1.000000
立法院经济委员会,增进,台积电,2024-11-27,1.000000
美国,损害,台积电,2024-11-27,1.000000
国民党,担忧,台积电,2024-11-27,1.000000
郑正钤,认为有威胁,台积电,2024-11-27,1.000000
郑正钤,认为有危机,台积电,2024-11-27,1.000000
立法院经济委员会,认为有威胁,台积电,2024-11-27,1.000000
经济部,增进,台积电,2024-11-27,1.000000
经济部,主导,台积电,2024-11-27,1.000000
立法院经济委员会,担忧,台积电,2024-11-27,1.000000
立法院经济委员会,认为失败,台积电,2024-11-27,1.000000
经济部,损害,台积电,2024-11-27,1.000000
立法院经济委员会,质疑,台积电,2024-11-27,1.000000
郑正钤,质疑,台积电,2024-11-27,1.000000
郑正钤,主导,台积电,2024-11-27,1.000000
立法院经济委员会,认为恐怖,台积电,2024-11-27,1.000000
国民党,质疑,台积电,2024-11-27,1.000000
立法院经济委员会,主导,台积电,2024-11-27,1.000000
美国,增进,台积电,2024-11-27,1.000000
美国,质疑,在拜登政府,2024-11-28,1.000000
川普,感到不满,拜登政府,2024-11-28,1.000000
美国,批评,在拜登政府,2024-11-28,1.000000
美国,支持,台积电,2024-11-28,1.000000
川普,感到满意,拜登政府,2024-11-28,1.000000
美国,增进,台积电,2024-11-28,1.000000
地方州政府,损害,台积电,2024-11-25,1.000000
川普总统即将上任,认为有危机,台积电,2024-11-25,1.000000
川普总统,认为有危机,台积电,2024-11-25,1.000000
川普总统即将上任,威胁,台积电,2024-11-25,1.000000
川普总统,认为有威胁,台积电,2024-11-25,1.000000
联邦政府,相信,台积电,2024-11-25,1.000000
台湾,质疑,台积电,2024-11-25,1.000000
地方州政府,支持,台积电,2024-11-25,1.000000
川普总统,威胁,台积电,2024-11-25,1.000000
新总统,相信,台积电,2024-11-25,1.000000
地方州政府,认可,台积电,2024-11-25,1.000000
地方州政府,相信,台积电,2024-11-25,1.000000
川普总统即将上任,损害,台积电,2024-11-25,1.000000
地方州政府,欣赏,台积电,2024-11-25,1.000000
川普总统,损害,台积电,2024-11-25,1.000000
地方州政府,增进,台积电,2024-11-25,1.000000
川普总统即将上任,攻击,台积电,2024-11-25,1.000000
川普总统即将上任,认为有威胁,台积电,2024-11-25,1.000000
川普总统,攻击,台积电,2024-11-25,1.000000
惠川普,增进,美国,2024-11-25,1.000000
川普,增进,美国,2024-11-25,1.000000
川普,增进,AI产业,2024-12-03,1.000000
郭智辉,认为可靠,台积电,2024-11-20,1.000000
郭智辉,认为缺乏,台积电,2024-11-20,1.000000
郭智辉,质疑,台积电,2024-11-20,1.000000
郭智辉,认为恐怖,台积电,2024-11-20,1.000000
美国,主导,台积电,2024-11-20,1.000000
郭智辉,认为有威胁,台积电,2024-11-20,1.000000
郭智辉,担忧,台积电,2024-11-20,1.000000
美国,支持,台积电,2024-11-20,1.000000
郭智辉,批评,台积电,2024-11-20,1.000000
郭智辉,认为有危机,台积电,2024-11-20,1.000000
南韩朝野,担忧,尹锡悦,2024-12-06,1.000000
南韩朝野,相信,尹锡悦,2024-12-06,1.000000
南韩朝野,威胁,尹锡悦,2024-12-06,1.000000
在野党魁,担忧,尹锡悦,2024-12-06,1.000000
南韩朝野,认为恐怖,尹锡悦,2024-12-06,1.000000
南韩朝野,质疑,尹锡悦,2024-12-06,1.000000
谢衣鳯,批评,郭智辉,2024-11-19,1.000000
赖瑞隆,感到不满,川普,2024-11-19,1.000000
谢衣鳯,视作英雄,郭智辉,2024-11-19,1.000000
谢衣鳯,攻击,郭智辉,2024-11-19,1.000000
谢衣鳯,感到不满,郭智辉,2024-11-19,1.000000
赖瑞隆,认为热情,川普,2024-11-19,1.000000
谢衣鳯,认为恐怖,郭智辉,2024-11-19,1.000000
谢衣鳯,认为犯罪,郭智辉,2024-11-19,1.000000
赖瑞隆,担忧,台积电,2024-11-19,1.000000
赖瑞隆,认为有暴力,川普,2024-11-19,1.000000
谢衣鳯,认为失败,郭智辉,2024-11-19,1.000000
赖瑞隆,支持,川普,2024-11-19,1.000000
谢衣鳯,威胁,郭智辉,2024-11-19,1.000000
谢衣鳯,喜欢,郭智辉,2024-11-19,1.000000
谢衣鳯,认为有威胁,郭智辉,2024-11-19,1.000000
谢衣鳯,感到满意,郭智辉,2024-11-19,1.000000
谢衣鳯,认为热情,郭智辉,2024-11-19,1.000000
谢衣鳯,认为有危机,台积电,2024-11-19,1.000000
赖瑞隆,质疑,川普,2024-11-19,1.000000
谢衣鳯,担忧,郭智辉,2024-11-19,1.000000
谢衣鳯,认为优秀,郭智辉,2024-11-19,1.000000
谢衣鳯,认为恐怖,台积电,2024-11-19,1.000000
谢衣鳯,认为有暴力,郭智辉,2024-11-19,1.000000
谢衣鳯,相信,郭智辉,2024-11-19,1.000000
谢衣鳯,欣赏,郭智辉,2024-11-19,1.000000
谢衣鳯,支持,郭智辉,2024-11-19,1.000000
谢衣鳯,感谢,郭智辉,2024-11-19,1.000000
赖瑞隆,视作英雄,川普,2024-11-19,1.000000
赖瑞隆,批评,川普,2024-11-19,1.000000
谢衣鳯,认为缺乏,郭智辉,2024-11-19,1.000000
谢衣鳯,认为有威胁,台积电,2024-11-19,1.000000
郭智辉,认为可靠,台积电,2024-11-19,1.000000
谢衣鳯,认为有成就,郭智辉,2024-11-19,1.000000
谢衣鳯,认为可靠,郭智辉,2024-11-19,1.000000
谢衣鳯,认可,郭智辉,2024-11-19,1.000000
谢衣鳯,质疑,郭智辉,2024-11-19,1.000000
谢衣鳯,认为违规,郭智辉,2024-11-19,1.000000
美国,认为犯罪,台积电,2024-11-19,1.000000
郭智辉,质疑,台积电,2024-11-20,1.000000
谢衣鳯,质疑,台积电,2024-11-20,1.000000
国民党,质疑,台积电,2024-11-20,1.000000
立法院经济委员会,威胁,台积电,2024-11-20,1.000000
立法院经济委员会,质疑,台积电,2024-11-20,1.000000
谢衣鳯,担忧,台积电,2024-11-20,1.000000
谢衣鳯,威胁,台积电,2024-11-20,1.000000
立法院经济委员会,担忧,台积电,2024-11-20,1.000000
国民党,担忧,台积电,2024-11-20,1.000000
谢衣鳯,认为有威胁,台积电,2024-11-20,1.000000
立法院经济委员会,认为有威胁,台积电,2024-11-20,1.000000
陈凤馨,认为可靠,台积电,2024-11-20,1.000000
川普,增进,台积电,2024-11-20,1.000000
美国,支持,台积电,2024-11-20,1.000000
陈凤馨,质疑,台积电,2024-11-20,1.000000
拜登政府,增进,台积电,2024-11-20,1.000000
陈凤馨,认为有危机,台积电,2024-11-20,1.000000
亚利桑那州,主导,台积电,2024-11-20,1.000000
陈凤馨,增进,台积电,2024-11-20,1.000000
陈凤馨,认为恐怖,台积电,2024-11-20,1.000000
亚利桑那州,增进,台积电,2024-11-20,1.000000
陈凤馨,认为有威胁,台积电,2024-11-20,1.000000
美国,认为违规,美国,2024-10-29,1.000000
蔡英文,欢迎,美国,2024-11-19,1.000000
吕秀莲,威胁,台湾,2024-11-19,1.000000
美国,损害,台湾,2024-11-19,1.000000
蔡英文,损害,台湾,2024-11-19,1.000000
亚利桑那州,损害,台湾,2024-11-19,1.000000
吕秀莲,损害,台湾,2024-11-19,1.000000
美国,攻击,台湾,2024-11-19,1.000000
台积电,损害,北京,2024-11-28,1.000000
美国,增进,未来出口管制,2024-11-28,1.000000
中国大陆官员,主导,美国,2024-11-28,1.000000
台积电,认为有威胁,美国,2024-11-28,1.000000
台积电,攻击,北京,2024-11-28,1.000000
中国大陆官员,质疑,台积电,2024-11-28,1.000000
路透社,主导,台积电,2024-12-05,1.000000
路透社,增进,台积电,2024-12-05,1.000000
美国,支持,台积电,2024-12-05,1.000000
路透社,认为失败,台积电,2024-12-05,1.000000
台湾,支持,美国,2024-10-29,1.000000
台湾,认为可靠,美国,2024-10-29,1.000000
工业与安全局,认为有威胁,美国,2024-10-29,1.000000
穆勒纳尔,增进,美国,2024-10-29,1.000000
川普,认为恐怖,台积电,2024-11-30,1.000000
川普,威胁,台积电,2024-11-30,1.000000
川普,认为犯罪,台积电,2024-11-30,1.000000
川普,增进,台积电,2024-11-30,1.000000
川普,认为有威胁,台积电,2024-11-30,1.000000
谢金河,认为有威胁,中国,2024-11-30,1.000000
台湾,质疑,台积电,2024-11-30,1.000000
川普,担忧,台积电,2024-11-30,1.000000
川普,质疑,台积电,2024-11-30,1.000000
川普,批评,台积电,2024-11-30,1.000000
川普,认为有危机,台积电,2024-11-30,1.000000
川普,损害,台积电,2024-11-30,1.000000
川普,认为失败,台积电,2024-11-30,1.000000
川普,攻击,台积电,2024-11-30,1.000000
美国,支持,台积电,2024-11-07,1.000000
美国,认可,台积电,2024-11-07,1.000000
颜择雅,担忧,川普,2024-11-05,1.000000
赖论 · 纽时,认为可靠,川普,2024-11-05,1.000000
赖论 · 纽时,认可,川普,2024-11-05,1.000000
颜择雅,主导,美国,2024-11-05,1.000000
颜择雅,认可,川普,2024-11-05,1.000000
颜择雅,质疑,川普,2024-11-05,1.000000
颜择雅,支持,川普,2024-11-05,1.000000
赖论 · 纽时,认为优秀,川普,2024-11-05,1.000000
颜择雅,认为失败,美国,2024-11-05,1.000000
颜择雅,批评,川普,2024-11-05,1.000000
颜择雅,认为有威胁,台积电,2024-11-05,1.000000
颜择雅,认为有危机,台积电,2024-11-05,1.000000
赖论 · 纽时,质疑,川普,2024-11-05,1.000000
赖论 · 纽时,支持,川普,2024-11-05,1.000000
赖论 · 纽时,认为缺乏,川普,2024-11-05,1.000000
证交所,认为有威胁,台积电,2024-12-02,1.000000
川普,批评,《美墨加协定》,2024-12-02,1.000000
证交所,认为有危机,台积电,2024-12-02,1.000000
金管会,攻击,台积电,2024-12-02,1.000000
金管会,威胁,台积电,2024-12-02,1.000000
金管会,认为有危机,台积电,2024-12-02,1.000000
金管会,认为有成就,台积电,2024-12-02,1.000000
证交所,认为有成就,台积电,2024-12-02,1.000000
美国,认为有威胁,墨西哥,2024-12-02,1.000000
美中地缘政治冲突,损害,台湾,2024-12-02,1.000000
金管会,认为违规,台积电,2024-12-02,1.000000
金管会,质疑,台积电,2024-12-02,1.000000
金管会,感到不满,台积电,2024-12-02,1.000000
金管会,担忧,台积电,2024-12-02,1.000000
川普,认为违规,《美墨加协定》,2024-12-02,1.000000
金管会,认为有暴力,台积电,2024-12-02,1.000000
证交所,担忧,台积电,2024-12-02,1.000000
波顿,批评,川普,2024-12-02,1.000000
美国,认为违规,《美墨加协定》,2024-12-02,1.000000
证交所,损害,台积电,2024-12-02,1.000000
美中对抗,质疑,川普,2024-12-02,1.000000
金管会,损害,台积电,2024-12-02,1.000000
金管会,认为非法,台积电,2024-12-02,1.000000
川普,主导,《美墨加协定》,2024-12-02,1.000000
金管会,认为犯罪,台积电,2024-12-02,1.000000
金管会,认为优秀,台积电,2024-12-02,1.000000
波顿,质疑,川普,2024-12-02,1.000000
波顿,感到不满,川普,2024-12-02,1.000000
波顿,担忧,川普,2024-12-02,1.000000
证交所,认为非法,台积电,2024-12-02,1.000000
川普,增进,美国,2024-12-02,1.000000
金管会,认为缺乏,台积电,2024-12-02,1.000000
金管会,认为失败,台积电,2024-12-02,1.000000
波顿,相信,川普,2024-12-02,1.000000
金管会,认为恐怖,台积电,2024-12-02,1.000000
金管会,认为可靠,台积电,2024-12-02,1.000000
证交所,认为恐怖,台积电,2024-12-02,1.000000
金管会,认为有威胁,台积电,2024-12-02,1.000000
川普,损害,加拿大,2024-12-02,1.000000
证交所,认为优秀,台积电,2024-12-02,1.000000
郭正亮,认为有威胁,美国,2024-11-05,1.000000
郭正亮,认为恐怖,台积电,2024-11-05,1.000000
美国,损害,台积电,2024-11-05,1.000000
美国,认为优秀,台积电,2024-11-05,1.000000
美国,认为恐怖,台积电,2024-11-05,1.000000
郭正亮,认为缺乏,台积电,2024-11-05,1.000000
郭正亮,认为可靠,台积电,2024-11-05,1.000000
郭正亮,认为有威胁,台积电,2024-11-05,1.000000
美国,认为可靠,台积电,2024-11-05,1.000000
郭正亮,威胁,台积电,2024-11-05,1.000000
美国,威胁,台积电,2024-11-05,1.000000
美国,认为失败,台海战争,2024-11-05,1.000000
美国,认为恐怖,台海战争,2024-11-05,1.000000
郭正亮,认为违规,台积电,2024-11-05,1.000000
美国,认可,台积电,2024-11-05,1.000000
美国,担忧,台积电,2024-11-05,1.000000
美国,认为有威胁,台海战争,2024-11-05,1.000000
美国,认为有危机,台海战争,2024-11-05,1.000000
郭正亮,认为犯罪,台积电,2024-11-05,1.000000
科克,批评,台积电,2024-11-26,1.000000
台积电,增进,半导体,2024-11-26,1.000000
埃泽尔,认为有危机,台积电,2024-11-26,1.000000
半导体,担忧,台积电,2024-11-26,1.000000
米勒,认为可靠,台积电,2024-11-26,1.000000
美国,主导,台积电,2024-11-26,1.000000
半导体,质疑,台积电,2024-11-26,1.000000
米勒,认可,台积电,2024-11-26,1.000000
科克,质疑,台积电,2024-11-26,1.000000
科克,担忧,台积电,2024-11-26,1.000000
江坤宇,认为失败,美国,2024-11-21,1.000000
陈柏清,认为有威胁,美国,2024-11-21,1.000000
江坤宇,威胁,美国,2024-11-21,1.000000
叶政勋,认为有威胁,美国,2024-11-21,1.000000
江坤宇,认为有威胁,美国,2024-11-21,1.000000
美国,支持,台积电,2024-12-05,1.000000
路透社,认为失败,台积电,2024-12-05,1.000000
美国,攻击,台积电,2024-11-19,1.000000
前任员工,认为有危机,台积电,2024-11-19,1.000000
美国,威胁,台积电,2024-11-19,1.000000
前任员工,认为犯罪,台积电,2024-11-19,1.000000
美国,认为失败,台积电,2024-11-19,1.000000
前任员工,认为失败,台积电,2024-11-19,1.000000
前任员工,损害,台积电,2024-11-19,1.000000
前任员工,认为有暴力,台积电,2024-11-19,1.000000
美国,感到不满,台积电,2024-11-13,1.000000
台湾人,主导,台积电,2024-11-13,1.000000
台湾人,增进,台积电,2024-11-13,1.000000
台湾人,担忧,台积电,2024-11-13,1.000000
陆军第八军团指挥部,损害,台积电,2024-11-13,1.000000
台湾人,欣赏,台积电,2024-11-13,1.000000
台湾人,认为有危机,台积电,2024-11-13,1.000000
美国,批评,台积电,2024-11-13,1.000000
美国,认为违规,台积电,2024-11-13,1.000000
台湾人,喜欢,台积电,2024-11-13,1.000000
陆军第八军团指挥部,威胁,台积电,2024-11-13,1.000000
美国,损害,中国的AI发展,2024-11-13,1.000000
美国,损害,美股四大指数全数走高,2024-08-26,1.000000
美国,主导,半导体,2024-10-26,1.000000
台湾打仗,损害,美国,2024-11-19,1.000000
郭智辉,相信,川普,2024-11-19,1.000000
川普,认为非法,晶片法,2024-11-19,1.000000
美国,支持,全球AI发展,2024-11-19,1.000000
经济部,感到不满,川普,2024-11-19,1.000000
郭智辉,威胁,川普,2024-11-19,1.000000
郭智辉,担忧,川普,2024-11-19,1.000000
美国,主导,全球AI发展,2024-11-19,1.000000
郭智辉,认可,川普,2024-11-19,1.000000
郭智辉,认为有威胁,川普,2024-11-19,1.000000
经济部,喜欢,川普,2024-11-19,1.000000
郭智辉,认为恐怖,川普,2024-11-19,1.000000
郭智辉,认为有暴力,川普,2024-11-19,1.000000
郭智辉,感到不满,川普,2024-11-19,1.000000
郭智辉,攻击,川普,2024-11-19,1.000000
美国,攻击,台积电,2024-11-19,1.000000
美国,主导,半导体,2024-11-19,1.000000
经济部,认为热情,川普,2024-11-19,1.000000
经济部,认为优秀,川普,2024-11-19,1.000000
郭智辉,质疑,川普,2024-11-19,1.000000
美国,损害,台积电,2024-11-19,1.000000
经济部,欢迎,川普,2024-11-19,1.000000
郭智辉,喜欢,川普,2024-11-19,1.000000
郭智辉,支持,川普,2024-11-19,1.000000
郭智辉,认为热情,川普,2024-11-19,1.000000
郭智辉,认为优秀,川普,2024-11-19,1.000000
郭智辉,欢迎,川普,2024-11-19,1.000000
郭智辉,感到满意,川普,2024-11-19,1.000000
经济部,视作英雄,川普,2024-11-19,1.000000
郭智辉,批评,川普,2024-11-19,1.000000
美国,增进,全球AI发展,2024-11-19,1.000000
郭智辉,损害,川普,2024-11-19,1.000000
经济部,相信,川普,2024-11-19,1.000000
经济部,认为恐怖,川普,2024-11-19,1.000000
戴雅门,认为有危机,台湾,2024-10-10,1.000000
中美战略思考,认为可靠,台湾,2024-10-10,1.000000
戴雅门,认为有威胁,台湾,2024-10-10,1.000000
台湾,认为优秀,半导体,2024-10-10,1.000000
川普,增进,加拿大及墨西哥关税,2024-12-01,1.000000
亚利桑那州晶圆厂,感到满意,台积电,2024-12-04,1.000000
魏哲家,感到满意,台积电,2024-12-04,1.000000
张政禹,认为失败,美国,2024-11-21,1.000000
潘杰楷,认为失败,美国,2024-11-21,1.000000
张政禹,攻击,美国,2024-11-21,1.000000
美国,增进,全球供应链重组,2024-11-28,1.000000
美国,认为有成就,力积电,2024-11-28,1.000000
黄仁勋,认为有危机,台积电,2024-11-19,1.000000
颜择雅,质疑,川普,2024-11-05,1.000000
颜择雅,批评,川普,2024-11-05,1.000000
颜择雅,担忧,川普,2024-11-05,1.000000
颜择雅,相信,川普,2024-11-05,1.000000
美国,攻击,华为,2024-12-01,1.000000
台积电,损害,半导体,2024-12-01,1.000000
美国,损害,华为,2024-12-01,1.000000
郭智辉,增进,台积电,2024-11-20,1.000000
郭智辉,批评,台积电,2024-11-20,1.000000
郭智辉,认可,台积电,2024-11-20,1.000000
郭智辉,相信,台积电,2024-11-20,1.000000
郭智辉,认为有危机,台积电,2024-11-20,1.000000
郭智辉,担忧,台积电,2024-11-20,1.000000
叶元之,质疑,郭智辉,2024-11-20,1.000000
郭智辉,质疑,台积电,2024-11-20,1.000000
路透社,认为有危机,美国,2024-12-03,1.000000
中国政府,视作英雄,川普,2024-12-03,1.000000
路透社,损害,美国,2024-12-03,1.000000
路透社,认为有威胁,美国,2024-12-03,1.000000
中国商务部,攻击,美国,2024-12-03,1.000000
路透社,认为有威胁,中国,2024-12-03,1.000000
路透社,认为可靠,美国,2024-12-03,1.000000
中国政府,损害,美国,2024-12-03,1.000000
北方华创,认为有威胁,美国,2024-12-03,1.000000
欧盟,攻击,美国,2024-12-03,1.000000
路透社,认为优秀,美国,2024-12-03,1.000000
路透社,攻击,美国,2024-12-03,1.000000
美国,损害,半导体,2024-12-03,1.000000
北京,攻击,美国,2024-12-03,1.000000
路透社,认为恐怖,美国,2024-12-03,1.000000
拜登政府,认为有威胁,美国,2024-12-03,1.000000
路透社,感到不满,美国,2024-12-03,1.000000
中国,威胁,美国,2024-12-03,1.000000
中国商务部,认为有威胁,美国,2024-12-03,1.000000
中国商务部,威胁,美国,2024-12-03,1.000000
拜登政府,损害,中国,2024-12-03,1.000000
路透社,认为有暴力,美国,2024-12-03,1.000000
路透社,担忧,美国,2024-12-03,1.000000
路透社,欣赏,美国,2024-12-03,1.000000
芯片,损害,中国,2024-12-03,1.000000
中国政府,威胁,美国,2024-12-03,1.000000
中国商务部,担忧,美国,2024-12-03,1.000000
芯片,攻击,中国,2024-12-03,1.000000
通信企业协会,威胁,中国,2024-12-03,1.000000
中国商务部,欣赏,美国,2024-12-03,1.000000
路透社,担忧,美国,2024-12-03,1.000000
路透社,认为非法,美国,2024-12-03,1.000000
中国政府,攻击,美国,2024-12-03,1.000000
拜登政府,威胁,中国,2024-12-03,1.000000
路透社,认可,美国,2024-12-03,1.000000
中国商务部,批评,美国,2024-12-03,1.000000
路透社,质疑,美国,2024-12-03,1.000000
路透社,威胁,美国,2024-12-03,1.000000
中国政府,认为有威胁,美国,2024-12-03,1.000000
中国商务部,认为非法,美国,2024-12-03,1.000000
中国商务部,质疑,美国,2024-12-03,1.000000
中国,质疑,美国,2024-12-03,1.000000
路透社,相信,美国,2024-12-03,1.000000
中国,攻击,美国,2024-12-03,1.000000
路透社,支持,美国,2024-12-03,1.000000
欧盟,威胁,美国,2024-12-03,1.000000
中国商务部,认为有危机,美国,2024-12-03,1.000000
北京,威胁,美国,2024-12-03,1.000000
路透社,认为缺乏,美国,2024-12-03,1.000000
中国海关,攻击,美国,2024-12-03,1.000000
中国互联网协会,质疑,美国,2024-12-03,1.000000
美国,攻击,台积电,2024-11-28,1.000000
索贝克,认为有暴力,川普,2024-11-28,1.000000
索贝克,感到满意,川普,2024-11-28,1.000000
川普政府,损害,中国,2024-11-28,1.000000
索贝克,相信,川普,2024-11-28,1.000000
川普政府,认为有威胁,中国,2024-11-28,1.000000
川普,认为可靠,中国,2024-11-28,1.000000
川普,认为有威胁,中国,2024-11-28,1.000000
川普政府,威胁,中国,2024-11-28,1.000000
川普,损害,中国,2024-11-28,1.000000
索贝克,支持,川普,2024-11-28,1.000000
川普,认为非法,中国,2024-11-28,1.000000
索贝克,担忧,川普,2024-11-28,1.000000
索贝克,认为有危机,台湾,2024-11-28,1.000000
索贝克,认可,川普,2024-11-28,1.000000
川普,威胁,中国,2024-11-28,1.000000
美国,损害,台积电,2024-11-28,1.000000
索贝克,认为有成就,台积电,2024-11-28,1.000000
索贝克,质疑,川普,2024-11-28,1.000000
美国,威胁,台积电,2024-11-28,1.000000
索贝克,认为有威胁,台湾,2024-11-28,1.000000
索贝克,批评,川普,2024-11-28,1.000000
川普政府,认为有成就,台积电,2024-11-28,1.000000
索贝克,感到不满,川普,2024-11-28,1.000000
索贝克,威胁,川普,2024-11-28,1.000000
索贝克,欣赏,川普,2024-11-28,1.000000
川普政府,认为有危机,中国,2024-11-28,1.000000
美国,威胁,中国,2024-11-28,1.000000
川普,认为有危机,中国,2024-11-28,1.000000
美国,主导,台积电,2024-11-21,1.000000
高雄,主导,台积电,2024-11-21,1.000000
郭智辉,担忧,台积电,2024-11-20,1.000000
郭智辉,质疑,台积电,2024-11-20,1.000000
川普,攻击,台积电,2024-11-28,1.000000
川普,担忧,台积电,2024-11-28,1.000000
川普,认为有威胁,关税,2024-11-28,1.000000
川普,认为有危机,台积电,2024-11-28,1.000000
川普,认为可靠,台积电,2024-11-28,1.000000
张忠谋,主导,台积电,2024-11-28,1.000000
川普,担忧,关税,2024-11-28,1.000000
川普,认为有危机,关税,2024-11-28,1.000000
川普,认为有威胁,台积电,2024-11-28,1.000000
日本球迷,认为热情,台湾,2024-11-27,1.000000
球迷,认为热情,台湾,2024-11-27,1.000000
英特尔执行长,威胁,台积电,2024-12-03,1.000000
英特尔执行长,视作英雄,张忠谋,2024-12-03,1.000000
季辛格,威胁,台积电,2024-12-03,1.000000
司法院,欢迎,张忠谋,2024-12-03,1.000000
后基辛格时代,攻击,台积电,2024-12-03,1.000000
后基辛格时代,威胁,台积电,2024-12-03,1.000000
后基辛格时代,认为有威胁,台积电,2024-12-03,1.000000
张忠谋,认为有威胁,台积电,2024-12-03,1.000000
张忠谋,威胁,台积电,2024-12-03,1.000000
张忠谋,认为有威胁,英特尔,2024-12-03,1.000000
许宗力,支持,张忠谋,2024-12-03,1.000000
司法院,认为有威胁,台积电,2024-12-03,1.000000
许宗力,认为有威胁,台积电,2024-12-03,1.000000
季辛格,损害,台积电,2024-12-03,1.000000
许宗力,威胁,台积电,2024-12-03,1.000000
张忠谋,认可,黄仁勋,2024-12-03,1.000000
后基辛格时代,损害,台积电,2024-12-03,1.000000
季辛格,认为有威胁,台积电,2024-12-03,1.000000
许宗力,欢迎,张忠谋,2024-12-03,1.000000
美国,认为有成就,台积电,2024-11-25,1.000000
半导体,担忧,台积电,2024-11-25,1.000000
科克,认为有危机,台积电,2024-11-25,1.000000
美国,担忧,台积电,2024-11-25,1.000000
科克,认为有威胁,台积电,2024-11-25,1.000000
美国,感到不满,台积电,2024-11-25,1.000000
科克,认为可靠,台积电,2024-11-25,1.000000
科克,认可,台积电,2024-11-25,1.000000
台积电,增进,半导体,2024-11-25,1.000000
美国,威胁,台积电,2024-11-25,1.000000
美国,支持,台积电,2024-11-25,1.000000
美国,认为违规,台积电,2024-11-25,1.000000
美国,认可,台积电,2024-11-25,1.000000
科克,相信,台积电,2024-11-25,1.000000
半导体,质疑,台积电,2024-11-25,1.000000
台湾政府,认为有威胁,中国,2024-11-25,1.000000
科克,质疑,台积电,2024-11-25,1.000000
美国,感到满意,台积电,2024-11-25,1.000000
美国,相信,台积电,2024-11-25,1.000000
科克,批评,台积电,2024-11-25,1.000000
美国,质疑,台积电,2024-11-25,1.000000
科克,认为优秀,台积电,2024-11-25,1.000000
美国,认为优秀,台积电,2024-11-25,1.000000
科克,担忧,台积电,2024-11-25,1.000000
美国,批评,台积电,2024-11-25,1.000000
米勒,认为有危机,台积电,2024-11-25,1.000000
日本交流协会,欢迎,台湾,2024-11-25,1.000000
日本交流协会,感谢,台湾,2024-11-25,1.000000
米勒,认为恐怖,台积电,2024-11-25,1.000000
日本交流协会,认为可靠,台湾,2024-11-25,1.000000
日本交流协会,认可,台湾,2024-11-25,1.000000
科克,担忧,台积电,2024-11-25,1.000000
美国,相信,台积电,2024-11-25,1.000000
美国,支持,台积电,2024-11-25,1.000000
米勒,认为失败,台积电,2024-11-25,1.000000
半导体,担忧,台积电,2024-11-25,1.000000
美国,担忧,台积电,2024-11-25,1.000000
美国,感到不满,台积电,2024-11-25,1.000000
米勒,认为有威胁,台积电,2024-11-25,1.000000
半导体,相信,台积电,2024-11-25,1.000000
日本交流协会,质疑,台湾,2024-11-25,1.000000
日本交流协会,视作英雄,台湾,2024-11-25,1.000000
美国,认为优秀,台积电,2024-11-25,1.000000
美国,认可,台积电,2024-11-25,1.000000
米勒,欣赏,台积电,2024-11-25,1.000000
美国,认为可靠,台积电,2024-11-25,1.000000
美国,质疑,台积电,2024-11-25,1.000000
米勒,担忧,台积电,2024-11-25,1.000000
美国,认为违规,台积电,2024-11-25,1.000000
米勒,相信,台积电,2024-11-25,1.000000
美国,批评,台积电,2024-11-25,1.000000
日本交流协会,喜欢,台湾,2024-11-25,1.000000
日本交流协会,感到不满,台湾,2024-11-25,1.000000
日本交流协会,增进,台湾,2024-11-25,1.000000
米勒,认可,台积电,2024-11-25,1.000000
米勒,认为缺乏,台积电,2024-11-25,1.000000
日本交流协会,认为失败,台湾,2024-11-25,1.000000
美国,损害,台积电,2024-11-25,1.000000
半导体,质疑,台积电,2024-11-25,1.000000
米勒,认为可靠,台积电,2024-11-25,1.000000
日本交流协会,认为有威胁,中国,2024-11-25,1.000000
日本交流协会,担忧,台湾,2024-11-25,1.000000
米勒,质疑,台积电,2024-11-25,1.000000
日本交流协会,威胁,中国,2024-11-25,1.000000
米勒,批评,台积电,2024-11-25,1.000000
美国,威胁,台积电,2024-11-25,1.000000
日本交流协会,感到满意,台湾,2024-11-25,1.000000
日本交流协会,相信,台湾,2024-11-25,1.000000
日本交流协会,支持,台湾,2024-11-25,1.000000
川普,威胁,加拿大,2024-12-03,1.000000
蔡正元,认为犯罪,川普,2024-12-03,1.000000
川普,认为非法,加拿大,2024-12-03,1.000000
蔡正元,支持,川普,2024-12-03,1.000000
蔡正元,认为恐怖,尹锡悦,2024-12-03,1.000000
蔡正元,认为可靠,川普,2024-12-03,1.000000
蔡正元,感到不满,尹锡悦,2024-12-03,1.000000
蔡正元,认为违规,尹锡悦,2024-12-03,1.000000
蔡正元,担忧,尹锡悦,2024-12-03,1.000000
蔡正元,相信,尹锡悦,2024-12-03,1.000000
蔡正元,欢迎,尹锡悦,2024-12-03,1.000000
蔡正元,威胁,尹锡悦,2024-12-03,1.000000
禹元植,认为有暴力,尹锡悦,2024-12-03,1.000000
蔡正元,批评,尹锡悦,2024-12-03,1.000000
蔡正元,认为有暴力,川普,2024-12-03,1.000000
韩国总统尹锡悦,欣赏,台积电,2024-12-03,1.000000
蔡正元,支持,台积电,2024-12-03,1.000000
蔡正元,喜欢,台积电,2024-12-03,1.000000
禹元植,感到不满,尹锡悦,2024-12-03,1.000000
川普,主导,「左右护法」,2024-12-03,1.000000
蔡正元,感到满意,川普,2024-12-03,1.000000
蔡正元,质疑,尹锡悦,2024-12-03,1.000000
蔡正元,认为恐怖,川普,2024-12-03,1.000000
蔡正元,感到不满,川普,2024-12-03,1.000000
韩国国会,质疑,尹锡悦,2024-12-03,1.000000
蔡正元,担忧,川普,2024-12-03,1.000000
蔡正元,相信,川普,2024-12-03,1.000000
蔡正元,攻击,尹锡悦,2024-12-03,1.000000
川普,损害,韩国,2024-12-03,1.000000
蔡正元,威胁,川普,2024-12-03,1.000000
蔡正元,认为有暴力,尹锡悦,2024-12-03,1.000000
国民党,质疑,尹锡悦,2024-12-03,1.000000
蔡正元,认为可靠,尹锡悦,2024-12-03,1.000000
蔡正元,喜欢,尹锡悦,2024-12-03,1.000000
蔡正元,认为优秀,尹锡悦,2024-12-03,1.000000
川普,认为有威胁,加拿大,2024-12-03,1.000000
蔡正元,认为违规,川普,2024-12-03,1.000000
国民党,批评,尹锡悦,2024-12-03,1.000000
蔡正元,认可,川普,2024-12-03,1.000000
川普,攻击,加拿大,2024-12-03,1.000000
蔡正元,质疑,川普,2024-12-03,1.000000
蔡正元,欣赏,台积电,2024-12-03,1.000000
蔡正元,攻击,川普,2024-12-03,1.000000
蔡正元,批评,川普,2024-12-03,1.000000
台积电,认为有成就,半导体,2024-12-02,1.000000
蔡正元,视作英雄,尹锡悦,2024-12-04,1.000000
蔡正元,感到不满,尹锡悦,2024-12-04,1.000000
蔡正元,感到满意,台积电,2024-12-04,1.000000
蔡正元,质疑,尹锡悦,2024-12-04,1.000000
蔡正元,喜欢,台积电,2024-12-04,1.000000
蔡正元,欢迎,台积电,2024-12-04,1.000000
特朗普,质疑,台湾,2024-10-28,1.000000
特朗普,认为有威胁,台湾,2024-10-28,1.000000
亚利桑那州,认为失败,台积电,2024-08-10,1.000000
亚利桑那州,认为犯罪,台积电,2024-08-10,1.000000
亚利桑那州,认为有暴力,台积电,2024-08-10,1.000000
亚利桑那州,认为违规,台积电,2024-08-10,1.000000
亚利桑那州,主导,台积电,2024-08-10,1.000000
川普,担忧,台湾晶片,2024-11-19,1.000000
川普,感到不满,台湾晶片,2024-11-19,1.000000
杨瑞临,欣赏,川普,2024-12-03,1.000000
杨瑞临,感到不满,川普,2024-12-03,1.000000
贝佐斯,认为热情,川普,2024-12-06,1.000000
南韩联合参谋本部,视作英雄,川普,2024-12-06,1.000000
贝佐斯,质疑,川普,2024-12-06,1.000000
贝佐斯,感到满意,川普,2024-12-06,1.000000
马斯克,支持,川普,2024-12-06,1.000000
马斯克,认为优秀,川普,2024-12-06,1.000000
马斯克,欢迎,川普,2024-12-06,1.000000
川普,威胁,美国,2024-12-06,1.000000
贝佐斯,相信,川普,2024-12-06,1.000000
贝佐斯,支持,川普,2024-12-06,1.000000
马斯克,认可,川普,2024-12-06,1.000000
马斯克,认为有暴力,川普,2024-12-06,1.000000
贝佐斯,认可,川普,2024-12-06,1.000000
贝佐斯,欢迎,川普,2024-12-06,1.000000
马斯克,认为恐怖,川普,2024-12-06,1.000000
马斯克,喜欢,川普,2024-12-06,1.000000
贝佐斯,喜欢,川普,2024-12-06,1.000000
南韩联合参谋本部,欢迎,川普,2024-12-06,1.000000
贝佐斯,批评,川普,2024-12-06,1.000000
南韩联合参谋本部,支持,川普,2024-12-06,1.000000
贝佐斯,视作英雄,川普,2024-12-06,1.000000
川普,损害,美国,2024-12-06,1.000000
贝佐斯,感谢,川普,2024-12-06,1.000000
贝佐斯,攻击,川普,2024-12-06,1.000000
贝佐斯,感到不满,川普,2024-12-06,1.000000
南韩联合参谋本部,欣赏,川普,2024-12-06,1.000000
贝佐斯,认为热情,川普,2024-12-06,1.000000
贝佐斯,质疑,川普,2024-12-06,1.000000
贝佐斯,感到满意,川普,2024-12-06,1.000000
川普,威胁,美国,2024-12-06,1.000000
贝佐斯,认可,川普,2024-12-06,1.000000
贝佐斯,欢迎,川普,2024-12-06,1.000000
贝佐斯,欢迎,马斯克,2024-12-06,1.000000
贝佐斯,喜欢,川普,2024-12-06,1.000000
贝佐斯,视作英雄,川普,2024-12-06,1.000000
川普,损害,美国,2024-12-06,1.000000
贝佐斯,感谢,川普,2024-12-06,1.000000
贝佐斯,感谢,马斯克,2024-12-06,1.000000
贝佐斯,攻击,川普,2024-12-06,1.000000
贝佐斯,感到不满,川普,2024-12-06,1.000000
纽约联准银行,视作英雄,川普,2024-12-05,1.000000
贝佐斯,认为热情,川普,2024-12-05,1.000000
纽约联准银行,威胁,美国,2024-12-05,1.000000
南韩联合参谋本部,视作英雄,川普,2024-12-05,1.000000
贝佐斯,质疑,川普,2024-12-05,1.000000
贝佐斯,感到满意,川普,2024-12-05,1.000000
马斯克,支持,川普,2024-12-05,1.000000
马斯克,认为优秀,川普,2024-12-05,1.000000
马斯克,欢迎,川普,2024-12-05,1.000000
南韩联合参谋本部,认为热情,川普,2024-12-05,1.000000
贝佐斯,相信,川普,2024-12-05,1.000000
贝佐斯,支持,川普,2024-12-05,1.000000
马斯克,认可,川普,2024-12-05,1.000000
贝佐斯,认可,川普,2024-12-05,1.000000
贝佐斯,欢迎,川普,2024-12-05,1.000000
马斯克,认为恐怖,川普,2024-12-05,1.000000
贝佐斯,欢迎,马斯克,2024-12-05,1.000000
马斯克,视作英雄,川普,2024-12-05,1.000000
纽约联准银行,损害,美国,2024-12-05,1.000000
马斯克,喜欢,川普,2024-12-05,1.000000
贝佐斯,喜欢,川普,2024-12-05,1.000000
南韩联合参谋本部,欢迎,川普,2024-12-05,1.000000
贝佐斯,批评,川普,2024-12-05,1.000000
贝佐斯,视作英雄,川普,2024-12-05,1.000000
川普,损害,美国,2024-12-05,1.000000
贝佐斯,感谢,川普,2024-12-05,1.000000
贝佐斯,感谢,马斯克,2024-12-05,1.000000
贝佐斯,攻击,川普,2024-12-05,1.000000
马斯克,感到不满,川普,2024-12-05,1.000000
贝佐斯,感到不满,川普,2024-12-05,1.000000
谢金河,认为违规,川普,2024-11-30,1.000000
谢金河,质疑,川普,2024-11-30,1.000000
谢金河,认为犯罪,川普,2024-11-30,1.000000
洪申翰,质疑,川普,2024-11-30,1.000000
谢金河,攻击,川普,2024-11-30,1.000000
洪申翰,担忧,川普,2024-11-30,1.000000
洪申翰,威胁,川普,2024-11-30,1.000000
谢金河,认为有暴力,川普,2024-11-30,1.000000
洪申翰,批评,川普,2024-11-30,1.000000
谢金河,批评,川普,2024-11-30,1.000000
谢金河,感到不满,川普,2024-11-30,1.000000
台湾政府,认为非法,台积电,2024-10-24,1.000000
美国,认为非法,台积电,2024-10-24,1.000000
美国,认为恐怖,美国,2024-10-29,1.000000
美国,主导,美国,2024-10-29,1.000000
美国,认为有威胁,美国,2024-10-29,1.000000
美国,增进,美国,2024-10-29,1.000000
美国,认可,美国,2024-10-29,1.000000
美国,认为可靠,美国,2024-10-29,1.000000
美国,支持,美国,2024-10-29,1.000000
美国,威胁,美国,2024-10-29,1.000000
美国,认为失败,美国,2024-10-29,1.000000
美国,认为非法,美国,2024-10-29,1.000000
美国,损害,美国,2024-10-29,1.000000
美国,认为犯罪,美国,2024-10-29,1.000000
美国,认为违规,美国,2024-10-29,1.000000
美国,质疑,美国,2024-10-29,1.000000
美国,认为有危机,美国,2024-10-29,1.000000
美国,担忧,美国,2024-10-29,1.000000
美国,威胁,川普,2024-11-15,1.000000
林庭瑶,质疑,川普,2024-11-15,1.000000
美国,主导,美国,2024-11-15,1.000000
川普新政府,认为有暴力,美国,2024-11-15,1.000000
美国,感到满意,川普,2024-11-15,1.000000
美国,认为热情,川普,2024-11-15,1.000000
美国,欣赏,川普,2024-11-15,1.000000
美国,担忧,川普,2024-11-15,1.000000
美国,欢迎,川普,2024-11-15,1.000000
川普,质疑,新保守主义,2024-11-15,1.000000
川普,批评,新保守主义,2024-11-15,1.000000
美国,认为有暴力,川普,2024-11-15,1.000000
美国,相信,川普,2024-11-15,1.000000
美国,支持,川普,2024-11-15,1.000000
林庭瑶,认为犯罪,川普,2024-11-15,1.000000
美国,感谢,川普,2024-11-15,1.000000
美国,喜欢,川普,2024-11-15,1.000000
川普新政府,损害,台积电,2024-11-15,1.000000
美国,认为优秀,川普,2024-11-15,1.000000
美国,认可,川普,2024-11-15,1.000000
拜登政府,攻击,中国,2024-11-15,1.000000
美国,认为可靠,川普,2024-11-15,1.000000
美国,认为缺乏,川普,2024-11-15,1.000000
风传媒,质疑,赖清德,2024-11-15,1.000000
美国,质疑,川普,2024-11-15,1.000000
美国,批评,川普,2024-11-15,1.000000
徐遵慈,批评,川普,2024-11-15,1.000000
拜登政府,增进,台积电,2024-11-15,1.000000
川普新政府,主导,美国,2024-11-15,1.000000
美国,攻击,川普,2024-11-15,1.000000
美国,认为违规,川普,2024-11-15,1.000000
川普新政府,增进,台积电,2024-11-15,1.000000
美国,视作英雄,川普,2024-11-15,1.000000
拜登政府,认为有威胁,中国,2024-11-15,1.000000
美国,认为有危机,川普,2024-11-15,1.000000
拜登政府,威胁,中国,2024-11-15,1.000000
川普,损害,台湾,2024-11-15,1.000000
美国,损害,川普,2024-11-15,1.000000
美国,认为恐怖,川普,2024-11-15,1.000000
美国,感到不满,川普,2024-11-15,1.000000
川普,认为违规,《晶片与科学法案》,2024-11-15,1.000000
美国,认为失败,川普,2024-11-15,1.000000
美国,视作英雄,裴洛西,2024-11-15,1.000000
川普,质疑,《晶片与科学法案》,2024-11-15,1.000000
美国,认为犯罪,川普,2024-11-15,1.000000
川普,批评,《晶片与科学法案》,2024-11-15,1.000000
美国,认为有威胁,川普,2024-11-15,1.000000
美国,损害,美国,2024-10-29,1.000000
吴东亮,质疑,川普,2024-11-26,1.000000
美国,主导,晶片IC设计,2024-11-26,1.000000
美国,担忧,台积电,2024-11-25,1.000000
米勒,认为有成就,台积电,2024-11-25,1.000000
米勒,担忧,台积电,2024-11-25,1.000000
半导体,质疑,台积电,2024-11-25,1.000000
科克,质疑,台积电,2024-11-25,1.000000
米勒,认为有暴力,台积电,2024-11-25,1.000000
美国,批评,台积电,2024-11-25,1.000000
科克,认为有危机,台积电,2024-11-25,1.000000
米勒,认为有危机,台积电,2024-11-25,1.000000
科克,认为可靠,台积电,2024-11-25,1.000000
亚利桑那州,支持,台积电,2024-11-25,1.000000
米勒,认为有威胁,台积电,2024-11-25,1.000000
亚利桑那州,主导,台积电,2024-11-25,1.000000
亚利桑那州,感到不满,台积电,2024-11-25,1.000000
亚利桑那州,认可,台积电,2024-11-25,1.000000
美国,认为违规,台积电,2024-11-25,1.000000
科克,相信,台积电,2024-11-25,1.000000
米勒,认为缺乏,台积电,2024-11-25,1.000000
米勒,认为犯罪,台积电,2024-11-25,1.000000
美国,质疑,台积电,2024-11-25,1.000000
米勒,相信,台积电,2024-11-25,1.000000
亚利桑那州,认为优秀,台积电,2024-11-25,1.000000
米勒,欣赏,台积电,2024-11-25,1.000000
亚利桑那州,损害,台积电,2024-11-25,1.000000
科克,认为有威胁,台积电,2024-11-25,1.000000
科克,认可,台积电,2024-11-25,1.000000
亚利桑那州,欢迎,台积电,2024-11-25,1.000000
米勒,认为可靠,台积电,2024-11-25,1.000000
科克,认为恐怖,台积电,2024-11-25,1.000000
米勒,认可,台积电,2024-11-25,1.000000
米勒,认为恐怖,台积电,2024-11-25,1.000000
科克,认为优秀,台积电,2024-11-25,1.000000
亚利桑那州,批评,台积电,2024-11-25,1.000000
米勒,认为优秀,台积电,2024-11-25,1.000000
米勒,认为失败,台积电,2024-11-25,1.000000
亚利桑那州,担忧,台积电,2024-11-25,1.000000
米勒,认为违规,台积电,2024-11-25,1.000000
亚利桑那州,质疑,台积电,2024-11-25,1.000000
科克,批评,台积电,2024-11-25,1.000000
米勒,质疑,台积电,2024-11-25,1.000000
半导体,认为优秀,台积电,2024-11-25,1.000000
科克,担忧,台积电,2024-11-25,1.000000
美国,认为有成就,台积电,2024-11-25,1.000000
半导体,担忧,台积电,2024-11-25,1.000000
美国,担忧,台积电,2024-11-25,1.000000
米勒,认为有成就,台积电,2024-11-25,1.000000
米勒,担忧,台积电,2024-11-25,1.000000
半导体,质疑,台积电,2024-11-25,1.000000
科克,质疑,台积电,2024-11-25,1.000000
米勒,认为有暴力,台积电,2024-11-25,1.000000
米勒,增进,台积电,2024-11-25,1.000000
美国,批评,台积电,2024-11-25,1.000000
米勒,认为有危机,台积电,2024-11-25,1.000000
科克,认为可靠,台积电,2024-11-25,1.000000
台积电,增进,半导体,2024-11-25,1.000000
米勒,认为有威胁,台积电,2024-11-25,1.000000
郭智辉,担忧,台积电,2024-11-25,1.000000
米勒,支持,台积电,2024-11-25,1.000000
美国,认为违规,台积电,2024-11-25,1.000000
米勒,主导,台积电,2024-11-25,1.000000
科克,相信,台积电,2024-11-25,1.000000
米勒,认为缺乏,台积电,2024-11-25,1.000000
米勒,认为犯罪,台积电,2024-11-25,1.000000
美国,质疑,台积电,2024-11-25,1.000000
米勒,相信,台积电,2024-11-25,1.000000
米勒,欣赏,台积电,2024-11-25,1.000000
美国,感到不满,台积电,2024-11-25,1.000000
科克,认可,台积电,2024-11-25,1.000000
美国,认为可靠,台积电,2024-11-25,1.000000
美国,威胁,台积电,2024-11-25,1.000000
美国,认为恐怖,台积电,2024-11-25,1.000000
米勒,认为可靠,台积电,2024-11-25,1.000000
米勒,认可,台积电,2024-11-25,1.000000
美国,感到满意,台积电,2024-11-25,1.000000
米勒,认为非法,台积电,2024-11-25,1.000000
米勒,认为恐怖,台积电,2024-11-25,1.000000
科克,认为优秀,台积电,2024-11-25,1.000000
米勒,认为优秀,台积电,2024-11-25,1.000000
米勒,批评,台积电,2024-11-25,1.000000
米勒,认为失败,台积电,2024-11-25,1.000000
米勒,认为违规,台积电,2024-11-25,1.000000
美国,认可,台积电,2024-11-25,1.000000
科克,批评,台积电,2024-11-25,1.000000
美国,相信,台积电,2024-11-25,1.000000
米勒,质疑,台积电,2024-11-25,1.000000
美国,认为优秀,台积电,2024-11-25,1.000000
科克,担忧,台积电,2024-11-25,1.000000
涉台官员,担忧,美国,2024-11-13,1.000000
涉台官员,认为有暴力,川普,2024-11-13,1.000000
王在希,认为有威胁,美国,2024-11-13,1.000000
民进党政府,威胁,川普,2024-11-13,1.000000
王在希,认为非法,美国,2024-11-13,1.000000
涉台官员,认为有威胁,美国,2024-11-13,1.000000
川普政府,认为有威胁,台湾,2024-11-13,1.000000
涉台官员,认为非法,美国,2024-11-13,1.000000
川普政府,认为非法,台湾,2024-11-13,1.000000
涉台官员,威胁,美国,2024-11-13,1.000000
美国,攻击,台积电,2024-10-27,1.000000
川判刑,损害,台湾,2024-11-06,1.000000
美国,认为有暴力,废除晶片法案,2024-11-06,1.000000
郭智辉,认为缺乏,川普,2024-11-06,1.000000
郭智辉,认为失败,川普,2024-11-06,1.000000
美国,认为违规,废除晶片法案,2024-11-06,1.000000
邱达生,质疑,川普,2024-11-06,1.000000
参议院,主导,美国,2024-11-06,1.000000
川普新政府,认为有威胁,台湾,2024-11-06,1.000000
川普,认为失败,美国,2024-11-06,1.000000
郭智辉,认为可靠,川普,2024-11-06,1.000000
邱达生,支持,川普,2024-11-06,1.000000
郭智辉,认为有威胁,川普,2024-11-06,1.000000
美国,支持,废除晶片法案,2024-11-06,1.000000
郭智辉,批评,川普,2024-11-06,1.000000
美国,认可,废除晶片法案,2024-11-06,1.000000
郭智辉,认为优秀,台湾,2024-11-06,1.000000
川普新政府,威胁,台湾,2024-11-06,1.000000
张建一,质疑,美国,2024-11-06,1.000000
美国,主导,废除晶片法案,2024-11-06,1.000000
川普新政府,认为有危机,台湾,2024-11-06,1.000000
郭智辉,视作英雄,川普,2024-11-06,1.000000
郭智辉,感到满意,川普,2024-11-06,1.000000
郭智辉,攻击,川普,2024-11-06,1.000000
郭智辉,威胁,川普,2024-11-06,1.000000
郭智辉,认为有危机,川普,2024-11-06,1.000000
郭智辉,认为有暴力,川普,2024-11-06,1.000000
参议院,视作英雄,川普,2024-11-06,1.000000
郭智辉,认为违规,川普,2024-11-06,1.000000
郭智辉,担忧,川普,2024-11-06,1.000000
郭智辉,质疑,川普,2024-11-06,1.000000
郭智辉,感到不满,川普,2024-11-06,1.000000
经济部,认为非法,台湾,2024-11-06,1.000000
亚太商工总会,质疑,川普,2024-11-06,1.000000
谢佳兴,主导,美国,2024-11-06,1.000000
郭智辉,喜欢,川普,2024-11-06,1.000000
郭智辉,相信,川普,2024-11-06,1.000000
郭智辉,认可,川普,2024-11-06,1.000000
美国,增进,废除晶片法案,2024-11-06,1.000000
邱达生,认为恐怖,美国,2024-11-06,1.000000
郭智辉,认为有成就,台湾,2024-11-06,1.000000
川普,损害,台湾,2024-11-06,1.000000
美国,担忧,川普2.0时代来临,2024-11-06,1.000000
美国,感到满意,废除晶片法案,2024-11-06,1.000000
川普新政府,损害,台湾,2024-11-06,1.000000
郭智辉,支持,川普,2024-11-06,1.000000
郭智辉,认为犯罪,川普,2024-11-06,1.000000
郭智辉,损害,川普,2024-11-06,1.000000
美国,批评,废除晶片法案,2024-11-06,1.000000
川普,增进,赴美投资,2024-11-06,1.000000
郭智辉,欣赏,川普,2024-11-06,1.000000
谢佳兴,认为失败,美国,2024-11-06,1.000000
谢佳兴,增进,美国,2024-11-06,1.000000
郭智辉,认为恐怖,川普,2024-11-06,1.000000
美国,认为有威胁,台湾,2024-11-06,1.000000
郭智辉,认为优秀,川普,2024-11-06,1.000000
美国,认为有危机,台湾,2024-11-06,1.000000
美国,认为可靠,中国大陆,2024-11-19,1.000000
美国,攻击,中国大陆,2024-11-19,1.000000
川普,认为有暴力,台积电,2024-11-19,1.000000
美国,认为有威胁,中国大陆,2024-11-19,1.000000
川普,攻击,台积电,2024-11-19,1.000000
美国,攻击,中国,2024-11-19,1.000000
川普,损害,台积电,2024-11-19,1.000000
美国,威胁,中国大陆,2024-11-19,1.000000
川普,担忧,《晶片法》,2024-11-19,1.000000
川普,认为违规,《晶片法》,2024-11-19,1.000000
美国,支持,台积电,2024-11-19,1.000000
川普,批评,《晶片法》,2024-11-19,1.000000
川普,认为恐怖,《晶片法》,2024-11-19,1.000000
川普,质疑,《晶片法》,2024-11-19,1.000000
川普,认为非法,《晶片法》,2024-11-19,1.000000
川普,认可,《晶片法》,2024-11-19,1.000000
川普,增进,半导体,2024-11-19,1.000000
川普,认为犯罪,《晶片法》,2024-11-19,1.000000
川普,欣赏,《晶片法》,2024-11-19,1.000000
美国,认为可靠,美国,2024-10-27,1.000000
美国,认为有威胁,美国,2024-10-27,1.000000
美国,认为有危机,美国,2024-10-27,1.000000
美国,认为违规,美国,2024-10-27,1.000000
美国,威胁,美国,2024-10-27,1.000000
民进党,认为犯罪,尹锡悦,2024-12-02,1.000000
民进党,认为失败,尹锡悦,2024-12-02,1.000000
民进党,批评,尹锡悦,2024-12-02,1.000000
民进党,支持,尹锡悦,2024-12-02,1.000000
民进党,认为违规,尹锡悦,2024-12-02,1.000000
民进党,感到不满,尹锡悦,2024-12-02,1.000000
民进党,认为有暴力,尹锡悦,2024-12-02,1.000000
民进党,质疑,尹锡悦,2024-12-02,1.000000
林宜敬,认为有威胁,台湾,2024-12-02,1.000000
民进党,感谢,尹锡悦,2024-12-02,1.000000
民进党,视作英雄,尹锡悦,2024-12-02,1.000000
民进党,认可,尹锡悦,2024-12-02,1.000000
民进党,欢迎,尹锡悦,2024-12-02,1.000000
拜登政府,认为优秀,台积电,2024-11-28,1.000000
美国,认为可靠,台积电,2024-11-28,1.000000
美国,认为优秀,台积电,2024-11-28,1.000000
林伯丰,认可,川普,2024-11-19,1.000000
立法院经济委员会,质疑,川普,2024-11-19,1.000000
郭智辉,认为有威胁,川普,2024-11-19,1.000000
立法院经济委员会,认为违规,川普,2024-11-19,1.000000
川普新内阁,认为可靠,中国,2024-11-19,1.000000
立法院经济委员会,感到满意,川普,2024-11-19,1.000000
川普新内阁,威胁,中国,2024-11-19,1.000000
郭智辉,认为有危机,川普,2024-11-19,1.000000
川普新内阁,认为非法,中国,2024-11-19,1.000000
卢特尼克,损害,中国,2024-11-19,1.000000
川普,增进,美国,2024-11-19,1.000000
郭智辉,感到不满,川普,2024-11-19,1.000000
郭智辉,威胁,川普,2024-11-19,1.000000
郭智辉,认可,川普,2024-11-19,1.000000
郭智辉,认为恐怖,川普,2024-11-19,1.000000
立法院经济委员会,担忧,川普,2024-11-19,1.000000
川普即将重新入主白宫,增进,美国,2024-11-19,1.000000
立法院经济委员会,视作英雄,郭智辉,2024-11-19,1.000000
立法院经济委员会,认为犯罪,川普,2024-11-19,1.000000
立法院经济委员会,认为有暴力,川普,2024-11-19,1.000000
川普即将重新入主白宫,增进,美国,2024-11-19,1.000000
立法院经济委员会,欣赏,川普,2024-11-19,1.000000
立法院经济委员会,视作英雄,川普,2024-11-19,1.000000
郭智辉,认为违规,川普,2024-11-19,1.000000
郭智辉,质疑,川普,2024-11-19,1.000000
郭智辉,批评,川普,2024-11-19,1.000000
立法院经济委员会,认为有威胁,川普,2024-11-19,1.000000
郭智辉,相信,川普,2024-11-19,1.000000
立法院经济委员会,认为有危机,川普,2024-11-19,1.000000
立法院经济委员会,威胁,川普,2024-11-19,1.000000
立法院经济委员会,感到不满,川普,2024-11-19,1.000000
川普,增进,美国,2024-11-19,1.000000
郭智辉,认为失败,川普,2024-11-19,1.000000
立法院经济委员会,认为可靠,川普,2024-11-19,1.000000
卢特尼克,攻击,中国,2024-11-19,1.000000
林伯丰,质疑,川普,2024-11-19,1.000000
立法院经济委员会,支持,川普,2024-11-19,1.000000
立法院经济委员会,认为恐怖,川普,2024-11-19,1.000000
林伯丰,批评,川普,2024-11-19,1.000000
立法院经济委员会,相信,川普,2024-11-19,1.000000
郭智辉,认为有暴力,川普,2024-11-19,1.000000
卢特尼克,威胁,中国,2024-11-19,1.000000
立法院经济委员会,认为热情,川普,2024-11-19,1.000000
川普新内阁,认为有威胁,中国,2024-11-19,1.000000
郭智辉,担忧,川普,2024-11-19,1.000000
立法院经济委员会,认可,川普,2024-11-19,1.000000
立法院经济委员会,认为缺乏,川普,2024-11-19,1.000000
立法院经济委员会,批评,川普,2024-11-19,1.000000
卢特尼克,认为有威胁,中国,2024-11-19,1.000000
郭智辉,认为缺乏,川普,2024-11-19,1.000000
立法院经济委员会,认为优秀,川普,2024-11-19,1.000000
立法院经济委员会,认为失败,川普,2024-11-19,1.000000
郭智辉,质疑,台积电,2024-11-19,1.000000
立法院经济委员会,认为有成就,川普,2024-11-19,1.000000
郭智辉,欣赏,川普,2024-11-19,1.000000
川普内阁,认为有威胁,中国,2024-11-19,1.000000
郭智辉,攻击,川普,2024-11-19,1.000000
魏哲家,感到满意,台积电,2024-11-14,1.000000
台湾国安系统,认为有威胁,美国,2024-11-14,1.000000
台湾国安系统,质疑,美国,2024-11-14,1.000000
台湾国安系统,相信,美国,2024-11-14,1.000000
台湾国安系统,认可,美国,2024-11-14,1.000000
台湾国安系统,认为非法,美国,2024-11-14,1.000000
魏哲家,感谢,台积电,2024-11-14,1.000000
刘镜清,认为非法,美国,2024-11-05,1.000000
美国,认为失败,总统选举,2024-11-05,1.000000
刘镜清,认为有威胁,美国,2024-11-05,1.000000
美国,损害,台积电,2024-11-05,1.000000
美国,损害,苹果,2024-11-05,1.000000
美国,损害,英伟达,2024-11-05,1.000000
美国,攻击,东芝,2024-11-15,1.000000
沈富雄,质疑,台积电,2024-11-15,1.000000
沈富雄,批评,台积电,2024-11-15,1.000000
沈富雄,认为有危机,台积电,2024-11-15,1.000000
沈富雄,认为违规,台积电,2024-11-15,1.000000
赵少康,批评,台积电,2024-11-15,1.000000
赵少康,认为有危机,台积电,2024-11-15,1.000000
赵少康,质疑,台积电,2024-11-15,1.000000
沈富雄,认为有威胁,台积电,2024-11-15,1.000000
沈富雄,担忧,台积电,2024-11-15,1.000000
沈富雄,认为有暴力,台积电,2024-11-15,1.000000
赵少康,认为有威胁,台积电,2024-11-15,1.000000
赵少康,担忧,台积电,2024-11-15,1.000000
翁伟捷,感到不满,川普,2024-11-05,1.000000
川普,损害,台湾,2024-11-05,1.000000
翁伟捷,威胁,川普,2024-11-05,1.000000
翁伟捷,认为有威胁,川普,2024-11-05,1.000000
川普,认为有威胁,台湾,2024-11-05,1.000000
翁伟捷,攻击,川普,2024-11-05,1.000000
翁伟捷,认为有暴力,川普,2024-11-05,1.000000
翁伟捷,质疑,川普,2024-11-05,1.000000
翁伟捷,担忧,川普,2024-11-05,1.000000
翁伟捷,认为恐怖,川普,2024-11-05,1.000000
川普,增进,贸易战,2024-11-05,1.000000
川普,主导,贸易战,2024-11-05,1.000000
翁伟捷,欣赏,川普,2024-11-05,1.000000
黄世聪,损害,美国,2024-11-05,1.000000
翁伟捷,批评,川普,2024-11-05,1.000000
川普,认为失败,贸易战,2024-11-05,1.000000
米勒,批评,台积电,2024-11-25,1.000000
美国,认为有成就,台积电,2024-11-25,1.000000
半导体,担忧,台积电,2024-11-25,1.000000
美国,担忧,台积电,2024-11-25,1.000000
米勒,认为有危机,台积电,2024-11-25,1.000000
美国,感到不满,台积电,2024-11-25,1.000000
科克 ...,认为有威胁,中国,2024-11-25,1.000000
米勒,担忧,台积电,2024-11-25,1.000000
台积电,增进,半导体,2024-11-25,1.000000
米勒,认为有威胁,台积电,2024-11-25,1.000000
美国,威胁,台积电,2024-11-25,1.000000
科克 ...,威胁,中国,2024-11-25,1.000000
美国,支持,台积电,2024-11-25,1.000000
美国,认可,台积电,2024-11-25,1.000000
米勒,认为可靠,台积电,2024-11-25,1.000000
半导体,质疑,台积电,2024-11-25,1.000000
米勒,认可,台积电,2024-11-25,1.000000
科克,质疑,台积电,2024-11-25,1.000000
米勒,认为非法,台积电,2024-11-25,1.000000
美国,相信,台积电,2024-11-25,1.000000
美国,质疑,台积电,2024-11-25,1.000000
米勒,相信,台积电,2024-11-25,1.000000
米勒,质疑,台积电,2024-11-25,1.000000
米勒,认为恐怖,台积电,2024-11-25,1.000000
科克,担忧,台积电,2024-11-25,1.000000
美国,批评,台积电,2024-11-25,1.000000
川普,欣赏,蔡英文,2024-10-30,1.000000
川普,攻击,大书桌,2024-10-30,1.000000
川普,质疑,蔡英文,2024-10-30,1.000000
谷立言,攻击,美国,2024-10-30,1.000000
川普,认可,蔡英文,2024-10-30,1.000000
川普,支持,蔡英文,2024-10-30,1.000000
川普,欢迎,蔡英文,2024-10-30,1.000000
川普,喜欢,蔡英文,2024-10-30,1.000000
川普,感到满意,蔡英文,2024-10-30,1.000000
川普,认为优秀,蔡英文,2024-10-30,1.000000
连贤明,视作英雄,川普,2024-11-07,1.000000
连贤明,认为有危机,川普,2024-11-07,1.000000
连贤明,认为恐怖,川普,2024-11-07,1.000000
连贤明,感到不满,川普,2024-11-07,1.000000
美国,损害,台商,2024-11-07,1.000000
连贤明,认为犯罪,川普,2024-11-07,1.000000
连贤明,认为有威胁,川普,2024-11-07,1.000000
川普,攻击,越南,2024-11-07,1.000000
中经院,支持,美国,2024-11-07,1.000000
连贤明,认为有暴力,川普,2024-11-07,1.000000
连贤明,欣赏,川普,2024-11-07,1.000000
连贤明,相信,川普,2024-11-07,1.000000
连贤明,担忧,川普,2024-11-07,1.000000
连贤明,认为优秀,川普,2024-11-07,1.000000
连贤明,认为可靠,川普,2024-11-07,1.000000
连贤明,认可,川普,2024-11-07,1.000000
连贤明,认为缺乏,川普,2024-11-07,1.000000
连贤明,质疑,川普,2024-11-07,1.000000
连贤明,认为有成就,川普,2024-11-07,1.000000
连贤明,认为违规,川普,2024-11-07,1.000000
陆行之,批评,川普,2024-12-04,1.000000
陆行之,支持,台积电,2024-12-04,1.000000
陆行之,主导,台积电,2024-12-04,1.000000
陆行之,担忧,台积电,2024-12-04,1.000000
陆行之,视作英雄,川普,2024-12-04,1.000000
陆行之,认可,台积电,2024-12-04,1.000000
陆行之,质疑,川普,2024-12-04,1.000000
库克,欢迎,张忠谋,2024-12-03,1.000000
张忠谋,批评,英特尔,2024-12-03,1.000000
张忠谋,质疑,英特尔,2024-12-03,1.000000
张忠谋,质疑,英特尔,2024-12-03,1.000000
张忠谋,批评,英特尔,2024-12-03,1.000000
季辛格,质疑,张忠谋,2024-12-03,1.000000
库克,欢迎,张忠谋,2024-12-03,1.000000
陈沅易,批评,川普,2024-11-07,1.000000
陈沅易,质疑,川普,2024-11-07,1.000000
陈沅易,支持,川普,2024-11-07,1.000000
陈沅易,欣赏,台积电,2024-11-07,1.000000
陈沅易,认为有暴力,川普,2024-11-07,1.000000
陈沅易,认为有危机,台积电,2024-11-07,1.000000
张淑芬,相信,张忠谋,2024-11-18,1.000000
张淑芬,认可,张忠谋,2024-11-18,1.000000
张淑芬,欣赏,张忠谋,2024-11-18,1.000000
习近平,认为有暴力,赖清德,2024-11-18,1.000000
张淑芬,认为优秀,张忠谋,2024-11-18,1.000000
张淑芬,喜欢,张忠谋,2024-11-18,1.000000
陈凤馨,威胁,美国,2024-11-18,1.000000
习近平,欢迎,赖清德,2024-11-18,1.000000
习近平,威胁,赖清德,2024-11-18,1.000000
张淑芬,质疑,张忠谋,2024-11-18,1.000000
张淑芬,批评,张忠谋,2024-11-18,1.000000
张淑芬,担忧,张忠谋,2024-11-18,1.000000
习近平,损害,赖清德,2024-11-18,1.000000
张淑芬,认为可靠,张忠谋,2024-11-18,1.000000
张淑芬,认为热情,张忠谋,2024-11-18,1.000000
习近平,攻击,赖清德,2024-11-18,1.000000
九州地区,欢迎,台积电,2024-11-18,1.000000
九州地区,增进,台积电,2024-11-18,1.000000
美国,认可,台积电,2024-11-18,1.000000
郭智辉,认为有成就,台积电,2024-11-18,1.000000
Sony集团,认为有成就,台积电,2024-11-18,1.000000
九州地区,认可,台积电,2024-11-18,1.000000
美国,支持,台积电,2024-11-18,1.000000
九州地区,喜欢,台积电,2024-11-18,1.000000
大下淳一,主导,台积电,2024-11-18,1.000000
郭智辉,认为有威胁,台湾,2024-11-18,1.000000
福冈,增进,台积电,2024-11-18,1.000000
福冈市,增进,台积电,2024-11-18,1.000000
九州地区,支持,台积电,2024-11-18,1.000000
大下淳一,认为失败,台积电,2024-11-18,1.000000
美国,认为优秀,台积电,2024-11-18,1.000000
大下淳一,认为有威胁,台积电,2024-11-18,1.000000
大下淳一,认为有危机,台积电,2024-11-18,1.000000
索贝克,认可,川普,2024-11-28,1.000000
刘德音,相信,中国,2024-11-28,1.000000
彭博专栏作家,认为优秀,台积电,2024-11-28,1.000000
美国,威胁,北京,2024-11-28,1.000000
索贝克,认为失败,台积电,2024-11-28,1.000000
彭博专栏作家,认为有成就,台积电,2024-11-28,1.000000
索贝克,质疑,川普,2024-11-28,1.000000
彭博专栏作家,感到不满,川普,2024-11-28,1.000000
美国,认为有威胁,北京,2024-11-28,1.000000
彭博专栏作家,担忧,美国,2024-11-28,1.000000
刘德音,担忧,中国,2024-11-28,1.000000
新政府,威胁,美国,2024-11-28,1.000000
彭博专栏作家,认为有威胁,台积电,2024-11-28,1.000000
彭博专栏作家,认可,台积电,2024-11-28,1.000000
索贝克,批评,川普,2024-11-28,1.000000
美国,威胁,北京,2024-11-28,1.000000
索贝克,认为有危机,台积电,2024-11-28,1.000000
刘德音,认为恐怖,中国,2024-11-28,1.000000
彭博专栏作家,增进,台积电,2024-11-28,1.000000
索贝克,欣赏,川普,2024-11-28,1.000000
刘德音,认为可靠,中国,2024-11-28,1.000000
川普,认为有威胁,美国,2024-11-28,1.000000
彭博专栏作家,认为缺乏,台积电,2024-11-28,1.000000
彭博专栏作家,质疑,台积电,2024-11-28,1.000000
索贝克,相信,川普,2024-11-28,1.000000
彭博专栏作家,批评,台积电,2024-11-28,1.000000
刘德音,认为非法,中国,2024-11-28,1.000000
彭博专栏作家,认为失败,台积电,2024-11-28,1.000000
川普,威胁,美国,2024-11-28,1.000000
彭博专栏作家,威胁,台积电,2024-11-28,1.000000
彭博专栏作家,认为有危机,台积电,2024-11-28,1.000000
刘德音,认为有威胁,中国,2024-11-28,1.000000
刘德音,认可,中国,2024-11-28,1.000000
索贝克,认为可靠,台积电,2024-11-28,1.000000
彭博专栏作家,欣赏,台积电,2024-11-28,1.000000
索贝克,担忧,川普,2024-11-28,1.000000
刘德音,认为有暴力,中国,2024-11-28,1.000000
彭博专栏作家,相信,台积电,2024-11-28,1.000000
索贝克,认为有成就,台积电,2024-11-28,1.000000
索贝克,认为恐怖,台积电,2024-11-28,1.000000
彭博专栏作家,担忧,台积电,2024-11-28,1.000000
彭博专栏作家,认为有威胁,美国,2024-11-28,1.000000
刘德音,认为缺乏,中国,2024-11-28,1.000000
刘德音,质疑,中国,2024-11-28,1.000000
彭博专栏作家,认为可靠,台积电,2024-11-28,1.000000
索贝克,认为有威胁,台积电,2024-11-28,1.000000
美国,认为有威胁,北京,2024-11-28,1.000000
索贝克,支持,川普,2024-11-28,1.000000
刘德音,威胁,中国,2024-11-28,1.000000
刘德音,认为失败,中国,2024-11-28,1.000000
刘德音,认为有危机,中国,2024-11-28,1.000000
索贝克,认为优秀,川普,2024-11-28,1.000000
彭博专栏作家,认为恐怖,台积电,2024-11-28,1.000000
彭博专栏作家,支持,台积电,2024-11-28,1.000000
刘德音,欣赏,中国,2024-11-28,1.000000
美国,攻击,中国,2024-11-19,1.000000
川普,增进,台积电,2024-11-19,1.000000
川普,认为恐怖,台积电,2024-11-19,1.000000
川普,威胁,台积电,2024-11-19,1.000000
川普,攻击,台积电,2024-11-19,1.000000
川普,感到不满,台积电,2024-11-19,1.000000
川普,欣赏,台积电,2024-11-19,1.000000
美国,损害,中国,2024-11-19,1.000000
川普,损害,台积电,2024-11-19,1.000000
川普,担忧,台积电,2024-11-19,1.000000
中美科技,攻击,中国,2024-11-19,1.000000
美国,威胁,中国,2024-11-19,1.000000
美国,认为失败,全面封锁中国,2024-11-19,1.000000
立法院,认为有成就,台积电,2024-11-22,1.000000
川普,威胁,进口关税,2024-11-29,1.000000
川普,认为非法,加拿大,2024-11-29,1.000000
川普,增进,加拿大及墨西哥关税,2024-11-29,1.000000
高雄市长陈其迈,主导,台积电,2024-11-26,1.000000
陈其迈,主导,台积电,2024-11-26,1.000000
高雄市长陈其迈,增进,台积电,2024-11-26,1.000000
高雄市长陈其迈,质疑,台积电,2024-11-26,1.000000
高雄市长陈其迈,欣赏,台积电,2024-11-26,1.000000
魏哲家,认为有成就,台积电,2024-12-02,1.000000
张董事长,主导,台积电,2024-12-02,1.000000
其夫人,主导,台积电,2024-12-02,1.000000
戴嘉芬,认为失败,台积电,2024-12-02,1.000000
曾繁城,增进,台积电,2024-11-28,1.000000
张忠谋,认为有成就,台积电,2024-11-28,1.000000
张忠谋,认为非法,台湾,2024-11-28,1.000000
魏哲家,认为非法,美国,2024-10-29,1.000000
南韩国会,批评,尹锡悦,2024-11-29,1.000000
南韩国会,质疑,尹锡悦,2024-11-29,1.000000
南韩国会,认为犯罪,尹锡悦,2024-11-29,1.000000
SK海力士,喜欢,尹锡悦,2024-11-29,1.000000
川普,增进,美钢,2024-11-29,1.000000
SK海力士,认为违规,尹锡悦,2024-11-29,1.000000
川普,主导,收购美钢,2024-11-29,1.000000
南韩国会,认为违规,尹锡悦,2024-11-29,1.000000
SK海力士,认可,尹锡悦,2024-11-29,1.000000
SK海力士,支持,尹锡悦,2024-11-29,1.000000
南韩国会,认可,尹锡悦,2024-11-29,1.000000
南韩国会,欢迎,尹锡悦,2024-11-29,1.000000
SK海力士,批评,尹锡悦,2024-11-29,1.000000
SK海力士,欢迎,尹锡悦,2024-11-29,1.000000
SK海力士,质疑,尹锡悦,2024-11-29,1.000000
南韩国会,支持,尹锡悦,2024-11-29,1.000000
SK海力士,认为违规,尹锡悦,2024-11-05,1.000000
南韩国会,认为违规,尹锡悦,2024-11-05,1.000000
南韩国会,欢迎,尹锡悦,2024-11-05,1.000000
SK海力士,认为有暴力,尹锡悦,2024-11-05,1.000000
南韩国会,认可,尹锡悦,2024-11-05,1.000000
南韩国会,质疑,尹锡悦,2024-11-05,1.000000
SK海力士,认可,尹锡悦,2024-11-05,1.000000
SK海力士,质疑,尹锡悦,2024-11-05,1.000000
川普,支持,收购美钢,2024-11-05,1.000000
川普,主导,收购美钢,2024-11-05,1.000000
SK海力士,喜欢,尹锡悦,2024-11-05,1.000000
南韩国会,支持,尹锡悦,2024-11-05,1.000000
SK海力士,支持,尹锡悦,2024-11-05,1.000000
南韩国会,批评,尹锡悦,2024-11-05,1.000000
SK海力士,感谢,尹锡悦,2024-11-05,1.000000
SK海力士,欢迎,尹锡悦,2024-11-05,1.000000
SK海力士,批评,尹锡悦,2024-11-05,1.000000
南韩国会,认为热情,尹锡悦,2024-11-21,1.000000
南韩国会,欢迎,尹锡悦,2024-11-21,1.000000
南韩国会,认可,尹锡悦,2024-11-21,1.000000
南韩国会,支持,尹锡悦,2024-11-21,1.000000
南韩国会,认为违规,尹锡悦,2024-11-21,1.000000
川普,支持,收购美钢,2024-11-21,1.000000
川普,主导,收购美钢,2024-11-21,1.000000
南韩国会,质疑,尹锡悦,2024-11-21,1.000000
南韩国会,批评,尹锡悦,2024-11-21,1.000000
南韩国会,喜欢,尹锡悦,2024-11-27,1.000000
SK海力士,感谢,尹锡悦,2024-11-27,1.000000
SK海力士,感到不满,尹锡悦,2024-11-27,1.000000
南韩国会,感到不满,尹锡悦,2024-11-27,1.000000
SK海力士,认为犯罪,尹锡悦,2024-11-27,1.000000
SK海力士,支持,尹锡悦,2024-11-27,1.000000
南韩国会,认为热情,尹锡悦,2024-11-27,1.000000
SK海力士,认为违规,尹锡悦,2024-11-27,1.000000
南韩国会,欢迎,尹锡悦,2024-11-27,1.000000
SK海力士,欢迎,尹锡悦,2024-11-27,1.000000
SK海力士,认可,尹锡悦,2024-11-27,1.000000
南韩国会,认可,尹锡悦,2024-11-27,1.000000
南韩国会,认为犯罪,尹锡悦,2024-11-27,1.000000
SK海力士,感到满意,尹锡悦,2024-11-27,1.000000
南韩国会,支持,尹锡悦,2024-11-27,1.000000
南韩国会,认为违规,尹锡悦,2024-11-27,1.000000
SK海力士,质疑,尹锡悦,2024-11-27,1.000000
南韩国会,认为有暴力,尹锡悦,2024-11-27,1.000000
SK海力士,相信,尹锡悦,2024-11-27,1.000000
南韩国会,欣赏,尹锡悦,2024-11-27,1.000000
川普,主导,收购美钢,2024-11-27,1.000000
南韩国会,感到满意,尹锡悦,2024-11-27,1.000000
南韩国会,质疑,尹锡悦,2024-11-27,1.000000
SK海力士,批评,尹锡悦,2024-11-27,1.000000
南韩国会,批评,尹锡悦,2024-11-27,1.000000
SK海力士,担忧,尹锡悦,2024-11-27,1.000000
南韩国会,担忧,尹锡悦,2024-11-27,1.000000
SK海力士,喜欢,尹锡悦,2024-11-27,1.000000
川普,增进,美钢,2024-11-27,1.000000
陈正健,认为有威胁,中国,2024-10-29,1.000000
美国,质疑,卖晶片给中国,2024-10-29,1.000000
美国,认为有威胁,中国,2024-10-29,1.000000
陈正健,批评,美国,2024-10-29,1.000000
美国,威胁,中国,2024-10-29,1.000000
陈正健,认为违规,美国,2024-10-29,1.000000
川普,认为非法,乌克兰,2024-11-10,1.000000
Ray Darlio,担忧,中国,2024-11-10,1.000000
美国,视作英雄,川普,2024-11-10,1.000000
Ray Darlio,相信,中国,2024-11-10,1.000000
谢金河,认为优秀,川普,2024-11-10,1.000000
美国,损害,中国生技业,2024-11-10,1.000000
Ray Darlio,认为可靠,中国,2024-11-10,1.000000
川普,认为有威胁,俄罗斯,2024-11-10,1.000000
Ray Darlio,质疑,中国,2024-11-10,1.000000
Ray Darlio,批评,中国,2024-11-10,1.000000
吉杰．罗杰斯,质疑,中国,2024-11-10,1.000000
谢金河,攻击,台积电,2024-11-10,1.000000
川普,增进,台湾偷走晶片业务,2024-11-17,1.000000
美国,认为恐怖,台积电,2024-11-17,1.000000
川普,主导,台湾偷走晶片业务,2024-11-17,1.000000
魏哲家,增进,美国,2024-11-17,1.000000
美国,增进,台湾偷走晶片业务,2024-11-17,1.000000
魏哲家,认为失败,美国,2024-11-17,1.000000
台积电,认为可靠,可靠,2024-11-15,1.000000
萧兹,喜欢,台积电,2024-08-21,1.000000
萧兹,感谢,台积电,2024-08-21,1.000000
算能科技,认为有威胁,美国,2024-11-19,1.000000
《钛传媒》,认为有威胁,美国,2024-11-19,1.000000
算能科技,担忧,美国,2024-11-19,1.000000
算能科技,威胁,美国,2024-11-19,1.000000
美国,威胁,伊朗俄罗斯,2024-11-19,1.000000
美国,认为非法,伊朗俄罗斯,2024-11-19,1.000000
美国,感到不满,伊朗俄罗斯,2024-11-19,1.000000
美国,损害,台湾企业,2024-11-19,1.000000
美国,损害,台湾企业,2024-11-19,1.000000
美国,损害,台湾企业,2024-11-19,1.000000
CNN,认为有成就,马斯克,2024-11-17,1.000000
CNN,认为优秀,马斯克,2024-11-17,1.000000
小罗勃甘迺迪,喜欢,川普,2024-11-17,1.000000
美国,认为非法,SpaceX,2024-11-17,1.000000
美国,认为有成就,马斯克,2024-11-17,1.000000
马斯克,支持,川普,2024-11-17,1.000000
川普,认为有成就,马斯克,2024-11-17,1.000000
马斯克,认为可靠,川普,2024-11-17,1.000000
克里姆林宫,质疑,马斯克,2024-11-17,1.000000
马斯克,认可,川普,2024-11-17,1.000000
小罗勃甘迺迪,支持,川普,2024-11-17,1.000000
马斯克,感到满意,川普,2024-11-17,1.000000
TVBS新闻网,视作英雄,马斯克,2024-11-17,1.000000
川普,欢迎,马斯克,2024-11-17,1.000000
克里姆林宫,认为优秀,马斯克,2024-11-17,1.000000
CNN,质疑,马斯克,2024-11-17,1.000000
美国,主导,UFC格斗赛,2024-11-17,1.000000
TVBS新闻网,认为优秀,马斯克,2024-11-17,1.000000
美国,认为犯罪,特斯拉,2024-11-17,1.000000
川普,欣赏,马斯克,2024-11-17,1.000000
马斯克,损害,川普,2024-11-17,1.000000
美国,认为有成就,马斯克,2024-11-17,1.000000
川普,质疑,马斯克,2024-11-17,1.000000
CNN,视作英雄,马斯克,2024-11-17,1.000000
马斯克,喜欢,川普,2024-11-17,1.000000
邱毅,威胁,川普,2024-11-09,1.000000
邱毅,认为违规,川普,2024-11-09,1.000000
邱毅,攻击,川普,2024-11-09,1.000000
邱毅,认为有暴力,川普,2024-11-09,1.000000
邱毅,相信,川普,2024-11-09,1.000000
邱毅,认为犯罪,川普,2024-11-09,1.000000
美国,主导,防卫靱性委员会,2024-11-09,1.000000
美国,增进,科技出口,2024-11-19,1.000000
美国,攻击,中国大陆客户,2024-11-19,1.000000
美国,攻击,台湾,2024-11-19,1.000000
美国,损害,中国大陆客户,2024-11-19,1.000000
美国,攻击,台湾,2024-11-19,1.000000
美国,主导,相关计划,2024-11-19,1.000000
美国,增进,科技出口,2024-11-19,1.000000
美国,损害,客户,2024-11-19,1.000000
美国,支持,台积电,2024-11-19,1.000000
美国,主导,台积电,2024-11-19,1.000000
美国,损害,台湾,2024-11-19,1.000000
川普,攻击,晶片业,2024-11-27,1.000000
川普,增进,口关税计划,2024-11-27,1.000000
瑞士,质疑,台积电,2024-11-27,1.000000
吕秀莲,认为恐怖,台积电,2024-11-10,1.000000
吕秀莲,威胁,台积电,2024-11-10,1.000000
吕秀莲,认为犯罪,台积电,2024-11-10,1.000000
吕秀莲,认为有威胁,台积电,2024-11-10,1.000000
吕秀莲,担忧,台积电,2024-11-10,1.000000
美国,损害,台积电,2024-11-10,1.000000
美国,攻击,台积电,2024-11-10,1.000000
沈富雄,认为有威胁,台积电,2024-11-10,1.000000
吕秀莲,认为违规,台积电,2024-11-10,1.000000
吕秀莲,批评,台积电,2024-11-10,1.000000
吕秀莲,认为有危机,台积电,2024-11-10,1.000000
吕秀莲,质疑,台积电,2024-11-10,1.000000
美国,认为有威胁,台积电,2024-11-10,1.000000
美国,威胁,台积电,2024-11-10,1.000000
台积电,欢迎,陈其迈,2024-11-25,1.000000
美国,认为有危机,台积电,2024-11-05,1.000000
美国,认为有威胁,台积电,2024-11-05,1.000000
美国,认可,台积电,2024-11-05,1.000000
美国,质疑,台积电,2024-11-05,1.000000
川普,欣赏,台积电,2024-11-05,1.000000
朱云鹏,损害,台积电,2024-11-05,1.000000
川普,相信,台积电,2024-11-05,1.000000
川普,认为有危机,台积电,2024-11-05,1.000000
朱云鹏,威胁,台积电,2024-11-05,1.000000
美国,攻击,台积电,2024-11-05,1.000000
川普,担忧,台积电,2024-11-05,1.000000
陈亭妃,主导,台积电,2024-11-05,1.000000
美国,认为有危机,台积电,2024-11-05,1.000000
川普,攻击,台积电,2024-11-05,1.000000
川普,认为可靠,台积电,2024-11-05,1.000000
美国,认为可靠,台积电,2024-11-05,1.000000
美国,认为优秀,台积电,2024-11-05,1.000000
川普,认为恐怖,台积电,2024-11-05,1.000000
美国,认为恐怖,台积电,2024-11-05,1.000000
川普,损害,辉达,2024-11-05,1.000000
川普,认可,台积电,2024-11-05,1.000000
美国,认可,台积电,2024-11-05,1.000000
川普,损害,台积电,2024-11-05,1.000000
美国,认为有威胁,台积电,2024-11-05,1.000000
川普,损害,Apple,2024-11-05,1.000000
美国,攻击,台积电,2024-11-05,1.000000
美国,质疑,台积电,2024-11-05,1.000000
川普,增进,台积电,2024-11-05,1.000000
美国,认为恐怖,台积电,2024-11-05,1.000000
川普,认为有威胁,台积电,2024-11-05,1.000000
川普,认为缺乏,台积电,2024-11-05,1.000000
川普,认为非法,台积电,2024-11-05,1.000000
美国,认为可靠,台积电,2024-11-05,1.000000
陈亭妃,认为有成就,台积电,2024-11-05,1.000000
川普,质疑,台积电,2024-11-05,1.000000
美国,认为优秀,台积电,2024-11-05,1.000000
国际社会,支持,台湾,2024-08-25,1.000000
郭智辉,质疑,川普,2024-11-19,1.000000
郭智辉,担忧,川普,2024-11-19,1.000000
简伯仪,质疑,川普,2024-11-27,1.000000
美国,增进,对陆管制,2024-11-30,1.000000
美国,增进,台积电,2024-11-16,1.000000
台湾国安系统,批评,美国,2024-11-16,1.000000
台湾国安系统,质疑,美国,2024-11-16,1.000000
美国,认为有威胁,以色列,2024-11-16,1.000000
美国,威胁,以色列,2024-11-16,1.000000
美国,支持,台积电,2024-11-16,1.000000
谢金河,威胁,中国,2024-11-16,1.000000
台湾国安系统,认为非法,美国,2024-11-16,1.000000
谢金河,认为有威胁,中国,2024-11-16,1.000000
库克,认为有威胁,中国,2024-11-16,1.000000
台湾国安系统,认为恐怖,美国,2024-11-16,1.000000
台湾国安系统,认为犯罪,美国,2024-11-16,1.000000
台湾国安系统,认为有威胁,美国,2024-11-16,1.000000
台湾国安系统,担忧,美国,2024-11-16,1.000000
台湾国安系统,相信,美国,2024-11-16,1.000000
美国,主导,台积电,2024-11-16,1.000000
台湾国安系统,认为可靠,美国,2024-11-16,1.000000
台湾国安系统,认为缺乏,美国,2024-11-16,1.000000
台湾国安系统,认可,美国,2024-11-16,1.000000
台湾国安系统,认为违规,美国,2024-11-16,1.000000
王健全,担忧,川普,2024-11-08,1.000000
孙明德,认为有成就,川普,2024-11-08,1.000000
孙明德,认为有暴力,川普,2024-11-08,1.000000
台湾,损害,台积电,2024-11-08,1.000000
刘大年,相信,川普,2024-11-08,1.000000
王健全,质疑,川普,2024-11-08,1.000000
孙明德,质疑,川普,2024-11-08,1.000000
王健全,喜欢,川普,2024-11-08,1.000000
孙明德,感到不满,川普,2024-11-08,1.000000
孙明德,担忧,川普,2024-11-08,1.000000
外界关切经济部,质疑,川普,2024-11-08,1.000000
王健全,相信,川普,2024-11-08,1.000000
孙明德,认为热情,川普,2024-11-08,1.000000
川普,认为失败,美中贸易战,2024-11-08,1.000000
刘大年,认为恐怖,川普,2024-11-08,1.000000
川普,认为有威胁,台湾,2024-11-08,1.000000
美国,认可,台积电,2024-11-08,1.000000
王健全,欣赏,川普,2024-11-08,1.000000
川普,认为有危机,台湾,2024-11-08,1.000000
王健全,认为有威胁,中国,2024-11-08,1.000000
川普,增进,供应链重组,2024-11-08,1.000000
郭智辉,攻击,川普,2024-11-08,1.000000
美国,支持,台积电,2024-11-08,1.000000
王健全,认为恐怖,川普,2024-11-08,1.000000
王健全,认为缺乏,川普,2024-11-08,1.000000
刘大年,批评,川普,2024-11-08,1.000000
孙明德,认为恐怖,川普,2024-11-08,1.000000
孙明德,认为优秀,川普,2024-11-08,1.000000
王健全,认为优秀,川普,2024-11-08,1.000000
王健全,认为可靠,川普,2024-11-08,1.000000
郭智辉,支持,台积电,2024-11-08,1.000000
共和党,主导,美国,2024-11-08,1.000000
孙明德,认为缺乏,川普,2024-11-08,1.000000
川普,主导,美中贸易战,2024-11-08,1.000000
孙明德,主导,美国,2024-11-08,1.000000
王健全,批评,川普,2024-11-08,1.000000
刘大年,质疑,川普,2024-11-08,1.000000
刘大年,认为违规,川普,2024-11-08,1.000000
外界关切经济部,损害,台湾,2024-11-08,1.000000
孙明德,认为有威胁,川普,2024-11-08,1.000000
孙明德,批评,川普,2024-11-08,1.000000
王健全,威胁,川普,2024-11-08,1.000000
刘大年,担忧,川普,2024-11-08,1.000000
美国,增进,台积电,2024-11-08,1.000000
刘大年,感到不满,川普,2024-11-08,1.000000
刘大年,认为有暴力,川普,2024-11-08,1.000000
孙明德,认为有危机,川普,2024-11-08,1.000000
郭智辉,欣赏,川普,2024-11-08,1.000000
川普,认为有危机,美国,2024-11-08,1.000000
王健全,攻击,川普,2024-11-08,1.000000
孙明德,视作英雄,川普,2024-11-08,1.000000
孙明德,认为失败,美国,2024-11-08,1.000000
王健全,感到不满,川普,2024-11-08,1.000000
张建一,批评,川普,2024-11-07,1.000000
孙明德,欣赏,川普,2024-11-07,1.000000
张建一,认为缺乏,川普,2024-11-07,1.000000
孙明德,担忧,川普,2024-11-07,1.000000
张建一,相信,川普,2024-11-07,1.000000
张建一,认为犯罪,川普,2024-11-07,1.000000
张建一,认为有暴力,川普,2024-11-07,1.000000
孙明德,认可,川普,2024-11-07,1.000000
张建一,认为可靠,川普,2024-11-07,1.000000
张建一,视作英雄,川普,2024-11-07,1.000000
张建一,感到不满,川普,2024-11-07,1.000000
孙明德,喜欢,川普,2024-11-07,1.000000
孙明德,感到满意,川普,2024-11-07,1.000000
张建一,威胁,川普,2024-11-07,1.000000
孙明德,认为优秀,川普,2024-11-07,1.000000
张建一,欣赏,川普,2024-11-07,1.000000
张建一,质疑,川普,2024-11-07,1.000000
孙明德,批评,川普,2024-11-07,1.000000
张建一,认为有威胁,川普,2024-11-07,1.000000
孙明德,认为缺乏,川普,2024-11-07,1.000000
张建一,担忧,川普,2024-11-07,1.000000
张建一,认为违规,川普,2024-11-07,1.000000
孙明德,相信,川普,2024-11-07,1.000000
张建一,认为恐怖,川普,2024-11-07,1.000000
张建一,认可,川普,2024-11-07,1.000000
张建一,支持,川普,2024-11-07,1.000000
张建一,喜欢,川普,2024-11-07,1.000000
孙明德,认为可靠,川普,2024-11-07,1.000000
张建一,感到满意,川普,2024-11-07,1.000000
孙明德,感到不满,川普,2024-11-07,1.000000
孙明德,威胁,川普,2024-11-07,1.000000
孙明德,质疑,川普,2024-11-07,1.000000
张建一,认为优秀,川普,2024-11-07,1.000000
美国,支持,「十六千金」,2024-10-21,1.000000
算能科技,认为有暴力,台积电,2024-11-09,1.000000
美国,损害,台积电,2024-11-09,1.000000
郭正亮,威胁,美国,2024-11-09,1.000000
算能科技,认为可靠,台积电,2024-11-09,1.000000
郭正亮,认为有威胁,美国,2024-11-09,1.000000
台积电,认为有威胁,美国,2024-11-09,1.000000
算能科技,质疑,台积电,2024-11-09,1.000000
美国,质疑,台积电,2024-11-09,1.000000
算能科技,认为违规,台积电,2024-11-09,1.000000
算能科技,威胁,美国,2024-11-09,1.000000
算能科技,认为有威胁,美国,2024-11-09,1.000000
郭正亮,认为有威胁,中国,2024-11-09,1.000000
算能科技,认为有危机,台积电,2024-11-09,1.000000
算能科技,损害,台积电,2024-11-09,1.000000
算能科技,认为恐怖,台积电,2024-11-09,1.000000
算能科技,感到不满,台积电,2024-11-09,1.000000
郭正亮,认为有危机,美国,2024-11-09,1.000000
算能科技,认为有威胁,台积电,2024-11-09,1.000000
郭正亮,认为缺乏,中国,2024-11-09,1.000000
算能科技,威胁,台积电,2024-11-09,1.000000
郭正亮,认为非法,美国,2024-11-09,1.000000
算能科技,担忧,台积电,2024-11-09,1.000000
算能科技,感到满意,台积电,2024-11-09,1.000000
陈其迈,认为有危机,台积电,2024-11-26,1.000000
陈其迈,认为失败,台积电,2024-11-26,1.000000
美商务部,视作英雄,川普,2024-11-15,1.000000
美商务部,欢迎,川普,2024-11-15,1.000000
美商务部,欣赏,川普,2024-11-15,1.000000
美商务部,质疑,川普,2024-11-15,1.000000
美商务部,相信,川普,2024-11-15,1.000000
美商务部,喜欢,川普,2024-11-15,1.000000
刘德音博士,主导,台积电,2024-11-26,1.000000
刘博士,支持,台积电,2024-11-26,1.000000
刘博士,主导,台积电,2024-11-26,1.000000
花旗证券,认为有威胁,台积电,2024-11-11,1.000000
美国,增进,AI晶片,2024-11-11,1.000000
亚利桑那州,威胁,台湾,2024-11-19,1.000000
亚利桑那州,攻击,台湾,2024-11-19,1.000000
亚利桑那州,损害,台湾,2024-11-19,1.000000
王效平,质疑,台积电,2024-11-17,1.000000
日本熊本县菊阳町,主导,台积电,2024-11-17,1.000000
德国,认为优秀,台积电,2024-11-17,1.000000
王效平,担忧,台积电,2024-11-17,1.000000
德国,主导,台积电,2024-11-17,1.000000
美国,主导,台积电,2024-11-17,1.000000
王效平,批评,台积电,2024-11-17,1.000000
德国,支持,台积电,2024-11-17,1.000000
日本熊本县菊阳町,支持,台积电,2024-11-17,1.000000
美国,损害,半导体,2024-10-29,1.000000
刘镜清,欣赏,川普,2024-11-12,1.000000
刘镜清,认为优秀,川普,2024-11-12,1.000000
刘镜清,认为缺乏,川普,2024-11-12,1.000000
川普,增进,美国,2024-11-12,1.000000
刘镜清,认可,川普,2024-11-12,1.000000
刘镜清,认为有成就,川普,2024-11-12,1.000000
刘镜清,认为可靠,川普,2024-11-12,1.000000
刘镜清,认为违规,川普,2024-11-12,1.000000
镜周刊,认为有危机,美国,2024-11-12,1.000000
刘镜清,认为有危机,川普,2024-11-12,1.000000
刘镜清,质疑,川普,2024-11-12,1.000000
川普第一任总统,认为优秀,台积电,2024-11-12,1.000000
镜周刊,增进,美国,2024-11-12,1.000000
川普,认为失败,美国,2024-11-12,1.000000
刘镜清,认为失败,川普,2024-11-12,1.000000
刘镜清,感到不满,川普,2024-11-12,1.000000
刘镜清,认为恐怖,川普,2024-11-12,1.000000
刘镜清,认为犯罪,川普,2024-11-12,1.000000
美国,视作英雄,川普,2024-11-12,1.000000
川普第一任总统,主导,台积电,2024-11-12,1.000000
刘镜清,认为有暴力,川普,2024-11-12,1.000000
美国,视作英雄,川普,2024-11-12,1.000000
刘镜清,威胁,川普,2024-11-12,1.000000
刘镜清,认为有威胁,川普,2024-11-12,1.000000
刘镜清,相信,川普,2024-11-12,1.000000
刘镜清,担忧,川普,2024-11-12,1.000000
刘镜清,质疑,川普,2024-11-06,1.000000
郭智辉,质疑,川普,2024-11-06,1.000000
刘镜清,欣赏,川普,2024-11-06,1.000000
刘镜清,质疑,川普,2024-11-06,1.000000
刘镜清,批评,川普,2024-11-06,1.000000
拜登,增进,台积电,2024-11-14,1.000000
川普,增进,台积电,2024-11-14,1.000000
魏哲家,增进,台积电,2024-11-14,1.000000
川普,攻击,康芮,2024-11-14,1.000000
魏哲家,主导,台积电,2024-11-14,1.000000
忠谋,增进,台积电,2024-11-14,1.000000
张忠谋,增进,台积电,2024-11-14,1.000000
美国,认为恐怖,台积电,2024-10-27,1.000000
刘德音,质疑,张忠谋,2024-11-26,1.000000
刘德音,欢迎,台积电,2024-11-26,1.000000
刘德音,感谢,台积电,2024-11-26,1.000000
TEL南部营运中心,支持,台积电,2024-12-03,1.000000
郑正钤,担忧,台积电,2024-11-27,1.000000
川普,损害,关税,2024-11-27,1.000000
川普,威胁,加墨,2024-11-27,1.000000
川普,增进,关税,2024-11-27,1.000000
赖瑞隆,担忧,台积电,2024-11-27,1.000000
美国,质疑,第三座厂,2024-11-27,1.000000
郭智辉,感到不满,川普,2024-11-27,1.000000
赖瑞隆,认为有危机,台积电,2024-11-27,1.000000
民进党,担忧,台积电,2024-11-27,1.000000
美国,损害,中国台商,2024-11-27,1.000000
郭智辉,质疑,川普,2024-11-27,1.000000
郭智辉,认为恐怖,川普,2024-11-27,1.000000
李海琪,欢迎,郭智辉,2024-11-27,1.000000
民进党,认为有危机,台积电,2024-11-27,1.000000
川普,认为有威胁,加墨,2024-11-27,1.000000
川普,质疑,墨西哥,2024-11-27,1.000000
川普,威胁,墨西哥,2024-11-27,1.000000
川普,认为有威胁,墨西哥,2024-11-27,1.000000
川普,损害,AI伺服器供应链,2024-11-27,1.000000
川普,认为非法,墨西哥,2024-11-27,1.000000
川普,威胁,墨西哥,2024-11-27,1.000000
川普,认为有威胁,墨西哥,2024-11-27,1.000000
川普,认为非法,墨西哥,2024-11-27,1.000000
川普,质疑,墨西哥,2024-11-27,1.000000
川普,损害,AI伺服器供应链,2024-11-27,1.000000
南韩,担忧,台湾,2024-12-04,1.000000
《朝鲜日报》,担忧,台湾,2024-12-04,1.000000
束崇万,质疑,川普,2024-11-19,1.000000
束崇万,担忧,川普,2024-11-19,1.000000
亚利桑那州,主导,台积电,2024-11-17,1.000000
葛如钧,攻击,台湾,2024-11-06,1.000000
贺锦丽谁,攻击,台湾,2024-11-06,1.000000
《路透社》,相信,台积电,2024-11-12,1.000000
《路透社》,认为有威胁,台积电,2024-11-12,1.000000
朱凤莲,认为失败,美国,2024-11-12,1.000000
《路透社》,担忧,台积电,2024-11-12,1.000000
《路透社》,损害,台积电,2024-11-12,1.000000
《路透社》,质疑,台积电,2024-11-12,1.000000
美国,损害,台企利益,2024-11-12,1.000000
《路透社》,威胁,台积电,2024-11-12,1.000000
《路透社》,质疑,美国,2024-11-12,1.000000
朱凤莲,主导,美国,2024-11-12,1.000000
美国,损害,台积电,2024-11-12,1.000000
谢衣凤,质疑,台湾,2024-11-27,1.000000
谢衣凤,担忧,台湾,2024-11-27,1.000000
谢衣凤,认为非法,台湾,2024-11-27,1.000000
谢衣凤,认为有威胁,台湾,2024-11-27,1.000000
立法院经委会,认为有成就,台积电,2024-11-06,1.000000
美国,主导,台积电,2024-11-06,1.000000
美国,欣赏,台积电,2024-11-06,1.000000
美国,认为失败,台积电,2024-11-06,1.000000
立法院经委会,视作英雄,郭智辉,2024-11-06,1.000000
立法院经委会,主导,台积电,2024-11-06,1.000000
立法院经委会,欣赏,台积电,2024-11-06,1.000000
立法院经委会,认为犯罪,台积电,2024-11-06,1.000000
美国,增进,台积电,2024-11-06,1.000000
美国,认为有成就,台积电,2024-11-06,1.000000
美国,支持,台积电,2024-11-06,1.000000
美国,认为有危机,台积电,2024-11-06,1.000000
吴田玉,认为有威胁,台积电,2024-11-20,1.000000
吴田玉,认为有危机,台积电,2024-11-20,1.000000
吴田玉,质疑,台积电,2024-11-20,1.000000
吴田玉,认为有威胁,台积电,2024-11-20,1.000000
吴田玉,认为有危机,台积电,2024-11-20,1.000000
吴田玉,认为有威胁,台积电,2024-11-20,1.000000
吴田玉,认为有危机,台积电,2024-11-20,1.000000
吴田玉,质疑,台积电,2024-11-20,1.000000
南韩国会,批评,尹锡悦,2024-11-10,1.000000
南韩国会,欢迎,尹锡悦,2024-11-10,1.000000
南韩国会,质疑,尹锡悦,2024-11-10,1.000000
南韩国会,支持,尹锡悦,2024-11-10,1.000000
南韩国会,认可,尹锡悦,2024-11-10,1.000000
南韩国会,认为违规,尹锡悦,2024-11-10,1.000000
印尼,视作英雄,川普,2024-12-02,1.000000
印尼,认为热情,川普,2024-12-02,1.000000
川普,主导,俄乌和解,2024-11-29,1.000000
美国,认为有危机,芬太尼毒品问题,2024-11-29,1.000000
谢金河,认为优秀,黄仁勋,2024-11-29,1.000000
川普,认可,Google,2024-11-29,1.000000
谢金河,欣赏,川普,2024-11-29,1.000000
川普,质疑,Google,2024-11-29,1.000000
美国,损害,台积电,2024-11-29,1.000000
欧洲,欢迎,川普,2024-11-29,1.000000
美国,损害,全世界生态,2024-11-29,1.000000
川普,损害,美国,2024-10-30,1.000000
川普,欣赏,美国,2024-10-30,1.000000
川普,攻击,美国,2024-10-30,1.000000
高雄市长陈其迈,主导,台积电,2024-11-26,1.000000
陈其迈,增进,台积电,2024-11-26,1.000000
高雄市长陈其迈,认为违规,台积电,2024-11-26,1.000000
高雄市长陈其迈,质疑,台积电,2024-11-26,1.000000
川普政府,损害,台湾,2024-11-17,1.000000
川普政府,攻击,台湾,2024-11-17,1.000000
台湾,攻击,川普政府,2024-11-17,1.000000
胡采苹,感谢,台湾,2024-11-19,1.000000
胡采苹,喜欢,台湾,2024-11-19,1.000000
《经济周刊》,认可,台湾,2024-10-07,1.000000
《经济周刊》,认为有威胁,台湾,2024-10-07,1.000000
《经济周刊》,支持,台湾,2024-10-07,1.000000
《经济周刊》,威胁,台湾,2024-10-07,1.000000
《经济周刊》,损害,台湾,2024-10-07,1.000000
《经济周刊》,欢迎,台湾,2024-10-07,1.000000
《经济周刊》,认为犯罪,台湾,2024-10-07,1.000000
《经济周刊》,担忧,台湾,2024-10-07,1.000000
《经济周刊》,批评,台湾,2024-10-07,1.000000
《经济周刊》,认为缺乏,台湾,2024-10-07,1.000000
《经济周刊》,认为违规,台湾,2024-10-07,1.000000
《经济周刊》,认为可靠,台湾,2024-10-07,1.000000
《经济周刊》,认为有危机,台湾,2024-10-07,1.000000
《经济周刊》,认为恐怖,台湾,2024-10-07,1.000000
《经济周刊》,视作英雄,台湾,2024-10-07,1.000000
《经济周刊》,威胁,中国,2024-10-07,1.000000
《经济周刊》,感到不满,台湾,2024-10-07,1.000000
《经济周刊》,攻击,台湾,2024-10-07,1.000000
《经济周刊》,认为优秀,台湾,2024-10-07,1.000000
《经济周刊》,质疑,台湾,2024-10-07,1.000000
《经济周刊》,相信,台湾,2024-10-07,1.000000
《经济周刊》,认为有暴力,台湾,2024-10-07,1.000000
《经济周刊》,认为失败,台湾,2024-10-07,1.000000
《经济周刊》,认为有危机,中国,2024-10-07,1.000000
《经济周刊》,欣赏,台湾,2024-10-07,1.000000
《经济周刊》,认为非法,台湾,2024-10-07,1.000000
川普,增进,加拿大及墨西哥关税,2024-12-01,1.000000
张陈浩,认为优秀,川普,2024-11-26,1.000000
张陈浩,认可,川普,2024-11-26,1.000000
张陈浩,担忧,川普,2024-11-26,1.000000
张陈浩,认为有暴力,川普,2024-11-26,1.000000
张陈浩,认为可靠,川普,2024-11-26,1.000000
张陈浩,相信,川普,2024-11-26,1.000000
张陈浩,批评,川普,2024-11-26,1.000000
张陈浩,质疑,川普,2024-11-26,1.000000
张陈浩,认为恐怖,川普,2024-11-26,1.000000
张陈浩,认为有危机,川普,2024-11-26,1.000000
张陈浩,认为有威胁,川普,2024-11-26,1.000000
张陈浩,认为违规,川普,2024-11-26,1.000000
黎方国,批评,川普,2024-11-26,1.000000
黎方国,质疑,川普,2024-11-26,1.000000
张陈浩,认为缺乏,川普,2024-11-26,1.000000
台湾,认为失败,美国,2024-11-21,1.000000
美国,认为失败,委内瑞拉,2024-11-21,1.000000
美国,认为有威胁,委内瑞拉,2024-11-21,1.000000
美国,攻击,委内瑞拉,2024-11-21,1.000000
美国,威胁,委内瑞拉,2024-11-21,1.000000
刘彦池,认为失败,美国,2024-11-21,1.000000
张继文,质疑,川普,2024-11-26,1.000000
张继文,认为有暴力,川普,2024-11-26,1.000000
张继文,视作英雄,川普,2024-11-26,1.000000
谢衣凤,质疑,台湾,2024-11-27,1.000000
谢衣凤,担忧,台湾,2024-11-27,1.000000
谢衣凤,威胁,台湾,2024-11-27,1.000000
谢衣凤,认为有威胁,台湾,2024-11-27,1.000000
吴诚文,相信,台积电,2024-11-28,1.000000
吴诚文,损害,台积电,2024-11-28,1.000000
吴诚文,认可,台积电,2024-11-28,1.000000
吴诚文,认为有威胁,台积电,2024-11-28,1.000000
吴诚文,增进,台积电,2024-11-28,1.000000
吴诚文,认为有危机,台积电,2024-11-28,1.000000
葛如钧,增进,台积电,2024-11-28,1.000000
吴诚文,批评,台积电,2024-11-28,1.000000
杨琼璎,损害,台积电,2024-11-28,1.000000
葛如钧,损害,台积电,2024-11-28,1.000000
吴诚文,担忧,台积电,2024-11-28,1.000000
葛如钧,质疑,台积电,2024-11-28,1.000000
吴诚文,质疑,台积电,2024-11-28,1.000000
张陈浩,认可,川普,2024-11-26,1.000000
张陈浩,认为有暴力,川普,2024-11-26,1.000000
张陈浩,相信,川普,2024-11-26,1.000000
张陈浩,质疑,川普,2024-11-26,1.000000
张陈浩,认为恐怖,川普,2024-11-26,1.000000
张陈浩,认为优秀,川普,2024-11-26,1.000000
张陈浩,批评,川普,2024-11-26,1.000000
黎方国,质疑,川普,2024-11-26,1.000000
张陈浩,担忧,川普,2024-11-26,1.000000
张陈浩,认为有危机,川普,2024-11-26,1.000000
黎方国,视作英雄,川普,2024-11-26,1.000000
张陈浩,认为有威胁,川普,2024-11-26,1.000000
张陈浩,感到不满,川普,2024-11-26,1.000000
张陈浩,认为热情,川普,2024-11-26,1.000000
黎方国,批评,川普,2024-11-26,1.000000
张陈浩,认为可靠,川普,2024-11-26,1.000000
张陈浩,认为犯罪,川普,2024-11-26,1.000000
张陈浩,认为违规,川普,2024-11-26,1.000000
张陈浩,认为缺乏,川普,2024-11-26,1.000000
美国,损害,岛内企业的利益,2024-11-19,1.000000
张忠谋,认为优秀,台积电,2024-12-03,1.000000
陆生参访团,认为优秀,台积电,2024-12-03,1.000000
川普,威胁,TSMC,2024-10-29,1.000000
魏哲家,增进,台积电,2024-12-04,1.000000
郭智辉,批评,台积电,2024-11-27,1.000000
郭智辉,认为有危机,台积电,2024-11-27,1.000000
郭智辉,担忧,台积电,2024-11-27,1.000000
郭智辉,质疑,台积电,2024-11-27,1.000000
郭智辉,认为恐怖,台积电,2024-11-27,1.000000
郭智辉,认为有威胁,台积电,2024-11-27,1.000000
郭智辉,认为违规,台积电,2024-11-27,1.000000
美国,损害,中国大陆,2024-10-22,1.000000
美国,损害,笔电链,2024-12-01,1.000000
美国,损害,"笔电
链",2024-12-01,1.000000
加拿大,视作英雄,美国,2024-12-01,1.000000
墨西哥,视作英雄,美国,2024-12-01,1.000000
吴诚文,增进,台积电,2024-11-28,1.000000
吴诚文,威胁,川普,2024-11-28,1.000000
川普,损害,台积电,2024-11-28,1.000000
川普,认为恐怖,台积电,2024-11-28,1.000000
川普上任,威胁,台积电,2024-11-28,1.000000
川普上任,认为恐怖,台积电,2024-11-28,1.000000
川普上任,损害,台积电,2024-11-28,1.000000
吴诚文,损害,台积电,2024-11-28,1.000000
川普上任,攻击,台积电,2024-11-28,1.000000
国科会,增进,台积电,2024-11-28,1.000000
陈文茜,批评,张忠谋,2024-12-03,1.000000
陈文茜,威胁,张忠谋,2024-12-03,1.000000
李国鼎,认为可靠,张忠谋,2024-12-03,1.000000
李国鼎,感到满意,张忠谋,2024-12-03,1.000000
陈文茜,主导,台积电,2024-12-03,1.000000
李登辉,感到不满,张忠谋,2024-12-03,1.000000
陈履安,批评,张忠谋,2024-12-03,1.000000
陈文茜,担忧,张忠谋,2024-12-03,1.000000
陈文茜,认为有暴力,张忠谋,2024-12-03,1.000000
李登辉,质疑,张忠谋,2024-12-03,1.000000
陈文茜,质疑,张忠谋,2024-12-03,1.000000
陈履安,主导,台积电,2024-12-03,1.000000
陈履安,威胁,张忠谋,2024-12-03,1.000000
李登辉,认为热情,张忠谋,2024-12-03,1.000000
陈履安,认为有暴力,张忠谋,2024-12-03,1.000000
陈文茜,相信,张忠谋,2024-12-03,1.000000
李登辉,喜欢,张忠谋,2024-12-03,1.000000
陈履安,质疑,张忠谋,2024-12-03,1.000000
陈履安,感到不满,张忠谋,2024-12-03,1.000000
李国鼎,认可,张忠谋,2024-12-03,1.000000
李登辉,欣赏,张忠谋,2024-12-03,1.000000
李国鼎,支持,张忠谋,2024-12-03,1.000000
李国鼎,欣赏,张忠谋,2024-12-03,1.000000
李登辉,认为优秀,张忠谋,2024-12-03,1.000000
陈文茜,批评,张忠谋,2024-12-03,1.000000
陈文茜,威胁,张忠谋,2024-12-03,1.000000
李国鼎,认为可靠,张忠谋,2024-12-03,1.000000
李国鼎,感到满意,张忠谋,2024-12-03,1.000000
陈文茜,视作英雄,张忠谋,2024-12-03,1.000000
李登辉,感到不满,张忠谋,2024-12-03,1.000000
陈履安,批评,张忠谋,2024-12-03,1.000000
陈文茜,担忧,张忠谋,2024-12-03,1.000000
陈文茜,认为有暴力,张忠谋,2024-12-03,1.000000
陈文茜,感到不满,张忠谋,2024-12-03,1.000000
李登辉,认为有暴力,张忠谋,2024-12-03,1.000000
李登辉,质疑,张忠谋,2024-12-03,1.000000
李登辉,视作英雄,张忠谋,2024-12-03,1.000000
李国鼎,认为有暴力,张忠谋,2024-12-03,1.000000
陈文茜,质疑,张忠谋,2024-12-03,1.000000
陈履安,威胁,张忠谋,2024-12-03,1.000000
前副总统陈诚,威胁,张忠谋,2024-12-03,1.000000
李登辉,认为热情,张忠谋,2024-12-03,1.000000
陈履安,认为有暴力,张忠谋,2024-12-03,1.000000
前副总统陈诚,批评,张忠谋,2024-12-03,1.000000
李登辉,喜欢,张忠谋,2024-12-03,1.000000
前副总统陈诚,攻击,张忠谋,2024-12-03,1.000000
陈履安,质疑,张忠谋,2024-12-03,1.000000
前副总统陈诚,主导,台积电,2024-12-03,1.000000
李国鼎,认可,张忠谋,2024-12-03,1.000000
前副总统陈诚,认为有暴力,张忠谋,2024-12-03,1.000000
李登辉,欣赏,张忠谋,2024-12-03,1.000000
前副总统陈诚,质疑,张忠谋,2024-12-03,1.000000
前副总统陈诚,感到不满,张忠谋,2024-12-03,1.000000
李国鼎,支持,张忠谋,2024-12-03,1.000000
前副总统陈诚,担忧,张忠谋,2024-12-03,1.000000
李国鼎,欣赏,张忠谋,2024-12-03,1.000000
李登辉,认为优秀,张忠谋,2024-12-03,1.000000
陈诚,质疑,张忠谋,2024-12-03,1.000000
陈士修,主导,台积电,2024-12-04,1.000000
陈士修,增进,台积电,2024-12-04,1.000000
川普,主导,关税战,2024-11-29,1.000000
柏凯斯,认为可靠,中国,2024-11-25,1.000000
川普,威胁,中国,2024-11-25,1.000000
柏凯斯,认可,中国,2024-11-25,1.000000
柏凯斯,认为缺乏,中国,2024-11-25,1.000000
川普,认为有威胁,中国,2024-11-25,1.000000
柏凯斯,质疑,川普,2024-11-25,1.000000
柏凯斯,质疑,中国,2024-11-25,1.000000
柏凯斯,批评,川普,2024-11-25,1.000000
柏凯斯,损害,马斯克,2024-11-25,1.000000
川普胜选,攻击,中国,2024-11-25,1.000000
柏凯斯,认为有危机,中国,2024-11-25,1.000000
柏凯斯,损害,中国,2024-11-25,1.000000
柏凯斯,认为非法,中国,2024-11-25,1.000000
特斯拉,视作英雄,马斯克,2024-11-25,1.000000
柏凯斯,攻击,中国,2024-11-25,1.000000
麦可·邓恩,质疑,马斯克,2024-11-25,1.000000
柏凯斯,认为恐怖,中国,2024-11-25,1.000000
柏凯斯,感到不满,中国,2024-11-25,1.000000
柏凯斯,认为失败,中国,2024-11-25,1.000000
川普胜选,威胁,中国,2024-11-25,1.000000
川普胜选,认为有威胁,中国,2024-11-25,1.000000
柏凯斯,增进,中国,2024-11-25,1.000000
柏凯斯,威胁,中国,2024-11-25,1.000000
《纽约时报》北京分社,批评,川普,2024-11-25,1.000000
马斯克,主导,美国,2024-11-25,1.000000
川普胜选,主导,美国,2024-11-25,1.000000
柏凯斯,认为有暴力,中国,2024-11-25,1.000000
柏凯斯,认为有威胁,中国,2024-11-25,1.000000
柏凯斯,相信,中国,2024-11-25,1.000000
柏凯斯,担忧,中国,2024-11-25,1.000000
《纽约时报》北京分社,质疑,川普,2024-11-25,1.000000
川普,损害,中国,2024-11-25,1.000000
柏凯斯,欣赏,中国,2024-11-25,1.000000
川普,攻击,中国,2024-11-25,1.000000
美国,视作英雄,Ryan Ward,2024-11-24,1.000000
美国,视作英雄,Ryan Ward,2024-11-24,1.000000
美国,攻击,委内瑞拉,2024-11-24,1.000000
美国,认为失败,委内瑞拉,2024-11-24,1.000000
美国,认为有暴力,委国,2024-11-24,1.000000
美国,攻击,委内瑞拉,2024-11-24,1.000000
美国,认为有威胁,委内瑞拉,2024-11-24,1.000000
美国,认为有暴力,委国,2024-11-24,1.000000
美国,增进,世界棒球12强赛,2024-11-24,1.000000
中华队,认为失败,美国,2024-11-21,1.000000
司徒文,攻击,川普,2024-11-26,1.000000
司徒文,认为有暴力,川普,2024-11-26,1.000000
川普,质疑,司徒文,2024-11-26,1.000000
司徒文,认为犯罪,川普,2024-11-26,1.000000
司徒文,相信,川普,2024-11-26,1.000000
司徒文,视作英雄,川普,2024-11-26,1.000000
司徒文,认为有危机,川普,2024-11-26,1.000000
司徒文,认为有成就,川普,2024-11-26,1.000000
司徒文,喜欢,川普,2024-11-26,1.000000
司徒文,认为违规,川普,2024-11-26,1.000000
司徒文,认为可靠,川普,2024-11-26,1.000000
司徒文,认为热情,川普,2024-11-26,1.000000
司徒文,担忧,川普,2024-11-26,1.000000
司徒文,认为有威胁,川普,2024-11-26,1.000000
司徒文,认可,川普,2024-11-26,1.000000
美国,相信,科技在台湾,2024-11-26,1.000000
司徒文,质疑,川普,2024-11-26,1.000000
司徒文,认为非法,川普,2024-11-26,1.000000
司徒文,批评,川普,2024-11-26,1.000000
司徒文,感到不满,川普,2024-11-26,1.000000
司徒文,威胁,川普,2024-11-26,1.000000
司徒文,认为恐怖,川普,2024-11-26,1.000000
司徒文,欣赏,川普,2024-11-26,1.000000
司徒文,认为缺乏,川普,2024-11-26,1.000000
司徒文,认为优秀,川普,2024-11-26,1.000000
司徒文,认为失败,川普,2024-11-26,1.000000
黄文清,视作英雄,美国,2024-11-21,1.000000
黄文清,支持,美国,2024-11-21,1.000000
黄文清,质疑,美国,2024-11-21,1.000000
郭智辉,批评,美国,2024-11-19,1.000000
郭智辉,增进,美国,2024-11-19,1.000000
台积电,攻击,伊朗,2024-10-27,1.000000
美国,质疑,禾赛科技,2024-10-20,1.000000
美国,认可,国会,2024-10-20,1.000000
美国,支持,国会,2024-10-20,1.000000
李芸桦,攻击,川普,2024-11-14,1.000000
李芸桦,感到不满,川普,2024-11-14,1.000000
范琪斐,认为有暴力,川普,2024-11-14,1.000000
范琪斐,感到满意,川普,2024-11-14,1.000000
范琪斐,相信,川普,2024-11-14,1.000000
范琪斐,支持,川普,2024-11-14,1.000000
范琪斐,认为有威胁,川普,2024-11-14,1.000000
范琪斐,认为犯罪,川普,2024-11-14,1.000000
范琪斐,担忧,川普,2024-11-14,1.000000
吕捷,认可,川普,2024-11-14,1.000000
范琪斐,欣赏,川普,2024-11-14,1.000000
范琪斐,认为热情,川普,2024-11-14,1.000000
范琪斐,认为优秀,川普,2024-11-14,1.000000
范琪斐,认可,川普,2024-11-14,1.000000
范琪斐,认为缺乏,川普,2024-11-14,1.000000
「保护费」,损害,台湾,2024-11-14,1.000000
范琪斐,认为有成就,川普,2024-11-14,1.000000
吕捷,质疑,川普,2024-11-14,1.000000
范琪斐,认为可靠,川普,2024-11-14,1.000000
范琪斐,认为违规,川普,2024-11-14,1.000000
范琪斐,批评,川普,2024-11-14,1.000000
李芸桦,认为优秀,川普,2024-11-14,1.000000
范琪斐,认为有危机,川普,2024-11-14,1.000000
范琪斐,视作英雄,川普,2024-11-14,1.000000
范琪斐,质疑,川普,2024-11-14,1.000000
川普,损害,台湾,2024-11-14,1.000000
李芸桦,视作英雄,川普,2024-11-14,1.000000
范琪斐,认为非法,川普,2024-11-14,1.000000
范琪斐,认为失败,川普,2024-11-14,1.000000
范琪斐,感到不满,川普,2024-11-14,1.000000
范琪斐,喜欢,川普,2024-11-14,1.000000
范琪斐,认为恐怖,川普,2024-11-14,1.000000
范琪斐,威胁,川普,2024-11-14,1.000000
吕捷,支持,川普,2024-11-14,1.000000
马斯克,认为有威胁,美国,2024-10-29,1.000000
中共,损害,美国,2024-10-29,1.000000
马斯克,威胁,美国,2024-10-29,1.000000
中共,认为有威胁,美国,2024-10-29,1.000000
马斯克,损害,美国,2024-10-29,1.000000
中共,威胁,美国,2024-10-29,1.000000
川普,认为非法,墨西哥,2024-11-27,1.000000
川普,认为有威胁,墨西哥,2024-11-27,1.000000
以色列内阁,视作英雄,美国,2024-11-27,1.000000
零股投资人,认为有危机,台积电,2024-11-29,1.000000
零股投资人,认为有威胁,台积电,2024-11-29,1.000000
权锡俊,担忧,台积电,2024-11-20,1.000000
权锡俊,认为有危机,台积电,2024-11-20,1.000000
权锡俊,认为失败,台积电,2024-11-20,1.000000
权锡俊,主导,台积电,2024-11-20,1.000000
美国,威胁,中国,2024-08-27,1.000000
美国,攻击,中国,2024-08-27,1.000000
美国,损害,中国,2024-08-27,1.000000
清水洋治,认为有威胁,美国,2024-08-27,1.000000
美国,攻击,中国,2024-08-27,1.000000
清水洋治,认为非法,美国,2024-08-27,1.000000
美国,损害,中国,2024-08-27,1.000000
中企,认为有威胁,美国,2024-08-27,1.000000
清水洋治,威胁,美国,2024-08-27,1.000000
《彭博商业周刊》,质疑,川普,2024-10-29,1.000000
郭智辉,认为有威胁,台湾,2024-10-29,1.000000
高雄市政府,支持,台积电,2024-11-19,1.000000
张忠谋,批评,美国,2024-11-15,1.000000
张忠谋,认为失败,美国,2024-11-15,1.000000
张忠谋,质疑,美国,2024-11-15,1.000000
张忠谋,认为非法,美国,2024-11-15,1.000000
川普,主导,贸易战,2024-11-06,1.000000
郭智辉,认为非法,台湾,2024-11-06,1.000000
立法院经济委员会,认为有危机,美国,2024-11-06,1.000000
川普当选,增进,台积电,2024-11-06,1.000000
川普,质疑,台积电,2024-11-06,1.000000
川普当选,担忧,台积电,2024-11-06,1.000000
川普,担忧,台积电,2024-11-06,1.000000
立法院经济委员会,担忧,美国,2024-11-06,1.000000
风传媒,认为失败,美国,2024-11-06,1.000000
郭智辉,认为恐怖,台湾,2024-11-06,1.000000
风传媒,质疑,川普,2024-11-06,1.000000
川普当选,质疑,台积电,2024-11-06,1.000000
郭智辉,认为非法,美国,2024-11-06,1.000000
郭智辉,认为可靠,台湾,2024-11-06,1.000000
川普当选,批评,台积电,2024-11-06,1.000000
郭智辉,认为有威胁,台湾,2024-11-06,1.000000
郭智辉,感到不满,川普,2024-11-06,1.000000
陈挥文,喜欢,赖清德,2024-11-06,1.000000
郭智辉,认为有危机,台湾,2024-11-06,1.000000
郭智辉,认为有威胁,美国,2024-11-06,1.000000
郭智辉,担忧,台湾,2024-11-06,1.000000
郭智辉,质疑,台湾,2024-11-06,1.000000
立法院经济委员会,认为有威胁,美国,2024-11-06,1.000000
川普,批评,台积电,2024-11-06,1.000000
美国,增进,台商回流,2024-11-06,1.000000
川普,认为有危机,台积电,2024-11-06,1.000000
美国,攻击,东芝,2024-11-06,1.000000
郭智辉,认为有危机,美国,2024-11-06,1.000000
川普,主导,美国,2024-11-17,1.000000
川普,认为非法,美国,2024-11-17,1.000000
老谢,视作英雄,川普,2024-11-17,1.000000
川普,攻击,中国,2024-11-17,1.000000
郭正亮,认为失败,美国,2024-10-29,1.000000
共和党,视作英雄,川普,2024-12-04,1.000000
民主党,视作英雄,川普,2024-12-04,1.000000
刘镜清,相信,川普,2024-11-05,1.000000
刘镜清,感到不满,川普,2024-11-05,1.000000
川普,认为有危机,台积电,2024-11-05,1.000000
共和党,质疑,台积电,2024-11-05,1.000000
郭智辉,认为可靠,台积电,2024-11-05,1.000000
川普,担忧,台积电,2024-11-05,1.000000
刘镜清,损害,川普,2024-11-05,1.000000
川普,认为可靠,台积电,2024-11-05,1.000000
刘镜清,质疑,川普,2024-11-05,1.000000
川普,认为恐怖,台积电,2024-11-05,1.000000
川普,损害,辉达,2024-11-05,1.000000
陈亭妃,主导,台积电,2024-11-05,1.000000
刘镜清,批评,川普,2024-11-05,1.000000
川普,认可,台积电,2024-11-05,1.000000
刘镜清,认为可靠,台积电,2024-11-05,1.000000
刘镜清,威胁,川普,2024-11-05,1.000000
川普,认为有威胁,台积电,2024-11-05,1.000000
陈亭妃,威胁,川普,2024-11-05,1.000000
川普,质疑,台积电,2024-11-05,1.000000
廖珪如,认为恐怖,川普,2024-11-19,1.000000
邓振中,认为恐怖,川普,2024-11-19,1.000000
美国,视作英雄,拜登,2024-11-19,1.000000
美国,主导,全球贸易,2024-11-19,1.000000
邓振中,欣赏,川普,2024-11-19,1.000000
邓振中,质疑,川普,2024-11-19,1.000000
立法院,视作英雄,郭智辉,2024-11-19,1.000000
立法院,认为恐怖,川普,2024-11-19,1.000000
中共,攻击,台湾,2024-11-19,1.000000
美国,喜欢,家登,2024-11-19,1.000000
陆行之,主导,台积电,2024-12-03,1.000000
刘德音,认为有威胁,美国,2024-11-26,1.000000
美国,损害,中国发展,2024-11-26,1.000000
川普,攻击,台积电,2024-11-25,1.000000
川普,损害,台积电,2024-11-25,1.000000
川普回归,损害,台积电,2024-11-25,1.000000
风传媒,相信,台湾,2024-11-27,1.000000
美国,主导,台积电,2024-11-27,1.000000
蒋介石,攻击,台湾,2024-11-27,1.000000
美国,损害,国际竞争力,2024-11-27,1.000000
蒋经国,攻击,台湾,2024-11-27,1.000000
蒋介石,威胁,台湾,2024-11-27,1.000000
美国,威胁,台湾,2024-11-27,1.000000
美国,支持,台湾,2024-11-27,1.000000
群益投信,认为可靠,台湾,2024-11-07,1.000000
美国,视作英雄,川普,2024-11-07,1.000000
投资人,认为失败,美国,2024-11-07,1.000000
投资人,增进,美国,2024-11-07,1.000000
群益投信,认为恐怖,台湾,2024-11-07,1.000000
群益投信,认为有危机,台湾,2024-11-07,1.000000
陈沅易,质疑,川普,2024-11-07,1.000000
谢明志,主导,美国,2024-11-07,1.000000
群益投信,认为有威胁,台湾,2024-11-07,1.000000
投资人,主导,美国,2024-11-07,1.000000
群益投信,视作英雄,川普,2024-11-07,1.000000
贺锦丽,认可,美国,2024-10-31,1.000000
贺锦丽,视作英雄,美国,2024-10-31,1.000000
贺锦丽,支持,美国,2024-10-31,1.000000
贺锦丽,认为可靠,美国,2024-10-31,1.000000
贺锦丽,主导,美国,2024-10-31,1.000000
美国,攻击,半导体,2024-12-02,1.000000
美国,威胁,半导体,2024-12-02,1.000000
美国,损害,半导体,2024-12-02,1.000000
川普,增进,高关税政策,2024-12-05,1.000000
川普,主导,高关税政策,2024-12-05,1.000000
美国,视作英雄,川普,2024-12-05,1.000000
川普,认为可靠,台湾,2024-11-19,1.000000
川普,损害,美国,2024-11-19,1.000000
川普,相信,台湾,2024-11-19,1.000000
川普,认为有威胁,台湾,2024-11-19,1.000000
美国,支持,蒋介石,2024-10-29,1.000000
美国,威胁,中国,2024-10-29,1.000000
美国,攻击,中国,2024-10-29,1.000000
美国,损害,中国,2024-10-29,1.000000
川普,认为有暴力,台湾,2024-11-19,1.000000
川普,质疑,台湾,2024-11-19,1.000000
川普,威胁,台湾,2024-11-19,1.000000
川普,攻击,台湾,2024-11-19,1.000000
川普,感到不满,台湾,2024-11-19,1.000000
川普,损害,台湾,2024-11-19,1.000000
南韩,认为有危机,台湾,2024-11-26,1.000000
中研院,威胁,川普,2024-11-26,1.000000
南韩,认为有威胁,台湾,2024-11-26,1.000000
美国,主导,台积电,2024-11-12,1.000000
路透社,认为违规,台积电,2024-11-12,1.000000
路透社,认为失败,台积电,2024-11-12,1.000000
美国,损害,中国客户,2024-11-12,1.000000
美国,增进,两岸民众民生福祉,2024-11-12,1.000000
蔡正元,认为优秀,郭智辉,2024-10-17,1.000000
蔡正元,欣赏,郭智辉,2024-10-17,1.000000
蔡正元,质疑,郭智辉,2024-10-17,1.000000
蔡正元,认可,郭智辉,2024-10-17,1.000000
蔡正元,认为可靠,郭智辉,2024-10-17,1.000000
美国,损害,台积电,2024-10-30,1.000000
川普上台,感到不满,中国,2024-11-19,1.000000
川普上台,认为有威胁,中国,2024-11-19,1.000000
川普上台,认为有危机,中国,2024-11-19,1.000000
川普上台,损害,中国,2024-11-19,1.000000
川普上台,威胁,中国,2024-11-19,1.000000
川普上台,攻击,中国,2024-11-19,1.000000
川普上台,质疑,中国,2024-11-19,1.000000
川普上台,担忧,中国,2024-11-19,1.000000
川普,喜欢,马斯克,2024-11-06,1.000000
陈挥文,欢迎,赖清德,2024-11-06,1.000000
陈凤馨,认为有威胁,美国,2024-11-06,1.000000
川普,视作英雄,爱马斯克,2024-11-06,1.000000
川普,攻击,东芝,2024-11-06,1.000000
川普,认为有暴力,爱马斯克,2024-11-06,1.000000
川普,欢迎,马斯克,2024-11-06,1.000000
川普当选顾立雄,喜欢,赖清德,2024-11-06,1.000000
川普,认为犯罪,「TRUMP」,2024-11-06,1.000000
郭正亮,质疑,川普,2024-08-19,1.000000
陈立武,相信,尹锡悦,2024-11-26,1.000000
拉马斯瓦米,认为违规,美国,2024-11-27,1.000000
拉马斯瓦米,主导,美国,2024-11-27,1.000000
拉马斯瓦米,认为非法,美国,2024-11-27,1.000000
川普,主导,美国,2024-11-27,1.000000
美国,质疑,台积电,2024-10-27,1.000000
周克威,认为非法,美国,2024-12-03,1.000000
川普,主导,「政府效率部」,2024-12-03,1.000000
宋学仁,相信,张忠谋,2024-11-28,1.000000
纽森,认为热情,川普,2024-12-02,1.000000
纽森,相信,川普,2024-12-02,1.000000
纽森,支持,川普,2024-12-02,1.000000
纽森,批评,川普,2024-12-02,1.000000
共和党,视作英雄,马斯克,2024-12-02,1.000000
纽森,感到满意,川普,2024-12-02,1.000000
纽森,认为违规,川普,2024-12-02,1.000000
纽森,质疑,川普,2024-12-02,1.000000
纽森,感到不满,川普,2024-12-02,1.000000
纽森,认可,川普,2024-12-02,1.000000
梁恩溢,批评,川普,2024-12-01,1.000000
美国,损害,中国发展,2024-11-27,1.000000
美国,欣赏,华为,2024-11-29,1.000000
美国,认为优秀,华为,2024-11-29,1.000000
美国,批评,华为,2024-11-29,1.000000
美国,质疑,华为,2024-11-29,1.000000
美国,支持,华为,2024-11-29,1.000000
美国,支持,华为,2024-11-29,1.000000
美国,认可,华为,2024-11-29,1.000000
美国,欣赏,华为,2024-11-29,1.000000
美国,质疑,华为,2024-11-29,1.000000
美国,认为优秀,华为,2024-11-29,1.000000
美国,攻击,华为,2024-11-29,1.000000
美国,损害,华为,2024-11-29,1.000000
美国,批评,华为,2024-11-29,1.000000
美国,认为失败,华为,2024-11-29,1.000000
美国,认为有成就,华为,2024-11-29,1.000000
彭博资讯,认为有危机,美国,2024-11-29,1.000000
美国,担忧,华为,2024-11-29,1.000000
美国,喜欢,华为,2024-11-29,1.000000
彭博资讯,认为有威胁,美国,2024-11-29,1.000000
美国,认为有危机,华为,2024-11-29,1.000000
美国,感到不满,华为,2024-11-29,1.000000
美国,认为有威胁,华为,2024-11-29,1.000000
美国,欢迎,华为,2024-11-29,1.000000
彭博资讯,认为非法,美国,2024-11-29,1.000000
彭博资讯,认为有暴力,美国,2024-11-29,1.000000
美国,威胁,华为,2024-11-29,1.000000
美国,认为可靠,华为,2024-11-29,1.000000
美国,认为恐怖,华为,2024-11-29,1.000000
美国,认为有暴力,华为,2024-11-29,1.000000
美国,认为缺乏,华为,2024-11-29,1.000000
台湾国安系统,质疑,美国,2024-11-14,1.000000
川普,支持,「晶片法」,2024-11-14,1.000000
美国,认可,「晶片法」,2024-11-14,1.000000
美国,视作英雄,美国,2024-11-14,1.000000
台湾国安系统,认为非法,美国,2024-11-14,1.000000
川普,担忧,「晶片法」,2024-11-14,1.000000
拜登,认为有危机,美国,2024-11-14,1.000000
台湾国安系统,认为恐怖,美国,2024-11-14,1.000000
美国,主导,「晶片法」,2024-11-14,1.000000
台湾国安系统,威胁,美国,2024-11-14,1.000000
美国,主导,「晶片法」,2024-11-14,1.000000
台湾国安系统,认为有威胁,美国,2024-11-14,1.000000
美国,认为违规,「晶片法」,2024-11-14,1.000000
川普,认为违规,「晶片法」,2024-11-14,1.000000
台湾国安系统,认为有暴力,美国,2024-11-14,1.000000
川普,质疑,「晶片法」,2024-11-14,1.000000
川普,批评,「晶片法」,2024-11-14,1.000000
川普,认为非法,「晶片法」,2024-11-14,1.000000
拜登,认为有威胁,美国,2024-11-14,1.000000
川普,主导,「晶片法」,2024-11-14,1.000000
美国,视作英雄,川普,2024-11-14,1.000000
美国,认为非法,「晶片法」,2024-11-14,1.000000
台湾国安系统,认为可靠,美国,2024-11-14,1.000000
台湾国安系统,认为缺乏,美国,2024-11-14,1.000000
川普,认为犯罪,「晶片法」,2024-11-14,1.000000
美国,支持,「晶片法」,2024-11-14,1.000000
台湾国安系统,认为违规,美国,2024-11-14,1.000000
民主党,增进,川普,2024-11-19,1.000000
川普,攻击,亚利桑那州,2024-11-19,1.000000
美国,视作英雄,拜登,2024-11-19,1.000000
民主党,攻击,川普,2024-11-19,1.000000
民主党,喜欢,川普,2024-11-19,1.000000
民主党,质疑,川普,2024-11-19,1.000000
美国,威胁,亚利桑那州,2024-11-19,1.000000
民主党,批评,川普,2024-11-19,1.000000
民主党,支持,川普,2024-11-19,1.000000
美国,认为失败,亚利桑那州,2024-11-19,1.000000
民主党,损害,川普,2024-11-19,1.000000
民主党,认为可靠,川普,2024-11-19,1.000000
美国,攻击,亚利桑那州,2024-11-19,1.000000
美国,损害,亚利桑那州,2024-11-19,1.000000
法新社,认为失败,川普,2024-11-19,1.000000
民主党,认为有危机,川普,2024-11-19,1.000000
民主党,欣赏,川普,2024-11-19,1.000000
民主党,相信,川普,2024-11-19,1.000000
拜登,欢迎,川普,2024-11-19,1.000000
民主党,认为有危机,台积电,2024-11-19,1.000000
民主党,担忧,川普,2024-11-19,1.000000
拜登,支持,川普,2024-11-19,1.000000
民主党,认可,川普,2024-11-19,1.000000
民主党,认为有威胁,川普,2024-11-19,1.000000
川普,认为失败,亚利桑那州,2024-11-19,1.000000
民主党,感谢,川普,2024-11-19,1.000000
美国,认为有危机,亚利桑那州,2024-11-19,1.000000
民主党,认为恐怖,川普,2024-11-19,1.000000
民主党,威胁,川普,2024-11-19,1.000000
"高雄市长
陈其迈",认可,台积电,2024-11-26,1.000000
"高雄市长
陈其迈",主导,台积电,2024-11-26,1.000000
陈其迈,增进,台积电,2024-11-26,1.000000
"高雄市长
陈其迈",认为违规,台积电,2024-11-26,1.000000
高雄市长陈其迈,主导,台积电,2024-11-26,1.000000
"高雄市长
陈其迈",担忧,台积电,2024-11-26,1.000000
高雄市长陈其迈,批评,台积电,2024-11-26,1.000000
高雄市长陈其迈,质疑,台积电,2024-11-26,1.000000
高雄市长陈其迈,担忧,台积电,2024-11-26,1.000000
"高雄市长
陈其迈",质疑,台积电,2024-11-26,1.000000
"高雄市长
陈其迈",批评,台积电,2024-11-26,1.000000
高雄市长陈其迈,认可,台积电,2024-11-26,1.000000
高雄市长陈其迈,认为违规,台积电,2024-11-26,1.000000
美国,欢迎,黎巴嫩,2024-11-26,1.000000
美国,视作英雄,川普,2024-11-26,1.000000
美国,视作英雄,川普,2024-11-26,1.000000
童子贤,认为恐怖,台湾,2024-11-06,1.000000
川普,攻击,台积电,2024-11-06,1.000000
童子贤,认为可靠,台湾,2024-11-06,1.000000
川普承诺上任,认为有危机,台湾,2024-11-06,1.000000
川普,认为失败,美国,2024-11-06,1.000000
童子贤,认为有威胁,台湾,2024-11-06,1.000000
卢超群,认为有危机,台湾,2024-11-06,1.000000
川普,认为有威胁,台湾,2024-11-06,1.000000
童子贤,认为有危机,台湾,2024-11-06,1.000000
川普,认为有危机,台湾,2024-11-06,1.000000
童子贤,认为有暴力,台湾,2024-11-06,1.000000
童子贤,认可,台湾,2024-11-06,1.000000
川普,认为可靠,半导体,2024-11-06,1.000000
卢超群,认为有威胁,台湾,2024-11-06,1.000000
彭博,支持,川普,2024-11-04,1.000000
陈文茜,攻击,张忠谋,2024-12-03,1.000000
陈文茜,认为犯罪,张忠谋,2024-12-03,1.000000
陈文茜,相信,张忠谋,2024-12-03,1.000000
陈文茜,认为恐怖,张忠谋,2024-12-03,1.000000
陈文茜,批评,张忠谋,2024-12-03,1.000000
陈文茜,威胁,张忠谋,2024-12-03,1.000000
陈文茜,质疑,张忠谋,2024-12-03,1.000000
陈文茜,担忧,张忠谋,2024-12-03,1.000000
林部长,认为非法,中国,2024-09-17,1.000000
林部长,损害,中国,2024-09-17,1.000000
林佳龙,认为有威胁,中国,2024-09-17,1.000000
吴政务次长,认为有威胁,中国,2024-09-17,1.000000
吴政务次长,威胁,中国,2024-09-17,1.000000
林部长,认为有威胁,中国,2024-09-17,1.000000
林部长,威胁,中国,2024-09-17,1.000000
吴志中,认为有威胁,中国,2024-09-17,1.000000
美国,损害,柯文哲,2024-10-29,1.000000
美国,认为优秀,真主党民兵组织,2024-11-29,1.000000
美国,批评,墨西哥,2024-11-29,1.000000
美国,认可,墨西哥,2024-11-29,1.000000
美国,攻击,加拿大,2024-11-29,1.000000
美国,欢迎,墨西哥,2024-11-29,1.000000
美国,认为可靠,伊朗,2024-11-29,1.000000
美国,支持,墨西哥,2024-11-29,1.000000
川普,认为有威胁,墨西哥,2024-11-29,1.000000
美国,认为有威胁,加拿大,2024-11-29,1.000000
国科会,担忧,台积电,2024-11-29,1.000000
美国,威胁,墨西哥,2024-11-29,1.000000
国科会,主导,台积电,2024-11-29,1.000000
美国,攻击,墨西哥,2024-11-29,1.000000
美国,认为有威胁,伊朗,2024-11-29,1.000000
吴诚文,主导,台积电,2024-11-29,1.000000
美国,认为可靠,以色列,2024-11-29,1.000000
美国,认为有威胁,墨西哥,2024-11-29,1.000000
美国,认为恐怖,墨西哥,2024-11-29,1.000000
美国,认为非法,墨西哥,2024-11-29,1.000000
吴诚文,担忧,台积电,2024-11-29,1.000000
美国,主导,关税壁垒,2024-11-29,1.000000
川普,认为非法,加拿大,2024-11-29,1.000000
美国,感到不满,墨西哥,2024-11-29,1.000000
川普,攻击,墨西哥,2024-11-29,1.000000
美国,攻击,台股,2024-11-29,1.000000
美国,认可,加拿大,2024-11-29,1.000000
美国,担忧,墨西哥,2024-11-29,1.000000
美国,主导,真主党民兵组织,2024-11-29,1.000000
美国,认为有危机,墨西哥,2024-11-29,1.000000
外资,视作英雄,美国,2024-11-29,1.000000
美国,认为有暴力,墨西哥,2024-11-29,1.000000
吴诚文,质疑,台积电,2024-11-29,1.000000
川普,认为非法,墨西哥,2024-11-29,1.000000
李镇宇,认为可靠,川普,2024-12-03,1.000000
李镇宇,认为优秀,川普,2024-12-03,1.000000
李镇宇,认为有威胁,川普,2024-12-03,1.000000
李镇宇,认为缺乏,川普,2024-12-03,1.000000
李镇宇,批评,川普,2024-12-03,1.000000
李镇宇,攻击,中国,2024-12-03,1.000000
李镇宇,威胁,川普,2024-12-03,1.000000
李镇宇,认为有危机,川普,2024-12-03,1.000000
李镇宇,攻击,川普,2024-12-03,1.000000
李镇宇,担忧,川普,2024-12-03,1.000000
李镇宇,损害,中国,2024-12-03,1.000000
李镇宇,认为有暴力,川普,2024-12-03,1.000000
李镇宇,认可,川普,2024-12-03,1.000000
李镇宇,质疑,川普,2024-12-03,1.000000
李镇宇,感到不满,川普,2024-12-03,1.000000
李镇宇,损害,川普,2024-12-03,1.000000
李镇宇,欣赏,川普,2024-12-03,1.000000
李镇宇,相信,川普,2024-12-03,1.000000
李镇宇,支持,川普,2024-12-03,1.000000
李镇宇,认为有威胁,中国,2024-12-03,1.000000
李镇宇,认为失败,川普,2024-12-03,1.000000
李镇宇,认为恐怖,川普,2024-12-03,1.000000
曾文生,相信,台积电,2024-11-19,1.000000
彭启明,认为有威胁,台湾,2024-11-12,1.000000
彭启明,欢迎,台湾,2024-11-12,1.000000
彭启明,担忧,台湾,2024-11-12,1.000000
中华队,攻击,美国,2024-11-21,1.000000
哥布林,感到不满,美国,2024-10-29,1.000000
蒋尚义,威胁,台积电,2024-11-29,1.000000
作者及教授,主导,台积电,2024-11-29,1.000000
作者及教授,质疑,台积电,2024-11-29,1.000000
蒋尚义,损害,台积电,2024-11-29,1.000000
作者及教授,认可,台积电,2024-11-29,1.000000
蒋尚义,喜欢,台积电,2024-11-29,1.000000
路透社,认为失败,台积电,2024-11-12,1.000000
美国,增进,相关出口管制,2024-10-29,1.000000
美国,增进,出口管制,2024-10-29,1.000000
美国,认为恐怖,美国,2024-10-29,1.000000
何宏儒,认为恐怖,美国,2024-10-29,1.000000
美国,认为恐怖,Fed降息,2024-11-28,1.000000
凯基证券,视作英雄,川普,2024-11-28,1.000000
凯基证券,相信,川普,2024-11-28,1.000000
共和党,增进,美国,2024-11-28,1.000000
凯基证券,批评,川普,2024-11-28,1.000000
凯基证券,质疑,川普,2024-11-28,1.000000
凯基证券,认为优秀,川普,2024-11-28,1.000000
特斯拉,支持,马斯克,2024-12-03,1.000000
麦考密克,支持,马斯克,2024-12-03,1.000000
美国,认为违规,台积电,2024-11-21,1.000000
美国,视作英雄,张忠谋,2024-11-19,1.000000
美国,主导,怀特公司,2024-11-19,1.000000
特朗普,认为失败,美国,2024-11-25,1.000000
彭博社,认为优秀,马斯克,2024-11-25,1.000000
彭博社,认为有成就,马斯克,2024-11-25,1.000000
彭博社,认为失败,美国,2024-11-25,1.000000
刘镜清,相信,尹锡悦,2024-11-20,1.000000
"乌克兰
韩国反对党",感谢,尹锡悦,2024-11-20,1.000000
川普,主导,俄乌战争,2024-11-20,1.000000
陈立武,相信,尹锡悦,2024-11-20,1.000000
市场估央行,视作英雄,川普,2024-11-20,1.000000
川普,认为失败,俄乌战争,2024-11-20,1.000000
"乌克兰
韩国反对党",批评,尹锡悦,2024-11-20,1.000000
"乌克兰
韩国反对党",质疑,尹锡悦,2024-11-20,1.000000
川普,增进,俄乌战争,2024-11-20,1.000000
"乌克兰
韩国反对党",认为违规,尹锡悦,2024-11-20,1.000000
"乌克兰
韩国反对党",攻击,尹锡悦,2024-11-20,1.000000
"乌克兰
韩国反对党",感到不满,尹锡悦,2024-11-20,1.000000
英特尔传,相信,尹锡悦,2024-11-20,1.000000
"乌克兰
韩国反对党",认为有暴力,尹锡悦,2024-11-10,1.000000
川普,主导,俄乌战争,2024-11-10,1.000000
川普,认为失败,俄乌战争,2024-11-10,1.000000
川普,增进,俄乌战争,2024-11-10,1.000000
"乌克兰
韩国反对党",认为违规,尹锡悦,2024-11-10,1.000000
"乌克兰
韩国反对党",认为犯罪,尹锡悦,2024-11-10,1.000000
川普,主导,俄乌战争,2024-11-10,1.000000
川普,认为失败,俄乌战争,2024-11-10,1.000000
川普,增进,俄乌战争,2024-11-10,1.000000
央行,视作英雄,川普,2024-11-10,1.000000
川普,主导,俄乌战争,2024-11-26,1.000000
川普,认为失败,俄乌战争,2024-11-26,1.000000
川普,增进,俄乌战争,2024-11-26,1.000000
川普,认为有威胁,中国,2024-10-24,1.000000
俞大㵢,认为有威胁,中国,2024-10-24,1.000000
福斯电视台,欢迎,川普,2024-10-24,1.000000
福斯电视台,认为有威胁,中国,2024-10-24,1.000000
福斯电视台,质疑,川普,2024-10-24,1.000000
福斯电视台,视作英雄,川普,2024-10-24,1.000000
川普,攻击,中国,2024-11-19,1.000000
全福生技,攻击,台积电,2024-11-29,1.000000
全福生技,损害,台积电,2024-11-29,1.000000
全福生技,威胁,台积电,2024-11-29,1.000000
美国,损害,台积电,2024-10-27,1.000000
台湾,增进,半导体,2024-12-04,1.000000
台湾政府,欢迎,马斯克,2024-11-19,1.000000
台湾政府,攻击,马斯克,2024-11-19,1.000000
台湾政府,视作英雄,马斯克,2024-11-19,1.000000
中国汽车行业协会,感到满意,美国,2024-12-04,1.000000
半导体,认为有威胁,美国,2024-12-04,1.000000
半导体,认为违规,美国,2024-12-04,1.000000
中国汽车行业协会,认为恐怖,美国,2024-12-04,1.000000
中国汽车行业协会,感到不满,美国,2024-12-04,1.000000
中国汽车行业协会,担忧,美国,2024-12-04,1.000000
半导体,认为违规,美国,2024-12-04,1.000000
中国汽车工业协会,认为犯罪,美国,2024-12-04,1.000000
中国汽车行业协会,威胁,美国,2024-12-04,1.000000
中国汽车工业协会,支持,美国,2024-12-04,1.000000
中国汽车行业协会,认为有威胁,美国,2024-12-04,1.000000
中国汽车行业协会,认为违规,美国,2024-12-04,1.000000
中国汽车工业协会,感到不满,美国,2024-12-04,1.000000
中国汽车工业协会,认为失败,美国,2024-12-04,1.000000
美国,损害,中美两国企业的利益,2024-12-04,1.000000
中国汽车行业协会,质疑,美国,2024-12-04,1.000000
半导体,担忧,美国,2024-12-04,1.000000
中国汽车工业协会,认为有暴力,美国,2024-12-04,1.000000
中国汽车行业协会,担忧,美国,2024-12-04,1.000000
中国汽车工业协会,威胁,美国,2024-12-04,1.000000
中国汽车工业协会,损害,美国,2024-12-04,1.000000
中国汽车行业协会,批评,美国,2024-12-04,1.000000
中国汽车工业协会,认为有威胁,美国,2024-12-04,1.000000
半导体,威胁,美国,2024-12-04,1.000000
中国汽车工业协会,感到满意,美国,2024-12-04,1.000000
半导体,主导,美国,2024-12-04,1.000000
中国汽车工业协会,认为恐怖,美国,2024-12-04,1.000000
美国,威胁,中美两国企业的利益,2024-12-04,1.000000
中国汽车工业协会,认为违规,美国,2024-12-04,1.000000
美国,认为有威胁,中美两国企业的利益,2024-12-04,1.000000
中国汽车行业协会,相信,美国,2024-12-04,1.000000
半导体,认可,美国,2024-12-04,1.000000
美国,增进,半导体,2024-12-04,1.000000
中国汽车行业协会,损害,美国,2024-12-04,1.000000
半导体,相信,美国,2024-12-04,1.000000
半导体,质疑,美国,2024-12-04,1.000000
美国,损害,美国,2024-12-04,1.000000
中国汽车行业协会,质疑,美国,2024-12-04,1.000000
中国汽车工业协会,批评,美国,2024-12-04,1.000000
半导体,认为恐怖,美国,2024-12-04,1.000000
半导体,认为失败,美国,2024-12-04,1.000000
中国汽车工业协会,认可,美国,2024-12-04,1.000000
中国汽车工业协会,担忧,美国,2024-12-04,1.000000
中国汽车行业协会,认为犯罪,美国,2024-12-04,1.000000
半导体,认为有危机,美国,2024-12-04,1.000000
中国汽车工业协会,相信,美国,2024-12-04,1.000000
中国汽车工业协会,质疑,美国,2024-12-04,1.000000
中国汽车行业协会,认为有威胁,美国,2024-12-04,1.000000
中国汽车行业协会,认为有危机,美国,2024-12-04,1.000000
大同,主导,美国,2024-12-04,1.000000
国内国际会计师事务所,增进,美国,2024-12-04,1.000000
大同,增进,美国,2024-12-04,1.000000
川普,增进,用电与基础建设需求,2024-12-04,1.000000
国内国际会计师事务所,增进,美国,2024-12-04,1.000000
川普,增进,加拿大及墨西哥关税,2024-12-01,1.000000
德国,主导,台积电,2024-11-17,1.000000
美国,攻击,中国生技业,2024-11-17,1.000000
美国,感谢,金河,2024-11-17,1.000000
谢金河,认为有威胁,美国,2024-11-17,1.000000
美国,损害,中国生技业,2024-11-17,1.000000
中国产业崛起,威胁,台湾,2024-10-09,1.000000
中国产业崛起,攻击,台湾,2024-10-09,1.000000
川普,攻击,中国,2024-10-09,1.000000
韩国,损害,台湾,2024-10-09,1.000000
中国产业崛起,损害,台湾,2024-10-09,1.000000
郭正亮,质疑,美国,2024-10-09,1.000000
安倍,感谢,川普,2024-11-13,1.000000
黄扬明,认为失败,台积电,2024-11-13,1.000000
黄扬明,攻击,川普,2024-11-13,1.000000
马克宏,喜欢,川普,2024-11-13,1.000000
美国,欢迎,川普,2024-11-13,1.000000
马克宏,欢迎,川普,2024-11-13,1.000000
马克宏,认为热情,川普,2024-11-13,1.000000
安倍,支持,川普,2024-11-13,1.000000
安倍,损害,川普,2024-11-13,1.000000
黄扬明,认为有危机,台积电,2024-11-13,1.000000
台积电,欢迎,川普,2024-11-13,1.000000
陈挥文,认为有威胁,台湾,2024-11-13,1.000000
马克宏,感到不满,川普,2024-11-13,1.000000
黄扬明,质疑,川普,2024-11-13,1.000000
马克宏,认为有暴力,川普,2024-11-13,1.000000
马克宏,感到满意,川普,2024-11-13,1.000000
川普,喜欢,马克宏,2024-11-13,1.000000
民党团,批评,郭智辉,2024-11-28,1.000000
立法院,认为违规,郭智辉,2024-11-28,1.000000
国会,主导,美国,2024-11-28,1.000000
美国,损害,台商,2024-11-28,1.000000
川普,认为有威胁,加拿大,2024-11-28,1.000000
立法院,欢迎,郭智辉,2024-11-28,1.000000
「郭智辉调查委员会」,质疑,郭智辉,2024-11-28,1.000000
民党团,质疑,郭智辉,2024-11-28,1.000000
川普,认为非法,加拿大,2024-11-28,1.000000
川普,认为有威胁,墨西哥,2024-11-28,1.000000
立法院,视作英雄,郭智辉,2024-11-28,1.000000
国会,增进,美国,2024-11-28,1.000000
川普,认为非法,墨西哥,2024-11-28,1.000000
民党团,认为违规,郭智辉,2024-11-28,1.000000
傅崐萁,攻击,郭智辉,2024-11-28,1.000000
傅崐萁,认为有暴力,郭智辉,2024-11-28,1.000000
川普,批评,金砖国家,2024-12-02,1.000000
美国,质疑,特朗普,2024-11-19,1.000000
崇越持股转让,视作英雄,郭智辉,2024-11-16,1.000000
黄教漳,认为恐怖,川普,2024-11-16,1.000000
谢金河,欢迎,郭智辉,2024-11-16,1.000000
黄教漳,认为有威胁,川普,2024-11-16,1.000000
谢金河,批评,郭智辉,2024-11-16,1.000000
黄教漳,认为有暴力,川普,2024-11-16,1.000000
谢金河,质疑,郭智辉,2024-11-16,1.000000
谢金河,视作英雄,郭智辉,2024-11-16,1.000000
谢金河,攻击,郭智辉,2024-11-16,1.000000
谢金河,认为热情,郭智辉,2024-11-16,1.000000
谢金河,感到不满,郭智辉,2024-11-16,1.000000
谢金河,认为犯罪,郭智辉,2024-11-16,1.000000
黄教漳,攻击,川普,2024-11-16,1.000000
英特尔（Intel）,威胁,台湾,2024-12-03,1.000000
季辛格,威胁,台湾,2024-12-03,1.000000
季辛格,认为有威胁,台湾,2024-12-03,1.000000
卓荣泰,质疑,川普,2024-11-19,1.000000
川普,认为有威胁,南非,2024-11-19,1.000000
川普,损害,美国,2024-11-19,1.000000
卓荣泰,威胁,川普,2024-11-19,1.000000
台积电,质疑,英特尔,2024-12-04,1.000000
台积电,担忧,英特尔,2024-12-04,1.000000
卓荣泰,相信,美国,2024-10-29,1.000000
哲哲,质疑,川普,2024-10-28,1.000000
哲哲,批评,川普,2024-10-28,1.000000
杨瑞临,视作英雄,美国,2024-12-02,1.000000
杨瑞临,支持,美国,2024-12-02,1.000000
杨瑞临,支持,美国,2024-12-03,1.000000
美国,攻击,日本,2024-11-19,1.000000
杨瑞临,视作英雄,美国,2024-12-03,1.000000
美国,攻击,委内瑞拉,2024-11-23,1.000000
美国,视作英雄,富蓝戈,2024-11-23,1.000000
美国,认为失败,委内瑞拉,2024-11-23,1.000000
美国,认为有威胁,委内瑞拉,2024-11-23,1.000000
张展荣,感谢,美国,2024-11-23,1.000000
长谷立言,认为有威胁,美国,2024-10-29,1.000000
长谷立言,认为非法,美国,2024-10-29,1.000000
北韩,喜欢,尹锡悦,2024-12-04,1.000000
金正恩,认为非法,美国,2024-12-04,1.000000
金正恩,感到不满,尹锡悦,2024-12-04,1.000000
北韩,感到不满,尹锡悦,2024-12-04,1.000000
黄之瀚,支持,川普,2024-12-04,1.000000
李镇宇,认为可靠,台积电,2024-12-04,1.000000
黄之瀚,感到满意,川普,2024-12-04,1.000000
北韩,欢迎,尹锡悦,2024-12-04,1.000000
美国,视作英雄,川普,2024-11-17,1.000000
台湾,视作英雄,川普,2024-11-17,1.000000
台湾,认为恐怖,川普,2024-11-17,1.000000
美国,视作英雄,拜登,2024-11-16,1.000000
美国,质疑,拜登,2024-11-16,1.000000
美国,欢迎,拜登,2024-11-16,1.000000
美国,攻击,布林肯,2024-11-16,1.000000
马斯克,攻击,台湾,2024-11-19,1.000000
拜登助选,攻击,川普,2024-10-28,1.000000
联合新闻网,主导,美国,2024-11-21,1.000000
台视新闻网,欢迎,川普,2024-11-21,1.000000
台视新闻网,支持,川普,2024-11-21,1.000000
台视新闻网,认为有暴力,川普,2024-11-21,1.000000
台视新闻网,认可,川普,2024-11-21,1.000000
台视新闻网,相信,川普,2024-11-21,1.000000
台视新闻网,质疑,川普,2024-11-21,1.000000
台视新闻网,视作英雄,川普,2024-11-21,1.000000
台视新闻网,认为优秀,川普,2024-11-21,1.000000
川普,支持,加密货币,2024-11-21,1.000000
行政院,视作英雄,川普,2024-11-12,1.000000
川普,损害,美国,2024-11-12,1.000000
川普,增进,加拿大及墨西哥关税,2024-11-29,1.000000
美国,主导,亚太战略,2024-11-19,1.000000
美国,认为失败,亚太战略,2024-11-19,1.000000
郑崇华,欣赏,台湾,2024-10-29,1.000000
郭智辉,认为有危机,台湾,2024-10-29,1.000000
郑崇华,认为恐怖,台湾,2024-10-29,1.000000
郑崇华,认为可靠,台湾,2024-10-29,1.000000
台北办事处,认为有危机,台湾,2024-10-29,1.000000
郭智辉,认为非法,台湾,2024-10-29,1.000000
郑崇华,认可,台湾,2024-10-29,1.000000
郑崇华,认为缺乏,台湾,2024-10-29,1.000000
郑崇华,认为有危机,台湾,2024-10-29,1.000000
郑崇华,担忧,台湾,2024-10-29,1.000000
郑崇华,认为有威胁,台湾,2024-10-29,1.000000
台北办事处,认为有威胁,台湾,2024-10-29,1.000000
郑崇华,质疑,台湾,2024-10-29,1.000000
郭智辉,认为可靠,台湾,2024-10-29,1.000000
郑崇华,认为非法,台湾,2024-10-29,1.000000
郭智辉,认为有威胁,台湾,2024-10-29,1.000000
杨瑞临,视作英雄,美国,2024-12-03,1.000000
刘镜清,主导,美国,2024-11-27,1.000000
刘镜清,认为失败,美国,2024-11-27,1.000000
川普新政,损害,台湾,2024-11-27,1.000000
刘镜清,担忧,川普,2024-11-27,1.000000
刘镜清,质疑,川普,2024-11-27,1.000000
美国,攻击,中国大陆,2024-11-27,1.000000
中研院院长,感到不满,川普,2024-11-10,1.000000
杨淑珺,认为恐怖,川普,2024-11-10,1.000000
杨淑珺,相信,美国,2024-11-10,1.000000
杨淑珺,担忧,美国,2024-11-10,1.000000
杨淑珺,损害,美国,2024-11-10,1.000000
杨淑珺,认可,美国,2024-11-10,1.000000
中研院院长,攻击,川普,2024-11-10,1.000000
杨淑珺,认为恐怖,美国,2024-11-10,1.000000
杨淑珺,批评,美国,2024-11-10,1.000000
杨淑珺,损害,美国,2024-11-10,1.000000
杨淑珺,质疑,美国,2024-11-10,1.000000
杨淑珺,相信,川普,2024-11-10,1.000000
杨淑珺,感到不满,美国,2024-11-10,1.000000
杨淑珺,视作英雄,美国,2024-11-10,1.000000
杨淑珺,认为有暴力,美国,2024-11-10,1.000000
杨淑珺,担忧,川普,2024-11-10,1.000000
美国,威胁,禾赛,2024-11-27,1.000000
美国,支持,禾赛,2024-11-27,1.000000
美国,认为优秀,禾赛,2024-11-27,1.000000
美国,攻击,五角大厦,2024-11-27,1.000000
美国,损害,禾赛,2024-11-27,1.000000
美国,批评,禾赛,2024-11-27,1.000000
美国,质疑,禾赛,2024-11-27,1.000000
美国,认为违规,禾赛,2024-11-27,1.000000
美国,视作英雄,禾赛,2024-11-27,1.000000
美国,认为有成就,禾赛,2024-11-27,1.000000
美国,损害,禾赛,2024-11-27,1.000000
美国,欢迎,禾赛,2024-11-27,1.000000
美国,支持,禾赛,2024-11-27,1.000000
美国,认为有威胁,禾赛,2024-11-27,1.000000
美国,攻击,五角大厦,2024-11-27,1.000000
美国,认为违规,禾赛,2024-11-27,1.000000
美国,支持,禾赛,2024-11-27,1.000000
美国,威胁,禾赛,2024-11-27,1.000000
美国,认为犯罪,禾赛,2024-11-27,1.000000
美国,认为有暴力,禾赛,2024-11-27,1.000000
美国,质疑,禾赛,2024-11-27,1.000000
美国,认为优秀,禾赛,2024-11-27,1.000000
美国,认为恐怖,禾赛,2024-11-27,1.000000
美国,威胁,五角大厦,2024-11-27,1.000000
美国,批评,禾赛,2024-11-27,1.000000
美国,认为有暴力,台积电,2024-11-19,1.000000
美国,支持,台积电,2024-11-19,1.000000
美国,主导,台积电,2024-11-19,1.000000
美国,认为违规,台积电,2024-11-19,1.000000
萨克森邦,认为犯罪,台积电,2024-10-05,1.000000
植田和男,支持,川普,2024-12-03,1.000000
植田和男,欢迎,川普,2024-12-03,1.000000
植田和男,视作英雄,川普,2024-12-03,1.000000
植田和男,批评,川普,2024-12-03,1.000000
植田和男,质疑,川普,2024-12-03,1.000000
郭智辉,认为恐怖,赖清德,2024-11-28,1.000000
郭智辉,认为违规,赖清德,2024-11-28,1.000000
郭智辉,感到不满,赖清德,2024-11-28,1.000000
吴东亮,威胁,川普,2024-11-26,1.000000
卓荣泰,担忧,川普,2024-11-26,1.000000
吴东亮,担忧,川普,2024-11-26,1.000000
卓荣泰,威胁,川普,2024-11-26,1.000000
潘思亮,担忧,川普,2024-11-26,1.000000
美国,主导,台积电,2024-11-26,1.000000
潘思亮,威胁,川普,2024-11-26,1.000000
川普,认为恐怖,司徒文,2024-11-26,1.000000
川普,认为有暴力,司徒文,2024-11-26,1.000000
川普,损害,晶片,2024-11-26,1.000000
川普,认为犯罪,司徒文,2024-11-26,1.000000
川普,质疑,司徒文,2024-11-26,1.000000
川普,感到不满,司徒文,2024-11-26,1.000000
川普,损害,中美,2024-11-27,1.000000
川普,攻击,中美,2024-11-27,1.000000
川普,威胁,中美,2024-11-27,1.000000
川普,认为有威胁,中美,2024-11-27,1.000000
郭智辉,质疑,川普,2024-11-27,1.000000
郭智辉,担忧,川普,2024-11-27,1.000000
郭智辉,相信,川普,2024-11-27,1.000000
川普政府,视作英雄,马斯克,2024-11-26,1.000000
拜登,主导,美国,2024-11-28,1.000000
川普,增进,关税,2024-11-25,1.000000
川普,损害,外企,2024-11-25,1.000000
川普,攻击,外企,2024-11-25,1.000000
川普,损害,台商回流,2024-12-01,1.000000
川普,攻击,台商回流,2024-12-01,1.000000
川普,增进,台商回流,2024-12-01,1.000000
马斯克,攻击,川普,2024-11-12,1.000000
马斯克入阁,攻击,川普,2024-11-12,1.000000
川普,攻击,台,2024-11-12,1.000000
川普,增进,关税政策,2024-11-12,1.000000
卢志铭,认为有危机,川普,2024-11-28,1.000000
新北市劳工局,认为有危机,川普,2024-11-28,1.000000
台湾,认为有危机,川普,2024-11-28,1.000000
林耿郁,相信,川普,2024-11-28,1.000000
林耿郁,质疑,川普,2024-11-28,1.000000
林耿郁,视作英雄,美国,2024-11-28,1.000000
林耿郁,认为有暴力,川普,2024-11-28,1.000000
川普,认为有威胁,墨国,2024-11-27,1.000000
墨西哥,视作英雄,川普,2024-11-27,1.000000
《日经论坛》,视作英雄,美国,2024-11-29,1.000000
美国,主导,《日经论坛》,2024-11-29,1.000000
立法院,批评,郭智辉,2024-09-27,1.000000
立法院,视作英雄,郭智辉,2024-09-27,1.000000
美国,增进,关税,2024-11-18,1.000000
关中,认为有暴力,美国,2024-09-14,1.000000
关中,欢迎,台湾,2024-09-14,1.000000
关中,认为有危机,台湾,2024-09-14,1.000000
美国,损害,台湾,2024-09-14,1.000000
美国,威胁,台湾,2024-09-14,1.000000
美国,认为有威胁,中国大陆,2024-09-14,1.000000
美国,损害,中国,2024-09-14,1.000000
美国,威胁,中国,2024-09-14,1.000000
美国,损害,中国大陆,2024-09-14,1.000000
美国,威胁,中国大陆,2024-09-14,1.000000
关中,质疑,台湾,2024-09-14,1.000000
关中,支持,台湾,2024-09-14,1.000000
关中,主导,美国,2024-09-14,1.000000
关中,认为缺乏,台湾,2024-09-14,1.000000
关中,认为非法,台湾,2024-09-14,1.000000
美国,攻击,中国,2024-09-14,1.000000
关中,担忧,台湾,2024-09-14,1.000000
关中,认为有威胁,台湾,2024-09-14,1.000000
关中,认为恐怖,台湾,2024-09-14,1.000000
美国,攻击,台湾,2024-09-14,1.000000
美国,攻击,中国,2024-09-14,1.000000
关中,认为可靠,台湾,2024-09-14,1.000000
关中,威胁,台湾,2024-09-14,1.000000
美国,攻击,中国大陆,2024-09-14,1.000000
川普,损害,半导体,2024-11-26,1.000000
美国,增进,AI,2024-11-26,1.000000
川普,增进,半导体,2024-11-26,1.000000
美国,认为有威胁,美中,2024-11-19,1.000000
台积电,认为有危机,英特尔,2024-12-03,1.000000
台积电,威胁,英特尔,2024-12-03,1.000000
台积电,损害,英特尔,2024-12-03,1.000000
季辛格,主导,台积电,2024-12-03,1.000000
台积电,威胁,英特尔,2024-12-03,1.000000
台积电,认为有危机,英特尔,2024-12-03,1.000000
台积电,攻击,乌克兰,2024-12-03,1.000000
台湾科技公司,增进,美国,2024-08-19,1.000000
美国,增进,出口管制,2024-08-19,1.000000
台湾科技公司,认为可靠,美国,2024-08-19,1.000000
美国,支持,中国科技巨头华为,2024-10-26,1.000000
美国,增进,出口管制,2024-10-26,1.000000
印度总理莫迪,认为违规,美国,2024-10-26,1.000000
台湾科技公司,认为可靠,美国,2024-10-26,1.000000
台湾科技公司,增进,美国,2024-10-26,1.000000
美国,主导,中国科技巨头华为,2024-10-26,1.000000
台湾科技公司,增进,美国,2024-10-21,1.000000
美国,增进,出口管制,2024-10-21,1.000000
台湾科技公司,认为可靠,美国,2024-10-21,1.000000
美国,增进,出口管制,2024-10-19,1.000000
美国,视作英雄,王毅,2024-10-19,1.000000
台湾科技公司,认为可靠,美国,2024-10-19,1.000000
台湾科技公司,增进,美国,2024-10-19,1.000000
台湾科技公司,增进,美国,2024-09-28,1.000000
美国,增进,出口管制,2024-09-28,1.000000
美国,增进,出口管制,2024-09-23,1.000000
台湾科技公司,认为缺乏,美国,2024-09-23,1.000000
台湾科技公司,认为可靠,美国,2024-09-23,1.000000
台湾科技公司,增进,美国,2024-09-23,1.000000
台湾科技公司,增进,美国,2024-10-21,1.000000
美国,增进,出口管制,2024-10-21,1.000000
台湾科技公司,认为可靠,美国,2024-10-21,1.000000
台湾科技公司,增进,美国,2024-10-26,1.000000
美国,增进,出口管制,2024-10-26,1.000000
美国,支持,中国科技巨头华为,2024-10-26,1.000000
台湾科技公司,认为可靠,美国,2024-10-26,1.000000
台湾科技公司,增进,美国,2024-10-24,1.000000
美国,增进,出口管制,2024-10-24,1.000000
台湾科技公司,认为可靠,美国,2024-10-24,1.000000
台湾科技公司,增进,美国,2024-09-04,1.000000
美国,增进,出口管制,2024-09-04,1.000000
台湾科技公司,认为可靠,美国,2024-09-04,1.000000
美国,支持,中国科技巨头华为,2024-09-21,1.000000
美国,增进,出口管制,2024-09-21,1.000000
台湾科技公司,认为可靠,美国,2024-09-21,1.000000
台湾科技公司,增进,美国,2024-09-21,1.000000
美国,增进,出口管制,2024-08-28,1.000000
台湾科技公司,增进,美国,2024-08-28,1.000000
台湾科技公司,认为可靠,美国,2024-08-28,1.000000
台湾科技公司,增进,美国,2024-08-28,1.000000
美国,增进,出口管制,2024-08-28,1.000000
美国,增进,出口管制,2024-08-04,1.000000
台湾科技公司,增进,美国,2024-08-04,1.000000
台湾科技公司,认为可靠,美国,2024-08-04,1.000000
台湾科技公司,增进,美国,2024-10-17,1.000000
美国,增进,出口管制,2024-10-17,1.000000
台湾科技公司,认为可靠,美国,2024-10-17,1.000000
台湾科技公司,增进,美国,2024-09-05,1.000000
美国,增进,出口管制,2024-09-05,1.000000
台湾科技公司,认为可靠,美国,2024-09-05,1.000000
台湾科技公司,增进,美国,2024-10-12,1.000000
美国,增进,出口管制,2024-10-12,1.000000
台湾科技公司,增进,美国,2024-08-06,1.000000
美国,增进,出口管制,2024-08-06,1.000000
美国,增进,出口管制,2024-10-04,1.000000
台湾科技公司,增进,美国,2024-10-04,1.000000
美国,支持,中国科技巨头华为,2024-10-04,1.000000
台湾科技公司,认为可靠,美国,2024-10-04,1.000000
美国,增进,出口管制,2024-10-04,1.000000
台湾科技公司,增进,美国,2024-10-04,1.000000
台湾科技公司,增进,美国,2024-10-10,1.000000
赵建民,认为恐怖,美国,2024-10-10,1.000000
美国,增进,出口管制,2024-10-10,1.000000
台湾科技公司,认为可靠,美国,2024-10-10,1.000000
台湾科技公司,增进,美国,2024-09-27,1.000000
美国,增进,出口管制,2024-09-27,1.000000
美国,支持,中国科技巨头华为,2024-09-27,1.000000
台湾科技公司,认为可靠,美国,2024-09-27,1.000000
台湾科技公司,增进,美国,2024-10-14,1.000000
美国,增进,出口管制,2024-10-14,1.000000
台湾科技公司,认为可靠,美国,2024-10-14,1.000000
美国,增进,出口管制,2024-10-27,1.000000
台湾科技公司,增进,美国,2024-10-27,1.000000
台湾科技公司,认为可靠,美国,2024-10-27,1.000000
台湾科技公司,增进,美国,2024-09-18,1.000000
美国,增进,出口管制,2024-09-18,1.000000
台湾科技公司,认为可靠,美国,2024-09-18,1.000000
台湾科技公司,增进,美国,2024-09-03,1.000000
美国,增进,出口管制,2024-09-03,1.000000
台湾科技公司,认为可靠,美国,2024-09-03,1.000000
台湾科技公司,增进,美国,2024-08-09,1.000000
美国,增进,出口管制,2024-08-09,1.000000
美国,支持,中国科技巨头华为,2024-10-16,1.000000
美国,增进,出口管制,2024-10-16,1.000000
台湾科技公司,认为可靠,美国,2024-10-16,1.000000
台湾科技公司,增进,美国,2024-10-16,1.000000
美国,主导,中国科技巨头华为,2024-10-16,1.000000
美国,增进,出口管制,2024-09-08,1.000000
台湾科技公司,增进,美国,2024-09-08,1.000000
台湾科技公司,增进,美国,2024-08-06,1.000000
美国,增进,出口管制,2024-08-06,1.000000
美国,支持,中国科技巨头华为,2024-08-06,1.000000
台湾科技公司,认为可靠,美国,2024-08-06,1.000000
美国,增进,出口管制,2024-08-06,1.000000
台湾科技公司,增进,美国,2024-08-06,1.000000
台湾科技公司,认为可靠,美国,2024-08-06,1.000000
美国,增进,出口管制,2024-08-15,1.000000
台湾科技公司,增进,美国,2024-08-15,1.000000
美国,认为恐怖,中国科技巨头华为,2024-09-09,1.000000
美国,认为犯罪,中国科技巨头华为,2024-09-09,1.000000
美国,增进,出口管制,2024-09-09,1.000000
台湾科技公司,认为可靠,美国,2024-09-09,1.000000
台湾科技公司,增进,美国,2024-09-09,1.000000
美国,增进,出口管制,2024-08-24,1.000000
台湾科技公司,增进,美国,2024-08-24,1.000000
台湾科技公司,认为可靠,美国,2024-08-24,1.000000
美国,支持,中国科技巨头华为,2024-08-20,1.000000
美国,增进,出口管制,2024-08-20,1.000000
美国,喜欢,中国科技巨头华为,2024-08-20,1.000000
美国,欣赏,中国科技巨头华为,2024-08-20,1.000000
美国,认可,中国科技巨头华为,2024-08-20,1.000000
台湾科技公司,认为可靠,美国,2024-08-20,1.000000
台湾科技公司,增进,美国,2024-08-20,1.000000
美国,支持,中国科技巨头华为,2024-10-20,1.000000
美国,增进,出口管制,2024-10-20,1.000000
台湾科技公司,认为可靠,美国,2024-10-20,1.000000
台湾科技公司,增进,美国,2024-10-20,1.000000
美国,支持,中国科技巨头华为,2024-10-16,1.000000
美国,增进,出口管制,2024-10-16,1.000000
美国,欣赏,中国科技巨头华为,2024-10-16,1.000000
台湾科技公司,认为可靠,美国,2024-10-16,1.000000
台湾科技公司,增进,美国,2024-10-16,1.000000
美国,增进,出口管制,2024-09-29,1.000000
台湾科技公司,认为可靠,美国,2024-09-29,1.000000
台湾科技公司,增进,美国,2024-09-29,1.000000
美国,认为有威胁,北韩,2024-09-29,1.000000
美国,增进,出口管制,2024-10-15,1.000000
台湾科技公司,增进,美国,2024-10-15,1.000000
美国,增进,出口管制,2024-08-29,1.000000
台湾科技公司,认为可靠,美国,2024-08-29,1.000000
台湾科技公司,增进,美国,2024-08-29,1.000000
美国,增进,出口管制,2024-10-26,1.000000
美国,认为违规,出口管制,2024-10-26,1.000000
台湾科技公司,认为可靠,美国,2024-10-26,1.000000
台湾科技公司,增进,美国,2024-10-26,1.000000
美国,增进,出口管制,2024-10-12,1.000000
台湾科技公司,增进,美国,2024-10-12,1.000000
台湾科技公司,认为可靠,美国,2024-10-12,1.000000
美国,支持,中国科技巨头华为,2024-10-12,1.000000
美国,增进,出口管制,2024-10-12,1.000000
美国,欣赏,中国科技巨头华为,2024-10-12,1.000000
美国,认可,中国科技巨头华为,2024-10-12,1.000000
台湾科技公司,认为可靠,美国,2024-10-12,1.000000
台湾科技公司,增进,美国,2024-10-12,1.000000
美国,主导,中国科技巨头华为,2024-10-12,1.000000
美国,支持,中国科技巨头华为,2024-10-13,1.000000
美国,增进,出口管制,2024-10-13,1.000000
美国,认为违规,出口管制,2024-10-13,1.000000
美国,损害,中国科技巨头华为,2024-10-13,1.000000
美国,认可,中国科技巨头华为,2024-10-13,1.000000
台湾科技公司,认为可靠,美国,2024-10-13,1.000000
台湾科技公司,增进,美国,2024-10-13,1.000000
美国,增进,出口管制,2024-08-30,1.000000
台湾科技公司,增进,美国,2024-08-30,1.000000
台湾科技公司,认为可靠,美国,2024-08-30,1.000000
美国,增进,出口管制,2024-08-06,1.000000
美国,认为有威胁,中国科技巨头华为列,2024-08-06,1.000000
美国,支持,中国科技巨头华为列,2024-08-06,1.000000
美国,认为有危机,中国科技巨头华为列,2024-08-06,1.000000
台湾科技公司,认为可靠,美国,2024-08-06,1.000000
台湾科技公司,增进,美国,2024-08-06,1.000000
美国,认为非法,中国科技巨头华为列,2024-08-06,1.000000
台湾科技公司,增进,美国,2024-09-26,1.000000
美国,增进,出口管制,2024-09-26,1.000000
台湾科技公司,增进,美国,2024-10-20,1.000000
美国,增进,出口管制,2024-10-20,1.000000
台湾科技公司,认为可靠,美国,2024-10-20,1.000000
美国,增进,出口管制,2024-10-20,1.000000
台湾科技公司,认为可靠,美国,2024-10-20,1.000000
台湾科技公司,增进,美国,2024-10-20,1.000000
台湾科技公司,增进,美国,2024-10-19,1.000000
美国,增进,出口管制,2024-10-19,1.000000
台湾科技公司,认为可靠,美国,2024-10-19,1.000000
台湾科技公司,增进,美国,2024-10-20,1.000000
美国,增进,出口管制,2024-10-20,1.000000
台湾科技公司,认为可靠,美国,2024-10-20,1.000000
美国,认为恐怖,中国科技巨头华为,2024-10-19,1.000000
美国,认为犯罪,中国科技巨头华为,2024-10-19,1.000000
美国,增进,出口管制,2024-10-19,1.000000
美国,认为优秀,中国科技巨头华为,2024-10-19,1.000000
美国,认为非法,中国科技巨头华为,2024-10-19,1.000000
台湾科技公司,认为可靠,美国,2024-10-19,1.000000
台湾科技公司,增进,美国,2024-10-19,1.000000
美国,认为违规,中国科技巨头华为,2024-10-19,1.000000
共和党,视作英雄,川普,2024-11-29,1.000000
川普,认为失败,美国,2024-11-29,1.000000
共和党,认为失败,美国,2024-11-29,1.000000
中华队12强赛,攻击,美国,2024-11-21,1.000000
中华队,攻击,美国,2024-11-21,1.000000
美国,欢迎,全球投资者,2024-11-19,1.000000
美国,支持,全球投资者,2024-11-19,1.000000
美国,支持,全球投资者,2024-11-19,1.000000
邹飞逯,认为可靠,台积电,2024-12-05,1.000000
邹飞逯,支持,台积电,2024-12-05,1.000000
美国,支持,美股创高,2024-11-28,1.000000
嘉义县文化观光局,认为可靠,台积电,2024-11-18,1.000000
嘉义县文化观光局,增进,台积电,2024-11-18,1.000000
嘉义县文化观光局,认为失败,台积电,2024-11-18,1.000000
曾敬德,认为有暴力,川普,2024-11-05,1.000000
信义房屋不动产企研室,认为可靠,台积电,2024-11-05,1.000000
曾敬德,感到满意,川普,2024-11-05,1.000000
曾敬德,相信,川普,2024-11-05,1.000000
曾敬德,欣赏,川普,2024-11-05,1.000000
曾敬德,支持,川普,2024-11-05,1.000000
周鹤鸣,认为失败,美国,2024-11-05,1.000000
信义房屋不动产企研室,质疑,川普,2024-11-05,1.000000
信义房屋不动产企研室,认为有危机,台积电,2024-11-05,1.000000
曾敬德,认为优秀,川普,2024-11-05,1.000000
曾敬德,认为缺乏,川普,2024-11-05,1.000000
周鹤鸣,支持,川普,2024-11-05,1.000000
信义房屋不动产企研室,损害,台积电,2024-11-05,1.000000
曾敬德,认为可靠,川普,2024-11-05,1.000000
曾敬德,认可,川普,2024-11-05,1.000000
台湾房屋集团,认为失败,美国,2024-11-05,1.000000
周鹤鸣,认可,川普,2024-11-05,1.000000
信义房屋不动产企研室,感到不满,川普,2024-11-05,1.000000
曾敬德,认为违规,川普,2024-11-05,1.000000
曾敬德,质疑,川普,2024-11-05,1.000000
曾敬德,批评,川普,2024-11-05,1.000000
信义房屋不动产企研室,威胁,台积电,2024-11-05,1.000000
川普,损害,台湾股市、房市,2024-11-05,1.000000
信义房屋不动产企研室,认为有威胁,台积电,2024-11-05,1.000000
曾敬德,视作英雄,川普,2024-11-05,1.000000
周鹤鸣,质疑,川普,2024-11-05,1.000000
信义房屋不动产企研室,支持,川普,2024-11-05,1.000000
曾敬德,喜欢,川普,2024-11-05,1.000000
信义房屋不动产企研室,担忧,川普,2024-11-05,1.000000
曾敬德,认为恐怖,川普,2024-11-05,1.000000
曾敬德,感到不满,川普,2024-11-05,1.000000
曾敬德,认为失败,川普,2024-11-05,1.000000
川普,主导,美中贸易战,2024-11-05,1.000000
周鹤鸣,感到不满,川普,2024-11-05,1.000000
曾敬德,威胁,川普,2024-11-05,1.000000
曾敬德,担忧,川普,2024-11-05,1.000000
美国,认为恐怖,南韩,2024-11-19,1.000000
谷立言,认为有威胁,台湾,2024-10-29,1.000000
谷立言,担忧,台湾,2024-10-29,1.000000
美国,主导,芯片,2024-10-29,1.000000
美国,增进,芯片,2024-10-29,1.000000
美国,主导,芯片,2024-10-29,1.000000
川普,感到满意,美墨加自由贸易协定,2024-11-29,1.000000
美国,认为有危机,国安风险,2024-11-29,1.000000
川普,增进,美墨加自由贸易协定,2024-11-29,1.000000
川普,支持,美墨加自由贸易协定,2024-11-29,1.000000
川普,认可,美墨加自由贸易协定,2024-11-29,1.000000
蔡正元,质疑,尹锡悦,2024-12-03,1.000000
蔡正元,认为犯罪,尹锡悦,2024-12-03,1.000000
蔡正元,欣赏,尹锡悦,2024-12-03,1.000000
蔡正元,认为可靠,尹锡悦,2024-12-03,1.000000
蔡正元,认为优秀,尹锡悦,2024-12-03,1.000000
蔡正元,威胁,尹锡悦,2024-12-03,1.000000
蔡正元,视作英雄,尹锡悦,2024-12-03,1.000000
蔡正元,认为缺乏,尹锡悦,2024-12-03,1.000000
蔡正元,认为有成就,尹锡悦,2024-12-03,1.000000
蔡正元,认为恐怖,尹锡悦,2024-12-03,1.000000
蔡正元,感到不满,尹锡悦,2024-12-03,1.000000
蔡正元,认为失败,尹锡悦,2024-12-03,1.000000
蔡正元,担忧,尹锡悦,2024-12-03,1.000000
蔡正元,认为有危机,尹锡悦,2024-12-03,1.000000
蔡正元,相信,尹锡悦,2024-12-03,1.000000
蔡正元,认为有暴力,尹锡悦,2024-12-03,1.000000
富兰克林证券投顾,相信,川普,2024-12-02,1.000000
富兰克林证券投顾,质疑,川普,2024-12-02,1.000000
美国,认为有威胁,中国晶片出口管制,2024-12-02,1.000000
童子贤今,担忧,川普,2024-12-02,1.000000
美国,视作英雄,张忠谋,2024-12-02,1.000000
叶佳华,质疑,川普,2024-12-02,1.000000
童子贤今,认为违规,川普,2024-12-02,1.000000
美国,认为非法,中国晶片出口管制,2024-12-02,1.000000
美国,支持,中国晶片出口管制,2024-12-02,1.000000
童子贤今,认为有威胁,川普,2024-12-02,1.000000
Damodaran,增进,美国,2024-12-02,1.000000
童子贤今,威胁,川普,2024-12-02,1.000000
童子贤今,损害,川普,2024-12-02,1.000000
美国,攻击,半导体,2024-12-02,1.000000
白宫,视作英雄,川普,2024-12-02,1.000000
美国,增进,半导体,2024-12-02,1.000000
富兰克林证券投顾,视作英雄,川普,2024-12-02,1.000000
美国,认为有危机,中国晶片出口管制,2024-12-02,1.000000
童子贤今,批评,川普,2024-12-02,1.000000
美国,增进,中国晶片出口管制,2024-12-02,1.000000
川普,增进,国际贸易秩序,2024-12-02,1.000000
