head,relation,tail,time,score
美国,认为犯罪,台积电,2024-10-18,1.000000
华盛顿,主导,大西洋理事会,2024-11-19,1.000000
李言,相信,拜登,2024-11-19,1.000000
阮慕骅,担忧,美开董事会,2024-11-27,1.000000
阮慕骅,质疑,台积电,2024-11-27,1.000000
阮慕骅,感到不满,台积电,2024-11-27,1.000000
RIRENMB,认为违规,台积电,2024-10-30,1.000000
台湾独裁爱好者领导人,认为非法,台积电,2024-10-30,1.000000
詹克团,支持,华为,2024-10-27,1.000000
詹克团,支持,华为,2024-10-27,1.000000
沈荣钦,质疑,台积电,2024-10-23,1.000000
张忠谋,喜欢,台积,2024-10-26,1.000000
张忠谋,质疑,欧德宁,2024-11-29,1.000000
冯德莱恩,增进,全球海外布局,2024-08-27,1.000000
吴金荣,认为非法,日本,2024-08-27,1.000000
张忠谋,认可,张淑芬,2024-11-27,1.000000
张忠谋,喜欢,张淑芬,2024-11-27,1.000000
张忠谋,认可,张淑芬,2024-11-27,1.000000
张忠谋,喜欢,张淑芬,2024-11-27,1.000000
张忠谋,认为优秀,张淑芬,2024-11-27,1.000000
张忠谋,认为可靠,张淑芬,2024-11-27,1.000000
美国,认可,台积电,2024-10-17,1.000000
美国,认为热情,台积电,2024-10-17,1.000000
美国,支持,台积电,2024-10-17,1.000000
美国,认为有威胁,台积电,2024-10-17,1.000000
美国,相信,台积电,2024-10-17,1.000000
美国,欢迎,台积电,2024-10-17,1.000000
美国,认为有成就,台积电,2024-10-17,1.000000
美国,感到满意,台积电,2024-10-17,1.000000
美国,喜欢,台积电,2024-10-17,1.000000
美国,增进,台积电,2024-10-17,1.000000
美国,认为可靠,台积电,2024-10-17,1.000000
美国,认为优秀,台积电,2024-10-17,1.000000
美国,视作英雄,台积电,2024-10-17,1.000000
昨获颁潘文渊奖,认为优秀,刘德音,2024-11-29,1.000000
张忠谋,认为违规,「管理层收购」,2024-11-29,1.000000
张忠谋,主导,「双首长制」,2024-11-29,1.000000
杰夫‧威廉斯,欢迎,郭台铭,2024-11-29,1.000000
张忠谋,感谢,蔡力行,2024-11-29,1.000000
黄仁勋,主导,「管理层收购」,2024-11-29,1.000000
刘德音,感谢,蔡力行,2024-11-29,1.000000
昨获颁潘文渊奖,视作英雄,刘德音,2024-11-29,1.000000
宋学仁,主导,「管理层收购」,2024-11-29,1.000000
彭博专栏作家,认可,台积电,2024-11-28,1.000000
索贝克,视作英雄,张忠谋,2024-11-28,1.000000
彭博专栏作家,认为恐怖,台积电,2024-11-28,1.000000
索贝克,认为有危机,张忠谋,2024-11-28,1.000000
索贝克,感到不满,张忠谋,2024-11-28,1.000000
彭博专栏作家,认为有成就,台积电,2024-11-28,1.000000
索贝克,认为可靠,张忠谋,2024-11-28,1.000000
索贝克,认为非法,台积电,2024-11-28,1.000000
索贝克,认为恐怖,张忠谋,2024-11-28,1.000000
索贝克,认为缺乏,张忠谋,2024-11-28,1.000000
索贝克,认为可靠,台积电,2024-11-28,1.000000
索贝克,相信,张忠谋,2024-11-28,1.000000
索贝克,相信,台积电,2024-11-28,1.000000
彭博专栏作家,增进,台积电,2024-11-28,1.000000
彭博专栏作家,认为可靠,台美双方,2024-11-28,1.000000
索贝克,认为热情,张忠谋,2024-11-28,1.000000
索贝克,认为有成就,台积电,2024-11-28,1.000000
彭博专栏作家,认为有危机,台积电,2024-11-28,1.000000
川普总统,认为违规,台湾偷走晶片业,2024-11-28,1.000000
索贝克,质疑,张忠谋,2024-11-28,1.000000
索贝克,认可,张忠谋,2024-11-28,1.000000
川普总统,认为有威胁,北京,2024-11-28,1.000000
索贝克,批评,张忠谋,2024-11-28,1.000000
彭博专栏作家,质疑,台积电,2024-11-28,1.000000
川普总统,威胁,北京,2024-11-28,1.000000
索贝克,认可,台积电,2024-11-28,1.000000
索贝克,认为优秀,张忠谋,2024-11-28,1.000000
索贝克,认为失败,张忠谋,2024-11-28,1.000000
索贝克,认为有成就,张忠谋,2024-11-28,1.000000
索贝克,认为违规,张忠谋,2024-11-28,1.000000
索贝克,感到满意,张忠谋,2024-11-28,1.000000
索贝克,认为有暴力,张忠谋,2024-11-28,1.000000
彭博专栏作家,认为可靠,台积电,2024-11-28,1.000000
索贝克,增进,台积电,2024-11-28,1.000000
索贝克,担忧,张忠谋,2024-11-28,1.000000
川普总统,主导,新政府,2024-11-28,1.000000
索贝克,认为有威胁,北京,2024-11-28,1.000000
彭博专栏作家,认为失败,台积电,2024-11-28,1.000000
索贝克,威胁,北京,2024-11-28,1.000000
索贝克,认为犯罪,张忠谋,2024-11-28,1.000000
杰夫,质疑,张忠谋,2024-11-29,1.000000
杰夫,相信,张忠谋,2024-11-29,1.000000
杰夫,主导,台积电,2024-11-29,1.000000
杰夫,认为可靠,台积电,2024-11-29,1.000000
杰夫,批评,张忠谋,2024-11-29,1.000000
杰夫,欣赏,张忠谋,2024-11-29,1.000000
张忠谋,质疑,杰夫,2024-11-29,1.000000
杰夫,攻击,张忠谋,2024-11-29,1.000000
杰夫,增进,台积电,2024-11-29,1.000000
杰夫,担忧,张忠谋,2024-11-29,1.000000
杰夫,喜欢,张忠谋,2024-11-29,1.000000
杰夫,认为热情,张忠谋,2024-11-29,1.000000
杰夫,欢迎,张忠谋,2024-11-29,1.000000
杰夫,感谢,张忠谋,2024-11-29,1.000000
杰夫,认可,张忠谋,2024-11-29,1.000000
杰夫,支持,张忠谋,2024-11-29,1.000000
《彭博社》,质疑,台积电,2024-11-29,1.000000
法国外贸银行经济学家,质疑,与华尔街背景新阁员,2024-11-27,1.000000
台湾二线晶圆厂,损害,台积电,2024-11-30,1.000000
联电,威胁,台湾二线晶圆厂,2024-11-30,1.000000
财信传媒,攻击,台积电,2024-11-30,1.000000
联电,损害,台湾二线晶圆厂,2024-11-30,1.000000
联电,攻击,台湾二线晶圆厂,2024-11-30,1.000000
财信传媒,威胁,台积电,2024-11-30,1.000000
年日本发生大地震,损害,福岛核电厂,2024-10-21,1.000000
年日本发生大地震,威胁,福岛核电厂,2024-10-21,1.000000
索贝克,认为有威胁,北京,2024-11-27,1.000000
亚利桑那,认为有成就,台积电,2024-11-27,1.000000
凯萨琳・索贝克,认为有成就,台积电,2024-11-27,1.000000
索贝克,质疑,张忠谋,2024-11-27,1.000000
川普总统,认为有成就,台积电,2024-11-27,1.000000
索贝克,批评,张忠谋,2024-11-27,1.000000
索贝克,认为有成就,台积电,2024-11-27,1.000000
凯萨琳・索贝克,认为有威胁,北京,2024-11-27,1.000000
竹科人士,质疑,房市,2024-11-24,1.000000
竹科人士,喜欢,房市,2024-11-24,1.000000
竹科人士,认为热情,房市,2024-11-24,1.000000
竹科人士,感到满意,房市,2024-11-24,1.000000
竹科人士,担忧,房市,2024-11-24,1.000000
张忠谋,认可,张淑芬,2024-11-27,1.000000
张忠谋,支持,张淑芬,2024-11-27,1.000000
张忠谋,喜欢,张淑芬,2024-11-27,1.000000
张忠谋,认可,张淑芬,2024-11-27,1.000000
张忠谋,支持,张淑芬,2024-11-27,1.000000
张忠谋,喜欢,张淑芬,2024-11-27,1.000000
张忠谋,认为可靠,张淑芬,2024-11-27,1.000000
张忠谋,认可,张淑芬,2024-11-28,1.000000
天下文化,主导,《张忠谋自传》,2024-11-28,1.000000
天下文化,欣赏,《张忠谋自传》,2024-11-28,1.000000
张忠谋,喜欢,张淑芬,2024-11-28,1.000000
张忠谋,认为优秀,张淑芬,2024-11-28,1.000000
张忠谋,认为可靠,张淑芬,2024-11-28,1.000000
外媒,主导,美国,2024-10-24,1.000000
外媒,认为可靠,台积电,2024-10-24,1.000000
外媒,质疑,台积电,2024-10-24,1.000000
张忠谋,认可,张淑芬,2024-11-27,1.000000
忠谋,认为优秀,张淑芬,2024-11-27,1.000000
张忠谋,欣赏,张淑芬,2024-11-27,1.000000
忠谋,喜欢,张淑芬,2024-11-27,1.000000
忠谋,认为热情,张淑芬,2024-11-27,1.000000
张忠谋,认为优秀,张淑芬,2024-11-27,1.000000
忠谋,欢迎,张淑芬,2024-11-27,1.000000
忠谋,认为有成就,台积电,2024-11-27,1.000000
忠谋,认为可靠,张淑芬,2024-11-27,1.000000
忠谋,支持,张淑芬,2024-11-27,1.000000
张忠谋,喜欢,张淑芬,2024-11-27,1.000000
忠谋,认可,张淑芬,2024-11-27,1.000000
钟志鹏,主导,《张忠谋自传下册》,2024-11-27,1.000000
忠谋,感到满意,张淑芬,2024-11-27,1.000000
忠谋,欣赏,张淑芬,2024-11-27,1.000000
张忠谋,支持,张淑芬,2024-11-27,1.000000
张忠谋,欢迎,张淑芬,2024-11-27,1.000000
张忠谋,认为可靠,张淑芬,2024-11-27,1.000000
张忠谋,认可,张淑芬,2024-11-28,1.000000
张忠谋,认为有成就,绘画,2024-11-28,1.000000
张忠谋,感到满意,张淑芬,2024-11-28,1.000000
张忠谋,欣赏,张淑芬,2024-11-28,1.000000
张忠谋,支持,张淑芬,2024-11-28,1.000000
张忠谋,欢迎,张淑芬,2024-11-28,1.000000
张忠谋,喜欢,张淑芬,2024-11-28,1.000000
张忠谋,认为优秀,张淑芬,2024-11-28,1.000000
张忠谋,主导,三改革,2024-11-28,1.000000
张忠谋,认为可靠,张淑芬,2024-11-28,1.000000
张忠谋,增进,三改革,2024-11-28,1.000000
张忠谋,主导,三改革,2024-11-28,1.000000
张忠谋,增进,三改革,2024-11-28,1.000000
辉达（NVIDIA）,认可,机器人,2024-11-26,1.000000
黄仁勋,主导,机器人,2024-11-26,1.000000
黄仁勋,认可,机器人,2024-11-26,1.000000
辉达（NVIDIA）,视作英雄,黄仁勋,2024-11-26,1.000000
辉达（NVIDIA）,支持,机器人,2024-11-26,1.000000
辉达（NVIDIA）,认为有暴力,机器人,2024-11-26,1.000000
黄仁勋,认为有暴力,机器人,2024-11-26,1.000000
黄仁勋,质疑,机器人,2024-11-26,1.000000
黄仁勋,支持,机器人,2024-11-26,1.000000
张忠谋,威胁,全球化已死,2024-10-28,1.000000
墨西哥总统,担忧,全球关税战爆发,2024-11-28,1.000000
日球迷,认为恐怖,台湾夺冠游行的影片,2024-11-27,1.000000
日球迷,主导,台湾夺冠游行,2024-11-27,1.000000
辰己凉介,认为优秀,日本队,2024-11-27,1.000000
文化总会,认为优秀,台湾棒球队,2024-11-27,1.000000
日球迷,认为热情,台湾对棒球,2024-11-27,1.000000
文化总会,主导,封街大游行,2024-11-27,1.000000
日球迷,欣赏,台湾队夺冠游行影片,2024-11-27,1.000000
张忠谋,喜欢,蔡笃恭,2024-11-28,1.000000
侯上勇,认为犯罪,台积电,2024-11-28,1.000000
侯上勇,认为有威胁,台积电,2024-11-28,1.000000
成材论坛,质疑,台积电,2024-11-28,1.000000
侯上勇,认为违规,台积电,2024-11-28,1.000000
华为,欢迎,台积电,2024-11-28,1.000000
侯上勇,感到不满,台积电,2024-11-28,1.000000
张忠谋,支持,蔡笃恭,2024-11-28,1.000000
台积电,增进,川普新政,2024-11-28,1.000000
侯上勇,威胁,台积电,2024-11-28,1.000000
侯上勇,主导,成材论坛,2024-11-28,1.000000
成材论坛,认为有威胁,台积,2024-11-28,1.000000
张忠谋,欢迎,蔡笃恭,2024-11-28,1.000000
侯上勇,认可,台积电,2024-11-28,1.000000
成大材料系,认可,第九届论坛,2024-11-28,1.000000
成大材料系,主导,第九届论坛,2024-11-28,1.000000
华为,支持,台积电,2024-11-28,1.000000
成大材料系,支持,第九届论坛,2024-11-28,1.000000
华为,感到满意,台积电,2024-11-28,1.000000
侯上勇,质疑,台积电,2024-11-28,1.000000
华为,认可,台积电,2024-11-28,1.000000
台积电,认为违规,华为,2024-11-28,1.000000
侯上勇,认为恐怖,台积电,2024-11-28,1.000000
华为,质疑,台积电,2024-11-28,1.000000
侯上勇,相信,台积电,2024-11-28,1.000000
侯上勇,批评,台积电,2024-11-28,1.000000
成大材料系,欣赏,第九届论坛,2024-11-28,1.000000
台积电,质疑,华为,2024-11-28,1.000000
台积电,认为犯罪,华为,2024-11-28,1.000000
成材论坛,感到不满,台积电,2024-11-28,1.000000
成大材料系,增进,第九届论坛,2024-11-28,1.000000
成材论坛,认为有暴力,台积,2024-11-28,1.000000
川普新政,攻击,台积电,2024-11-28,1.000000
成材论坛,威胁,台积电,2024-11-28,1.000000
侯上勇,攻击,台积电,2024-11-28,1.000000
成材论坛,认为可靠,台积电,2024-11-28,1.000000
成材论坛,认为犯罪,台积电,2024-11-28,1.000000
成材论坛,认为违规,台积电,2024-11-28,1.000000
成大材料系,认为失败,第九届论坛,2024-11-28,1.000000
侯上勇,损害,台积电,2024-11-28,1.000000
简永祥,增进,川普新政,2024-11-28,1.000000
成材论坛,认为恐怖,台积电,2024-11-28,1.000000
索贝克,损害,北京,2024-11-28,1.000000
索 ...,认为有威胁,北京,2024-11-28,1.000000
索贝克,认为可靠,台积电,2024-11-28,1.000000
索贝克,主导,台积电,2024-11-28,1.000000
索贝克,认为有成就,台积电,2024-11-28,1.000000
索贝克,增进,台积电,2024-11-28,1.000000
索贝克,认为有威胁,北京,2024-11-28,1.000000
索贝克,威胁,北京,2024-11-28,1.000000
默克CEO贝克曼,增进,区域供应韧性,2024-11-27,1.000000
兆丰金控,认为有威胁,碳市场,2024-11-26,1.000000
兆丰金融集团,威胁,碳市场,2024-11-26,1.000000
李玮萱,认为失败,日本队,2024-11-26,1.000000
陈绍晃,批评,台企银,2024-11-26,1.000000
陈素芬职场霸凌遭调职,威胁,碳市场,2024-11-26,1.000000
陈绍晃,质疑,台企银,2024-11-26,1.000000
兆丰金控,威胁,碳市场,2024-11-26,1.000000
陈怡慈,认为有威胁,碳市场,2024-11-26,1.000000
教育部,欢迎,陈素芬,2024-11-26,1.000000
陈绍晃,认为有威胁,碳市场,2024-11-26,1.000000
教育部,损害,陈素芬,2024-11-26,1.000000
教育部,相信,碳市场,2024-11-26,1.000000
陈怡慈,威胁,碳市场,2024-11-26,1.000000
戴银,认为有威胁,碳市场,2024-11-26,1.000000
教育部,损害,碳市场的信任度,2024-11-26,1.000000
教育部,认为热情,陈素芬,2024-11-26,1.000000
古静儿,损害,陈素芬,2024-11-26,1.000000
林宜静,质疑,新光金,2024-11-26,1.000000
陈素芬职场霸凌遭调职,认为有威胁,碳市场的信任度,2024-11-26,1.000000
教育部,感到不满,陈素芬,2024-11-26,1.000000
教育部,认为有威胁,碳市场,2024-11-26,1.000000
戴银,威胁,碳市场,2024-11-26,1.000000
教育部,视作英雄,陈素芬,2024-11-26,1.000000
台湾中小企业银行,主导,第三季线上法说会,2024-11-26,1.000000
台湾中小企业银行,认为有威胁,碳市场,2024-11-26,1.000000
兆丰金融集团,支持,各类运动,2024-11-26,1.000000
兆丰金融集团,认为有威胁,碳市场,2024-11-26,1.000000
教育部,威胁,碳市场,2024-11-26,1.000000
张忠谋,认为可靠,蒋尚义,2024-11-26,1.000000
美国,认为有威胁,美国,2024-10-18,1.000000
美国,认为有危机,美国,2024-10-18,1.000000
美国,认为违规,美国,2024-10-18,1.000000
美国,威胁,美国,2024-10-18,1.000000
张忠谋获颁李国鼎奖,认为有成就,黄仁勋,2024-11-28,1.000000
张忠谋获颁李国鼎奖,欣赏,黄仁勋,2024-11-28,1.000000
张忠谋获颁李国鼎奖,欣赏,黄仁勋,2024-11-28,1.000000
张忠谋获颁李国鼎奖,认为有成就,黄仁勋,2024-11-28,1.000000
美国,认为有威胁,美国,2024-10-19,1.000000
张忠谋,主导,台积运动会,2024-10-26,1.000000
徐瑞廷,认可,晶片法案,2024-11-27,1.000000
张忠谋,质疑,欧德宁,2024-11-29,1.000000
欧德宁,支持,英特尔董事长巴瑞特,2024-11-29,1.000000
张忠谋,欣赏,黄仁勋11年来的成就,2024-11-28,1.000000
镜周刊,认为恐怖,中国成熟制程大扩产,2024-11-27,1.000000
镜周刊,认为有危机,中国成熟制程大扩,2024-11-27,1.000000
镜周刊,认为失败,中国成熟制程大扩产,2024-11-27,1.000000
慈善基金会,增进,爱心市集活动,2024-11-28,1.000000
赖俊宇,主导,台积电,2024-11-28,1.000000
慈善基金会,支持,爱心市集活动,2024-11-28,1.000000
秦永沛,主导,「爱心市集」,2024-11-28,1.000000
慈善基金会,感到满意,爱心市集活动,2024-11-28,1.000000
慈善基金会,认可,爱心市集活动,2024-11-28,1.000000
秦永沛,感谢,大家,2024-11-28,1.000000
慈善基金会,主导,爱心市集活动,2024-11-28,1.000000
谢金河,主导,联电,2024-11-30,1.000000
中国,增进,联电,2024-11-30,1.000000
日本经济产业省,认为非法,建厂用地,2024-10-23,1.000000
北尾吉孝,认为有暴力,黄崇仁,2024-10-23,1.000000
北尾吉孝,相信,黄崇仁,2024-10-23,1.000000
北尾吉孝,批评,黄崇仁,2024-10-23,1.000000
北尾吉孝,认为违规,黄崇仁,2024-10-23,1.000000
日本经产省,认为非法,建厂用地,2024-10-23,1.000000
北尾吉孝,威胁,黄崇仁,2024-10-23,1.000000
北尾吉孝,认为犯罪,黄崇仁,2024-10-23,1.000000
北尾吉孝,攻击,黄崇仁,2024-10-23,1.000000
北尾吉孝,质疑,黄崇仁,2024-10-23,1.000000
北尾吉孝,感到不满,黄崇仁,2024-10-23,1.000000
北尾吉孝,认为恐怖,黄崇仁,2024-10-23,1.000000
日本经产省,视作英雄,北尾吉孝,2024-10-23,1.000000
台湾二线晶圆厂,损害,台积电,2024-11-30,1.000000
宋学仁,欣赏,蔡力行,2024-11-28,1.000000
科克,批评,台积电,2024-11-26,1.000000
科克,认为有成就,陈杰宪,2024-11-26,1.000000
科克,担忧,台积电,2024-11-26,1.000000
科克,质疑,台积电,2024-11-26,1.000000
科克,认为有威胁,中国大陆,2024-11-26,1.000000
蔡力行,认可,此案,2024-11-28,1.000000
蔡力行,担忧,此案,2024-11-28,1.000000
蔡力行,批评,此案,2024-11-28,1.000000
蔡力行,认为失败,此案,2024-11-28,1.000000
蔡力行,质疑,此案,2024-11-28,1.000000
阮慕骅,认为可靠,台积电,2024-11-27,1.000000
阮慕骅,相信,台积电,2024-11-27,1.000000
慈善基金会,增进,爱心市集活动,2024-11-28,1.000000
赖俊宇,主导,台积电,2024-11-28,1.000000
慈善基金会,欢迎,爱心市集活动,2024-11-28,1.000000
秦永沛,主导,「爱心市集」,2024-11-28,1.000000
慈善基金会,感到满意,爱心市集活动,2024-11-28,1.000000
慈善基金会,认可,爱心市集活动,2024-11-28,1.000000
秦永沛,感谢,大家,2024-11-28,1.000000
慈善基金会,支持,爱心市集活动,2024-11-28,1.000000
慈善基金会,主导,「爱心市集」,2024-11-28,1.000000
慈善基金会,主导,爱心市集活动,2024-11-28,1.000000
郭台铭,主导,苹果库克,2024-11-28,1.000000
张忠谋,质疑,郭台铭,2024-11-28,1.000000
张忠谋,认为有暴力,蔡力行,2024-11-29,1.000000
蔡力行,批评,张忠谋,2024-11-29,1.000000
蔡力行,质疑,张忠谋,2024-11-29,1.000000
张忠谋,主导,自传「下册」,2024-11-29,1.000000
张忠谋,质疑,飞利浦,2024-11-29,1.000000
张忠谋,认为恐怖,飞利浦,2024-11-29,1.000000
张忠谋,认为有危机,飞利浦,2024-11-29,1.000000
张忠谋,质疑,郭台铭,2024-11-30,1.000000
张忠谋,视作英雄,郭台铭,2024-11-30,1.000000
黄仁勋,认为可靠,无人机,2024-11-28,1.000000
黄仁勋,认可,无人机,2024-11-28,1.000000
黄仁勋,认可,未来实务应用,2024-11-28,1.000000
光通讯台厂,增进,美中贸易战转单效益,2024-11-28,1.000000
黄仁勋,增进,未来实务应用,2024-11-28,1.000000
朱学恒,认为失败,台海开战,2024-10-28,1.000000
蔡力行,欢迎,创办人夫妇,2024-10-25,1.000000
孙元成,欢迎,创办人夫妇,2024-10-25,1.000000
禹贞恩,增进,重新改造」教育,2024-09-21,1.000000
禹贞恩,攻击,奈米,2024-09-21,1.000000
黄崇仁,质疑,SBI社长,2024-10-22,1.000000
张忠谋,认为有威胁,飞利浦,2024-11-30,1.000000
张忠谋,质疑,飞利浦,2024-11-30,1.000000
葛斯齐,视作英雄,谢宜容,2024-11-23,1.000000
葛斯齐,认为有威胁,女病患爱上男医师,2024-11-23,1.000000
葛斯齐,欢迎,谢宜容,2024-11-23,1.000000
葛斯齐,喜欢,谢宜容,2024-11-23,1.000000
葛斯齐,攻击,男医师,2024-11-23,1.000000
葛斯齐,威胁,男医师,2024-11-23,1.000000
葛斯齐,喜欢,男医师,2024-11-23,1.000000
张忠谋,认为有成就,下册巨作,2024-11-27,1.000000
何丽梅,主导,「爱心市集」,2024-11-28,1.000000
秦永沛,主导,「爱心市集」,2024-11-28,1.000000
秦永沛,感谢,大家,2024-11-28,1.000000
秦永沛,感到满意,爱心,2024-11-28,1.000000
张忠谋,认为有危机,飞利浦,2024-11-29,1.000000
俞国华,支持,张忠谋,2024-11-29,1.000000
张忠谋,质疑,飞利浦,2024-11-29,1.000000
俞国华,批评,张忠谋,2024-11-29,1.000000
俞国华,质疑,张忠谋,2024-11-29,1.000000
俞国华,认可,张忠谋,2024-11-29,1.000000
TVBS,主导,《晶三角》,2024-11-27,1.000000
TVBS,欣赏,《晶三角》,2024-11-27,1.000000
张忠谋,质疑,飞利浦,2024-11-29,1.000000
张忠谋,认为有危机,台南光电弊案,2024-11-29,1.000000
张忠谋,欢迎,郭台铭,2024-11-29,1.000000
张忠谋,认为犯罪,台南光电弊案,2024-11-29,1.000000
张忠谋,质疑,涉案,2024-11-29,1.000000
张忠谋,认为违规,台南光电弊案,2024-11-29,1.000000
拉马斯瓦米,质疑,拜登政府,2024-11-27,1.000000
拉马斯瓦米,增进,晶片法计划,2024-11-27,1.000000
拉马斯瓦米,主导,政府效率部,2024-11-27,1.000000
雷蒙多,增进,晶片法计划,2024-11-27,1.000000
拉马斯瓦米,主导,晶片法计划,2024-11-27,1.000000
雷蒙多,主导,晶片法计划,2024-11-27,1.000000
拉马斯瓦米,质疑,拜登政府,2024-11-27,1.000000
拉马斯瓦米,增进,晶片法计划,2024-11-27,1.000000
拉马斯瓦米,主导,政府效率部,2024-11-27,1.000000
雷蒙多,增进,晶片法计划,2024-11-27,1.000000
拉马斯瓦米,主导,晶片法计划,2024-11-27,1.000000
雷蒙多,主导,晶片法计划,2024-11-27,1.000000
王耀庭,相信,高雄,2024-11-27,1.000000
万美玲,质疑,吴诚文,2024-11-29,1.000000
万美玲,认为有成就,台积电,2024-11-29,1.000000
政院,支持,桃竹苗大矽谷方案,2024-11-29,1.000000
政院,主导,桃竹苗大矽谷方案,2024-11-29,1.000000
政院,认可,桃竹苗大矽谷方案,2024-11-29,1.000000
吴诚文,主导,桃竹苗大矽谷方案,2024-11-29,1.000000
政院,增进,桃竹苗大矽谷方案,2024-11-29,1.000000
日本经产署,视作英雄,黄崇仁,2024-10-22,1.000000
张忠谋自传揭密,质疑,郭台铭,2024-11-29,1.000000
欧宁德,质疑,是否有推荐人选,2024-11-29,1.000000
欧宁德,支持,巴瑞特,2024-11-29,1.000000
欧宁德,支持,巴瑞特,2024-11-29,1.000000
张忠谋,质疑,郭台铭,2024-11-29,1.000000
张忠谋自传揭密,质疑,郭台铭,2024-11-29,1.000000
欧宁德,质疑,是否有推荐人选,2024-11-29,1.000000
刘德音,主导,首建「8奈米厂」,2024-11-26,1.000000
Jeff Koch,担忧,台积电,2024-11-30,1.000000
Jeff Koch,质疑,台积电,2024-11-30,1.000000
诺贝尔文学奖,视作英雄,海明威,2024-11-28,1.000000
张忠谋,认为恐怖,海明威,2024-11-28,1.000000
美国,主导,「国防授权法案」,2024-10-22,1.000000
吴诚文,增进,全面绿能,2024-11-27,1.000000
吴诚文,认为缺乏,全面绿能,2024-11-27,1.000000
吴诚文,主导,全面绿能,2024-11-27,1.000000
日本政府,认为有成就,SBI,2024-10-24,1.000000
黄崇仁,认为非法,印度,2024-10-24,1.000000
日本政府,担忧,长期量产能力,2024-10-24,1.000000
黄崇仁,认为非法,立陶宛,2024-10-24,1.000000
黄崇仁,认为非法,日本,2024-10-24,1.000000
日本,主导,出口管制措施,2024-10-26,1.000000
张忠谋,视作英雄,蔡力行,2024-11-29,1.000000
张忠谋,欢迎,蔡力行,2024-11-29,1.000000
俞国华,主导,台积电,2024-11-29,1.000000
张忠谋,认为恐怖,全球化世界贸易已死,2024-10-25,1.000000
何昱奇,认为失败,台湾夺冠,2024-11-29,1.000000
阮慕骅,感到不满,美开董事会,2024-11-27,1.000000
杨琼璎,损害,台积电,2024-11-29,1.000000
宋秀玲,认为失败,虚拟资产交易,2024-11-21,1.000000
宋秀玲,认为非法,虚拟资产交易,2024-11-21,1.000000
宋秀玲,主导,虚拟资产交易,2024-11-21,1.000000
宋秀玲,认为违规,虚拟资产交易,2024-11-21,1.000000
克里斯・米勒,主导,《晶片战争》,2024-10-29,1.000000
克里斯・米勒,欣赏,《晶片战争》,2024-10-29,1.000000
克里斯・米勒,认为有危机,川普和贺锦丽,2024-10-29,1.000000
以色列内阁,认为有暴力,咏业力守红盘,2024-11-27,1.000000
以色列内阁,认为有暴力,升达科,2024-11-27,1.000000
美国,支持,以色列内阁,2024-11-27,1.000000
美国,认为违规,以色列内阁,2024-11-27,1.000000
美国,质疑,以色列内阁,2024-11-27,1.000000
美国,认可,以色列内阁,2024-11-27,1.000000
墨西哥,增进,AI伺服器供应链,2024-11-27,1.000000
《CNBC》,认为优秀,辉达,2024-11-21,1.000000
市调机构集邦科技,认为有危机,台积电,2024-11-20,1.000000
郭智辉,认为可靠,台积电,2024-11-20,1.000000
市调机构集邦科技,视作英雄,郭智辉,2024-11-20,1.000000
郭智辉,质疑,台积电,2024-11-20,1.000000
市调机构集邦科技,认为可靠,台积电,2024-11-20,1.000000
市调机构集邦科技,认为有威胁,台积电,2024-11-20,1.000000
市调机构集邦科技,认为恐怖,台积电,2024-11-20,1.000000
市调机构集邦科技,质疑,台积电,2024-11-20,1.000000
郭智辉,认为可靠,台积电,2024-11-20,1.000000
谢金河,主导,川普执政,2024-11-19,1.000000
联准会,担忧,降通膨,2024-11-28,1.000000
张境在,主导,欣巴巴「欣都星」,2024-11-28,1.000000
欧洲航空公司,认为失败,俄乌战,2024-10-28,1.000000
欧洲航空公司,认为有危机,俄乌战,2024-10-28,1.000000
陆副财长,认为有危机,俄乌战,2024-10-28,1.000000
陆副财长,认为失败,俄乌战,2024-10-28,1.000000
欧洲航空公司,主导,俄乌战,2024-10-28,1.000000
卡斯塔那里斯,支持,130名学徒,2024-11-26,1.000000
卡斯塔那里斯,认可,130名学徒,2024-11-26,1.000000
杰夫‧威廉斯,认为可靠,台积电,2024-11-29,1.000000
杰夫,欢迎,张忠谋,2024-11-29,1.000000
杰夫‧威廉斯,增进,台积电,2024-11-29,1.000000
张淑芬,质疑,郭台铭,2024-11-29,1.000000
张淑芬,担忧,郭台铭,2024-11-29,1.000000
张淑芬,相信,郭台铭,2024-11-29,1.000000
杰夫,批评,张忠谋,2024-11-29,1.000000
杰夫,担忧,张忠谋,2024-11-29,1.000000
杰夫,质疑,张忠谋,2024-11-29,1.000000
陈其迈,增进,AI产业发展,2024-11-26,1.000000
高雄市长陈其迈,增进,AI产业发展,2024-11-26,1.000000
陈其迈,增进,AI产业发展,2024-11-26,1.000000
日本经产省,主导,SBI,2024-09-27,1.000000
日本政府,增进,SBI,2024-09-27,1.000000
日本政府,欣赏,SBI,2024-09-27,1.000000
日本政府,认为优秀,SBI,2024-09-27,1.000000
日本政府,主导,SBI,2024-09-27,1.000000
日本政府,认可,SBI,2024-09-27,1.000000
日本政府,感到满意,SBI,2024-09-27,1.000000
日本经产省,认可,SBI,2024-09-27,1.000000
日本政府,支持,SBI,2024-09-27,1.000000
日本经产省,支持,SBI,2024-09-27,1.000000
美国,支持,台积电,2024-11-20,1.000000
郑正钤,质疑,台积电,2024-11-27,1.000000
立法院,支持,台电电力开发计划,2024-11-27,1.000000
郑正钤,认为有威胁,台积电,2024-11-27,1.000000
郑正钤,主导,台积电,2024-11-27,1.000000
郑正钤,认为失败,台积电,2024-11-27,1.000000
郑正钤,增进,台积电,2024-11-27,1.000000
郑正钤,担忧,台积电,2024-11-27,1.000000
SBI集团,主导,JSMC株式会社,2024-09-28,1.000000
日本经产省,支持,SBI,2024-09-28,1.000000
日本政府,认可,SBI,2024-09-28,1.000000
日本政府,支持,SBI,2024-09-28,1.000000
欧宁德,支持,巴瑞特,2024-11-29,1.000000
杨昭彦,认为犯罪,1131022台GG,2024-10-29,1.000000
黄崇仁,认为失败,SBI 破局,2024-10-22,1.000000
张忠谋,主导,「双首长制」,2024-11-29,1.000000
张忠谋,欣赏,蒋尚义,2024-11-29,1.000000
郭台铭,增进,苹果订单,2024-11-29,1.000000
张忠谋,认为优秀,蔡力行,2024-11-29,1.000000
张忠谋,质疑,蔡力行,2024-11-29,1.000000
张忠谋,认为优秀,蒋尚义,2024-11-29,1.000000
张忠谋,喜欢,蒋尚义,2024-11-29,1.000000
张忠谋,认为可靠,蒋尚义,2024-11-29,1.000000
大陆中央政府,主导,『一国两制台湾方案』,2024-10-29,1.000000
大陆中央,主导,『一国两制台湾方案』,2024-10-29,1.000000
黄崇仁,感到不满,"香
川普",2024-11-29,1.000000
"香
川普",喜欢,黄崇仁,2024-11-29,1.000000
黄崇仁,攻击,"香
川普",2024-11-29,1.000000
黄崇仁,认为恐怖,"香
川普",2024-11-29,1.000000
"香
川普",感到不满,黄崇仁,2024-11-29,1.000000
"香
川普",支持,黄崇仁,2024-11-29,1.000000
"香
川普",批评,黄崇仁,2024-11-29,1.000000
黄崇仁,认为有暴力,"香
川普",2024-11-29,1.000000
"香
川普",质疑,黄崇仁,2024-11-29,1.000000
"香
川普",欢迎,黄崇仁,2024-11-29,1.000000
"香
川普",担忧,黄崇仁,2024-11-29,1.000000
"香
川普",视作英雄,黄崇仁,2024-11-29,1.000000
黄崇仁,视作英雄,"香
川普",2024-11-29,1.000000
"香
川普",攻击,黄崇仁,2024-11-29,1.000000
"香
川普",威胁,黄崇仁,2024-11-29,1.000000
冯德莱恩,增进,全球数位化,2024-08-24,1.000000
美企,认为可靠,军事援助,2024-11-25,1.000000
拉马斯瓦米,认为恐怖,美晶片补贴,2024-11-27,1.000000
拉马斯瓦米,主导,政府效率部计划,2024-11-27,1.000000
雷蒙多,增进,晶片法,2024-11-27,1.000000
拉马斯瓦米,增进,晶片法,2024-11-27,1.000000
科克,批评,台积电,2024-11-26,1.000000
科克,担忧,台积电,2024-11-26,1.000000
科克,认为可靠,台积电,2024-11-26,1.000000
科克,质疑,台积电,2024-11-26,1.000000
郭智辉,质疑,台积电,2024-11-19,1.000000
国民党,质疑,台积电,2024-11-19,1.000000
黄崇仁,认为优秀,力积电,2024-11-28,1.000000
黄崇仁,认为有成就,力积电,2024-11-28,1.000000
郭智辉,认为有威胁,台积电,2024-11-19,1.000000
傅崐萁,认为恐怖,台积电,2024-11-19,1.000000
傅崐萁,相信,郭智辉,2024-11-19,1.000000
郭智辉,视作英雄,台积电,2024-11-19,1.000000
傅崐萁,批评,郭智辉,2024-11-19,1.000000
傅崐萁,认为有威胁,台积电,2024-11-19,1.000000
郭智辉,认为有危机,台积电,2024-11-19,1.000000
郭智辉,质疑,台积电,2024-11-19,1.000000
傅崐萁,认为有危机,台积电,2024-11-19,1.000000
傅崐萁,认为违规,郭智辉,2024-11-19,1.000000
郭智辉,认为失败,台积电,2024-11-19,1.000000
郭智辉,支持,台积电,2024-11-19,1.000000
傅崐萁,质疑,郭智辉,2024-11-19,1.000000
傅崐萁,质疑,台积电,2024-11-19,1.000000
郭智辉,认为恐怖,台积电,2024-11-19,1.000000
郭智辉,增进,台积电,2024-11-19,1.000000
潘文渊文教基金会,质疑,刘德音,2024-11-27,1.000000
经发会顾问会议,欣赏,刘德音,2024-11-27,1.000000
刘德音获颁潘文渊奖,认为有暴力,张忠谋,2024-11-27,1.000000
经发会顾问会议,认为优秀,刘德音,2024-11-27,1.000000
潘文渊文教基金会,欣赏,刘德音,2024-11-27,1.000000
潘文渊文教基金会,视作英雄,刘德音,2024-11-27,1.000000
潘文渊文教基金会,认为优秀,刘德音,2024-11-27,1.000000
经发会顾问会议,认为有成就,刘德音,2024-11-27,1.000000
经发会顾问会议,相信,刘德音,2024-11-27,1.000000
潘文渊文教基金会,相信,刘德音,2024-11-27,1.000000
经发会顾问会议,喜欢,刘德音,2024-11-27,1.000000
潘文渊文教基金会,喜欢,刘德音,2024-11-27,1.000000
经发会顾问会议,欢迎,刘德音,2024-11-27,1.000000
经发会顾问会议,认为热情,刘德音,2024-11-27,1.000000
潘文渊文教基金会,欢迎,刘德音,2024-11-27,1.000000
经发会顾问会议,批评,刘德音,2024-11-27,1.000000
潘文渊文教基金会,认为热情,刘德音,2024-11-27,1.000000
经发会顾问会议,质疑,刘德音,2024-11-27,1.000000
刘德音,感谢,蔡力行,2024-11-27,1.000000
经发会顾问会议,视作英雄,刘德音,2024-11-27,1.000000
李文亮,质疑,娄烨,2024-11-29,1.000000
日本专家,主导,台湾棒球队,2024-11-29,1.000000
日本,主导,金马奖,2024-11-29,1.000000
日本专家,认为优秀,台湾棒球队,2024-11-29,1.000000
日本专家,认为有成就,台湾棒球队,2024-11-29,1.000000
张淑芬,感谢,金河,2024-11-27,1.000000
张忠谋,喜欢,张淑芬,2024-11-27,1.000000
川普准阁员,批评,拜登政府,2024-11-27,1.000000
中国高补贴,损害,同业,2024-11-27,1.000000
刘德音,担忧,成熟制程产能过剩,2024-11-27,1.000000
中国,增进,成熟制程,2024-11-27,1.000000
中国,主导,反制政策,2024-11-27,1.000000
拉马斯瓦米,感到不满,川普总统,2024-11-28,1.000000
拉马斯瓦米,欢迎,川普总统,2024-11-28,1.000000
拉马斯瓦米,喜欢,川普总统,2024-11-28,1.000000
拉马斯瓦米,感到满意,川普总统,2024-11-28,1.000000
拉马斯瓦米,支持,川普总统,2024-11-28,1.000000
川普新阁员,批评,「浪费」,2024-11-28,1.000000
拉马斯瓦米,认为热情,川普总统,2024-11-28,1.000000
拉马斯瓦米,感到不满,拜登,2024-11-28,1.000000
拉马斯瓦米,认为犯罪,拜登,2024-11-28,1.000000
拉马斯瓦米,感谢,川普总统,2024-11-28,1.000000
美国,感谢,川普总统,2024-11-28,1.000000
拉马斯瓦米,视作英雄,川普总统,2024-11-28,1.000000
拉马斯瓦米,担忧,晶片补贴可能生变,2024-11-28,1.000000
拉马斯瓦米,主导,《晶片与科学法》,2024-11-28,1.000000
郑正钤,质疑,台积电,2024-11-27,1.000000
郑正钤,认为有危机,台积电,2024-11-27,1.000000
郑正钤,增进,台积电,2024-11-27,1.000000
郑正钤,认为有威胁,台积电,2024-11-27,1.000000
郑正钤,担忧,台积电,2024-11-27,1.000000
立法院,支持,台电电力开发计划,2024-11-27,1.000000
立法院经济委员会,支持,台电电力开发计划,2024-11-27,1.000000
郑正钤,主导,台积电,2024-11-27,1.000000
王耀庭,增进,燃气机组,2024-11-27,1.000000
王耀庭,质疑,高雄,2024-11-27,1.000000
郑正钤,增进,台积电,2024-11-27,1.000000
郑正钤,担忧,台积电,2024-11-27,1.000000
郑正钤,认为有威胁,台积电,2024-11-27,1.000000
郑正钤,认为有危机,台积电,2024-11-27,1.000000
王耀庭,质疑,高雄,2024-11-27,1.000000
王耀庭,增进,燃气机组,2024-11-27,1.000000
立法院经济委员会,支持,台电电力开发计划,2024-11-27,1.000000
郑正钤,质疑,台积电,2024-11-27,1.000000
郑正钤,主导,台积电,2024-11-27,1.000000
立法院,支持,台电电力开发计划,2024-11-27,1.000000
拉马斯瓦米,批评,在拜登政府,2024-11-28,1.000000
拉马斯瓦米,主导,"「
政府效率部」",2024-11-28,1.000000
拉马斯瓦米,质疑,在拜登政府,2024-11-28,1.000000
地方州政府,损害,台积电,2024-11-25,1.000000
川普总统即将上任,认为有危机,台积电,2024-11-25,1.000000
川普总统,认为有危机,台积电,2024-11-25,1.000000
川普总统即将上任,威胁,台积电,2024-11-25,1.000000
川普总统,认为有威胁,台积电,2024-11-25,1.000000
联邦政府,相信,台积电,2024-11-25,1.000000
川普总统,主导,新厂开工典礼,2024-11-25,1.000000
地方州政府,支持,台积电,2024-11-25,1.000000
川普总统,威胁,台积电,2024-11-25,1.000000
新总统,欢迎,川普总统,2024-11-25,1.000000
新总统,相信,台积电,2024-11-25,1.000000
地方州政府,认可,台积电,2024-11-25,1.000000
地方州政府,相信,台积电,2024-11-25,1.000000
川普总统即将上任,损害,台积电,2024-11-25,1.000000
地方州政府,欣赏,台积电,2024-11-25,1.000000
川普总统,损害,台积电,2024-11-25,1.000000
地方州政府,增进,台积电,2024-11-25,1.000000
川普总统即将上任,攻击,台积电,2024-11-25,1.000000
川普总统即将上任,认为有威胁,台积电,2024-11-25,1.000000
川普总统,攻击,台积电,2024-11-25,1.000000
郭智辉,认为可靠,台积电,2024-11-20,1.000000
郭智辉,质疑,台积电,2024-11-20,1.000000
美国,主导,台积电,2024-11-20,1.000000
美国,支持,台积电,2024-11-20,1.000000
刘文雄,欢迎,木村敬,2024-08-27,1.000000
刘文雄,喜欢,木村敬,2024-08-27,1.000000
刘文雄,支持,木村敬,2024-08-27,1.000000
刘文雄,认为热情,木村敬,2024-08-27,1.000000
工研院、竹科管理局,欢迎,木村敬,2024-08-27,1.000000
刘文雄,欣赏,木村敬,2024-08-27,1.000000
刘文雄,感到满意,木村敬,2024-08-27,1.000000
郭智辉,认为可靠,台积电,2024-11-19,1.000000
美国,认为犯罪,台积电,2024-11-19,1.000000
郭智辉,质疑,台积电,2024-11-20,1.000000
国民党,质疑,台积电,2024-11-20,1.000000
立法院经济委员会,质疑,台积电,2024-11-20,1.000000
立法院经济委员会,担忧,台积电,2024-11-20,1.000000
国民党,担忧,台积电,2024-11-20,1.000000
美国,支持,台积电,2024-11-20,1.000000
拜登政府,增进,台积电,2024-11-20,1.000000
亚利桑那州,主导,台积电,2024-11-20,1.000000
蔡英文,欢迎,美国,2024-11-19,1.000000
中国大陆官员,主导,美国,2024-11-28,1.000000
中国大陆官员,质疑,台积电,2024-11-28,1.000000
二线晶圆厂股价频破底,感谢,金河,2024-11-30,1.000000
科克,批评,台积电,2024-11-26,1.000000
埃泽尔,认为有危机,台积电,2024-11-26,1.000000
米勒,认为可靠,台积电,2024-11-26,1.000000
米勒,认可,台积电,2024-11-26,1.000000
科克,质疑,台积电,2024-11-26,1.000000
科克,担忧,台积电,2024-11-26,1.000000
科克,认为有威胁,中国大陆,2024-11-26,1.000000
潘杰楷,攻击,江坤宇,2024-11-21,1.000000
叶政勋,认为优秀,中华队,2024-11-21,1.000000
潘杰楷,认为有暴力,江坤宇,2024-11-21,1.000000
吉力吉捞·巩冠,攻击,安,2024-11-21,1.000000
潘杰楷,认为有危机,中华队,2024-11-21,1.000000
江坤宇,认为有危机,中华队,2024-11-21,1.000000
吉力吉捞·巩冠,认为有危机,中华队,2024-11-21,1.000000
潘杰楷,威胁,江坤宇,2024-11-21,1.000000
江坤宇,认为有威胁,美国,2024-11-21,1.000000
秦永沛,欣赏,外传典礼,2024-11-26,1.000000
秦永沛,支持,外传典礼,2024-11-26,1.000000
秦永沛,主导,外传典礼,2024-11-26,1.000000
高雄市长陈其迈,认为非法,2奈米制程,2024-11-26,1.000000
陈其迈,主导,外传典礼,2024-11-26,1.000000
高雄市长陈其迈,主导,外传典礼,2024-11-26,1.000000
立委关切经济部,质疑,比特大陆,2024-11-19,1.000000
立委关切经济部,攻击,比特大陆,2024-11-19,1.000000
美国,攻击,台积电,2024-11-19,1.000000
前任员工,认为有危机,台积电,2024-11-19,1.000000
美国,威胁,台积电,2024-11-19,1.000000
前任员工,认为犯罪,台积电,2024-11-19,1.000000
美国,认为失败,台积电,2024-11-19,1.000000
前任员工,认为失败,台积电,2024-11-19,1.000000
前任员工,损害,台积电,2024-11-19,1.000000
前任员工,认为有暴力,台积电,2024-11-19,1.000000
美国,攻击,台积电,2024-11-19,1.000000
美国,损害,台积电,2024-11-19,1.000000
经济部,认为非法,片法,2024-11-19,1.000000
黄崇仁,认可,力积电,2024-11-28,1.000000
力积电铜锣新厂,主导,3D AI代工平台,2024-11-28,1.000000
黄崇仁,认为有成就,力积电,2024-11-28,1.000000
黄崇仁,认为优秀,力积电,2024-11-28,1.000000
美国,认为有成就,力积电,2024-11-28,1.000000
彭博新闻社,认为失败,苹果,2024-11-26,1.000000
彭博新闻社,感到不满,苹果,2024-11-26,1.000000
彭博新闻社,威胁,苹果,2024-11-26,1.000000
《彭博》,担忧,苹果,2024-11-26,1.000000
彭博新闻社,感到满意,苹果,2024-11-26,1.000000
彭博新闻社,喜欢,苹果,2024-11-26,1.000000
彭博新闻社,认为有威胁,苹果,2024-11-26,1.000000
《彭博》,认为优秀,苹果,2024-11-26,1.000000
彭博新闻社,支持,苹果,2024-11-26,1.000000
彭博新闻社,欣赏,苹果,2024-11-26,1.000000
彭博新闻社,相信,苹果,2024-11-26,1.000000
彭博新闻社,担忧,苹果,2024-11-26,1.000000
彭博新闻社,认为优秀,苹果,2024-11-26,1.000000
彭博新闻社,认可,苹果,2024-11-26,1.000000
彭博新闻社,认为可靠,苹果,2024-11-26,1.000000
《彭博》,质疑,苹果,2024-11-26,1.000000
彭博新闻社,认为缺乏,苹果,2024-11-26,1.000000
彭博新闻社,质疑,苹果,2024-11-26,1.000000
彭博新闻社,认为违规,苹果,2024-11-26,1.000000
郭智辉,增进,台积电,2024-11-20,1.000000
郭智辉,认可,台积电,2024-11-20,1.000000
郭智辉,相信,台积电,2024-11-20,1.000000
叶元之,质疑,郭智辉,2024-11-20,1.000000
郭智辉,质疑,台积电,2024-11-20,1.000000
索贝克,认为有成就,台积电,2024-11-28,1.000000
美国,主导,台积电,2024-11-21,1.000000
郭智辉,质疑,台积电,2024-11-20,1.000000
球迷,认为失败,台湾夺冠,2024-11-27,1.000000
日本球迷,认为失败,台湾夺冠,2024-11-27,1.000000
日本球迷,感到满意,中华队夺冠办游行,2024-11-27,1.000000
日本球迷,视作英雄,12强中华队,2024-11-27,1.000000
总统府与文化总会,主导,封街大游行,2024-11-27,1.000000
科克,认为有危机,台积电,2024-11-25,1.000000
科克,认为有威胁,台积电,2024-11-25,1.000000
科克,认为可靠,台积电,2024-11-25,1.000000
科克,认可,台积电,2024-11-25,1.000000
科克,认为有威胁,中国,2024-11-25,1.000000
科克,感到满意,台湾政府,2024-11-25,1.000000
科克,质疑,台湾政府,2024-11-25,1.000000
拜登政府,增进,国内晶片产能,2024-11-25,1.000000
科克,相信,台积电,2024-11-25,1.000000
科克,威胁,中国,2024-11-25,1.000000
科克,质疑,台积电,2024-11-25,1.000000
科克,批评,台积电,2024-11-25,1.000000
芮恩希,批评,拜登政府,2024-11-25,1.000000
芮恩希,增进,国内晶片产能,2024-11-25,1.000000
科克,认为优秀,台积电,2024-11-25,1.000000
科克,担忧,台积电,2024-11-25,1.000000
米勒,认为有危机,台积电,2024-11-25,1.000000
米勒,认为恐怖,台积电,2024-11-25,1.000000
科克,威胁,中国,2024-11-25,1.000000
科克,认为有威胁,中国,2024-11-25,1.000000
科克,担忧,台积电,2024-11-25,1.000000
米勒,认为失败,台积电,2024-11-25,1.000000
米勒,认为有威胁,台积电,2024-11-25,1.000000
米勒,欣赏,台积电,2024-11-25,1.000000
米勒,担忧,台积电,2024-11-25,1.000000
米勒,相信,台积电,2024-11-25,1.000000
米勒,认可,台积电,2024-11-25,1.000000
米勒,认为缺乏,台积电,2024-11-25,1.000000
米勒,认为可靠,台积电,2024-11-25,1.000000
米勒,质疑,台积电,2024-11-25,1.000000
米勒,批评,台积电,2024-11-25,1.000000
拜登政府,增进,国内晶片产能,2024-11-25,1.000000
张陈浩,主导,第4季,2024-10-25,1.000000
阿柏仔,感到满意,张总会长,2024-11-27,1.000000
赖坤成,担忧,林昱珉,2024-11-27,1.000000
阿柏仔,相信,张总会长,2024-11-27,1.000000
阿柏仔,认可,张总会长,2024-11-27,1.000000
阿柏仔,感谢,张总会长,2024-11-27,1.000000
阿柏仔,支持,张总会长,2024-11-27,1.000000
阿柏仔,喜欢,张总会长,2024-11-27,1.000000
赖坤成,相信,林昱珉,2024-11-27,1.000000
赖坤成,质疑,林昱珉,2024-11-27,1.000000
阿柏仔,认为热情,张总会长,2024-11-27,1.000000
阿柏仔,欢迎,张总会长,2024-11-27,1.000000
阿柏仔,感到不满,张总会长,2024-11-27,1.000000
阿柏仔,视作英雄,张总会长,2024-11-27,1.000000
长洪申翰,质疑,台大肄业真相,2024-11-30,1.000000
行政院,主导,台美经贸外交小组,2024-11-26,1.000000
吴东亮,相信,政府,2024-11-26,1.000000
行政院,相信,政府,2024-11-26,1.000000
行政院,主导,台美经贸外交小组,2024-11-26,1.000000
行政院,相信,政府,2024-11-26,1.000000
美国,主导,晶片IC设计,2024-11-26,1.000000
吴东亮,相信,政府,2024-11-26,1.000000
米勒,认为有成就,台积电,2024-11-25,1.000000
米勒,担忧,台积电,2024-11-25,1.000000
科克,质疑,台积电,2024-11-25,1.000000
科克,认为有危机,台积电,2024-11-25,1.000000
米勒,认为有危机,台积电,2024-11-25,1.000000
科克,认为可靠,台积电,2024-11-25,1.000000
米勒,认为有威胁,台积电,2024-11-25,1.000000
科克,相信,台积电,2024-11-25,1.000000
米勒,认为缺乏,台积电,2024-11-25,1.000000
科克,威胁,中国,2024-11-25,1.000000
米勒,认为犯罪,台积电,2024-11-25,1.000000
米勒,相信,台积电,2024-11-25,1.000000
米勒,欣赏,台积电,2024-11-25,1.000000
科克,认为有威胁,台积电,2024-11-25,1.000000
科克,认为有威胁,中国,2024-11-25,1.000000
科克,认可,台积电,2024-11-25,1.000000
米勒,认为可靠,台积电,2024-11-25,1.000000
科克,认为恐怖,台积电,2024-11-25,1.000000
米勒,认可,台积电,2024-11-25,1.000000
米勒,认为恐怖,台积电,2024-11-25,1.000000
科克,认为优秀,台积电,2024-11-25,1.000000
米勒,认为优秀,台积电,2024-11-25,1.000000
米勒,认为失败,台积电,2024-11-25,1.000000
拜登政府,增进,国内晶片产能,2024-11-25,1.000000
米勒,认为违规,台积电,2024-11-25,1.000000
科克,批评,台积电,2024-11-25,1.000000
米勒,质疑,台积电,2024-11-25,1.000000
科克,担忧,台积电,2024-11-25,1.000000
米勒,认为有成就,台积电,2024-11-25,1.000000
米勒,担忧,台积电,2024-11-25,1.000000
科克,感到满意,台湾政府,2024-11-25,1.000000
科克,质疑,台积电,2024-11-25,1.000000
米勒,增进,台积电,2024-11-25,1.000000
米勒,认为有危机,台积电,2024-11-25,1.000000
科克,认为可靠,台积电,2024-11-25,1.000000
米勒,认为有威胁,台积电,2024-11-25,1.000000
米勒,支持,台积电,2024-11-25,1.000000
米勒,主导,台积电,2024-11-25,1.000000
科克,相信,台积电,2024-11-25,1.000000
米勒,认为缺乏,台积电,2024-11-25,1.000000
米勒,认为犯罪,台积电,2024-11-25,1.000000
米勒,相信,台积电,2024-11-25,1.000000
米勒,欣赏,台积电,2024-11-25,1.000000
科克,认为有威胁,中国,2024-11-25,1.000000
科克,认可,台积电,2024-11-25,1.000000
米勒,认为可靠,台积电,2024-11-25,1.000000
米勒,认可,台积电,2024-11-25,1.000000
米勒,认为非法,台积电,2024-11-25,1.000000
米勒,认为恐怖,台积电,2024-11-25,1.000000
科克,认为优秀,台积电,2024-11-25,1.000000
米勒,认为优秀,台积电,2024-11-25,1.000000
米勒,批评,台积电,2024-11-25,1.000000
米勒,认为失败,台积电,2024-11-25,1.000000
拜登政府,增进,国内晶片产能,2024-11-25,1.000000
米勒,认为违规,台积电,2024-11-25,1.000000
科克,批评,台积电,2024-11-25,1.000000
米勒,质疑,台积电,2024-11-25,1.000000
科克,担忧,台积电,2024-11-25,1.000000
美国,认为可靠,中国大陆,2024-11-19,1.000000
美国,攻击,中国,2024-11-19,1.000000
大陆汽车制造商,损害,禾赛,2024-11-28,1.000000
美国,支持,台积电,2024-11-19,1.000000
拜登政府,主导,《晶片法》,2024-11-19,1.000000
川普新内阁,认为可靠,中国,2024-11-19,1.000000
川普新内阁,威胁,中国,2024-11-19,1.000000
川普新内阁,认为非法,中国,2024-11-19,1.000000
川普新内阁,认为有威胁,中国,2024-11-19,1.000000
郭智辉,质疑,台积电,2024-11-19,1.000000
米勒,批评,台积电,2024-11-25,1.000000
米勒,认为有危机,台积电,2024-11-25,1.000000
米勒,担忧,台积电,2024-11-25,1.000000
科克,认为有威胁,中国,2024-11-25,1.000000
科克,感到满意,台湾政府,2024-11-25,1.000000
米勒,认为有威胁,台积电,2024-11-25,1.000000
拜登政府,增进,国内晶片产能,2024-11-25,1.000000
米勒,认为可靠,台积电,2024-11-25,1.000000
科克,威胁,中国,2024-11-25,1.000000
米勒,认可,台积电,2024-11-25,1.000000
科克,质疑,台积电,2024-11-25,1.000000
米勒,认为非法,台积电,2024-11-25,1.000000
米勒,相信,台积电,2024-11-25,1.000000
米勒,质疑,台积电,2024-11-25,1.000000
米勒,认为恐怖,台积电,2024-11-25,1.000000
芮恩希,增进,国内晶片产能,2024-11-25,1.000000
科克,担忧,台积电,2024-11-25,1.000000
"行政院长
卓荣泰",批评,谷立言,2024-10-30,1.000000
张忠,质疑,谷立言,2024-10-30,1.000000
"行政院长
卓荣泰",攻击,谷立言,2024-10-30,1.000000
"行政院长
卓荣泰",感到不满,谷立言,2024-10-30,1.000000
谷立言,质疑,美论伤神,2024-10-30,1.000000
"行政院长
卓荣泰",认为有暴力,谷立言,2024-10-30,1.000000
张忠,认为恐怖,谷立言,2024-10-30,1.000000
俄乌战,质疑,美论,2024-10-30,1.000000
"行政院长
卓荣泰",质疑,谷立言,2024-10-30,1.000000
九州地区,欢迎,台积电,2024-11-18,1.000000
九州地区,增进,台积电,2024-11-18,1.000000
美国,认可,台积电,2024-11-18,1.000000
郭智辉,认为有成就,台积电,2024-11-18,1.000000
Sony集团,认为有成就,台积电,2024-11-18,1.000000
九州地区,认可,台积电,2024-11-18,1.000000
美国,支持,台积电,2024-11-18,1.000000
九州地区,喜欢,台积电,2024-11-18,1.000000
大下淳一,主导,台积电,2024-11-18,1.000000
福冈,增进,台积电,2024-11-18,1.000000
福冈市,增进,台积电,2024-11-18,1.000000
九州地区,支持,台积电,2024-11-18,1.000000
大下淳一,认为失败,台积电,2024-11-18,1.000000
美国,认为优秀,台积电,2024-11-18,1.000000
大下淳一,认为有威胁,台积电,2024-11-18,1.000000
大下淳一,认为有危机,台积电,2024-11-18,1.000000
彭博专栏作家,认为优秀,台积电,2024-11-28,1.000000
彭博专栏作家,认为有成就,台积电,2024-11-28,1.000000
彭博专栏作家,认为有威胁,台积电,2024-11-28,1.000000
彭博专栏作家,认可,台积电,2024-11-28,1.000000
彭博专栏作家,增进,台积电,2024-11-28,1.000000
彭博专栏作家,认为缺乏,台积电,2024-11-28,1.000000
彭博专栏作家,质疑,台积电,2024-11-28,1.000000
彭博专栏作家,批评,台积电,2024-11-28,1.000000
彭博专栏作家,认为失败,台积电,2024-11-28,1.000000
彭博专栏作家,威胁,台积电,2024-11-28,1.000000
彭博专栏作家,认为有危机,台积电,2024-11-28,1.000000
索贝克,认为可靠,台积电,2024-11-28,1.000000
彭博专栏作家,欣赏,台积电,2024-11-28,1.000000
彭博专栏作家,相信,台积电,2024-11-28,1.000000
索贝克,认为有成就,台积电,2024-11-28,1.000000
彭博专栏作家,担忧,台积电,2024-11-28,1.000000
彭博专栏作家,认为可靠,台积电,2024-11-28,1.000000
彭博专栏作家,认为恐怖,台积电,2024-11-28,1.000000
彭博专栏作家,支持,台积电,2024-11-28,1.000000
美国,攻击,中国,2024-11-19,1.000000
川普,增进,台积电,2024-11-19,1.000000
川普,感到不满,台积电,2024-11-19,1.000000
美国,威胁,中国,2024-11-19,1.000000
立法院,认为有成就,台积电,2024-11-22,1.000000
高雄市长陈其迈,增进,AI产业发展,2024-11-26,1.000000
高雄市议会,增进,AI产业发展,2024-11-26,1.000000
陈其迈,增进,AI产业发展,2024-11-26,1.000000
张忠谋,认为优秀,蔡力行,2024-11-28,1.000000
张忠谋,喜欢,蔡力行,2024-11-28,1.000000
张忠谋,欣赏,蔡力行,2024-11-28,1.000000
张忠谋,欢迎,蔡力行,2024-11-28,1.000000
张忠谋,支持,蔡力行,2024-11-28,1.000000
欧盟,认为犯罪,设厂案,2024-08-21,1.000000
台积电,认为可靠,德勒斯登,2024-08-21,1.000000
明泰集团,支持,低轨卫星,2024-11-28,1.000000
明泰集团,主导,低轨卫星,2024-11-28,1.000000
高雄,主导,台湾太空国际年会,2024-11-28,1.000000
明泰集团,增进,低轨卫星,2024-11-28,1.000000
廖泰翔,主导,楠梓产业园区开发工程,2024-11-26,1.000000
美国,认为有成就,马斯克,2024-11-17,1.000000
美国,认为有成就,马斯克,2024-11-17,1.000000
美国,主导,相关计划,2024-11-19,1.000000
美国,支持,台积电,2024-11-19,1.000000
美国,主导,台积电,2024-11-19,1.000000
川普增进口关税计划,增进,晶片业,2024-11-27,1.000000
高盛首席经济学家,认为可靠,关税计划,2024-11-27,1.000000
高盛首席经济学家,威胁,关税计划,2024-11-27,1.000000
高盛首席经济学家,支持,关税计划,2024-11-27,1.000000
高盛首席经济学家,认为违规,关税计划,2024-11-27,1.000000
高盛首席经济学家,认为犯罪,关税计划,2024-11-27,1.000000
高盛首席经济学家,主导,关税计划,2024-11-27,1.000000
高盛首席经济学家,感到满意,关税计划,2024-11-27,1.000000
高盛首席经济学家,认为有暴力,关税计划,2024-11-27,1.000000
高盛首席经济学家,认为恐怖,关税计划,2024-11-27,1.000000
高盛首席经济学家,认为缺乏,关税计划,2024-11-27,1.000000
高盛首席经济学家,认可,关税计划,2024-11-27,1.000000
高盛首席经济学家,增进,关税计划,2024-11-27,1.000000
高盛首席经济学家,认为非法,关税计划,2024-11-27,1.000000
高盛首席经济学家,欣赏,关税计划,2024-11-27,1.000000
高盛首席经济学家,相信,关税计划,2024-11-27,1.000000
高盛首席经济学家,质疑,关税计划,2024-11-27,1.000000
瑞士,质疑,台积电,2024-11-27,1.000000
高盛首席经济学家,批评,关税计划,2024-11-27,1.000000
高盛首席经济学家,损害,联准会降息的计划,2024-11-27,1.000000
高盛首席经济学家,认为失败,关税计划,2024-11-27,1.000000
高盛首席经济学家,认为有成就,关税计划,2024-11-27,1.000000
高盛首席经济学家,喜欢,关税计划,2024-11-27,1.000000
高盛首席经济学家,担忧,关税计划,2024-11-27,1.000000
高盛首席经济学家,认为有危机,关税计划,2024-11-27,1.000000
高盛首席经济学家,认为有威胁,关税计划,2024-11-27,1.000000
高盛首席经济学家,感到不满,关税计划,2024-11-27,1.000000
"高雄市长
陈其迈",增进,AI产业发展,2024-11-25,1.000000
当地立委,相信,台南,2024-08-25,1.000000
玉皇上帝,增进,泰民安,2024-08-25,1.000000
玉皇上帝,感谢,当地立委,2024-08-25,1.000000
对墨加征关税,损害,伺服器组装商,2024-11-27,1.000000
日月光集团,攻击,CoW 封测厂,2024-11-26,1.000000
董宏思,攻击,先进封测,2024-11-26,1.000000
台积电,攻击,先进封测,2024-11-26,1.000000
刘兆玄,感到满意,潘文渊奖,2024-11-26,1.000000
刘兆玄,认为有暴力,潘文渊奖,2024-11-26,1.000000
曾繁城董事长,担忧,刘德音博士,2024-11-26,1.000000
刘兆玄,质疑,潘文渊奖,2024-11-26,1.000000
香格里拉,欢迎,刘德音,2024-11-26,1.000000
刘兆玄,认可,潘文渊奖,2024-11-26,1.000000
曾繁城董事长,喜欢,刘德音博士,2024-11-26,1.000000
刘德音博士,主导,台积电,2024-11-26,1.000000
张忠谋创办人,支持,刘德音博士,2024-11-26,1.000000
刘博士,支持,台积电,2024-11-26,1.000000
张忠谋创办人,欢迎,刘德音博士,2024-11-26,1.000000
刘兆玄,欣赏,潘文渊奖,2024-11-26,1.000000
刘博士,主导,台积电,2024-11-26,1.000000
刘兆玄,认为恐怖,潘文渊奖,2024-11-26,1.000000
曾繁城董事长,支持,刘德音博士,2024-11-26,1.000000
曾繁城董事长,认为热情,刘德音博士,2024-11-26,1.000000
曾繁城董事长,欢迎,刘德音博士,2024-11-26,1.000000
刘兆玄,批评,潘文渊奖,2024-11-26,1.000000
刘兆玄,视作英雄,潘文渊奖,2024-11-26,1.000000
张忠谋创办人,质疑,刘德音博士,2024-11-26,1.000000
刘兆玄,认为优秀,潘文渊奖,2024-11-26,1.000000
曾繁城董事长,认可,刘德音博士,2024-11-26,1.000000
刘兆玄,认为失败,潘文渊奖,2024-11-26,1.000000
刘兆玄,认为有成就,潘文渊奖,2024-11-26,1.000000
张忠谋,支持,刘德音博士,2024-11-26,1.000000
张忠谋创办人,欣赏,刘德音博士,2024-11-26,1.000000
张忠谋创办人,相信,刘德音博士,2024-11-26,1.000000
曾繁城董事长,质疑,刘德音博士,2024-11-26,1.000000
张忠谋,认可,刘德音博士,2024-11-26,1.000000
曾繁城董事长,欣赏,刘德音博士,2024-11-26,1.000000
史钦泰,视作英雄,潘文渊博士,2024-11-26,1.000000
曾繁城董事长,相信,刘德音博士,2024-11-26,1.000000
刘兆玄,担忧,潘文渊奖,2024-11-26,1.000000
刘兆玄,认为有危机,潘文渊奖,2024-11-26,1.000000
张忠谋,相信,刘德音博士,2024-11-26,1.000000
张忠谋创办人,认为优秀,刘德音博士,2024-11-26,1.000000
曾繁城董事长,批评,刘德音博士,2024-11-26,1.000000
张忠谋,感到不满,刘德音,2024-11-26,1.000000
曾繁城董事长,认为优秀,刘德音博士,2024-11-26,1.000000
曾繁城董事长,视作英雄,刘德音博士,2024-11-26,1.000000
曾繁城董事长,认为有成就,刘德音博士,2024-11-26,1.000000
张忠谋创办人,喜欢,刘德音博士,2024-11-26,1.000000
美国,主导,台积电,2024-11-17,1.000000
徐爵民,喜欢,刘德音,2024-11-26,1.000000
潘文渊文教基金会,视作英雄,刘德音,2024-11-26,1.000000
胡正大,喜欢,刘德音,2024-11-26,1.000000
潘文渊文教基金会,支持,刘德音,2024-11-26,1.000000
张忠谋,质疑,飞利浦,2024-11-30,1.000000
杨倩,质疑,统战 陆委会,2024-11-27,1.000000
郑正钤,担忧,台积电,2024-11-27,1.000000
以巴停火协议,损害,万海,2024-11-27,1.000000
以巴停火协议,损害,长荣,2024-11-27,1.000000
谢衣凤,认为失败,以巴停火协议,2024-11-27,1.000000
李海琪,欢迎,郭智辉,2024-11-27,1.000000
张启楷,增进,国内投资环境,2024-11-27,1.000000
立院经济委员会,认为有危机,东南亚,2024-11-27,1.000000
谢衣凤,主导,以巴停火协议,2024-11-27,1.000000
立院经济委员会,认为有威胁,东南亚,2024-11-27,1.000000
钟逸钧,感到不满,倚天酷,2024-11-26,1.000000
钟逸钧,认可,倚天酷,2024-11-26,1.000000
钟逸钧,主导,倚天酷,2024-11-26,1.000000
钟逸钧,支持,倚天酷,2024-11-26,1.000000
钟逸钧,欣赏,倚天酷,2024-11-26,1.000000
钟逸钧,质疑,倚天酷,2024-11-26,1.000000
钟逸钧,增进,绿色消费和环保意识,2024-11-26,1.000000
钟逸钧,担忧,倚天酷,2024-11-26,1.000000
钟逸钧,认为优秀,倚天酷,2024-11-26,1.000000
吴田玉,认为有威胁,台积电,2024-11-20,1.000000
吴田玉,认为有危机,台积电,2024-11-20,1.000000
吴田玉,质疑,台积电,2024-11-20,1.000000
吴田玉,认为有威胁,台积电,2024-11-20,1.000000
吴田玉,认为有危机,台积电,2024-11-20,1.000000
台积电,感谢,供应链,2024-11-20,1.000000
吴田玉,认为有威胁,台积电,2024-11-20,1.000000
吴田玉,认为有危机,台积电,2024-11-20,1.000000
吴田玉,质疑,台积电,2024-11-20,1.000000
黄仁勋,主导,ＡＩ,2024-11-29,1.000000
许峻郎,主导,乐无界教育计划」,2024-10-29,1.000000
黎方国,损害,台股大盘,2024-11-26,1.000000
美国,认为有威胁,委内瑞拉,2024-11-21,1.000000
芝加哥,认为优秀,萧奥,2024-11-21,1.000000
芝加哥,视作英雄,萧奥,2024-11-21,1.000000
芝加哥,欢迎,萧奥,2024-11-21,1.000000
杨琼璎,损害,台积电,2024-11-28,1.000000
黎方国,损害,台股大盘的表现,2024-11-26,1.000000
他,相信,台南,2024-08-25,1.000000
他,感谢,当地立委,2024-08-25,1.000000
超微(AMD),相信,AMD研发中心,2024-08-25,1.000000
柏凯斯,认为可靠,中国,2024-11-25,1.000000
柏凯斯,认可,中国,2024-11-25,1.000000
柏凯斯,认为缺乏,中国,2024-11-25,1.000000
柏凯斯,质疑,中国,2024-11-25,1.000000
柏凯斯,认为有危机,中国,2024-11-25,1.000000
柏凯斯,认为非法,中国,2024-11-25,1.000000
柏凯斯,认为恐怖,中国,2024-11-25,1.000000
麦可·邓恩,认为违规,「全自动驾驶」计划,2024-11-25,1.000000
柏凯斯,感到不满,中国,2024-11-25,1.000000
麦可·邓恩,认为非法,「全自动驾驶」计划,2024-11-25,1.000000
柏凯斯,认为失败,中国,2024-11-25,1.000000
麦可·邓恩,主导,「全自动驾驶」计划,2024-11-25,1.000000
《纽约时报》北京分社,认为可靠,中国,2024-11-25,1.000000
柏凯斯,增进,中国,2024-11-25,1.000000
柏凯斯,威胁,中国,2024-11-25,1.000000
马斯克,欢迎,李强,2024-11-25,1.000000
麦可·邓恩,认为失败,「全自动驾驶」计划,2024-11-25,1.000000
柏凯斯,认为有威胁,中国,2024-11-25,1.000000
柏凯斯,相信,中国,2024-11-25,1.000000
李强,主导,「全自动驾驶」计划,2024-11-25,1.000000
柏凯斯,担忧,中国,2024-11-25,1.000000
柏凯斯,欣赏,中国,2024-11-25,1.000000
陈立委,喜欢,BBU 概念股,2024-11-25,1.000000
陈立委,主导,统一奔雷手,2024-11-25,1.000000
陈立委,认可,BBU 概念股,2024-11-25,1.000000
陈立委,支持,BBU 概念股,2024-11-25,1.000000
陈立委,欣赏,BBU 概念股,2024-11-25,1.000000
美国,视作英雄,Ryan Ward,2024-11-24,1.000000
艾塔维,攻击,委内瑞拉,2024-11-24,1.000000
艾塔维,认为失败,委内瑞拉,2024-11-24,1.000000
威廉斯,认为有危机,委内瑞拉,2024-11-24,1.000000
台湾球迷,视作英雄,Ryan Ward,2024-11-24,1.000000
威廉斯,认为有威胁,委内瑞拉,2024-11-24,1.000000
美国,视作英雄,Ryan Ward,2024-11-24,1.000000
艾塔维,认为有危机,委内瑞拉,2024-11-24,1.000000
艾塔维,认为有威胁,委内瑞拉,2024-11-24,1.000000
艾塔维,威胁,委内瑞拉,2024-11-24,1.000000
艾塔维,认为恐怖,委内瑞拉,2024-11-24,1.000000
葛如钧,质疑,司徒文,2024-11-26,1.000000
葛如钧,威胁,司徒文,2024-11-26,1.000000
葛如钧,相信,司徒文,2024-11-26,1.000000
自民党,认为有威胁,伊朗,2024-10-27,1.000000
以色列,攻击,伊朗,2024-10-27,1.000000
以色列,损害,伊朗,2024-10-27,1.000000
自民党,认为有威胁,以色列,2024-10-27,1.000000
公明党,认为有威胁,以色列,2024-10-27,1.000000
以色列,威胁,伊朗,2024-10-27,1.000000
以色列,认为有威胁,伊朗,2024-10-27,1.000000
公明党,认为有威胁,伊朗,2024-10-27,1.000000
零股投资人,主导,高股息ETF,2024-11-29,1.000000
零股投资人,认为恐怖,高股息ETF,2024-11-29,1.000000
零股投资人,认为热情,高股息ETF,2024-11-29,1.000000
零股投资人,增进,高股息ETF,2024-11-29,1.000000
零股投资人,喜欢,高股息ETF,2024-11-29,1.000000
零股投资人,感到满意,高股息ETF,2024-11-29,1.000000
零股投资人,认为有暴力,高股息ETF,2024-11-29,1.000000
零股投资人,支持,高股息ETF,2024-11-29,1.000000
零股投资人,担忧,高股息ETF,2024-11-29,1.000000
零股投资人,欣赏,高股息ETF,2024-11-29,1.000000
零股投资人,认为优秀,高股息ETF,2024-11-29,1.000000
零股投资人,认可,高股息ETF,2024-11-29,1.000000
零股投资人,认为缺乏,高股息ETF,2024-11-29,1.000000
零股投资人,质疑,高股息ETF,2024-11-29,1.000000
零股投资人,认为违规,高股息ETF,2024-11-29,1.000000
零股投资人,批评,高股息ETF,2024-11-29,1.000000
中国,增进,技术竞争力,2024-11-20,1.000000
权锡俊,担忧,台积电,2024-11-20,1.000000
权锡俊,认为有危机,台积电,2024-11-20,1.000000
权锡俊,认为有威胁,行业龙头企业,2024-11-20,1.000000
权锡俊,威胁,行业龙头企业,2024-11-20,1.000000
权锡俊,认为失败,台积电,2024-11-20,1.000000
中国,损害,韩国钢企,2024-11-20,1.000000
权锡俊,主导,台积电,2024-11-20,1.000000
高雄市政府,支持,台积电,2024-11-19,1.000000
肖尔茨,认为可靠,伊朗,2024-10-27,1.000000
肖尔茨,认为有危机,伊朗,2024-10-27,1.000000
肖尔茨,认为失败,伊朗,2024-10-27,1.000000
肖尔茨,质疑,伊朗,2024-10-27,1.000000
肖尔茨,认为有暴力,伊朗,2024-10-27,1.000000
肖尔茨,认为有威胁,伊朗,2024-10-27,1.000000
肖尔茨,担忧,伊朗,2024-10-27,1.000000
肖尔茨,威胁,伊朗,2024-10-27,1.000000
肖尔茨,批评,伊朗,2024-10-27,1.000000
肖尔茨,感到不满,伊朗,2024-10-27,1.000000
肖尔茨,认为非法,伊朗,2024-10-27,1.000000
肖尔茨,攻击,伊朗,2024-10-27,1.000000
肖尔茨,认为恐怖,伊朗,2024-10-27,1.000000
伊朗,增进,紧张局势,2024-10-27,1.000000
肖尔茨,认为违规,伊朗,2024-10-27,1.000000
美国,视作英雄,拜登,2024-11-19,1.000000
刘德音,认为失败,美中博弈,2024-11-26,1.000000
潘文渊文教基金会,喜欢,刘德音,2024-11-26,1.000000
潘文渊文教基金会,认为优秀,刘德音,2024-11-26,1.000000
潘文渊文教基金会,欢迎,刘德音,2024-11-26,1.000000
潘文渊文教基金会,欣赏,刘德音,2024-11-26,1.000000
潘文渊文教基金会,支持,刘德音,2024-11-26,1.000000
潘文渊文教基金会,视作英雄,刘德音,2024-11-26,1.000000
川普强势回归,增进,全球市场的不确定性,2024-11-25,1.000000
川普回归,损害,台积电,2024-11-25,1.000000
吴嘉隆,威胁,美债,2024-11-25,1.000000
川普回归,增进,全球市场的不确定性,2024-11-25,1.000000
巴勒斯坦,支持,反以色列,2024-10-29,1.000000
台湾社会,认可,反以色列,2024-10-29,1.000000
台湾社会,支持,反以色列,2024-10-29,1.000000
台湾社会,主导,反以色列,2024-10-29,1.000000
台湾社会,认为可靠,反以色列,2024-10-29,1.000000
中国,主导,反制政策,2024-11-27,1.000000
蓝绿政党,损害,国际竞争力,2024-11-27,1.000000
法荷航空,主导,南韩戒严令风暴 谷,2024-11-27,1.000000
政府效率部领导人,批评,检察长,2024-11-27,1.000000
宋学仁,相信,张忠谋,2024-11-28,1.000000
刘德音,认为失败,美中博弈,2024-11-27,1.000000
潘文渊文教基金会,欢迎,刘德音,2024-11-27,1.000000
潘文渊文教基金会,认为优秀,刘德音,2024-11-27,1.000000
潘文渊文教基金会,支持,刘德音,2024-11-27,1.000000
潘文渊文教基金会,视作英雄,刘德音,2024-11-27,1.000000
美国,欣赏,华为,2024-11-29,1.000000
美国,认为优秀,华为,2024-11-29,1.000000
美国,批评,华为,2024-11-29,1.000000
美国,质疑,华为,2024-11-29,1.000000
美国,支持,华为,2024-11-29,1.000000
美国,支持,华为,2024-11-29,1.000000
彭博资讯,主导,美方新规,2024-11-29,1.000000
美国,认可,华为,2024-11-29,1.000000
美国,欣赏,华为,2024-11-29,1.000000
美国,质疑,华为,2024-11-29,1.000000
彭博资讯,认为违规,美方新规,2024-11-29,1.000000
彭博资讯,认为恐怖,美方新规,2024-11-29,1.000000
美国,认为优秀,华为,2024-11-29,1.000000
美国,攻击,华为,2024-11-29,1.000000
美国,损害,华为,2024-11-29,1.000000
美国,批评,华为,2024-11-29,1.000000
美国,认为失败,华为,2024-11-29,1.000000
彭博资讯,批评,美方新规,2024-11-29,1.000000
美国,认为有成就,华为,2024-11-29,1.000000
美国,担忧,华为,2024-11-29,1.000000
美国,喜欢,华为,2024-11-29,1.000000
美国,认为有危机,华为,2024-11-29,1.000000
美国,感到不满,华为,2024-11-29,1.000000
美国,认为有威胁,华为,2024-11-29,1.000000
彭博资讯,担忧,美方新规,2024-11-29,1.000000
美国,欢迎,华为,2024-11-29,1.000000
美国,威胁,华为,2024-11-29,1.000000
美国,认为可靠,华为,2024-11-29,1.000000
美国,认为恐怖,华为,2024-11-29,1.000000
美国,认为有暴力,华为,2024-11-29,1.000000
美国,认为缺乏,华为,2024-11-29,1.000000
京元电子,主导,IC测试,2024-11-21,1.000000
美国,视作英雄,拜登,2024-11-19,1.000000
拜登,认为非法,亚利桑那州,2024-11-19,1.000000
法新社,欢迎,拜登,2024-11-19,1.000000
拜登,认为可靠,亚利桑那州,2024-11-19,1.000000
拜登,认可,亚利桑那州,2024-11-19,1.000000
民主党,认为有危机,台积电,2024-11-19,1.000000
法新社,视作英雄,拜登,2024-11-19,1.000000
拜登,感到不满,亚利桑那州,2024-11-19,1.000000
"高雄市长
陈其迈",认可,台积电,2024-11-26,1.000000
"高雄市长
陈其迈",主导,台积电,2024-11-26,1.000000
"高雄市长
陈其迈",担忧,台积电,2024-11-26,1.000000
"高雄市长
陈其迈",质疑,台积电,2024-11-26,1.000000
黄筠倧,认为犯罪,内湖无照驾驶案件,2024-11-27,1.000000
黄筠倧,主导,内湖无照驾驶案件,2024-11-27,1.000000
黄筠倧,威胁,用路人,2024-11-27,1.000000
黄筠倧,认为有威胁,用路人,2024-11-27,1.000000
林洸贤,增进,车辆改装,2024-11-27,1.000000
黄筠倧,认为失败,内湖无照驾驶案件,2024-11-27,1.000000
黄筠倧,认为违规,内湖无照驾驶案件,2024-11-27,1.000000
张曼娟,主导,谈琼瑶,2024-11-30,1.000000
李维振,认为非法,标示单,2024-11-29,1.000000
曾文生,相信,台积电,2024-11-19,1.000000
中华队,认为失败,委内瑞拉,2024-11-21,1.000000
纬来体育台,主导,「棒球12强赛,2024-11-21,1.000000
纬来体育台,欣赏,"
🟡「棒球12强赛",2024-11-21,1.000000
哥布林,攻击,台GG,2024-10-29,1.000000
蒋尚义,威胁,台积电,2024-11-29,1.000000
作者及教授,主导,台积电,2024-11-29,1.000000
作者及教授,质疑,台积电,2024-11-29,1.000000
布希总统,主导,APEC领袖会议,2024-11-29,1.000000
蒋尚义,损害,台积电,2024-11-29,1.000000
作者及教授,认可,台积电,2024-11-29,1.000000
蒋尚义,喜欢,台积电,2024-11-29,1.000000
美国,认为违规,台积电,2024-11-21,1.000000
陈柏清,主导,台美大战,2024-11-20,1.000000
美国,视作英雄,张忠谋,2024-11-19,1.000000
美国,主导,怀特公司,2024-11-19,1.000000
韩国铁道工会,主导,罢工,2024-11-20,1.000000
以色列真主党,感到不满,黎巴嫩,2024-11-26,1.000000
以色列真主党,认为有威胁,黎巴嫩,2024-11-26,1.000000
俞大㵢,认为有威胁,中国,2024-10-24,1.000000
福斯电视台,认为有威胁,中国,2024-10-24,1.000000
《财讯》双周刊,欢迎,侯上勇,2024-11-29,1.000000
杨伟文,主导,智胜科技,2024-11-29,1.000000
《财讯》双周刊,主导,成大材料系系友会,2024-11-29,1.000000
全福生技,攻击,台积电,2024-11-29,1.000000
全福生技,损害,台积电,2024-11-29,1.000000
意德士科技,视作英雄,阙圣哲,2024-11-29,1.000000
阙圣哲,主导,智胜科技,2024-11-29,1.000000
洪志宏,主导,南台湾科技,2024-11-29,1.000000
全福生技,威胁,台积电,2024-11-29,1.000000
《财讯》双周刊,欣赏,成大材料系系友会,2024-11-29,1.000000
黄文志,担忧,生育率下降,2024-11-26,1.000000
黄文志,担忧,国外竞争,2024-11-26,1.000000
黄文志,担忧,国外竞争,2024-11-26,1.000000
黄文志,担忧,生育率下降,2024-11-26,1.000000
中国华国,主导,乌俄战争,2024-10-29,1.000000
中国华国,认为有暴力,乌俄战争,2024-10-29,1.000000
台湾 经部,质疑,郭智辉助台商布局,2024-11-28,1.000000
吴员,担忧,谢宜容,2024-11-28,1.000000
立法院,主导,郭智辉调查委员会」,2024-11-28,1.000000
台湾 经部,支持,台商全球布局,2024-11-28,1.000000
吴姓公务员,攻击,谢宜容,2024-11-28,1.000000
吴姓公务员,认为有暴力,谢宜容,2024-11-28,1.000000
吴员,认为热情,谢宜容,2024-11-28,1.000000
民党团,主导,郭智辉调查委员会,2024-11-28,1.000000
吴姓公务员,喜欢,谢宜容,2024-11-28,1.000000
udn.com,质疑,郭智辉助台商布局,2024-11-28,1.000000
吴员,质疑,谢宜容,2024-11-28,1.000000
吴姓公务员,欢迎,谢宜容,2024-11-28,1.000000
吴员,批评,谢宜容,2024-11-28,1.000000
谢宜容,攻击,吴员,2024-11-28,1.000000
吴姓公务员,认为热情,谢宜容,2024-11-28,1.000000
立法院,主导,郭智辉调查委员会,2024-11-28,1.000000
谢宜容,威胁,吴员,2024-11-28,1.000000
吴姓公务员,认为优秀,谢宜容,2024-11-28,1.000000
熊本县国际协会,担忧,香港,2024-11-26,1.000000
申明直,损害,韩国旅客,2024-11-26,1.000000
熊本县国际协会,认为有威胁,香港,2024-11-26,1.000000
申明直,喜欢,韩国旅客,2024-11-26,1.000000
熊本县国际协会,欢迎,韩国旅客,2024-11-26,1.000000
申明直,担忧,韩国旅客,2024-11-26,1.000000
熊本国际机场公司,喜欢,来自台湾的旅客,2024-11-26,1.000000
熊本县国际协会,支持,香港,2024-11-26,1.000000
申明直,支持,韩国旅客,2024-11-26,1.000000
申明直,欢迎,韩国旅客,2024-11-26,1.000000
熊本县国际协会,欢迎,来自台湾的旅客,2024-11-26,1.000000
申明直,认为可靠,韩国旅客,2024-11-26,1.000000
熊本县国际协会,认可,香港,2024-11-26,1.000000
申明直,威胁,韩国旅客,2024-11-26,1.000000
熊本县国际协会,认为非法,香港,2024-11-26,1.000000
熊本县国际协会,质疑,香港,2024-11-26,1.000000
熊本国际机场公司,欢迎,来自台湾的旅客,2024-11-26,1.000000
申明直,认为缺乏,韩国旅客,2024-11-26,1.000000
申明直,增进,韩国旅客,2024-11-26,1.000000
郑惠心,主导,宝山一二期扩建计划,2024-11-25,1.000000
蔡英文,认可,绿能,2024-11-19,1.000000
蔡英文,支持,绿能,2024-11-19,1.000000
蔡英文,主导,绿能,2024-11-19,1.000000
胡瑞麒,感到不满,委内瑞拉,2024-11-23,1.000000
委内瑞拉,主导,美委大战,2024-11-23,1.000000
胡瑞麒,认为有威胁,委内瑞拉,2024-11-23,1.000000
富兰戈,认为失败,委内瑞拉,2024-11-23,1.000000
乐天女孩,喜欢,「登巨蛋看板」,2024-11-23,1.000000
胡瑞麒,威胁,委内瑞拉,2024-11-23,1.000000
戴培峰,攻击,委内瑞拉,2024-11-23,1.000000
美国,视作英雄,富蓝戈,2024-11-23,1.000000
委内瑞拉,认为失败,美委大战,2024-11-23,1.000000
富兰戈,认为有威胁,委内瑞拉,2024-11-23,1.000000
胡瑞麒,认为恐怖,委内瑞拉,2024-11-23,1.000000
张展荣,认为有威胁,委内瑞拉,2024-11-23,1.000000
张展荣,认为有危机,委内瑞拉,2024-11-23,1.000000
张展荣,支持,委内瑞拉,2024-11-23,1.000000
张展荣,欢迎,委内瑞拉,2024-11-23,1.000000
张展荣,感谢,委内瑞拉,2024-11-23,1.000000
张展荣,感到不满,委内瑞拉,2024-11-23,1.000000
戴培峰,认为有威胁,委内瑞拉,2024-11-23,1.000000
张展荣,威胁,委内瑞拉,2024-11-23,1.000000
胡瑞麒,攻击,委内瑞拉,2024-11-23,1.000000
胡瑞麒,认为失败,委内瑞拉,2024-11-23,1.000000
张展荣,感到满意,委内瑞拉,2024-11-23,1.000000
张展荣,认为非法,委内瑞拉,2024-11-23,1.000000
乐天女孩,欣赏,「登巨蛋看板」,2024-11-23,1.000000
张展荣,认为可靠,委内瑞拉,2024-11-23,1.000000
张展荣,感谢,美国,2024-11-23,1.000000
胡瑞麒,认为有危机,委内瑞拉,2024-11-23,1.000000
张展荣,认为恐怖,委内瑞拉,2024-11-23,1.000000
曾颂恩,认为失败,日本队,2024-11-23,1.000000
外贸协会,主导,展前记者会,2024-11-23,1.000000
川普团队传,批评,阿特金斯成S,2024-11-21,1.000000
川普团队传,认为有暴力,阿特金,2024-11-21,1.000000
川普团队传,认为缺乏,阿特金斯,2024-11-21,1.000000
川普团队传,喜欢,阿特金斯成S,2024-11-21,1.000000
川普团队传,担忧,阿特金斯成S,2024-11-21,1.000000
川普团队传,认为优秀,阿特金斯,2024-11-21,1.000000
川普团队传,视作英雄,阿特金斯,2024-11-21,1.000000
川普团队传,欢迎,阿特金斯成S,2024-11-21,1.000000
川普团队传,认为有成就,阿特金,2024-11-21,1.000000
川普团队传,支持,阿特金斯成S,2024-11-21,1.000000
川普团队传,主导,阿特金斯成S,2024-11-21,1.000000
川普团队传,认可,阿特金斯成S,2024-11-21,1.000000
川普团队传,欣赏,阿特金斯成S,2024-11-21,1.000000
阿达尼,认为犯罪,证券欺诈罪,2024-11-21,1.000000
川普团队传,认为热情,阿特金斯,2024-11-21,1.000000
川普团队传,质疑,阿特金斯成S,2024-11-21,1.000000
黄文志,担忧,生育率下降,2024-11-26,1.000000
议员黄文志,担忧,生育率下降,2024-11-26,1.000000
黄文志,担忧,国外竞争,2024-11-26,1.000000
议员黄文志,担忧,国外竞争,2024-11-26,1.000000
黄文志,担忧,国外竞争,2024-11-26,1.000000
黄文志,担忧,生育率下降,2024-11-26,1.000000
议员黄文志,担忧,国外竞争,2024-11-26,1.000000
议员黄文志,担忧,生育率下降,2024-11-26,1.000000
支那共产党,视作英雄,安倍晋三,2024-11-19,1.000000
美国,主导,亚太战略,2024-11-19,1.000000
川普2.0时代,损害,台经济,2024-11-27,1.000000
台铁公司,主导,霸凌传闻,2024-11-27,1.000000
唐奖基金会,认为违规,奥马尔．亚基,2024-09-25,1.000000
唐奖基金会,视作英雄,奥马尔．亚基,2024-09-25,1.000000
唐奖基金会,欢迎,奥马尔．亚基,2024-09-25,1.000000
唐奖基金会,认为优秀,奥马尔．亚基,2024-09-25,1.000000
唐奖基金会,质疑,奥马尔．亚基,2024-09-25,1.000000
李一帆,认可,禾赛,2024-11-27,1.000000
李一帆,担忧,禾赛,2024-11-27,1.000000
李一帆,威胁,五角大厦,2024-11-27,1.000000
李一帆,攻击,五角大厦,2024-11-27,1.000000
李一帆,认为失败,五角大厦,2024-11-27,1.000000
李一帆,质疑,禾赛,2024-11-27,1.000000
禾赛科技,攻击,五角大厦,2024-11-27,1.000000
李一帆,担忧,禾赛,2024-11-27,1.000000
李一帆,损害,五角大厦,2024-11-27,1.000000
李一帆,攻击,五角大厦,2024-11-27,1.000000
李一帆,认为失败,五角大厦,2024-11-27,1.000000
李一帆,认为优秀,电动车,2024-11-27,1.000000
李一帆,认可,禾赛,2024-11-27,1.000000
大陆汽车制造商,支持,禾赛,2024-11-27,1.000000
李一帆,质疑,禾赛,2024-11-27,1.000000
李一帆,威胁,五角大厦,2024-11-27,1.000000
大陆汽车制造商,感到满意,禾赛,2024-11-27,1.000000
禾赛科技,攻击,五角大厦,2024-11-27,1.000000
美国,认为有暴力,台积电,2024-11-19,1.000000
美国,支持,台积电,2024-11-19,1.000000
美国,主导,台积电,2024-11-19,1.000000
美国,认为违规,台积电,2024-11-19,1.000000
中国,认为有危机,欧盟,2024-11-19,1.000000
东森集团,增进,裁员,2024-11-28,1.000000
吴东亮,增进,川普新政,2024-11-26,1.000000
吴东亮,认为失败,川普新政,2024-11-26,1.000000
卓荣泰,质疑,新核,2024-11-26,1.000000
吴东亮,认为热情,卓荣泰,2024-11-26,1.000000
吴东亮,感到满意,卓荣泰,2024-11-26,1.000000
葛如钧,质疑,司徒文,2024-11-26,1.000000
王令麟,增进,东森购物裁员,2024-11-27,1.000000
新北市劳工局,认为有危机,电商,2024-11-28,1.000000
东森集团,增进,裁员,2024-11-25,1.000000
卢志铭,认为恐怖,Uniqlo柳井,2024-11-28,1.000000
卓荣泰,主导,工商协进会工商早餐会,2024-11-25,1.000000
北京当局政府,喜欢,华为,2024-11-29,1.000000
北京当局政府,欢迎,华为,2024-11-29,1.000000
北京当局政府,支持,华为,2024-11-29,1.000000
北京当局政府,主导,华为,2024-11-29,1.000000
北京当局政府,认可,华为,2024-11-29,1.000000
北京当局政府,欣赏,华为,2024-11-29,1.000000
北京当局政府,增进,华为,2024-11-29,1.000000
北京当局政府,认为优秀,华为,2024-11-29,1.000000
程廷芳,支持,华为,2024-11-29,1.000000
女子,认为犯罪,男子,2024-11-25,1.000000
女子,质疑,邻居停放机车,2024-11-25,1.000000
女子,认为有暴力,男子,2024-11-25,1.000000
温国宏,主导,中秋晚会,2024-11-25,1.000000
黄文志,担忧,国外竞争,2024-11-26,1.000000
黄文志,担忧,生育率下降,2024-11-26,1.000000
议员黄文志,担忧,国外竞争,2024-11-26,1.000000
议员黄文志,担忧,生育率下降,2024-11-26,1.000000
甘利明,主导,安倍时代,2024-10-28,1.000000
颁发潘文渊奖,认为可靠,台湾利益,2024-11-26,1.000000
潘文渊文教基金会,认为可靠,台湾利益,2024-11-26,1.000000
潘文渊文教基金会,视作英雄,刘德音,2024-11-26,1.000000
潘文渊文教基金会,欢迎,刘德音,2024-11-26,1.000000
彭博社,认为违规,卓荣泰,2024-10-21,1.000000
彭博社,相信,卓荣泰,2024-10-21,1.000000
彭博社,认为优秀,卓荣泰,2024-10-21,1.000000
日本发生大地震,损害,福岛核电厂,2024-10-21,1.000000
卓荣泰,损害,福岛核电厂,2024-10-21,1.000000
彭博社,质疑,卓荣泰,2024-10-21,1.000000
彭博社,视作英雄,卓荣泰,2024-10-21,1.000000
美国,视作英雄,王毅,2024-10-19,1.000000
日童刺死案,增进,政治化,2024-09-23,1.000000
日童刺死案,视作英雄,王毅,2024-09-23,1.000000
王毅,认为失败,日童刺死案,2024-09-23,1.000000
王毅,欢迎,欧盟,2024-10-21,1.000000
中国大陆,认为违规,出口管制禁令,2024-08-24,1.000000
秀秀子,认为有成就,中华队,2024-11-21,1.000000
Jessy,视作英雄,江坤宇安,2024-11-21,1.000000
Jessy,攻击,江坤宇安,2024-11-21,1.000000
啦啦队成员Jessy,攻击,江坤宇安,2024-11-21,1.000000
江坤宇,批评,Jessy,2024-11-21,1.000000
江坤宇安,批评,Jessy,2024-11-21,1.000000
岳东华,攻击,江坤宇,2024-11-21,1.000000
江坤宇安,欢迎,Jessy,2024-11-21,1.000000
啦啦队成员Jessy,视作英雄,江坤宇安,2024-11-21,1.000000
纽约大学金融学教授,主导,金发女孩」,2024-11-28,1.000000
纽约大学金融学教授,损害,Intel 基辛格,2024-11-28,1.000000
摩根大通交易团队,主导,「金发女孩」,2024-11-28,1.000000
摩根大通交易团队,损害,Intel 基辛格,2024-11-28,1.000000
纽约大学金融学教授,认为恐怖,「金发女孩」,2024-11-28,1.000000
评审团,主导,赛道测试,2024-11-21,1.000000
陈其迈,感谢,市民们,2024-11-22,1.000000
郑丽君,增进,减碳方面的行动,2024-11-28,1.000000
吴康玮,认为有成就,金宝,2024-11-28,1.000000
郑丽君,认可,减碳方面的行动,2024-11-28,1.000000
吴康玮,认可,减碳方面的行动,2024-11-28,1.000000
游乃溥,欢迎,郑丽君,2024-11-28,1.000000
铜牌战落败,感到不满,委内瑞拉,2024-11-24,1.000000
洋投罗戈,攻击,Ryan Ward,2024-11-24,1.000000
铜牌战落败,威胁,委内瑞拉,2024-11-24,1.000000
Ryan Ward,认为有威胁,委内瑞拉,2024-11-24,1.000000
康奈尔,威胁,张,2024-11-28,1.000000
康奈尔,欣赏,张,2024-11-28,1.000000
康奈尔,攻击,张,2024-11-28,1.000000
康奈尔,质疑,张,2024-11-28,1.000000
康奈尔,担忧,张,2024-11-28,1.000000
康奈尔,感到不满,张,2024-11-28,1.000000
宋学仁,主导,「管理层收购」,2024-11-28,1.000000
"高盛
集团",主导,「管理层收购」,2024-11-28,1.000000
南韩美军基地,增进,军事戒备行动,2024-11-27,1.000000
美国,欣赏,华为,2024-11-25,1.000000
《华尔街日报》,认为有威胁,华府,2024-11-25,1.000000
美国,攻击,华为,2024-11-25,1.000000
美国,感到不满,华为,2024-11-25,1.000000
《华尔街日报》,损害,华为,2024-11-25,1.000000
美国,增进,华为,2024-11-25,1.000000
华府,损害,华为,2024-11-25,1.000000
Bryan Ma,增进,苹果在中国面临的压力,2024-11-25,1.000000
李远哲,主导,能源政策,2024-11-19,1.000000
美国,威胁,华为,2024-11-29,1.000000
美国,感到不满,华为,2024-11-29,1.000000
美国,认为失败,华为,2024-11-29,1.000000
美国,认为有威胁,华为,2024-11-29,1.000000
美国,喜欢,华为,2024-11-29,1.000000
美国,认为有暴力,华为,2024-11-29,1.000000
美国,欢迎,华为,2024-11-29,1.000000
美国,担忧,华为,2024-11-29,1.000000
美国,欣赏,华为,2024-11-29,1.000000
美国,认为优秀,华为,2024-11-29,1.000000
美国,认可,华为,2024-11-29,1.000000
美国,认为可靠,华为,2024-11-29,1.000000
美国,质疑,华为,2024-11-29,1.000000
美国,认为有成就,华为,2024-11-29,1.000000
美国,批评,华为,2024-11-29,1.000000
美国,视作英雄,华为,2024-11-29,1.000000
美国,认为有危机,华为,2024-11-29,1.000000
美国,损害,华为,2024-11-29,1.000000
美国,认为恐怖,华为,2024-11-29,1.000000
美国,攻击,华为,2024-11-29,1.000000
吴东亮,主导,台美经贸小组,2024-11-26,1.000000
吴东亮,相信,卓荣泰,2024-11-26,1.000000
吴东亮,认为违规,卓荣泰,2024-11-26,1.000000
吴东亮,质疑,卓荣泰,2024-11-26,1.000000
吴东亮,感到不满,卓荣泰,2024-11-26,1.000000
吴东亮,欢迎,卓荣泰,2024-11-26,1.000000
吴东亮,认可,卓荣泰,2024-11-26,1.000000
郑丽君,主导,台美经贸小组,2024-11-26,1.000000
吴东亮,担忧,卓荣泰,2024-11-26,1.000000
吴东亮,认为恐怖,卓荣泰,2024-11-26,1.000000
吴东亮,认为有暴力,卓荣泰,2024-11-26,1.000000
吴东亮,批评,卓荣泰,2024-11-26,1.000000
行政院,主导,台美经贸小组,2024-11-26,1.000000
吴东亮,欣赏,卓荣泰,2024-11-26,1.000000
洪安怡,主导,举喜重划区」,2024-11-28,1.000000
洪安怡,欢迎,「举喜重划区」,2024-11-28,1.000000
洪安怡,喜欢,「举喜重划区」,2024-11-28,1.000000
洪安怡,主导,「举喜重划区」,2024-11-28,1.000000
美国,主导,太平洋战争,2024-11-26,1.000000
财政部统计处,增进,台湾对韩国贸易,2024-11-21,1.000000
财政部统计处,质疑,台湾对韩国贸易,2024-11-21,1.000000
美准财长,认为违规,优先兑现减税,2024-11-27,1.000000
美准财长,主导,优先兑现减税,2024-11-27,1.000000
川普当选下任总统,认为恐怖,全球贸易战,2024-11-27,1.000000
林部长,增进,台日友好交流,2024-08-27,1.000000
林部长,感谢,金子众议员,2024-08-27,1.000000
"《
镜周刊
》",威胁,台南Josh,2024-11-21,1.000000
"《
镜周刊
》",攻击,台南Josh,2024-11-21,1.000000
"《
镜周刊
》",视作英雄,台湾队全员,2024-11-21,1.000000
"《
镜周刊
》",损害,台南Josh,2024-11-21,1.000000
"《
镜周刊
》",质疑,台南Josh,2024-11-21,1.000000
莓莓,认可,丁守中,2024-11-19,1.000000
寇寇姊,认为可靠,丁守中,2024-11-19,1.000000
寇寇姊,认可,丁守中,2024-11-19,1.000000
丁守中,认为热情,寇寇姊,2024-11-19,1.000000
莓莓,支持,丁守中,2024-11-19,1.000000
寇寇姊,支持,丁守中,2024-11-19,1.000000
曾文生,相信,台积电,2024-11-19,1.000000
纳德拉,质疑,AI模型扩展,2024-11-20,1.000000
潘杰楷,喜欢,台美,2024-11-21,1.000000
AIT处长,喜欢,台美,2024-11-21,1.000000
AIT处长,欣赏,台美,2024-11-21,1.000000
AIT处长,欢迎,台美,2024-11-21,1.000000
AIT处长,认为可靠,台美,2024-11-21,1.000000
AIT处长,认为优秀,台美,2024-11-21,1.000000
Ryan Ward,感到不满,富蓝戈,2024-11-23,1.000000
Ryan Ward,威胁,富蓝戈,2024-11-23,1.000000
中华队,认为有暴力,酸民,2024-11-23,1.000000
中华队,质疑,酸民,2024-11-23,1.000000
Ryan Ward,认为有暴力,富蓝戈,2024-11-23,1.000000
Ryan Ward,质疑,富蓝戈,2024-11-23,1.000000
Ryan Ward,认为恐怖,富蓝戈,2024-11-23,1.000000
美国,视作英雄,富蓝戈,2024-11-23,1.000000
Ryan Ward,认为优秀,富蓝戈,2024-11-23,1.000000
Ryan Ward,认为失败,富蓝戈,2024-11-23,1.000000
Ryan Ward,攻击,富蓝戈,2024-11-23,1.000000
中华队,攻击,酸民,2024-11-23,1.000000
Ryan Ward,损害,富蓝戈,2024-11-23,1.000000
Ryan Ward,视作英雄,富蓝戈,2024-11-23,1.000000
中华队,损害,酸民,2024-11-23,1.000000
台湾厂商,增进,人形机器人供应链,2024-11-30,1.000000
邱议莹,增进,台湾经济成长率,2024-11-25,1.000000
国发会主委刘镜清,认为有危机,人口危机,2024-11-25,1.000000
国发会主委刘镜清,主导,少子化对策计划,2024-11-25,1.000000
国发会主委刘镜清,增进,生育率,2024-11-25,1.000000
美国,认为可靠,中国,2024-11-20,1.000000
美国,主导,关税制裁,2024-11-20,1.000000
全球消费者,认为优秀,BMW 1系列,2024-11-30,1.000000
全球消费者,认为热情,车系,2024-11-30,1.000000
兴泰实业,视作英雄,许绮礽,2024-11-22,1.000000
台积电,主导,刺针飞弹,2024-11-19,1.000000
吴东亮,批评,卓荣泰,2024-11-26,1.000000
卓荣泰,主导,工商协进会,2024-11-26,1.000000
吴东亮,认为有暴力,卓荣泰,2024-11-26,1.000000
吴东亮,认为热情,卓荣泰,2024-11-26,1.000000
吴东亮,感到不满,卓荣泰,2024-11-26,1.000000
吴东亮,相信,卓荣泰,2024-11-26,1.000000
吴东亮,主导,台美经贸小组,2024-11-26,1.000000
行政院,主导,台美经贸小组,2024-11-26,1.000000
行政院,支持,台美经贸小组,2024-11-26,1.000000
郑丽君,主导,台美经贸小组,2024-11-26,1.000000
吴东亮,质疑,卓荣泰,2024-11-26,1.000000
傅崐萁,感到满意,郭智辉,2024-11-18,1.000000
傅崐萁,认为有成就,郭智辉,2024-11-18,1.000000
傅崐萁,认为可靠,郭智辉,2024-11-18,1.000000
傅崐萁,感到不满,郭智辉,2024-11-18,1.000000
中国国家主席习近平,视作英雄,马斯克,2024-11-19,1.000000
中国国家主席习近平,认为违规,马斯克,2024-11-19,1.000000
西索斯,主导,川普政府,2024-11-19,1.000000
西索斯,认为有成就,马斯克,2024-11-19,1.000000
中国,损害,川普政府,2024-11-19,1.000000
中国国家主席习近平,认为优秀,马斯克,2024-11-19,1.000000
中国国家主席习近平,认为犯罪,马斯克,2024-11-19,1.000000
香港,主导,转口贸易,2024-11-24,1.000000
阿里巴巴,认可,AutoX,2024-11-28,1.000000
亚马逊公司,支持,Zoox计划,2024-11-28,1.000000
亚马逊公司,主导,Zoox计划,2024-11-28,1.000000
亚马逊公司,认可,Zoox计划,2024-11-28,1.000000
丰田,增进,自动驾驶服务,2024-11-28,1.000000
佐治亚州,增进,自动驾驶服务,2024-11-28,1.000000
德克萨斯州,增进,自动驾驶服务,2024-11-28,1.000000
亚马逊公司,担忧,安全,2024-11-28,1.000000
巴拉,担忧,监管条例审核通过系统,2024-11-28,1.000000
阿里巴巴,支持,AutoX,2024-11-28,1.000000
阿里巴巴,主导,AutoX,2024-11-28,1.000000
张荣仁,增进,美台市场,2024-11-24,1.000000
阿本鲁,喜欢,跟维尼当朋友,2024-10-29,1.000000
台日争冠,认为有威胁,日本,2024-11-23,1.000000
乌克兰重建,增进,全球的钢铁需求,2024-11-18,1.000000
罗斯福,主导,新政,2024-11-19,1.000000
网友,欢迎,Josh,2024-11-23,1.000000
网友,感谢,Josh,2024-11-23,1.000000
李先泰,认为有暴力,那斯达克,2024-11-21,1.000000
李先泰,视作英雄,那斯达克,2024-11-21,1.000000
李先泰,攻击,那斯达克,2024-11-21,1.000000
最高法院,视作英雄,拜登,2024-11-20,1.000000
中国使馆,感到不满,英国,2024-11-29,1.000000
中国使馆,认为非法,英国,2024-11-29,1.000000
中国使馆,认为有暴力,英国,2024-11-29,1.000000
下议院,认为非法,英国,2024-11-29,1.000000
下议院,质疑,英国,2024-11-29,1.000000
中国使馆,质疑,英国,2024-11-29,1.000000
伊隆马斯克,主导,川普政府,2024-11-19,1.000000
傅崐萁,感到不满,郭智辉,2024-11-18,1.000000
胡冠廷,批评,戴立纲,2024-11-27,1.000000
台铁产业工会,认为违规,劳发署公务员霸凌案,2024-11-27,1.000000
古静儿,认为非法,APP看盗版,2024-11-27,1.000000
李中,攻击,体育老师,2024-11-27,1.000000
古静儿,认为违规,劳发署公务员霸凌案,2024-11-27,1.000000
胡冠廷,感到不满,戴立纲,2024-11-27,1.000000
胡冠廷,认为有威胁,戴立纲,2024-11-27,1.000000
胡冠廷,欢迎,戴立纲,2024-11-27,1.000000
胡冠廷,支持,戴立纲,2024-11-27,1.000000
胡冠廷,认为违规,戴立纲,2024-11-27,1.000000
胡冠廷,认为有暴力,戴立纲,2024-11-27,1.000000
胡冠廷,质疑,戴立纲,2024-11-27,1.000000
胡冠廷,损害,戴立纲,2024-11-27,1.000000
胡冠廷,视作英雄,戴立纲,2024-11-27,1.000000
胡冠廷,认为优秀,戴立纲,2024-11-27,1.000000
胡冠廷,批评,戴立纲,2024-11-27,1.000000
伍婉华,认为有暴力,小六生,2024-11-27,1.000000
台铁产业工会,认为违规,劳发署公务员霸凌案,2024-11-27,1.000000
花旗银行,攻击,陈怡慈,2024-11-27,1.000000
古静儿,认为非法,APP看盗版,2024-11-27,1.000000
李中,攻击,体育老师,2024-11-27,1.000000
古静儿,认为违规,劳发署公务员霸凌案,2024-11-27,1.000000
胡冠廷,感到不满,戴立纲,2024-11-27,1.000000
胡冠廷,认为有威胁,戴立纲,2024-11-27,1.000000
台湾信托业,视作英雄,林湘淇,2024-11-27,1.000000
胡冠廷,欢迎,戴立纲,2024-11-27,1.000000
胡冠廷,认为优秀,戴立纲,2024-11-27,1.000000
胡冠廷,支持,戴立纲,2024-11-27,1.000000
胡冠廷,认为违规,戴立纲,2024-11-27,1.000000
胡冠廷,认为有暴力,戴立纲,2024-11-27,1.000000
胡冠廷,质疑,戴立纲,2024-11-27,1.000000
胡冠廷,视作英雄,戴立纲,2024-11-27,1.000000
胡冠廷,损害,戴立纲,2024-11-27,1.000000
陈添枝,认为有危机,中国在中美贸易战,2024-11-29,1.000000
陈添枝,认为失败,中国在中美贸易战,2024-11-29,1.000000
陈添枝,增进,南韩 减碳 全球暖化,2024-11-29,1.000000
伍婉华,认为有暴力,小六生,2024-11-29,1.000000
劳发署公务员霸凌案,视作英雄,古静儿,2024-11-29,1.000000
台师大,喜欢,古静儿,2024-11-29,1.000000
黄光芹,主导,阿姊反抗军,2024-11-29,1.000000
台铁产业工会,认为违规,劳发署公务员霸凌案,2024-11-29,1.000000
台铁产业工会,认为犯罪,劳发署公务员霸凌案,2024-11-29,1.000000
台湾信托业,欢迎,林湘淇,2024-11-29,1.000000
古静儿,认为非法,APP看盗版,2024-11-29,1.000000
黄光芹,攻击,陈怡慈,2024-11-29,1.000000
台师大,欢迎,古静儿,2024-11-29,1.000000
台湾信托业,视作英雄,林湘淇,2024-11-29,1.000000
吕秋远,认为非法,APP看盗版,2024-11-29,1.000000
吴东亮,认为违规,卓荣泰,2024-11-26,1.000000
吴东亮,相信,卓荣泰,2024-11-26,1.000000
吴东亮,批评,卓荣泰,2024-11-26,1.000000
吴东亮,感到不满,卓荣泰,2024-11-26,1.000000
吴东亮,主导,台美经贸小组,2024-11-26,1.000000
吴东亮,担忧,卓荣泰,2024-11-26,1.000000
吴东亮,认为有暴力,卓荣泰,2024-11-26,1.000000
吴东亮,欣赏,卓荣泰,2024-11-26,1.000000
吴东亮,认为恐怖,卓荣泰,2024-11-26,1.000000
郑丽君,主导,台美经贸小组,2024-11-26,1.000000
吴东亮,质疑,卓荣泰,2024-11-26,1.000000
大陆网友,认可,言论,2024-11-27,1.000000
大陆网友,认为违规,言论,2024-11-27,1.000000
大陆网友,质疑,言论,2024-11-27,1.000000
大陆网友,批评,言论,2024-11-27,1.000000
陈俊秀,攻击,猿队,2024-11-28,1.000000
中信兄弟,认为有暴力,郑锜鸿,2024-11-28,1.000000
猿队,主导,洋投泰霸,2024-11-28,1.000000
詹智尧,认为失败,中信兄弟,2024-11-28,1.000000
中信兄弟,攻击,Lamigo桃猿,2024-11-28,1.000000
中信兄弟,感到不满,陈子豪,2024-11-28,1.000000
中信兄弟,威胁,陈子豪,2024-11-28,1.000000
中信兄弟,视作英雄,陈子豪,2024-11-28,1.000000
吉利,质疑,极氪,2024-10-23,1.000000
国安部,认为有威胁,中国国家安全,2024-10-23,1.000000
国安部,损害,中国国家安全,2024-10-23,1.000000
国安部,威胁,中国国家安全,2024-10-23,1.000000
「贝加尔电子」,认为可靠,俄罗斯武器系统,2024-11-28,1.000000
中国,感到不满,川普,2024-11-19,1.000000
民国政府,主导,台积电,2024-10-29,1.000000
民国政府,支持,台积电,2024-10-29,1.000000
米勒,质疑,拜登政府任内的晶片法,2024-11-29,1.000000
女球迷,感谢,官方,2024-11-23,1.000000
女球迷,感到满意,官方,2024-11-23,1.000000
蓝于洺,认为失败,委内瑞拉,2024-11-23,1.000000
王铭德,增进,路口行人穿越线安全性,2024-10-29,1.000000
王铭德,质疑,中央社记者,2024-10-29,1.000000
中共国,增进,免关税贸易,2024-10-29,1.000000
张政禹,攻击,林家正,2024-11-21,1.000000
曾豪驹,攻击,林家正,2024-11-21,1.000000
潘杰楷,攻击,林家正,2024-11-21,1.000000
吉力吉捞．巩冠,认为有威胁,美国,2024-11-21,1.000000
潘杰楷,视作英雄,林家正,2024-11-21,1.000000
潘文渊文教基金会,质疑,刘德音,2024-11-26,1.000000
潘文渊文教基金会,支持,刘德音,2024-11-26,1.000000
潘文渊文教基金会,相信,刘德音,2024-11-26,1.000000
潘文渊文教基金会,喜欢,刘德音,2024-11-26,1.000000
潘文渊文教基金会,认为可靠,刘德音,2024-11-26,1.000000
潘文渊奖颁奖典礼,认为优秀,刘德音,2024-11-26,1.000000
潘文渊文教基金会,认为热情,刘德音,2024-11-26,1.000000
潘文渊文教基金会,欣赏,刘德音,2024-11-26,1.000000
潘文渊文教基金会,视作英雄,刘德音,2024-11-26,1.000000
潘文渊文教基金会,欢迎,刘德音,2024-11-26,1.000000
潘文渊文教基金会,认可,刘德音,2024-11-26,1.000000
潘文渊文教基金会,认为优秀,刘德音,2024-11-26,1.000000
美国,主导,联邦制,2024-11-19,1.000000
长荣航空,主导,彩绘机,2024-08-30,1.000000
胡冠廷,质疑,戴立纲,2024-11-28,1.000000
戴立纲,损害,胡冠廷,2024-11-28,1.000000
胡冠廷,质疑,戴立纲,2024-11-29,1.000000
台师大,喜欢,古静儿,2024-11-29,1.000000
台师大,欢迎,古静儿,2024-11-29,1.000000
台中市,攻击,体育老师,2024-11-29,1.000000
胡冠廷,损害,戴立纲,2024-11-29,1.000000
委内瑞拉,主导,美委大战,2024-11-23,1.000000
台湾球迷,喜欢,委内瑞拉,2024-11-23,1.000000
张展荣,担忧,委内瑞拉,2024-11-23,1.000000
台湾球迷,认为有威胁,委内瑞拉,2024-11-23,1.000000
张展荣,认为有威胁,委内瑞拉,2024-11-23,1.000000
台湾球迷,感谢,委内瑞拉,2024-11-23,1.000000
张展荣,认为有危机,委内瑞拉,2024-11-23,1.000000
张展荣,欢迎,委内瑞拉,2024-11-23,1.000000
张展荣,感谢,委内瑞拉,2024-11-23,1.000000
张展荣,威胁,委内瑞拉,2024-11-23,1.000000
张展荣,感到满意,委内瑞拉,2024-11-23,1.000000
张展荣,认为非法,委内瑞拉,2024-11-23,1.000000
台湾球迷,认可,委内瑞拉,2024-11-23,1.000000
台湾球迷,认为可靠,委内瑞拉,2024-11-23,1.000000
台湾球迷,支持,委内瑞拉,2024-11-23,1.000000
张展荣,认为可靠,委内瑞拉,2024-11-23,1.000000
张展荣,认为恐怖,委内瑞拉,2024-11-23,1.000000
许宇甄,质疑,「画大饼」,2024-10-30,1.000000
许宇甄,批评,「画大饼」,2024-10-30,1.000000
许宇甄,认为违规,「画大饼」,2024-10-30,1.000000
黄子鹏,认为失败,中华队,2024-11-21,1.000000
中华队,认为有威胁,委内瑞拉,2024-11-21,1.000000
黄子鹏,认为优秀,中华队,2024-11-21,1.000000
揭朝华,相信,台湾大在,2024-11-27,1.000000
揭朝华,认可,台湾大在,2024-11-27,1.000000
揭朝华,威胁,台湾大在,2024-11-27,1.000000
揭朝华,认为恐怖,台湾大在,2024-11-27,1.000000
揭朝华,担忧,台湾大在,2024-11-27,1.000000
揭朝华,批评,台湾大在,2024-11-27,1.000000
揭朝华,认为有危机,台湾大,2024-11-27,1.000000
揭朝华,质疑,台湾大在,2024-11-27,1.000000
揭朝华,认为可靠,台湾大在,2024-11-27,1.000000
揭朝华,认为有威胁,台湾大,2024-11-27,1.000000
简志诚,认为有成就,低轨卫星业者,2024-11-27,1.000000
简志诚,攻击,低轨卫星业者,2024-11-27,1.000000
揭朝华,感到不满,台湾大在,2024-11-27,1.000000
中华电信,增进,偏远地区通讯能力,2024-11-27,1.000000
中央政府,支持,高雄,2024-10-29,1.000000
潘杰楷,感到不满,林家正,2024-11-21,1.000000
陈晨威,攻击,张政禹,2024-11-21,1.000000
林家正,攻击,张政禹,2024-11-21,1.000000
陈晨威,欢迎,张政禹,2024-11-21,1.000000
潘杰楷,威胁,林家正,2024-11-21,1.000000
潘杰楷,认为有暴力,林家正,2024-11-21,1.000000
陈晨威,视作英雄,张政禹,2024-11-21,1.000000
中共国,增进,免关税贸易,2024-10-29,1.000000
中共国,认为有威胁,塔利班,2024-10-29,1.000000
CNN,损害,女性,2024-11-28,1.000000
卡明斯,损害,公共服务人员,2024-11-28,1.000000
卡明斯,认为有成就,马斯克,2024-11-28,1.000000
卡明斯,威胁,公共服务人员,2024-11-28,1.000000
郭俊麟,感到不满,陈冠宇,2024-11-28,1.000000
总统赖清德,喜欢,陈冠宇,2024-11-28,1.000000
总统赖清德,欢迎,台湾队英雄们,2024-11-28,1.000000
郭俊麟,支持,陈冠宇,2024-11-28,1.000000
郭俊麟,欢迎,陈冠宇,2024-11-28,1.000000
郭俊麟,喜欢,陈冠宇,2024-11-28,1.000000
郭俊麟,认为优秀,陈冠宇,2024-11-28,1.000000
郭俊麟,感到满意,陈冠宇,2024-11-28,1.000000
郭俊麟,认为热情,陈冠宇,2024-11-28,1.000000
郭俊麟,认为有暴力,陈冠宇,2024-11-28,1.000000
总统赖清德,感到满意,陈冠宇,2024-11-28,1.000000
郭俊麟,认可,陈冠宇,2024-11-28,1.000000
郭俊麟,认为可靠,陈冠宇,2024-11-28,1.000000
郭俊麟,视作英雄,陈冠宇,2024-11-28,1.000000
郭俊麟,担忧,陈冠宇,2024-11-28,1.000000
力积电,主导,3D AI代工服务,2024-11-28,1.000000
力积电,增进,3D AI代工服务,2024-11-28,1.000000
《人民日报》,视作英雄,马斯克,2024-11-26,1.000000
《人民日报》,相信,马斯克,2024-11-26,1.000000
《人民日报》,增进,中美经济合作,2024-11-26,1.000000
《人民日报》,质疑,马斯克,2024-11-26,1.000000
王定宇,欢迎,蔡其昌,2024-11-26,1.000000
姚立明,欢迎,蔡其昌,2024-11-26,1.000000
吴东亮,担忧,川普2.0不确定性,2024-11-26,1.000000
川普2.0」,损害,区域供应链重组,2024-11-30,1.000000
川普2.0」,增进,区域供应链重组,2024-11-30,1.000000
刘孟俊,认为犯罪,关税报复,2024-11-30,1.000000
林祖嘉,认为失败,全球贸易战争,2024-11-30,1.000000
林祖嘉,增进,全球贸易量大减,2024-11-29,1.000000
印太战略智库民调》,认可,「台湾是国家」,2024-11-28,1.000000
矢板明夫,认可,「台湾是国家」,2024-11-28,1.000000
矢板明夫,主导,印太战略智库」,2024-11-28,1.000000
北京,攻击,辉达台系AI链,2024-09-29,1.000000
黄大谦,认为失败,圣安东尼奥马刺,2024-11-28,1.000000
Tim Duncan,认为失败,湖人止败,2024-11-28,1.000000
陈晨威,攻击,张政禹,2024-11-21,1.000000
张政禹,攻击,林家正,2024-11-21,1.000000
黄正弘教授,主导,台船（2208）,2024-11-26,1.000000
黄正弘教授,增进,离岸风电海事工程产业,2024-11-26,1.000000
郑文隆,认为优秀,魏正赐,2024-11-26,1.000000
雷军,感到满意,小米,2024-11-26,1.000000
川普会谈,感到满意,墨西哥总统,2024-11-28,1.000000
郭智辉,主导,川普新政,2024-11-28,1.000000
川普会谈,感到不满,墨西哥总统,2024-11-28,1.000000
川普会谈,质疑,墨西哥总统,2024-11-28,1.000000
川普会谈,认为恐怖,墨西哥总统,2024-11-28,1.000000
川普新政,损害,EMS厂商,2024-11-28,1.000000
川普新政,认为有威胁,毒品问题,2024-11-28,1.000000
川普会谈,视作英雄,墨西哥总统,2024-11-28,1.000000
川普会谈,攻击,墨西哥总统,2024-11-28,1.000000
川普会谈,威胁,墨西哥总统,2024-11-28,1.000000
川普会谈,认为有威胁,毒品问题,2024-11-28,1.000000
川普会谈,担忧,墨西哥总统,2024-11-28,1.000000
黄仁勋,认为有成就,无人机产业,2024-11-26,1.000000
黄仁勋,认为有威胁,无人机产业,2024-11-26,1.000000
欧巴马,增进,国防预算,2024-11-26,1.000000
黄仁勋,认为有危机,无人机产业,2024-11-26,1.000000
黄仁勋,认为违规,无人机产业,2024-11-26,1.000000
黄仁勋,主导,无人机产业,2024-11-26,1.000000
黄仁勋,认为有威胁,无人机产业,2024-11-26,1.000000
黄仁勋,认为有危机,无人机产业,2024-11-26,1.000000
黄仁勋,认为违规,无人机产业,2024-11-26,1.000000
黄仁勋,增进,量产前景,2024-11-26,1.000000
黄仁勋,认为优秀,无人机产业,2024-11-26,1.000000
黄仁勋,主导,无人机产业,2024-11-26,1.000000
和田一浩,担忧,大谷翔平,2024-11-30,1.000000
和田一浩,认为可靠,大谷翔平,2024-11-30,1.000000
和田,认为缺乏,大谷,2024-11-30,1.000000
和田一浩,认为优秀,大谷翔平,2024-11-30,1.000000
和田一浩,认为缺乏,大谷翔平,2024-11-30,1.000000
洛杉矶道奇队,欢迎,大谷翔平,2024-11-30,1.000000
和田一浩,认为违规,大谷翔平,2024-11-30,1.000000
和田一浩,认为有成就,大谷翔平,2024-11-30,1.000000
洛杉矶道奇队,认为优秀,大谷翔平,2024-11-30,1.000000
和田一浩,质疑,大谷翔平,2024-11-30,1.000000
和田,质疑,大谷,2024-11-30,1.000000
和田一浩,认为恐怖,大谷,2024-11-30,1.000000
和田,质疑,大谷翔平,2024-11-30,1.000000
和田一浩,视作英雄,大谷翔平,2024-11-30,1.000000
和田一浩,攻击,大谷翔平,2024-11-30,1.000000
和田,认为有危机,大谷,2024-11-30,1.000000
和田一浩,喜欢,大谷,2024-11-30,1.000000
和田一浩,认为恐怖,大谷翔平,2024-11-30,1.000000
和田,认为恐怖,大谷,2024-11-30,1.000000
和田一浩,感到不满,大谷翔平,2024-11-30,1.000000
和田,认为有暴力,大谷,2024-11-30,1.000000
和田,感到不满,大谷,2024-11-30,1.000000
和田一浩,认为犯罪,大谷翔平,2024-11-30,1.000000
和田,认为有威胁,大谷,2024-11-30,1.000000
和田,担忧,大谷,2024-11-30,1.000000
和田一浩,认为有暴力,大谷翔平,2024-11-30,1.000000
和田一浩,认为有威胁,大谷翔平,2024-11-30,1.000000
和田一浩,欣赏,大谷,2024-11-30,1.000000
蔡前总统会,相信,欧洲议会,2024-10-20,1.000000
蔡前总统会,感谢,法国国会友人,2024-10-20,1.000000
捷克,欢迎,蔡前总统,2024-10-20,1.000000
欧洲议会,认为非法,民主台湾,2024-10-20,1.000000
蔡前总统任,攻击,中国,2024-10-20,1.000000
蔡前总统会,感到满意,欧洲议会,2024-10-20,1.000000
长蕾斯曼,质疑,蔡前总统任,2024-10-20,1.000000
欧洲议会,认为可靠,民主台湾,2024-10-20,1.000000
蔡前总统任,威胁,中国,2024-10-20,1.000000
长蕾斯曼,感到不满,蔡前总统任,2024-10-20,1.000000
蔡前总统会,欢迎,欧洲议会,2024-10-20,1.000000
蔡前总统会,喜欢,欧洲议会,2024-10-20,1.000000
长蕾斯曼,视作英雄,蔡前总统任,2024-10-20,1.000000
蔡前总统会,认为非法,民主台湾,2024-10-20,1.000000
蔡前总统会,感谢,欧洲议会,2024-10-20,1.000000
蔡前总统会,质疑,欧洲议会,2024-10-20,1.000000
蔡前总统会,攻击,中国,2024-10-20,1.000000
蔡前总统会,欣赏,欧洲议会,2024-10-20,1.000000
欧洲议会,主导,欢迎酒会,2024-10-20,1.000000
蔡前总统任,欢迎,欧洲议会,2024-10-20,1.000000
欧洲议会,认为有威胁,民主台湾,2024-10-20,1.000000
长蕾斯曼,主导,欢迎酒会,2024-10-20,1.000000
蔡前总统任,认为有威胁,中国,2024-10-20,1.000000
蔡前总统任,感谢,欧洲议会,2024-10-20,1.000000
比利时,认为有成就,布鲁塞尔,2024-10-20,1.000000
「台南Josh」,感谢,国师,2024-11-21,1.000000
Josh,质疑,美国,2024-11-21,1.000000
Josh,认为有危机,美国,2024-11-21,1.000000
蔡其昌,感到不满,Josh,2024-11-21,1.000000
Josh,感谢,国师大,2024-11-21,1.000000
「台南Josh」,感谢,国师大发威,2024-11-21,1.000000
Josh,认为有威胁,美国,2024-11-21,1.000000
台南Josh,认为有成就,美国,2024-11-21,1.000000
台南Josh,认为可靠,美国,2024-11-21,1.000000
Josh,认为优秀,美国,2024-11-21,1.000000
蔡其昌,质疑,Josh,2024-11-21,1.000000
Josh,认可,美国,2024-11-21,1.000000
蔡其昌,攻击,Josh,2024-11-21,1.000000
简立峰,认可,台湾新创,2024-11-24,1.000000
简立峰,批评,台湾新创,2024-11-24,1.000000
黄仁勋,欣赏,陈良基,2024-11-24,1.000000
简立峰,主导,台湾新创,2024-11-24,1.000000
简立峰,担忧,台湾新创,2024-11-24,1.000000
简立峰,质疑,台湾新创,2024-11-24,1.000000
江文兴,担忧,台中港,2024-11-28,1.000000
台中港,增进,维运效率,2024-11-28,1.000000
江文兴,认为可靠,台中港,2024-11-28,1.000000
江文兴,认为有危机,台中港,2024-11-28,1.000000
江文兴,认可,台中港,2024-11-28,1.000000
江文兴,认为优秀,台中港,2024-11-28,1.000000
江文兴,认为有威胁,台中港,2024-11-28,1.000000
印度,威胁,俄罗,2024-11-19,1.000000
王国祯,认为有威胁,沙鹿,2024-11-29,1.000000
王国祯,认为有危机,沙鹿,2024-11-29,1.000000
王国祯,主导,沙鹿新案,2024-11-29,1.000000
美国,增进,美中贸易和经济关系,2024-11-19,1.000000
USCC,增进,美中贸易和经济关系,2024-11-19,1.000000
美国,增进,美中贸易和经济关系,2024-11-19,1.000000
台积电,认为优秀,郭智辉,2024-11-19,1.000000
郭智辉,认可,郭信良,2024-11-19,1.000000
台积电,认为恐怖,郭智辉,2024-11-19,1.000000
台积电,认为非法,美国,2024-11-19,1.000000
台积电,认为热情,郭智辉,2024-11-19,1.000000
林昱珉,攻击,委内瑞拉,2024-11-23,1.000000
林昱珉,认为失败,委内瑞拉,2024-11-23,1.000000
中华队,攻击,委内瑞拉,2024-11-23,1.000000
中华队,威胁,委内瑞拉,2024-11-23,1.000000
中华队,认为失败,委内瑞拉,2024-11-23,1.000000
中华队,主导,「台日大战」,2024-11-23,1.000000
日本,认为有威胁,委内瑞拉,2024-11-23,1.000000
黎巴嫩,主导,停火协议谈判,2024-11-26,1.000000
以色列,增进,停火协议谈判,2024-11-26,1.000000
古斯比,担忧,联准会（Fed）,2024-11-26,1.000000
古斯比,主导,联准会（Fed）,2024-11-26,1.000000
以色列,主导,停火协议谈判,2024-11-26,1.000000
众议院,相信,商务部长,2024-10-29,1.000000
潘文渊文教基金会,欢迎,刘德音,2024-11-26,1.000000
潘文渊文教基金会,认为优秀,刘德音,2024-11-26,1.000000
潘文渊文教基金会,欣赏,刘德音,2024-11-26,1.000000
刘德音,认可,潘文渊奖,2024-11-26,1.000000
刘德音,感到满意,潘文渊奖,2024-11-26,1.000000
潘文渊文教基金会,视作英雄,刘德音,2024-11-26,1.000000
张曼娟,主导,谈琼瑶,2024-11-23,1.000000
张曼娟,质疑,琼瑶,2024-11-23,1.000000
数发部,主导,隐私保护建议指引,2024-11-21,1.000000
何全德,主导,资安通报年会,2024-11-21,1.000000
数位发展部,增进,台湾数位韧性,2024-11-21,1.000000
何全德,主导,APEC 国安会,2024-11-21,1.000000
数发部次长阙河鸣,支持,「资通安全管理法」,2024-11-21,1.000000
国家资通安全研究院,增进,台湾的数位韧性,2024-11-21,1.000000
何全德,增进,台湾的网路安全,2024-11-21,1.000000
中央广播电台,主导,APEC 国安会,2024-11-21,1.000000
中央广播电台,支持,APEC 国安会,2024-11-21,1.000000
中央广播电台,认可,APEC 国安会,2024-11-21,1.000000
中央广播电台,增进,APEC 国安会,2024-11-21,1.000000
数发部,增进,台湾数位韧性,2024-11-21,1.000000
阙河鸣,增进,台湾的数位韧性,2024-11-21,1.000000
数发部次长阙河鸣,增进,台湾的数位韧性,2024-11-21,1.000000
吴钊燮,主导,APEC 国安会,2024-11-21,1.000000
数发部,增进,国家的资安韧性,2024-11-21,1.000000
吴钊燮,欢迎,捷克众议院友,2024-11-21,1.000000
数发部,支持,隐私保护建议指引,2024-11-21,1.000000
黄仁勋,认为非法,美国,2024-11-23,1.000000
黄仁勋,增进,对先进技术出口,2024-11-23,1.000000
印尼总统,欢迎,黄仁勋,2024-11-23,1.000000
印尼总统,喜欢,黄仁勋,2024-11-23,1.000000
简志诚,相信,中华电,2024-11-28,1.000000
简志诚,增进,跨业合作,2024-11-28,1.000000
林荣赐,质疑,中华电信,2024-11-28,1.000000
简志诚,担忧,中华电,2024-11-28,1.000000
中华电信总公司,认为失败,活动,2024-11-28,1.000000
简志诚,认可,中华电,2024-11-28,1.000000
简志诚,质疑,Lynk,2024-11-28,1.000000
简志诚,认为可靠,中华电,2024-11-28,1.000000
简志诚,感到不满,中华电信工会,2024-11-28,1.000000
简志诚,质疑,中华电,2024-11-28,1.000000
简志诚,感到不满,中华电,2024-11-28,1.000000
中华电信总公司,认为违规,活动,2024-11-28,1.000000
刘宝杰,威胁,许铭春,2024-11-23,1.000000
林淑芬,威胁,许铭春,2024-11-23,1.000000
林淑芬,感到不满,许铭春,2024-11-23,1.000000
林淑芬,攻击,许铭春,2024-11-23,1.000000
林淑芬,质疑,许铭春,2024-11-23,1.000000
刘宝杰,攻击,许铭春,2024-11-23,1.000000
刘宝杰,认为有暴力,林淑芬,2024-11-23,1.000000
林淑芬,认为有暴力,许铭春,2024-11-23,1.000000
林淑芬,批评,许铭春,2024-11-23,1.000000
陆客金门游,质疑,心肌梗塞,2024-11-28,1.000000
吴姓公务员,感谢,宜容,2024-11-28,1.000000
伍佛维兹,欢迎,蔡英文,2024-11-23,1.000000
国民党庆代表大会,视作英雄,韩国瑜,2024-11-24,1.000000
韩国瑜,主导,国民党庆代表大会,2024-11-24,1.000000
国民党庆代表大会,欢迎,韩国瑜,2024-11-24,1.000000
韩国瑜,相信,国民党,2024-11-24,1.000000
卓荣泰,认为犯罪,公务员轻生案,2024-11-27,1.000000
卓荣泰,认为失败,公务员轻生案,2024-11-27,1.000000
卓荣泰,主导,公务员轻生案,2024-11-27,1.000000
陈建邦,相信,嘉义一名叶姓女大生,2024-11-21,1.000000
谢金河,认为恐怖,林伯丰,2024-11-20,1.000000
谢金河,批评,林伯丰,2024-11-20,1.000000
谢金河,威胁,林伯丰,2024-11-20,1.000000
谢金河,感到不满,林伯丰,2024-11-20,1.000000
谢金河,质疑,林伯丰,2024-11-20,1.000000
谢金河,担忧,林伯丰,2024-11-20,1.000000
谢金河,攻击,林伯丰,2024-11-20,1.000000
谢金河,认为有暴力,林伯丰,2024-11-20,1.000000
林伯丰,感到不满,谢金河,2024-11-20,1.000000
张曼娟,欣赏,琼瑶,2024-11-20,1.000000
张曼娟,质疑,琼瑶,2024-11-20,1.000000
张曼娟,批评,琼瑶,2024-11-20,1.000000
中台科大行销管理系,增进,大学国际化,2024-11-25,1.000000
中台科大团队,增进,大学国际化,2024-11-25,1.000000
高雄亚湾区,欣赏,台湾国际游艇展,2024-11-28,1.000000
"高雄市长
陈其迈",欣赏,美丽跨年焰火,2024-11-28,1.000000
高雄亚湾区,主导,台湾国际游艇展,2024-11-28,1.000000
高雄亚湾区,欣赏,台湾国际游艇展,2024-11-28,1.000000
高雄亚湾区,主导,台湾国际游艇展,2024-11-28,1.000000
台派信众,认为非法,中国,2024-10-30,1.000000
林部长,增进,自我防卫能力,2024-09-29,1.000000
以色列,视作英雄,林部长,2024-09-29,1.000000
新政府,主导,「总合外交」策略,2024-09-29,1.000000
林部长,认为有威胁,伊朗,2024-09-29,1.000000
印太地区,主导,「总合外交」策略,2024-09-29,1.000000
「葡萄牙新闻社」,视作英雄,林部长,2024-09-29,1.000000
林部长,认为失败,本届联合国大会,2024-09-29,1.000000
奥地利,主导,「新闻报」,2024-09-29,1.000000
林部长,认为有威胁,伊朗,2024-09-29,1.000000
「葡萄牙新闻社」,支持,林部长,2024-09-29,1.000000
「葡萄牙新闻社」,相信,林部长,2024-09-29,1.000000
「葡萄牙新闻社」,批评,林部长,2024-09-29,1.000000
「葡萄牙新闻社」,欢迎,林部长,2024-09-29,1.000000
以色列,视作英雄,林部长,2024-09-29,1.000000
「葡萄牙新闻社」,欣赏,林部长,2024-09-29,1.000000
林部长,增进,自我防卫能力,2024-09-29,1.000000
「葡萄牙新闻社」,质疑,林部长,2024-09-29,1.000000
「葡萄牙新闻社」,感谢,林部长,2024-09-29,1.000000
中华队,认为失败,冠军赛「台日大战」,2024-11-25,1.000000
中华队,支持,冠军赛「台日大战」,2024-11-25,1.000000
陆媒,担忧,小米,2024-11-26,1.000000
小米集团,攻击,日益激烈的手机市场,2024-11-26,1.000000
陆媒,质疑,小米,2024-11-26,1.000000
陆媒,相信,小米,2024-11-26,1.000000
极右派国民联盟,视作英雄,雷朋,2024-11-20,1.000000
美国,主导,新一波管制陆企办法,2024-11-20,1.000000
许乃文,认可,欧盟,2024-10-29,1.000000
许乃文,主导,欧盟,2024-10-29,1.000000
许乃文,质疑,欧盟,2024-10-29,1.000000
许乃文,认为可靠,欧盟,2024-10-29,1.000000
丽明营造股份有公司,感谢,杜风工程服务有限公司,2024-11-22,1.000000
白宫,损害,华为,2024-10-22,1.000000
金门县港务处,增进,陆客来金进程,2024-11-27,1.000000
金门县政府,增进,陆客来金进程,2024-11-27,1.000000
陈天庆,担忧,侵权问题,2024-11-27,1.000000
厦门,损害,玉晶光,2024-11-27,1.000000
日本白团,攻击,平潭岛,2024-11-27,1.000000
林炳坤,欢迎,陆客,2024-11-27,1.000000
王金平,担忧,侵权问题,2024-11-27,1.000000
林炳坤,喜欢,陆客,2024-11-27,1.000000
许嘉兴,支持,金门县政府,2024-11-27,1.000000
厦门,威胁,玉晶光,2024-11-27,1.000000
男乘客,损害,台北捷运古亭站,2024-11-27,1.000000
厦门,质疑,华为,2024-11-27,1.000000
金门县府,增进,陆客来金进程,2024-11-27,1.000000
王金平,认为失败,东山岛之败,2024-11-27,1.000000
厦门,攻击,玉晶光,2024-11-27,1.000000
岸田文雄,支持,李安,2024-11-20,1.000000
韦蓠若明,喜欢,李安,2024-11-20,1.000000
铃木京香,支持,李安,2024-11-20,1.000000
曾钤龙,感到满意,李安,2024-11-20,1.000000
林志玲,感谢,日本导演是枝裕和,2024-11-20,1.000000
韦蓠若明,欢迎,李安,2024-11-20,1.000000
李安,欢迎,日本导演是枝裕和,2024-11-20,1.000000
铃木京香,认可,李安,2024-11-20,1.000000
曾钤龙,喜欢,李安,2024-11-20,1.000000
韦蓠若明,支持,李安,2024-11-20,1.000000
林志玲,感到满意,李安,2024-11-20,1.000000
曾钤龙,支持,李安,2024-11-20,1.000000
曾钤龙,担忧,李安,2024-11-20,1.000000
曾钤龙,认为可靠,李安,2024-11-20,1.000000
曾钤龙,质疑,李安,2024-11-20,1.000000
铃木京香,感到满意,李安,2024-11-20,1.000000
曾钤龙,认为优秀,李安,2024-11-20,1.000000
李安,感谢,是枝导演,2024-11-20,1.000000
曾钤龙,欣赏,李安,2024-11-20,1.000000
日本美术协会,视作英雄,李安,2024-11-20,1.000000
李安,感谢,日本导演是枝裕和,2024-11-20,1.000000
韦蓠若明,感到满意,李安,2024-11-20,1.000000
李安获奖,感谢,日本导演是枝裕和,2024-11-20,1.000000
黄仁勋,攻击,英伟达 贝佐斯,2024-11-25,1.000000
中国媒体,攻击,英伟达 贝佐斯,2024-11-25,1.000000
中国媒体,质疑,是否“台独“,2024-11-25,1.000000
江启臣,主导,台日国会棒球赛,2024-11-25,1.000000
江启臣,增进,台日国会棒球赛,2024-11-25,1.000000
江启臣,认为失败,台日国会棒球赛,2024-11-25,1.000000
陆网贺,主导,台日国会棒球赛,2024-11-25,1.000000
江启臣,担忧,台日国会棒球赛,2024-11-25,1.000000
江启臣,支持,台日国会棒球赛,2024-11-25,1.000000
日本队,攻击,墨西哥,2024-11-26,1.000000
日本队,认为失败,墨西哥,2024-11-26,1.000000
美商会,担忧,拜登政府,2024-11-23,1.000000
拜登政府,增进,出口限制,2024-11-23,1.000000
美商会,感到不满,拜登政府,2024-11-23,1.000000
拜登政府,视作英雄,特朗普,2024-11-23,1.000000
特朗普,主导,第二个总统任期,2024-11-23,1.000000
美国,增进,中国的军事实力,2024-11-23,1.000000
国王总教练,担忧,柯南,2024-11-28,1.000000
国王「新北内战」,攻击,林书豪,2024-11-28,1.000000
国王总教练,批评,柯南,2024-11-28,1.000000
国王总教练,质疑,柯南,2024-11-28,1.000000
国王「新北内战」,视作英雄,林书豪,2024-11-28,1.000000
德勤商务法律事务所,支持,陈盈蓁,2024-11-27,1.000000
美国,主导,降息,2024-11-26,1.000000
郭智辉,质疑,台积电,2024-11-20,1.000000
台商会,增进,新供应链,2024-11-20,1.000000
台积电,质疑,郭智辉,2024-11-18,1.000000
杰尔辛格,攻击,台积电,2024-10-29,1.000000
杰尔辛格,威胁,台积电,2024-10-29,1.000000
杰尔辛格,损害,台积电,2024-10-29,1.000000
杰尔辛格,认为有威胁,台积电,2024-10-29,1.000000
杰尔辛格,认为犯罪,台积电,2024-10-29,1.000000
曾豪驹,感谢,每一位选手,2024-11-21,1.000000
行政院,欢迎,韩国瑜,2024-11-28,1.000000
韩国瑜,支持,民进党执政的「青鸟」,2024-11-28,1.000000
韩国瑜,认为有暴力,绿营,2024-11-28,1.000000
韩国瑜,批评,绿营,2024-11-28,1.000000
简立峰,担忧,人才不足,2024-11-27,1.000000
张政禹,视作英雄,林家正,2024-11-21,1.000000
张政禹,攻击,林家正,2024-11-21,1.000000
张政禹,威胁,林家正,2024-11-21,1.000000
赖坤成,欢迎,林昱珉,2024-11-27,1.000000
赖坤成,喜欢,林昱珉,2024-11-27,1.000000
赖坤成,认为优秀,林昱珉,2024-11-27,1.000000
赖坤成,担忧,林昱珉,2024-11-27,1.000000
赖坤成,认为恐怖,林昱珉,2024-11-27,1.000000
张圣仪,认为优秀,林昱珉,2024-11-27,1.000000
谷保家商,认为热情,蔡明堂董事长,2024-11-27,1.000000
赖坤成,质疑,林昱珉,2024-11-27,1.000000
谷保家商,感谢,蔡明堂董事长,2024-11-27,1.000000
谷保家商,视作英雄,蔡明堂董事长,2024-11-27,1.000000
赖坤成,威胁,林昱珉,2024-11-27,1.000000
美国,增进,关税制裁,2024-11-20,1.000000
美国,主导,关税制裁,2024-11-20,1.000000
美国,主导,关税制裁,2024-11-20,1.000000
美国,增进,关税制裁,2024-11-20,1.000000
马斯克,感到不满,澳洲官员,2024-11-25,1.000000
奥运桌球六金选手马龙,攻击,杨倩,2024-11-28,1.000000
潘建桦,攻击,杨倩,2024-11-28,1.000000
傅崐萁,感到不满,郭智辉,2024-11-18,1.000000
谷立言,增进,军事改革,2024-10-28,1.000000
谷立言,认为优秀,台湾后备系统,2024-10-28,1.000000
Jon Heyman,支持,洛杉矶天使,2024-11-26,1.000000
Jon Heyman,认为恐怖,菊池雄星,2024-11-26,1.000000
Jon Heyman,喜欢,洛杉矶天使,2024-11-26,1.000000
Jon Heyman,认为优秀,洛杉矶天使,2024-11-26,1.000000
Jon Heyman,认为缺乏,洛杉矶天使,2024-11-26,1.000000
Jon Heyman,认为优秀,菊池雄星,2024-11-26,1.000000
Jon Heyman,认可,洛杉矶天使,2024-11-26,1.000000
Jon Heyman,相信,洛杉矶天使,2024-11-26,1.000000
Jon Heyman,认为可靠,洛杉矶天使,2024-11-26,1.000000
Jon Heyman,欣赏,洛杉矶天使,2024-11-26,1.000000
Jon Heyman,认为恐怖,洛杉矶天使,2024-11-26,1.000000
Jon Heyman,感到满意,洛杉矶天使,2024-11-26,1.000000
Jon Heyman,增进,洛杉矶天使,2024-11-26,1.000000
Jon Heyman,视作英雄,菊池雄星,2024-11-26,1.000000
王柏融,认为恐怖,上韩国队,2024-11-29,1.000000
中华队,认为恐怖,上韩国队,2024-11-29,1.000000
王柏融,认为优秀,中华队,2024-11-29,1.000000
黄文志,担忧,生育率下降,2024-11-28,1.000000
黄明太,批评,陈菊,2024-11-28,1.000000
黄明太,感到不满,陈菊,2024-11-28,1.000000
傅崐萁,认为恐怖,郭智辉,2024-11-19,1.000000
傅崐萁,批评,郭智辉,2024-11-19,1.000000
经济部长郭智辉,主导,崇越科技,2024-11-19,1.000000
傅崐萁,欣赏,郭智辉,2024-11-19,1.000000
傅崐萁,相信,郭智辉,2024-11-19,1.000000
傅崐萁,攻击,郭智辉,2024-11-19,1.000000
傅崐萁,主导,崇越科技,2024-11-19,1.000000
傅崐萁,担忧,郭智辉,2024-11-19,1.000000
郭智辉,主导,崇越科技,2024-11-19,1.000000
傅崐萁,认为违规,绿能政策,2024-11-19,1.000000
傅崐萁,感到不满,郭智辉,2024-11-19,1.000000
傅崐萁,威胁,郭智辉,2024-11-19,1.000000
傅崐萁,认为犯罪,郭智辉,2024-11-19,1.000000
傅崐萁,认为有暴力,郭智辉,2024-11-19,1.000000
傅崐萁,质疑,郭智辉,2024-11-19,1.000000
傅崐萁,认为违规,郭智辉,2024-11-19,1.000000
傅崐萁,感到不满,郭智辉,2024-11-18,1.000000
八里3车连环车祸,损害,2线道交通,2024-11-27,1.000000
南韩国防部长,感到不满,国民,2024-11-29,1.000000
南韩国防部长,认为有威胁,国民,2024-11-29,1.000000
南韩国防部长,担忧,国民,2024-11-29,1.000000
南韩国防部长,威胁,国民,2024-11-29,1.000000
皮尤研究中心,认为失败,美中经贸战,2024-11-27,1.000000
黄仁勋,主导,辉达正,2024-11-21,1.000000
曾豪驹,攻击,吉力吉捞・巩冠,2024-11-21,1.000000
朱育贤,攻击,张政禹,2024-11-21,1.000000
中华队,主导,牛棚车轮战,2024-11-21,1.000000
中华队,损害,对手打线,2024-11-21,1.000000
张政禹,攻击,江坤宇,2024-11-21,1.000000
许多民众,喜欢,金黄色的炒蛋,2024-10-22,1.000000
林莹真,损害,俄女,2024-10-22,1.000000
许多民众,增进,美味度,2024-10-22,1.000000
许多民众,欣赏,金黄色的炒蛋,2024-10-22,1.000000
江国豪,攻击,辰己凉介,2024-11-26,1.000000
赖清德总统,喜欢,林昱珉,2024-11-26,1.000000
辰己凉介,认为恐怖,江国豪,2024-11-26,1.000000
赖清德总统,欢迎,林昱珉,2024-11-26,1.000000
辰己凉介,质疑,江国豪,2024-11-26,1.000000
辰己凉介,感到不满,江国豪,2024-11-26,1.000000
辰己凉介,威胁,江国豪,2024-11-26,1.000000
美日职棒球团,支持,辰己凉介,2024-11-26,1.000000
江国豪,支持,辰己凉介,2024-11-26,1.000000
美日职棒球团,认为优秀,中华队队长陈杰宪,2024-11-26,1.000000
日职乐天金鹫队,欢迎,辰己凉介,2024-11-26,1.000000
江国豪,认可,辰己凉介,2024-11-26,1.000000
赖清德总统,认为优秀,林昱珉,2024-11-26,1.000000
辰己凉介,感到满意,江国豪,2024-11-26,1.000000
江国豪,质疑,辰己凉介,2024-11-26,1.000000
辰己凉介,攻击,江国豪,2024-11-26,1.000000
辰己凉介,认为有暴力,江国豪,2024-11-26,1.000000
辰己凉介,认为违规,江国豪,2024-11-26,1.000000
赖清德总统,攻击,林昱珉,2024-11-26,1.000000
江国豪,喜欢,日球迷,2024-11-26,1.000000
辰己凉介,喜欢,江国豪,2024-11-26,1.000000
日职乐天金鹫队,质疑,辰己凉介,2024-11-26,1.000000
辰己凉介,喜欢,日球迷,2024-11-27,1.000000
辰己凉介,担忧,江国豪,2024-11-27,1.000000
郭俊麟,认为有暴力,陈冠宇,2024-11-27,1.000000
郭俊麟,认为违规,陈冠宇,2024-11-27,1.000000
辰己凉介,认为失败,中华队,2024-11-27,1.000000
江国豪,认为失败,中华队,2024-11-27,1.000000
郭俊麟,感到满意,陈冠宇,2024-11-27,1.000000
郭俊麟,相信,陈冠宇,2024-11-27,1.000000
郭俊麟,喜欢,陈冠宇,2024-11-27,1.000000
辰己凉介,质疑,江国豪,2024-11-27,1.000000
郭俊麟,欢迎,陈冠宇,2024-11-27,1.000000
陈冠宇,感到满意,郭俊麟,2024-11-27,1.000000
郭俊麟,担忧,陈冠宇,2024-11-27,1.000000
辰己凉介,批评,江国豪,2024-11-27,1.000000
郭俊麟,支持,陈冠宇,2024-11-27,1.000000
辰己凉介,感到不满,江国豪,2024-11-27,1.000000
辰己凉介,威胁,江国豪,2024-11-27,1.000000
美日职棒球团,认为优秀,中华队队长陈杰宪,2024-11-27,1.000000
江国豪,支持,辰己凉介,2024-11-27,1.000000
辰己凉介,欣赏,江国豪,2024-11-27,1.000000
郭俊麟,认为可靠,陈冠宇,2024-11-27,1.000000
郭俊麟,认为热情,陈冠宇,2024-11-27,1.000000
陈冠宇,喜欢,郭俊麟,2024-11-27,1.000000
郭俊麟,认可,陈冠宇,2024-11-27,1.000000
郭俊麟,质疑,陈冠宇,2024-11-27,1.000000
郭俊麟,感到不满,陈冠宇,2024-11-27,1.000000
辰己凉介,攻击,江国豪,2024-11-27,1.000000
辰己凉介,认为有暴力,江国豪,2024-11-27,1.000000
辰己凉介,认为违规,江国豪,2024-11-27,1.000000
郭俊麟,视作英雄,陈冠宇,2024-11-27,1.000000
江国豪,喜欢,日球迷,2024-11-27,1.000000
台湾运彩,感到满意,日本夺冠,2024-11-23,1.000000
台湾运彩,认可,日本夺冠,2024-11-23,1.000000
台湾运彩,认为失败,日本夺冠,2024-11-23,1.000000
台湾运彩,认为可靠,日本,2024-11-23,1.000000
台湾运彩,主导,日本夺冠,2024-11-23,1.000000
台湾运彩,支持,日本夺冠,2024-11-23,1.000000
阮慕骅,主导,美股「微策略」,2024-10-23,1.000000
大谷,增进,棒球发展,2024-11-26,1.000000
Jed Hoyer,认为失败,国联赛扬奖,2024-11-26,1.000000
国联赛扬奖,攻击,大联盟,2024-11-26,1.000000
Jed Hoyer,感到满意,国联赛扬奖,2024-11-26,1.000000
国联赛扬奖,威胁,大联盟,2024-11-26,1.000000
工研院科技讲堂,认为可靠,政府维持电力稳定供应,2024-11-27,1.000000
陈宏益,质疑,台电公司,2024-11-27,1.000000
蔡佳晋,认为可靠,宝晶能源,2024-11-27,1.000000
台中电厂,认为有成就,宝晶能源,2024-11-27,1.000000
卓荣泰,欣赏,台中电厂,2024-11-27,1.000000
周一婷,担忧,台中电厂,2024-11-27,1.000000
蔡佳晋,质疑,宝晶能源,2024-11-27,1.000000
骆秉正,支持,台湾再生能源转型,2024-11-27,1.000000
义电智慧能源虚拟电厂,主导,台湾能源转型,2024-11-27,1.000000
日月光投控,认为有成就,宝晶能源,2024-11-27,1.000000
台电,认为失败,台中增气计划,2024-11-27,1.000000
蔡政府,主导,增二气拆二煤,2024-11-27,1.000000
周一婷,认为失败,台中增气计划,2024-11-27,1.000000
卓荣泰,增进,二气拆二煤,2024-11-27,1.000000
工研院科技讲堂,认为失败,台中增气计划,2024-11-27,1.000000
蔡政府,增进,二气拆二煤,2024-11-27,1.000000
台电,主导,台中增气计划,2024-11-27,1.000000
蔡佳晋,认为有成就,宝晶能源,2024-11-27,1.000000
卡明斯,担忧,被马斯克,2024-11-28,1.000000
特朗普,损害,中国,2024-10-24,1.000000
政治大学东亚研究所,相信,特朗普,2024-10-24,1.000000
薛健吾,欣赏,特朗普,2024-10-24,1.000000
许先生,认为优秀,特朗普,2024-10-24,1.000000
郭加泳,认为恐怖,夜 川普,2024-10-24,1.000000
薛健吾,认为优秀,特朗普,2024-10-24,1.000000
胡瑞舟,质疑,特朗普,2024-10-24,1.000000
许先生,感到不满,特朗普,2024-10-24,1.000000
许先生,喜欢,特朗普,2024-10-24,1.000000
李昕儒,认为恐怖,夜 川普,2024-10-24,1.000000
郭书廷,认为热情,特朗普,2024-10-24,1.000000
郭书廷,批评,特朗普,2024-10-24,1.000000
许先生,认可,特朗普,2024-10-24,1.000000
郭书廷,感到不满,特朗普,2024-10-24,1.000000
许先生,认为有成就,特朗普,2024-10-24,1.000000
薛健吾,担忧,特朗普,2024-10-24,1.000000
李昕儒,相信,夜 川普,2024-10-24,1.000000
郭书廷,喜欢,特朗普,2024-10-24,1.000000
政治大学东亚研究所,质疑,特朗普,2024-10-24,1.000000
政治大学东亚研究所,欣赏,特朗普,2024-10-24,1.000000
许先生,认为犯罪,特朗普,2024-10-24,1.000000
许先生,担忧,特朗普,2024-10-24,1.000000
许先生,视作英雄,特朗普,2024-10-24,1.000000
郭书廷,相信,特朗普,2024-10-24,1.000000
薛健吾,质疑,特朗普,2024-10-24,1.000000
郭书廷,支持,特朗普,2024-10-24,1.000000
许先生,认为失败,特朗普,2024-10-24,1.000000
郭书廷,认为犯罪,特朗普,2024-10-24,1.000000
许先生,攻击,特朗普,2024-10-24,1.000000
郭书廷,担忧,特朗普,2024-10-24,1.000000
郭书廷,认为有成就,特朗普,2024-10-24,1.000000
许先生,欣赏,特朗普,2024-10-24,1.000000
薛健吾,认可,特朗普,2024-10-24,1.000000
郭书廷,视作英雄,特朗普,2024-10-24,1.000000
解放军,质疑,特朗普,2024-10-24,1.000000
李昕儒,感到不满,夜 川普,2024-10-24,1.000000
台湾产业界,视作英雄,郭加泳,2024-10-24,1.000000
郭书廷,感到满意,特朗普,2024-10-24,1.000000
郭书廷,认为优秀,特朗普,2024-10-24,1.000000
薛健吾,认为优秀,民主党党纲,2024-10-24,1.000000
郭书廷,欣赏,特朗普,2024-10-24,1.000000
许先生,认为恐怖,特朗普,2024-10-24,1.000000
许先生,认为缺乏,特朗普,2024-10-24,1.000000
郭书廷,认可,特朗普,2024-10-24,1.000000
胡瑞舟,增进,中国崛起,2024-10-24,1.000000
许先生,认为违规,特朗普,2024-10-24,1.000000
许先生,质疑,特朗普,2024-10-24,1.000000
郭书廷,认为有威胁,特朗普,2024-10-24,1.000000
许先生,相信,特朗普,2024-10-24,1.000000
郭书廷,认为恐怖,特朗普,2024-10-24,1.000000
薛健吾,认为恐怖,民主党党纲,2024-10-24,1.000000
郭书廷,认为有危机,特朗普,2024-10-24,1.000000
郭书廷,认为违规,特朗普,2024-10-24,1.000000
郭书廷,质疑,特朗普,2024-10-24,1.000000
李昕儒,喜欢,夜 川普,2024-10-24,1.000000
许先生,主导,特朗普,2024-10-24,1.000000
郭书廷,认为失败,特朗普,2024-10-24,1.000000
郭书廷,认为有暴力,特朗普,2024-10-24,1.000000
许先生,批评,特朗普,2024-10-24,1.000000
薛健吾,感到不满,特朗普,2024-10-24,1.000000
政治大学东亚研究所,认为有成就,民主党党纲,2024-10-24,1.000000
许先生,感到满意,特朗普,2024-10-24,1.000000
李昕儒,支持,夜 川普,2024-10-24,1.000000
郭书廷,威胁,特朗普,2024-10-24,1.000000
郭加泳,感到不满,特朗普,2024-10-24,1.000000
台湾民众关切特朗普,认为有危机,台海问题,2024-10-24,1.000000
李昕儒,担忧,夜 川普,2024-10-24,1.000000
薛健吾,相信,特朗普,2024-10-24,1.000000
郭书廷,认为可靠,特朗普,2024-10-24,1.000000
薛健吾,支持,特朗普,2024-10-24,1.000000
许先生,支持,特朗普,2024-10-24,1.000000
郭书廷,认为缺乏,特朗普,2024-10-24,1.000000
许先生,威胁,特朗普,2024-10-24,1.000000
特朗普,威胁,中国,2024-10-24,1.000000
胡瑞舟,认为可靠,亚洲,2024-10-24,1.000000
有态度的男人,认为有暴力,江坤宇,2024-11-21,1.000000
有态度的男人,感到不满,江坤宇,2024-11-21,1.000000
有态度的男人,喜欢,江坤宇,2024-11-21,1.000000
江坤宇,认为有威胁,美国,2024-11-21,1.000000
蔡前总统,喜欢,捷克各界友人,2024-11-19,1.000000
蔡前总统,主导,访问捷克,2024-11-19,1.000000
捷克政府,认为优秀,台捷韧性计划,2024-11-19,1.000000
本人,感谢,捷克政府,2024-11-19,1.000000
捷克政府,支持,台捷韧性计划,2024-11-19,1.000000
捷克政府,主导,台捷韧性计划,2024-11-19,1.000000
台湾政府,视作英雄,蔡前总统,2024-11-19,1.000000
本人,感到满意,捷克政府,2024-11-19,1.000000
本人,视作英雄,蔡前总统,2024-11-19,1.000000
捷克政府,认为失败,台捷韧性计划,2024-11-19,1.000000
捷克政府,增进,台捷韧性计划,2024-11-19,1.000000
捷克政府,认可,台捷韧性计划,2024-11-19,1.000000
蔡前总统,感谢,捷克各界友人,2024-11-19,1.000000
蔡前总统,欢迎,捷克各界友人,2024-11-19,1.000000
捷克,主导,台捷韧性计划,2024-11-19,1.000000
以色列,增进,以巴停火,2024-08-27,1.000000
台湾中国时报,认为有危机,劳动部霸凌风波,2024-11-30,1.000000
吴子嘉,认为优秀,棒球冠军,2024-11-30,1.000000
吴子嘉,认为有危机,劳动部霸凌风波,2024-11-30,1.000000
张禹宣,喜欢,中华队,2024-11-30,1.000000
《美丽岛电子报》,认为有危机,劳动部霸凌风波,2024-11-30,1.000000
吴子嘉,主导,《关键时刻》,2024-11-30,1.000000
张忠,威胁,黄仁勋,2024-11-28,1.000000
张忠,欢迎,黄仁勋,2024-11-28,1.000000
张忠,认为优秀,黄仁勋,2024-11-28,1.000000
张忠,质疑,黄仁勋,2024-11-28,1.000000
张忠,视作英雄,黄仁勋,2024-11-28,1.000000
张忠,攻击,黄仁勋,2024-11-28,1.000000
黄仁勋,主导,CES演讲,2024-11-28,1.000000
马利克,增进,AI技术,2024-11-28,1.000000
张忠,威胁,黄仁勋,2024-11-28,1.000000
黄仁勋,主导,CES演讲,2024-11-28,1.000000
萧宥宸,主导,CES登台演讲,2024-11-28,1.000000
张忠,攻击,黄仁勋,2024-11-28,1.000000
张忠,质疑,黄仁勋,2024-11-28,1.000000
江文兴,担忧,台中港,2024-11-28,1.000000
江文兴,认为可靠,台中港,2024-11-28,1.000000
江文兴,认为有危机,台中港,2024-11-28,1.000000
江文兴,认可,台中港,2024-11-28,1.000000
江文兴,认为有威胁,台中港,2024-11-28,1.000000
宫本胜浩,认为有危机,大谷翔平,2024-11-22,1.000000
中国大陆,增进,自给自足,2024-11-22,1.000000
黄仁勋,质疑,两岸红线 辉达陆,2024-11-22,1.000000
黄仁勋,威胁,两岸红线 辉达陆,2024-11-22,1.000000
日本银行（央行）,主导,法国大选,2024-11-22,1.000000
黄仁勋,认为可靠,两岸红线 辉,2024-11-22,1.000000
黄仁勋,担忧,两岸红线 辉达陆,2024-11-22,1.000000
辉达,增进,下一代GPU,2024-11-22,1.000000
黄仁勋,认为犯罪,两岸红线 辉,2024-11-22,1.000000
黄仁勋,攻击,两岸红线 辉达陆,2024-11-22,1.000000
祖克柏,增进,AI发展,2024-11-22,1.000000
黄仁勋,认为恐怖,两岸红线 辉,2024-11-22,1.000000
黄仁勋,损害,两岸红线 辉达陆,2024-11-22,1.000000
宫本胜浩,认为恐怖,大谷翔平,2024-11-22,1.000000
宫本胜浩,认为优秀,大谷翔平,2024-11-22,1.000000
日本银行（央行）,认为恐怖,法国大选,2024-11-22,1.000000
日本银行（央行）,认为失败,法国大选,2024-11-22,1.000000
黄仁勋,认为失败,两岸红线 辉,2024-11-22,1.000000
黄仁勋,批评,两岸红线 辉达陆,2024-11-22,1.000000
祖克柏,损害,AI发展,2024-11-22,1.000000
联邦当局,损害,谷歌,2024-11-22,1.000000
宫本胜浩,认为有暴力,大谷翔平,2024-11-22,1.000000
新北市府,认为有暴力,台电官司,2024-11-27,1.000000
工商协进会,担忧,核电归零后缺电,2024-11-27,1.000000
美科技巨头,认为失败,小型核反应器,2024-11-27,1.000000
中研院,增进,能源发展,2024-11-27,1.000000
王伯辉,认为优秀,核一厂,2024-11-27,1.000000
工商协进会,认可,核电延役,2024-11-27,1.000000
美科技巨头,认为犯罪,小型核反应器,2024-11-27,1.000000
美科技巨头,认为有暴力,小型核反应器,2024-11-27,1.000000
工商协进会,损害,核缺电,2024-11-27,1.000000
美科技巨头,认为缺乏,小型核反应器,2024-11-27,1.000000
美科技巨头,认为恐怖,小型核反应器,2024-11-27,1.000000
谷立言,支持,台积电,2024-11-27,1.000000
郭哲敏,批评,张禹宣,2024-11-30,1.000000
许铭春,批评,张禹宣,2024-11-30,1.000000
张禹宣,认为优秀,陈启昱,2024-11-30,1.000000
谢宜容,批评,张禹宣,2024-11-30,1.000000
许铭春,批评,张禹宣,2024-11-30,1.000000
郭哲敏,批评,张禹宣,2024-11-30,1.000000
《美丽岛电子报》,主导,"最新
民调",2024-11-30,1.000000
许铭春,质疑,张禹宣,2024-11-30,1.000000
张禹宣,认为优秀,陈启昱,2024-11-30,1.000000
谢宜容,批评,张禹宣,2024-11-30,1.000000
布鲁斯史普林斯汀,相信,法治,2024-10-25,1.000000
贺锦丽,主导,恐川牌,2024-11-26,1.000000
郭雅慧,主导,美总统大选,2024-11-26,1.000000
美国,主导,美总统大选,2024-11-26,1.000000
郭崇伦,欢迎,严震生教授,2024-11-26,1.000000
立法院财委会,攻击,陈玉珍,2024-11-26,1.000000
美国,主导,川普风暴回归,2024-11-26,1.000000
郭崇伦会客室,欢迎,严震生教授,2024-11-26,1.000000
拜登,认为非法,中国大陆,2024-11-21,1.000000
投审会,认可,台积电,2024-11-21,1.000000
拜登,质疑,中国大陆,2024-11-21,1.000000
拜登,认为可靠,中国大陆,2024-11-21,1.000000
拜登,认为恐怖,中国大陆,2024-11-21,1.000000
拜登,欣赏,中国大陆,2024-11-21,1.000000
孙晓雅,主导,「疑美论」,2024-11-21,1.000000
蔡英文,主导,台积电,2024-11-21,1.000000
蔡政府,支持,拜登政府,2024-11-21,1.000000
蔡政府,主导,拜登政府,2024-11-21,1.000000
卓荣泰,相信,日本,2024-11-21,1.000000
拜登,担忧,中国大陆,2024-11-21,1.000000
拜登,认为有威胁,中国大陆,2024-11-21,1.000000
拜登,认为有危机,中国大陆,2024-11-21,1.000000
拜登,增进,美陆关系,2024-11-21,1.000000
郑铭谦,批评,检方押人取供,2024-10-22,1.000000
林楚茵,认为非法,美国,2024-11-19,1.000000
镜周刊,增进,中加墨关税,2024-11-29,1.000000
郑姓住户,认为有暴力,林姓男子,2024-11-29,1.000000
章骏城,认为有暴力,林姓男子,2024-11-29,1.000000
郑姓住户,相信,一名林姓男子,2024-11-29,1.000000
郑姓住户,认为犯罪,林姓男子,2024-11-29,1.000000
郑姓住户,质疑,一名林姓男子,2024-11-29,1.000000
郑姓住户,认为恐怖,林姓男子,2024-11-29,1.000000
郑姓住户,威胁,林姓男子,2024-11-29,1.000000
Y·普丁塞瓦,认为失败,王欣瑜,2024-08-29,1.000000
Y·普丁塞瓦,攻击,王欣瑜,2024-08-29,1.000000
拉斯洛·杰雷,认为失败,乔科维奇,2024-08-29,1.000000
Y·普丁塞瓦,视作英雄,王欣瑜,2024-08-29,1.000000
最高法院,认为犯罪,封口费案,2024-08-28,1.000000
联邦法院,认为犯罪,封口费案,2024-08-28,1.000000
最高法院,认为非法,川普的私人行为,2024-08-28,1.000000
林祐任,认为犯罪,川普的封口费案,2024-08-28,1.000000
史密斯,认为犯罪,封口费案,2024-08-28,1.000000
《陆军时报》,视作英雄,罗杰斯中士,2024-11-19,1.000000
丘学升,视作英雄,罗杰斯中士,2024-11-19,1.000000
中共解放军,增进,菲律宾战略地位,2024-11-19,1.000000
中共解放军,认为可靠,菲律宾战略地位,2024-11-19,1.000000
日本本州,质疑,日本,2024-11-19,1.000000
许咏翔,认为有威胁,中国,2024-10-27,1.000000
G7外长,感谢,· 美,2024-11-28,1.000000
立法院,相信,明天许多委员,2024-09-26,1.000000
万美玲,认为有成就,郭智辉,2024-09-26,1.000000
万美玲,相信,明天许多委员,2024-09-26,1.000000
华纳兄弟探索集团,担忧,苹果,2024-11-27,1.000000
赖清德总统,认为失败,共军,2024-11-27,1.000000
百度,主导,「萝卜快跑」,2024-11-27,1.000000
赖清德总统,认为有危机,共军,2024-11-27,1.000000
赖清德总统,担忧,共军,2024-11-27,1.000000
赖清德总统,认为有威胁,实体世界的军演,2024-11-27,1.000000
403大地震,损害,花莲太鲁阁,2024-11-27,1.000000
赖清德总统,认为有威胁,共军,2024-11-27,1.000000
赖清德总统,主导,「祖国论」,2024-11-27,1.000000
「祖国论」,认为有威胁,实体世界的军演,2024-11-27,1.000000
华纳兄弟探索集团,喜欢,苹果,2024-11-27,1.000000
香港证交所,增进,虚拟资产指数系列,2024-11-27,1.000000
东风汽车集团,攻击,丰田,2024-11-29,1.000000
东风汽车集团,认为有危机,日产,2024-11-29,1.000000
高恩,主导,「复兴计划」,2024-11-29,1.000000
北美,损害,日产,2024-11-29,1.000000
美国,感到满意,华为,2024-11-29,1.000000
美国,威胁,华为,2024-11-29,1.000000
美国,攻击,华为,2024-11-29,1.000000
川普,感到不满,华为,2024-11-29,1.000000
美国,认为犯罪,华为,2024-11-29,1.000000
美国,损害,华为,2024-11-29,1.000000
高恩,增进,「复兴计划」,2024-11-29,1.000000
东风汽车集团,损害,丰田,2024-11-29,1.000000
美国,认为非法,华为,2024-11-29,1.000000
美国,认为有威胁,华为,2024-11-29,1.000000
村上世彰,主导,新加坡基金,2024-11-29,1.000000
美国,认为恐怖,华为,2024-11-29,1.000000
美国,喜欢,华为,2024-11-29,1.000000
美国,认为违规,华为,2024-11-29,1.000000
美国,感到不满,华为,2024-11-29,1.000000
美国,担忧,华为,2024-11-29,1.000000
北美,威胁,华为,2024-11-29,1.000000
北美,损害,华为,2024-11-29,1.000000
美国,主导,华为,2024-11-29,1.000000
村上世彰,主导,村上基金,2024-11-29,1.000000
美国,认为有成就,华为,2024-11-29,1.000000
美国,认可,华为,2024-11-29,1.000000
东风汽车集团,认为有威胁,日产,2024-11-29,1.000000
东风汽车集团,攻击,本田,2024-11-29,1.000000
美国,增进,华为,2024-11-29,1.000000
美国,认为有暴力,华为,2024-11-29,1.000000
美国,认为优秀,华为,2024-11-29,1.000000
东风汽车集团,威胁,本田,2024-11-29,1.000000
美国,支持,华为,2024-11-29,1.000000
美国,欣赏,华为,2024-11-29,1.000000
美国,认为有危机,华为,2024-11-29,1.000000
高恩,认为有危机,日产,2024-11-29,1.000000
东风汽车集团,损害,本田,2024-11-29,1.000000
美国,欢迎,华为,2024-11-29,1.000000
美国,认为失败,华为,2024-11-29,1.000000
东风日产,支持,华为,2024-11-29,1.000000
美国,认为可靠,华为,2024-11-29,1.000000
东风汽车集团,威胁,丰田,2024-11-29,1.000000
美国,质疑,华为,2024-11-29,1.000000
米勒,质疑,晶片法,2024-11-29,1.000000
中港,认为失败,美中对峙,2024-11-21,1.000000
中港,攻击,美中对峙,2024-11-21,1.000000
倪誉玮,视作英雄,吴俊伟,2024-11-21,1.000000
拉杜·阿尔伯特,攻击,科维奇,2024-08-26,1.000000
贺锦丽当选,主导,绿能政策,2024-11-19,1.000000
贺锦丽当选,认为非法,绿能政策,2024-11-19,1.000000
贺锦丽当选,增进,绿能政策,2024-11-19,1.000000
贺锦丽当选,支持,绿能政策,2024-11-19,1.000000
贺锦丽当选,认为缺乏,绿能政策,2024-11-19,1.000000
中华队,认为失败,日本队,2024-11-25,1.000000
中华队,攻击,日本队,2024-11-25,1.000000
连大谷翔平,认为优秀,台湾球员,2024-11-25,1.000000
Ryan Ward,认为失败,美委战,2024-11-25,1.000000
中共围台军演,增进,东部防务,2024-11-28,1.000000
张曼娟,质疑,琼瑶,2024-11-21,1.000000
日籍车手角田裕毅,感谢,台中市长卢秀燕,2024-09-28,1.000000
日籍F1车手角田裕毅,喜欢,珍珠奶茶,2024-09-28,1.000000
角田裕毅,喜欢,珍珠奶茶,2024-09-28,1.000000
日籍车手角田裕毅,喜欢,珍珠奶茶,2024-09-28,1.000000
林彦谊,支持,《NOWnews》,2024-11-26,1.000000
林彦谊,感谢,《NOWnews》,2024-11-26,1.000000
《NOWnews》,增进,公民提案竞赛,2024-11-26,1.000000
林彦谊,认为恐怖,杜芬舒斯博士,2024-11-26,1.000000
林彦谊,感到满意,《NOWnews》,2024-11-26,1.000000
陈禹心,认为犯罪,杜芬舒斯博士,2024-11-26,1.000000
她,感谢,《NOWnews》,2024-11-26,1.000000
林彦谊,认为失败,群雄,2024-11-26,1.000000
她,感到满意,《NOWnews》,2024-11-26,1.000000
林彦谊,认可,《NOWnews》,2024-11-26,1.000000
《NOWnews》,主导,公民提案竞赛,2024-11-26,1.000000
陈禹心,认为恐怖,杜芬舒斯博士,2024-11-26,1.000000
民主党,主导,美中贸易大战,2024-11-18,1.000000
蔡文瑞,主导,美中贸易大战,2024-11-18,1.000000
台商,主导,美中贸易大战,2024-11-18,1.000000
纽泽西州议会,主导,「台湾连线」,2024-10-30,1.000000
纽泽西州议会,认可,「台湾连线」,2024-10-30,1.000000
李志强,主导,「台湾连线」,2024-10-30,1.000000
邱议莹,批评,李四川,2024-08-25,1.000000
邱议莹,支持,李四川,2024-08-25,1.000000
邱议莹,认为热情,李四川,2024-08-25,1.000000
邱议莹,质疑,李四川,2024-08-25,1.000000
邱议莹,攻击,李四川,2024-08-25,1.000000
邱议莹,感到不满,李四川,2024-08-25,1.000000
邱议莹,认可,李四川,2024-08-25,1.000000
邱议莹,认为有暴力,李四川,2024-08-25,1.000000
邱议莹,担忧,李四川,2024-08-25,1.000000
邱议莹,相信,李四川,2024-08-25,1.000000
邱议莹,威胁,李四川,2024-08-25,1.000000
桃园市政府消防局,攻击,加油岛,2024-11-25,1.000000
中国信托银行,攻击,台湾体育,2024-11-29,1.000000
中国信托,攻击,台湾体育,2024-11-29,1.000000
台湾人寿,主导,祖孙三代健走,2024-11-29,1.000000
史哲,欢迎,中国信托,2024-11-29,1.000000
中国信托,主导,台湾体育,2024-11-29,1.000000
史哲,感谢,中国信托,2024-11-29,1.000000
中国信托,增进,台湾体育,2024-11-29,1.000000
中国信托慈善基金会,主导,「爱接棒计划」,2024-11-29,1.000000
史哲,攻击,陈江,2024-11-29,1.000000
孙纪兰,攻击,陈江,2024-11-29,1.000000
中国信托慈善基金会,增进,「爱接棒计划」,2024-11-29,1.000000
中国信托,增进,台湾高尔夫实力,2024-11-29,1.000000
孙纪兰,感谢,中国信托,2024-11-29,1.000000
中国信托银行,主导,台湾棒球运,2024-11-29,1.000000
中国信托金融控股公司,增进,台湾体坛,2024-11-29,1.000000
中国信托银行,支持,台湾体育,2024-11-29,1.000000
中国信托,支持,吴佳晏,2024-11-29,1.000000
中国信托,支持,台湾体育,2024-11-29,1.000000
中国信托金融控股公司,支持,台湾体坛,2024-11-29,1.000000
中国信托,主导,「爱接棒计划」,2024-11-29,1.000000
辜仲谅,喜欢,中华队,2024-11-29,1.000000
陈江,感到满意,中国信托,2024-11-29,1.000000
辜仲谅,增进,台湾棒球实力,2024-11-29,1.000000
陈江,欢迎,中国信托,2024-11-29,1.000000
林永胜,感谢,中国信托,2024-11-29,1.000000
林永胜,攻击,陈江,2024-11-29,1.000000
中国信托银行,视作英雄,史哲,2024-11-29,1.000000
辜仲谅,欢迎,中华队,2024-11-29,1.000000
辜仲谅,支持,中华队,2024-11-29,1.000000
中国信托银行,增进,台湾棒球运,2024-11-29,1.000000
中信银行,主导,「爱接棒计划」,2024-11-29,1.000000
中国信托慈善基金会,支持,「爱接棒计划」,2024-11-29,1.000000
中国信托,视作英雄,史哲,2024-11-29,1.000000
中国信托银行,支持,台湾棒球运,2024-11-29,1.000000
陈江,感谢,中国信托,2024-11-29,1.000000
中国信托金融控股公司,攻击,台湾体育,2024-11-29,1.000000
中国信托银行,主导,台湾体育,2024-11-29,1.000000
中国信托金融控股公司,主导,台湾体坛,2024-11-29,1.000000
史哲,感到满意,中国信托,2024-11-29,1.000000
潘杰楷阳春,认为优秀,邱智呈,2024-11-21,1.000000
潘杰楷,视作英雄,江坤宇,2024-11-21,1.000000
潘杰楷阳春,视作英雄,邱智呈,2024-11-21,1.000000
潘杰楷,认为优秀,中华队,2024-11-21,1.000000
林家正,认为优秀,中华队,2024-11-21,1.000000
林凯威,威胁,日本,2024-11-25,1.000000
爱尔达体育台,主导,台日冠军战,2024-11-25,1.000000
林凯威,认为有威胁,日本,2024-11-25,1.000000
程耀辉,质疑,和平电力,2024-11-21,1.000000
程耀辉,认为可靠,和平电力,2024-11-21,1.000000
张安平,增进,全球能源布局,2024-11-21,1.000000
台泥资产管理开发公司,欢迎,其他企业集团,2024-11-21,1.000000
张安平,增进,全球能源布局,2024-11-21,1.000000
台泥,增进,全球能源布局,2024-11-21,1.000000
张安平,认为有成就,台泥集团,2024-11-21,1.000000
台泥集团,欢迎,其他企业集团,2024-11-21,1.000000
台泥集团,主导,台北信义土地开发案,2024-11-21,1.000000
秦国际,主导,「炸鸡大狮」,2024-09-22,1.000000
以色列,攻击,伊朗,2024-10-27,1.000000
以色列,威胁,伊朗,2024-10-27,1.000000
叶政勋,认为有危机,委内瑞拉,2024-11-21,1.000000
陈柏清,认为有威胁,委内瑞拉,2024-11-21,1.000000
陈柏清,威胁,委内瑞拉,2024-11-21,1.000000
叶政勋,认为失败,委内瑞拉,2024-11-21,1.000000
曾豪驹,认为有威胁,委内瑞拉,2024-11-21,1.000000
中华队,攻击,委内瑞拉,2024-11-21,1.000000
曾豪驹,威胁,委内瑞拉,2024-11-21,1.000000
曾豪驹,认为失败,委内瑞拉,2024-11-21,1.000000
叶政勋,认为恐怖,委内瑞拉,2024-11-21,1.000000
叶政勋,威胁,委内瑞拉,2024-11-21,1.000000
林昱珉,认为非法,委内瑞拉,2024-11-21,1.000000
中华队,认为有威胁,委内瑞拉,2024-11-21,1.000000
叶政勋,认为有威胁,委内瑞拉,2024-11-21,1.000000
中华队,威胁,委内瑞拉,2024-11-21,1.000000
叶政勋,认为优秀,林昱珉,2024-11-21,1.000000
庄昕谚,认为有危机,委内瑞拉,2024-11-21,1.000000
叶政勋,认为有暴力,委内瑞拉,2024-11-21,1.000000
陈柏清,认为有危机,委内瑞拉,2024-11-21,1.000000
庄昕谚,认为失败,委内瑞拉,2024-11-21,1.000000
潘杰楷,攻击,朱育贤,2024-11-21,1.000000
庄昕谚,认为有威胁,委内瑞拉,2024-11-21,1.000000
庄昕谚,威胁,委内瑞拉,2024-11-21,1.000000
叶政勋,认为可靠,委内瑞拉,2024-11-21,1.000000
曾豪驹,主导,「后援车轮战」,2024-11-21,1.000000
日本政府防卫省,攻击,珍珠港,2024-11-27,1.000000
伯恩斯,增进,美中交往,2024-11-27,1.000000
山本由伸,威胁,洋基,2024-11-27,1.000000
松坂大辅,视作英雄,山本由伸,2024-11-27,1.000000
松坂大辅,欢迎,山本由伸,2024-11-27,1.000000
「纽约时报」,认为恐怖,反美阴谋,2024-11-27,1.000000
观察家,担忧,双方若无节制,2024-11-27,1.000000
许光汉,主导,《正港分局》,2024-11-27,1.000000
松坂大辅,损害,山本由伸,2024-11-27,1.000000
松坂大辅,支持,山本由伸,2024-11-27,1.000000
松坂大辅,认为有成就,山本由伸,2024-11-27,1.000000
反美阴谋,视作英雄,林白,2024-11-27,1.000000
松坂大辅,欣赏,山本由伸,2024-11-27,1.000000
美大使伯恩斯,增进,美中交往,2024-11-27,1.000000
松坂大辅,感到满意,山本由伸,2024-11-27,1.000000
「纽约时报」,视作英雄,林白,2024-11-27,1.000000
法兰兹罗戈斯基,主导,《流浪吉普赛》,2024-11-27,1.000000
松坂大辅,认为可靠,山本由伸,2024-11-27,1.000000
松坂大辅,认为优秀,山本由伸,2024-11-27,1.000000
松坂大辅,喜欢,山本由伸,2024-11-27,1.000000
宫崎机场,损害,大谷翔平,2024-11-27,1.000000
松坂大辅,认为有暴力,山本由伸,2024-11-27,1.000000
松坂大辅,攻击,山本由伸,2024-11-27,1.000000
日本政府防卫省,损害,大谷翔平,2024-11-27,1.000000
松坂大辅,感到不满,山本由伸,2024-11-27,1.000000
日本,视作英雄,林白,2024-11-27,1.000000
古林睿炀,认为失败,乐天桃猿队,2024-11-27,1.000000
「纽约时报」,主导,反美阴谋,2024-11-27,1.000000
松坂大辅,认为恐怖,山本由伸,2024-11-27,1.000000
日军731部队,认为有暴力,人体实验,2024-11-27,1.000000
松坂大辅,认为热情,山本由伸,2024-11-27,1.000000
松坂大辅,质疑,山本由伸,2024-11-27,1.000000
山本由伸,认为有威胁,洋基,2024-11-27,1.000000
韩国瑜,欢迎,外宾,2024-11-27,1.000000
台北农产运销公司,欢迎,历任董事长、总经理,2024-11-27,1.000000
"台
北农
产运销公司",欢迎,历任董事长、总经理,2024-11-27,1.000000
韩国瑜,欢迎,外宾,2024-11-27,1.000000
"台
北农
产运销公司",欢迎,历任董事长、总经理,2024-11-27,1.000000
台北农产运销公司,欢迎,历任董事长、总经理,2024-11-27,1.000000
民进党全代会,攻击,伊朗,2024-11-26,1.000000
王旭坤,担忧,国安问题,2024-11-26,1.000000
以军,攻击,黎巴嫩南部,2024-11-26,1.000000
以色列,损害,卡西米亚,2024-11-26,1.000000
王旭坤,认为有危机,国安问题,2024-11-26,1.000000
以色列,视作英雄,舒库尔,2024-11-26,1.000000
中台上限 气象署,认为有威胁,康芮台风对台湾,2024-11-26,1.000000
阮芳勇,认为有危机,国安问题,2024-11-26,1.000000
真主党,视作英雄,舒库尔,2024-11-26,1.000000
王旭坤,认为有威胁,国安问题,2024-11-26,1.000000
以色列,视作英雄,基安,2024-11-26,1.000000
美军,攻击,伊朗,2024-11-26,1.000000
以军,损害,卡西米亚,2024-11-26,1.000000
中央气象署,视作英雄,朱美霖,2024-11-26,1.000000
蔡英文,主导,民进党全代会,2024-11-26,1.000000
以军,损害,基安,2024-11-26,1.000000
美军,损害,共军行动,2024-11-26,1.000000
中台上限 气象署,视作英雄,朱美霖,2024-11-26,1.000000
王旭坤,增进,国安问题,2024-11-26,1.000000
民进党全代会明天登场,攻击,伊朗,2024-11-26,1.000000
中国外交部,主导,禁毒政策,2024-11-27,1.000000
中国外交部,增进,禁毒政策,2024-11-27,1.000000
刘鹏宇,认为失败,中美经贸合作,2024-11-27,1.000000
中国驻美大使馆,认为有危机,芬太尼,2024-11-27,1.000000
中国驻美大使馆,增进,中美经贸合作,2024-11-27,1.000000
中国外交部,批评,针对川普,2024-11-27,1.000000
中国驻美大使馆,视作英雄,刘鹏宇,2024-11-27,1.000000
潘杰楷,攻击,中外野阳春砲,2024-11-21,1.000000
江坤宇,认为有威胁,美国,2024-11-21,1.000000
叶政勋,认为优秀,中华队,2024-11-21,1.000000
叶政勋,认为失败,中华队,2024-11-21,1.000000
许舒博,增进,缺工,2024-10-29,1.000000
美国,认可,谷歌,2024-11-21,1.000000
美国,认为犯罪,谷歌,2024-11-21,1.000000
美国,认为非法,谷歌,2024-11-21,1.000000
美国,质疑,谷歌,2024-11-21,1.000000
中国大陆,担忧,全球经济暗藏危机,2024-11-21,1.000000
谷歌前CEO,损害,科技业,2024-11-21,1.000000
中国大陆,增进,自给自足,2024-11-21,1.000000
谷歌前CEO,攻击,科技业,2024-11-21,1.000000
中华队,攻击,"全职业
日本队",2024-11-25,1.000000
张曼娟,主导,谈琼瑶,2024-11-28,1.000000
萧姓男子,损害,施男,2024-11-28,1.000000
萧姓男子,支持,施男,2024-11-28,1.000000
市府交通局,损害,台中市计程车驾驶形象,2024-10-29,1.000000
交通局,损害,搭车民众权益,2024-10-29,1.000000
交通局,损害,台中市计程车驾驶形象,2024-10-29,1.000000
英国,担忧,安全,2024-11-28,1.000000
吴君如,主导,我谈的那场恋爱》,2024-11-28,1.000000
张天赋,主导,我谈的那场恋爱》,2024-11-28,1.000000
江文兴,担忧,台中港,2024-11-28,1.000000
江文兴,认为可靠,台中港,2024-11-28,1.000000
江文兴,认为有危机,台中港,2024-11-28,1.000000
江文兴,认可,台中港,2024-11-28,1.000000
江文兴,认为有威胁,台中港,2024-11-28,1.000000
台中港务分公司,增进,港区的低碳永续发展,2024-11-28,1.000000
詹顺贵,认为有危机,环境部「修歪」,2024-11-26,1.000000
詹顺贵,认为违规,环境部「修歪」,2024-11-26,1.000000
詹顺贵,主导,环境部「修歪」,2024-11-26,1.000000
詹顺贵,担忧,环境部「修歪」,2024-11-26,1.000000
高仙桂,增进,再生能源,2024-11-26,1.000000
国土署,增进,国内再生能源供应来源,2024-11-26,1.000000
詹顺贵,批评,环境部「修歪」,2024-11-26,1.000000
张启楷,认为有危机,绿能弊案,2024-11-26,1.000000
詹顺贵,感到不满,环境部「修歪」,2024-11-26,1.000000
詹顺贵,认为恐怖,环境部「修歪」,2024-11-26,1.000000
詹顺贵,认为失败,环境部「修歪」,2024-11-26,1.000000
詹顺贵,认为有暴力,环境部「修歪」,2024-11-26,1.000000
赖姓站务员,认为恐怖,普悠玛,2024-11-26,1.000000
赖姓站务员,威胁,普悠玛,2024-11-26,1.000000
邱姓,认为恐怖,普悠玛,2024-11-26,1.000000
邱姓,认为有危机,普悠玛,2024-11-26,1.000000
女学生,威胁,法籍舞蹈师,2024-11-22,1.000000
法籍舞蹈师,损害,2女学生,2024-11-22,1.000000
法籍舞蹈师,威胁,2女学生,2024-11-22,1.000000
女学生,攻击,法籍舞蹈师,2024-11-22,1.000000
法籍舞蹈师,攻击,2女学生,2024-11-22,1.000000
法籍舞蹈师,质疑,2女学生,2024-11-22,1.000000
法籍舞蹈师,认为有暴力,2女学生,2024-11-22,1.000000
宋楚瑜,认为恐怖,阿扁,2024-11-19,1.000000
蔡中志,认为优秀,交通助理员,2024-11-28,1.000000
食药署,感谢,读者,2024-11-20,1.000000
读者,支持,食药署,2024-11-20,1.000000
食药署,感谢,读者,2024-11-20,1.000000
读者,支持,药署,2024-11-20,1.000000
云豹克罗马,视作英雄,蒋淯安,2024-11-20,1.000000
阿巴西,喜欢,归化,2024-11-20,1.000000
「小马」马建豪,认为优秀,阿巴西,2024-11-20,1.000000
陈立宗,认为优秀,高柏铠,2024-11-20,1.000000
云豹克罗马,喜欢,蒋淯安,2024-11-20,1.000000
陈立宗,喜欢,高柏铠,2024-11-20,1.000000
云豹克罗马,欢迎,蒋淯安,2024-11-20,1.000000
陈立宗,喜欢,归化,2024-11-20,1.000000
高柏铠,损害,香港队,2024-11-20,1.000000
游艾喆,视作英雄,蒋淯安,2024-11-20,1.000000
俄国防部,认为有威胁,以色列,2024-11-29,1.000000
俄国防部,认为犯罪,以色列空袭真主党,2024-11-29,1.000000
俄国防部,质疑,以色列空袭真主党,2024-11-29,1.000000
俄国防部,攻击,真主党,2024-11-29,1.000000
俄国防部,损害,亚洲,2024-11-29,1.000000
陈柏清,攻击,格罗茨,2024-11-21,1.000000
陈柏清,认为失败,中华队,2024-11-21,1.000000
日本,认为有威胁,委内瑞拉,2024-11-21,1.000000
中华电信,主导,「12强棒球加油包」,2024-11-21,1.000000
委内瑞拉,认为优秀,中华队,2024-11-21,1.000000
陈柏清,认为优秀,中华队,2024-11-21,1.000000
王小帅,攻击,胡波,2024-11-23,1.000000
日职／战胜武士队,攻击,日本职业明星队,2024-11-27,1.000000
美联社. 马刺队,认为失败,雷霆队,2024-11-21,1.000000
"美联社
马刺队",攻击,雷霆队,2024-11-21,1.000000
"美联社
马刺队",认为失败,雷霆队,2024-11-21,1.000000
楼天城,质疑,那斯达克上市,2024-11-28,1.000000
楼天城,担忧,那斯达克上市,2024-11-28,1.000000
楼天城,认为有危机,那斯达克上市,2024-11-28,1.000000
楼天城,增进,那斯达克上市,2024-11-28,1.000000
楼天城,认可,那斯达克上市,2024-11-28,1.000000
楼天城,支持,那斯达克上市,2024-11-28,1.000000
楼天城,批评,那斯达克上市,2024-11-28,1.000000
楼天城,认为有威胁,那斯达克上市,2024-11-28,1.000000
楼天城,感到满意,那斯达克上市,2024-11-28,1.000000
拉伯联合大公国,增进,自动驾驶业务,2024-11-28,1.000000
楼天城,认为失败,那斯达克上市,2024-11-28,1.000000
丁群展,相信,台湾民众,2024-11-30,1.000000
丁群展,增进,口腔清洁,2024-11-30,1.000000
丁群展,批评,台湾民众,2024-11-30,1.000000
卫生福利部,认为恐怖,"台湾成年人
牙周病",2024-11-30,1.000000
丁群展,认可,台湾民众,2024-11-30,1.000000
卫生福利部,增进,口腔清洁,2024-11-30,1.000000
丁群展,质疑,台湾民众,2024-11-30,1.000000
卫生福利部,认为有危机,"台湾成年人
牙周病",2024-11-30,1.000000
丁群展,担忧,台湾民众,2024-11-30,1.000000
丁群展,相信,台湾民众,2024-11-30,1.000000
丁群展,认为恐怖,台湾民众,2024-11-30,1.000000
丁群展,增进,口腔清洁,2024-11-30,1.000000
丁群展,认为缺乏,台湾民众,2024-11-30,1.000000
丁群展,批评,台湾民众,2024-11-30,1.000000
卫生福利部,认为恐怖,"台湾成年人
牙周病",2024-11-30,1.000000
丁群展,认可,台湾民众,2024-11-30,1.000000
卫生福利部,增进,口腔清洁,2024-11-30,1.000000
丁群展,质疑,台湾民众,2024-11-30,1.000000
卫生福利部,认为有危机,"台湾成年人
牙周病",2024-11-30,1.000000
丁群展,担忧,台湾民众,2024-11-30,1.000000
徐姓男子,增进,牙龈出血与敏感问题,2024-11-30,1.000000
丁群展,感到不满,台湾民众,2024-11-30,1.000000
丁群展,损害,牙齿,2024-11-30,1.000000
丁群展,质疑,台湾民众,2024-11-30,1.000000
卫生福利部,认为有危机,"台湾成年人
牙周病",2024-11-30,1.000000
郭教授,认为非法,日本,2024-11-19,1.000000
曾文生,认为非法,日本,2024-11-19,1.000000
郭智辉,认为非法,日本,2024-11-19,1.000000
喜翔,批评,金马午宴,2024-11-21,1.000000
喜翔,相信,金马午宴,2024-11-21,1.000000
喜翔,质疑,金马午宴,2024-11-21,1.000000
喜翔,主导,金马午宴,2024-11-21,1.000000
郭忠祐,主导,《超级冰冰Show》,2024-11-21,1.000000
喜翔,威胁,金马午宴,2024-11-21,1.000000
喜翔,认为有暴力,金马午宴,2024-11-21,1.000000
台积电,担忧,GB200延迟交付,2024-11-27,1.000000
陈玉玲,担忧,GB200延迟交付,2024-11-27,1.000000
张忠谋,担忧,GB200延迟交付,2024-11-27,1.000000
孙纪兰,感到满意,中国信托,2024-11-29,1.000000
中国信托,损害,台湾体育,2024-11-29,1.000000
中国信托慈善基金会,认可,「爱接棒计划」,2024-11-29,1.000000
林永胜,支持,体育公益推广,2024-11-29,1.000000
吴佳晏,攻击,陈江和,2024-11-29,1.000000
中国信托,攻击,台湾体育,2024-11-29,1.000000
台湾人寿,主导,祖孙三代健走,2024-11-29,1.000000
中国信托,主导,台湾体育,2024-11-29,1.000000
史哲,感谢,中国信托助攻台湾体育,2024-11-29,1.000000
中国信托,增进,台湾体育,2024-11-29,1.000000
中国信托慈善基金会,主导,「爱接棒计划」,2024-11-29,1.000000
中国信托慈善基金会,增进,「爱接棒计划」,2024-11-29,1.000000
陈江和,感到满意,中国信托,2024-11-29,1.000000
中国信托,增进,台湾高尔夫实力,2024-11-29,1.000000
陈江和,欢迎,中国信托助攻台湾体育,2024-11-29,1.000000
孙纪兰,感谢,中国信托助攻台湾体育,2024-11-29,1.000000
中国信托金融控股公司,增进,台湾体坛,2024-11-29,1.000000
陈江和,感谢,中国信托助攻台湾体育,2024-11-29,1.000000
中国信托金融控股公司,认为有暴力,台湾体坛,2024-11-29,1.000000
中国信托,支持,台湾体育,2024-11-29,1.000000
中国信托金融控股公司,支持,台湾体坛,2024-11-29,1.000000
史哲,支持,林永胜,2024-11-29,1.000000
辜仲谅,增进,台湾棒球实力,2024-11-29,1.000000
林永胜,增进,体育公益推广,2024-11-29,1.000000
中国信托,支持,新北中信特攻篮球队,2024-11-29,1.000000
中国信托慈善基金会,支持,「爱接棒计划」,2024-11-29,1.000000
中国信托金融控股公司,主导,台湾体坛,2024-11-29,1.000000
史哲,感到满意,中国信托,2024-11-29,1.000000
坂仓将吾,损害,林昱珉,2024-11-24,1.000000
曾豪驹,攻击,林昱珉,2024-11-24,1.000000
曾豪驹,喜欢,林昱珉,2024-11-24,1.000000
源田壮亮,认为恐怖,林昱珉,2024-11-24,1.000000
坂仓将吾,认为有成就,林昱珉,2024-11-24,1.000000
源田壮亮,视作英雄,林昱珉,2024-11-24,1.000000
坂仓将吾,欢迎,林昱珉,2024-11-24,1.000000
源田壮亮,损害,林昱珉,2024-11-24,1.000000
源田壮亮,攻击,林昱珉,2024-11-24,1.000000
源田壮亮,认为优秀,林昱珉,2024-11-24,1.000000
坂仓将吾,支持,林昱珉,2024-11-24,1.000000
坂仓将吾,认为可靠,林昱珉,2024-11-24,1.000000
林昱珉,认为有暴力,源田壮亮,2024-11-24,1.000000
源田壮亮,感到不满,林昱珉,2024-11-24,1.000000
源田壮亮,威胁,林昱珉,2024-11-24,1.000000
源田壮亮,欢迎,林昱珉,2024-11-24,1.000000
坂仓将吾,认为优秀,林昱珉,2024-11-24,1.000000
源田壮亮,认为有暴力,林昱珉,2024-11-24,1.000000
林昱珉,攻击,源田壮亮,2024-11-24,1.000000
中国大陆驻韩大使馆,增进,安全意识,2024-11-29,1.000000
黎智英,认为热情,观众,2024-11-29,1.000000
许淑华,感谢,业者,2024-11-29,1.000000
蔡诗萍,感谢,业者,2024-11-29,1.000000
师铎奖女教师遭杀害案,损害,被害者家属,2024-11-27,1.000000
0403花莲大地震,增进,在西非军事影响力,2024-11-27,1.000000
许淑华,感谢,业者,2024-11-27,1.000000
中国大陆驻韩大使馆,增进,安全意识,2024-11-27,1.000000
蔡诗萍,感谢,业者,2024-11-27,1.000000
日本,主导,西太平洋健康长寿联盟,2024-11-27,1.000000
立院卫环委员会,认为违规,排审人工生殖修正草案,2024-11-27,1.000000
中国大陆驻韩大使馆,损害,在韩中国公民,2024-11-27,1.000000
师铎奖女教师遭杀害案,损害,被害者家属,2024-11-27,1.000000
0403花莲大地震,增进,在西非军事影响力,2024-11-27,1.000000
许淑华,感谢,业者,2024-11-27,1.000000
中国大陆驻韩大使馆,增进,安全意识,2024-11-27,1.000000
云林传狼师,威胁,女童,2024-11-27,1.000000
蔡诗萍,感谢,业者,2024-11-27,1.000000
云林传狼师,认为犯罪,性侵猥亵女童,2024-11-27,1.000000
云林传狼师,损害,女童,2024-11-27,1.000000
云林传狼师,认为有暴力,性侵猥亵女童,2024-11-27,1.000000
中国大陆驻韩大使馆,增进,安全意识,2024-11-26,1.000000
蔡诗萍,感谢,业者,2024-11-26,1.000000
陈威臣,批评,日本媒体,2024-11-25,1.000000
中国大陆驻韩大使馆,增进,安全意识,2024-11-25,1.000000
蔡诗萍,感谢,业者,2024-11-25,1.000000
朝中社,认为非法,美国,2024-11-21,1.000000
叶献文,认为恐怖,施罗德,2024-11-29,1.000000
叶献文,认为有暴力,施罗德,2024-11-29,1.000000
叶献文,认为热情,施罗德,2024-11-29,1.000000
叶献文,认为优秀,施罗德,2024-11-29,1.000000
叶献文,视作英雄,施罗德,2024-11-29,1.000000
坂仓将吾,认为失败,日本队,2024-11-25,1.000000
林凯威,认为失败,日本队,2024-11-25,1.000000
陈冠宇,担忧,林凯威,2024-11-25,1.000000
陈冠宇,欣赏,林凯威,2024-11-25,1.000000
陈冠宇,认为优秀,辰己凉介,2024-11-25,1.000000
辰己凉介,支持,林凯威,2024-11-25,1.000000
辰己凉介,认为有暴力,林凯威,2024-11-25,1.000000
中华队,认为失败,日本队,2024-11-25,1.000000
陈冠宇,质疑,林凯威,2024-11-25,1.000000
林凯威,认为优秀,辰己凉介,2024-11-25,1.000000
林凯威,欢迎,辰己凉介,2024-11-25,1.000000
陈冠宇,视作英雄,林凯威,2024-11-25,1.000000
陈冠宇,视作英雄,辰己凉介,2024-11-25,1.000000
陈冠宇,攻击,辰己凉介,2024-11-25,1.000000
辰己凉介,攻击,林凯威,2024-11-25,1.000000
李佳颖,感谢,外界,2024-11-25,1.000000
林凯威,视作英雄,辰己凉介,2024-11-25,1.000000
陈冠宇,认为失败,日本队,2024-11-25,1.000000
坂仓将吾,攻击,辰己凉介,2024-11-25,1.000000
辰己凉介,认为失败,日本队,2024-11-25,1.000000
林凯威,攻击,辰己凉介,2024-11-25,1.000000
佛蒙特州,攻击,肯塔基州,2024-10-30,1.000000
佛蒙特州,认为可靠,肯塔基州,2024-10-30,1.000000
佛蒙特州,认为失败,肯塔基州,2024-10-30,1.000000
威勒,认为失败,贺锦丽交易」,2024-10-30,1.000000
钱震皓,认为优秀,林语柔,2024-10-30,1.000000
钱震皓,视作英雄,林语柔,2024-10-30,1.000000
川普赢 马斯克,认为有危机,联邦债务飙升,2024-10-30,1.000000
川普赢 马斯克,增进,政府效率,2024-10-30,1.000000
威勒,主导,「贺锦丽交易」,2024-10-30,1.000000
托博,认为失败,贺锦丽交易」,2024-10-30,1.000000
钱震皓,喜欢,林语柔,2024-10-30,1.000000
川普赢 马斯克,认为有威胁,联邦债务飙升,2024-10-30,1.000000
墨西哥,认为失败,川普交易」,2024-10-30,1.000000
希拉里·克林顿,感谢,川普,2024-11-19,1.000000
希拉里·克林顿,感到不满,川普,2024-11-19,1.000000
傅崐萁,认为有成就,郭智辉,2024-11-18,1.000000
傅崐萁,认为可靠,郭智辉,2024-11-18,1.000000
傅崐萁,认为非法,郭智辉,2024-11-18,1.000000
傅崐萁,感到不满,郭智辉,2024-11-18,1.000000
傅崐萁,感到满意,郭智辉,2024-11-18,1.000000
王荣忠,增进,向海致敬」之海洋政策,2024-09-25,1.000000
王荣忠,认为优秀,海巡人员,2024-09-25,1.000000
王荣忠,主导,向海致敬」之海洋政策,2024-09-25,1.000000
丹尼尔太郎,认为有成就,封王,2024-10-27,1.000000
丹尼尔太郎,攻击,沃尔顿,2024-10-27,1.000000
史蒂文森／威利斯,认为失败,南智星／巴里斯,2024-10-27,1.000000
史蒂文森,攻击,南智星／巴里斯,2024-10-27,1.000000
史蒂文森／威利斯,攻击,巴里斯,2024-10-27,1.000000
谢天地,感到不满,张姓男子,2024-11-28,1.000000
谢天地,威胁,张姓男子,2024-11-28,1.000000
谢天地,认为恐怖,张姓男子,2024-11-28,1.000000
谢天地,认为有暴力,张姓男子,2024-11-28,1.000000
凯洛格,担忧,马斯克在川普政府角色,2024-11-28,1.000000
凯洛格,认为有威胁,乌俄,2024-11-28,1.000000
JeffZeleny,威胁,川普过渡政府,2024-11-28,1.000000
马斯克,主导,买下MSNBC,2024-11-28,1.000000
梅克尔,认为可靠,贺锦丽,2024-11-28,1.000000
FBI,视作英雄,拜登,2024-11-28,1.000000
凯洛格,认为违规,乌俄参与谈判,2024-11-28,1.000000
梅克尔,认可,贺锦丽,2024-11-28,1.000000
JeffZeleny,主导,川普过渡政府,2024-11-28,1.000000
梅克尔,感到满意,贺锦丽,2024-11-28,1.000000
凯洛格,主导,乌俄战争,2024-11-28,1.000000
凯洛格,质疑,美军,2024-11-28,1.000000
"伊凡卡
马斯克",支持,贺锦丽,2024-11-28,1.000000
美国,质疑,"「
江坤宇
」",2024-11-21,1.000000
江坤宇,认为有威胁,美国,2024-11-21,1.000000
陈杰宪,威胁,江坤宇,2024-11-21,1.000000
台泥资产管理开发公司,欢迎,其他企业集团,2024-11-21,1.000000
"台泥
集团",主导,台北信义土地开发案,2024-11-21,1.000000
张安平,增进,全球能源布局,2024-11-21,1.000000
台泥,增进,全球能源布局,2024-11-21,1.000000
费预约试驾」活动,欢迎,车迷,2024-11-25,1.000000
台日水果文化祭,相信,台日友谊,2024-08-27,1.000000
金子恭之,主导,日本国会访团来台交流,2024-08-27,1.000000
金子恭之,增进,日本国会访团来台交流,2024-08-27,1.000000
金子恭之,相信,日本,2024-08-27,1.000000
高雄,相信,台日友谊,2024-08-27,1.000000
日本队,攻击,委内瑞拉,2024-11-23,1.000000
中华队,威胁,日本,2024-11-23,1.000000
以色列,攻击,伊朗,2024-10-29,1.000000
以色列,威胁,伊朗,2024-10-29,1.000000
台艺,损害,阵容,2024-11-27,1.000000
台艺,欢迎,开季第二胜,2024-11-27,1.000000
台艺,攻击,卫冕军政治大学,2024-11-27,1.000000
台艺男篮,损害,阵容,2024-11-27,1.000000
台艺男篮,欢迎,开季第二胜,2024-11-27,1.000000
台艺仍大胜世新,欢迎,开季第二胜,2024-11-27,1.000000
夏焕纮,认为失败,卫冕军政治大学,2024-11-27,1.000000
台艺,认为失败,卫冕军政治大学,2024-11-27,1.000000
黄上铭,主导,整形外科手术,2024-11-27,1.000000
开季第二胜,损害,台湾艺术大学男篮,2024-11-27,1.000000
台艺大,欢迎,开季第二胜,2024-11-27,1.000000
李伯伦,支持,球员,2024-11-27,1.000000
埃隆,支持,特朗普,2024-10-29,1.000000
园管局,主导,林园区所辖工厂总体检,2024-11-29,1.000000
法国巴黎,认为恐怖,杜罗夫,2024-08-26,1.000000
华德迪士尼,认为恐怖,劳动部霸凌案,2024-11-25,1.000000
美国,感到不满,台积电,2024-10-23,1.000000
美国,认可,台积电,2024-10-23,1.000000
台积电,增进,先进封装产能,2024-11-26,1.000000
吴金荣,认为有威胁,日本,2024-08-27,1.000000
美国,认为有暴力,台积电,2024-10-17,1.000000
美国,认为有危机,台积电,2024-10-17,1.000000
美国,攻击,台积电,2024-10-17,1.000000
美国,欣赏,台积电,2024-10-17,1.000000
美国,认为恐怖,台积电,2024-10-17,1.000000
索贝克,欣赏,台积电,2024-11-28,1.000000
索贝克,认为有威胁,台积电,2024-11-28,1.000000
索贝克,支持,台积电,2024-11-28,1.000000
索贝克,质疑,台积电,2024-11-28,1.000000
索贝克,认为优秀,台积电,2024-11-28,1.000000
索贝克,认为失败,台积电,2024-11-28,1.000000
索贝克,担忧,台积电,2024-11-28,1.000000
索贝克,认为犯罪,台积电,2024-11-28,1.000000
索贝克,认为违规,台积电,2024-11-28,1.000000
财信传媒,损害,台积电,2024-11-30,1.000000
联电,认为有威胁,中国,2024-11-30,1.000000
郝恺悌,增进,先进封装生产线,2024-11-19,1.000000
张忠谋,认为热情,张淑芬,2024-11-28,1.000000
赖瑞隆,质疑,高雄,2024-11-27,1.000000
成材论坛,损害,台积电,2024-11-28,1.000000
索贝克,认为有威胁,台积电,2024-11-28,1.000000
索贝克,质疑,台积电,2024-11-28,1.000000
索贝克,主导,川普政府,2024-11-28,1.000000
索贝克,认为优秀,台积电,2024-11-28,1.000000
索贝克,担忧,台积电,2024-11-28,1.000000
张忠谋,认为有成就,黄仁勋,2024-11-28,1.000000
张忠谋,认为有成就,黄仁勋,2024-11-28,1.000000
张忠谋,认为有成就,黄仁勋,2024-11-28,1.000000
台积电,支持,爱心市集活动,2024-11-28,1.000000
台积电,主导,「爱心市集」,2024-11-28,1.000000
台积电,增进,爱心市集活动,2024-11-28,1.000000
科克,感到满意,台湾政府,2024-11-26,1.000000
阮慕骅,认为有威胁,台积电,2024-11-27,1.000000
台积电,主导,「爱心市集」,2024-11-28,1.000000
台积电,支持,爱心市集活动,2024-11-28,1.000000
台积电,主导,「爱心市集」,2024-11-28,1.000000
台积电,主导,「爱心市集」,2024-11-28,1.000000
张忠谋,认为恐怖,飞利浦,2024-11-30,1.000000
黄仁勋,认为优秀,无人机,2024-11-28,1.000000
黄仁勋,喜欢,无人机,2024-11-28,1.000000
黄仁勋,欣赏,无人机,2024-11-28,1.000000
张忠谋,认为有暴力,飞利浦,2024-11-30,1.000000
张忠谋,批评,飞利浦,2024-11-30,1.000000
张忠谋,认为有危机,飞利浦,2024-11-30,1.000000
葛斯齐,认为恐怖,谢宜容,2024-11-23,1.000000
台积电,支持,爱心市集活动,2024-11-28,1.000000
台积电,增进,爱心市集活动,2024-11-28,1.000000
台积电,认可,爱心市集活动,2024-11-28,1.000000
美国,支持,台积电,2024-11-22,1.000000
拉马斯瓦米,批评,拜登政府,2024-11-27,1.000000
拉马斯瓦米,批评,拜登政府,2024-11-27,1.000000
赖瑞隆,相信,高雄,2024-11-27,1.000000
万美玲,认可,台积电,2024-11-29,1.000000
黄崇仁,认为有威胁,日本,2024-10-22,1.000000
黄崇仁,认为有危机,日本,2024-10-24,1.000000
黄崇仁,认为有威胁,日本,2024-10-24,1.000000
日本,增进,出口管制措施,2024-10-26,1.000000
阮慕骅,担忧,台积电,2024-11-27,1.000000
拜登政府,质疑,完全自动驾驶,2024-11-21,1.000000
拜登政府,认可,完全自动驾驶,2024-11-21,1.000000
拜登政府,认为违规,完全自动驾驶,2024-11-21,1.000000
黄仁勋,感谢,日月光,2024-11-30,1.000000
以色列内阁,视作英雄,美国,2024-11-27,1.000000
郭智辉,担忧,台积电,2024-11-20,1.000000
郭智辉,认为有威胁,台积电,2024-11-20,1.000000
郭智辉,认为失败,台积电,2024-11-20,1.000000
郭智辉,认为有威胁,台积电,2024-11-20,1.000000
谢金河,感到不满,川普,2024-11-19,1.000000
杰夫‧威廉斯,认为优秀,台积电,2024-11-29,1.000000
郭智辉,威胁,台积电,2024-11-20,1.000000
郭智辉,认为犯罪,民进党「绿电诈团,2024-11-20,1.000000
美国,认为有威胁,墨,2024-11-27,1.000000
朱汉仑,主导,美国,2024-11-19,1.000000
张忠谋,增进,「双首长制」,2024-11-29,1.000000
马斯克,主导,政府效率部”,2024-11-25,1.000000
科克,感到满意,台湾政府,2024-11-26,1.000000
科克,认可,台湾政府,2024-11-26,1.000000
川普,主导,台积电,2024-11-19,1.000000
东京,感谢,日本,2024-11-29,1.000000
日本专家,感谢,日本,2024-11-29,1.000000
张忠谋,欢迎,黄仁勋,2024-11-27,1.000000
台积电,担忧,成熟制程产能过剩,2024-11-27,1.000000
拉马斯瓦米,认为违规,拜登,2024-11-28,1.000000
拉马斯瓦米,质疑,拜登,2024-11-28,1.000000
经济部,主导,台电电力开发计划,2024-11-27,1.000000
经济部,主导,台电电力开发计划,2024-11-27,1.000000
美国,质疑,在拜登政府,2024-11-28,1.000000
郭智辉,认为缺乏,台积电,2024-11-20,1.000000
郭智辉,认为有威胁,台积电,2024-11-20,1.000000
郭智辉,担忧,台积电,2024-11-20,1.000000
郭智辉,批评,台积电,2024-11-20,1.000000
立法院经济委员会,威胁,台积电,2024-11-20,1.000000
立法院经济委员会,认为有威胁,台积电,2024-11-20,1.000000
亚利桑那州,增进,台积电,2024-11-20,1.000000
科克,感到满意,台湾政府,2024-11-26,1.000000
陈柏清,认为有威胁,美国,2024-11-21,1.000000
美国,主导,全球AI发展,2024-11-19,1.000000
张政禹,认为失败,美国,2024-11-21,1.000000
张政禹,攻击,美国,2024-11-21,1.000000
彭博新闻社,攻击,苹果,2024-11-26,1.000000
彭博新闻社,认为有危机,苹果,2024-11-26,1.000000
彭博新闻社,认为恐怖,苹果,2024-11-26,1.000000
彭博新闻社,认为热情,苹果,2024-11-26,1.000000
彭博新闻社,认为有暴力,苹果,2024-11-26,1.000000
彭博新闻社,批评,苹果,2024-11-26,1.000000
郭智辉,批评,台积电,2024-11-20,1.000000
郭智辉,担忧,台积电,2024-11-20,1.000000
郭智辉,担忧,台积电,2024-11-20,1.000000
科克,担忧,台湾政府,2024-11-25,1.000000
米勒,认为有暴力,台积电,2024-11-25,1.000000
科克,担忧,台湾政府,2024-11-25,1.000000
米勒,认为有暴力,台积电,2024-11-25,1.000000
川普即将重新入主白宫,增进,美国,2024-11-19,1.000000
川普即将重新入主白宫,增进,美国,2024-11-19,1.000000
科克 ...,认为有威胁,中国,2024-11-25,1.000000
科克 ...,威胁,中国,2024-11-25,1.000000
索贝克,认为失败,台积电,2024-11-28,1.000000
索贝克,认为有威胁,台积电,2024-11-28,1.000000
美国,损害,中国,2024-11-19,1.000000
中美科技,攻击,中国,2024-11-19,1.000000
美国,认为恐怖,台积电,2024-11-17,1.000000
美国,认为非法,伊朗俄罗斯,2024-11-19,1.000000
美国,感到不满,伊朗俄罗斯,2024-11-19,1.000000
张忠谋,支持,马总统,2024-11-19,1.000000
陈其迈,增进,AI产业发展,2024-11-25,1.000000
郭智辉,增进,境外关内政策,2024-11-19,1.000000
美国,支持,「十六千金」,2024-10-21,1.000000
陈其迈,增进,台湾AI产业发展,2024-11-26,1.000000
张忠谋,认为热情,刘德音,2024-11-26,1.000000
刘德音,质疑,张忠谋,2024-11-26,1.000000
陈良基,喜欢,刘德音,2024-11-26,1.000000
束崇万,认为有成就,台湾电子产业,2024-11-19,1.000000
赖瑞隆,质疑,高雄,2024-11-27,1.000000
胡采苹,认为有威胁,日本,2024-11-19,1.000000
南韩政府,主导,半导体,2024-11-19,1.000000
美国,认为失败,委内瑞拉,2024-11-21,1.000000
美国,攻击,委内瑞拉,2024-11-21,1.000000
美国,威胁,委内瑞拉,2024-11-21,1.000000
赖瑞隆,质疑,高雄,2024-11-27,1.000000
吴诚文,认可,台积电,2024-11-28,1.000000
台积电,主导,CoW 封测厂,2024-11-25,1.000000
《纽约时报》北京分社,认为有威胁,中国,2024-11-25,1.000000
《纽约时报》北京分社,威胁,中国,2024-11-25,1.000000
柏凯斯,损害,中国,2024-11-25,1.000000
柏凯斯,攻击,中国,2024-11-25,1.000000
麦可·邓恩,质疑,马斯克,2024-11-25,1.000000
柏凯斯,认为有暴力,中国,2024-11-25,1.000000
美国,增进,世界棒球12强赛,2024-11-24,1.000000
国民党,主导,驻美党代表处,2024-11-26,1.000000
台积电,攻击,伊朗,2024-10-27,1.000000
以色列内阁,视作英雄,美国,2024-11-27,1.000000
零股投资人,认为有威胁,台积电,2024-11-29,1.000000
中国科技快速崛起,威胁,韩企,2024-11-20,1.000000
家登,增进,赴美,2024-11-19,1.000000
美国,喜欢,家登,2024-11-19,1.000000
原田浩光,认为可靠,日本,2024-11-27,1.000000
阿扁,损害,连战内阁,2024-11-19,1.000000
拉马斯瓦米,主导,美国,2024-11-27,1.000000
拉马斯瓦米,认为非法,美国,2024-11-27,1.000000
拜登,感到满意,亚利桑那州,2024-11-19,1.000000
"高雄市长
陈其迈",认为违规,台积电,2024-11-26,1.000000
"高雄市长
陈其迈",批评,台积电,2024-11-26,1.000000
美国,主导,真主党民兵组织,2024-11-29,1.000000
"乌克兰
韩国反对党",认为有成就,澳洲第3季经济成长,2024-11-20,1.000000
以色列真主党,认为有危机,黎巴嫩,2024-11-26,1.000000
以色列真主党,欢迎,黎巴嫩,2024-11-26,1.000000
林佳龙,认为有成就,俞大㵢,2024-10-24,1.000000
林佳龙,感到不满,俞大㵢,2024-10-24,1.000000
林佳龙,感谢,俞大㵢,2024-10-24,1.000000
台湾政府,视作英雄,马斯克,2024-11-19,1.000000
美国,攻击,日本,2024-11-19,1.000000
美国,认为有威胁,委内瑞拉,2024-11-23,1.000000
联合新闻网,主导,美国,2024-11-21,1.000000
美国,认为失败,亚太战略,2024-11-19,1.000000
郭智辉,主导,「移美论」,2024-11-28,1.000000
川普,感到不满,司徒文,2024-11-26,1.000000
川普政府,增进,国防实力,2024-11-26,1.000000
台湾,增进,电力需求,2024-10-21,1.000000
彭博社,欣赏,卓荣泰,2024-10-21,1.000000
台湾科技公司,视作英雄,王毅,2024-10-19,1.000000
陈晨威,攻击,江坤宇,2024-11-21,1.000000
拜登,主导,以黎停火,2024-11-29,1.000000
美国,损害,华为,2024-11-25,1.000000
李远哲,认可,能源政策,2024-11-19,1.000000
李远哲,感到满意,能源政策,2024-11-19,1.000000
李远哲,认为可靠,能源政策,2024-11-19,1.000000
中共,主导,太平洋战争,2024-11-26,1.000000
美国,认为失败,太平洋战争,2024-11-26,1.000000
拜登,质疑,"台毒
习大大",2024-11-18,1.000000
气象署,认为失败,台南连震,2024-11-21,1.000000
美国,认为有暴力,富蓝戈,2024-11-23,1.000000
中华队,感谢,美国,2024-11-23,1.000000
傅崐萁,认为犯罪,郭智辉,2024-11-18,1.000000
郭智辉,感到不满,傅崐萁,2024-11-18,1.000000
傅崐萁,相信,郭智辉,2024-11-18,1.000000
傅崐萁,认可,郭智辉,2024-11-18,1.000000
傅崐萁,质疑,郭智辉,2024-11-18,1.000000
杨光磊,认为有威胁,美国,2024-11-24,1.000000
林昱珉,认为有威胁,日本,2024-11-23,1.000000
台日争冠,威胁,日本,2024-11-23,1.000000
中国,增进,钢铁产业复苏,2024-11-18,1.000000
美国,攻击,中国,2024-11-18,1.000000
马斯克,欢迎,公务员,2024-11-20,1.000000
伊隆马斯克,支持,川普政府,2024-11-19,1.000000
傅崐萁,批评,台积电,2024-11-18,1.000000
傅崐萁,认为犯罪,郭智辉,2024-11-18,1.000000
傅崐萁,质疑,郭智辉,2024-11-18,1.000000
郭智辉,感到不满,傅崐萁,2024-11-18,1.000000
日本,视作英雄,林湘淇,2024-11-29,1.000000
快科技,相信,马斯克,2024-11-27,1.000000
快科技,视作英雄,马斯克,2024-11-27,1.000000
美国,质疑,不会升息,2024-11-24,1.000000
中国,质疑,川普,2024-11-19,1.000000
庞培奥,感到不满,川普,2024-11-19,1.000000
美国,认可,削减给予英特尔,2024-11-25,1.000000
吉力吉捞．巩冠,认为有危机,美国,2024-11-21,1.000000
伍婉华,攻击,老师,2024-11-28,1.000000
美国,认为有成就,台积电,2024-10-23,1.000000
潘杰楷,攻击,阳春砲,2024-11-21,1.000000
卡明斯,感到不满,马斯克,2024-11-28,1.000000
美国,视作英雄,吴心伯,2024-11-26,1.000000
《人民日报》,认为优秀,马斯克,2024-11-26,1.000000
蔡英文,损害,台湾人,2024-11-19,1.000000
戴立安,质疑,卓荣泰,2024-10-31,1.000000
郭智辉,认可,川普新政,2024-11-28,1.000000
郭智辉,增进,川普新政,2024-11-28,1.000000
郭智辉,感到满意,川普新政,2024-11-28,1.000000
欧洲议会,威胁,民主台湾,2024-10-20,1.000000
欧洲议会,认为有危机,民主台湾,2024-10-20,1.000000
蔡前总统任,损害,中国,2024-10-20,1.000000
长蕾斯曼,认为失败,蔡前总统任,2024-10-20,1.000000
比利时,感到不满,布鲁塞尔,2024-10-20,1.000000
欧洲议会,攻击,中国,2024-10-20,1.000000
长蕾斯曼,攻击,蔡前总统任,2024-10-20,1.000000
台南Josh,认为有威胁,美国,2024-11-21,1.000000
台南Josh,相信,美国,2024-11-21,1.000000
Josh,认为恐怖,美国,2024-11-21,1.000000
Josh,认为失败,美国,2024-11-21,1.000000
台南Josh,认可,美国,2024-11-21,1.000000
「台南Josh」,认为有成就,美国,2024-11-21,1.000000
Google,批评,台湾新创,2024-11-24,1.000000
印度,攻击,俄罗,2024-11-19,1.000000
印度,损害,俄罗,2024-11-19,1.000000
郭智辉,认为犯罪,郭信良,2024-11-19,1.000000
中华队,攻击,日本,2024-11-23,1.000000
中华队,认为失败,日本,2024-11-23,1.000000
林昱珉,认为有威胁,日本,2024-11-24,1.000000
数发部,增进,台湾企业的资讯安全,2024-11-21,1.000000
黄仁勋,认为可靠,美国,2024-11-23,1.000000
美国,增进,对先进技术出口,2024-11-23,1.000000
吴明德,视作英雄,消防人员,2024-11-21,1.000000
林东良,认为优秀,昆山科技大学,2024-11-20,1.000000
国际游艇展高雄登场,视作英雄,陈其迈,2024-11-28,1.000000
国际游艇展高雄登场,视作英雄,陈其迈,2024-11-28,1.000000
台派信众,认可,中国,2024-10-30,1.000000
台派信众,认为可靠,中国,2024-10-30,1.000000
台派信众,质疑,中国,2024-10-30,1.000000
郭智辉,主导,美国,2024-11-19,1.000000
日本,主导,「民主供应链」,2024-09-29,1.000000
林部长,认为非法,以色列,2024-09-29,1.000000
许乃文,认为有威胁,欧盟,2024-10-29,1.000000
许乃文,认为优秀,欧盟,2024-10-29,1.000000
许乃文,相信,欧盟,2024-10-29,1.000000
许乃文,支持,欧盟,2024-10-29,1.000000
台湾拟提大型军购案,感到不满,川普,2024-11-19,1.000000
台湾拟提大型军购案,感谢,川普,2024-11-19,1.000000
拉马斯瓦米,主导,美国,2024-11-27,1.000000
拉马斯瓦米,认为非法,美国,2024-11-27,1.000000
中国,视作英雄,川普,2024-11-19,1.000000
郭智辉,担忧,台积电,2024-11-20,1.000000
美国,认为有威胁,俄国,2024-11-19,1.000000
美国,增进,和平,2024-11-19,1.000000
曾文生,感到不满,郭智辉,2024-11-18,1.000000
台湾拟提大型军购案,感到不满,川普,2024-11-19,1.000000
台湾拟提大型军购案,感谢,川普,2024-11-19,1.000000
立法院,攻击,预算案,2024-11-28,1.000000
立法院,损害,中央政府总预算案,2024-11-28,1.000000
立法院,攻击,中央政府总预算案,2024-11-28,1.000000
美国,支持,以色列,2024-11-19,1.000000
马斯克,认为违规,澳洲政府,2024-11-25,1.000000
马斯克,质疑,澳洲政府,2024-11-25,1.000000
傅崐萁,质疑,郭智辉,2024-11-18,1.000000
台湾,攻击,中国,2024-11-19,1.000000
傅崐萁,主导,崇越科技公司,2024-11-19,1.000000
傅崐萁,主导,崇越科技,2024-11-18,1.000000
傅崐萁,视作英雄,郭智辉,2024-11-18,1.000000
傅崐萁,质疑,郭智辉,2024-11-18,1.000000
傅崐萁,相信,郭智辉,2024-11-18,1.000000
傅崐萁,认为犯罪,郭智辉,2024-11-18,1.000000
台湾运彩,认为优秀,日本,2024-11-23,1.000000
台湾运彩,喜欢,日本,2024-11-23,1.000000
台湾运彩,认为恐怖,日本,2024-11-23,1.000000
台湾运彩,欣赏,日本,2024-11-23,1.000000
义电智慧能源虚拟电厂,增进,台湾能源转型,2024-11-27,1.000000
郭书廷,认为有威胁,中国,2024-10-24,1.000000
郭书廷,威胁,中国,2024-10-24,1.000000
郭加泳,认为有成就,美国,2024-10-24,1.000000
李昕儒,增进,美国,2024-10-24,1.000000
特朗普,感到不满,台湾,2024-10-24,1.000000
本人,主导,台捷韧性计划,2024-11-19,1.000000
本人,感谢,捷克各界友人,2024-11-19,1.000000
台湾,威胁,美国,2024-11-18,1.000000
台湾,认为犯罪,美国,2024-11-18,1.000000
汪葛雷,攻击,台积电,2024-11-18,1.000000
国安会秘书长吴钊燮,欢迎,管碧玲,2024-10-18,1.000000
国安会秘书长吴钊燮,喜欢,管碧玲,2024-10-18,1.000000
美国,质疑,谷歌,2024-11-22,1.000000
美国,认为有成就,大谷翔平,2024-11-22,1.000000
贺锦丽,认为有威胁,中国 台湾,2024-11-26,1.000000
郭雅慧,认为失败,美总统大选,2024-11-26,1.000000
孙晓雅,批评,「疑美论」,2024-11-21,1.000000
民进党政府,认为可靠,「对美3C」,2024-11-21,1.000000
基努李维,威胁,马斯克,2024-11-27,1.000000
俄罗斯车臣共和国首脑,感到不满,马斯克,2024-11-27,1.000000
拜登,认为犯罪,封口费案,2024-08-28,1.000000
中共解放军,认为缺乏,菲律宾战略地位,2024-11-19,1.000000
吴政务次长,欣赏,台积电,2024-11-18,1.000000
万美玲,认为可靠,郭智辉,2024-09-26,1.000000
华纳兄弟探索集团,威胁,苹果,2024-11-27,1.000000
川普,认为可靠,华为,2024-11-29,1.000000
台湾,增进,美台军事合作,2024-11-19,1.000000
球迷,认为优秀,中华队,2024-11-29,1.000000
球迷,认为失败,中华队,2024-11-29,1.000000
球迷,欢迎,中华队,2024-11-29,1.000000
日本台湾交流协会,损害,疫情,2024-09-21,1.000000
美国,主导,中共围台军演,2024-11-28,1.000000
美国,主导,中共围台军演,2024-11-28,1.000000
美国,喜欢,插队抢快,2024-11-22,1.000000
潘杰楷阳春,认为犯罪,美国,2024-11-21,1.000000
陈晨威,攻击,江坤宇,2024-11-21,1.000000
总统府,欢迎,香蕉屁精,2024-11-19,1.000000
叶政勋,视作英雄,江国豪,2024-11-21,1.000000
林昱珉,认为有威胁,委内瑞拉,2024-11-21,1.000000
美国,视作英雄,林白,2024-11-27,1.000000
美国,增进,全球经贸,2024-11-21,1.000000
以色列,威胁,真主党,2024-11-26,1.000000
以色列,攻击,真主党,2024-11-26,1.000000
潘杰楷,认为失败,中华队,2024-11-21,1.000000
美国,认为违规,谷歌,2024-11-21,1.000000
放宽工时法案,支持,三星,2024-11-21,1.000000
美国,认为有威胁,谷歌,2024-11-21,1.000000
赵晓光,感谢,马斯克,2024-11-27,1.000000
苹果,主导,美军联合军演,2024-10-30,1.000000
詹顺贵,感到不满,彭启明,2024-11-26,1.000000
赖士葆,增进,美国,2024-11-19,1.000000
赖士葆,视作英雄,林佳龙,2024-11-19,1.000000
赖士葆,质疑,林佳龙,2024-11-19,1.000000
台湾,主导,新川普时代,2024-11-19,1.000000
云豹克罗马,主导,「旅游玩咖总动员」,2024-11-20,1.000000
陈杰宪,攻击,吉力吉捞．巩冠,2024-11-21,1.000000
美联社. 马刺队,攻击,雷霆队,2024-11-21,1.000000
喜翔,认为恐怖,安心亚,2024-11-21,1.000000
共军广邀几内亚湾军方,增进,在西非地区的影响力,2024-11-27,1.000000
朝中社,质疑,美国,2024-11-21,1.000000
朝中社,认为犯罪,美国,2024-11-21,1.000000
希拉里·克林顿,认可,川普,2024-11-19,1.000000
傅崐萁,相信,郭智辉,2024-11-18,1.000000
傅崐萁,认可,郭智辉,2024-11-18,1.000000
傅崐萁,质疑,郭智辉,2024-11-18,1.000000
傅崐萁,视作英雄,郭智辉,2024-11-18,1.000000
傅崐萁,认为犯罪,郭智辉,2024-11-18,1.000000
拜登,认为违规,恐吓行为,2024-11-28,1.000000
川普新内阁,视作英雄,"伊凡卡
马斯克",2024-11-28,1.000000
梅克尔,支持,贺锦丽,2024-11-28,1.000000
陈杰宪,攻击,江坤宇,2024-11-21,1.000000
江坤宇,攻击,陈杰宪,2024-11-21,1.000000
江坤宇,损害,陈杰宪,2024-11-21,1.000000
美国,相信,商人川普,2024-11-19,1.000000
中华队,攻击,日本,2024-11-23,1.000000
美国,认为非法,台积电,2024-10-23,1.000000
阮慕骅,批评,台积电,2024-11-27,1.000000
美国,增进,关税措施,2024-11-28,1.000000
索贝克,认为缺乏,台积电,2024-11-28,1.000000
日本,损害,福岛核电厂,2024-10-21,1.000000
美国,质疑,拜登政府的《晶片法》,2024-11-27,1.000000
亚利桑那,增进,台积电,2024-11-27,1.000000
美国,损害,美国,2024-10-18,1.000000
美国,威胁,美国,2024-10-19,1.000000
美国,认为非法,墨西哥,2024-11-26,1.000000
美国,认为有成就,福建晋华,2024-11-27,1.000000
陈俊圣,欢迎,创办人夫妇,2024-10-25,1.000000
北尾吉孝,认为犯罪,SBI,2024-10-22,1.000000
万美玲,主导,台积电,2024-11-29,1.000000
黄崇仁,认为有危机,日本,2024-10-22,1.000000
阮慕骅,批评,台积电,2024-11-27,1.000000
拜登政府,认为有威胁,完全自动驾驶,2024-11-21,1.000000
美国,感到满意,加征关税,2024-11-26,1.000000
美国,批评,以色列内阁,2024-11-27,1.000000
郭智辉,认为恐怖,台积电,2024-11-20,1.000000
郭智辉,认为恐怖,台积电,2024-11-20,1.000000
郭智辉,认为有危机,台积电,2024-11-20,1.000000
郭智辉,攻击,台积电,2024-11-20,1.000000
陈正健,认为有威胁,中国,2024-10-29,1.000000
谢衣凤,主导,台积电,2024-11-19,1.000000
张忠谋,认为热情,黄仁勋,2024-11-27,1.000000
谢金河,欢迎,张淑芬,2024-11-27,1.000000
美国,欢迎,川普总统,2024-11-28,1.000000
惠川普,增进,美国,2024-11-25,1.000000
郭智辉,认为恐怖,台积电,2024-11-20,1.000000
郭智辉,认为有危机,台积电,2024-11-20,1.000000
川普,增进,台积电,2024-11-20,1.000000
江坤宇,威胁,美国,2024-11-21,1.000000
叶政勋,认为有威胁,美国,2024-11-21,1.000000
台湾打仗,损害,美国,2024-11-19,1.000000
美国,增进,全球AI发展,2024-11-19,1.000000
张忠谋,损害,辉达,2024-11-19,1.000000
彭博新闻社,损害,苹果,2024-11-26,1.000000
郭智辉,认为有危机,台积电,2024-11-20,1.000000
日本交流协会,认为有威胁,中国,2024-11-25,1.000000
台湾政府,质疑,路透,2024-10-24,1.000000
美国,认为有威胁,中国大陆,2024-11-19,1.000000
美国,认为失败,全面封锁中国,2024-11-19,1.000000
陈正健,认为有威胁,中国,2024-10-29,1.000000
欧盟,批评,设厂案,2024-08-21,1.000000
美国,增进,科技出口,2024-11-19,1.000000
美国,增进,科技出口,2024-11-19,1.000000
亚利桑那州,主导,台积电,2024-11-17,1.000000
胡采苹,认为失败,日本,2024-11-19,1.000000
吴诚文,增进,台积电,2024-11-28,1.000000
吴诚文,增进,台积电,2024-11-28,1.000000
零股投资人,认为有危机,台积电,2024-11-29,1.000000
中国科技快速崛起,攻击,韩企,2024-11-20,1.000000
川普,主导,美国,2024-11-17,1.000000
原田浩光,认为有威胁,日本,2024-11-27,1.000000
美国,支持,蒋介石,2024-10-29,1.000000
拜登,认为有威胁,亚利桑那州,2024-11-19,1.000000
特朗普,认为失败,美国,2024-11-25,1.000000
以色列真主党,威胁,黎巴嫩,2024-11-26,1.000000
以色列真主党,认为有暴力,黎巴嫩,2024-11-26,1.000000
林佳龙,感到满意,俞大㵢,2024-10-24,1.000000
林佳龙,认为可靠,俞大㵢,2024-10-24,1.000000
林佳龙,质疑,俞大㵢,2024-10-24,1.000000
林佳龙,认可,俞大㵢,2024-10-24,1.000000
台湾政府,欢迎,马斯克,2024-11-19,1.000000
美国,认为失败,委内瑞拉,2024-11-23,1.000000
美国,视作英雄,川普,2024-11-17,1.000000
彭博社,认为恐怖,卓荣泰,2024-10-21,1.000000
日本,损害,福岛核电厂,2024-10-21,1.000000
印度总理莫迪,认为违规,美国,2024-10-26,1.000000
美国,增进,出口管制,2024-09-18,1.000000
嘉义县文化观光局,认为可靠,台积电,2024-11-18,1.000000
评审团,认为失败,赛道测试,2024-11-21,1.000000
李远哲,增进,能源政策,2024-11-19,1.000000
李远哲,质疑,能源政策,2024-11-19,1.000000
民进党政府,主导,台美经贸小组,2024-11-26,1.000000
吴东亮,认为优秀,民进党政府,2024-11-26,1.000000
美国,主导,《比特币法案》,2024-11-26,1.000000
捷克政府,增进,半导体,2024-11-19,1.000000
美准财长,视作英雄,美国,2024-11-27,1.000000
林奇芬,主导,「台湾股王争霸战」,2024-11-19,1.000000
气象署,认为有危机,台南连震,2024-11-21,1.000000
美国,攻击,富蓝戈,2024-11-23,1.000000
美国,攻击,富蓝戈,2024-11-23,1.000000
台湾,增进,少子化问题,2024-11-25,1.000000
美国,威胁,中国,2024-11-20,1.000000
民进党政府,主导,台美经贸小组,2024-11-26,1.000000
傅崐萁,支持,郭智辉,2024-11-18,1.000000
傅崐萁,认为有威胁,郭智辉,2024-11-18,1.000000
傅崐萁,担忧,郭智辉,2024-11-18,1.000000
傅崐萁,认为优秀,郭智辉,2024-11-18,1.000000
傅崐萁,认为缺乏,郭智辉,2024-11-18,1.000000
傅崐萁,认为违规,郭智辉,2024-11-18,1.000000
谢守真,主导,美国,2024-11-19,1.000000
西索斯,感到满意,马斯克,2024-11-19,1.000000
西索斯,认可,马斯克,2024-11-19,1.000000
最高法院,主导,「布莱特对雷蒙多」,2024-11-20,1.000000
傅崐萁,质疑,经济部长郭智辉,2024-11-18,1.000000
傅崐萁,担忧,郭智辉,2024-11-18,1.000000
吴东亮,认为优秀,民进党政府,2024-11-26,1.000000
民进党政府,主导,台美经贸小组,2024-11-26,1.000000
快科技,认为优秀,马斯克,2024-11-27,1.000000
美国,认为违规,不会升息,2024-11-24,1.000000
中国,喜欢,川普,2024-11-19,1.000000
新思科技,增进,生产力,2024-11-19,1.000000
台湾,增进,武器制造,2024-11-19,1.000000
吉力吉捞．巩冠,认为失败,美国,2024-11-21,1.000000
台湾科技,支持,台美,2024-08-30,1.000000
伍婉华,损害,老师,2024-11-28,1.000000
美国,支持,中华队,2024-11-23,1.000000
美国,认为失败,委内瑞拉,2024-11-23,1.000000
简志诚,认为有威胁,台美,2024-11-27,1.000000
CNN,损害,相关人员,2024-11-28,1.000000
卡明斯,认可,马斯克,2024-11-28,1.000000
卡明斯,认为可靠,马斯克,2024-11-28,1.000000
卡明斯,认为非法,马斯克,2024-11-28,1.000000
江坤宇,威胁,美国,2024-11-21,1.000000
台湾,增进,美国,2024-11-19,1.000000
长蕾斯曼,批评,蔡前总统任,2024-10-20,1.000000
台南Josh,质疑,美国,2024-11-21,1.000000
「台南Josh」,认为可靠,美国,2024-11-21,1.000000
美国,主导,「台湾盟友基金」,2024-11-19,1.000000
美国,认为失败,委内瑞拉,2024-11-23,1.000000
林昱珉,认为有危机,日本,2024-11-24,1.000000
陈其迈,欣赏,美丽跨年焰火,2024-11-28,1.000000
陈其迈,欣赏,美丽跨年焰火,2024-11-28,1.000000
隅田知一郎,认为有威胁,日本,2024-11-21,1.000000
川普政府,主导,中美贸易之战,2024-10-30,1.000000
川普政府,增进,中美贸易,2024-10-30,1.000000
台派信众,相信,中国,2024-10-30,1.000000
德国,主导,「民主供应链」,2024-09-29,1.000000
许乃文,担忧,欧盟,2024-10-29,1.000000
许乃文,认为有危机,欧盟,2024-10-29,1.000000
克莱尔,认为失败,日本,2024-11-26,1.000000
美国,增进,降息,2024-11-26,1.000000
美国,威胁,俄国,2024-11-19,1.000000
曾文生,相信,郭智辉,2024-11-18,1.000000
曾文生,质疑,郭智辉,2024-11-18,1.000000
曾豪驹,感谢,教练,2024-11-21,1.000000
美国,认为违规,技术禁令,2024-11-20,1.000000
傅崐萁,认为违规,郭智辉,2024-11-18,1.000000
台湾,主导,军事改革,2024-10-28,1.000000
傅崐萁,认为有威胁,郭智辉,2024-11-18,1.000000
傅崐萁,认为优秀,郭智辉,2024-11-18,1.000000
傅崐萁,认为违规,郭智辉,2024-11-18,1.000000
傅崐萁,担忧,郭智辉,2024-11-18,1.000000
江国豪,攻击,庄昕谚,2024-11-21,1.000000
民主党,增进,中国崛起,2024-10-24,1.000000
岳东华,认为有威胁,美国,2024-11-21,1.000000
汪葛雷,损害,台积电,2024-11-18,1.000000
国安会秘书长吴钊燮,认为热情,管碧玲,2024-10-18,1.000000
美国,认为违规,谷歌,2024-11-22,1.000000
川普回归,攻击,贺锦丽,2024-11-26,1.000000
民进党政府,视作英雄,卓荣泰,2024-11-21,1.000000
中国,认为有威胁,台湾,2024-11-19,1.000000
中国,威胁,台湾高科技产业,2024-11-19,1.000000
俄罗斯车臣共和国首脑,质疑,马斯克,2024-11-27,1.000000
俄罗斯车臣共和国首脑,视作英雄,马斯克,2024-11-27,1.000000
万美玲,质疑,郭智辉,2024-09-26,1.000000
川普,担忧,华为,2024-11-29,1.000000
川普,增进,华为,2024-11-29,1.000000
川普,认为有威胁,华为,2024-11-29,1.000000
蔡文瑞,认可,川普,2024-11-18,1.000000
潘杰楷阳春,认为有威胁,美国,2024-11-21,1.000000
林昱珉,认为有危机,委内瑞拉,2024-11-21,1.000000
叶政勋,认为优秀,江国豪,2024-11-21,1.000000
叶政勋,认为有威胁,美国,2024-11-21,1.000000
江坤宇,威胁,美国,2024-11-21,1.000000
岳东华,认为有威胁,美国,2024-11-21,1.000000
美国,认为恐怖,谷歌,2024-11-21,1.000000
台湾,增进,新川普时代,2024-11-19,1.000000
云豹队,主导,「旅游玩咖总动员」,2024-11-20,1.000000
健行科大,主导,「旅游玩咖总动员」,2024-11-20,1.000000
美国,增进,关税制度,2024-11-19,1.000000
朝中社,认为有威胁,美国,2024-11-21,1.000000
爱迪生研究公司,认为有成就,唐纳德·川普,2024-11-19,1.000000
希拉里·克林顿,相信,川普,2024-11-19,1.000000
傅崐萁,喜欢,郭智辉,2024-11-18,1.000000
傅崐萁,认为违规,郭智辉,2024-11-18,1.000000
傅崐萁,担忧,郭智辉,2024-11-18,1.000000
傅崐萁,认为有威胁,郭智辉,2024-11-18,1.000000
傅崐萁,认为缺乏,郭智辉,2024-11-18,1.000000
傅崐萁,认为优秀,郭智辉,2024-11-18,1.000000
梅克尔,欣赏,贺锦丽,2024-11-28,1.000000
梅克尔,欢迎,贺锦丽,2024-11-28,1.000000
梅克尔,喜欢,贺锦丽,2024-11-28,1.000000
陈杰宪,损害,江坤宇,2024-11-21,1.000000
潘帅,损害,东京巨蛋,2024-11-21,1.000000
美国,认为失败,委内瑞拉,2024-11-23,1.000000
美国,认为失败,委内瑞拉,2024-11-23,1.000000
世新大学,欢迎,开季第二胜,2024-11-27,1.000000
索贝克,认为有危机,台积电,2024-11-28,1.000000
索贝克,认为恐怖,台积电,2024-11-28,1.000000
川普总统,认为有威胁,美国,2024-11-28,1.000000
台湾,主导,联电,2024-11-30,1.000000
索贝克,主导,川普政府,2024-11-27,1.000000
索贝克,认为有危机,台积电,2024-11-28,1.000000
索贝克,认为恐怖,台积电,2024-11-28,1.000000
索贝克,认可,川普政府,2024-11-28,1.000000
台湾,主导,联电,2024-11-30,1.000000
陈其迈,相信,高雄的2奈米制程,2024-11-26,1.000000
黄仁勋,认为恐怖,无人机,2024-11-28,1.000000
以色列,感到不满,黎巴嫩,2024-11-27,1.000000
以色列,认为可靠,黎巴嫩,2024-11-27,1.000000
美国,欢迎,在亚洲的盟友,2024-10-26,1.000000
美国,欢迎,在亚洲的盟友,2024-10-26,1.000000
拜登政府,担忧,完全自动驾驶,2024-11-21,1.000000
美国,质疑,加征关税,2024-11-26,1.000000
美国,增进,全球贸易战,2024-11-26,1.000000
谢金河,质疑,川普,2024-11-19,1.000000
郭智辉,损害,台积电,2024-11-20,1.000000
日本政府,主导,SBI,2024-10-22,1.000000
马斯克,主导,《晶片与科学法》,2024-11-28,1.000000
拉马斯瓦米,认为有暴力,拜登,2024-11-28,1.000000
经济部,认可,台电电力开发计划,2024-11-27,1.000000
经济部,认可,台电电力开发计划,2024-11-27,1.000000
台湾,质疑,积电,2024-11-25,1.000000
台积电,主导,美方调查,2024-11-28,1.000000
谢金河,增进,中国成熟制程,2024-11-30,1.000000
谢金河,威胁,中国成熟制,2024-11-30,1.000000
江坤宇,认为失败,美国,2024-11-21,1.000000
赖坤成,认为失败,日本,2024-11-27,1.000000
台湾政府,相信,路透,2024-10-24,1.000000
索贝克,认为有危机,台积电,2024-11-28,1.000000
索贝克,认为恐怖,台积电,2024-11-28,1.000000
美国,质疑,卖晶片给中国,2024-10-29,1.000000
川普,认为有成就,马斯克,2024-11-17,1.000000
赖瑞隆,担忧,高雄,2024-11-27,1.000000
美国,认为有暴力,委国,2024-11-24,1.000000
美国,认为有暴力,委国,2024-11-24,1.000000
司徒文,认为有成就,川普,2024-11-26,1.000000
郭智辉,增进,美国,2024-11-19,1.000000
中国科技快速崛起,损害,韩企,2024-11-20,1.000000
川普,认为非法,美国,2024-11-17,1.000000
安徽,主导,半导体,2024-11-27,1.000000
以色列真主党,攻击,黎巴嫩,2024-11-26,1.000000
林佳龙,相信,俞大㵢,2024-10-24,1.000000
民党团,质疑,郭智辉,2024-11-28,1.000000
美国,主导,《日经论坛》,2024-11-29,1.000000
彭博社,认为有暴力,卓荣泰,2024-10-21,1.000000
彭博社,批评,卓荣泰,2024-10-21,1.000000
美国,支持,全球投资者,2024-11-19,1.000000
美国,支持,全球投资者,2024-11-19,1.000000
嘉义县文化观光局,增进,台积电,2024-11-18,1.000000
李远哲,欣赏,清德宗,2024-11-19,1.000000
川普,认为有成就,马斯克,2024-11-17,1.000000
中共,增进,太平洋战争,2024-11-26,1.000000
傅崐萁,威胁,郭智辉,2024-11-18,1.000000
傅崐萁,欣赏,郭智辉,2024-11-18,1.000000
杨光磊,认为有危机,美国,2024-11-24,1.000000
川普政府,增进,新药上市,2024-11-18,1.000000
马斯克,认为失败,总统选举结果,2024-11-20,1.000000
傅崐萁,威胁,郭智辉,2024-11-18,1.000000
赵晓光,质疑,马斯克,2024-11-27,1.000000
快科技,欣赏,马斯克,2024-11-27,1.000000
俄乌政府,视作英雄,普京,2024-10-29,1.000000
美国,威胁,委内瑞拉,2024-11-23,1.000000
江坤宇,认为失败,美国,2024-11-21,1.000000
郭智辉,支持,川普新政,2024-11-28,1.000000
台南Josh,认为优秀,美国,2024-11-21,1.000000
台南Josh,认为缺乏,美国,2024-11-21,1.000000
台南Josh,认为有危机,美国,2024-11-21,1.000000
美联储,喜欢,美国,2024-11-26,1.000000
黄仁勋,认为有威胁,美国,2024-11-23,1.000000
林伯丰,感谢,金河,2024-11-20,1.000000
隅田知一郎,威胁,日本,2024-11-21,1.000000
郭智辉,增进,美国,2024-11-19,1.000000
林部长,认为有威胁,以色列,2024-09-29,1.000000
许乃文,认为恐怖,欧盟,2024-10-29,1.000000
许乃文,认为失败,欧盟,2024-10-29,1.000000
曾文生,视作英雄,郭智辉,2024-11-18,1.000000
曾豪驹,感到满意,教练,2024-11-21,1.000000
傅崐萁,威胁,郭智辉,2024-11-18,1.000000
傅崐萁,威胁,郭智辉,2024-11-18,1.000000
傅崐萁,欣赏,郭智辉,2024-11-18,1.000000
皮尤研究中心,认为有成就,美国,2024-11-27,1.000000
黄仁勋,主导,辉达,2024-11-21,1.000000
阮慕骅,认为有暴力,比特币,2024-10-23,1.000000
义电智慧能源虚拟电厂,支持,台湾能源转型,2024-11-27,1.000000
郭书廷,攻击,中国,2024-10-24,1.000000
郭加泳,感到不满,美国,2024-10-24,1.000000
庄思敏,认为有威胁,老都更,2024-11-19,1.000000
美国,增进,中国科技业进步,2024-10-27,1.000000
许咏翔,损害,中国,2024-10-27,1.000000
德国,主导,俄乌战争,2024-11-18,1.000000
潘姿羽,增进,AI需求,2024-11-19,1.000000
叶政勋,欢迎,江国豪,2024-11-21,1.000000
林昱珉,威胁,委内瑞拉,2024-11-21,1.000000
陈柏清,威胁,美国,2024-11-21,1.000000
美国,认为有威胁,太尼,2024-11-27,1.000000
美国,认为有威胁,墨国,2024-11-27,1.000000
健行科大,认为优秀,上季亚军,2024-11-20,1.000000
选秀夺冠,攻击,酸民,2024-11-21,1.000000
正崴,攻击,BBU 商机,2024-11-21,1.000000
坂仓将吾,认为有危机,小园海斗,2024-11-25,1.000000
希拉里·克林顿,质疑,川普,2024-11-19,1.000000
傅崐萁,威胁,郭智辉,2024-11-18,1.000000
傅崐萁,欣赏,郭智辉,2024-11-18,1.000000
JeffZeleny,支持,贺锦丽,2024-11-28,1.000000
美国,认为犯罪,台积电,2024-10-23,1.000000
索贝克,批评,台积电,2024-11-28,1.000000
亚利桑那州,增进,先进封装生产线,2024-11-19,1.000000
拜登,增进,对陆科技,2024-11-28,1.000000
张忠谋,主导,「双首长制」,2024-11-26,1.000000
黄仁勋,感谢,张忠谋,2024-11-28,1.000000
黄仁勋,感谢,张忠谋,2024-11-28,1.000000
万美玲,担忧,台积电,2024-11-29,1.000000
拜登政府,认为失败,完全自动驾驶,2024-11-21,1.000000
美国,认为有威胁,加,2024-11-27,1.000000
美国,认为恐怖,驾驶,2024-11-18,1.000000
拉马斯瓦米,认为违规,美国,2024-11-27,1.000000
谢衣凤,增进,台积电,2024-11-19,1.000000
谢衣凤,质疑,台积电,2024-11-19,1.000000
美国,支持,全球AI发展,2024-11-19,1.000000
科克,批评,台湾政府,2024-11-25,1.000000
台积电,主导,赴美建厂,2024-11-25,1.000000
台积电,主导,赴美建厂,2024-11-25,1.000000
日本交流协会,威胁,中国,2024-11-25,1.000000
台积电,主导,赴美建厂,2024-11-25,1.000000
台积电,主导,赴美建厂,2024-11-25,1.000000
科克,批评,台湾政府,2024-11-25,1.000000
台积电,主导,赴美建厂,2024-11-25,1.000000
川普,威胁,台积电,2024-11-19,1.000000
川普,欣赏,台积电,2024-11-19,1.000000
吴诚文,相信,台积电,2024-11-28,1.000000
吴诚文,质疑,台积电,2024-11-28,1.000000
《纽约时报》北京分社,攻击,中国,2024-11-25,1.000000
川普,质疑,司徒文,2024-11-26,1.000000
拉马斯瓦米,认为违规,美国,2024-11-27,1.000000
拜登,认为失败,亚利桑那州,2024-11-19,1.000000
林佳龙,视作英雄,俞大㵢,2024-10-24,1.000000
美国,攻击,委内瑞拉,2024-11-23,1.000000
川普,质疑,司徒文,2024-11-26,1.000000
美国,增进,AI,2024-11-26,1.000000
美国,增进,出口管制,2024-08-19,1.000000
美国,增进,出口管制,2024-10-19,1.000000
台湾科技公司,认为可靠,美国,2024-09-18,1.000000
美国,增进,出口管制,2024-10-19,1.000000
美国,增进,出口管制,2024-10-19,1.000000
李远哲,认为违规,能源政策,2024-11-19,1.000000
川普,增进,美国,2024-11-17,1.000000
美国,主导,DIU,2024-10-17,1.000000
美国,认为可靠,美中两国,2024-10-30,1.000000
傅崐萁,认为失败,郭智辉,2024-11-18,1.000000
西索斯,质疑,马斯克,2024-11-19,1.000000
美国,认为缺乏,不会升息,2024-11-24,1.000000
美国,攻击,委内瑞拉,2024-11-23,1.000000
美国,攻击,委内瑞拉,2024-11-23,1.000000
美国,认为犯罪,台积电,2024-10-23,1.000000
卡明斯,质疑,马斯克,2024-11-28,1.000000
郭智辉,认为有危机,川普新政,2024-11-28,1.000000
郭智辉,担忧,川普新政,2024-11-28,1.000000
「台南Josh」,认可,美国,2024-11-21,1.000000
中华队,威胁,美国,2024-11-23,1.000000
美国,攻击,委内瑞拉,2024-11-23,1.000000
陈其迈,增进,亚湾建设,2024-11-28,1.000000
台派信众,认为有威胁,中国,2024-10-30,1.000000
川普生意人,感到满意,赖政府,2024-10-30,1.000000
台派信众,喜欢,中国,2024-10-30,1.000000
台派信众,欣赏,中国,2024-10-30,1.000000
中国,担忧,川普,2024-11-19,1.000000
郭智辉,认为有威胁,美国,2024-11-19,1.000000
台媒,认为恐怖,台铁司机员驾驶座猝死,2024-11-20,1.000000
许乃文,认为有暴力,欧盟,2024-10-29,1.000000
拉马斯瓦米,认为违规,美国,2024-11-27,1.000000
克莱尔,攻击,日本,2024-11-26,1.000000
美国,攻击,俄国,2024-11-19,1.000000
台湾,增进,军事改革,2024-10-28,1.000000
王翊亘,认为有威胁,美国,2024-11-21,1.000000
中华队,认为有威胁,美国,2024-11-21,1.000000
卡明斯,质疑,马斯克,2024-11-28,1.000000
郭书廷,损害,中国,2024-10-24,1.000000
郭加泳,认可,美国,2024-10-24,1.000000
高桥宏斗,认为失败,美国,2024-11-20,1.000000
中华队,认为有威胁,美国,2024-11-21,1.000000
谢佩颖,认为有危机,老都更,2024-11-19,1.000000
俄罗斯总统普亭,增进,美国,2024-11-26,1.000000
国民党,感到不满,陈玉珍,2024-11-26,1.000000
马斯克,欢迎,你,2024-11-26,1.000000
万美玲,视作英雄,郭智辉,2024-09-26,1.000000
川普,威胁,华为,2024-11-29,1.000000
川普,认为恐怖,华为,2024-11-29,1.000000
美国,认为犯罪,自私插队仔-风传媒,2024-11-22,1.000000
川普,主导,美中贸易大战,2024-11-18,1.000000
台商,认为失败,美中贸易大战,2024-11-18,1.000000
柯文哲,认为犯罪,京华城弊案,2024-11-26,1.000000
美国,认为有威胁,伊朗,2024-11-26,1.000000
中华队,认为有威胁,美国,2024-11-21,1.000000
阿巴西,相信,纽西兰,2024-11-20,1.000000
密歇根州,认为有成就,川普,2024-11-19,1.000000
川普,视作英雄,希拉里·克林顿,2024-11-19,1.000000
傅崐萁,认为失败,郭智辉,2024-11-18,1.000000
梅克尔,认为热情,贺锦丽,2024-11-28,1.000000
美国,支持,台湾民,2024-11-23,1.000000
美国,攻击,委内瑞拉,2024-11-23,1.000000
美国,攻击,委内瑞拉,2024-11-23,1.000000
马斯克,认为非法,移民,2024-11-25,1.000000
美国,认为有威胁,台积电,2024-10-23,0.999999
约翰‧穆勒纳尔,增进,美国,2024-11-19,0.999999
美国,损害,台积电,2024-10-17,0.999999
索贝克,认为缺乏,台积电,2024-11-27,0.999999
万美玲,认为有威胁,台积电,2024-11-29,0.999999
美国,认为违规,加征关税,2024-11-26,0.999999
谢金河,认为可靠,北京,2024-11-19,0.999999
陈正健,威胁,中国,2024-10-29,0.999999
赖坤成,攻击,日本,2024-11-27,0.999999
川普,攻击,台积电,2024-11-19,0.999999
美国,威胁,中国大陆,2024-11-19,0.999999
川普,攻击,台积电,2024-11-19,0.999999
川普,担忧,台积电,2024-11-19,0.999999
《钛传媒》,认为有威胁,美国,2024-11-19,0.999999
马斯克,感到满意,川普,2024-11-17,0.999999
南韩国民力量党,主导,半导体,2024-11-19,0.999999
吴诚文,担忧,台积电,2024-11-28,0.999999
马斯克,主导,「全自动驾驶」计划,2024-11-25,0.999999
《纽约时报》北京分社,损害,中国,2024-11-25,0.999999
拜登,认为有危机,亚利桑那州,2024-11-19,0.999999
中共,主导,永禁台湾晶片,2024-11-21,0.999999
川普,认为犯罪,司徒文,2024-11-26,0.999999
川普,认为优秀,华为,2024-11-25,0.999999
邱立玲,认可,马斯克,2024-11-17,0.999999
美准财长,欢迎,美国,2024-11-27,0.999999
美准财长,喜欢,美国,2024-11-27,0.999999
傅崐萁,认为热情,郭智辉,2024-11-18,0.999999
傅崐萁,认为有危机,郭智辉,2024-11-18,0.999999
西索斯,相信,马斯克,2024-11-19,0.999999
西索斯,视作英雄,马斯克,2024-11-19,0.999999
密歇根州,增进,自动驾驶服务,2024-11-28,0.999999
卡明斯,相信,马斯克,2024-11-28,0.999999
比利时,质疑,布鲁塞尔,2024-10-20,0.999999
台南Josh,认为恐怖,美国,2024-11-21,0.999999
台南Josh,认为失败,美国,2024-11-21,0.999999
北京当局,威胁,台湾领导人,2024-11-19,0.999999
吴明德,视作英雄,消防人员,2024-11-22,0.999999
谢金河,攻击,裕隆日产汽车,2024-11-20,0.999999
台派信众,担忧,中国,2024-10-30,0.999999
台派信众,欢迎,中国,2024-10-30,0.999999
中国,威胁,川普,2024-11-19,0.999999
郭智辉,认为违规,美国,2024-11-19,0.999999
许乃文,批评,欧盟,2024-10-29,0.999999
黄馨慧,视作英雄,郭智辉,2024-11-18,0.999999
曾文生,认为违规,郭智辉,2024-11-18,0.999999
高睿鸿,感到不满,郭智辉,2024-11-18,0.999999
郭智辉,主导,崇越科技公司,2024-11-19,0.999999
中国,认为有威胁,台湾,2024-10-18,0.999999
美国,认为失败,美总统大选,2024-11-26,0.999999
林楚茵,威胁,台湾高科技产业,2024-11-19,0.999999
万美玲,认为违规,郭智辉,2024-09-26,0.999999
陈杰宪,认为有暴力,恶男,2024-11-21,0.999999
美国,增进,不对称战力,2024-11-26,0.999999
邱智呈,认为有暴力,吉捞安打,2024-11-21,0.999999
放宽工时法案,损害,三星,2024-11-21,0.999999
赖士葆,批评,外交部长林佳龙,2024-11-19,0.999999
朝中社,认为有危机,美国,2024-11-21,0.999999
北卡罗来纳州,感到不满,川普,2024-11-19,0.999999
希拉里·克林顿,支持,川普,2024-11-19,0.999999
宾夕法尼亚州,认为有成就,川普,2024-11-19,0.999999
傅崐萁,认为热情,郭智辉,2024-11-18,0.999999
傅崐萁,认为有危机,郭智辉,2024-11-18,0.999999
"伊凡卡
马斯克",感到不满,川普,2024-11-28,0.999999
川普当选,增进,AI技术发展,2024-11-19,0.999999
美国,质疑,台积电,2024-10-23,0.999999
美国,相信,台积电,2024-10-23,0.999999
美国,质疑,台积电,2024-10-23,0.999999
索贝克,认为恐怖,台积电,2024-11-27,0.999999
亚利桑那,认为失败,台积电,2024-11-27,0.999999
索贝克,感到满意,川普政府,2024-11-28,0.999999
张忠谋,认可,黄仁勋,2024-11-28,0.999999
张忠谋,认可,黄仁勋,2024-11-28,0.999999
张忠谋,认可,黄仁勋,2024-11-28,0.999999
黄仁勋,认为有暴力,无人机,2024-11-28,0.999999
万美玲,认为失败,台积电,2024-11-29,0.999999
万美玲,认为违规,台积电,2024-11-29,0.999999
中国大陆政府,主导,半导体,2024-10-24,0.999999
美国,支持,加征关税,2024-11-26,0.999999
美国,攻击,墨,2024-11-27,0.999999
杨昭彦,认为有威胁,中国,2024-10-29,0.999999
日本政府,感到满意,SBI,2024-10-22,0.999999
川普总统,认为违规,美国,2024-11-28,0.999999
美国,主导,半导体,2024-11-19,0.999999
索贝克,感到满意,川普政府,2024-11-28,0.999999
郭智辉,主导,川普内阁,2024-11-19,0.999999
亚利桑那晶圆厂,损害,狗狗,2024-11-21,0.999999
马斯克,认可,川普,2024-11-17,0.999999
美国,攻击,中国大陆客户,2024-11-19,0.999999
马哈希尊者,增进,智慧,2024-11-19,0.999999
刘德音,感谢,台积电,2024-11-26,0.999999
美国,认为有威胁,委内瑞拉,2024-11-24,0.999999
高雄市长陈其迈,认可,台积电,2024-11-26,0.999999
张忠谋,质疑,刘德音,2024-11-27,0.999999
台湾政府,攻击,马斯克,2024-11-19,0.999999
美国,欢迎,全球投资者,2024-11-19,0.999999
李远哲,支持,能源政策,2024-11-19,0.999999
李远哲,担忧,能源政策,2024-11-19,0.999999
李远哲,认为缺乏,能源政策,2024-11-19,0.999999
美国,攻击,左外野安打,2024-11-24,0.999999
美国,攻击,左外野安打,2024-11-24,0.999999
AIT,感谢,美国,2024-11-23,0.999999
立法院,损害,台湾经济成长率,2024-11-25,0.999999
美国,损害,中国,2024-11-20,0.999999
美国,认可,美中两国,2024-10-30,0.999999
傅崐萁,认为恐怖,郭智辉,2024-11-18,0.999999
郭智辉,认为犯罪,傅崐萁,2024-11-18,0.999999
俄乌停战,增进,钢铁产业复苏,2024-11-18,0.999999
傅崐萁,认为恐怖,郭智辉,2024-11-18,0.999999
郭智辉,认为犯罪,傅崐萁,2024-11-18,0.999999
胡冠廷,攻击,老师,2024-11-28,0.999999
美国,攻击,中华队,2024-11-23,0.999999
卡明斯,认为犯罪,马斯克,2024-11-28,0.999999
郭智辉,认为失败,川普新政,2024-11-28,0.999999
长柯佳洛,认为可靠,台湾,2024-10-20,0.999999
交通部公路局,增进,偏乡交通,2024-11-19,0.999999
台湾,主导,台智云,2024-11-24,0.999999
保护主义政策,主导,小型股预期,2024-11-19,0.999999
林昱珉,攻击,日本,2024-11-24,0.999999
中华队夺冠,威胁,日本,2024-11-28,0.999999
美国,支持,降息,2024-11-26,0.999999
曾文生,认为有威胁,郭智辉,2024-11-18,0.999999
美国,损害,中国,2024-11-20,0.999999
郭智辉,视作英雄,傅崐萁,2024-11-18,0.999999
傅崐萁,认为恐怖,郭智辉,2024-11-18,0.999999
卡明斯,认为犯罪,马斯克,2024-11-28,0.999999
特朗普,质疑,台湾,2024-10-24,0.999999
岳东华,认为有危机,美国,2024-11-21,0.999999
管碧玲,感谢,嘉勉,2024-10-18,0.999999
美国,质疑,大谷翔平,2024-11-22,0.999999
中国,攻击,台湾高科技产业,2024-11-19,0.999999
俄罗斯车臣共和国首脑,担忧,马斯克,2024-11-27,0.999999
俄乌战争,认为有威胁,德国,2024-11-18,0.999999
万美玲,认为优秀,郭智辉,2024-09-26,0.999999
米勒,批评,晶片法,2024-11-29,0.999999
陈柏清,攻击,美国,2024-11-21,0.999999
美国,威胁,墨国,2024-11-27,0.999999
邱智呈,认为有暴力,潘杰楷,2024-11-21,0.999999
美国,认可,台湾,2024-11-19,0.999999
朝中社,威胁,美国,2024-11-21,0.999999
北卡罗来纳州,认可,川普,2024-11-19,0.999999
希拉里·克林顿,喜欢,川普,2024-11-19,0.999999
希拉里·克林顿,欢迎,川普,2024-11-19,0.999999
傅崐萁,认为恐怖,郭智辉,2024-11-18,0.999999
金子恭之,欢迎,林佳龙,2024-08-27,0.999999
台艺男篮,攻击,世新大学,2024-11-27,0.999999
美国,认为违规,台积电,2024-10-23,0.999999
美国,认为优秀,台积电,2024-10-23,0.999999
中国科技公司华为,认为违规,美国,2024-10-28,0.999999
彭博专栏作家,认为有威胁,美国,2024-11-28,0.999999
索贝克,认可,川普政府,2024-11-27,0.999999
黄崇仁,认为犯罪,SBI,2024-10-22,0.999999
瑞银分析师,认为有威胁,中国,2024-10-29,0.999999
拜登,支持,全球股市,2024-11-28,0.999999
日本政府,认可,SBI,2024-10-22,0.999999
美国,增进,全球供应链重组,2024-11-28,0.999999
日本专家,欢迎,日本,2024-11-29,0.999999
美国,增进,全球供应链重组,2024-11-28,0.999999
彭博专栏作家,认为有威胁,美国,2024-11-28,0.999999
郭智辉,感到不满,川普内阁,2024-11-19,0.999999
台湾,攻击,川普政府,2024-11-17,0.999999
吴诚文,认为有威胁,台积电,2024-11-28,0.999999
拜登,认为恐怖,亚利桑那州,2024-11-19,0.999999
林佳龙,支持,俞大㵢,2024-10-24,0.999999
吴东亮,视作英雄,美国,2024-11-26,0.999999
邱立玲,质疑,马斯克,2024-11-17,0.999999
吴东亮,视作英雄,美国,2024-11-26,0.999999
吴东亮,认为有威胁,美国,2024-11-26,0.999999
中国,攻击,台湾,2024-11-19,0.999999
美国,主导,对英特尔的补贴案,2024-11-28,0.999999
快科技,认为恐怖,马斯克,2024-11-27,0.999999
川普,主导,俄乌战争,2024-11-16,0.999999
美国,认为违规,台积电,2024-10-23,0.999999
「台南Josh」,相信,美国,2024-11-21,0.999999
谢金河,损害,裕隆日产汽车,2024-11-20,0.999999
台派信众,威胁,中国,2024-10-30,0.999999
台派信众,认为有危机,中国,2024-10-30,0.999999
台湾拟提大型军购案,质疑,川普,2024-11-19,0.999999
刘复国,认为非法,美国,2024-10-30,0.999999
曾文生,喜欢,郭智辉,2024-11-18,0.999999
曾文生,担忧,郭智辉,2024-11-18,0.999999
教练,视作英雄,曾豪驹,2024-11-21,0.999999
台湾拟提大型军购案,质疑,川普,2024-11-19,0.999999
台湾拟提大型军购案,相信,川普,2024-11-19,0.999999
台湾,主导,川普风暴,2024-11-27,0.999999
皮尤研究中心,认为可靠,美国,2024-11-27,0.999999
岳东华,威胁,美国,2024-11-21,0.999999
汪葛雷,感到不满,川普,2024-11-18,0.999999
管碧玲,感到满意,总统嘉勉,2024-10-18,0.999999
中国,威胁,台湾,2024-10-18,0.999999
郭崇伦,攻击,民主党,2024-11-26,0.999999
前总统,认为犯罪,川普,2024-11-26,0.999999
中国,攻击,台湾,2024-11-19,0.999999
K·美拉德诺维奇,增进,美国,2024-08-29,0.999999
潘杰楷阳春,威胁,美国,2024-11-21,0.999999
岳东华,威胁,美国,2024-11-21,0.999999
美国,认为可靠,台湾,2024-11-19,0.999999
夏焕纮,认为失败,世新大学,2024-11-27,0.999999
美国,认为有威胁,墨西哥,2024-11-26,0.999999
美国,认为有威胁,墨西哥,2024-11-26,0.999999
张忠谋,质疑,黄仁勋,2024-11-28,0.999999
张忠谋,质疑,黄仁勋,2024-11-28,0.999999
美国,认为有威胁,墨西哥,2024-11-26,0.999999
张忠谋,质疑,黄仁勋,2024-11-28,0.999999
阮慕骅,主导,美国,2024-11-27,0.999999
张忠谋,质疑,黄仁勋,2024-11-28,0.999999
张忠谋,质疑,黄仁勋,2024-11-28,0.999999
美国,视作英雄,雷蒙多,2024-11-20,0.999999
台积电,主导,「双首长制」,2024-11-29,0.999999
马斯克,认为可靠,川普,2024-11-17,0.999999
葛如钧,增进,台积电,2024-11-28,0.999999
拜登,支持,川普,2024-11-19,0.999999
林佳龙,认为优秀,俞大㵢,2024-10-24,0.999999
民党团,认为违规,郭智辉,2024-11-28,0.999999
长谷立言,认为非法,美国,2024-10-29,0.999999
美国,认为非法,中国科技巨头华为,2024-10-19,0.999999
川普,认为恐怖,华为,2024-11-25,0.999999
川普,主导,马斯克,2024-11-17,0.999999
杨光磊,认为可靠,大陆,2024-11-24,0.999999
美国,认为可靠,美中两国,2024-10-29,0.999999
美国,认为可靠,美中两国,2024-10-29,0.999999
岳东华,认为失败,美国,2024-11-21,0.999999
张政禹,认为有威胁,台湾,2024-11-21,0.999999
洛杉矶,质疑,大谷翔平,2024-11-30,0.999999
比利时,视作英雄,布鲁塞尔,2024-10-20,0.999999
台南Josh,担忧,美国,2024-11-21,0.999999
台南Josh,欣赏,美国,2024-11-21,0.999999
中共,威胁,台湾领导人,2024-11-19,0.999999
陈奕光,主导,美国,2024-11-26,0.999999
曾文生,欣赏,郭智辉,2024-11-18,0.999999
马斯克,批评,澳洲政府,2024-11-25,0.999999
谷立言,认为可靠,美台关系,2024-10-28,0.999999
郭智辉,质疑,郭智辉,2024-11-18,0.999999
郭加泳,质疑,美国,2024-10-24,0.999999
岳东华,认为恐怖,美国,2024-11-21,0.999999
岳东华,认为失败,美国,2024-11-21,0.999999
本人,欢迎,捷克各界友人,2024-11-19,0.999999
川普,攻击,台积电,2024-11-18,0.999999
川普,威胁,台积电,2024-11-18,0.999999
庄思敏,认为有危机,老都更,2024-11-19,0.999999
菲力浦,主导,俄乌战争,2024-11-18,0.999999
万美玲,认为缺乏,郭智辉,2024-09-26,0.999999
台湾,增进,口罩生产能力,2024-09-21,0.999999
蔡文瑞,质疑,越南台商,2024-11-18,0.999999
美国,认为有危机,太尼,2024-11-27,0.999999
岳东华,认为失败,美国,2024-11-21,0.999999
美国,感到满意,台湾,2024-11-19,0.999999
艾德 海神,增进,禁区,2024-11-20,0.999999
希拉里·克林顿,担忧,川普,2024-11-19,0.999999
爱迪生研究公司,认为可靠,亚利桑那州,2024-11-19,0.999999
拜登,批评,恐吓行为,2024-11-28,0.999999
美国,担忧,台积电,2024-10-23,0.999999
美国,威胁,台积电,2024-10-23,0.999999
张忠谋,喜欢,张淑芬,2024-11-29,0.999999
台积电,主导,第三季法说会,2024-11-28,0.999999
张忠谋,认为可靠,黄仁勋,2024-11-28,0.999999
张忠谋,认为可靠,黄仁勋,2024-11-28,0.999999
美国,损害,美国,2024-10-19,0.999999
张忠谋,认为可靠,黄仁勋,2024-11-28,0.999999
美国,主导,「管理层收购」案,2024-11-28,0.999999
张忠谋,欢迎,张淑芬,2024-10-29,0.999999
拜登政府,批评,完全自动驾驶,2024-11-21,0.999999
谢衣凤,感谢,郭智辉,2024-11-19,0.999999
美国,批评,在拜登政府,2024-11-28,0.999999
谢衣鳯,认为有成就,郭智辉,2024-11-19,0.999999
川普,认为有暴力,台积电,2024-11-19,0.999999
川普内阁,认为有威胁,中国,2024-11-19,0.999999
司徒文,认为可靠,川普,2024-11-26,0.999999
司徒文,认为非法,川普,2024-11-26,0.999999
司徒文,感到不满,川普,2024-11-26,0.999999
拜登,欢迎,川普,2024-11-19,0.999999
"乌克兰
韩国反对党",增进,澳洲第3季经济成长,2024-11-20,0.999999
林佳龙,认为缺乏,俞大㵢,2024-10-24,0.999999
美国,认为有成就,禾赛,2024-11-27,0.999999
傅崐萁,批评,郭智辉,2024-11-18,0.999999
杨光磊,认可,大陆,2024-11-24,0.999999
傅崐萁,批评,郭智辉,2024-11-18,0.999999
印太战略智库民调》,相信,美国,2024-11-28,0.999999
交通部公路局,支持,运输服务,2024-11-19,0.999999
「外交智囊」,攻击,航空公司,2024-11-19,0.999999
隅田知一郎,攻击,日本,2024-11-21,0.999999
台派信众,认为恐怖,中国,2024-10-30,0.999999
川普生意人,认为有威胁,中国,2024-10-30,0.999999
郭智辉,认为有危机,美国,2024-11-19,0.999999
曾文生,威胁,郭智辉,2024-11-18,0.999999
马斯克,攻击,澳洲政府,2024-11-25,0.999999
马斯克,认为有暴力,澳洲官员,2024-11-25,0.999999
傅崐萁,批评,郭智辉,2024-11-18,0.999999
傅崐萁,批评,郭智辉,2024-11-18,0.999999
中华队,威胁,美国,2024-11-21,0.999999
王翊亘,认为有危机,美国,2024-11-21,0.999999
特朗普,认为有威胁,台湾,2024-10-24,0.999999
中华队,威胁,美国,2024-11-21,0.999999
马斯克,主导,AI军备竞赛,2024-11-22,0.999999
台湾官方,认为有威胁,中共,2024-11-21,0.999999
中国,损害,台湾高科技产业,2024-11-19,0.999999
俄罗斯车臣共和国首脑,威胁,马斯克,2024-11-27,0.999999
美国,认为犯罪,封口费案,2024-08-28,0.999999
万美玲,担忧,郭智辉,2024-09-26,0.999999
川普,攻击,华为,2024-11-29,0.999999
中国外交部,感到不满,川普,2024-11-27,0.999999
中华队,威胁,美国,2024-11-21,0.999999
美国,认为非法,台湾,2024-11-19,0.999999
傅崐萁,批评,郭智辉,2024-11-18,0.999999
美国,主导,「台日冠军战」,2024-11-23,0.999999
华府智库,认为可靠,美国,2024-11-29,0.999999
美国,认为有威胁,荷兰,2024-11-19,0.999999
美国,欢迎,AI伺服器晶片,2024-10-19,0.999999
日本政府,增进,SBI,2024-10-22,0.999999
谢衣凤,认为有威胁,台积电,2024-11-19,0.999999
谢衣凤,认为有威胁,台积电,2024-11-19,0.999999
美国,认为非法,台积电,2024-10-24,0.999999
美国,攻击,中国大陆,2024-11-19,0.999999
川普,认为恐怖,台积电,2024-11-19,0.999999
美国,认为优秀,真主党民兵组织,2024-11-29,0.999999
中华队,认为有威胁,委内瑞拉,2024-11-20,0.999999
林佳龙,喜欢,俞大㵢,2024-10-24,0.999999
林佳龙,欢迎,俞大㵢,2024-10-24,0.999999
林佳龙,欣赏,俞大㵢,2024-10-24,0.999999
嘉义县文化观光局,认为失败,台积电,2024-11-18,0.999999
李远哲,认为失败,能源政策,2024-11-19,0.999999
中共,认为失败,太平洋战争,2024-11-26,0.999999
傅崐萁,攻击,郭智辉,2024-11-18,0.999999
西索斯,认为优秀,马斯克,2024-11-19,0.999999
傅崐萁,攻击,郭智辉,2024-11-18,0.999999
伍婉华,攻击,老师,2024-11-29,0.999999
赵晓光,欣赏,马斯克,2024-11-27,0.999999
中国,攻击,川普,2024-11-19,0.999999
比利时,支持,布鲁塞尔,2024-10-20,0.999999
林昱珉,损害,日本,2024-11-24,0.999999
美国,主导,「民主供应链」,2024-09-29,0.999999
美国,损害,俄国,2024-11-19,0.999999
傅崐萁,攻击,郭智辉,2024-11-18,0.999999
傅崐萁,攻击,郭智辉,2024-11-18,0.999999
郭加泳,认为有威胁,美国,2024-10-24,0.999999
特朗普,担忧,台湾,2024-10-24,0.999999
岳东华,认为有暴力,美国,2024-11-21,0.999999
美国,视作英雄,大谷翔平,2024-11-22,0.999999
万美玲,欣赏,郭智辉,2024-09-26,0.999999
林育绫,认为有威胁,美国,2024-11-21,0.999999
台商,感到不满,川普,2024-11-18,0.999999
马斯克,认可,川普,2024-11-19,0.999999
陈水扁,主导,民进党全代会,2024-11-26,0.999999
潘杰楷,认为有暴力,邱智呈,2024-11-21,0.999999
阿巴西,认为有威胁,纽西兰,2024-11-20,0.999999
爱迪生研究公司,认可,唐纳德·川普,2024-11-19,0.999999
傅崐萁,攻击,郭智辉,2024-11-18,0.999999
川普当选,认为非法,移民,2024-11-25,0.999999
川普,主导,遣返非法移民政策,2024-11-25,0.999999
美国,认为有危机,台积电,2024-10-23,0.999999
美国,认为非法,加拿大、墨西哥,2024-11-26,0.999999
台积电,欢迎,小朋友们,2024-10-25,0.999999
美国,担忧,全球贸易战,2024-11-26,0.999999
谢衣凤,认为违规,台积电,2024-11-19,0.999999
克里姆林宫,质疑,马斯克,2024-11-17,0.999999
美国,主导,UFC格斗赛,2024-11-17,0.999999
台积电,主导,「爱心市集」,2024-11-29,0.999999
台积电,主导,「爱心市集」,2024-11-29,0.999999
美商务部,增进,中国自研 晶片的速度,2024-11-19,0.999999
葛如钧,质疑,台积电,2024-11-28,0.999999
蒋介石,威胁,台湾,2024-11-27,0.999999
川普上台,感到不满,中国,2024-11-19,0.999999
拜登,威胁,亚利桑那州,2024-11-19,0.999999
美国,主导,关税壁垒,2024-11-29,0.999999
「郭智辉调查委员会」,质疑,郭智辉,2024-11-28,0.999999
台湾中央气象署,感到不满,康芮,2024-11-19,0.999999
郭智辉,质疑,赖清德蓝委,2024-11-28,0.999999
台积电,增进,先进技术赴美生产,2024-11-26,0.999999
马斯克－拉马斯瓦米,认可,川普,2024-11-17,0.999999
习大大,损害,美国,2024-11-18,0.999999
傅崐萁,认为有暴力,郭智辉,2024-11-18,0.999999
傅崐萁,认为有暴力,郭智辉,2024-11-18,0.999999
快科技,认为有暴力,马斯克,2024-11-27,0.999999
川普,认为有成就,美中台关系,2024-11-16,0.999999
美国,认为有危机,台积电,2024-10-23,0.999999
卡明斯,认为优秀,马斯克,2024-11-28,0.999999
卡明斯,认为违规,马斯克,2024-11-28,0.999999
长柯佳洛,认可,台湾,2024-10-20,0.999999
马斯克,攻击,澳洲官员,2024-11-25,0.999999
傅崐萁,认为有暴力,郭智辉,2024-11-18,0.999999
熊本队,认为有威胁,日本,2024-11-27,0.999999
胡瑞舟,认为有威胁,美国,2024-10-24,0.999999
管碧玲,认可,嘉勉,2024-10-18,0.999999
绿能政策,损害,台湾,2024-11-19,0.999999
川普,主导,移民政策,2024-11-18,0.999999
赖政府,感到不满,蔡政府,2024-08-27,0.999999
Elon Musk,相信,川普,2024-11-19,0.999999
希拉里·克林顿,攻击,川普,2024-11-19,0.999999
北卡罗来纳州,感谢,川普,2024-11-19,0.999999
傅崐萁,认为有暴力,郭智辉,2024-11-18,0.999999
张忠谋,视作英雄,黄仁勋,2024-11-28,0.999999
张忠谋,视作英雄,黄仁勋,2024-11-28,0.999999
张忠谋,视作英雄,黄仁勋,2024-11-28,0.999999
万美玲,批评,台积电,2024-11-29,0.999999
美国,认为失败,全球贸易战,2024-11-26,0.999999
美企,支持,美国,2024-11-25,0.999999
中国,攻击,同业,2024-11-27,0.999999
邱智呈,认为有危机,中华队,2024-11-21,0.999999
索贝克,认为有威胁,中国,2024-11-28,0.999999
魏哲家,增进,美国,2024-11-17,0.999999
魏哲家,增进,在美,2024-11-19,0.999999
台积电,增进,全球化战略,2024-11-26,0.999999
张忠谋,主导,运动会,2024-10-29,0.999999
柏凯斯,损害,马斯克,2024-11-25,0.999999
林佳龙,威胁,俞大㵢,2024-10-24,0.999999
西索斯,欣赏,马斯克,2024-11-19,0.999999
西索斯,担忧,马斯克,2024-11-19,0.999999
美国,批评,不会升息,2024-11-24,0.999999
台湾,增进,垂直应用产业,2024-11-24,0.999999
USCC,认为可靠,美台关系,2024-11-19,0.999999
中华队夺冠,攻击,日本,2024-11-28,0.999999
川普生意人,认为违规,赖政府,2024-10-30,0.999999
美国,视作英雄,川普,2024-11-19,0.999999
傅崐萁,主导,崇越科技公司,2024-11-18,0.999999
郭智辉,主导,崇越科技,2024-11-18,0.999999
郭智辉,主导,义电智慧能源虚拟电厂,2024-11-27,0.999999
特朗普,威胁,台湾,2024-10-24,0.999999
川普政府,认为可靠,台湾,2024-11-19,0.999999
美国,认为失败,中共围台军演,2024-11-28,0.999999
美国,认为失败,中共围台军演,2024-11-28,0.999999
陈柏清,损害,美国,2024-11-21,0.999999
美国,视作英雄,川普,2024-11-19,0.999999
川普总统,威胁,美国,2024-11-28,0.999998
华府智库,认为非法,美国,2024-11-29,0.999998
美国,增进,区域供应韧性,2024-11-27,0.999998
该网站,感到不满,美国,2024-10-18,0.999998
以色列,认为有威胁,黎巴嫩,2024-11-27,0.999998
瑞银分析师,威胁,中国,2024-10-29,0.999998
黄崇仁,支持,SBI,2024-10-22,0.999998
谢衣凤,认为失败,台积电,2024-11-19,0.999998
谢衣凤,认为失败,台积电,2024-11-19,0.999998
郭智辉,质疑,创办公司的股权移转,2024-11-19,0.999998
经济部,支持,台电电力开发计划,2024-11-27,0.999998
经济部,支持,台电电力开发计划,2024-11-27,0.999998
德国,主导,台积电,2024-11-17,0.999998
中华队,认为失败,美国,2024-11-21,0.999998
美国,认为可靠,伊朗,2024-11-29,0.999998
美国,认为恐怖,Fed降息,2024-11-28,0.999998
德国,主导,台积电,2024-11-17,0.999998
郭智辉,相信,赖清德蓝委,2024-11-28,0.999998
彭博社,认为有威胁,日本,2024-10-21,0.999998
台湾科技公司,认为可靠,美国,2024-10-17,0.999998
美国,质疑,美中两国,2024-10-30,0.999998
马斯克,认为可靠,川普,2024-11-19,0.999998
台湾,增进,产业竞争力,2024-11-24,0.999998
欧美央行,主导,俄乌战争,2024-11-18,0.999998
卡明斯,认为有威胁,马斯克,2024-11-28,0.999998
洛杉矶,视作英雄,大谷翔平,2024-11-30,0.999998
「葡萄牙新闻社」,认为有威胁,中国,2024-09-29,0.999998
皮尤研究中心,认可,美国,2024-11-27,0.999998
中华队,认为失败,美国,2024-11-21,0.999998
郭崇伦,损害,民主党,2024-11-26,0.999998
中国,损害,台湾本土市场,2024-11-19,0.999998
《陆军时报》,增进,阿帕契后勤效率,2024-11-19,0.999998
中华队,认为失败,美国,2024-11-21,0.999998
川普,主导,新川普时代,2024-11-19,0.999998
选秀夺冠,损害,酸民,2024-11-21,0.999998
华府智库,认可,美国,2024-11-29,0.999998
张忠谋,认为犯罪,黄仁勋,2024-11-28,0.999998
张忠谋,认为犯罪,黄仁勋,2024-11-28,0.999998
张忠谋,认为犯罪,黄仁勋,2024-11-28,0.999998
朱学恒,认为有威胁,美国,2024-10-28,0.999998
郭智辉,批评,民进党「绿电诈团,2024-11-20,0.999998
郭智辉,支持,台电电力开发计划,2024-11-27,0.999998
谢衣凤,威胁,台积电,2024-11-19,0.999998
谢衣凤,威胁,台积电,2024-11-19,0.999998
郭智辉,支持,台电电力开发计划,2024-11-27,0.999998
郭智辉,支持,台电电力开发计划,2024-11-27,0.999998
美国,增进,未来出口管制,2024-11-28,0.999998
经济部,感到不满,川普,2024-11-19,0.999998
林伯丰,认可,川普,2024-11-19,0.999998
高雄市长陈其迈,主导,台积电,2024-11-26,0.999998
高雄市长陈其迈,主导,台积电,2024-11-26,0.999998
吴诚文,批评,台积电,2024-11-28,0.999998
司徒文,认可,川普,2024-11-26,0.999998
高雄市长陈其迈,主导,台积电,2024-11-26,0.999998
中华队,攻击,美国,2024-11-21,0.999998
美国,增进,相关出口管制,2024-10-29,0.999998
中华队,攻击,美国,2024-11-21,0.999998
美国,支持,《比特币法案》,2024-11-26,0.999998
中华队,攻击,美国,2024-11-21,0.999998
卡明斯,担忧,马斯克,2024-11-28,0.999998
「台南Josh」,质疑,美国,2024-11-21,0.999998
曾文生,认为有危机,郭智辉,2024-11-18,0.999998
中华队,攻击,美国,2024-11-21,0.999998
王翊亘,认为失败,美国,2024-11-21,0.999998
中华队,攻击,美国,2024-11-21,0.999998
苗栗警分局,欢迎,邱男,2024-11-19,0.999998
台湾产业界,认为有威胁,美国,2024-10-24,0.999998
岳东华,攻击,美国,2024-11-21,0.999998
中华队,攻击,美国,2024-11-21,0.999998
本人,支持,台捷韧性计划,2024-11-19,0.999998
汪葛雷,认可,川普,2024-11-18,0.999998
拜登政府,攻击,欧美,2024-11-29,0.999998
拜登政府,攻击,欧美,2024-11-29,0.999998
美国,担忧,补助生变,2024-11-29,0.999998
中华队,攻击,美国,2024-11-21,0.999998
邱智呈,认为失败,中华队,2024-11-21,0.999998
中华队,攻击,美国,2024-11-21,0.999998
美国,相信,台湾,2024-11-19,0.999998
威斯康星州,感到不满,川普,2024-11-19,0.999998
该网站,认可,美国,2024-10-18,0.999998
张忠谋,相信,黄仁勋,2024-11-28,0.999998
张忠谋,相信,黄仁勋,2024-11-28,0.999998
张忠谋,相信,黄仁勋,2024-11-28,0.999998
镜周刊,认为有成就,中国,2024-11-27,0.999998
川普,损害,台积电,2024-11-19,0.999998
川普,损害,台积电,2024-11-19,0.999998
川普,损害,台积电,2024-11-19,0.999998
高雄市长陈其迈,增进,台积电,2024-11-26,0.999998
美国,增进,台湾偷走晶片业务,2024-11-17,0.999998
西索斯,欢迎,马斯克,2024-11-19,0.999998
杨光磊,质疑,大陆,2024-11-24,0.999998
卡明斯,认为缺乏,马斯克,2024-11-28,0.999998
马英九,感到不满,蔡英文,2024-11-19,0.999998
戴立安,损害,卓荣泰,2024-10-31,0.999998
「台南Josh」,认为有威胁,美国,2024-11-21,0.999998
台派信众,认为有暴力,中国,2024-10-30,0.999998
奥地利,感到不满,台湾,2024-09-29,0.999998
台湾拟提大型军购案,支持,川普,2024-11-19,0.999998
伊隆马斯克,认可,川普,2024-11-19,0.999998
川普政府,认可,台湾,2024-11-19,0.999998
舔共商人马斯克,认可,川普,2024-11-19,0.999998
桃园台啤永丰云豹队,损害,梦想家教头盼,2024-11-20,0.999998
彭博专栏作家,感到不满,川普,2024-11-28,0.999998
索贝克,感到满意,川普政府,2024-11-27,0.999998
郭智辉,增进,台积电,2024-10-22,0.999998
美国,认为有危机,全球贸易战,2024-11-26,0.999998
拉马斯瓦米,批评,拜登,2024-11-28,0.999998
彭博专栏作家,感到不满,川普,2024-11-28,0.999998
美国,损害,中国大陆客户,2024-11-19,0.999998
拜登,攻击,亚利桑那州,2024-11-19,0.999998
美国,质疑,特朗普,2024-11-19,0.999998
台湾科技公司,增进,美国,2024-09-18,0.999998
中华队12强赛,攻击,美国,2024-11-21,0.999998
川普,认可,马斯克,2024-11-17,0.999998
12强台湾晋冠军赛,感谢,美国,2024-11-23,0.999998
西索斯,喜欢,马斯克,2024-11-19,0.999998
川普,喜欢,中国,2024-11-19,0.999998
比利时,欢迎,布鲁塞尔,2024-10-20,0.999998
中共,威胁,台湾政府,2024-11-19,0.999998
诶国国会,主导,「台湾盟友基金」,2024-11-19,0.999998
郭智辉,认为失败,美国,2024-11-19,0.999998
台湾拟提大型军购案,欢迎,川普,2024-11-19,0.999998
陈奕光,认可,美国,2024-11-26,0.999998
台湾拟提大型军购案,欢迎,川普,2024-11-19,0.999998
美国,认为优秀,大谷翔平,2024-11-22,0.999998
尼克森,认为可靠,台湾,2024-11-26,0.999998
日本,攻击,美国,2024-11-21,0.999998
美国,损害,疫情,2024-09-21,0.999998
川普,增进,美中贸易大战,2024-11-18,0.999998
潘杰楷,认为有威胁,美国,2024-11-21,0.999998
潘杰楷,认为有威胁,美国,2024-11-21,0.999998
赖士葆,相信,川普,2024-11-19,0.999998
美国,支持,川普,2024-11-19,0.999998
美国,支持,川普,2024-11-19,0.999998
威斯康星州,认可,川普,2024-11-19,0.999998
美国,认为恐怖,台积电,2024-10-23,0.999998
约翰‧穆勒纳尔,认为失败,美国,2024-11-19,0.999998
科克,批评,台湾政府,2024-11-26,0.999998
政府效率部,认为失败,美国,2024-11-27,0.999998
政府效率部,认为失败,美国,2024-11-27,0.999998
万美玲,认为有危机,台积电,2024-11-29,0.999998
中国大陆政府,认可,半导体,2024-10-24,0.999998
拉马斯瓦米,担忧,美国,2024-11-27,0.999998
科克,批评,台湾政府,2024-11-26,0.999998
马斯克,批评,在拜登政府,2024-11-28,0.999998
马斯克,主导,"「
政府效率部」",2024-11-28,0.999998
科克,批评,台湾政府,2024-11-26,0.999998
德国政府,认可,欧盟执委会,2024-08-21,0.999998
王效平,质疑,台积电,2024-11-17,0.999998
吴诚文,认为有危机,台积电,2024-11-28,0.999998
中共,喜欢,家登,2024-11-19,0.999998
川普,感到满意,马斯克,2024-11-17,0.999998
吴东亮,认为有危机,美国,2024-11-26,0.999998
美国,喜欢,中华队球迷,2024-11-23,0.999998
美国,认为恐怖,台积电,2024-10-23,0.999998
比利时,喜欢,布鲁塞尔,2024-10-20,0.999998
台湾拟提大型军购案,威胁,川普,2024-11-19,0.999998
台湾拟提大型军购案,认为热情,川普,2024-11-19,0.999998
台湾拟提大型军购案,威胁,川普,2024-11-19,0.999998
台湾拟提大型军购案,喜欢,川普,2024-11-19,0.999998
台湾拟提大型军购案,认为热情,川普,2024-11-19,0.999998
熊本队,威胁,日本,2024-11-27,0.999998
特朗普,认为有危机,台湾,2024-10-24,0.999998
中国,攻击,台湾,2024-10-18,0.999998
民主党,担忧,川普征收高关税的政策,2024-11-22,0.999998
日本,认为恐怖,小园海斗,2024-11-21,0.999998
加拿大,主导,电芯厂,2024-11-21,0.999998
美国,威胁,伊朗,2024-11-26,0.999998
桃园台啤永丰云豹队,欢迎,福尔摩沙梦想家队,2024-11-20,0.999998
密歇根州,感到不满,川普,2024-11-19,0.999998
彭博专栏作家,认为有危机,美国,2024-11-28,0.999998
陈正健,损害,中国,2024-10-29,0.999998
中国,损害,同业,2024-11-27,0.999998
西索斯,威胁,马斯克,2024-11-19,0.999998
新思科技,支持,台积公司的A16制程,2024-11-19,0.999998
美国,认为有暴力,台积电,2024-10-23,0.999998
美国,认可,马英九,2024-11-19,0.999998
黄馨慧,质疑,不涨民生电费,2024-11-18,0.999998
曾文生,认为恐怖,郭智辉,2024-11-18,0.999998
傅崐萁,批评,执政党能源政错缪误,2024-11-19,0.999998
台湾,增进,无人机发展,2024-11-21,0.999998
林子恒,攻击,美国,2024-09-22,0.999998
台积电,增进,人工智能计算需求,2024-09-23,0.999998
美国,批评,拜登政府的《晶片法》,2024-11-27,0.999998
川普,认为失败,美中贸易,2024-11-19,0.999998
张忠谋,认为缺乏,黄仁勋,2024-11-28,0.999998
张忠谋,认为优秀,黄仁勋,2024-11-28,0.999998
张忠谋,认为优秀,黄仁勋,2024-11-28,0.999998
张忠谋,认为缺乏,黄仁勋,2024-11-28,0.999998
张忠谋,认为缺乏,黄仁勋,2024-11-28,0.999998
张忠谋,认为优秀,黄仁勋,2024-11-28,0.999998
张忠谋,认为优秀,黄仁勋,2024-11-28,0.999998
张忠谋,认为优秀,黄仁勋,2024-11-28,0.999998
以色列,欢迎,黎巴嫩,2024-11-27,0.999998
赖瑞隆,质疑,台积电,2024-11-19,0.999998
谢衣鳯,感到不满,郭智辉,2024-11-19,0.999998
美国,增进,对陆管制,2024-11-30,0.999998
美国,认为有危机,芬太尼毒品问题,2024-11-29,0.999998
民主党,认为可靠,川普,2024-11-19,0.999998
中华队,威胁,委内瑞拉,2024-11-20,0.999998
林佳龙,认为热情,俞大㵢,2024-10-24,0.999998
吴庆杉,质疑,新思科技,2024-11-19,0.999998
台湾球迷,感谢,美国,2024-11-23,0.999998
比利时,担忧,布鲁塞尔,2024-10-20,0.999998
中华队,认为有暴力,美国,2024-11-21,0.999998
陈杰宪,认为有暴力,潘杰楷,2024-11-21,0.999998
Elon Musk,质疑,川普,2024-11-19,0.999998
密歇根州,认可,川普,2024-11-19,0.999998
川普,攻击,希拉里·克林顿,2024-11-19,0.999998
高雄市长陈其迈,认为可靠,台积电,2024-11-26,0.999998
高雄市长陈其迈,认为可靠,台积电,2024-11-26,0.999998
高雄市长陈其迈,认为可靠,台积电,2024-11-26,0.999998
美国,攻击,加,2024-11-27,0.999998
德国,欢迎,台积电,2024-08-24,0.999998
张忠谋,认可,马英九,2024-11-19,0.999998
美国,认为失败,委内瑞拉,2024-11-24,0.999998
市场估央行,视作英雄,川普,2024-11-20,0.999998
彭博社,损害,福岛核电厂,2024-10-21,0.999998
美国,认为失败,委内瑞拉,2024-11-24,0.999998
吴东亮,认为恐怖,美国,2024-11-26,0.999998
中国,损害,川普,2024-11-19,0.999998
卡明斯,威胁,马斯克,2024-11-28,0.999998
欧盟全体会员国,认为可靠,台湾,2024-10-20,0.999998
汪葛雷,质疑,川普,2024-11-18,0.999998
俄罗斯车臣共和国首脑,认为有暴力,马斯克,2024-11-27,0.999998
亲俄骇客,感到不满,台湾,2024-11-27,0.999998
张奕,认为有威胁,日本,2024-11-25,0.999998
赖政府,感到满意,蔡政府,2024-08-27,0.999998
阿巴西,认为失败,纽西兰,2024-11-20,0.999998
高柏铠,认为失败,纽西兰,2024-11-20,0.999998
该网站,感到满意,美国,2024-10-18,0.999997
美国,认为犯罪,福建晋华,2024-11-27,0.999997
高雄市长陈其迈,质疑,台积电,2024-11-26,0.999997
立法院,视作英雄,郭智辉,2024-11-20,0.999997
郭智辉,感到不满,川普,2024-11-19,0.999997
郭智辉,感到不满,川普,2024-11-19,0.999997
高雄市长陈其迈,质疑,台积电,2024-11-26,0.999997
美国,质疑,第三座厂,2024-11-27,0.999997
高雄市长陈其迈,质疑,台积电,2024-11-26,0.999997
民主党,认可,川普,2024-11-19,0.999997
高雄市长陈其迈,质疑,台积电,2024-11-26,0.999997
拜登,认为有威胁,伊朗,2024-11-29,0.999997
台湾中央气象署,认可,康芮,2024-11-19,0.999997
美国,认为有威胁,美中两国,2024-10-30,0.999997
翁至成,质疑,「视线死角」狠撞,2024-11-19,0.999997
美国,认为可靠,马英九,2024-11-19,0.999997
「台南Josh」,认为优秀,美国,2024-11-21,0.999997
台派信众,攻击,中国,2024-10-30,0.999997
奥地利,认为可靠,台湾,2024-09-29,0.999997
美国,威胁,陆骇客,2024-11-25,0.999997
马斯克,认为犯罪,川普,2024-11-19,0.999997
健行科大,支持,「旅游玩咖总动员」,2024-11-20,0.999997
索贝克,支持,川普政府,2024-11-28,0.999997
张忠谋,担忧,黄仁勋,2024-11-28,0.999997
张忠谋,担忧,黄仁勋,2024-11-28,0.999997
张忠谋,认为有威胁,黄仁勋,2024-11-28,0.999997
张忠谋,担忧,黄仁勋,2024-11-28,0.999997
索贝克,威胁,中国,2024-11-28,0.999997
美国,认为有危机,亚利桑那州,2024-11-19,0.999997
市场估央行,认为有威胁,俄乌战争,2024-11-20,0.999997
松田龙平,主导,来生再见未名的我们》,2024-11-18,0.999997
奥地利,认为非法,台湾,2024-09-29,0.999997
奥地利,感到满意,台湾,2024-09-29,0.999997
奥地利,认为非法,台湾,2024-09-29,0.999997
川普,认为犯罪,台湾拟提大型军购案,2024-11-19,0.999997
胡瑞舟,认为有危机,美国,2024-10-24,0.999997
美国,攻击,伊朗,2024-11-26,0.999997
希拉里·克林顿,批评,川普,2024-11-19,0.999997
林家正,认为有威胁,台湾,2024-11-21,0.999997
洛杉矶,认为优秀,大谷翔平,2024-11-30,0.999997
比利时,认为热情,布鲁塞尔,2024-10-20,0.999997
中共,认为恐怖,台湾政府,2024-11-19,0.999997
奥地利,认可,台湾,2024-09-29,0.999997
法国,主导,极右派国民联盟,2024-11-20,0.999997
胡瑞舟,威胁,美国,2024-10-24,0.999997
中国,损害,台湾,2024-10-18,0.999997
国安会秘书长吴钊燮,感到满意,总统嘉勉,2024-10-18,0.999997
爱迪生研究公司,相信,唐纳德·川普,2024-11-19,0.999997
北卡罗来纳州,质疑,川普,2024-11-19,0.999997
索贝克,质疑,川普政府,2024-11-27,0.999997
张忠谋,主导,台积电,2024-10-25,0.999997
日本政府,支持,SBI,2024-10-22,0.999997
林伯丰,质疑,川普,2024-11-19,0.999997
郭智辉,认为失败,以巴停火协议,2024-11-27,0.999997
刘彦池,认为失败,美国,2024-11-21,0.999997
美国,认为失败,亚利桑那州,2024-11-19,0.999997
林佳龙,认为恐怖,俞大㵢,2024-10-24,0.999997
刘复国,认为有成就,川普,2024-10-30,0.999997
美日职棒球团,视作英雄,陈杰宪,2024-11-27,0.999997
郭加泳,认为有危机,美国,2024-10-24,0.999997
美国,欢迎,大谷翔平,2024-11-22,0.999997
川普,损害,华为,2024-11-29,0.999997
美国,损害,康乃狄克号,2024-11-26,0.999997
美国,批评,台积电,2024-10-23,0.999997
华府智库,相信,美国,2024-11-29,0.999997
张忠谋,喜欢,黄仁勋,2024-11-28,0.999997
张忠谋,喜欢,黄仁勋,2024-11-28,0.999997
张忠谋,欢迎,黄仁勋,2024-11-28,0.999997
张忠谋,喜欢,黄仁勋,2024-11-28,0.999997
张忠谋,欢迎,黄仁勋,2024-11-28,0.999997
美国,感到不满,台积电,2024-11-25,0.999997
美国,感到不满,台积电,2024-11-25,0.999997
美国,感到不满,台积电,2024-11-25,0.999997
川普,增进,美国,2024-11-19,0.999997
川普,增进,美国,2024-11-19,0.999997
美国,感到不满,台积电,2024-11-25,0.999997
高雄市长陈其迈,欣赏,台积电,2024-11-26,0.999997
美商务部,支持,中国AI先进高阶晶片,2024-11-19,0.999997
张陈浩,感到不满,川普,2024-11-26,0.999997
郭智辉,支持,辉达投资台湾,2024-11-19,0.999997
美国,感到满意,马英九,2024-11-19,0.999997
川普,增进,美国,2024-11-19,0.999997
林昱珉,认为有威胁,日本,2024-11-25,0.999997
美威斯康辛州,攻击,富士康,2024-11-19,0.999997
宾夕法尼亚州,感到不满,川普,2024-11-19,0.999997
张忠谋,欣赏,黄仁勋,2024-11-28,0.999997
张忠谋,欣赏,黄仁勋,2024-11-28,0.999997
张忠谋,欣赏,黄仁勋,2024-11-28,0.999997
美国,增进,全球供应链重组,2024-11-29,0.999997
束崇万,质疑,川普,2024-11-19,0.999997
川普,认为有暴力,司徒文,2024-11-26,0.999997
美国,认为犯罪,中国科技巨头华为,2024-10-19,0.999997
卡明斯,认为有危机,马斯克,2024-11-28,0.999997
「葡萄牙新闻社」,认为有危机,中国,2024-09-29,0.999997
陈杰宪,主导,中华队对日本冠军战,2024-11-25,0.999997
美国,损害,林地,2024-11-19,0.999997
该网站,相信,美国,2024-10-18,0.999997
克里斯・米勒,感到不满,川普,2024-10-29,0.999997
高雄市长陈其迈,认为优秀,台积电,2024-11-26,0.999997
高雄市长陈其迈,认为优秀,台积电,2024-11-26,0.999997
谢衣鳯,感谢,郭智辉,2024-11-19,0.999997
谢衣鳯,认为有威胁,台积电,2024-11-19,0.999997
谢衣鳯,认为可靠,郭智辉,2024-11-19,0.999997
美国,威胁,伊朗俄罗斯,2024-11-19,0.999997
《日经论坛》,视作英雄,美国,2024-11-29,0.999997
台湾政府,增进,AI资料中心基础设施,2024-11-21,0.999997
王辉耀,认为有成就,川普,2024-11-26,0.999997
欧盟,支持,台湾,2024-10-20,0.999997
保护主义政策,增进,小型股预期,2024-11-19,0.999997
美国,威胁,台湾旅客,2024-11-19,0.999997
「葡萄牙新闻社」,威胁,中国,2024-09-29,0.999997
苗栗警分局,欢迎,邱姓男子,2024-11-19,0.999997
川普,损害,台积电,2024-11-18,0.999997
郭智辉,主导,支持台电盖电厂,2024-11-27,0.999997
德国,认为有危机,俄乌战争,2024-11-18,0.999997
赖士葆,质疑,川普,2024-11-19,0.999997
阿巴西,威胁,纽西兰,2024-11-20,0.999997
张忠谋,认为失败,黄仁勋,2024-11-28,0.999997
张忠谋,认为失败,黄仁勋,2024-11-28,0.999997
张忠谋,认为失败,黄仁勋,2024-11-28,0.999997
以色列,认为恐怖,黎巴嫩,2024-11-27,0.999997
中国大陆政府,增进,半导体,2024-10-24,0.999997
拉马斯瓦米,增进,美国,2024-11-28,0.999997
王效平,担忧,台积电,2024-11-17,0.999997
司徒文,质疑,川普,2024-11-26,0.999997
大陆网友,视作英雄,马斯克,2024-11-27,0.999997
美国,攻击,东山岛,2024-11-27,0.999997
曾文生,批评,郭智辉,2024-11-18,0.999997
郭加泳,担忧,美国,2024-10-24,0.999997
胡瑞舟,认为恐怖,美国,2024-10-24,0.999997
俄罗斯车臣共和国首脑,批评,马斯克,2024-11-27,0.999997
中华队,损害,美国,2024-11-21,0.999997
陈冠宇,认为有威胁,日本,2024-11-25,0.999997
"伊凡卡
马斯克",认为有威胁,川普,2024-11-28,0.999997
台湾,增进,国防,2024-11-29,0.999997
美国,认为违规,福建晋华,2024-11-27,0.999997
赖瑞隆,担忧,台积电,2024-11-19,0.999997
马龙,认为有暴力,阳明,2024-11-27,0.999997
清水洋治,认为非法,美国,2024-08-27,0.999997
赵晓光,认为恐怖,马斯克,2024-11-27,0.999997
「台南Josh」,认为有危机,美国,2024-11-21,0.999997
台湾拟提大型军购案,攻击,川普,2024-11-19,0.999997
陈奕光,质疑,美国,2024-11-26,0.999997
台湾拟提大型军购案,攻击,川普,2024-11-19,0.999997
日本队,视作英雄,高桥宏斗,2024-11-20,0.999997
俄罗斯车臣共和国首脑,攻击,马斯克,2024-11-27,0.999997
宾夕法尼亚州,认可,川普,2024-11-19,0.999997
美国,支持,福建晋华,2024-11-27,0.999996
张忠谋,认为可靠,台积电,2024-10-25,0.999996
克里姆林宫,认为优秀,马斯克,2024-11-17,0.999996
德国,认为优秀,台积电,2024-11-17,0.999996
蒋介石,攻击,台湾,2024-11-27,0.999996
台湾科技公司,认为可靠,美国,2024-08-19,0.999996
台湾科技公司,认为可靠,美国,2024-10-19,0.999996
台湾科技公司,认为可靠,美国,2024-10-19,0.999996
台湾科技公司,认为可靠,美国,2024-10-19,0.999996
李远哲,批评,能源政策,2024-11-19,0.999996
台湾队今（22日）,威胁,美国,2024-11-21,0.999996
USCC,认可,中共,2024-11-19,0.999996
台派信众,损害,中国,2024-10-30,0.999996
美国,攻击,直升机队,2024-11-19,0.999996
广岛鲤鱼队,威胁,美国,2024-11-21,0.999996
林育绫,威胁,美国,2024-11-21,0.999996
密歇根州,感到满意,川普,2024-11-19,0.999996
北卡罗来纳州,认为优秀,川普,2024-11-19,0.999996
彭博专栏作家,担忧,美国,2024-11-28,0.999996
黄仁勋,支持,张忠谋,2024-11-28,0.999996
黄仁勋,支持,张忠谋,2024-11-28,0.999996
美国,批评,加征关税,2024-11-26,0.999996
蔡英文,损害,台湾,2024-11-19,0.999996
彭博专栏作家,担忧,美国,2024-11-28,0.999996
吴诚文,损害,台积电,2024-11-28,0.999996
吴诚文,损害,台积电,2024-11-28,0.999996
司徒文,认为犯罪,川普,2024-11-26,0.999996
司徒文,相信,川普,2024-11-26,0.999996
台湾证券交易所,主导,「5D反诈行动」,2024-11-23,0.999996
美国,认为有危机,国安风险,2024-11-29,0.999996
「台南Josh」,认为缺乏,美国,2024-11-21,0.999996
Netflix,欣赏,美国,2024-11-28,0.999996
江启臣,攻击,陈杰宪,2024-11-25,0.999996
曾文生,攻击,郭智辉,2024-11-18,0.999996
万美玲,批评,郭智辉,2024-09-26,0.999996
台商,质疑,川普,2024-11-18,0.999996
台湾,主导,法国大选,2024-11-21,0.999996
拉马斯瓦米,威胁,中国,2024-11-28,0.999996
美国,攻击,委内瑞拉,2024-11-24,0.999996
美国,攻击,委内瑞拉,2024-11-24,0.999996
法新社,认为可靠,亚利桑那州,2024-11-19,0.999996
高雄市长陈其迈,担忧,台积电,2024-11-26,0.999996
美国,增进,出口管制,2024-08-20,0.999996
美国,增进,出口管制,2024-10-20,0.999996
美国,增进,出口管制,2024-10-20,0.999996
美国,增进,出口管制,2024-10-20,0.999996
美国,增进,出口管制,2024-10-20,0.999996
美国,攻击,委内瑞拉,2024-11-24,0.999996
美国,攻击,委内瑞拉,2024-11-24,0.999996
美国,攻击,委内瑞拉,2024-11-24,0.999996
美国,攻击,委内瑞拉,2024-11-24,0.999996
西索斯,认为恐怖,马斯克,2024-11-19,0.999996
台湾,损害,美国,2024-11-19,0.999996
刘复国,认为有威胁,美国,2024-10-30,0.999996
Netflix,喜欢,美国,2024-11-28,0.999996
郭智辉,认为有威胁,美国,2024-11-20,0.999996
郭智辉,认为有威胁,美国,2024-11-20,0.999996
台湾产业界,认为有危机,美国,2024-10-24,0.999996
马斯克,攻击,7人座SUV-风传媒,2024-11-20,0.999996
中国外交部,质疑,川普,2024-11-27,0.999996
陈杰宪,认为优秀,中华队,2024-11-21,0.999996
威斯康星州,感到满意,川普,2024-11-19,0.999996
资深科技业者,质疑,台商,2024-11-19,0.999996
谢金河,批评,川普,2024-11-19,0.999996
郭智辉,认可,川普,2024-11-19,0.999996
台湾政府,批评,路透,2024-10-24,0.999996
郭智辉,认可,川普,2024-11-19,0.999996
法新社,认为非法,亚利桑那州,2024-11-19,0.999996
台湾中央气象署,质疑,康芮,2024-11-19,0.999996
川普,认为恐怖,司徒文,2024-11-26,0.999996
拜登政府,损害,韩国慰安妇铜像,2024-11-29,0.999996
洛杉矶,欢迎,大谷翔平,2024-11-30,0.999996
菲力浦,增进,俄乌战争,2024-11-18,0.999996
中国外交部,视作英雄,川普,2024-11-27,0.999996
郭智辉,认为有威胁,东南亚,2024-11-27,0.999996
胡采苹,感谢,台湾,2024-11-19,0.999996
台湾中央气象署,相信,康芮,2024-11-19,0.999996
美国,认为违规,中国科技巨头华为,2024-10-19,0.999996
雷根,认可,马斯克,2024-11-17,0.999996
曾文生,认为有暴力,郭智辉,2024-11-18,0.999996
马斯克,损害,AI发展,2024-11-22,0.999996
马斯克,质疑,AI军备竞赛,2024-11-22,0.999996
日本政府,欣赏,SBI,2024-10-22,0.999996
美国,增进,台积电,2024-11-16,0.999996
德国,支持,台积电,2024-11-17,0.999996
彭博资讯,认为非法,美国,2024-11-29,0.999996
台湾,视作英雄,川普,2024-11-17,0.999996
卡明斯,认为恐怖,马斯克,2024-11-28,0.999996
比利时,认为有暴力,布鲁塞尔,2024-10-20,0.999996
美日职棒球团,欢迎,陈杰宪,2024-11-26,0.999996
卡明斯,认为恐怖,马斯克,2024-11-28,0.999996
郭加泳,威胁,美国,2024-10-24,0.999996
美国,认为热情,大谷翔平,2024-11-22,0.999996
美国,认为有威胁,台湾,2024-11-19,0.999996
中国外交部,认为犯罪,川普,2024-11-27,0.999996
美国,认为有威胁,台湾,2024-11-19,0.999996
云豹队,攻击,城狮,2024-11-20,0.999996
彭博专栏作家,威胁,美国,2024-11-28,0.999996
吴诚文,主导,台积电,2024-11-29,0.999996
长柯佳洛,支持,台湾,2024-10-20,0.999996
王信贤,感到不满,川普,2024-10-30,0.999996
李远哲,增进,2050净零排放政策,2024-11-19,0.999996
Elon Musk,威胁,川普,2024-11-19,0.999996
美国,认为有威胁,福建晋华,2024-11-27,0.999996
立法院,认为优秀,郭智辉,2024-11-20,0.999996
美国,相信,科技在台湾,2024-11-26,0.999996
台积电,主导,举报,2024-10-28,0.999996
台湾,视作英雄,康芮,2024-11-19,0.999996
郭智辉,担忧,赖清德蓝委,2024-11-28,0.999996
清德,感谢,管碧玲,2024-10-18,0.999996
民主党,认为犯罪,共和党川普,2024-11-26,0.999996
台中市府,增进,无煤化,2024-11-19,0.999996
柏凯斯,质疑,川普,2024-11-25,0.999995
林佳龙,批评,俞大㵢,2024-10-24,0.999995
林佳龙,认为有暴力,俞大㵢,2024-10-24,0.999995
USCC,质疑,中共,2024-11-19,0.999995
奥地利,相信,台湾,2024-09-29,0.999995
川普,增进,移民政策,2024-11-18,0.999995
越南,损害,台商,2024-11-18,0.999995
美国,主导,「台湾连线」,2024-10-30,0.999995
郭智辉,感到满意,川普,2024-11-19,0.999995
川普上台,质疑,中国,2024-11-19,0.999995
谢金河,认为有威胁,美国,2024-11-17,0.999995
长谷立言,认为有威胁,美国,2024-10-29,0.999995
国民党,质疑,遗址保存条例草案,2024-11-18,0.999995
川普,相信,马斯克,2024-11-17,0.999995
川普,认为可靠,美中台关系,2024-11-16,0.999995
郭智辉,认可,不再涨电价,2024-11-18,0.999995
俄乌战争,威胁,德国,2024-11-18,0.999995
张琇梅,质疑,川普,2024-11-18,0.999995
该网站,质疑,美国,2024-10-18,0.999995
经济部,相信,川普,2024-11-19,0.999995
拜登,损害,亚利桑那州,2024-11-19,0.999995
日本,增进,出口管制措施,2024-10-29,0.999995
「台南Josh」,认为失败,美国,2024-11-21,0.999995
美国,认为恐怖,大谷翔平,2024-11-22,0.999995
台湾,批评,「疑美论」,2024-11-21,0.999995
川普,认为违规,放宽工时法案,2024-11-21,0.999995
台湾,感到不满,美国,2024-11-21,0.999995
克里斯・米勒,认可,川普,2024-10-29,0.999995
拜登,认为失败,俄乌战,2024-10-30,0.999995
黎方国,认为失败,上市,2024-11-26,0.999995
中企,认为有威胁,美国,2024-08-27,0.999995
川普,认为违规,台湾拟提大型军购案,2024-11-19,0.999995
林育绫,认为失败,美国,2024-11-21,0.999995
台商,视作英雄,川普,2024-11-18,0.999995
潘杰楷,威胁,美国,2024-11-21,0.999995
陈晨威,攻击,右外野三垒安打,2024-11-21,0.999995
张忠谋,认为有危机,黄仁勋,2024-11-28,0.999995
张忠谋,认为热情,黄仁勋,2024-11-28,0.999995
张忠谋,认为有危机,黄仁勋,2024-11-28,0.999995
张忠谋,认为热情,黄仁勋,2024-11-28,0.999995
张忠谋,认为有危机,黄仁勋,2024-11-28,0.999995
张忠谋,认为热情,黄仁勋,2024-11-28,0.999995
以色列,威胁,黎巴嫩,2024-11-27,0.999995
陈正健,认为违规,美国,2024-10-29,0.999995
美国,认为非法,SpaceX,2024-11-17,0.999995
塔克．卡尔森,质疑,马斯克,2024-11-17,0.999995
真主党,认为非法,以色列,2024-08-27,0.999995
汪葛雷,认为有威胁,川普,2024-11-18,0.999995
马斯克,增进,AI军备竞赛,2024-11-22,0.999995
张奕,威胁,日本,2024-11-25,0.999995
爱迪生研究公司,质疑,唐纳德·川普,2024-11-19,0.999995
美国,增进,商业活动,2024-11-27,0.999995
谢衣鳯,感到满意,郭智辉,2024-11-19,0.999995
美国,感到满意,台积电,2024-11-25,0.999995
美国,感到满意,台积电,2024-11-25,0.999995
新政府,威胁,美国,2024-11-28,0.999995
美国,主导,台积电,2024-11-16,0.999995
林佳龙,攻击,俞大㵢,2024-10-24,0.999995
美国,认为优秀,中国科技巨头华为,2024-10-19,0.999995
汪葛雷,认为违规,川普,2024-11-18,0.999995
美威斯康辛州,损害,富士康,2024-11-19,0.999995
蔡政府,主导,台美21世纪贸易,2024-11-19,0.999995
宾夕法尼亚州,感谢,川普,2024-11-19,0.999995
美国,感谢,台湾民众,2024-11-23,0.999995
黄仁勋,欢迎,张忠谋,2024-11-28,0.999995
黄仁勋,欢迎,张忠谋,2024-11-28,0.999995
张忠谋,认为有成就,台积电,2024-10-26,0.999995
黄仁勋,欢迎,张忠谋,2024-11-28,0.999995
谢衣鳯,认可,郭智辉,2024-11-19,0.999995
川普,质疑,马斯克,2024-11-17,0.999995
台湾中央气象署,视作英雄,康芮,2024-11-19,0.999995
台湾科技公司,增进,美国,2024-10-17,0.999995
川普,质疑,马斯克,2024-11-17,0.999995
USCC,认为犯罪,中共,2024-11-19,0.999995
韩国网友,感到不满,台湾人太,2024-11-20,0.999995
张政禹,攻击,台湾,2024-11-21,0.999995
美国,喜欢,台湾,2024-11-19,0.999995
林佳龙,增进,美国,2024-11-19,0.999995
马斯克,质疑,降低通膨,2024-10-30,0.999995
民主党,感谢,川普,2024-11-19,0.999995
美国,认可,中国科技巨头华为,2024-08-20,0.999995
梁博超,感到不满,川普,2024-11-28,0.999995
索贝克,认为有威胁,美国,2024-11-28,0.999995
张忠谋,相信,台积电,2024-10-25,0.999995
赖瑞隆,认为违规,台积电,2024-11-19,0.999995
台积电,支持,长许峻郎,2024-10-29,0.999995
司徒文,视作英雄,川普,2024-11-26,0.999995
郭智辉,批评,美国,2024-11-19,0.999995
美国,威胁,亚利桑那州,2024-11-19,0.999995
民党团,批评,郭智辉,2024-11-28,0.999995
台湾,认为违规,超速,2024-11-27,0.999995
德国,认为恐怖,俄乌战争,2024-11-18,0.999995
北卡罗来纳州,支持,川普,2024-11-19,0.999995
华府智库,质疑,美国,2024-11-29,0.999994
杨昭彦,损害,中国,2024-10-29,0.999994
美国,损害,中国台商,2024-11-27,0.999994
美国,认为失败,美中两国,2024-10-30,0.999994
赵晓光,认为有暴力,马斯克,2024-11-27,0.999994
川普,认为犯罪,美国,2024-11-19,0.999994
郭加泳,认为有暴力,美国,2024-10-24,0.999994
美国,认为有暴力,大谷翔平,2024-11-22,0.999994
德国,认为失败,俄乌战争,2024-11-18,0.999994
黄齐元,担忧,台湾,2024-11-18,0.999994
卓荣泰,认为有威胁,新兴毒品,2024-11-19,0.999994
民主党,相信,川普,2024-11-19,0.999994
市场估央行,认为失败,俄乌战争,2024-11-20,0.999994
福斯电视台,质疑,川普,2024-10-24,0.999994
杨光磊,担忧,大陆,2024-11-24,0.999994
马斯克,认为可靠,低轨卫星,2024-11-27,0.999994
爱迪生研究公司,认为优秀,唐纳德·川普,2024-11-19,0.999994
陈其迈,认为有危机,劳动部霸凌案,2024-11-25,0.999994
约翰·穆勒纳尔,认为失败,美国,2024-10-28,0.999994
美国,威胁,荷兰,2024-11-19,0.999994
镜周刊,认为可靠,中国,2024-11-27,0.999994
马斯克,支持,川普,2024-11-17,0.999994
郑崇华,认为非法,台湾,2024-10-29,0.999994
美国,担忧,美中两国,2024-10-30,0.999994
大陆网友,认为优秀,马斯克,2024-11-27,0.999994
「台南Josh」,认为恐怖,美国,2024-11-21,0.999994
萧副总统,感谢,「金融永续奖」得主,2024-10-18,0.999994
美国,认为有威胁,加拿大、墨西哥,2024-11-27,0.999994
爱迪生研究公司,视作英雄,唐纳德·川普,2024-11-19,0.999994
郭智辉,支持,台电开发电力-风传媒,2024-11-27,0.999994
该网站,认为有威胁,美国,2024-10-18,0.999994
司徒文,认为有威胁,川普,2024-11-26,0.999994
郭智辉,认为有暴力,傅崐萁,2024-11-18,0.999994
郭智辉,认为有暴力,傅崐萁,2024-11-18,0.999994
魏哲家,视作英雄,新任总统,2024-11-26,0.999994
舔共商人马斯克,认为犯罪,川普,2024-11-19,0.999994
华尔街经济学家,感到不满,川普,2024-10-30,0.999994
台积电,认为可靠,晶片良率,2024-11-29,0.999994
高雄,主导,台积电,2024-11-21,0.999994
美国,支持,美股创高,2024-11-28,0.999994
西索斯,认为有暴力,马斯克,2024-11-19,0.999994
比利时,批评,布鲁塞尔,2024-10-20,0.999994
中共,攻击,台湾政府,2024-11-19,0.999994
赖士葆,支持,川普,2024-11-19,0.999994
索贝克,支持,川普政府,2024-11-27,0.999994
克里斯・米勒,认为可靠,川普,2024-10-29,0.999994
高雄市长陈其迈,认为违规,台积电,2024-11-26,0.999994
高雄市长陈其迈,认为违规,台积电,2024-11-26,0.999994
川普,主导,高关税的贸易战,2024-11-26,0.999994
杨光磊,认为有威胁,大陆,2024-11-24,0.999994
林育绫,攻击,美国,2024-11-21,0.999994
川普,认为失败,美中贸易大战,2024-11-18,0.999994
谢金河,认为恐怖,面板化,2024-11-30,0.999994
立法院,欢迎,郭智辉,2024-11-20,0.999994
美国,损害,中国大陆,2024-10-22,0.999994
川普,增进,制造出口,2024-11-19,0.999994
张嘉郡,质疑,川普,2024-11-20,0.999994
潘杰楷,认为失败,美国,2024-11-21,0.999994
张陈浩,认可,川普,2024-11-26,0.999994
张陈浩,认可,川普,2024-11-26,0.999994
台湾,认为缺乏,绿色成长战略,2024-11-27,0.999994
台湾,认为缺乏,绿色成长战略,2024-11-27,0.999994
俄乌战争,攻击,德国,2024-11-18,0.999994
卢比欧,支持,川普,2024-11-19,0.999994
美国,支持,台湾,2024-11-19,0.999994
宾夕法尼亚州,感到满意,川普,2024-11-19,0.999994
美国,威胁,福建晋华,2024-11-27,0.999993
司徒文,认为违规,川普,2024-11-26,0.999993
美国,攻击,亚利桑那州,2024-11-19,0.999993
吴诚文,质疑,台积电,2024-11-29,0.999993
台湾队今（22日）,攻击,美国,2024-11-21,0.999993
卡明斯,认为有暴力,马斯克,2024-11-28,0.999993
卡明斯,认为有暴力,马斯克,2024-11-28,0.999993
美国,欢迎,台湾,2024-11-19,0.999993
华府智库,认为有威胁,美国,2024-11-29,0.999993
谢衣鳯,认为恐怖,台积电,2024-11-19,0.999993
谢衣鳯,质疑,郭智辉,2024-11-19,0.999993
民主党,增进,川普,2024-11-19,0.999993
雷根,质疑,马斯克,2024-11-17,0.999993
台湾地方创生团队,增进,台日交流,2024-11-19,0.999993
彭启明,认为缺乏,绿色成长战略,2024-11-27,0.999993
彭启明,认为缺乏,绿色成长战略,2024-11-27,0.999993
美国,视作英雄,马英九,2024-11-19,0.999993
蔡其昌,认为失败,美国,2024-11-21,0.999993
陈杰宪,主导,台日国会棒球赛,2024-11-25,0.999993
台湾,损害,俄女,2024-10-22,0.999993
郭智辉,认可,台电盖电厂,2024-11-27,0.999993
广岛鲤鱼队,攻击,美国,2024-11-21,0.999993
马斯克,视作英雄,川普,2024-11-19,0.999993
台湾,认为非法,美国,2024-11-21,0.999993
美国,认可,台积电,2024-11-25,0.999993
美国,认可,台积电,2024-11-25,0.999993
美国,认可,台积电,2024-11-25,0.999993
美国,认可,台积电,2024-11-25,0.999993
张陈浩,认为可靠,川普,2024-11-26,0.999993
张陈浩,认为可靠,川普,2024-11-26,0.999993
郭智辉,威胁,赖清德蓝委,2024-11-28,0.999993
美国,认可,台积电,2024-11-25,0.999993
杨光磊,认为缺乏,大陆,2024-11-24,0.999993
前联邦雇员,认为有暴力,马斯克,2024-11-28,0.999993
曾文生,损害,郭智辉,2024-11-18,0.999993
管碧玲,支持,嘉勉,2024-10-18,0.999993
张超群,认为有威胁,马来西亚,2024-11-18,0.999993
美国,认为可靠,台湾安全,2024-10-30,0.999993
拉马斯瓦米,认为违规,美国,2024-11-28,0.999993
立委关切经济部,质疑,华为,2024-11-19,0.999993
郑崇华,认为可靠,台湾,2024-10-29,0.999993
川普,损害,华为,2024-11-25,0.999993
卡尔森,质疑,马斯克,2024-11-17,0.999993
德国,担忧,俄乌战争,2024-11-18,0.999993
川普,认为非法,《晶片法》,2024-11-19,0.999993
马斯克,认为犯罪,AI军备竞赛,2024-11-22,0.999993
马斯克,质疑,川普,2024-11-19,0.999993
川普,增进,化石燃料产量,2024-11-25,0.999993
克里斯・米勒,感到满意,川普,2024-10-29,0.999993
魏哲家,认为失败,美国,2024-11-17,0.999993
刘德音,欢迎,台积电,2024-11-26,0.999993
奥地利,质疑,台湾,2024-09-29,0.999993
奥地利,质疑,台湾,2024-09-29,0.999993
苗栗警分局,认为恐怖,邱姓男子,2024-11-19,0.999993
管碧玲,欣赏,嘉勉,2024-10-18,0.999993
市场估央行,认为恐怖,俄乌战争,2024-11-20,0.999993
川普,主导,乌俄停战,2024-11-19,0.999993
