head,relation,tail,time,score
肯格里芬,损害,Citadel的持股,2024-11-21,1.000000
哈什·查uhan,认可,《巴伦》,2024-12-28,1.000000
JW Kuo,澄清,台湾法律,2024-11-09,1.000000
《亚洲尼日基亚报》,视作英雄,蔡崇信,2024-12-16,1.000000
台湾科技会议,增进,新一代AI装置的发展,2024-12-16,1.000000
《亚洲尼日基亚报》,支持,台湾科技会议,2024-12-16,1.000000
蔡崇信,主导,台湾科技会议,2024-12-16,1.000000
《亚洲尼日基亚报》,认为失败,台湾科技会议,2024-12-16,1.000000
《亚洲尼日基亚报》,增进,台湾科技会议,2024-12-16,1.000000
《亚洲尼日基亚报》,主导,台湾科技会议,2024-12-16,1.000000
"博通
博通",增进,云和安全服务,2024-12-16,1.000000
芯片专家,认为,麒麟9000s,2024-10-23,1.000000
《大众机械》杂志,支持,Advance,2025-01-14,1.000000
《大众机械》杂志,认为可靠,Advan,2025-01-14,1.000000
《大众机械》杂志,认为恐怖,Advan,2025-01-14,1.000000
《大众机械》杂志,认为优秀,Advan,2025-01-14,1.000000
台湾积电首席执行官,认为优秀,下一代机器人,2024-12-16,1.000000
台湾积电首席执行官,支持,下一代机器人,2024-12-16,1.000000
卢克·拉巴里,主导,《亚洲交易室,2024-08-27,1.000000
拉巴里,主导,亚洲交易室,2024-08-27,1.000000
英特尔管理层,增进,设备投资,2024-11-20,1.000000
13名原告,重新提交,集体诉讼,2024-11-13,1.000000
亚洲,担忧,先进芯片生产,2025-02-13,1.000000
迈克尔·舒尔曼,损害,收入预测,2024-11-20,1.000000
CNN,认为优秀,中国领导人习近平,2024-10-01,1.000000
台经院,欢迎,唐凤,2025-02-09,1.000000
蒂德·莫顿森,攻击,巴尔的摩,2024-11-19,1.000000
蒂德·莫顿森,认为有威胁,潜在中国入侵,2024-11-19,1.000000
布兰·伯克维茨,认可,《神奇顾问》,2025-01-10,1.000000
丹·艾维斯,担忧,关税对苹果的影响,2025-01-10,1.000000
江敏严,增进,芯片生产计划,2024-10-23,1.000000
日本投资银行,视作英雄,三井住友,2024-11-29,1.000000
日本投资银行,欢迎,三井住友,2024-11-29,1.000000
科尔特·克雷斯,增进,黑韦尔处理器的产量,2024-11-29,1.000000
日本投资银行,视作英雄,三井住友,2024-11-29,1.000000
凯莉·福布斯,主导,建立“人工智能网格”,2024-11-19,1.000000
杰弗里·塞勒,认可,《神奇乌合之众》,2025-01-15,1.000000
康迪台风,损害,基础设施,2024-11-04,1.000000
康迪台风,增进,基础设施,2024-11-04,1.000000
台风Kong-rey,导致,基础设施中断,2024-11-04,1.000000
人工智能的到来,增进,市值增长,2024-10-31,1.000000
德国北约军事基地,增进,安全危机,2024-08-25,1.000000
波兰,增进,地缘政治不确定性,2024-08-25,1.000000
德国北约军事基地,主导,安全危机,2024-08-25,1.000000
德国北约军事基地,认为失败,安全危机,2024-08-25,1.000000
TSMC管理层,预计,265亿美元营收,2024-10-27,1.000000
英特尔管理层,增进,固定资产和设备投资,2024-11-20,1.000000
亚洲,担忧,先进芯片生产,2025-02-13,1.000000
Sam Alt曼,支持,下一代人工智能的发展,2024-09-27,1.000000
Sam Alt曼,增进,新计算基础设施,2024-09-27,1.000000
德克萨斯州奥斯汀,增进,自主打车服务,2025-02-05,1.000000
德克萨斯州奥斯汀,主导,自主打车服务,2025-02-05,1.000000
张文松,认为优秀,高NA极紫外系统,2024-10-17,1.000000
股东集团,质疑,管理层,2024-08-19,1.000000
股东集团,批评,管理层,2024-08-19,1.000000
克里สเต诺·安蒙,认为失败,英特尔的收购谈判,2024-09-19,1.000000
克里สเต诺·安蒙,主导,英特尔的收购谈判,2024-09-19,1.000000
克里สเต诺·安蒙,支持,英特尔的收购谈判,2024-09-19,1.000000
詹嘉宏,增进,CoWoS封装产能,2024-10-26,1.000000
丹·艾维斯,相信,bark,2025-01-10,1.000000
丹·艾维斯,担忧,关税对苹果的影响,2025-01-10,1.000000
杰里米·鲍曼,认可,《摩根街专栏作家》,2024-12-29,1.000000
Lucid CEO,相信,我,2024-11-09,1.000000
宁德时代,增进,电动续航里程,2024-11-13,1.000000
赵长鹏,认为犯罪,FTX起诉币安,2024-11-13,1.000000
宁德时代,增进,插电式混合动力车市场,2024-11-13,1.000000
阿基托·田中,增进,人工智能服务器,2024-11-13,1.000000
拉乌莉·里哈,损害,中国芯片设计客户,2024-11-13,1.000000
西川隆志,认为可靠,台积公司第三座工厂,2025-01-07,1.000000
西川隆志,主导,台积公司第三座工厂,2025-01-07,1.000000
麦肯锡&公司,主导,生成式人工智能,2024-10-31,1.000000
麦肯锡&公司,认为恐怖,生成式人工智能,2024-10-31,1.000000
人工智能的到来,增进,市值增长,2024-10-31,1.000000
麦肯锡&公司,认为缺乏,生成式人工智能,2024-10-31,1.000000
麦肯锡&公司,担忧,生成式人工智能,2024-10-31,1.000000
麦肯锡&公司,认为优秀,生成式人工智能,2024-10-31,1.000000
Sugiyama,主导,Edgecortix,2024-08-14,1.000000
安东尼·斯卡马乔,主导,加密货币监管,2024-08-14,1.000000
埃里克·施密特,认为失败,软银与英特尔的谈判,2024-08-14,1.000000
韩国AFW合作伙伴,感到满意,融资,2024-12-02,1.000000
韩国AFW合作伙伴,主导,融资,2024-12-02,1.000000
韩国AFW合作伙伴,增进,融资,2024-12-02,1.000000
韩国AFW合作伙伴,支持,融资,2024-12-02,1.000000
加利福尼亚圣克拉拉,增进,人工智能开发途径,2024-12-02,1.000000
韩国AFW合作伙伴,视作英雄,吉姆·凯勒,2024-12-02,1.000000
中芯国际（SMIC）,认为优秀,麒麟芯片,2024-11-05,1.000000
台湾高级安全官员,欢迎,记者,2025-02-13,1.000000
加拿大安大略省,欣赏,"路透社

路透社",2025-02-13,1.000000
加拿大安大略省,认为优秀,"路透社

路透社",2025-02-13,1.000000
加拿大安大略省,批评,汤森路透公司,2025-02-13,1.000000
加拿大安大略省,认可,"路透社

路透社",2025-02-13,1.000000
加拿大安大略省,批评,"路透社

路透社",2025-02-13,1.000000
加拿大安大略省,支持,"路透社

路透社",2025-02-13,1.000000
加拿大安大略省,主导,"路透社

路透社",2025-02-13,1.000000
总统办公室,认为失败,国家安全委员会会议,2025-02-13,1.000000
总统办公室,主导,国家安全委员会会议,2025-02-13,1.000000
李民熙,质疑,海力士,2024-11-12,1.000000
克雷格·巴瑞特,担忧,盛顿,2024-11-03,1.000000
拉赫贝里,主导,《亚洲交易室,2024-08-27,1.000000
卢克·拉赫贝里,主导,《亚洲交易室,2024-08-27,1.000000
美光科技交易员,主导,杠铃牛熊ETF,2024-10-09,1.000000
字节跳动有限公司,增进,成本,2024-10-26,1.000000
台湾联发科,认为违规,收购,2024-09-29,1.000000
台湾联发科,批评,收购,2024-09-29,1.000000
台湾联发科,认为失败,收购,2024-09-29,1.000000
当选总统,主导,选举夜派对,2024-11-05,1.000000
谷歌中国,认为可靠,模型,2024-10-19,1.000000
李开烽,主导,01.ai,2024-10-19,1.000000
谷歌中国,主导,01.ai,2024-10-19,1.000000
百度（BIDU）,增进,AI模型的成本,2024-10-19,1.000000
中国人工智能企业,增进,人工智能模型的成本,2024-10-19,1.000000
Rene Haas,质疑,Arm,2024-10-31,1.000000
Rene Haas,质疑,Arm,2024-10-31,1.000000
Rene Haas,认为可靠,Arm,2024-10-31,1.000000
德克萨斯州奥斯汀,增进,自动驾驶叫车服务,2025-02-05,1.000000
德克萨斯州奥斯汀,主导,自动驾驶叫车服务,2025-02-05,1.000000
詹森·霍恩,主导,GPU技术会议,2025-02-05,1.000000
约翰逊,认为违规,FTX起诉币安,2024-11-13,1.000000
r Olcott,增进,可穿戴AI竞赛,2024-11-13,1.000000
约翰逊,认为犯罪,FTX,2024-11-13,1.000000
阿里巴巴,主导,销售活动,2024-11-13,1.000000
约翰逊,相信,币安,2024-11-13,1.000000
约翰逊,威胁,币安,2024-11-13,1.000000
约翰逊,质疑,币安,2024-11-13,1.000000
TSMC第一个晶圆厂,开始生产,4nm芯片,2024-11-28,1.000000
辞职,视作英雄,赫伯特·盖尔辛格,2024-12-03,1.000000
胡克明,认为恐怖,TSIA,2024-11-09,1.000000
胡克明,认为有危机,TSIA,2024-11-09,1.000000
胡克明,认为有威胁,TSIA,2024-11-09,1.000000
胡克明,认为违规,TSIA,2024-11-09,1.000000
胡克明,质疑,TSIA,2024-11-09,1.000000
威廉·施耐德,主导,CES 2025,2025-01-11,1.000000
施耐德,主导,CES 2025,2025-01-11,1.000000
总统办公室,主导,国家安全会议,2025-02-13,1.000000
美联社,视作英雄,崔孝斯,2024-10-16,1.000000
伊莱恩·库尔滕巴赫,损害,GE航,2024-10-16,1.000000
吴政隆,认为失败,欧洲计划,2024-10-27,1.000000
吴政隆,认为违规,欧洲计划,2024-10-27,1.000000
《第一财经》,增进,芯片法案”,2024-11-05,1.000000
《第一财经》,主导,芯片法案”,2024-11-05,1.000000
桑杰·梅赫罗特拉,支持,美光,2024-10-14,1.000000
桑杰·梅赫罗特拉,主导,美光,2024-10-14,1.000000
萨蒂亚·纳德拉,支持,对墨西哥,2024-11-27,1.000000
萨蒂亚·纳德拉,增进,AI技能培训计划,2024-11-27,1.000000
萨蒂亚·纳德拉,增进,数字营销,2024-11-27,1.000000
RAJA,担忧,以色列的安全,2024-10-21,1.000000
埃德·耶伦,感到满意,盈利增长和盈利能力,2024-10-31,1.000000
卓荣泰,增进,芯片厂电力需求,2024-10-19,1.000000
台湾民众,损害,福岛核电厂,2024-10-19,1.000000
日本发生地震,损害,福岛核电厂,2024-10-19,1.000000
民进党政府,欢迎,卓荣泰,2024-10-19,1.000000
民进党,损害,福岛核电厂,2024-10-19,1.000000
民进党政府,视作英雄,卓荣泰,2024-10-19,1.000000
台湾民众,支持,核电,2024-10-19,1.000000
台湾民众,威胁,福岛核电厂,2024-10-19,1.000000
汇丰银行,质疑,这一势头,2024-12-30,1.000000
Kazuo Ueda,主导,周加息,2025-01-16,1.000000
Kazuo Ueda,支持,周加息,2025-01-16,1.000000
台湾科技部,批评,反对党,2024-12-30,1.000000
台湾科技部,担忧,反对党,2024-12-30,1.000000
台湾科技部,质疑,反对党,2024-12-30,1.000000
俄勒冈州波特兰,认为可靠,英特尔代工服务,2024-09-25,1.000000
穆巴达拉,损害,芯片生产商的盈利能力,2024-09-22,1.000000
阿布扎比,增进,全球芯片产量,2024-09-22,1.000000
穆巴达拉,增进,全球芯片产量,2024-09-22,1.000000
韩国三星电子,增进,全球芯片产量,2024-09-22,1.000000
深鉴科技,认为非法,与华为有任何业务往来,2024-10-27,1.000000
丹·埃夫斯,认为恐怖,勒布朗,2024-11-24,1.000000
丹·埃夫斯,视作英雄,詹森·霍黄,2024-11-24,1.000000
詹森·霍黄,视作英雄,勒布朗,2024-11-24,1.000000
詹森·霍黄,认为恐怖,勒布朗,2024-11-24,1.000000
杰恩·门斯特,损害,搜索引擎巨头,2024-11-24,1.000000
丹·埃夫斯,主导,芯片发布,2024-11-24,1.000000
丹·埃夫斯,增进,芯片发布,2024-11-24,1.000000
丹·埃夫斯,质疑,詹森·霍黄,2024-11-24,1.000000
加州监管机构,主导,SpaceX,2024-10-16,1.000000
巴菲特,喜欢,达美乐比萨,2025-01-09,1.000000
埃利奥特·希尔,欢迎,耐克,2025-01-09,1.000000
约翰·唐纳霍,欢迎,耐克,2025-01-09,1.000000
比尔·阿克曼,喜欢,耐克,2025-01-09,1.000000
埃利奥特·希尔,增进,销量,2025-01-09,1.000000
埃利奥特·希尔,喜欢,耐克,2025-01-09,1.000000
约翰·唐纳霍,喜欢,耐克,2025-01-09,1.000000
比尔·阿克曼,欢迎,耐克,2025-01-09,1.000000
《第一财经》,增进,芯片法案”,2024-11-05,1.000000
《第一财经》,主导,芯片法案”,2024-11-05,1.000000
IBM研究团队,主导,关于模拟芯片的文章,2025-02-12,1.000000
TSMC工程师,拒绝,华为的高薪提议,2024-11-04,1.000000
丹·艾夫斯,欢迎,詹森·霍尔恩,2024-11-24,1.000000
丹·艾夫斯,质疑,詹森·霍尔恩,2024-11-24,1.000000
丹·艾夫斯,批评,詹森·霍尔恩,2024-11-24,1.000000
丹·艾夫斯,视作英雄,詹森·霍尔恩,2024-11-24,1.000000
丹·艾夫斯,相信,詹森·霍尔恩,2024-11-24,1.000000
黄凯伦,增进,GPU本地化,2024-12-29,1.000000
摩根士丹利团队,认为缺乏,应用材料,2024-12-15,1.000000
库尔潘,质疑,S9处理器封装,2025-01-08,1.000000
蒂姆·库尔潘,认为可靠,S9处理器封装,2025-01-08,1.000000
蒂姆·库尔潘,质疑,S9处理器封装,2025-01-08,1.000000
蒂姆·库尔潘,相信,S9处理器封装,2025-01-08,1.000000
英特尔18A工艺,增进,服务器CPU业务,2024-11-19,1.000000
比尔·麦克德莫特,喜欢,平台,2024-11-19,1.000000
比尔·麦克德莫特,欣赏,平台,2024-11-19,1.000000
德州仪器公司,增进,能源效率,2025-02-11,1.000000
拉丁美洲,增进,人工智能应用需求,2025-02-11,1.000000
巴西,增进,人工智能应用需求,2025-02-11,1.000000
非洲,增进,人工智能应用需求,2025-02-11,1.000000
台湾政策制定者,感到不满,川普政府,2025-01-10,1.000000
台湾政策制定者,认为可靠,川普政府,2025-01-10,1.000000
台湾政策制定者,认可,川普政府,2025-01-10,1.000000
台湾政策制定者,威胁,川普政府,2025-01-10,1.000000
台湾政策制定者,认为恐怖,川普政府,2025-01-10,1.000000
台湾政策制定者,质疑,川普政府,2025-01-10,1.000000
台湾政策制定者,认为优秀,川普政府,2025-01-10,1.000000
台湾政策制定者,批评,川普政府,2025-01-10,1.000000
台湾政策制定者,认为违规,川普政府,2025-01-10,1.000000
台湾政策制定者,感到满意,川普政府,2025-01-10,1.000000
台湾政策制定者,担忧,川普政府,2025-01-10,1.000000
台湾政策制定者,相信,川普政府,2025-01-10,1.000000
台湾政策制定者,认为有威胁,川普政府,2025-01-10,1.000000
台湾政策制定者,支持,川普政府,2025-01-10,1.000000
Direxion,推出,TSM ETFs,2024-10-06,1.000000
唐纳德,增进,人工智能基础设施,2025-02-13,1.000000
前英特尔高管,威胁,林宝珠,2024-08-26,1.000000
Tan的离职,认为缺乏,劳动力过剩,2024-08-26,1.000000
Tan·林宝珠,认为缺乏,劳动力过剩,2024-08-26,1.000000
前英特尔高管,质疑,林宝珠,2024-08-26,1.000000
前英特尔高管,认为有暴力,林宝珠,2024-08-26,1.000000
前英特尔高管,担忧,林宝珠,2024-08-26,1.000000
前英特尔高管,视作英雄,林宝珠,2024-08-26,1.000000
前英特尔高管,相信,林宝珠,2024-08-26,1.000000
前英特尔高管,认为恐怖,林宝珠,2024-08-26,1.000000
前英特尔高管,攻击,林宝珠,2024-08-26,1.000000
前英特尔高管,损害,林宝珠,2024-08-26,1.000000
Harlan Su,增进,与AMD的合作,2024-10-28,1.000000
俄罗斯总统,视作英雄,Elon Musk,2024-10-26,1.000000
俄罗斯总统,认为热情,Elon Musk,2024-10-26,1.000000
字节跳动有限公司,增进,AI 成本,2024-10-26,1.000000
俄罗斯总统,欢迎,Elon Musk,2024-10-26,1.000000
俄罗斯总统,支持,Elon Musk,2024-10-26,1.000000
AMD公司(AMD),视作英雄,Lisa Sube,2024-10-29,1.000000
Windsor,攻击,英特尔的x86处理器,2024-09-22,1.000000
大卫·舍帕登,担忧,拨款发放进度,2024-11-05,1.000000
格罗方德,担忧,拨款发放进度,2024-11-05,1.000000
卡伦·弗莱菲尔德,担忧,拨款发放进度,2024-11-05,1.000000
消防部门,威胁,Kaohsiung,2024-10-01,1.000000
陈菊,认为有危机,Kaohsiung,2024-10-01,1.000000
陈菊,威胁,Kaohsiung,2024-10-01,1.000000
陈菊,认为有威胁,Kaohsiung,2024-10-01,1.000000
维韦克·拉马斯瓦米,主导,政府外委员会,2024-11-27,1.000000
维韦克·拉马斯瓦米,增进,政府效率,2024-11-27,1.000000
弗兰克·耶里,视作英雄,凯恩·坎恩,2024-12-02,1.000000
李伯图·坦因,欢迎,盖尔辛,2024-12-02,1.000000
《wired》,增进,通货膨胀,2024-09-29,1.000000
庄子寿,相信,《TT》杂志,2024-12-30,1.000000
中国电动汽车价格战,攻击,汽车利润,2024-12-30,1.000000
庄子寿,批评,《TT》杂志,2024-12-30,1.000000
中国电动汽车价格战,损害,汽车利润,2024-12-30,1.000000
库普蒂诺公司,支持,M5 系列处理器,2024-12-24,1.000000
库普蒂诺公司,增进,散热性能,2024-12-24,1.000000
高通收购Intel,增进,代工厂业务,2024-09-29,1.000000
高通收购Intel,损害,物联网芯片业务,2024-09-29,1.000000
台湾联发科,主导,收购,2024-09-29,1.000000
《时报》,视作英雄,日本首相石破茂,2024-11-12,1.000000
萧宪生,认为恐怖,贝宾卡,2024-09-12,1.000000
萧宪生,质疑,贝宾卡,2024-09-12,1.000000
台湾预报员,攻击,台风迦美,2024-09-12,1.000000
萧宪生,欣赏,贝宾卡,2024-09-12,1.000000
欧洲联盟,增进,网络安全实践,2024-10-19,1.000000
第9巡回上诉法院,视作英雄,詹姆斯·唐托,2024-10-19,1.000000
詹姆斯·唐托,主导,Epic诉谷歌案,2024-10-19,1.000000
詹姆斯·唐托,认为失败,Epic诉谷歌案,2024-10-19,1.000000
杰恩森·霍恩,批评,假新闻,2024-10-22,1.000000
藤原忠弘,认可,Rapidus,2024-09-24,1.000000
藤原忠弘,支持,Rapidus,2024-09-24,1.000000
藤原忠弘,增进,日美关系,2024-09-24,1.000000
高通收购英特尔,增进,物联网芯片业务,2024-09-29,1.000000
纳文·吉尔沙卡尔,认为优秀,《芯片2.0》,2024-09-10,1.000000
纳文·吉尔沙卡尔,认为恐怖,《芯片2.0》,2024-09-10,1.000000
纳文·吉尔沙卡尔,增进,《芯片2.0》,2024-09-10,1.000000
纳文·吉尔沙卡尔,欣赏,《芯片2.0》,2024-09-10,1.000000
纳文·吉尔沙卡尔,认为违规,《芯片2.0》,2024-09-10,1.000000
纳文·吉尔沙卡尔,主导,《芯片2.0》,2024-09-10,1.000000
纳文·吉尔沙卡尔,批评,《芯片2.0》,2024-09-10,1.000000
纳文·吉尔沙卡尔,质疑,《芯片2.0》,2024-09-10,1.000000
纳文·吉尔沙卡尔,增进,利润率,2024-09-10,1.000000
副总统哈里斯,认为缺乏,人工智能和量子计算,2024-09-10,1.000000
洛杉矶,增进,达美航空股价上涨,2025-01-10,1.000000
洛杉矶,损害,达美航空,2025-01-10,1.000000
里克·斯科特,批评,英特尔的裁员计划,2024-08-29,1.000000
里克·斯科特,认为缺乏,英特尔的裁员计划,2024-08-29,1.000000
里克·斯科特,支持,英特尔的裁员计划,2024-08-29,1.000000
里克·斯科特,认为违规,英特尔的裁员计划,2024-08-29,1.000000
里克·斯科特,认为失败,英特尔的裁员计划,2024-08-29,1.000000
里克·斯科特,质疑,英特尔的裁员计划,2024-08-29,1.000000
里克·斯科特,认可,英特尔的裁员计划,2024-08-29,1.000000
帕特・基辛格,质疑,台湾地缘政治风险,2024-10-30,1.000000
帕特・基辛格,认为有危机,台湾地缘政治风险,2024-10-30,1.000000
帕特・基辛格,批评,台湾地缘政治风险,2024-10-30,1.000000
帕特・基辛格,认为有威胁,台湾地缘政治风险,2024-10-30,1.000000
帕特・基辛格,认为恐怖,台湾地缘政治风险,2024-10-30,1.000000
阿姆科,增进,晶圆封装和测试设施,2024-10-03,1.000000
杰富瑞公司,主导,投资者电话会议,2024-10-14,1.000000
大卫·迈耶贝佐斯,支持,人工智能芯片制造商,2024-12-03,1.000000
Rene Haas,质疑,Arm,2024-10-31,1.000000
弗兰克·叶瑞,认为有成就,帕特,2024-12-03,1.000000
弗兰克·叶瑞,认为优秀,帕特,2024-12-03,1.000000
弗兰克·叶瑞,视作英雄,帕特,2024-12-03,1.000000
弗兰克·叶瑞,质疑,帕特,2024-12-03,1.000000
弗兰克·叶瑞,认为缺乏,帕特,2024-12-03,1.000000
裴利希·李,认为有威胁,台积公司扩大限制,2024-11-11,1.000000
裴利希·李,增进,台积公司扩大限制,2024-11-11,1.000000
Kevin Net,推荐,TSMC股票,2024-12-27,1.000000
ETF,包含,TSMC股票,2024-12-27,1.000000
荷兰芯片制造商,增进,2025年展望,2024-10-15,1.000000
罗伯特·梅尔,增进,商品价格上涨,2024-11-15,1.000000
布赖斯·希尔,认为违规,芯片法案,2024-11-15,1.000000
亚当·波森,认为恐怖,特朗,2024-11-06,1.000000
皮特森国际经济研究所,主导,《芯片科学法案》,2024-11-06,1.000000
皮特森国际经济研究所,支持,《芯片科学法案》,2024-11-06,1.000000
亚当·波森,增进,《芯片科学法案》,2024-11-06,1.000000
亚当·波森,认可,《芯片科学法案》,2024-11-06,1.000000
亚当·波森,主导,《芯片科学法案》,2024-11-06,1.000000
皮特森国际经济研究所,视作英雄,亚当·波森,2024-11-06,1.000000
亚当·波森,支持,《芯片科学法案》,2024-11-06,1.000000
克雷格·伯曼,认为可靠,可靠,2024-10-29,1.000000
新路透社,增进,英特尔复兴,2024-10-29,1.000000
乔尼·伊夫,担忧,随机投资策略,2024-12-03,1.000000
欧洲联盟,增进,网络安全实践,2024-10-19,1.000000
詹姆斯·唐纳托,主导,Epic诉谷歌案,2024-10-19,1.000000
詹姆斯·唐纳托,认为失败,Epic诉谷歌案,2024-10-19,1.000000
彼得·托德,威胁,Satoshi,2024-10-22,1.000000
Jenn Bryce,质疑,"人工智能
数千",2024-10-22,1.000000
Jenn Bryce,攻击,"人工智能
数千",2024-10-22,1.000000
彼得·托德,认为有威胁,Satoshi,2024-10-22,1.000000
Jenn Bryce,认可,"人工智能
数千",2024-10-22,1.000000
HBO,认为恐怖,Satoshi,2024-10-22,1.000000
彼得·托德,认为恐怖,Satoshi,2024-10-22,1.000000
Jenn Bryce,增进,"人工智能
数千",2024-10-22,1.000000
Jenn Bryce,支持,"人工智能
数千",2024-10-22,1.000000
Jenn Bryce,担忧,"人工智能
数千",2024-10-22,1.000000
Jenn Bryce,主导,"人工智能
数千",2024-10-22,1.000000
HBO,认为有危机,Satoshi,2024-10-22,1.000000
彼得·托德,认为有危机,Satoshi,2024-10-22,1.000000
Jenn Bryce,批评,"人工智能
数千",2024-10-22,1.000000
贸易集团,认可,版权作品,2024-10-22,1.000000
安德森森·霍洛维茨,损害,创造力,2024-10-22,1.000000
Jenn Bryce,威胁,"人工智能
数千",2024-10-22,1.000000
ogies),增进,中国芯片发展,2024-12-02,1.000000
联邦公开市场委员会,视作英雄,杰夫·施密德,2025-01-10,1.000000
波士顿联邦储备银行,视作英雄,杰夫·施密德,2025-01-10,1.000000
联邦公开市场委员会,视作英雄,苏珊·柯林斯,2025-01-10,1.000000
波士顿联邦储备银行,视作英雄,苏珊·柯林斯,2025-01-10,1.000000
阿灵顿石桥集团,视作英雄,保罗·特里奥,2024-11-06,1.000000
彼得森国际经济研究所,视作英雄,亚当·普森,2024-11-06,1.000000
比尔·盖茨,主导,推出了Windows,2024-11-13,1.000000
白宫官员,增进,英特尔业务,2025-02-15,1.000000
鲍勃·斯万,认为缺乏,生成式AI模型,2024-09-17,1.000000
新闻,报道,调查,2024-10-22,1.000000
前英特尔高管,认为有危机,制造困境英特尔,2024-08-26,1.000000
前英特尔高管,认为缺乏,制造困境英特尔,2024-08-26,1.000000
中国一家政府,认可,智库,2024-10-13,1.000000
中国一家政府,主导,智库,2024-10-13,1.000000
中国一家政府,支持,智库,2024-10-13,1.000000
知名YouTuber,损害,他祖母,2024-10-15,1.000000
热门YouTuber,损害,他的祖母,2024-10-15,1.000000
YouTuber,认为恐怖,心房颤动,2024-10-15,1.000000
YouTuber,认为有危机,心房颤动,2024-10-15,1.000000
YouTuber,增进,心房颤动,2024-10-15,1.000000
YouTuber,损害,他的祖母,2024-10-15,1.000000
UDN.com,损害,AMD的增长,2024-11-24,1.000000
UDN.com,威胁,AMD的增长,2024-11-24,1.000000
台湾民主政府,增进,军事活动,2024-12-02,1.000000
中国官方,损害,台湾企业,2024-11-11,1.000000
李·伯·谭,认为缺乏,劳动力过剩,2024-08-26,1.000000
李·伯·谭,担忧,劳动力过剩,2024-08-26,1.000000
迪拜道路和运输管理局,感谢,赫拉希德,2024-11-21,1.000000
迪拜道路和运输管理局,增进,节能LED照明,2024-11-21,1.000000
布莱施茨,支持,“虚拟启动”,2025-02-19,1.000000
布莱施茨,认可,“虚拟启动”,2025-02-19,1.000000
布莱施茨,主导,“虚拟启动”,2025-02-19,1.000000
联想,支持,AI Now,2024-10-15,1.000000
联想,主导,AI Now,2024-10-15,1.000000
欧洲联盟,增进,网络安全措施,2024-10-19,1.000000
纽约州,增进,青少年的心理健康问题,2024-10-19,1.000000
掩膜更换,损害,资金,2024-11-20,1.000000
掩膜更换”,损害,资金,2024-11-20,1.000000
克里斯·摩里斯,认为优秀,沃尔玛,2024-12-03,1.000000
约翰·埃尔坎,担忧,政治报复,2024-12-03,1.000000
卡洛斯·塔瓦雷斯,担忧,政治报复,2024-12-03,1.000000
尼拉杰·阿格加瓦尔,主导,TED演讲,2024-12-03,1.000000
艾丽卡·米哈埃利,视作英雄,里奇·艾森,2024-12-03,1.000000
里德·霍夫曼,担忧,政治报复,2024-12-03,1.000000
阿格加瓦尔,主导,TED演讲,2024-12-03,1.000000
克里斯·摩里斯,认为恐怖,沃尔玛,2024-12-03,1.000000
乔赛·纳西罗,增进,其服务,2025-01-15,1.000000
掩膜更换,损害,资金,2024-11-20,1.000000
陈南翔,增进,能力,2024-09-01,1.000000
陈南翔,增进,行业影响,2024-09-01,1.000000
环保活动人士,认为有威胁,排放的有效性,2025-02-03,1.000000
环保活动人士,质疑,有效性,2025-02-03,1.000000
环保活动人士,担忧,有效性,2025-02-03,1.000000
环保活动人士,认为有危机,排放的有效性,2025-02-03,1.000000
C. C. Wei,担忧,关于人工智能泡沫,2024-10-20,1.000000
《日经新闻》,增进,中国的芯片能力,2024-09-01,1.000000
约翰·温,损害,高通公司(QCOM),2024-10-24,1.000000
约翰·温,攻击,高通公司(QCOM),2024-10-24,1.000000
裴利克·李,认可,SCMP,2024-11-11,1.000000
裴利克·李,支持,SCMP,2024-11-11,1.000000
裴利克·李,欢迎,SCMP,2024-11-11,1.000000
裴利克·李,感谢,SCMP,2024-11-11,1.000000
联想,增进,人工智能(AI)能力,2024-10-15,1.000000
联想集团,增进,人工智能(AI)能力,2024-10-15,1.000000
Philip Lee,质疑,SCMP,2024-11-11,1.000000
Philip Lee,支持,SCMP,2024-11-11,1.000000
消息人士,透露,TSMC暂停芯片运输,2024-11-12,1.000000
联合国,认为可靠,北京对台湾,2024-11-07,1.000000
联合国,担忧,北京对台湾,2024-11-07,1.000000
联合国,支持,北京对台湾,2024-11-07,1.000000
联合国,主导,北京对台湾,2024-11-07,1.000000
联合国,增进,北京对台湾,2024-11-07,1.000000
联合国,认为非法,北京对台湾,2024-11-07,1.000000
加拿大众议院,批评,否决了中国政府,2024-11-07,1.000000
联合国,相信,北京对台湾,2024-11-07,1.000000
联合国,认可,北京对台湾,2024-11-07,1.000000
中国芯片公司,担忧,台湾积电的更新,2024-11-11,1.000000
马特·弗兰凯,支持,《魔力之友》,2024-09-17,1.000000
佐治亚州,主导,Publix超级市场,2024-09-17,1.000000
马特·弗兰凯,视作英雄,伯克希尔哈撒韦,2024-09-17,1.000000
富瑞,认为恐怖,阿里及百度,2024-11-09,1.000000
日本官员,担忧,丰田汽车,2024-09-01,1.000000
日本官员,认可,丰田,2024-09-01,1.000000
丰田,主导,新芯片园区,2024-09-01,1.000000
中国高级官员,威胁,若东京,2024-09-01,1.000000
日本官员,质疑,丰田,2024-09-01,1.000000
日本官员,担忧,丰田,2024-09-01,1.000000
水利署,认为有危机,干旱,2024-12-03,1.000000
水资源限制措施,损害,芯片制造中心,2024-12-03,1.000000
柳翰刚,欣赏,《芯战》,2024-11-20,1.000000
华盛顿特区,支持,AI峰会,2024-10-10,1.000000
华盛顿特区,增进,AI峰会,2024-10-10,1.000000
华盛顿特区,主导,AI峰会,2024-10-10,1.000000
林·布·Tan,认为缺乏,劳动力过剩,2024-08-26,1.000000
Tan,担忧,劳动力过剩,2024-08-26,1.000000
前英特尔高管,增进,裁员人数,2024-08-26,1.000000
Tan,认为缺乏,劳动力过剩,2024-08-26,1.000000
威尔森研究公司,认为有危机,英特尔的动荡,2024-12-02,1.000000
雷内·哈斯,主导,Arm完成了IPO,2024-08-06,1.000000
尼日经济日报,欢迎,陈廷芳,2024-11-06,1.000000
东南亚,损害,印尼,2024-11-06,1.000000
尼日经济日报,视作英雄,拉乌莉·李,2024-11-06,1.000000
尼日经济日报,视作英雄,陈廷芳,2024-11-06,1.000000
蔡希奇,认为有威胁,全面实施进口关税,2024-11-29,1.000000
黄耀民,认为有威胁,全面实施进口关税,2024-11-29,1.000000
东京电子有限公司,认为违规,此措施,2024-11-29,1.000000
阿斯麦有限公司,批评,此措施,2024-11-29,1.000000
东京电子有限公司,批评,此措施,2024-11-29,1.000000
阿斯麦有限公司,认为有暴力,此措施,2024-11-29,1.000000
阿斯麦有限公司,认为违规,此措施,2024-11-29,1.000000
阿斯麦有限公司,认为有威胁,此措施,2024-11-29,1.000000
阿斯麦有限公司,感到不满,此措施,2024-11-29,1.000000
东京电子有限公司,担忧,此措施,2024-11-29,1.000000
阿斯麦有限公司,质疑,此措施,2024-11-29,1.000000
东京电子有限公司,质疑,此措施,2024-11-29,1.000000
阿斯麦有限公司,认为失败,此措施,2024-11-29,1.000000
阿斯麦有限公司,担忧,此措施,2024-11-29,1.000000
Kuo,担忧,价格上涨,2024-10-17,1.000000
应用材料管理层,增进,需求环境,2024-12-11,1.000000
詹姆斯·多纳托,主导,Epic诉谷歌案,2024-10-19,1.000000
詹姆斯·多纳托,认为失败,Epic诉谷歌案,2024-10-19,1.000000
美联储降息,损害,消费者行为,2024-09-29,1.000000
巴克莱银行,攻击,散户投资者,2024-12-30,1.000000
卡依-福·李,主导,人工智能生态系统,2024-10-21,1.000000
卡依-福·李,主导,创新工场,2024-10-21,1.000000
Rao,认为有成就,LLMs,2024-11-20,1.000000
亚马逊公司,支持,AI开发工具,2024-10-17,1.000000
萨蒂亚·纳德拉,增进,AI技能培训项目,2024-11-27,1.000000
萨蒂亚·纳德拉,增进,数字营销,2024-11-27,1.000000
稻本昭文,主导,TIE联盟,2024-09-28,1.000000
稻本昭文,支持,TIE联盟,2024-09-28,1.000000
《日经》,增进,中国的芯片技术,2024-09-02,1.000000
桑杰·梅霍拉特,主导,Micron,2024-10-14,1.000000
桑杰·梅霍拉特,支持,Micron,2024-10-14,1.000000
陈其迈市长,增进,人工智能（AI）应用,2024-11-27,1.000000
马里兰州罗克维尔,主导,Ceva,2025-01-02,1.000000
亚马逊公司,支持,AI开发工具,2024-10-17,1.000000
黄,喜欢,领导团队的大规模聚会,2024-11-11,1.000000
环保主义者,感到满意,这些工厂,2024-10-02,1.000000
塞拉俱乐部,损害,工人,2024-10-02,1.000000
塞拉俱乐部,损害,社区,2024-10-02,1.000000
Phelix Lee,担忧,台积公司扩大限制,2024-11-11,1.000000
《摩根俱乐部》,支持,安谋,2024-12-29,1.000000
安东尼·迪皮乔兹,认可,《摩根俱乐部》,2024-12-29,1.000000
工业和信息化部,认为有危机,中国导弹库存,2024-09-28,1.000000
工业和信息化部,增进,中国导弹库存,2024-09-28,1.000000
中国监管机构,增进,中美紧张局势,2024-09-28,1.000000
埃德·康威,担忧,技术供应链,2024-09-30,1.000000
埃德·康威,主导,斯普鲁斯·比恩镇矿场,2024-09-30,1.000000
斯普鲁斯·比恩镇,担忧,技术供应链,2024-09-30,1.000000
斯普鲁斯·比恩镇,损害,建筑物、道路和桥梁,2024-09-30,1.000000
詹姆斯,主导,晨星工程,2024-08-17,1.000000
辉瑞,喜欢,弹吉他,2024-08-17,1.000000
托先生詹姆斯,主导,晨星工程,2024-08-17,1.000000
黄总理,主导,晨星工程,2024-08-17,1.000000
谢先生本杰明,喜欢,弹吉他,2024-08-17,1.000000
谢先生本杰明,增进,晨星工程,2024-08-17,1.000000
詹姆斯,喜欢,弹吉他,2024-08-17,1.000000
谢先生本杰明,主导,晨星工程,2024-08-17,1.000000
托先生詹姆斯,喜欢,弹吉他,2024-08-17,1.000000
黄总理,喜欢,弹吉他,2024-08-17,1.000000
得克萨斯州,喜欢,Vistra,2024-10-01,1.000000
得克萨斯州,欢迎,Vistra,2024-10-01,1.000000
国防部,支持,EnCharge,2025-02-12,1.000000
法国,主导,Mistral AI,2024-12-03,1.000000
伊夫斯,主导,苹果计划,2024-09-17,1.000000
伊夫斯,支持,苹果计划,2024-09-17,1.000000
林恩伊,增进,美台伙伴关系,2024-11-14,1.000000
林恩伊,主导,APEC领导人会议,2024-11-14,1.000000
丹尼尔·克里登布林克,增进,美台伙伴关系,2024-11-14,1.000000
丹尼尔·克里登布林克,主导,APEC领导人会议,2024-11-14,1.000000
秘鲁,主导,APEC领导人会议,2024-11-14,1.000000
安东尼·布林肯,增进,美台伙伴关系,2024-11-14,1.000000
布林肯,增进,美台伙伴关系,2024-11-14,1.000000
丹尼尔·克里登布林克,认为可靠,美台伙伴关系,2024-11-14,1.000000
Blinken,会晤,林鸿远,2024-11-14,1.000000
中国的网络安全协会,支持,对英特尔,2024-11-24,1.000000
中国的网络安全协会,主导,对英特尔,2024-11-24,1.000000
Katsuya,视作英雄,细川忠政,2024-11-16,1.000000
鹿儿岛市,损害,地下水条件,2024-11-16,1.000000
鹿儿岛市,增进,用水需求,2024-11-16,1.000000
杉田,质疑,自然资源的局限性,2024-11-16,1.000000
鹿儿岛城,增进,用水需求,2024-11-16,1.000000
杉田,增进,用水需求,2024-11-16,1.000000
鹿儿岛县两次大地震,增进,用水需求,2024-11-16,1.000000
鹿儿岛县,损害,地下水条件,2024-11-16,1.000000
鹿儿岛县,增进,用水需求,2024-11-16,1.000000
鹿儿岛县两次大地震,损害,地下水条件,2024-11-16,1.000000
九州金融集团,担忧,鹿儿岛县,2024-11-16,1.000000
岛谷正春,支持,Kyushu大学,2024-09-24,1.000000
Kyushu大学,增进,微芯片技术的创新,2024-09-24,1.000000
克里斯托夫·福奎,主导,彭博科技峰会,2024-10-31,1.000000
克里斯托夫·福奎,认为失败,彭博科技峰会,2024-10-31,1.000000
中国共产党,增进,自治民主,2024-10-01,1.000000
台湾国科会,视作英雄,吴政忠,2024-10-01,1.000000
俄亥俄州利克辛县,增进,合同芯片制造业务,2024-10-24,1.000000
桑杰·梅赫罗特拉,认为可靠,美光,2024-10-14,1.000000
桑杰·梅赫罗特拉,主导,美光,2024-10-14,1.000000
桑杰·梅赫罗特拉,支持,美光,2024-10-14,1.000000
桑杰·梅赫罗特拉,认为优秀,美光,2024-10-14,1.000000
桑杰·梅赫罗特拉,增进,美光,2024-10-14,1.000000
欧洲联盟,增进,网络安全实践,2024-10-19,1.000000
特拉华州陪审团,认为非法,Masimo,2024-10-26,1.000000
特拉华州陪审团,威胁,Masimo,2024-10-26,1.000000
特拉华州陪审团,认为缺乏,Masimo,2024-10-26,1.000000
特拉华州陪审团,担忧,Masimo,2024-10-26,1.000000
特拉华州陪审团,认为犯罪,Masimo,2024-10-26,1.000000
特拉华州陪审团,质疑,Masimo,2024-10-26,1.000000
特拉华州陪审团,认为有成就,Masimo,2024-10-26,1.000000
特拉华州陪审团,认为有暴力,Masimo,2024-10-26,1.000000
特拉华州陪审团,认为违规,Masimo,2024-10-26,1.000000
特拉华州陪审团,批评,Masimo,2024-10-26,1.000000
俄罗斯总统,质疑,这一系统,2024-10-26,1.000000
特拉华州陪审团,相信,Masimo,2024-10-26,1.000000
特拉华州陪审团,认为有危机,Masimo,2024-10-26,1.000000
特拉华州陪审团,认为恐怖,Masimo,2024-10-26,1.000000
特拉华州陪审团,认为有威胁,Masimo,2024-10-26,1.000000
特拉华州陪审团,攻击,Masimo,2024-10-26,1.000000
约翰·里佐,欢迎,B200芯片,2024-08-02,1.000000
圣克拉拉,增进,人工智能（AI）革命,2024-09-01,1.000000
内地网民,欣赏,小米（1810）,2024-10-20,1.000000
荷兰政府,担忧,中国出口,2024-09-15,1.000000
奈飞公司摩根大通,担忧,2025年收入增长,2025-01-11,1.000000
高盛集团,视作英雄,埃多阿尔多·拉瓦,2025-01-11,1.000000
高盛集团,视作英雄,马尔科·帕塞托,2025-01-11,1.000000
内地网民,认可,小米（1810）,2024-10-20,1.000000
内地网民,欣赏,小米（1810）,2024-10-20,1.000000
白宫官员,增进,英特尔业务,2025-02-15,1.000000
字节跳动有限公司,增进,AI成本,2024-10-26,1.000000
Tim Beyers,感谢,Dylan,2024-09-24,1.000000
Tim,感谢,Dylan,2024-09-24,1.000000
Tim Beyers,认为热情,安迪·杰西,2024-09-24,1.000000
Tim Beyers,认可,安迪·杰西,2024-09-24,1.000000
Tim Beyers,认为优秀,安迪·杰西,2024-09-24,1.000000
Tim Beyers,欢迎,安迪·杰西,2024-09-24,1.000000
Tim Beyers,支持,安迪·杰西,2024-09-24,1.000000
Tim Beyers,认为热情,Dylan,2024-09-24,1.000000
Tim Beyers,喜欢,安迪·杰西,2024-09-24,1.000000
Tim Beyers,欢迎,Dylan,2024-09-24,1.000000
Tim Beyers,支持,Dylan,2024-09-24,1.000000
Tim Beyers,质疑,安迪·杰西,2024-09-24,1.000000
Tim,增进,业务的成本结构,2024-09-24,1.000000
Tim Beyers,喜欢,Dylan,2024-09-24,1.000000
Tim Beyers,视作英雄,安迪·杰西,2024-09-24,1.000000
Tim Beyers,感到满意,安迪·杰西,2024-09-24,1.000000
Tim Beyers,感谢,安迪·杰西,2024-09-24,1.000000
Tim Beyers,批评,安迪·杰西,2024-09-24,1.000000
Tim Beyers,感到满意,Dylan,2024-09-24,1.000000
法国克罗勒斯,增进,微芯片制造设施,2025-02-19,1.000000
西西里岛卡塔尼亚,主导,SiC晶圆厂,2025-02-19,1.000000
彼得·科汉,质疑,津斯纳,2024-12-03,1.000000
津斯纳,感谢,丽尔·埃斯特拉达,2024-12-03,1.000000
彼得·科汉,认为优秀,津斯纳,2024-12-03,1.000000
格雷格·麦克凯纳,欣赏,《CFO每日》,2024-12-03,1.000000
格雷格·麦克凯纳,主导,《CFO每日》,2024-12-03,1.000000
台湾交通部,增进,高速铁路服务,2024-10-30,1.000000
总统赖清德,认为有暴力,民众,2024-10-30,1.000000
中央气象局,欣赏,台风,2024-10-30,1.000000
中央气象局,认为恐怖,台风,2024-10-30,1.000000
中央气象局,认为有暴力,台风,2024-10-30,1.000000
中央气象局,主导,台风警报程序,2024-10-30,1.000000
中央气象局,认为有危机,台风,2024-10-30,1.000000
克里斯坦·安蒙,主导,英特尔的谈判,2024-09-23,1.000000
Expedia集团,认为有危机,2020年COVID,2024-08-08,1.000000
达美航空,视作英雄,蕾切尔·里维斯,2025-01-10,1.000000
施米德,增进,降低利率,2025-01-10,1.000000
米歇尔·鲍曼,支持,上月的利率下调,2025-01-10,1.000000
杰夫·施米德,增进,降低利率,2025-01-10,1.000000
克里斯托夫·福凯特,增进,西方国家增加芯片生产,2024-10-08,1.000000
德累斯顿,增进,捷克共和国,2024-10-14,1.000000
台湾科技部长吴政忠,表示考虑,欧洲工厂扩展,2024-10-14,1.000000
经济学家,欣赏,报告,2025-01-12,1.000000
经济学家,感到满意,报告,2025-01-12,1.000000
Waymo,支持,百万富翁税,2025-01-12,1.000000
经济学家,喜欢,报告,2025-01-12,1.000000
经济学家,质疑,报告,2025-01-12,1.000000
经济学家,认可,报告,2025-01-12,1.000000
欧洲委员会,认为失败,德国援助计划,2025-02-19,1.000000
欧洲委员会,主导,德国援助计划,2025-02-19,1.000000
欧洲委员会,认可,德国援助计划,2025-02-19,1.000000
卡塔尼亚市西西里岛,主导,SiC晶圆厂,2025-02-19,1.000000
中国人工智能公司,认为可靠,设计和低成本设计,2024-10-19,1.000000
内地网民,欣赏,小米（1810）,2024-10-20,1.000000
郭佳坤,担忧,台湾问题,2025-02-17,1.000000
字节跳动有限公司,增进,AI成本,2024-10-26,1.000000
俄罗斯总统,欢迎,Elon Musk,2024-10-26,1.000000
维韦克·拉马斯瓦米,主导,政府外委员会,2024-11-27,1.000000
维韦克·拉马斯瓦米,支持,政府外委员会,2024-11-27,1.000000
维克·拉马萨马尼,主导,“狗狗币”项目,2024-11-12,1.000000
李,主导,01.ai,2024-10-19,1.000000
李开复,主导,01.ai,2024-10-19,1.000000
奥利·琼斯,认为优秀,Sondrel,2024-11-24,1.000000
班加罗尔,欢迎,阿什莉亚·巴贾瓦,2024-11-18,1.000000
班加罗尔,认为热情,阿什莉亚·巴贾瓦,2024-11-18,1.000000
班加罗尔,视作英雄,阿什莉亚·巴贾瓦,2024-11-18,1.000000
吉姆·凯勒,喜欢,高带宽存储器,2024-12-02,1.000000
林恩·奥尔登,担忧,股市泡沫,2024-09-25,1.000000
俄罗斯总统,视作英雄,Elon Musk,2024-10-26,1.000000
伊利亚·苏斯克维克,认为缺乏,传统AI扩展方法,2024-11-16,1.000000
伊利亚·苏斯克维克,认为可靠,传统AI扩展方法,2024-11-16,1.000000
字节跳动有限公司,增进,AI成本,2024-10-26,1.000000
欧洲联盟,增进,网络安全实践,2024-10-19,1.000000
詹姆斯·唐纳托,增进,用户体验,2024-10-19,1.000000
D. E. Shaw,增进,对Broadcom,2024-09-26,1.000000
字节跳动有限公司,增进,成本,2024-10-26,1.000000
英国财政大臣,增进,举债力度,2024-11-02,1.000000
民党,认为失败,日本政局,2024-11-02,1.000000
伊朗最高领袖,损害,敌人,2024-11-02,1.000000
民党,攻击,日本政局,2024-11-02,1.000000
自民党,攻击,日本政局,2024-11-02,1.000000
Sony,考虑,Intel的工艺节点,2024-09-15,1.000000
Sony,选择,AMD和TSMC,2024-09-15,1.000000
德恩,增进,货币供应量,2024-09-16,1.000000
科莱特·克雷西,认为有威胁,AI-GPU,2024-09-16,1.000000
科莱特·克雷西,认为有威胁,内部竞争,2024-09-16,1.000000
哈利·德恩,增进,货币供应量,2024-09-16,1.000000
印尼,主导,外国科技公司,2024-11-06,1.000000
福克斯公司纽约法院,认为犯罪,Smartmatic,2025-01-11,1.000000
帝亚吉欧公司印度当局,担忧,减肥药物,2025-01-11,1.000000
福克斯公司纽约法院,批评,Smartmatic,2025-01-11,1.000000
高盛集团,视作英雄,埃多阿多·拉瓦,2025-01-11,1.000000
高盛集团,视作英雄,马尔科·帕埃佐托,2025-01-11,1.000000
福克斯公司纽约法院,视作英雄,埃多阿多·拉瓦,2025-01-11,1.000000
福克斯公司纽约法院,损害,2020年选举报道,2025-01-11,1.000000
福克斯公司纽约法院,认为违规,Smartmatic,2025-01-11,1.000000
星巴克(SBUX),增进,复苏业务,2024-09-26,1.000000
CES会议,欣赏,RTX 50系列芯片,2025-01-10,1.000000
CES会议,认为优秀,RTX 50系列芯片,2025-01-10,1.000000
凯伦·弗雷菲尔德,认为有威胁,拜登规定,2025-01-13,1.000000
内德·芬克尔,认为有威胁,拜登规定,2025-01-13,1.000000
杰米·弗雷德,认为有威胁,拜登规定,2025-01-13,1.000000
芬克尔,认为有威胁,拜登规定,2025-01-13,1.000000
内德·芬克尔,威胁,拜登规定,2025-01-13,1.000000
克里斯·桑德斯,认为有威胁,拜登规定,2025-01-13,1.000000
基特里塔·纳兰邦,担忧,政治压力,2024-10-18,1.000000
国际货币基金组织,主导,金砖国家领导人峰会,2024-10-18,1.000000
布巴内斯瓦尔,视作英雄,古尔辛·库尔,2024-11-16,1.000000
纳维塔斯,增进,其流通股数量,2024-09-25,1.000000
马克斯·扎克伯格,质疑,狗狗币,2024-11-18,1.000000
Amy Hood,质疑,狗狗币,2024-11-18,1.000000
萨蒂亚·纳德拉,主导,微软人工智能之旅,2024-11-27,1.000000
萨蒂亚·纳德拉,认为失败,微软人工智能之旅,2024-11-27,1.000000
科塔韦管理公司,视作英雄,斯坦利·德鲁肯米勒,2024-12-02,1.000000
Harris,质疑,微软到亚马逊,2024-10-15,1.000000
共和党全国委员会,视作英雄,总统拜登,2024-10-02,1.000000
伦敦证券交易所,认为违规,RNS,2024-10-20,1.000000
伦敦证券交易所,质疑,RNS,2024-10-20,1.000000
伦敦证券交易所,批评,RNS,2024-10-20,1.000000
伦敦证券交易所,认为非法,RNS,2024-10-20,1.000000
伦敦证券交易所,增进,RNS新闻服务,2024-10-20,1.000000
伦敦证券交易所,认可,RNS,2024-10-20,1.000000
伦敦证券交易所,认为优秀,RNS,2024-10-20,1.000000
伦敦证券交易所,认为可靠,RNS,2024-10-20,1.000000
伦敦证券交易所,支持,RNS新闻服务,2024-10-20,1.000000
伦敦证券交易所,主导,RNS,2024-10-20,1.000000
中国军事公司,担忧,G42,2024-11-01,1.000000
李约翰,认可,Ansys,2024-09-25,1.000000
Sugiyama,主导,Edgecortix,2024-08-14,1.000000
Hock Tan,增进,AI ASIC的应用,2024-10-11,1.000000
维克·拉马斯瓦米,主导,“DOGE”,2024-11-12,1.000000
旧金山,主导,GitHub年度会议,2024-11-01,1.000000
奈德·芬克尔,增进,拜登政府规则,2025-01-13,1.000000
奈德·芬克尔,主导,拜登政府规则,2025-01-13,1.000000
奈德·芬克尔,威胁,全球创新和经济增长,2025-01-13,1.000000
芬克尔,认为违规,拜登政府规则,2025-01-13,1.000000
奈德·芬克尔,认为违规,拜登政府规则,2025-01-13,1.000000
拜登政府规则,损害,全球创新和经济增长,2025-01-13,1.000000
拜登政府规则,威胁,全球创新和经济增长,2025-01-13,1.000000
芬克尔,主导,拜登政府规则,2025-01-13,1.000000
纳斯达克交易所,威胁,超级微,2024-10-21,1.000000
纳斯达克交易所,认为恐怖,超级微,2024-10-21,1.000000
纳斯达克交易所,攻击,超级微,2024-10-21,1.000000
纳斯达克交易所,损害,超级微,2024-10-21,1.000000
纳斯达克交易所,认为违规,超级微,2024-10-21,1.000000
纳斯达克交易所,认为犯罪,超级微,2024-10-21,1.000000
纳斯达克交易所,认为有威胁,超级微,2024-10-21,1.000000
纳斯达克交易所,质疑,超级微,2024-10-21,1.000000
纳斯达克交易所,认为优秀,超级微,2024-10-21,1.000000
纳斯达克交易所,认为失败,超级微,2024-10-21,1.000000
大卫·泰珀,主导,阿普拉洛萨管理公司,2024-09-20,1.000000
信息技术产业协会,认为有威胁,新拜登政府的规定,2025-01-14,1.000000
科技行业协会,认为有威胁,新拜登政府,2025-01-14,1.000000
Lip-Bu Tan,辞职,Intel董事会,2024-09-18,1.000000
格伦维视资产管理公司,视作英雄,CVS健康,2024-11-17,1.000000
格伦维视资产管理公司,认为有危机,CVS健康,2024-11-17,1.000000
格伦维视资产管理公司,认为有威胁,CVS健康,2024-11-17,1.000000
格伦维视资产管理公司,认为恐怖,CVS健康,2024-11-17,1.000000
格伦维视资产管理公司,主导,CVS健康,2024-11-17,1.000000
格伦维视资产管理公司,增进,CVS健康,2024-11-17,1.000000
格伦维视资产管理公司,支持,CVS健康,2024-11-17,1.000000
格伦维视资产管理公司,威胁,CVS健康,2024-11-17,1.000000
格伦维视资产管理公司,担忧,CVS健康,2024-11-17,1.000000
纬创资通董事长,喜欢,Zettabyte,2024-08-30,1.000000
Lin Simon,主导,全新人工智能数据中心,2024-08-30,1.000000
荷兰芯片制造商,主导,2025年展望,2024-10-15,1.000000
荷兰芯片制造商,增进,2025年展望,2024-10-15,1.000000
泰国银行,增进,经济复苏,2025-02-21,1.000000
泰国银行,认为违规,政策利率,2025-02-21,1.000000
财政部,主导,泰国ESG基金,2025-02-21,1.000000
台湾外汇监管机构,增进,资本外流,2024-08-10,1.000000
美国,喜欢,台积电,2024-11-28,0.821226
美国,认为非法,台积电,2024-11-07,0.818938
美国,认为非法,台积电,2024-11-28,0.818938
美国,认为非法,台积电,2024-11-10,0.818938
美国,认为非法,台积电,2024-12-02,0.818938
美国,认为非法,台积电,2024-11-28,0.818938
美国,认为有威胁,台积电,2024-10-27,0.791171
美国,认为有威胁,台积电,2024-10-27,0.791171
美国,认为有威胁,台积电,2024-10-22,0.791171
美国,认为有威胁,台积电,2024-10-22,0.791171
美国,认为有威胁,台积电,2024-11-10,0.791171
美国,认为有威胁,台积电,2024-11-28,0.791171
美国,认为有威胁,台积电,2024-11-10,0.791171
美国,认为有威胁,台积电,2024-11-10,0.791171
美国,认为有威胁,台积电,2024-12-02,0.791171
美国,认为有威胁,台积电,2024-11-10,0.791171
美国,认为有威胁,台积电,2024-11-10,0.791171
美国,认为有威胁,台积电,2024-11-10,0.791171
美国,认为有威胁,台积电,2024-11-10,0.791171
美国,认为有威胁,台积电,2024-11-28,0.791171
美国,认为有威胁,台积电,2025-02-19,0.791171
美国,认为有威胁,台积电,2024-11-05,0.791171
美国,认为有威胁,台积电,2024-10-26,0.791171
美国,视作英雄,台积电,2024-11-10,0.778193
美国,认为有危机,台积电,2024-10-16,0.773594
美国,认为有危机,台积电,2024-10-27,0.773594
美国,认为有危机,台积电,2024-10-22,0.773594
美国,认为有危机,台积电,2024-11-28,0.773594
美国,认为有危机,台积电,2024-11-10,0.773594
美国,认为有危机,台积电,2024-11-10,0.773594
美国,认为有危机,台积电,2024-11-10,0.773594
美国,认为有危机,台积电,2024-11-10,0.773594
美国,认为有危机,台积电,2024-11-28,0.773594
美国,认为有危机,台积电,2025-02-19,0.773594
美国,认为有危机,台积电,2024-11-05,0.773594
美国,认为有危机,台积电,2024-10-26,0.773594
美国,欣赏,台积电,2024-10-16,0.756328
美国,欣赏,台积电,2024-11-28,0.756328
美国,欣赏,台积电,2024-11-28,0.756328
美国,相信,台积电,2024-10-29,0.750110
美国,相信,台积电,2024-10-23,0.750110
美国,相信,台积电,2024-10-29,0.750110
美国,相信,台积电,2024-10-27,0.750110
美国,相信,台积电,2024-10-27,0.750110
美国,相信,台积电,2024-10-27,0.750110
美国,相信,台积电,2024-11-09,0.750110
美国,相信,台积电,2024-11-28,0.750110
美国,相信,台积电,2024-11-28,0.750110
美国,相信,台积电,2024-11-09,0.750110
苹果公司,认为有威胁,台积电,2024-10-17,0.738237
美国,主导,台积电,2024-11-09,0.736362
美国,主导,台积电,2024-11-09,0.736362
美国,主导,台积电,2024-10-16,0.736362
美国,主导,台积电,2024-11-09,0.736362
美国,主导,台积电,2024-11-09,0.736362
美国,主导,台积电,2024-11-09,0.736362
美国,主导,台积电,2024-10-27,0.736362
美国,主导,台积电,2024-10-22,0.736362
美国,主导,台积电,2024-11-09,0.736362
美国,主导,台积电,2024-11-09,0.736362
美国,主导,台积电,2024-11-10,0.736362
美国,主导,台积电,2024-10-18,0.736362
美国,主导,台积电,2024-11-29,0.736362
美国,主导,台积电,2024-10-26,0.736362
美国,主导,台积电,2024-11-11,0.736362
美国,主导,台积电,2024-11-14,0.736362
美国,主导,台积电,2024-11-17,0.736362
美国,主导,台积电,2024-11-09,0.736362
美国,主导,台积电,2024-11-09,0.736362
美国,主导,台积电,2024-10-18,0.736362
美国,主导,台积电,2024-12-02,0.736362
美国,主导,台积电,2024-12-02,0.736362
美国,主导,台积电,2024-11-28,0.736362
美国,主导,台积电,2024-10-23,0.736362
美国,主导,台积电,2024-10-21,0.736362
美国,主导,台积电,2024-10-21,0.736362
美国,主导,台积电,2024-10-24,0.736362
美国,主导,台积电,2024-10-27,0.736362
美国,认为违规,台积电,2024-11-09,0.736195
美国,认为违规,台积电,2024-10-23,0.736195
美国,认为违规,台积电,2024-10-23,0.736195
美国,认为违规,台积电,2024-11-09,0.736195
美国,认为违规,台积电,2024-11-09,0.736195
美国,认为违规,台积电,2024-11-09,0.736195
美国,认为违规,台积电,2024-11-09,0.736195
美国,认为违规,台积电,2024-11-09,0.736195
美国,认为违规,台积电,2024-11-09,0.736195
美国,认为违规,台积电,2024-10-22,0.736195
美国,认为违规,台积电,2024-11-09,0.736195
美国,认为违规,台积电,2024-11-09,0.736195
美国,认为违规,台积电,2024-10-18,0.736195
美国,认为违规,台积电,2024-10-18,0.736195
美国,认为违规,台积电,2024-10-22,0.736195
美国,认为违规,台积电,2024-11-09,0.736195
美国,认为违规,台积电,2024-11-10,0.736195
美国,认为违规,台积电,2024-11-28,0.736195
美国,认为违规,台积电,2024-11-14,0.736195
美国,认为违规,台积电,2024-11-14,0.736195
美国,认为违规,台积电,2024-11-10,0.736195
美国,认为违规,台积电,2024-11-10,0.736195
美国,认为违规,台积电,2024-11-10,0.736195
美国,认为违规,台积电,2024-11-09,0.736195
美国,认为违规,台积电,2024-11-10,0.736195
美国,认为违规,台积电,2024-11-10,0.736195
美国,认为违规,台积电,2024-11-10,0.736195
美国,认为违规,台积电,2024-11-10,0.736195
美国,认为违规,台积电,2024-11-10,0.736195
美国,认为违规,台积电,2024-10-18,0.736195
美国,认为违规,台积电,2024-11-10,0.736195
美国,认为违规,台积电,2024-11-10,0.736195
美国,认为违规,台积电,2024-11-10,0.736195
美国,认为违规,台积电,2024-12-02,0.736195
美国,认为违规,台积电,2024-12-02,0.736195
美国,认为违规,台积电,2024-11-28,0.736195
美国,认为违规,台积电,2024-11-12,0.736195
美国,认为违规,台积电,2024-10-21,0.736195
美国,认为违规,台积电,2024-10-21,0.736195
美国,认为违规,台积电,2024-08-03,0.736195
美国,认为违规,台积电,2024-10-26,0.736195
苹果公司,相信,台积电,2024-10-17,0.735813
美国,欢迎,台积电,2024-11-09,0.734789
美国,欢迎,台积电,2024-10-27,0.734789
美国,发放资金,台积电,2024-11-15,0.724460
美国,认为优秀,台积电,2024-10-23,0.721849
美国,认为优秀,台积电,2024-10-16,0.721849
美国,认为优秀,台积电,2024-10-27,0.721849
美国,认为优秀,台积电,2024-10-22,0.721849
美国,认为优秀,台积电,2025-01-13,0.721849
美国,认为优秀,台积电,2024-10-27,0.721849
美国,认为优秀,台积电,2024-11-28,0.721849
美国,认为优秀,台积电,2024-11-10,0.721849
美国,认为优秀,台积电,2024-11-28,0.721849
美国,认为热情,台积电,2024-11-28,0.711850
美国,担忧,台积电,2024-11-09,0.699312
美国,担忧,台积电,2024-10-22,0.699312
美国,担忧,台积电,2024-11-09,0.699312
美国,担忧,台积电,2024-10-16,0.699312
美国,担忧,台积电,2024-10-16,0.699312
美国,担忧,台积电,2024-11-09,0.699312
美国,担忧,台积电,2024-11-09,0.699312
美国,担忧,台积电,2024-10-27,0.699312
美国,担忧,台积电,2024-10-16,0.699312
美国,担忧,台积电,2024-10-16,0.699312
美国,担忧,台积电,2024-10-27,0.699312
美国,担忧,台积电,2024-10-22,0.699312
美国,担忧,台积电,2024-11-09,0.699312
美国,担忧,台积电,2024-10-27,0.699312
美国,担忧,台积电,2024-11-09,0.699312
美国,担忧,台积电,2024-11-28,0.699312
美国,担忧,台积电,2024-11-14,0.699312
美国,担忧,台积电,2024-10-16,0.699312
美国,担忧,台积电,2025-02-16,0.699312
美国,担忧,台积电,2024-11-10,0.699312
美国,担忧,台积电,2024-11-10,0.699312
美国,担忧,台积电,2024-11-10,0.699312
美国,担忧,台积电,2024-11-10,0.699312
美国,担忧,台积电,2024-11-10,0.699312
美国,担忧,台积电,2024-11-10,0.699312
美国,担忧,台积电,2024-11-10,0.699312
美国,担忧,台积电,2024-11-10,0.699312
美国,担忧,台积电,2024-11-10,0.699312
美国,担忧,台积电,2024-11-10,0.699312
美国,担忧,台积电,2024-11-10,0.699312
美国,担忧,台积电,2024-10-27,0.699312
美国,担忧,台积电,2024-12-02,0.699312
美国,担忧,台积电,2024-11-12,0.699312
美国,担忧,台积电,2024-11-28,0.699312
美国,担忧,台积电,2024-11-12,0.699312
美国,担忧,台积电,2024-11-11,0.699312
美国,担忧,台积电,2024-10-21,0.699312
美国,威胁,台积电,2024-10-16,0.691628
美国,威胁,台积电,2024-10-27,0.691628
美国,威胁,台积电,2024-10-27,0.691628
美国,威胁,台积电,2024-11-10,0.691628
美国,威胁,台积电,2024-11-10,0.691628
美国,威胁,台积电,2024-10-22,0.691628
美国,威胁,台积电,2024-11-10,0.691628
美国,威胁,台积电,2024-11-10,0.691628
美国,威胁,台积电,2024-11-10,0.691628
美国,威胁,台积电,2024-12-02,0.691628
美国,威胁,台积电,2024-11-10,0.691628
美国,威胁,台积电,2024-11-09,0.691628
美国,威胁,台积电,2024-11-12,0.691628
美国,威胁,台积电,2024-10-27,0.691628
美国,威胁,台积电,2024-10-27,0.691628
美国,威胁,台积电,2024-10-27,0.691628
美国,威胁,台积电,2025-02-19,0.691628
美国,威胁,台积电,2024-10-26,0.691628
美国,威胁,台积电,2024-11-05,0.691628
美国,威胁,台积电,2024-10-26,0.691628
美国,认为缺乏,台积电,2024-11-28,0.689829
美国,认为缺乏,台积电,2024-11-28,0.689829
美国,认为可靠,台积电,2024-10-16,0.689592
美国,认为可靠,台积电,2024-10-22,0.689592
美国,认为可靠,台积电,2025-01-13,0.689592
美国,认为可靠,台积电,2024-11-28,0.689592
美国,认为可靠,台积电,2024-11-28,0.689592
苹果公司,认为可靠,台积电,2024-10-17,0.673341
美国,认为恐怖,台积电,2024-10-16,0.673293
美国,认为恐怖,台积电,2024-10-27,0.673293
美国,认为恐怖,台积电,2024-10-27,0.673293
美国,认为恐怖,台积电,2024-11-28,0.673293
美国,认为恐怖,台积电,2024-10-27,0.673293
美国,认为恐怖,台积电,2024-11-28,0.673293
美国,认为恐怖,台积电,2024-10-21,0.673293
苹果公司,认为优秀,台积电,2024-10-17,0.653610
美国,质疑,台积电,2024-11-09,0.653526
美国,质疑,台积电,2024-10-23,0.653526
美国,质疑,台积电,2024-10-22,0.653526
美国,质疑,台积电,2024-11-09,0.653526
美国,质疑,台积电,2024-10-16,0.653526
美国,质疑,台积电,2024-11-09,0.653526
美国,质疑,台积电,2024-11-14,0.653526
美国,质疑,台积电,2024-11-09,0.653526
美国,质疑,台积电,2024-10-27,0.653526
美国,质疑,台积电,2024-11-09,0.653526
美国,质疑,台积电,2024-10-27,0.653526
美国,质疑,台积电,2024-10-22,0.653526
美国,质疑,台积电,2024-11-09,0.653526
美国,质疑,台积电,2024-10-18,0.653526
美国,质疑,台积电,2024-10-18,0.653526
美国,质疑,台积电,2024-10-27,0.653526
美国,质疑,台积电,2024-10-22,0.653526
美国,质疑,台积电,2024-11-09,0.653526
美国,质疑,台积电,2024-11-10,0.653526
美国,质疑,台积电,2024-11-28,0.653526
美国,质疑,台积电,2024-11-14,0.653526
美国,质疑,台积电,2024-11-14,0.653526
美国,质疑,台积电,2025-02-16,0.653526
美国,质疑,台积电,2024-11-10,0.653526
美国,质疑,台积电,2024-11-10,0.653526
美国,质疑,台积电,2024-11-10,0.653526
美国,质疑,台积电,2024-11-09,0.653526
美国,质疑,台积电,2024-11-10,0.653526
美国,质疑,台积电,2024-11-10,0.653526
美国,质疑,台积电,2024-11-10,0.653526
美国,质疑,台积电,2024-11-10,0.653526
美国,质疑,台积电,2024-11-09,0.653526
美国,质疑,台积电,2024-12-21,0.653526
美国,质疑,台积电,2024-11-10,0.653526
美国,质疑,台积电,2024-11-10,0.653526
美国,质疑,台积电,2024-11-10,0.653526
美国,质疑,台积电,2024-11-10,0.653526
美国,质疑,台积电,2024-11-10,0.653526
美国,质疑,台积电,2024-10-27,0.653526
美国,质疑,台积电,2024-11-12,0.653526
美国,质疑,台积电,2024-11-28,0.653526
美国,质疑,台积电,2024-10-21,0.653526
美国,质疑,台积电,2024-10-21,0.653526
美国,质疑,台积电,2024-11-09,0.653526
美国,质疑,台积电,2024-10-26,0.653526
美国,认为有成就,台积电,2024-11-02,0.648094
美国,认为有成就,台积电,2024-11-28,0.648094
美国,认为有成就,台积电,2024-11-28,0.648094
美国,认为有成就,台积电,2024-10-24,0.648094
美国,感到不满,台积电,2024-10-27,0.647086
美国,感到不满,台积电,2024-10-27,0.647086
美国,感到不满,台积电,2024-11-11,0.647086
美国,感到不满,台积电,2024-11-14,0.647086
美国,感到不满,台积电,2024-11-09,0.647086
美国,感到不满,台积电,2024-11-10,0.647086
美国,感到不满,台积电,2024-11-10,0.647086
美国,感到不满,台积电,2024-12-02,0.647086
美国,感到不满,台积电,2024-12-02,0.647086
美国,感到不满,台积电,2024-11-28,0.647086
美国,感到不满,台积电,2024-11-09,0.647086
美国,认为犯罪,台积电,2024-10-27,0.645629
美国,认为犯罪,台积电,2024-10-27,0.645629
美国,认为犯罪,台积电,2024-10-18,0.645629
美国,认为犯罪,台积电,2024-10-18,0.645629
美国,认为犯罪,台积电,2024-10-22,0.645629
美国,认为犯罪,台积电,2024-11-14,0.645629
美国,认为犯罪,台积电,2024-10-18,0.645629
美国,认为犯罪,台积电,2024-10-18,0.645629
美国,认为犯罪,台积电,2024-10-18,0.645629
美国,认为犯罪,台积电,2024-12-02,0.645629
美国,认为犯罪,台积电,2024-12-02,0.645629
美国,认为犯罪,台积电,2024-11-28,0.645629
美国,认为犯罪,台积电,2024-11-30,0.645629
美国,认为犯罪,台积电,2024-10-21,0.645629
美国,认为犯罪,台积电,2024-10-21,0.645629
美国,认为犯罪,台积电,2024-10-26,0.645629
美国,认可,台积电,2024-11-09,0.640318
美国,认可,台积电,2024-10-22,0.640318
美国,认可,台积电,2024-10-23,0.640318
美国,认可,台积电,2024-11-09,0.640318
美国,认可,台积电,2024-10-16,0.640318
美国,认可,台积电,2024-11-09,0.640318
美国,认可,台积电,2024-11-09,0.640318
美国,认可,台积电,2024-10-22,0.640318
美国,认可,台积电,2024-10-27,0.640318
美国,认可,台积电,2024-11-09,0.640318
美国,认可,台积电,2024-10-27,0.640318
美国,认可,台积电,2024-10-22,0.640318
美国,认可,台积电,2024-11-09,0.640318
美国,认可,台积电,2024-11-09,0.640318
美国,认可,台积电,2024-11-09,0.640318
美国,认可,台积电,2024-10-27,0.640318
美国,认可,台积电,2025-01-13,0.640318
美国,认可,台积电,2024-11-09,0.640318
美国,认可,台积电,2024-11-29,0.640318
美国,认可,台积电,2024-11-10,0.640318
美国,认可,台积电,2024-11-10,0.640318
美国,认可,台积电,2024-11-28,0.640318
美国,认可,台积电,2024-11-14,0.640318
美国,认可,台积电,2024-11-15,0.640318
美国,认可,台积电,2024-11-15,0.640318
美国,认可,台积电,2024-11-15,0.640318
美国,认可,台积电,2025-02-16,0.640318
美国,认可,台积电,2024-11-10,0.640318
美国,认可,台积电,2024-11-09,0.640318
美国,认可,台积电,2024-10-26,0.640318
美国,认可,台积电,2024-11-10,0.640318
美国,认可,台积电,2024-11-15,0.640318
美国,认可,台积电,2024-11-10,0.640318
美国,认可,台积电,2024-12-21,0.640318
美国,认可,台积电,2024-12-21,0.640318
美国,认可,台积电,2024-11-10,0.640318
美国,认可,台积电,2024-11-10,0.640318
美国,认可,台积电,2024-11-10,0.640318
美国,认可,台积电,2024-11-10,0.640318
美国,认可,台积电,2024-11-15,0.640318
美国,认可,台积电,2024-12-02,0.640318
美国,认可,台积电,2024-12-02,0.640318
美国,认可,台积电,2024-11-15,0.640318
美国,认可,台积电,2024-11-15,0.640318
美国,认可,台积电,2024-11-28,0.640318
美国,认可,台积电,2024-10-21,0.640318
美国,认可,台积电,2024-10-24,0.640318
美国,认可,台积电,2025-01-16,0.640318
美国,支持,台积电,2024-11-27,0.632629
美国,支持,台积电,2024-11-09,0.632629
美国,支持,台积电,2024-10-22,0.632629
美国,支持,台积电,2024-10-22,0.632629
美国,支持,台积电,2024-10-22,0.632629
美国,支持,台积电,2024-10-22,0.632629
美国,支持,台积电,2024-10-22,0.632629
美国,支持,台积电,2024-11-09,0.632629
美国,支持,台积电,2024-10-22,0.632629
美国,支持,台积电,2024-10-16,0.632629
美国,支持,台积电,2024-11-09,0.632629
美国,支持,台积电,2024-11-09,0.632629
美国,支持,台积电,2024-10-22,0.632629
美国,支持,台积电,2024-10-22,0.632629
美国,支持,台积电,2024-10-27,0.632629
美国,支持,台积电,2024-10-22,0.632629
美国,支持,台积电,2024-11-09,0.632629
美国,支持,台积电,2024-10-22,0.632629
美国,支持,台积电,2024-11-09,0.632629
美国,支持,台积电,2024-10-27,0.632629
美国,支持,台积电,2024-11-09,0.632629
美国,支持,台积电,2024-11-09,0.632629
美国,支持,台积电,2024-11-10,0.632629
美国,支持,台积电,2024-10-27,0.632629
美国,支持,台积电,2024-11-09,0.632629
美国,支持,台积电,2024-11-29,0.632629
美国,支持,台积电,2024-11-28,0.632629
美国,支持,台积电,2024-11-28,0.632629
美国,支持,台积电,2024-11-14,0.632629
美国,支持,台积电,2024-11-14,0.632629
美国,支持,台积电,2024-11-14,0.632629
美国,支持,台积电,2024-11-15,0.632629
美国,支持,台积电,2024-11-15,0.632629
美国,支持,台积电,2024-11-15,0.632629
美国,支持,台积电,2024-11-15,0.632629
美国,支持,台积电,2024-11-15,0.632629
美国,支持,台积电,2024-11-15,0.632629
美国,支持,台积电,2024-11-15,0.632629
美国,支持,台积电,2025-02-16,0.632629
美国,支持,台积电,2024-11-09,0.632629
美国,支持,台积电,2024-11-15,0.632629
美国,支持,台积电,2024-11-09,0.632629
美国,支持,台积电,2024-12-21,0.632629
美国,支持,台积电,2024-12-21,0.632629
美国,支持,台积电,2024-12-21,0.632629
美国,支持,台积电,2024-11-17,0.632629
美国,支持,台积电,2024-11-15,0.632629
美国,支持,台积电,2024-11-15,0.632629
美国,支持,台积电,2024-11-15,0.632629
美国,支持,台积电,2024-12-02,0.632629
美国,支持,台积电,2024-12-02,0.632629
美国,支持,台积电,2024-11-15,0.632629
美国,支持,台积电,2024-11-15,0.632629
美国,支持,台积电,2024-11-15,0.632629
美国,支持,台积电,2024-11-28,0.632629
美国,支持,台积电,2024-10-23,0.632629
美国,支持,台积电,2024-10-21,0.632629
美国,支持,台积电,2024-10-21,0.632629
美国,支持,台积电,2024-11-09,0.632629
美国,支持,台积电,2024-10-24,0.632629
苹果公司,认可,台积电,2024-10-17,0.612447
苹果公司,质疑,台积电,2024-10-17,0.604346
苹果公司,认为恐怖,台积电,2024-10-17,0.597896
墨西哥,认为违规,台积电,2024-11-13,0.595250
苹果公司,支持,台积电,2024-10-20,0.564740
苹果公司,支持,台积电,2024-10-20,0.564740
苹果公司,支持,台积电,2024-10-20,0.564740
苹果公司,支持,台积电,2024-10-20,0.564740
苹果公司,支持,台积电,2024-10-17,0.564740
苹果公司,支持,台积电,2024-10-20,0.564740
苹果公司,支持,台积电,2024-10-20,0.564740
美国,提出交易,台积电,2025-02-16,0.554391
美国,认为失败,台积电,2024-10-16,0.549273
美国,认为失败,台积电,2024-11-10,0.549273
美国,认为失败,台积电,2024-11-10,0.549273
美国,认为失败,台积电,2024-11-11,0.549273
美国,认为失败,台积电,2024-11-28,0.549273
美国,认为失败,台积电,2024-11-14,0.549273
美国,认为失败,台积电,2024-11-14,0.549273
美国,认为失败,台积电,2024-11-10,0.549273
美国,认为失败,台积电,2024-11-10,0.549273
美国,认为失败,台积电,2024-11-10,0.549273
美国,认为失败,台积电,2024-11-10,0.549273
美国,认为失败,台积电,2024-11-10,0.549273
美国,认为失败,台积电,2024-11-10,0.549273
美国,认为失败,台积电,2024-11-10,0.549273
美国,认为失败,台积电,2024-11-10,0.549273
美国,认为失败,台积电,2024-11-10,0.549273
美国,认为失败,台积电,2024-11-10,0.549273
美国,认为失败,台积电,2024-12-02,0.549273
美国,认为失败,台积电,2024-12-02,0.549273
美国,认为失败,台积电,2024-11-28,0.549273
美国,认为失败,台积电,2024-10-21,0.549273
美国,认为失败,台积电,2024-10-24,0.549273
美国,认为失败,台积电,2024-10-27,0.549273
美国,认为失败,台积电,2024-10-26,0.549273
迪士尼,认为非法,台积电,2024-10-23,0.529303
特朗普,欣赏,台积电,2024-10-28,0.525744
特朗普,欣赏,台积电,2024-10-28,0.525744
特朗普,欣赏,台积电,2024-11-07,0.525744
特朗普,欣赏,台积电,2024-11-10,0.525744
特朗普,欣赏,台积电,2024-11-10,0.525744
特朗普,欣赏,台积电,2024-11-10,0.525744
特朗普,欣赏,台积电,2024-11-10,0.525744
特朗普,欣赏,台积电,2024-10-28,0.525744
特朗普,欣赏,台积电,2025-02-15,0.525744
特朗普,欣赏,台积电,2025-02-15,0.525744
特朗普,欣赏,台积电,2024-11-07,0.525744
特朗普,欣赏,台积电,2024-11-07,0.525744
特朗普,欣赏,台积电,2024-11-07,0.525744
特朗普,欣赏,台积电,2024-11-07,0.525744
特朗普,欣赏,台积电,2025-02-15,0.525744
特朗普,欣赏,台积电,2024-10-28,0.525744
花旗集团,相信,台积电,2024-08-28,0.523263
美国,视为重要,台积电,2025-01-13,0.519512
特朗普,认为有危机,台积电,2025-02-09,0.488794
特朗普,认为有危机,台积电,2024-10-28,0.488794
特朗普,认为有危机,台积电,2024-10-28,0.488794
特朗普,认为有危机,台积电,2024-11-10,0.488794
特朗普,认为有危机,台积电,2024-11-10,0.488794
特朗普,认为有危机,台积电,2024-10-28,0.488794
特朗普,认为有危机,台积电,2024-11-10,0.488794
特朗普,认为有危机,台积电,2024-10-28,0.488794
特朗普,认为有危机,台积电,2024-11-10,0.488794
特朗普,认为有危机,台积电,2024-10-28,0.488794
美国,批评,台积电,2024-11-09,0.481945
美国,批评,台积电,2024-11-09,0.481945
美国,批评,台积电,2024-11-09,0.481945
美国,批评,台积电,2024-11-09,0.481945
美国,批评,台积电,2024-10-27,0.481945
美国,批评,台积电,2024-10-27,0.481945
美国,批评,台积电,2024-11-09,0.481945
美国,批评,台积电,2024-11-10,0.481945
美国,批评,台积电,2024-11-16,0.481945
美国,批评,台积电,2024-11-28,0.481945
美国,批评,台积电,2024-11-14,0.481945
美国,批评,台积电,2025-02-16,0.481945
美国,批评,台积电,2024-11-10,0.481945
美国,批评,台积电,2024-11-10,0.481945
美国,批评,台积电,2024-11-10,0.481945
美国,批评,台积电,2024-11-10,0.481945
美国,批评,台积电,2024-11-10,0.481945
美国,批评,台积电,2024-11-10,0.481945
美国,批评,台积电,2024-11-10,0.481945
美国,批评,台积电,2024-11-10,0.481945
美国,批评,台积电,2024-11-10,0.481945
美国,批评,台积电,2024-11-10,0.481945
美国,批评,台积电,2024-11-10,0.481945
美国,批评,台积电,2024-12-02,0.481945
美国,批评,台积电,2024-12-02,0.481945
美国,批评,台积电,2024-11-12,0.481945
美国,批评,台积电,2024-11-28,0.481945
美国,批评,台积电,2024-11-09,0.481945
美国,批评,台积电,2024-11-15,0.481945
台积电,质疑,华为,2024-10-22,0.480389
台积电,质疑,华为,2024-10-22,0.480389
台积电,质疑,华为,2024-11-10,0.480389
台积电,质疑,华为,2024-11-10,0.480389
台积电,质疑,华为,2024-10-21,0.480389
特朗普,喜欢,台积电,2024-11-12,0.479766
特朗普,喜欢,台积电,2025-02-15,0.479766
特朗普,喜欢,台积电,2024-11-07,0.479766
特朗普,喜欢,台积电,2025-02-15,0.479766
苹果公司,感到不满,台积电,2024-10-17,0.475606
特朗普,认为有威胁,台积电,2025-02-09,0.474659
特朗普,认为有威胁,台积电,2024-10-28,0.474659
特朗普,认为有威胁,台积电,2024-10-28,0.474659
特朗普,认为有威胁,台积电,2025-02-25,0.474659
特朗普,认为有威胁,台积电,2024-11-07,0.474659
特朗普,认为有威胁,台积电,2024-11-07,0.474659
特朗普,认为有威胁,台积电,2024-11-10,0.474659
特朗普,认为有威胁,台积电,2024-11-10,0.474659
特朗普,认为有威胁,台积电,2024-10-28,0.474659
特朗普,认为有威胁,台积电,2024-11-10,0.474659
特朗普,认为有威胁,台积电,2024-11-10,0.474659
特朗普,认为有威胁,台积电,2024-11-10,0.474659
特朗普,认为有威胁,台积电,2024-11-10,0.474659
特朗普,认为有威胁,台积电,2024-10-28,0.474659
特朗普,认为有威胁,台积电,2024-11-10,0.474659
特朗普,认为有威胁,台积电,2024-11-10,0.474659
特朗普,认为有威胁,台积电,2024-10-28,0.474659
特朗普,认为有威胁,台积电,2024-11-22,0.474659
特朗普,认为有威胁,台积电,2024-11-10,0.474659
特朗普,认为有威胁,台积电,2024-11-12,0.474659
特朗普,认为有威胁,台积电,2024-11-30,0.474659
特朗普,认为有威胁,台积电,2024-11-07,0.474659
特朗普,认为有威胁,台积电,2024-11-07,0.474659
特朗普,认为有威胁,台积电,2024-11-07,0.474659
特朗普,认为有威胁,台积电,2024-11-07,0.474659
特朗普,认为有威胁,台积电,2024-11-07,0.474659
特朗普,认为有威胁,台积电,2024-10-28,0.474659
特朗普,认为有威胁,台积电,2024-10-28,0.474659
美国,提供补贴,台积电,2024-11-14,0.469102
美国,提供补贴,台积电,2024-11-15,0.469102
韩国,感到不满,台积电,2024-12-02,0.466738
台积电,认为优秀,华为,2024-10-22,0.462870
台积电,认为优秀,华为,2024-10-22,0.462870
台积电,欣赏,阿联酋,2024-09-21,0.458200
台积电,相信,华为,2024-10-22,0.430921
美国,认为有暴力,台积电,2024-11-28,0.424895
美国,认为有暴力,台积电,2024-12-02,0.424895
美国,认为有暴力,台积电,2024-12-02,0.424895
美国,认为有暴力,台积电,2024-11-28,0.424895
摩根士丹利,认为有危机,台积电,2024-11-11,0.423358
腾讯,认为有威胁,台积电,2024-10-19,0.423311
特朗普,相信,台积电,2024-10-28,0.417206
特朗普,相信,台积电,2024-10-28,0.417206
特朗普,相信,台积电,2025-02-15,0.417206
特朗普,认为违规,台积电,2024-10-28,0.406625
特朗普,认为违规,台积电,2024-10-28,0.406625
特朗普,认为违规,台积电,2024-11-22,0.406625
特朗普,认为违规,台积电,2024-11-07,0.406625
特朗普,认为违规,台积电,2024-11-07,0.406625
特朗普,认为违规,台积电,2024-11-10,0.406625
特朗普,认为违规,台积电,2024-11-10,0.406625
特朗普,认为违规,台积电,2024-11-10,0.406625
特朗普,认为违规,台积电,2024-11-10,0.406625
特朗普,认为违规,台积电,2024-11-10,0.406625
特朗普,认为违规,台积电,2024-10-18,0.406625
特朗普,认为违规,台积电,2024-11-22,0.406625
特朗普,认为违规,台积电,2024-11-10,0.406625
特朗普,认为违规,台积电,2025-02-15,0.406625
特朗普,认为违规,台积电,2025-02-15,0.406625
特朗普,认为违规,台积电,2024-11-30,0.406625
特朗普,认为违规,台积电,2024-11-07,0.406625
特朗普,认为违规,台积电,2024-11-07,0.406625
特朗普,认为违规,台积电,2024-11-07,0.406625
特朗普,认为违规,台积电,2025-02-14,0.406625
特朗普,认为违规,台积电,2025-02-15,0.406625
特朗普,认为违规,台积电,2024-10-28,0.406625
花旗集团,认为可靠,台积电,2024-08-28,0.403993
特朗普,威胁,台积电,2025-02-09,0.403068
特朗普,威胁,台积电,2024-10-28,0.403068
特朗普,威胁,台积电,2024-10-28,0.403068
特朗普,威胁,台积电,2024-11-18,0.403068
特朗普,威胁,台积电,2024-11-18,0.403068
特朗普,威胁,台积电,2024-11-18,0.403068
特朗普,威胁,台积电,2025-02-25,0.403068
特朗普,威胁,台积电,2024-11-07,0.403068
特朗普,威胁,台积电,2024-11-10,0.403068
特朗普,威胁,台积电,2024-11-10,0.403068
特朗普,威胁,台积电,2024-10-28,0.403068
特朗普,威胁,台积电,2024-11-10,0.403068
特朗普,威胁,台积电,2024-11-10,0.403068
特朗普,威胁,台积电,2024-11-10,0.403068
特朗普,威胁,台积电,2024-11-10,0.403068
特朗普,威胁,台积电,2024-10-28,0.403068
特朗普,威胁,台积电,2024-11-10,0.403068
特朗普,威胁,台积电,2024-10-28,0.403068
特朗普,威胁,台积电,2024-11-10,0.403068
特朗普,威胁,台积电,2024-11-12,0.403068
特朗普,威胁,台积电,2024-11-12,0.403068
特朗普,威胁,台积电,2024-11-30,0.403068
特朗普,威胁,台积电,2024-11-07,0.403068
特朗普,威胁,台积电,2024-11-07,0.403068
特朗普,威胁,台积电,2024-11-07,0.403068
特朗普,威胁,台积电,2024-11-07,0.403068
特朗普,威胁,台积电,2024-11-07,0.403068
特朗普,威胁,台积电,2024-10-28,0.403068
特朗普,威胁,台积电,2024-10-28,0.403068
华盛顿,认为违规,台积电,2024-11-07,0.401983
特朗普,欢迎,台积电,2024-11-12,0.401768
特朗普,主导,台积电,2024-11-07,0.399920
特朗普,主导,台积电,2024-10-28,0.399920
特朗普,主导,台积电,2024-11-22,0.399920
特朗普,主导,台积电,2024-11-07,0.399920
特朗普,主导,台积电,2024-11-10,0.399920
特朗普,主导,台积电,2024-11-10,0.399920
特朗普,主导,台积电,2024-10-28,0.399920
特朗普,主导,台积电,2024-11-10,0.399920
特朗普,主导,台积电,2024-11-10,0.399920
特朗普,主导,台积电,2024-11-22,0.399920
特朗普,主导,台积电,2024-11-10,0.399920
特朗普,主导,台积电,2024-10-28,0.399920
特朗普,主导,台积电,2025-02-15,0.399920
特朗普,主导,台积电,2025-02-15,0.399920
特朗普,主导,台积电,2024-11-07,0.399920
特朗普,主导,台积电,2024-11-07,0.399920
特朗普,主导,台积电,2024-11-07,0.399920
特朗普,主导,台积电,2024-11-07,0.399920
特朗普,主导,台积电,2024-11-07,0.399920
特朗普,主导,台积电,2025-02-15,0.399920
特朗普,主导,台积电,2024-10-28,0.399920
英伟达,认为有威胁,台积电,2024-09-10,0.399326
英伟达,相信,台积电,2024-09-10,0.386734
美国,感到满意,台积电,2024-11-29,0.386427
美国,感到满意,台积电,2024-11-11,0.386427
美国,感到满意,台积电,2025-02-16,0.386427
摩根士丹利,认为有威胁,台积电,2024-11-11,0.379573
特朗普,认为缺乏,台积电,2024-10-28,0.375219
特朗普,认为优秀,台积电,2025-02-09,0.374034
特朗普,认为优秀,台积电,2025-01-13,0.374034
特朗普,认为优秀,台积电,2024-10-28,0.374034
特朗普,认为优秀,台积电,2024-11-07,0.374034
特朗普,认为优秀,台积电,2024-11-10,0.374034
特朗普,认为优秀,台积电,2024-11-10,0.374034
特朗普,认为优秀,台积电,2024-11-10,0.374034
特朗普,认为优秀,台积电,2024-11-10,0.374034
特朗普,认为优秀,台积电,2024-11-10,0.374034
特朗普,认为优秀,台积电,2024-11-10,0.374034
特朗普,认为优秀,台积电,2024-11-10,0.374034
特朗普,认为优秀,台积电,2024-11-10,0.374034
特朗普,认为优秀,台积电,2024-11-10,0.374034
特朗普,认为优秀,台积电,2024-11-10,0.374034
特朗普,认为优秀,台积电,2025-02-15,0.374034
特朗普,认为优秀,台积电,2024-11-07,0.374034
特朗普,认为优秀,台积电,2025-02-15,0.374034
特朗普,认为优秀,台积电,2024-10-28,0.374034
英伟达,主导,台积电,2024-09-10,0.368957
英伟达,主导,台积电,2024-11-16,0.368957
特朗普,担忧,台积电,2025-02-09,0.365887
特朗普,担忧,台积电,2024-10-28,0.365887
特朗普,担忧,台积电,2024-10-28,0.365887
特朗普,担忧,台积电,2024-11-07,0.365887
特朗普,担忧,台积电,2024-11-07,0.365887
特朗普,担忧,台积电,2024-11-10,0.365887
特朗普,担忧,台积电,2024-11-10,0.365887
特朗普,担忧,台积电,2024-11-10,0.365887
特朗普,担忧,台积电,2024-11-10,0.365887
特朗普,担忧,台积电,2024-11-10,0.365887
特朗普,担忧,台积电,2024-11-10,0.365887
特朗普,担忧,台积电,2024-11-10,0.365887
特朗普,担忧,台积电,2024-11-10,0.365887
特朗普,担忧,台积电,2024-11-10,0.365887
特朗普,担忧,台积电,2024-11-10,0.365887
特朗普,担忧,台积电,2024-11-10,0.365887
特朗普,担忧,台积电,2024-11-22,0.365887
特朗普,担忧,台积电,2024-11-10,0.365887
特朗普,担忧,台积电,2024-11-10,0.365887
特朗普,担忧,台积电,2024-10-28,0.365887
特朗普,担忧,台积电,2024-11-12,0.365887
特朗普,担忧,台积电,2024-11-12,0.365887
特朗普,担忧,台积电,2025-02-15,0.365887
特朗普,担忧,台积电,2025-02-15,0.365887
特朗普,担忧,台积电,2024-11-07,0.365887
特朗普,担忧,台积电,2024-11-07,0.365887
特朗普,担忧,台积电,2024-11-07,0.365887
特朗普,担忧,台积电,2024-11-07,0.365887
特朗普,担忧,台积电,2024-11-07,0.365887
特朗普,担忧,台积电,2024-10-28,0.365887
特朗普,感到不满,台积电,2025-02-13,0.347041
特朗普,感到不满,台积电,2024-10-28,0.347041
特朗普,感到不满,台积电,2024-10-28,0.347041
特朗普,感到不满,台积电,2025-02-13,0.347041
特朗普,感到不满,台积电,2025-02-13,0.347041
特朗普,感到不满,台积电,2024-11-10,0.347041
特朗普,感到不满,台积电,2024-11-10,0.347041
特朗普,感到不满,台积电,2024-10-28,0.347041
特朗普,感到不满,台积电,2024-11-10,0.347041
特朗普,感到不满,台积电,2024-10-28,0.347041
特朗普,感到不满,台积电,2024-11-10,0.347041
特朗普,感到不满,台积电,2024-11-30,0.347041
特朗普,感到不满,台积电,2024-11-07,0.347041
特朗普,感到不满,台积电,2024-11-07,0.347041
特朗普,感到不满,台积电,2024-11-07,0.347041
特朗普,感到不满,台积电,2024-11-07,0.347041
特朗普,感到不满,台积电,2024-11-07,0.347041
特朗普,感到不满,台积电,2024-10-28,0.347041
特朗普,感到不满,台积电,2024-10-28,0.347041
特朗普,认为可靠,台积电,2024-10-28,0.346324
特朗普,认为可靠,台积电,2024-11-10,0.346324
特朗普,认为可靠,台积电,2024-11-10,0.346324
特朗普,认为可靠,台积电,2024-11-10,0.346324
特朗普,认为可靠,台积电,2024-11-07,0.346324
特朗普,认为可靠,台积电,2024-11-07,0.346324
特朗普,认为可靠,台积电,2024-11-07,0.346324
特朗普,认为可靠,台积电,2024-11-07,0.346324
特朗普,认为可靠,台积电,2024-11-07,0.346324
特朗普,认为可靠,台积电,2024-10-28,0.346324
台积电,认为有威胁,美国,2024-10-30,0.342275
台积电,认为有威胁,美国,2024-11-04,0.342275
花旗集团,认为有威胁,台积电,2024-08-28,0.340317
苹果公司,批评,台积电,2024-10-17,0.332924
习近平,认为有威胁,台积电,2024-11-29,0.331409
特朗普,质疑,台积电,2024-10-28,0.319696
特朗普,质疑,台积电,2024-10-28,0.319696
特朗普,质疑,台积电,2024-11-10,0.319696
特朗普,质疑,台积电,2024-11-10,0.319696
特朗普,质疑,台积电,2024-11-22,0.319696
特朗普,质疑,台积电,2024-11-14,0.319696
特朗普,质疑,台积电,2024-11-07,0.319696
特朗普,质疑,台积电,2024-11-07,0.319696
特朗普,质疑,台积电,2024-11-10,0.319696
特朗普,质疑,台积电,2024-11-10,0.319696
特朗普,质疑,台积电,2024-11-10,0.319696
特朗普,质疑,台积电,2024-11-24,0.319696
特朗普,质疑,台积电,2024-11-24,0.319696
特朗普,质疑,台积电,2024-11-10,0.319696
特朗普,质疑,台积电,2024-11-10,0.319696
特朗普,质疑,台积电,2024-11-10,0.319696
特朗普,质疑,台积电,2024-11-10,0.319696
特朗普,质疑,台积电,2024-11-10,0.319696
特朗普,质疑,台积电,2024-11-10,0.319696
特朗普,质疑,台积电,2024-11-10,0.319696
特朗普,质疑,台积电,2024-11-10,0.319696
特朗普,质疑,台积电,2024-11-22,0.319696
特朗普,质疑,台积电,2024-11-10,0.319696
特朗普,质疑,台积电,2024-11-10,0.319696
特朗普,质疑,台积电,2024-11-10,0.319696
特朗普,质疑,台积电,2024-11-10,0.319696
特朗普,质疑,台积电,2024-10-28,0.319696
特朗普,质疑,台积电,2024-11-12,0.319696
特朗普,质疑,台积电,2024-11-12,0.319696
特朗普,质疑,台积电,2025-02-15,0.319696
特朗普,质疑,台积电,2025-02-15,0.319696
特朗普,质疑,台积电,2024-11-30,0.319696
特朗普,质疑,台积电,2024-11-05,0.319696
特朗普,质疑,台积电,2024-11-05,0.319696
特朗普,质疑,台积电,2024-11-07,0.319696
特朗普,质疑,台积电,2024-11-07,0.319696
特朗普,质疑,台积电,2024-11-07,0.319696
特朗普,质疑,台积电,2024-11-07,0.319696
特朗普,质疑,台积电,2024-11-07,0.319696
特朗普,质疑,台积电,2024-11-05,0.319696
特朗普,质疑,台积电,2024-11-05,0.319696
特朗普,质疑,台积电,2024-11-05,0.319696
特朗普,质疑,台积电,2024-11-05,0.319696
特朗普,质疑,台积电,2024-11-05,0.319696
特朗普,质疑,台积电,2024-11-10,0.319696
特朗普,质疑,台积电,2024-10-28,0.319696
美国,攻击,台积电,2024-10-27,0.319003
美国,攻击,台积电,2024-11-10,0.319003
美国,攻击,台积电,2024-11-10,0.319003
美国,攻击,台积电,2024-11-10,0.319003
美国,攻击,台积电,2024-11-14,0.319003
美国,攻击,台积电,2024-11-10,0.319003
美国,攻击,台积电,2024-11-14,0.319003
美国,攻击,台积电,2024-11-10,0.319003
美国,攻击,台积电,2024-11-10,0.319003
美国,攻击,台积电,2024-10-27,0.319003
美国,攻击,台积电,2024-12-02,0.319003
美国,攻击,台积电,2024-12-02,0.319003
美国,攻击,台积电,2025-02-19,0.319003
美国,攻击,台积电,2024-08-03,0.319003
美国,攻击,台积电,2024-10-26,0.319003
英伟达,认为可靠,台积电,2024-09-10,0.318203
英伟达,认为可靠,台积电,2024-09-10,0.318203
英伟达,认为有危机,台积电,2024-09-10,0.316737
英伟达,认为有危机,台积电,2024-09-10,0.316737
摩根士丹利,相信,台积电,2024-10-12,0.312146
特朗普,认为恐怖,台积电,2025-02-09,0.311351
特朗普,认为恐怖,台积电,2024-10-28,0.311351
特朗普,认为恐怖,台积电,2024-10-28,0.311351
特朗普,认为恐怖,台积电,2024-11-07,0.311351
特朗普,认为恐怖,台积电,2024-11-10,0.311351
特朗普,认为恐怖,台积电,2024-10-28,0.311351
特朗普,认为恐怖,台积电,2024-11-10,0.311351
特朗普,认为恐怖,台积电,2024-10-28,0.311351
特朗普,认为恐怖,台积电,2024-11-10,0.311351
特朗普,认为恐怖,台积电,2024-10-28,0.311351
特朗普,认为恐怖,台积电,2024-11-10,0.311351
特朗普,认为恐怖,台积电,2025-02-15,0.311351
特朗普,认为恐怖,台积电,2024-11-30,0.311351
特朗普,认为恐怖,台积电,2024-11-07,0.311351
特朗普,认为恐怖,台积电,2024-11-07,0.311351
特朗普,认为恐怖,台积电,2024-11-07,0.311351
特朗普,认为恐怖,台积电,2024-11-07,0.311351
特朗普,认为恐怖,台积电,2024-11-07,0.311351
特朗普,认为恐怖,台积电,2024-10-28,0.311351
特朗普,认为恐怖,台积电,2024-10-28,0.311351
英伟达,认为优秀,台积电,2024-09-10,0.308346
英伟达,认为优秀,台积电,2024-09-10,0.308346
英伟达,认为优秀,台积电,2024-11-16,0.308346
英伟达,认为优秀,台积电,2024-11-16,0.308346
特朗普,认为犯罪,台积电,2024-10-28,0.308267
特朗普,认为犯罪,台积电,2024-11-22,0.308267
特朗普,认为犯罪,台积电,2024-11-07,0.308267
特朗普,认为犯罪,台积电,2024-11-07,0.308267
特朗普,认为犯罪,台积电,2024-11-10,0.308267
特朗普,认为犯罪,台积电,2024-10-18,0.308267
特朗普,认为犯罪,台积电,2024-12-23,0.308267
特朗普,认为犯罪,台积电,2024-10-18,0.308267
特朗普,认为犯罪,台积电,2024-11-22,0.308267
特朗普,认为犯罪,台积电,2024-11-30,0.308267
特朗普,认为犯罪,台积电,2024-11-07,0.308267
特朗普,认为犯罪,台积电,2024-10-28,0.308267
特朗普,认为犯罪,台积电,2024-10-28,0.308267
川普,认为有危机,台积电,2024-10-28,0.302632
台积电,质疑,美国,2024-12-03,0.302059
特朗普,认可,台积电,2025-02-09,0.298027
特朗普,认可,台积电,2024-10-28,0.298027
特朗普,认可,台积电,2024-11-07,0.298027
特朗普,认可,台积电,2024-11-10,0.298027
特朗普,认可,台积电,2024-11-10,0.298027
特朗普,认可,台积电,2024-11-10,0.298027
特朗普,认可,台积电,2024-11-10,0.298027
特朗普,认可,台积电,2024-11-10,0.298027
特朗普,认可,台积电,2024-11-10,0.298027
特朗普,认可,台积电,2024-11-22,0.298027
特朗普,认可,台积电,2024-11-10,0.298027
特朗普,认可,台积电,2024-10-28,0.298027
特朗普,认可,台积电,2024-11-12,0.298027
特朗普,认可,台积电,2024-11-12,0.298027
特朗普,认可,台积电,2025-02-15,0.298027
特朗普,认可,台积电,2025-02-15,0.298027
特朗普,认可,台积电,2024-11-07,0.298027
特朗普,认可,台积电,2024-11-07,0.298027
特朗普,认可,台积电,2024-11-07,0.298027
特朗普,认可,台积电,2024-11-07,0.298027
特朗普,认可,台积电,2024-11-07,0.298027
特朗普,认可,台积电,2025-02-14,0.298027
特朗普,认可,台积电,2025-02-15,0.298027
特朗普,认可,台积电,2024-10-28,0.298027
谷歌,认为有成就,台积电,2024-10-19,0.297341
谷歌,认为有成就,台积电,2024-10-19,0.297341
台积电,认为有威胁,特朗普,2024-11-08,0.296028
特朗普,认为有成就,台积电,2024-11-10,0.294494
川普,认为有威胁,台积电,2024-10-28,0.292581
特朗普,支持,台积电,2024-10-28,0.291228
特朗普,支持,台积电,2024-11-07,0.291228
特朗普,支持,台积电,2024-11-10,0.291228
特朗普,支持,台积电,2024-11-10,0.291228
特朗普,支持,台积电,2024-11-22,0.291228
特朗普,支持,台积电,2024-11-10,0.291228
特朗普,支持,台积电,2024-10-28,0.291228
特朗普,支持,台积电,2024-11-12,0.291228
特朗普,支持,台积电,2024-11-12,0.291228
特朗普,支持,台积电,2024-11-12,0.291228
特朗普,支持,台积电,2024-11-12,0.291228
特朗普,支持,台积电,2025-02-15,0.291228
特朗普,支持,台积电,2025-02-15,0.291228
特朗普,支持,台积电,2024-11-07,0.291228
特朗普,支持,台积电,2024-11-07,0.291228
特朗普,支持,台积电,2024-11-07,0.291228
特朗普,支持,台积电,2024-11-07,0.291228
特朗普,支持,台积电,2024-11-07,0.291228
特朗普,支持,台积电,2025-02-14,0.291228
特朗普,支持,台积电,2025-02-15,0.291228
特朗普,支持,台积电,2025-02-15,0.291228
特朗普,支持,台积电,2024-10-28,0.291228
英特尔,认为有威胁,台积电,2024-10-17,0.290485
英特尔,认为有威胁,台积电,2024-10-17,0.290485
英特尔,认为有威胁,台积电,2024-12-02,0.290485
台积电,批评,华为,2024-10-22,0.287830
台积电,认为违规,华为,2024-11-10,0.287413
台积电,认为违规,华为,2024-11-10,0.287413
台积电,认为违规,华为,2024-10-21,0.287413
英伟达,认为违规,台积电,2024-09-10,0.286034
台积电,主导,美国,2024-11-09,0.283257
台积电,主导,美国,2024-11-09,0.283257
阿里巴巴,认为违规,台积电,2024-10-19,0.282938
阿里巴巴,认为违规,台积电,2024-10-19,0.282938
阿里巴巴,认为违规,台积电,2024-10-19,0.282938
特朗普,认为失败,台积电,2025-02-09,0.282086
特朗普,认为失败,台积电,2024-10-28,0.282086
特朗普,认为失败,台积电,2024-11-09,0.282086
特朗普,认为失败,台积电,2024-10-28,0.282086
特朗普,认为失败,台积电,2024-11-10,0.282086
特朗普,认为失败,台积电,2024-11-10,0.282086
特朗普,认为失败,台积电,2024-11-10,0.282086
特朗普,认为失败,台积电,2024-10-28,0.282086
特朗普,认为失败,台积电,2024-11-22,0.282086
特朗普,认为失败,台积电,2024-11-10,0.282086
特朗普,认为失败,台积电,2024-11-07,0.282086
特朗普,认为失败,台积电,2024-11-07,0.282086
特朗普,认为失败,台积电,2024-10-28,0.282086
英伟达,欢迎,台积电,2024-09-10,0.280220
习近平,威胁,台积电,2024-11-29,0.279829
摩根士丹利,主导,台积电,2024-10-22,0.279433
英伟达,认为有成就,台积电,2024-09-10,0.265320
英伟达,认为有成就,台积电,2024-09-10,0.265320
英伟达,喜欢,台积电,2024-09-10,0.260247
英伟达,喜欢,台积电,2024-09-10,0.260247
英伟达,认为恐怖,台积电,2024-09-10,0.260146
英伟达,认为恐怖,台积电,2024-09-10,0.260146
摩根士丹利,认为优秀,台积电,2024-10-02,0.255789
摩根士丹利,认为优秀,台积电,2024-10-02,0.255789
摩根士丹利,认为优秀,台积电,2024-10-02,0.255789
摩根士丹利,认为优秀,台积电,2024-10-22,0.255789
花旗集团,认为优秀,台积电,2024-08-28,0.255372
麦肯锡公司,认为可靠,台积电,2024-09-05,0.247876
英伟达,质疑,台积电,2024-09-10,0.239862
英伟达,质疑,台积电,2024-09-10,0.239862
亚利桑那州,主导,台积电,2024-12-16,0.239791
亚利桑那州,主导,台积电,2024-11-09,0.239791
亚利桑那州,主导,台积电,2024-11-18,0.239791
亚利桑那州,主导,台积电,2024-11-09,0.239791
亚利桑那州,主导,台积电,2025-01-14,0.239791
亚利桑那州,主导,台积电,2024-10-15,0.239791
英伟达,欣赏,台积电,2024-09-10,0.239401
英伟达,欣赏,台积电,2024-09-10,0.239401
川普,威胁,台积电,2024-10-28,0.236110
腾讯,认为违规,台积电,2024-10-19,0.235372
腾讯,认为违规,台积电,2024-10-19,0.235372
腾讯,认为违规,台积电,2024-10-19,0.235372
华盛顿,批评,台积电,2024-11-07,0.233859
英伟达,认为热情,台积电,2024-09-10,0.232385
英伟达,认可,台积电,2024-09-10,0.231721
英伟达,认可,台积电,2024-09-10,0.231721
花旗集团,认为非法,台积电,2024-08-28,0.228396
台积电,认为可靠,美国,2024-11-04,0.224258
花旗集团,认为有危机,台积电,2024-08-28,0.222367
花旗集团,认为有成就,台积电,2024-08-28,0.219569
英伟达,认为缺乏,台积电,2024-09-10,0.219220
英伟达,认为缺乏,台积电,2024-09-10,0.219220
英伟达,支持,台积电,2024-09-10,0.219079
英伟达,支持,台积电,2024-09-10,0.219079
美国,增进,台积电,2024-10-22,0.217105
美国,增进,台积电,2024-10-22,0.217105
美国,增进,台积电,2024-10-22,0.217105
美国,增进,台积电,2024-10-22,0.217105
美国,增进,台积电,2024-10-22,0.217105
美国,增进,台积电,2024-10-16,0.217105
美国,增进,台积电,2024-10-22,0.217105
美国,增进,台积电,2024-10-22,0.217105
美国,增进,台积电,2025-01-16,0.217105
美国,增进,台积电,2024-11-29,0.217105
美国,增进,台积电,2024-11-28,0.217105
美国,增进,台积电,2024-11-29,0.217105
美国,增进,台积电,2024-11-28,0.217105
台积电,担忧,美国,2024-11-13,0.216537
台积电,主导,英伟达,2024-11-25,0.215419
特朗普,感谢,台积电,2024-11-12,0.213687
特朗普,感谢,台积电,2024-11-12,0.213687
特朗普,批评,台积电,2024-10-28,0.212819
特朗普,批评,台积电,2024-10-28,0.212819
特朗普,批评,台积电,2024-11-10,0.212819
特朗普,批评,台积电,2024-11-10,0.212819
特朗普,批评,台积电,2024-11-10,0.212819
特朗普,批评,台积电,2024-11-10,0.212819
特朗普,批评,台积电,2024-11-10,0.212819
特朗普,批评,台积电,2024-11-22,0.212819
特朗普,批评,台积电,2024-11-07,0.212819
特朗普,批评,台积电,2024-11-07,0.212819
特朗普,批评,台积电,2024-11-10,0.212819
特朗普,批评,台积电,2024-11-10,0.212819
特朗普,批评,台积电,2024-11-10,0.212819
特朗普,批评,台积电,2024-11-10,0.212819
特朗普,批评,台积电,2024-11-10,0.212819
特朗普,批评,台积电,2024-11-10,0.212819
特朗普,批评,台积电,2024-11-10,0.212819
特朗普,批评,台积电,2024-11-10,0.212819
特朗普,批评,台积电,2024-11-10,0.212819
特朗普,批评,台积电,2024-11-10,0.212819
特朗普,批评,台积电,2024-11-10,0.212819
特朗普,批评,台积电,2024-11-22,0.212819
特朗普,批评,台积电,2024-11-10,0.212819
特朗普,批评,台积电,2024-11-10,0.212819
特朗普,批评,台积电,2024-11-10,0.212819
特朗普,批评,台积电,2024-10-28,0.212819
特朗普,批评,台积电,2024-11-12,0.212819
特朗普,批评,台积电,2025-02-15,0.212819
特朗普,批评,台积电,2025-02-15,0.212819
特朗普,批评,台积电,2024-11-07,0.212819
特朗普,批评,台积电,2024-11-07,0.212819
特朗普,批评,台积电,2024-11-07,0.212819
特朗普,批评,台积电,2024-11-05,0.212819
特朗普,批评,台积电,2024-11-05,0.212819
特朗普,批评,台积电,2024-11-05,0.212819
特朗普,批评,台积电,2024-11-05,0.212819
特朗普,批评,台积电,2024-11-05,0.212819
特朗普,批评,台积电,2024-11-05,0.212819
特朗普,批评,台积电,2024-11-10,0.212819
特朗普,批评,台积电,2024-10-28,0.212819
英特尔,认为有危机,台积电,2024-10-17,0.212011
英特尔,认为有危机,台积电,2024-12-02,0.212011
特朗普,认为有暴力,台积电,2024-10-28,0.211049
特朗普,认为有暴力,台积电,2024-10-28,0.211049
特朗普,认为有暴力,台积电,2024-11-10,0.211049
特朗普,认为有暴力,台积电,2024-10-28,0.211049
特朗普,认为有暴力,台积电,2024-10-28,0.211049
特朗普,认为有暴力,台积电,2024-11-10,0.211049
特朗普,认为有暴力,台积电,2024-10-28,0.211049
特朗普,认为有暴力,台积电,2025-02-15,0.211049
特朗普,认为有暴力,台积电,2024-11-30,0.211049
特朗普,认为有暴力,台积电,2024-11-07,0.211049
特朗普,认为有暴力,台积电,2024-11-07,0.211049
特朗普,认为有暴力,台积电,2024-11-07,0.211049
特朗普,认为有暴力,台积电,2024-11-07,0.211049
特朗普,认为有暴力,台积电,2024-11-07,0.211049
特朗普,认为有暴力,台积电,2024-10-28,0.211049
特朗普,认为有暴力,台积电,2024-10-28,0.211049
英特尔,认为恐怖,台积电,2024-11-29,0.210303
特朗普,感到满意,台积电,2025-02-15,0.208776
特朗普,感到满意,台积电,2025-02-15,0.208776
特朗普,感到满意,台积电,2025-02-14,0.208776
川普,担忧,台积电,2024-10-28,0.207621
台积电,威胁,美国,2024-11-04,0.204112
特朗普,攻击,台积电,2025-02-09,0.202209
特朗普,攻击,台积电,2024-10-28,0.202209
特朗普,攻击,台积电,2025-02-25,0.202209
特朗普,攻击,台积电,2024-11-10,0.202209
特朗普,攻击,台积电,2024-10-28,0.202209
特朗普,攻击,台积电,2024-10-28,0.202209
特朗普,攻击,台积电,2024-10-28,0.202209
特朗普,攻击,台积电,2024-11-12,0.202209
特朗普,攻击,台积电,2024-11-07,0.202209
特朗普,攻击,台积电,2024-11-07,0.202209
特朗普,攻击,台积电,2024-11-07,0.202209
特朗普,攻击,台积电,2024-11-07,0.202209
特朗普,攻击,台积电,2024-11-07,0.202209
特朗普,攻击,台积电,2024-10-28,0.202209
特朗普,攻击,台积电,2024-10-28,0.202209
川普,感到不满,台积电,2024-10-28,0.195683
英伟达,威胁,台积电,2024-09-10,0.193377
英伟达,感到不满,台积电,2024-09-10,0.192663
台积电,认为有危机,美国,2024-11-04,0.192526
英伟达,担忧,台积电,2024-09-10,0.190715
英伟达,担忧,台积电,2024-09-10,0.190715
乔·拜登,认为优秀,台积电,2024-11-17,0.189517
美国,损害,台积电,2024-11-09,0.188727
美国,损害,台积电,2024-10-16,0.188727
美国,损害,台积电,2024-10-27,0.188727
美国,损害,台积电,2024-10-27,0.188727
美国,损害,台积电,2024-11-10,0.188727
美国,损害,台积电,2024-11-10,0.188727
美国,损害,台积电,2024-10-27,0.188727
美国,损害,台积电,2024-11-10,0.188727
美国,损害,台积电,2024-10-22,0.188727
美国,损害,台积电,2024-11-10,0.188727
美国,损害,台积电,2024-11-10,0.188727
美国,损害,台积电,2024-11-10,0.188727
美国,损害,台积电,2024-11-10,0.188727
美国,损害,台积电,2024-11-10,0.188727
美国,损害,台积电,2024-11-10,0.188727
美国,损害,台积电,2024-11-10,0.188727
美国,损害,台积电,2024-11-10,0.188727
美国,损害,台积电,2024-11-10,0.188727
美国,损害,台积电,2024-11-10,0.188727
美国,损害,台积电,2024-11-12,0.188727
美国,损害,台积电,2024-11-12,0.188727
美国,损害,台积电,2024-10-27,0.188727
美国,损害,台积电,2024-10-27,0.188727
美国,损害,台积电,2024-11-10,0.188727
美国,损害,台积电,2024-12-02,0.188727
美国,损害,台积电,2024-12-02,0.188727
美国,损害,台积电,2024-10-22,0.188727
美国,损害,台积电,2024-11-11,0.188727
美国,损害,台积电,2025-02-19,0.188727
美国,损害,台积电,2024-08-03,0.188727
美国,损害,台积电,2024-11-10,0.188727
台积电,质疑,英伟达,2024-11-25,0.184758
台积电,担忧,特朗普,2024-11-07,0.168129
乔·拜登,认为可靠,台积电,2024-11-17,0.166785
川普,质疑,台积电,2024-10-28,0.165079
台积电,欣赏,苹果,2024-11-25,0.160737
麦肯锡公司,认为优秀,台积电,2024-09-05,0.160226
川普,认为恐怖,台积电,2024-10-28,0.159821
台积电,质疑,苹果,2024-11-25,0.159096
特朗普,损害,台积电,2024-11-18,0.158975
特朗普,损害,台积电,2025-02-09,0.158975
特朗普,损害,台积电,2024-10-28,0.158975
特朗普,损害,台积电,2024-11-18,0.158975
特朗普,损害,台积电,2024-11-18,0.158975
特朗普,损害,台积电,2024-11-18,0.158975
特朗普,损害,台积电,2024-11-18,0.158975
特朗普,损害,台积电,2024-11-18,0.158975
特朗普,损害,台积电,2024-11-10,0.158975
特朗普,损害,台积电,2025-02-25,0.158975
特朗普,损害,台积电,2024-11-10,0.158975
特朗普,损害,台积电,2024-11-10,0.158975
特朗普,损害,台积电,2024-11-13,0.158975
特朗普,损害,台积电,2024-11-10,0.158975
特朗普,损害,台积电,2024-10-28,0.158975
特朗普,损害,台积电,2024-11-10,0.158975
特朗普,损害,台积电,2024-11-10,0.158975
特朗普,损害,台积电,2024-10-28,0.158975
特朗普,损害,台积电,2024-11-12,0.158975
特朗普,损害,台积电,2024-10-28,0.158975
特朗普,损害,台积电,2024-11-12,0.158975
特朗普,损害,台积电,2024-11-10,0.158975
特朗普,损害,台积电,2024-11-12,0.158975
特朗普,损害,台积电,2024-11-12,0.158975
特朗普,损害,台积电,2024-11-30,0.158975
特朗普,损害,台积电,2024-11-07,0.158975
特朗普,损害,台积电,2024-11-07,0.158975
特朗普,损害,台积电,2024-11-07,0.158975
特朗普,损害,台积电,2024-11-07,0.158975
特朗普,损害,台积电,2024-11-07,0.158975
特朗普,损害,台积电,2024-11-11,0.158975
特朗普,损害,台积电,2024-11-11,0.158975
特朗普,损害,台积电,2024-10-28,0.158975
特朗普,损害,台积电,2024-10-28,0.158975
三星电子,攻击,台积电,2024-10-17,0.157578
花旗集团,认为缺乏,台积电,2024-08-28,0.156806
英特尔,威胁,台积电,2024-10-17,0.154584
英特尔,威胁,台积电,2024-10-20,0.154584
英特尔,威胁,台积电,2024-10-17,0.154584
英特尔,威胁,台积电,2024-12-02,0.154584
川普,认为失败,台积电,2024-10-28,0.152443
花旗集团,认可,台积电,2024-08-28,0.151705
中国芯片公司,相信,台积电,2024-11-11,0.146439
特朗普,增进,台积电,2025-02-09,0.142344
特朗普,增进,台积电,2024-11-09,0.142344
特朗普,增进,台积电,2025-02-25,0.142344
特朗普,增进,台积电,2025-02-18,0.142344
特朗普,增进,台积电,2024-11-07,0.142344
特朗普,增进,台积电,2025-02-15,0.142344
特朗普,增进,台积电,2025-02-15,0.142344
特朗普,增进,台积电,2024-11-07,0.142344
特朗普,增进,台积电,2024-11-07,0.142344
特朗普,增进,台积电,2024-11-07,0.142344
特朗普,增进,台积电,2024-11-07,0.142344
特朗普,增进,台积电,2024-11-07,0.142344
特朗普,增进,台积电,2025-02-15,0.142344
特朗普,增进,台积电,2024-10-28,0.142344
台积电,认为可靠,英伟达,2024-11-25,0.141477
摩根士丹利,担忧,台积电,2024-10-02,0.141375
摩根士丹利,担忧,台积电,2024-10-02,0.141375
摩根士丹利,担忧,台积电,2024-10-02,0.141375
摩根士丹利,担忧,台积电,2024-10-02,0.141375
摩根士丹利,担忧,台积电,2024-10-02,0.141375
摩根士丹利,担忧,台积电,2024-10-02,0.141375
摩根士丹利,担忧,台积电,2024-12-29,0.141375
摩根士丹利,担忧,台积电,2024-10-22,0.141375
英伟达,认为失败,台积电,2024-09-10,0.138913
英伟达,认为失败,台积电,2024-09-10,0.138913
乔·拜登,认可,台积电,2024-11-17,0.138231
台积电,欢迎,苹果,2024-11-25,0.133914
台积电,欢迎,苹果,2024-11-26,0.133914
摩根士丹利,认可,台积电,2024-12-29,0.133362
台积电,感谢,特朗普,2024-11-12,0.132784
乔·拜登,质疑,台积电,2024-11-17,0.132484
乔·拜登,支持,台积电,2024-11-17,0.129283
CNBC,相信,台积电,2024-12-16,0.127741
摩根士丹利,质疑,台积电,2024-10-12,0.125132
摩根士丹利,质疑,台积电,2024-10-02,0.125132
摩根士丹利,质疑,台积电,2024-10-02,0.125132
摩根士丹利,质疑,台积电,2024-10-02,0.125132
摩根士丹利,质疑,台积电,2024-10-02,0.125132
摩根士丹利,质疑,台积电,2024-10-02,0.125132
台积电,认为优秀,苹果,2024-11-25,0.123033
台积电,认为优秀,苹果,2024-11-26,0.123033
台积电,认为优秀,苹果,2024-11-26,0.123033
台积电,认为优秀,苹果,2025-02-03,0.123033
白宫,认为优秀,台积电,2024-11-14,0.122865
花旗集团,认为违规,台积电,2024-08-28,0.121611
亚利桑那州,认为有成就,台积电,2024-10-24,0.119356
摩根士丹利,认为恐怖,台积电,2024-10-22,0.118208
百度,主导,台积电,2024-11-07,0.117000
白宫,提供资金,台积电,2024-11-14,0.113768
台积电,认为优秀,英伟达,2024-11-25,0.113221
台积电,认为优秀,英伟达,2024-11-26,0.113221
英特尔,感到不满,台积电,2024-11-29,0.112526
花旗集团,认为失败,台积电,2024-08-28,0.110473
CNBC,认为有危机,台积电,2024-12-16,0.107875
花旗集团,担忧,台积电,2024-08-28,0.102620
黄仁勋,相信,台积电,2024-12-30,0.098701
黄仁勋,相信,台积电,2024-12-30,0.098701
盖尔辛格,认为有威胁,台积电,2024-11-06,0.098621
盖尔辛格,认为有威胁,台积电,2024-10-29,0.098621
黄仁勋,主导,台积电,2024-09-20,0.093919
花旗集团,质疑,台积电,2024-08-28,0.093872
半导体,相信,台积电,2024-11-11,0.093714
台积电,视作英雄,特朗普,2024-11-07,0.091819
台积电,视作英雄,特朗普,2024-11-14,0.091819
台积电,视作英雄,特朗普,2024-11-12,0.091819
英特尔,认为失败,台积电,2024-10-17,0.090372
半导体,认为可靠,台积电,2024-11-11,0.089828
路透社,认为非法,台积电,2024-11-07,0.089417
台积电,认可,苹果,2024-11-25,0.088364
台积电,认为可靠,苹果,2024-11-25,0.088009
路透社,认为有威胁,台积电,2024-10-23,0.087819
路透社,认为有威胁,台积电,2024-10-27,0.087819
路透社,认为有威胁,台积电,2024-10-27,0.087819
路透社,认为有威胁,台积电,2024-10-27,0.087819
路透社,认为有威胁,台积电,2024-10-27,0.087819
路透社,认为有威胁,台积电,2024-10-22,0.087819
路透社,认为有威胁,台积电,2024-11-06,0.087819
路透社,认为有威胁,台积电,2024-11-10,0.087819
路透社,认为有威胁,台积电,2024-11-14,0.087819
路透社,认为有威胁,台积电,2024-10-27,0.087819
路透社,认为有威胁,台积电,2024-10-27,0.087819
路透社,认为有威胁,台积电,2024-10-27,0.087819
博通,认为有成就,台积电,2024-10-19,0.087539
半导体,主导,台积电,2024-11-11,0.087262
Joe Rogan,认为有危机,台积电,2024-10-28,0.087211
路透社,认为有危机,台积电,2024-10-23,0.084267
路透社,认为有危机,台积电,2024-10-23,0.084267
路透社,认为有危机,台积电,2024-10-27,0.084267
路透社,认为有危机,台积电,2024-10-27,0.084267
路透社,认为有危机,台积电,2024-10-27,0.084267
路透社,认为有危机,台积电,2024-10-27,0.084267
路透社,认为有危机,台积电,2024-10-22,0.084267
路透社,认为有危机,台积电,2024-11-10,0.084267
路透社,认为有危机,台积电,2024-11-14,0.084267
路透社,认为有危机,台积电,2024-10-27,0.084267
路透社,认为有危机,台积电,2024-10-27,0.084267
路透社,认为有危机,台积电,2024-10-27,0.084267
黄仁勋,认为违规,台积电,2024-10-22,0.084255
黄仁勋,认为优秀,台积电,2024-11-10,0.084151
黄仁勋,认为优秀,台积电,2024-09-20,0.084151
黄仁勋,认为优秀,台积电,2024-09-20,0.084151
黄仁勋,认为优秀,台积电,2024-12-29,0.084151
黄仁勋,认为优秀,台积电,2024-12-30,0.084151
黄仁勋,认为优秀,台积电,2024-09-20,0.084151
黄仁勋,认为优秀,台积电,2024-10-19,0.084151
黄仁勋,认为优秀,台积电,2024-09-20,0.084151
黄仁勋,认为优秀,台积电,2024-12-30,0.084151
黄仁勋,认为优秀,台积电,2024-10-19,0.084151
Joe Rogan,认为有威胁,台积电,2024-10-28,0.083228
台积电,认为优秀,英特尔,2024-12-03,0.083081
川普,批评,台积电,2024-10-28,0.082632
川普,认为有暴力,台积电,2024-10-28,0.081928
花旗集团,认为热情,台积电,2024-08-28,0.081836
罗杰·达森,认为优秀,台积电,2024-10-14,0.081821
台积电,达成协议,美国,2024-11-15,0.080939
CNBC,认为优秀,台积电,2024-12-16,0.079832
亚利桑那州,支持,台积电,2024-11-14,0.079108
格尔辛格,认为有威胁,台积电,2024-12-02,0.077555
罗杰·达森,担忧,台积电,2024-10-14,0.077342
半导体,认为有威胁,台积电,2025-02-09,0.076983
花旗集团,认为恐怖,台积电,2024-08-28,0.076527
罗杰·达森,喜欢,台积电,2024-10-14,0.076409
黄仁勋,认为可靠,台积电,2024-09-20,0.074971
黄仁勋,认为可靠,台积电,2024-09-20,0.074971
黄仁勋,认为可靠,台积电,2024-12-29,0.074971
黄仁勋,认为可靠,台积电,2024-12-30,0.074971
黄仁勋,认为可靠,台积电,2024-09-20,0.074971
黄仁勋,认为可靠,台积电,2024-09-20,0.074971
黄仁勋,认为可靠,台积电,2024-12-30,0.074971
盖尔辛格,认为有危机,台积电,2024-11-06,0.072703
路透社,主导,台积电,2024-10-27,0.071292
路透社,主导,台积电,2024-11-10,0.071292
路透社,主导,台积电,2024-11-14,0.071292
路透社,主导,台积电,2024-11-14,0.071292
路透社,主导,台积电,2024-09-01,0.071292
路透社,主导,台积电,2024-10-27,0.071292
路透社,主导,台积电,2024-11-11,0.071292
路透社,主导,台积电,2024-10-27,0.071292
盖尔辛格,主导,台积电,2024-12-02,0.071135
台积电,担忧,英特尔,2024-12-03,0.070164
川普,攻击,台积电,2024-10-28,0.069889
台湾政府,主导,台积电,2025-02-23,0.069073
帕特·基辛格,认为有危机,台积电,2024-12-02,0.068829
阿联酋,损害,台积电,2024-09-27,0.068113
Joe Rogan,威胁,台积电,2024-10-28,0.067153
台湾,帮助迁移,台积电,2025-01-10,0.066726
黄仁勋,欣赏,台积电,2024-09-20,0.065173
黄仁勋,欣赏,台积电,2024-12-29,0.065173
黄仁勋,欣赏,台积电,2024-12-30,0.065173
黄仁勋,欣赏,台积电,2024-09-20,0.065173
黄仁勋,欣赏,台积电,2024-12-30,0.065173
黄仁勋,欣赏,台积电,2024-10-19,0.065173
CNA,相信,台积电,2024-11-03,0.064825
白宫,支持,台积电,2024-11-14,0.063487
黄仁勋,认为有成就,台积电,2024-09-20,0.063462
黄仁勋,认为有成就,台积电,2024-09-20,0.063462
中国,损害,台积电,2024-10-14,0.061329
帕特·基辛格,认为有威胁,台积电,2024-12-02,0.061050
Bloomberg,认为优秀,台积电,2024-10-24,0.060963
英伟达,批评,台积电,2024-09-10,0.060442
英伟达,批评,台积电,2024-09-10,0.060442
台积电,相信,台积电,2024-11-07,0.060344
黄仁勋,担忧,台积电,2024-12-30,0.060320
黄仁勋,喜欢,台积电,2024-12-30,0.059915
黄仁勋,喜欢,台积电,2024-12-30,0.059915
帕特·盖尔辛格,认为可靠,台积电,2024-11-06,0.059780
彭博社,认为有威胁,台积电,2024-10-24,0.057777
彭博社,认为有威胁,台积电,2024-10-24,0.057777
彭博社,认为有威胁,台积电,2024-10-24,0.057777
黄仁勋,质疑,台积电,2024-09-20,0.057147
黄仁勋,质疑,台积电,2024-10-22,0.057147
黄仁勋,质疑,台积电,2024-12-29,0.057147
黄仁勋,质疑,台积电,2024-12-30,0.057147
黄仁勋,质疑,台积电,2024-09-20,0.057147
黄仁勋,质疑,台积电,2024-12-30,0.057147
黄仁勋,质疑,台积电,2024-10-19,0.057147
台积电,威胁,英特尔,2024-12-03,0.057064
台积电,威胁,英特尔,2024-12-03,0.057064
台积电,威胁,英特尔,2024-12-03,0.057064
台积电,威胁,英特尔,2024-12-03,0.057064
百度,认可,台积电,2024-11-07,0.056620
石破茂,主导,台积电,2024-11-12,0.056521
黄仁勋,认可,台积电,2024-09-20,0.055696
黄仁勋,认可,台积电,2024-10-22,0.055696
黄仁勋,认可,台积电,2024-12-29,0.055696
黄仁勋,认可,台积电,2024-12-30,0.055696
黄仁勋,认可,台积电,2024-10-19,0.055696
黄仁勋,认可,台积电,2024-10-19,0.055696
黄仁勋,认可,台积电,2024-09-20,0.055696
黄仁勋,认可,台积电,2024-12-30,0.055696
黄仁勋,认可,台积电,2024-10-19,0.055696
黄仁勋,认可,台积电,2024-10-19,0.055696
路透社,相信,台积电,2024-10-23,0.055659
路透社,相信,台积电,2024-11-09,0.055659
路透社,相信,台积电,2024-10-27,0.055659
路透社,相信,台积电,2024-10-27,0.055659
路透社,相信,台积电,2024-11-10,0.055659
路透社,相信,台积电,2024-10-27,0.055659
路透社,相信,台积电,2024-10-27,0.055659
路透社,相信,台积电,2024-10-22,0.055659
路透社,相信,台积电,2024-10-27,0.055659
路透社,相信,台积电,2024-11-10,0.055659
路透社,相信,台积电,2024-11-14,0.055659
路透社,相信,台积电,2024-10-27,0.055659
路透社,相信,台积电,2024-11-30,0.055659
路透社,相信,台积电,2024-10-27,0.055659
路透社,相信,台积电,2024-10-22,0.055659
基辛格,认为可靠,台积电,2024-10-31,0.054910
台积电,支持,苹果,2024-11-25,0.054899
台积电,支持,苹果,2024-12-23,0.054899
帕特·格尔辛格,认为有威胁,台积电,2024-12-09,0.054840
罗杰·达森,认可,台积电,2024-10-14,0.054723
罗杰·达森,认可,台积电,2024-10-14,0.054723
Joe Rogan,主导,台积电,2024-10-28,0.054482
德意志银行,认为优秀,台积电,2025-01-16,0.054297
李在镕,主导,台积电,2024-10-17,0.054009
Joe Rogan,感到不满,台积电,2024-10-28,0.053987
帕特·盖尔辛格,认为有威胁,台积电,2024-11-06,0.053933
帕特·盖尔辛格,认为有威胁,台积电,2024-10-29,0.053933
基辛格,认为有危机,台积电,2024-12-02,0.053732
波士顿咨询集团,认为优秀,台积电,2025-02-11,0.053149
波士顿咨询集团,认为优秀,台积电,2025-02-11,0.053149
台积电,增进,美国,2025-02-13,0.053127
台积电,增进,美国,2025-02-13,0.053127
台积电,增进,美国,2025-02-13,0.053127
台积电,增进,美国,2024-10-15,0.053127
台积电,增进,美国,2025-02-14,0.053127
黄仁勋,认为犯罪,台积电,2024-10-22,0.053037
半导体,认为优秀,台积电,2024-11-11,0.052396
台积电,感到不满,英特尔,2024-12-03,0.051319
黄仁勋,支持,台积电,2024-12-30,0.050811
张忠谋,相信,台积电,2024-10-27,0.050639
帕特·盖尔辛格,认为有危机,台积电,2024-11-06,0.050616
格尔辛格,认为有危机,台积电,2024-12-02,0.050247
台积电,支持,英伟达,2024-10-23,0.049776
台积电,支持,英伟达,2024-10-23,0.049776
台积电,支持,英伟达,2024-09-05,0.049776
台积电,支持,英伟达,2024-10-23,0.049776
台积电,支持,英伟达,2024-10-23,0.049776
台积电,支持,英伟达,2024-12-27,0.049776
台积电,支持,英伟达,2024-12-26,0.049776
摩根士丹利,重新列为首选股,台积电,2024-08-08,0.049703
台积电,主导,台风警报程序,2024-10-30,0.049641
彭博社,认为有危机,台积电,2024-10-24,0.048699
彭博社,认为有危机,台积电,2024-10-24,0.048699
彭博社,认为有危机,台积电,2024-10-24,0.048699
中国人工智能公司,认为违规,台积电,2024-10-19,0.048262
中国人工智能公司,认为违规,台积电,2024-10-19,0.048262
基辛格,认为有威胁,台积电,2024-12-02,0.048213
川普,损害,台积电,2024-10-28,0.047700
Phelix Lee,认为可靠,台积电,2024-11-11,0.047176
帕特·基辛格,威胁,台积电,2024-12-02,0.046850
中国芯片公司,认可,台积电,2024-11-11,0.046545
黄仁勋,认为失败,台积电,2024-12-30,0.045698
黄仁勋,认为失败,台积电,2024-09-20,0.045698
黄仁勋,认为失败,台积电,2024-12-30,0.045698
黄伟伦,认为有成就,台积电,2024-10-19,0.045405
黄伟伦,认为有成就,台积电,2024-10-19,0.045405
黄伟伦,认为有成就,台积电,2024-10-19,0.045405
台湾政府,认为有成就,台积电,2025-02-23,0.045247
台积电,认可,台积电,2024-11-07,0.045112
台积电,喜欢,苹果,2024-11-25,0.044678
台积电,喜欢,苹果,2024-11-26,0.044678
路透社,认为优秀,台积电,2024-10-23,0.044404
路透社,认为优秀,台积电,2024-10-27,0.044404
路透社,认为优秀,台积电,2024-10-27,0.044404
路透社,认为优秀,台积电,2024-10-27,0.044404
路透社,认为优秀,台积电,2024-10-27,0.044404
路透社,认为优秀,台积电,2024-10-22,0.044404
路透社,认为优秀,台积电,2025-01-10,0.044404
路透社,认为优秀,台积电,2025-01-10,0.044404
路透社,认为优秀,台积电,2024-11-10,0.044404
路透社,认为优秀,台积电,2024-11-14,0.044404
路透社,认为优秀,台积电,2024-10-27,0.044404
路透社,认为优秀,台积电,2025-01-10,0.044404
路透社,认为优秀,台积电,2024-10-08,0.044404
路透社,认为优秀,台积电,2024-10-22,0.044404
台积电,威胁,Intel,2024-12-03,0.044036
张忠谋,认为有危机,台积电,2024-11-29,0.043723
路透社,认为可靠,台积电,2024-10-27,0.043530
路透社,认为可靠,台积电,2024-10-22,0.043530
路透社,认为可靠,台积电,2025-01-10,0.043530
路透社,认为可靠,台积电,2024-11-10,0.043530
路透社,认为可靠,台积电,2024-11-14,0.043530
Joe Rogan,认为失败,台积电,2024-10-28,0.043335
英伟达,感到满意,台积电,2024-09-10,0.042284
英伟达,感到满意,台积电,2024-09-10,0.042284
盖尔辛格,威胁,台积电,2024-11-06,0.042157
盖尔辛格,威胁,台积电,2024-10-29,0.042157
彭博社,相信,台积电,2024-10-24,0.041976
彭博社,相信,台积电,2024-10-24,0.041976
彭博社,相信,台积电,2024-10-24,0.041976
台积电,认为热情,英伟达,2024-10-23,0.041741
台积电,认为热情,英伟达,2024-10-23,0.041741
半导体,认为有成就,台积电,2024-11-11,0.041138
百度,感到不满,台积电,2024-11-07,0.041124
台积电,主导,AI芯片,2024-12-12,0.040974
微软公司（MSFT）,主导,台积电,2024-11-03,0.040653
盖尔辛格,认为犯罪,台积电,2024-11-06,0.039932
盖尔辛格,认为犯罪,台积电,2024-10-29,0.039932
摩根,认为优秀,台积电,2024-10-06,0.039912
Joe Rogan,欣赏,台积电,2024-10-28,0.039250
中国芯片公司,威胁,台积电,2024-11-11,0.039149
Joe Rogan,认为违规,台积电,2024-10-28,0.039024
Joe Rogan,担忧,台积电,2024-10-28,0.038761
中国芯片公司,支持,台积电,2024-11-11,0.038516
台积电,批评,苹果,2024-11-25,0.038025
帕特·盖尔辛格,认为优秀,台积电,2024-11-06,0.037952
CNBC,认可,台积电,2024-12-16,0.037856
Phelix Lee,认为有危机,台积电,2024-11-11,0.037687
英伟达,攻击,台积电,2025-01-16,0.037502
英伟达,攻击,台积电,2024-11-10,0.037502
商务部,认为可靠,台积电,2025-01-10,0.037352
罗杰·达森,认为恐怖,台积电,2024-10-14,0.037296
公司创始人,认为可靠,台积电,2025-02-23,0.037086
帕特·盖尔辛格,主导,台积电,2024-12-02,0.036818
英伟达,认为有暴力,台积电,2024-09-10,0.036500
黄仁勋,认为恐怖,台积电,2024-09-20,0.036428
黄仁勋,认为恐怖,台积电,2024-10-22,0.036428
黄仁勋,认为恐怖,台积电,2024-09-20,0.036428
黄仁勋,认为恐怖,台积电,2024-12-30,0.036428
路透社,认为违规,台积电,2024-10-23,0.036193
路透社,认为违规,台积电,2024-10-27,0.036193
路透社,认为违规,台积电,2024-10-22,0.036193
路透社,认为违规,台积电,2024-11-10,0.036193
路透社,认为违规,台积电,2024-11-14,0.036193
路透社,认为违规,台积电,2024-11-14,0.036193
路透社,感到不满,台积电,2024-10-27,0.035312
路透社,感到不满,台积电,2024-10-27,0.035312
路透社,感到不满,台积电,2024-10-27,0.035312
路透社,感到不满,台积电,2024-11-10,0.035312
路透社,感到不满,台积电,2024-11-14,0.035312
路透社,感到不满,台积电,2024-10-27,0.035312
魏哲家,认为可靠,台积电,2024-10-23,0.035190
魏哲家,认为可靠,台积电,2024-10-27,0.035190
魏哲家,认为可靠,台积电,2024-11-17,0.035190
陈其迈,主导,台积电,2024-11-25,0.035145
路透社,认为有成就,台积电,2024-10-27,0.034939
路透社,认为有成就,台积电,2025-01-10,0.034939
路透社,认为有成就,台积电,2024-10-27,0.034939
台湾政府,支持,台积电,2024-09-22,0.034901
帕特·基辛格,担忧,台积电,2024-12-02,0.034858
台积电,认为犯罪,拜登,2024-11-16,0.034710
台积电,质疑,台积电,2024-11-07,0.034541
CNBC,认为违规,台积电,2024-12-16,0.034457
CNBC,担忧,台积电,2024-12-16,0.034453
拜登政府,认可,台积电,2024-11-20,0.034316
台积电,损害,美国,2024-11-04,0.034136
台积电,损害,美国,2024-11-13,0.034136
台积电,损害,美国,2024-11-05,0.034136
台积电,损害,美国,2024-11-05,0.034136
郭建宏,认为可靠,台积电,2025-01-14,0.034087
彭博新闻社,相信,台积电,2025-02-18,0.033983
台积电,感到不满,格尔辛格,2024-12-09,0.033716
Phelix Lee,认为有威胁,台积电,2024-11-11,0.033548
半导体,认可,台积电,2024-11-11,0.033251
雷蒙多,相信,台积电,2024-11-14,0.032874
盖尔辛格,质疑,台积电,2024-11-06,0.032780
彭博社,认为可靠,台积电,2024-10-24,0.032725
彭博社,认为可靠,台积电,2024-10-24,0.032725
彭博社,认为可靠,台积电,2024-10-24,0.032725
拜登政府,支持,台积电,2024-11-20,0.032300
苹果投资者,认为可靠,台积电,2024-10-23,0.031809
布拉德·林,主导,台积电,2025-01-15,0.031471
台积电,攻击,苹果,2024-11-22,0.031146
路透社,威胁,台积电,2024-10-27,0.031127
路透社,威胁,台积电,2024-10-27,0.031127
路透社,威胁,台积电,2024-11-10,0.031127
路透社,威胁,台积电,2024-11-14,0.031127
路透社,威胁,台积电,2024-10-27,0.031127
路透社,威胁,台积电,2024-10-27,0.031127
民主党,认为失败,台积电,2024-10-30,0.030837
路透社,欣赏,台积电,2024-10-27,0.030447
路透社,欣赏,台积电,2024-10-27,0.030447
台积电,感到不满,台积电,2024-11-07,0.029876
CNBC,质疑,台积电,2024-12-16,0.029717
雷蒙多,认为可靠,台积电,2024-11-14,0.029635
张忠谋,主导,台积电,2024-10-27,0.029631
张忠谋,主导,台积电,2024-10-27,0.029631
张忠谋,主导,台积电,2024-12-16,0.029631
张忠谋,主导,台积电,2024-12-24,0.029631
半导体,质疑,台积电,2024-11-11,0.029601
半导体,认为违规,台积电,2024-11-11,0.029588
彭博社,认为有成就,台积电,2024-10-27,0.029563
彭博社,认为有成就,台积电,2024-10-27,0.029563
彭博社,认为有成就,台积电,2024-10-24,0.029563
路透社,认为恐怖,台积电,2024-10-27,0.029550
路透社,认为恐怖,台积电,2024-10-27,0.029550
路透社,认为恐怖,台积电,2024-10-27,0.029550
路透社,认为恐怖,台积电,2024-10-27,0.029550
路透社,认为恐怖,台积电,2024-10-22,0.029550
路透社,认为恐怖,台积电,2024-10-27,0.029550
路透社,认为恐怖,台积电,2024-10-22,0.029550
路透社,认为恐怖,台积电,2025-01-10,0.029550
路透社,认为恐怖,台积电,2024-10-30,0.029550
路透社,认为恐怖,台积电,2024-11-10,0.029550
路透社,认为恐怖,台积电,2024-11-14,0.029550
路透社,认为恐怖,台积电,2024-10-27,0.029550
路透社,认为恐怖,台积电,2024-11-30,0.029550
路透社,认为恐怖,台积电,2024-10-27,0.029550
路透社,认为恐怖,台积电,2024-12-24,0.029550
基辛格,威胁,台积电,2024-12-02,0.029502
吉娜·雷蒙多,认为有威胁,台积电,2024-11-14,0.029295
吉娜·雷蒙多,认为有威胁,台积电,2024-11-14,0.029295
吴成文,认为可靠,台积电,2024-11-28,0.029286
Joe Rogan,质疑,台积电,2024-10-28,0.029128
英特尔,攻击,台积电,2024-10-17,0.028868
英特尔,攻击,台积电,2024-10-20,0.028868
英特尔,攻击,台积电,2024-10-17,0.028868
英特尔,攻击,台积电,2024-12-02,0.028868
魏哲家,相信,台积电,2024-10-23,0.028815
魏哲家,相信,台积电,2024-10-27,0.028815
彭博社,认为优秀,台积电,2024-10-24,0.028757
彭博社,认为优秀,台积电,2024-10-24,0.028757
彭博社,认为优秀,台积电,2024-10-24,0.028757
中国芯片公司,担忧,台积电,2024-11-11,0.028507
中国芯片公司,担忧,台积电,2024-11-11,0.028507
德意志银行,质疑,台积电,2025-01-16,0.028168
路透社,认为犯罪,台积电,2024-10-27,0.028130
路透社,认为犯罪,台积电,2024-10-22,0.028130
路透社,认为犯罪,台积电,2024-11-06,0.028130
路透社,认为犯罪,台积电,2024-11-14,0.028130
台湾,主导,美国,2024-12-03,0.028009
台湾,主导,美国,2024-12-03,0.028009
台湾,主导,美国,2024-12-03,0.028009
台湾,主导,美国,2024-12-03,0.028009
台湾,主导,美国,2024-12-03,0.028009
台湾,主导,美国,2024-12-03,0.028009
Joe Rogan,认为恐怖,台积电,2024-10-28,0.027880
投资者,相信,台积电,2024-09-24,0.027878
投资者,相信,台积电,2024-11-29,0.027878
《金融时报》,认为有威胁,台积电,2024-11-04,0.027809
《金融时报》,认为有威胁,台积电,2024-10-22,0.027809
《金融时报》,认为有威胁,台积电,2024-11-09,0.027809
路透社,质疑,台积电,2024-10-23,0.027743
路透社,质疑,台积电,2024-11-09,0.027743
路透社,质疑,台积电,2024-10-27,0.027743
路透社,质疑,台积电,2024-10-27,0.027743
路透社,质疑,台积电,2024-11-09,0.027743
路透社,质疑,台积电,2024-10-27,0.027743
路透社,质疑,台积电,2024-10-27,0.027743
路透社,质疑,台积电,2024-10-22,0.027743
路透社,质疑,台积电,2024-10-27,0.027743
路透社,质疑,台积电,2024-11-10,0.027743
路透社,质疑,台积电,2024-11-14,0.027743
路透社,质疑,台积电,2024-10-27,0.027743
路透社,质疑,台积电,2024-10-27,0.027743
路透社,质疑,台积电,2024-10-08,0.027743
路透社,质疑,台积电,2024-10-22,0.027743
雷蒙多,认为有威胁,台积电,2024-11-14,0.027532
雷蒙多,认为有威胁,台积电,2024-11-14,0.027532
《华尔街日报》,相信,台积电,2024-09-27,0.027364
公司创始人,认为有成就,台积电,2025-02-23,0.027331
《金融时报》,相信,台积电,2024-11-04,0.027220
《金融时报》,相信,台积电,2024-11-07,0.027220
《金融时报》,相信,台积电,2024-10-22,0.027220
台湾政府,规定,台积电,2024-11-09,0.027133
路透社,支持,台积电,2024-11-09,0.027030
路透社,支持,台积电,2024-10-27,0.027030
路透社,支持,台积电,2024-11-10,0.027030
路透社,支持,台积电,2024-11-14,0.027030
路透社,支持,台积电,2024-10-27,0.027030
路透社,支持,台积电,2024-10-27,0.027030
路透社,支持,台积电,2024-10-22,0.027030
投资者,认为有威胁,台积电,2024-11-29,0.026837
彭博社,认为违规,台积电,2024-10-24,0.026802
彭博社,认为违规,台积电,2024-10-24,0.026802
德意志银行,担忧,台积电,2025-01-16,0.026763
Russ Mould,认为可靠,台积电,2025-01-10,0.026672
投资者,认为可靠,台积电,2024-11-29,0.026617
吴成文,相信,台积电,2024-11-28,0.026424
帕特·盖尔辛格,威胁,台积电,2024-11-06,0.026344
帕特·盖尔辛格,威胁,台积电,2024-10-29,0.026344
乔·罗根,认为有威胁,台积电,2024-10-28,0.026295
乔·罗根,认为有威胁,台积电,2024-10-28,0.026295
波士顿咨询集团,质疑,台积电,2025-02-11,0.026023
波士顿咨询集团,质疑,台积电,2025-02-11,0.026023
日本政府,支持,台积电,2024-09-24,0.025539
台积电,感到满意,英特尔,2024-12-03,0.025303
台积电,感到满意,英特尔,2024-12-03,0.025303
台积电,视作英雄,盖尔辛格,2024-12-03,0.025256
格尔辛格,认为犯罪,台积电,2024-12-02,0.025228
半导体,欣赏,台积电,2024-11-11,0.025182
商务部,主导,台积电,2024-11-10,0.025118
C.C. Wei,认为优秀,台积电,2024-10-23,0.025115
C.C. Wei,认为优秀,台积电,2024-10-31,0.025115
C.C. Wei,认为优秀,台积电,2024-10-31,0.025115
台积电,支持,SK海力士,2024-11-03,0.025030
台积电,支持,SK海力士,2024-11-03,0.025030
路透社,认可,台积电,2024-11-09,0.025005
路透社,认可,台积电,2024-10-27,0.025005
路透社,认可,台积电,2024-10-27,0.025005
路透社,认可,台积电,2024-10-22,0.025005
路透社,认可,台积电,2024-10-27,0.025005
路透社,认可,台积电,2024-12-02,0.025005
路透社,认可,台积电,2024-11-10,0.025005
路透社,认可,台积电,2024-11-14,0.025005
路透社,认可,台积电,2024-10-27,0.025005
路透社,认可,台积电,2024-10-27,0.025005
路透社,认可,台积电,2024-10-22,0.025005
《金融时报》,主导,台积电,2024-10-22,0.024919
半导体,威胁,台积电,2025-02-09,0.024891
半导体,威胁,台积电,2024-11-11,0.024891
苹果投资者,相信,台积电,2024-10-23,0.024820
吉娜·雷蒙多,认为有成就,台积电,2025-01-10,0.024756
路透社,认为失败,台积电,2024-10-27,0.024607
路透社,认为失败,台积电,2024-10-22,0.024607
路透社,认为失败,台积电,2024-11-14,0.024607
路透社,认为失败,台积电,2024-10-27,0.024607
路透社,认为失败,台积电,2024-10-27,0.024607
半导体,支持,台积电,2024-11-11,0.024563
特朗普,主导,越南,2024-11-13,0.024142
路透社,担忧,台积电,2024-10-23,0.024109
路透社,担忧,台积电,2024-11-09,0.024109
路透社,担忧,台积电,2024-10-23,0.024109
路透社,担忧,台积电,2024-10-27,0.024109
路透社,担忧,台积电,2024-10-27,0.024109
路透社,担忧,台积电,2024-11-10,0.024109
路透社,担忧,台积电,2024-10-27,0.024109
路透社,担忧,台积电,2024-10-27,0.024109
路透社,担忧,台积电,2024-10-22,0.024109
路透社,担忧,台积电,2024-10-27,0.024109
路透社,担忧,台积电,2024-10-22,0.024109
路透社,担忧,台积电,2025-01-10,0.024109
路透社,担忧,台积电,2025-01-10,0.024109
路透社,担忧,台积电,2025-01-10,0.024109
路透社,担忧,台积电,2024-12-02,0.024109
路透社,担忧,台积电,2024-11-10,0.024109
路透社,担忧,台积电,2024-11-14,0.024109
路透社,担忧,台积电,2024-09-01,0.024109
路透社,担忧,台积电,2025-01-10,0.024109
路透社,担忧,台积电,2024-10-27,0.024109
路透社,担忧,台积电,2024-10-27,0.024109
路透社,担忧,台积电,2024-10-08,0.024109
路透社,担忧,台积电,2024-10-22,0.024109
拜登政府,发放补贴,台积电,2024-11-07,0.024099
帕特·盖尔辛格,感到不满,台积电,2024-11-06,0.024080
Jim·塞默,认为有威胁,台积电,2024-11-03,0.023969
摩根士丹利,增进,台积电,2024-11-11,0.023935
格尔辛格,认为恐怖,台积电,2024-12-02,0.023299
帕特·格尔辛格,威胁,台积电,2024-12-09,0.023228
魏哲家,认为有成就,台积电,2024-10-27,0.023135
台积电,相信,数据中心,2024-09-27,0.023131
《金融时报》,认为可靠,台积电,2024-11-07,0.023011
《金融时报》,认为可靠,台积电,2024-10-22,0.023011
基辛格,担忧,台积电,2024-12-02,0.022982
台积电,威胁,中国企业,2024-10-23,0.022630
巴克莱,认为优秀,台积电,2024-12-25,0.022596
张忠谋,认为有成就,台积电,2024-10-27,0.022356
张忠谋,认为有成就,台积电,2024-10-27,0.022356
彭博社,质疑,台积电,2024-10-24,0.022356
彭博社,质疑,台积电,2024-10-24,0.022356
彭博社,质疑,台积电,2024-10-24,0.022356
台积电,认为非法,台积电,2024-10-22,0.022231
彭博社,认为恐怖,台积电,2024-10-24,0.022151
彭博社,认为恐怖,台积电,2024-10-24,0.022151
投资者,认为有危机,台积电,2024-11-29,0.022146
Joe Rogan,认为犯罪,台积电,2024-10-28,0.022059
雷蒙多,认为有成就,台积电,2025-01-10,0.022041
雷蒙多,认为有成就,台积电,2024-11-14,0.022041
公司创始人,主导,台积电,2025-02-23,0.021960
格尔辛格,威胁,台积电,2024-12-02,0.021711
格尔辛格,质疑,台积电,2024-12-02,0.021708
半导体,感到不满,台积电,2024-11-11,0.021627
台积电,主导,OpenAI,2024-10-28,0.021476
乔·罗根,认为有危机,台积电,2024-10-28,0.021471
张忠谋,感到不满,台积电,2024-11-29,0.021354
日本政府,认可,台积电,2024-09-24,0.021275
吉娜·雷蒙多,认为有危机,台积电,2024-11-14,0.021164
格尔辛格尔,认为有威胁,台积电,2024-12-09,0.021140
特朗普,认为有威胁,华为,2024-10-31,0.020991
特朗普,认为有威胁,华为,2024-11-28,0.020991
罗伯特·桑德斯,认为优秀,台积电,2025-01-16,0.020976
Russ Mould,相信,台积电,2025-01-10,0.020892
黄伟成,认为优秀,台积电,2024-10-07,0.020881
台积电,相信,巴伦周刊,2024-09-21,0.020860
台积电,相信,巴伦周刊,2024-09-21,0.020860
半导体,认为失败,台积电,2024-11-11,0.020733
特朗普,认为优秀,华为,2024-10-31,0.020553
特朗普,认为优秀,华为,2024-11-28,0.020553
特朗普,认为优秀,华为,2024-11-28,0.020553
美国,主导,TSMC,2024-10-22,0.020349
美国,主导,TSMC,2024-10-20,0.020349
美国,主导,TSMC,2024-10-22,0.020349
帕特·盖尔辛格,认为犯罪,台积电,2024-11-06,0.020336
帕特·盖尔辛格,认为犯罪,台积电,2024-10-29,0.020336
公司创始人,认为优秀,台积电,2025-02-23,0.020302
特朗普,威胁,华为,2024-10-31,0.020122
特朗普,威胁,华为,2024-11-28,0.020122
特朗普,威胁,华为,2024-11-28,0.020122
马吉华,认为有威胁,台积电,2024-11-10,0.020085
Phelix Lee,认为失败,台积电,2024-11-11,0.019899
台积电,攻击,台湾,2024-11-05,0.019752
台积电,攻击,台湾,2024-10-30,0.019752
美国,相信,美国,2025-01-16,0.019739
花旗集团,批评,台积电,2024-08-28,0.019697
特朗普,欢迎,华为,2024-11-28,0.019524
半导体,担忧,台积电,2024-11-11,0.019374
吉娜·雷蒙多,相信,台积电,2024-11-14,0.019312
瑞克·卡斯迪,认为优秀,台积电,2024-12-16,0.019285
彭博社,认可,台积电,2024-10-24,0.019110
彭博社,认可,台积电,2024-10-24,0.019110
彭博社,认可,台积电,2024-10-24,0.019110
CNA,认为优秀,台积电,2024-11-03,0.018908
《芯片法案》,认为优秀,台积电,2024-11-10,0.018884
马吉华,认为优秀,台积电,2024-11-10,0.018884
马吉华,认为优秀,台积电,2024-11-10,0.018884
马吉华,认为优秀,台积电,2024-11-10,0.018884
黄文达,认为有成就,台积电,2024-10-19,0.018871
彭博社,支持,台积电,2024-10-24,0.018583
特朗普,质疑,华为,2024-10-31,0.018555
特朗普,质疑,华为,2024-11-28,0.018555
特朗普,质疑,华为,2024-11-28,0.018555
C.C. Wei,认可,台积电,2024-10-31,0.018551
布莱施茨,认为优秀,台积电,2025-02-19,0.018247
基辛格,认可,台积电,2024-10-31,0.018209
台积电,感到满意,SK海力士,2024-11-03,0.018140
雷蒙多,认为有危机,台积电,2024-11-14,0.018125
英伟达,增进,台积电,2024-11-29,0.018092
英伟达,增进,台积电,2024-10-14,0.018092
英伟达,增进,台积电,2024-09-10,0.018092
英伟达,增进,台积电,2024-09-10,0.018092
英伟达,增进,台积电,2024-10-06,0.018092
彭博社,感到不满,台积电,2024-10-24,0.017989
彭博社,感到不满,台积电,2024-10-24,0.017989
彭博社,感到不满,台积电,2024-10-24,0.017989
吉娜·雷蒙多,认为优秀,台积电,2024-11-14,0.017913
台积电,认可,创新,2024-09-27,0.017869
台积电,认可,创新,2024-09-27,0.017869
台积电,认可,创新,2024-09-27,0.017869
台积电,建设工厂,亚利桑那州,2024-11-15,0.017778
帕特·盖尔辛格,质疑,台积电,2024-11-06,0.017707
莫里斯·昌,认为有威胁,台积电,2024-12-09,0.017685
苹果公司,主导,TSMC,2024-10-20,0.017610
雷蒙多,认为优秀,台积电,2024-11-14,0.017561
特朗普,担忧,华为,2024-10-31,0.017542
特朗普,担忧,华为,2024-11-28,0.017542
吉娜·雷蒙多,认为可靠,台积电,2024-11-14,0.017524
吉娜·雷蒙多,认为可靠,台积电,2024-11-14,0.017524
乌克,认为有威胁,台积电,2024-09-17,0.017459
台积公司,主导,美国,2024-11-09,0.017118
台积公司,主导,美国,2024-11-09,0.017118
台积公司,主导,美国,2024-11-09,0.017118
台积公司,主导,美国,2024-11-13,0.017118
台积公司,主导,美国,2024-11-13,0.017118
台积电,认为有成就,创新,2024-09-27,0.017006
台积电,认为有成就,创新,2024-09-27,0.017006
基辛格,认为恐怖,台积电,2024-10-31,0.016970
基辛格,认为恐怖,台积电,2024-12-02,0.016970
帕特·盖尔辛格,认为恐怖,台积电,2024-11-06,0.016607
吴成文,认为优秀,台积电,2024-11-28,0.016558
台积电,攻击,英特尔,2024-12-03,0.016531
台积电,攻击,英特尔,2024-12-03,0.016531
台积电,攻击,英特尔,2024-12-03,0.016531
台积电,攻击,英特尔,2024-12-03,0.016531
彭博社,威胁,台积电,2024-10-24,0.016425
彭博社,威胁,台积电,2024-10-24,0.016425
彭博社,威胁,台积电,2024-10-24,0.016425
Lauly Lith,主导,台积电,2024-11-13,0.016400
台积电,认为可靠,数据中心,2024-09-27,0.016252
台积电,认为可靠,数据中心,2024-09-27,0.016252
AI芯片,认为可靠,台积电,2024-11-07,0.016178
AI芯片,认为可靠,台积电,2024-11-07,0.016178
共和党,认为失败,台积电,2024-10-30,0.016118
张忠谋,担忧,台积电,2024-11-29,0.016070
黄仁勋,感到满意,台积电,2024-12-29,0.015884
黄仁勋,感到满意,台积电,2024-12-30,0.015884
黄仁勋,感到满意,台积电,2024-12-30,0.015884
中国人工智能企业,认为违规,台积电,2024-10-19,0.015876
魏哲家,认为优秀,台积电,2024-10-23,0.015564
魏哲家,认为优秀,台积电,2024-10-23,0.015564
魏哲家,认为优秀,台积电,2024-10-23,0.015564
魏哲家,认为优秀,台积电,2024-10-27,0.015564
魏哲家,认为优秀,台积电,2024-11-17,0.015564
魏哲家,认为优秀,台积电,2024-10-17,0.015564
美国,主导,美国,2024-12-03,0.015453
美国,主导,美国,2025-01-16,0.015453
美国,主导,美国,2025-02-26,0.015453
特朗普,认为可靠,华为,2024-10-31,0.015429
特朗普,主导,《芯片和科学法案》,2024-11-15,0.015425
特朗普,主导,《芯片和科学法案》,2024-11-06,0.015425
特朗普,主导,《芯片和科学法案》,2024-11-06,0.015425
特朗普,主导,《芯片和科学法案》,2024-11-05,0.015425
特朗普,主导,《芯片和科学法案》,2024-12-02,0.015425
特朗普,主导,《芯片和科学法案》,2024-11-05,0.015425
特朗普,主导,《芯片和科学法案》,2024-11-05,0.015425
特朗普,主导,《芯片和科学法案》,2024-11-05,0.015425
马继华,认为可靠,台积电,2024-11-10,0.015382
马继华,认为可靠,台积电,2024-11-10,0.015382
彭博社,担忧,台积电,2024-11-06,0.015350
彭博社,担忧,台积电,2024-10-27,0.015350
彭博社,担忧,台积电,2024-10-24,0.015350
彭博社,担忧,台积电,2024-10-24,0.015350
彭博社,担忧,台积电,2024-10-24,0.015350
花旗集团,增进,台积电,2024-08-28,0.015303
《金融时报》,认为优秀,台积电,2024-11-04,0.015184
《金融时报》,认为优秀,台积电,2024-11-04,0.015184
《金融时报》,认为优秀,台积电,2024-11-04,0.015184
《金融时报》,认为优秀,台积电,2024-10-22,0.015184
台积电,增进,英伟达,2024-09-05,0.015026
台积电,增进,英伟达,2024-10-14,0.015026
乌克,认为有成就,台积电,2024-09-17,0.014985
台湾,认为有成就,TSMC,2025-02-23,0.014881
谷歌,认为有威胁,华为,2024-10-31,0.014816
罗杰·达森,攻击,台积电,2024-10-14,0.014794
台积电,感到满意,拜登政府,2024-11-20,0.014768
TSMC,被起诉,美国,2024-11-13,0.014685
特朗普,欣赏,华为,2024-10-31,0.014593
布拉德·林,质疑,台积电,2025-01-15,0.014377
台积电,攻击,SK海力士,2024-10-17,0.014356
台积电,攻击,SK海力士,2024-10-17,0.014356
台积电,攻击,SK海力士,2024-10-17,0.014356
石原茂次郎,认为有成就,台积电,2024-11-12,0.014183
英特尔总裁,认为可靠,台积电,2024-11-29,0.014151
《华尔街日报》,担忧,台积电,2024-09-27,0.014106
新竹科学园区,主导,台积电,2025-02-23,0.014052
投资者,认为优秀,台积电,2024-11-29,0.013959
苹果投资者,认为有威胁,台积电,2024-10-23,0.013873
美国,认为优秀,华为,2024-11-07,0.013869
美国,认为优秀,华为,2024-10-26,0.013869
美国,认为优秀,华为,2024-10-27,0.013869
美国,认为优秀,华为,2024-10-26,0.013869
美国,认为优秀,华为,2024-10-26,0.013869
美国,认为优秀,华为,2024-11-22,0.013869
英伟达,损害,台积电,2024-11-29,0.013861
英伟达,损害,台积电,2025-01-16,0.013861
英伟达,损害,台积电,2024-09-10,0.013861
英伟达,损害,台积电,2024-09-10,0.013861
瑞克·卡斯迪,认为有危机,台积电,2024-12-16,0.013670
特朗普,认为非法,华为,2024-10-31,0.013599
华盛顿,相信,中国,2024-11-07,0.013516
摩根,担忧,台积电,2024-10-06,0.013482
乌克,认为有危机,台积电,2024-09-17,0.013404
乌克,认为优秀,台积电,2024-09-17,0.013248
彭博社,认为失败,台积电,2024-10-24,0.013223
彭博社,认为失败,台积电,2024-10-24,0.013223
魏哲家,认为有危机,台积电,2024-10-23,0.013219
魏哲家,认为有危机,台积电,2024-12-28,0.013219
魏哲家,认为有危机,台积电,2024-12-28,0.013219
罗伯特·桑德斯,认可,台积电,2025-01-16,0.013183
日本传媒,相信,台积电,2024-10-28,0.013127
日本传媒,相信,台积电,2024-10-28,0.013127
郭建宏,主导,台积电,2025-01-14,0.013122
Joe Rogan,批评,台积电,2024-10-28,0.013078
雷蒙多,认可,台积电,2024-11-14,0.013029
石原伸介,主导,台积电,2024-11-12,0.012929
特朗普,认可,华为,2024-10-31,0.012899
投资者,认为有成就,台积电,2024-11-29,0.012897
中国,主导,美国,2025-01-10,0.012850
Jim·塞默,认可,台积电,2024-11-03,0.012849
特朗普,主导,《芯片法案》,2024-11-07,0.012739
特朗普,主导,《芯片法案》,2024-11-07,0.012739
特朗普,主导,《芯片法案》,2024-11-07,0.012739
特朗普,主导,《芯片法案》,2024-11-07,0.012739
特朗普,主导,《芯片法案》,2024-11-07,0.012739
特朗普,主导,《芯片法案》,2024-11-07,0.012739
特朗普,主导,《芯片法案》,2024-11-07,0.012739
特朗普,主导,《芯片法案》,2024-11-07,0.012739
特朗普,主导,《芯片法案》,2024-11-07,0.012739
特朗普,主导,《芯片法案》,2024-11-05,0.012739
特朗普,主导,《芯片法案》,2024-11-15,0.012739
特朗普,主导,《芯片法案》,2024-11-06,0.012739
特朗普,主导,《芯片法案》,2024-11-06,0.012739
特朗普,主导,《芯片法案》,2024-11-10,0.012739
特朗普,主导,《芯片法案》,2024-11-10,0.012739
特朗普,主导,《芯片法案》,2024-11-10,0.012739
特朗普,主导,《芯片法案》,2024-11-10,0.012739
特朗普,主导,《芯片法案》,2024-11-12,0.012739
特朗普,主导,《芯片法案》,2024-11-06,0.012739
特朗普,主导,《芯片法案》,2024-11-12,0.012739
特朗普,主导,《芯片法案》,2024-11-05,0.012739
特朗普,主导,《芯片法案》,2024-11-06,0.012739
特朗普,主导,《芯片法案》,2024-11-06,0.012739
特朗普,主导,《芯片法案》,2024-11-06,0.012739
特朗普,主导,《芯片法案》,2024-11-06,0.012739
特朗普,主导,《芯片法案》,2024-11-06,0.012739
特朗普,主导,《芯片法案》,2024-11-12,0.012739
特朗普,主导,《芯片法案》,2024-11-12,0.012739
特朗普,主导,《芯片法案》,2024-11-12,0.012739
台积电,损害,苹果,2024-11-26,0.012682
英特尔,增进,台积电,2024-10-17,0.012645
英特尔,增进,台积电,2024-09-10,0.012645
美国,质疑,华为,2024-10-24,0.012643
美国,质疑,华为,2024-10-23,0.012643
美国,质疑,华为,2024-10-24,0.012643
美国,质疑,华为,2024-10-23,0.012643
美国,质疑,华为,2024-10-23,0.012643
美国,质疑,华为,2024-10-24,0.012643
美国,质疑,华为,2024-10-26,0.012643
吉娜·雷蒙多,认为违规,台积电,2024-11-14,0.012641
微软CEO,表示,台积电,2025-01-12,0.012583
杰弗里·赛勒,支持,台积电,2024-12-03,0.012575
Joe Rogan,攻击,台积电,2024-10-28,0.012506
吉娜·雷蒙多,认可,台积电,2024-11-14,0.012477
巴伦周刊,相信,台积电,2024-10-23,0.012463
特朗普,主导,关税计划,2024-11-05,0.012453
特朗普,主导,关税计划,2024-11-05,0.012453
魏哲家,认可,台积电,2024-10-23,0.012450
魏哲家,认可,台积电,2024-10-23,0.012450
魏哲家,认可,台积电,2024-10-23,0.012450
魏哲家,认可,台积电,2024-10-27,0.012450
魏哲家,认可,台积电,2024-10-17,0.012450
台积电,主导,创新,2024-09-27,0.012402
台积电,主导,创新,2024-09-27,0.012402
黄仁勋,批评,台积电,2024-12-30,0.012382
黄仁勋,批评,台积电,2024-12-30,0.012382
特朗普,主导,半导体,2024-12-03,0.012301
特朗普,主导,半导体,2024-12-03,0.012301
郭建宏,认为有威胁,台积电,2025-01-14,0.011973
投资者,认为热情,台积电,2024-09-24,0.011965
投资者,认为热情,台积电,2024-09-24,0.011965
投资者,认为热情,台积电,2024-09-24,0.011965
CFO黄文德,认为优秀,台积电,2024-11-08,0.011755
华为,认为失败,美国,2024-12-27,0.011693
Lauly Lith,相信,台积电,2024-11-13,0.011655
美国,认为有威胁,华为,2024-10-23,0.011619
美国,认为有威胁,华为,2024-10-31,0.011619
台积电,质疑,创新,2024-09-27,0.011508
台积电,攻击,Intel,2024-12-03,0.011370
苹果投资者,认为有成就,台积电,2024-10-23,0.011343
本·布兰查德,质疑,台积电,2024-10-29,0.011340
特朗普,认为有危机,华为,2024-10-31,0.011322
乔·拜登,认为有威胁,华为,2024-10-31,0.011204
张忠谋,认为恐怖,台积电,2024-11-29,0.011137
《金融时报》,主导,华为,2024-10-22,0.011066
苹果投资者,认为有危机,台积电,2024-10-23,0.011060
埃隆·马斯克,主导,美国,2024-11-15,0.010956
埃隆·马斯克,主导,美国,2024-11-15,0.010956
埃隆·马斯克,主导,美国,2024-11-15,0.010956
央行,认为优秀,台积电,2024-12-30,0.010877
特朗普,主导,美国,2024-12-03,0.010739
特朗普,主导,美国,2024-12-03,0.010739
特朗普,主导,美国,2024-11-09,0.010739
特朗普,主导,美国,2024-11-09,0.010739
特朗普,主导,美国,2024-11-14,0.010739
特朗普,主导,美国,2024-11-09,0.010739
特朗普,主导,美国,2024-12-03,0.010739
特朗普,主导,美国,2024-11-10,0.010739
特朗普,主导,美国,2024-12-03,0.010739
特朗普,主导,美国,2024-11-10,0.010739
特朗普,主导,美国,2024-11-09,0.010739
特朗普,主导,美国,2024-11-10,0.010739
特朗普,主导,美国,2024-11-10,0.010739
特朗普,主导,美国,2024-11-15,0.010739
特朗普,主导,美国,2024-11-10,0.010739
特朗普,主导,美国,2024-11-15,0.010739
特朗普,主导,美国,2024-11-05,0.010739
特朗普,主导,美国,2024-11-09,0.010739
特朗普,主导,美国,2024-11-05,0.010739
特朗普,主导,美国,2024-11-15,0.010739
特朗普,主导,美国,2024-11-15,0.010739
特朗普,主导,美国,2024-11-15,0.010739
特朗普,主导,美国,2024-11-15,0.010739
特朗普,主导,美国,2024-11-10,0.010739
特朗普,主导,美国,2024-11-06,0.010739
特朗普,主导,美国,2024-10-30,0.010739
特朗普,主导,美国,2024-11-15,0.010739
特朗普,主导,美国,2024-11-15,0.010739
特朗普,主导,美国,2024-10-30,0.010739
特朗普,主导,美国,2024-11-15,0.010739
特朗普,主导,美国,2024-12-02,0.010739
特朗普,主导,美国,2024-12-02,0.010739
特朗普,主导,美国,2024-11-15,0.010739
特朗普,主导,美国,2024-11-27,0.010739
TSMC,被特朗普指责,美国,2024-11-05,0.010707
参议员,认为有威胁,台积电,2024-10-31,0.010689
C.C. Wei,担忧,台积电,2024-10-23,0.010688
C.C. Wei,担忧,台积电,2024-10-23,0.010688
C.C. Wei,担忧,台积电,2024-10-31,0.010688
TSMC,推动,美国,2024-11-24,0.010668
约翰·穆伦纳尔,认为失败,台积电,2024-10-30,0.010637
华盛顿,认为可靠,阿联酋,2024-09-22,0.010629
黄仁勋,认为有暴力,台积电,2024-09-20,0.010609
黄仁勋,认为有暴力,台积电,2024-12-30,0.010609
黄仁勋,认为有暴力,台积电,2024-09-20,0.010609
黄仁勋,认为有暴力,台积电,2024-12-30,0.010609
商务部,认为优秀,台积电,2025-01-10,0.010555
乔·拜登总统,认为有威胁,华为,2024-10-31,0.010520
Coatsworth,认为可靠,台积电,2024-10-17,0.010501
《华尔街日报》,质疑,台积电,2024-09-27,0.010491
《巴伦周刊》,认为有成就,台积电,2024-11-12,0.010458
台积电,损害,中国,2024-11-16,0.010448
Phelix Lee,担忧,台积电,2024-11-11,0.010389
Phelix Lee,担忧,台积电,2024-11-11,0.010389
台积电,攻击,盖尔辛格,2024-12-02,0.010293
投资者,欢迎,台积电,2024-09-24,0.010273
投资者,欢迎,台积电,2024-11-29,0.010273
投资者,欢迎,台积电,2024-09-24,0.010273
特朗普,主导,台湾,2024-12-03,0.010222
拉乌莉·里哈,担忧,台积电,2024-11-13,0.010180
投资者,认可,台积电,2024-09-24,0.010170
投资者,认可,台积电,2024-09-24,0.010170
投资者,认可,台积电,2024-11-29,0.010170
特朗普,相信,美国,2024-12-03,0.010012
特朗普,相信,美国,2024-11-13,0.010012
《经济日报》,主导,台积电,2024-11-10,0.009965
吉恩·蒙斯特,认为优秀,台积电,2024-10-22,0.009946
C.C. Wei,质疑,台积电,2024-10-23,0.009879
C.C. Wei,质疑,台积电,2024-10-23,0.009879
C.C. Wei,质疑,台积电,2024-10-23,0.009879
C.C. Wei,质疑,台积电,2024-10-31,0.009879
郭建汇,质疑,台积电,2025-02-26,0.009878
投资者,质疑,台积电,2024-09-24,0.009853
投资者,质疑,台积电,2024-11-29,0.009853
特朗普,主导,《芯片与科学法案》,2024-11-05,0.009732
特朗普,主导,《芯片与科学法案》,2024-11-05,0.009732
特朗普,主导,《芯片与科学法案》,2024-11-05,0.009732
特朗普,主导,《芯片与科学法案》,2024-11-06,0.009732
C.C. Wei,认为热情,台积电,2024-11-07,0.009722
英特尔,损害,台积电,2024-10-17,0.009675
英特尔,损害,台积电,2024-10-20,0.009675
英特尔,损害,台积电,2024-10-17,0.009675
英特尔,损害,台积电,2024-09-10,0.009675
英特尔,损害,台积电,2024-12-02,0.009675
英特尔,损害,台积电,2024-12-09,0.009675
TSMC,停止供货,华为,2024-10-23,0.009670
TSMC,停止供货,华为,2024-12-21,0.009670
TSMC,停止供货,华为,2024-10-21,0.009670
《经济日报》,相信,台积电,2024-11-10,0.009593
乔·罗根,威胁,台积电,2024-10-28,0.009590
乔·罗根,威胁,台积电,2024-10-28,0.009590
雷蒙多,认为违规,台积电,2024-11-14,0.009530
雷蒙多,认为违规,台积电,2024-11-14,0.009530
雷蒙多,认为违规,台积电,2024-11-14,0.009530
罗伯特·桑德斯,支持,台积电,2025-01-16,0.009490
Russ Mould,认为优秀,台积电,2025-01-10,0.009423
郭建宏,认为优秀,台积电,2025-01-14,0.009341
特朗普,认为有成就,台湾,2024-12-03,0.009336
华盛顿,认为有威胁,阿联酋,2024-09-22,0.009322
乔·拜登,主导,《芯片法案》,2024-11-14,0.009307
乔·拜登,主导,《芯片法案》,2024-11-19,0.009307
花旗集团,认为有暴力,台积电,2024-08-28,0.009298
吴成文,认可,台积电,2024-11-28,0.009239
台湾经济部,认为可靠,台积电,2024-11-09,0.009202
投资者,欣赏,台积电,2024-09-24,0.009177
投资者,欣赏,台积电,2024-09-24,0.009177
投资者,欣赏,台积电,2024-11-29,0.009177
特朗普,认为违规,华为,2024-10-31,0.009174
布莱施茨,质疑,台积电,2025-02-19,0.009159
台湾,感到不满,特朗普,2025-02-19,0.009159
TSMC,获得资金支持,美国,2024-11-19,0.009142
Phelix Lee,质疑,台积电,2024-11-11,0.009131
吉娜·雷蒙多,认为恐怖,台积电,2024-11-14,0.009016
吉娜·雷蒙多,认为恐怖,台积电,2024-11-14,0.009016
TSMC,成为依赖的外国供应商,美国,2024-10-24,0.009016
石原伸介,认为优秀,台积电,2024-11-12,0.008983
市场研究公司IDC,认为可靠,台积电,2024-12-28,0.008961
苹果投资者,认为优秀,台积电,2024-10-23,0.008947
雷蒙多,质疑,台积电,2024-11-14,0.008850
雷蒙多,质疑,台积电,2024-11-14,0.008850
投资者,喜欢,台积电,2024-09-24,0.008849
投资者,喜欢,台积电,2024-09-24,0.008849
投资者,喜欢,台积电,2024-11-29,0.008849
投资者,喜欢,台积电,2024-09-24,0.008849
吉娜·雷蒙多,认为犯罪,台积电,2024-11-14,0.008839
《金融时报》,威胁,台积电,2024-11-04,0.008761
《金融时报》,威胁,台积电,2024-10-22,0.008761
《金融时报》,认为违规,台积电,2024-11-09,0.008758
特朗普,质疑,TSMC,2025-02-15,0.008730
吉娜·雷蒙多,担忧,台积电,2024-11-14,0.008715
吉娜·雷蒙多,担忧,台积电,2024-11-14,0.008715
特朗普,认为犯罪,华为,2024-10-31,0.008715
Jim·塞默,担忧,台积电,2024-11-03,0.008665
雷蒙多,威胁,台积电,2024-11-14,0.008629
《自由时报》,认为可靠,台积电,2024-11-09,0.008621
吉娜·雷蒙多,支持,台积电,2024-11-14,0.008617
《芯片法案》,质疑,台积电,2024-11-10,0.008582
《芯片法案》,质疑,台积电,2024-11-10,0.008582
《金融时报》,支持,台积电,2024-10-22,0.008562
罗伯特·桑德斯,担忧,台积电,2025-01-16,0.008550
TSMC,停止供应,华为,2024-10-23,0.008539
TSMC,停止供应,华为,2024-10-22,0.008539
美国,认为非法,TSMC,2024-12-21,0.008535
美国,认为非法,TSMC,2024-10-22,0.008535
Coatsworth,相信,台积电,2024-10-17,0.008532
投资者,支持,台积电,2024-09-24,0.008530
投资者,支持,台积电,2024-11-29,0.008530
投资者,认为恐怖,台积电,2024-09-24,0.008529
投资者,认为恐怖,台积电,2024-11-29,0.008529
Jim·塞默,威胁,台积电,2024-11-03,0.008456
特朗普,支持,华为,2024-10-31,0.008434
特朗普,支持,华为,2024-11-28,0.008434
特朗普,相信,台湾,2024-12-03,0.008430
特朗普,相信,台湾,2024-12-03,0.008430
特朗普,相信,台湾,2024-12-03,0.008430
特朗普,相信,台湾,2024-12-03,0.008430
台积电,欢迎,创新,2024-09-27,0.008305
藤原忠弘,认可,台积电,2024-09-24,0.008295
投资者,感到不满,台积电,2024-09-24,0.008255
投资者,感到不满,台积电,2024-11-29,0.008255
《台北时报》,相信,台积电,2024-11-09,0.008241
美国,认为可靠,美国,2024-10-30,0.008223
美国,认为可靠,美国,2025-01-16,0.008223
投资人,认为可靠,台积电,2024-11-05,0.008218
路透社,批评,台积电,2024-10-23,0.008169
路透社,批评,台积电,2024-10-27,0.008169
路透社,批评,台积电,2024-10-27,0.008169
路透社,批评,台积电,2024-10-27,0.008169
路透社,批评,台积电,2024-11-10,0.008169
路透社,批评,台积电,2024-11-14,0.008169
路透社,批评,台积电,2024-11-07,0.008169
路透社,批评,台积电,2024-10-27,0.008169
吉娜·雷蒙多,威胁,台积电,2024-11-14,0.008151
美国,认可,华为,2024-10-31,0.008137
美国,担忧,华为,2024-10-24,0.008120
美国,担忧,华为,2024-10-24,0.008120
美国,担忧,华为,2024-11-07,0.008120
美国,担忧,华为,2024-10-31,0.008120
美国,担忧,华为,2024-10-31,0.008120
美国,担忧,华为,2024-12-21,0.008120
百度,感到满意,台积电,2024-11-07,0.008086
特朗普,认为恐怖,华为,2024-10-31,0.008059
特朗普,认为恐怖,华为,2024-11-28,0.008059
《金融时报》,担忧,台积电,2024-11-04,0.008058
《金融时报》,担忧,台积电,2024-11-07,0.008058
《金融时报》,担忧,台积电,2024-11-07,0.008058
《金融时报》,担忧,台积电,2024-10-22,0.008058
《金融时报》,担忧,台积电,2024-11-09,0.008058
高盛,主导,美国,2024-11-02,0.007980
特朗普,感到不满,美国,2025-02-26,0.007819
郭建宏,认为有危机,台积电,2025-01-14,0.007804
台积电,认为有成就,数据中心,2024-09-27,0.007771
吉娜·雷蒙多,质疑,台积电,2024-11-14,0.007761
吉娜·雷蒙多,质疑,台积电,2024-11-14,0.007761
特朗普,认为有成就,英伟达,2024-08-06,0.007760
特朗普,认为有成就,英伟达,2024-08-06,0.007760
《自由时报》,相信,台积电,2024-11-09,0.007699
特朗普,相信,《芯片法案》,2024-11-06,0.007685
雷蒙多,感到不满,台积电,2024-11-14,0.007671
参议员,认为有危机,台积电,2024-10-31,0.007669
吉娜·雷蒙多,认为失败,台积电,2024-11-14,0.007621
花旗集团,相信,美国,2025-01-16,0.007582
台积电,主导,全球扩张计划,2024-11-12,0.007564
特朗普,喜欢,华为,2024-10-31,0.007528
特朗普,喜欢,华为,2024-11-28,0.007528
Russ Mould,认可,台积电,2025-01-10,0.007522
台积电,质疑,巴伦周刊,2024-09-21,0.007472
投资者,威胁,台积电,2024-11-29,0.007454
美国,感到不满,谷歌,2024-09-06,0.007426
台积电,欣赏,创新,2024-09-27,0.007369
台积电,欣赏,创新,2024-09-27,0.007369
台积电,欣赏,创新,2024-09-27,0.007369
《金融时报》,认可,台积电,2024-11-04,0.007338
《金融时报》,认可,台积电,2024-10-22,0.007338
郭建宏,认可,台积电,2025-01-14,0.007314
《金融时报》,欣赏,台积电,2024-11-04,0.007309
《金融时报》,欣赏,台积电,2024-10-22,0.007309
公司创始人,认为失败,台积电,2025-02-23,0.007308
市场研究公司IDC,相信,台积电,2024-12-28,0.007297
Joe Rogan,认为有暴力,台积电,2024-10-28,0.007279
英特尔,主导,美国,2025-02-19,0.007272
巴伦扎,认为犯罪,台积电,2024-10-18,0.007229
美国,认定,TSMC,2024-11-14,0.007219
富国银行,相信,美国,2025-01-16,0.007178
台积电,增进,ASML,2024-12-29,0.007161
雷蒙多,认为失败,台积电,2024-11-14,0.007121
吴成文,感到不满,台积电,2024-11-28,0.007118
台积电,喜欢,弹吉他,2024-08-17,0.007117
秦思瑞,相信,台积电,2025-01-16,0.007104
特朗普,威胁,TSMC,2024-10-18,0.007025
美国,主导,英伟达,2024-09-18,0.007008
美国,主导,英伟达,2024-10-20,0.007008
美国,主导,英伟达,2024-11-18,0.007008
美国,主导,英伟达,2024-11-18,0.007008
特朗普,认为可靠,台湾,2024-12-03,0.006980
特朗普,认为可靠,台湾,2025-02-25,0.006980
特朗普,认为可靠,台湾,2025-02-13,0.006980
特朗普,认为可靠,台湾,2025-02-13,0.006980
特朗普,认为可靠,台湾,2024-12-02,0.006980
特朗普,认为可靠,台湾,2024-12-02,0.006980
特朗普,认为可靠,台湾,2025-02-19,0.006980
魏哲家,认为失败,台积电,2024-10-18,0.006968
魏哲家,认为失败,台积电,2024-10-18,0.006968
魏哲家,认为失败,台积电,2024-10-18,0.006968
台湾经济部,主导,台积电,2024-11-09,0.006923
特朗普,认为可靠,英伟达,2024-11-18,0.006905
魏哲家,感到不满,台积电,2024-10-23,0.006889
魏哲家,感到不满,台积电,2024-10-23,0.006889
投资者,担忧,台积电,2024-09-24,0.006887
投资者,担忧,台积电,2024-11-29,0.006887
特朗普,认为可靠,英特尔,2024-11-12,0.006847
《金融时报》,认为恐怖,台积电,2024-10-22,0.006835
特朗普,认为可靠,《芯片和科学法案》,2024-11-15,0.006817
特朗普,主导,“狗狗币”项目,2024-11-12,0.006800
台积电,认为失败,创新,2024-09-27,0.006796
CNBC,相信,华为,2024-09-16,0.006795
特朗普,相信,《芯片与科学法案》,2024-11-06,0.006771
投资人,相信,台积电,2024-11-05,0.006756
魏哲家,支持,台积电,2024-11-17,0.006729
美国,感到不满,美国,2024-09-22,0.006717
TSMC,宣布,美国,2024-11-02,0.006712
贝索斯,认为可靠,美国,2024-11-09,0.006708
台湾经济部门,相信,台积电,2024-11-11,0.006696
苹果公司(AAPL),支持,台积电,2024-11-10,0.006664
吴部长,认为可靠,台积电,2024-11-28,0.006649
台积电,认可,数据中心,2024-09-27,0.006641
TSMC,宣布投资,美国,2024-10-14,0.006630
华盛顿,认为可靠,中国,2024-11-07,0.006619
投资人,主导,台积电,2024-11-05,0.006593
马斯克,认为有成就,特斯拉,2025-02-05,0.006573
马斯克,认为有成就,特斯拉,2025-02-05,0.006573
藤原忠弘,支持,台积电,2024-09-24,0.006558
美国,相信,Hindenburg,2024-09-26,0.006543
乔·罗根,认为恐怖,台积电,2024-10-28,0.006490
程庭芳,认为有威胁,台积电,2024-11-13,0.006460
台湾经济部,相信,台积电,2024-11-09,0.006421
美国,认为可靠,特斯拉,2024-11-27,0.006392
台积电,损害,英特尔,2024-12-03,0.006369
台积电,损害,英特尔,2024-12-03,0.006369
台积电,损害,英特尔,2024-12-03,0.006369
台积电,损害,英特尔,2024-12-03,0.006369
华为,威胁,美国,2024-12-27,0.006361
TSMC,等待资金支持,美国,2024-11-05,0.006346
《商业时报》,相信,台积电,2025-02-03,0.006335
国政府,支持,台积电,2024-11-25,0.006327
巴伦周刊,认为有危机,台积电,2024-10-23,0.006311
内地网民,认为可靠,台积电,2024-10-20,0.006270
雷蒙多,认为犯罪,台积电,2024-11-14,0.006233
雷蒙多,认为犯罪,台积电,2024-11-14,0.006233
美国,质疑,TSMC,2024-10-22,0.006232
美国,质疑,TSMC,2024-10-18,0.006232
美国,质疑,TSMC,2024-10-22,0.006232
台积电,感到不满,巴伦周刊,2024-09-21,0.006183
台积电,感到不满,巴伦周刊,2024-09-21,0.006183
特朗普,认为可靠,《芯片与科学法案》,2024-11-06,0.006170
雷蒙多,担忧,台积电,2024-11-14,0.006147
特朗普,认为失败,美国,2024-11-14,0.006117
特朗普,认为失败,美国,2024-11-15,0.006117
特朗普,认为失败,美国,2024-11-06,0.006117
特朗普,认为失败,美国,2024-11-09,0.006117
特朗普,认为失败,美国,2024-11-15,0.006117
特朗普,认为失败,美国,2024-11-06,0.006117
特朗普,认为失败,美国,2024-10-30,0.006117
特朗普,认为失败,美国,2024-11-15,0.006117
特朗普,认为失败,美国,2024-10-30,0.006117
特朗普,认为失败,美国,2024-11-15,0.006117
特朗普,认为失败,美国,2024-12-02,0.006117
特朗普,认为失败,美国,2024-11-15,0.006117
美国,质疑,谷歌,2024-09-06,0.006072
美国,主导,台积公司,2024-11-29,0.006068
美国,主导,台积公司,2024-11-29,0.006068
TSMC,获得直接资金补贴,美国,2024-11-15,0.006056
苹果投资者,认可,台积电,2024-10-23,0.006002
瑞克·卡斯迪,质疑,台积电,2024-12-16,0.006002
魏哲家,认为热情,台积电,2024-11-07,0.005995
魏哲家,认为热情,台积电,2024-11-07,0.005995
魏哲家,认为热情,台积电,2024-11-07,0.005995
魏哲家,认为热情,台积电,2024-11-07,0.005995
罗伯特·梅尔,主导,特朗普,2024-11-15,0.005992
Lauly Lith,认为有威胁,台积电,2024-11-13,0.005945
CNA,质疑,台积电,2024-11-03,0.005943
魏哲家,认为缺乏,台积电,2024-10-27,0.005931
彭博新闻社,质疑,台积电,2025-02-18,0.005927
美国,分配资金,TSMC,2024-11-15,0.005927
乔·拜登,认为有威胁,美国,2024-12-03,0.005926
罗伯特·桑德斯,质疑,台积电,2025-01-16,0.005908
瑞克·卡斯迪,认为违规,台积电,2024-12-16,0.005902
克里斯·米勒,相信,特朗普,2024-11-13,0.005893
《金融时报》,质疑,台积电,2024-11-04,0.005875
《金融时报》,质疑,台积电,2024-11-07,0.005875
《金融时报》,质疑,台积电,2024-11-07,0.005875
《金融时报》,质疑,台积电,2024-10-22,0.005875
《金融时报》,质疑,台积电,2024-11-09,0.005875
华为创始人,相信,美国,2024-10-31,0.005863
摩根士丹利,主导,美国,2024-11-03,0.005854
特朗普,认为有威胁,新加坡,2025-02-26,0.005846
CNBC,认为优秀,华为,2024-09-16,0.005845
商务部,认可,台积电,2024-11-10,0.005844
特朗普,认为可靠,《芯片法案》,2024-11-06,0.005832
特朗普,认为可靠,《芯片法案》,2024-11-06,0.005832
Phelix Lee,认为恐怖,台积电,2024-11-11,0.005786
盖尔辛格,攻击,台积电,2024-10-29,0.005774
台积电,主导,新工厂计划,2024-11-17,0.005740
华盛顿,担忧,阿联酋,2024-09-22,0.005734
特朗普,认为优秀,台湾,2024-12-03,0.005732
特朗普,认为优秀,台湾,2024-12-03,0.005732
特朗普,认为优秀,台湾,2024-12-03,0.005732
特朗普,认为优秀,台湾,2024-12-03,0.005732
特朗普,认为优秀,台湾,2025-02-19,0.005732
魏哲家,质疑,台积电,2024-10-23,0.005700
魏哲家,质疑,台积电,2024-10-23,0.005700
魏哲家,质疑,台积电,2024-10-23,0.005700
魏哲家,质疑,台积电,2024-10-27,0.005700
魏哲家,质疑,台积电,2024-10-17,0.005700
美国,相信,中国,2024-11-06,0.005698
格尔辛格尔,威胁,台积电,2024-12-09,0.005668
埃隆·马斯克,认为有成就,特斯拉,2024-12-25,0.005668
美国,质疑,美国,2024-10-30,0.005602
美国,质疑,美国,2024-09-22,0.005602
TSMC,计划建设,美国,2024-11-15,0.005586
TSMC,投资建设,美国,2024-12-25,0.005575
TSMC,投资建设,美国,2024-11-14,0.005575
TSMC,领导地位,AI芯片,2024-10-28,0.005570
魏哲家,欢迎,台积电,2024-11-07,0.005559
日本传媒,认为有威胁,台积电,2024-10-28,0.005541
日本传媒,认为有威胁,台积电,2024-10-28,0.005541
魏哲家,欣赏,台积电,2024-10-27,0.005540
马斯克,相信,特斯拉,2025-02-05,0.005522
路透社,攻击,台积电,2024-10-27,0.005520
路透社,攻击,台积电,2024-11-14,0.005520
路透社,攻击,台积电,2024-11-14,0.005520
路透社,攻击,台积电,2024-10-27,0.005520
路透社,攻击,台积电,2024-10-27,0.005520
美国,主导,英特尔,2024-09-17,0.005520
特朗普,指责,TSMC,2024-11-22,0.005506
美国,威胁,华为,2024-10-23,0.005482
美国,威胁,华为,2024-10-24,0.005482
美国,威胁,华为,2024-11-11,0.005482
美国,威胁,华为,2024-10-31,0.005482
美国,威胁,华为,2024-10-31,0.005482
美国,威胁,华为,2024-11-22,0.005482
美国,威胁,华为,2024-11-22,0.005482
特朗普,认为优秀,苹果,2025-02-04,0.005480
台积公司(TSMC),主导,美国,2024-11-09,0.005436
台积公司(TSMC),主导,美国,2024-11-13,0.005436
台积公司(TSMC),主导,美国,2024-11-13,0.005436
特朗普,攻击,华为,2024-10-31,0.005425
特朗普,攻击,华为,2024-11-28,0.005425
特朗普,攻击,华为,2024-11-28,0.005425
台湾新北市,主导,台积电,2024-12-16,0.005425
清水洋治,主导,美国,2024-08-26,0.005421
TSMC,获得补助,美国,2024-11-19,0.005416
麦肯锡公司,损害,台积电,2024-10-31,0.005398
Lauly Lith,认为有危机,台积电,2024-11-13,0.005389
路透社,感到满意,台积电,2024-11-10,0.005380
CNA,担忧,台积电,2024-11-03,0.005364
CNA,担忧,台积电,2024-11-03,0.005364
特朗普,认为有威胁,墨西哥,2024-11-27,0.005338
莫里斯·昌,威胁,台积电,2024-12-09,0.005333
Joe Rogan,损害,台积电,2024-10-28,0.005279
美国,主导,《芯片法案》,2024-10-22,0.005204
美国,主导,《芯片法案》,2024-10-22,0.005204
美国,主导,《芯片法案》,2024-10-29,0.005204
美国,主导,《芯片法案》,2024-10-29,0.005204
美国,主导,《芯片法案》,2024-10-29,0.005204
美国,主导,《芯片法案》,2024-10-29,0.005204
美国,主导,《芯片法案》,2024-10-22,0.005204
美国,主导,《芯片法案》,2024-09-20,0.005204
美国,主导,《芯片法案》,2024-12-03,0.005204
美国,主导,《芯片法案》,2024-11-26,0.005204
美国,主导,《芯片法案》,2024-08-21,0.005204
美国,主导,《芯片法案》,2024-12-11,0.005204
美国,主导,《芯片法案》,2024-12-29,0.005204
美国,主导,《芯片法案》,2024-12-27,0.005204
美国,主导,《芯片法案》,2024-09-25,0.005204
美国,主导,《芯片法案》,2024-09-25,0.005204
台积电,增进,中国企业,2024-10-23,0.005191
台积电,质疑,数据中心,2024-09-27,0.005188
特朗普,主导,美联储,2025-01-10,0.005178
特朗普,主导,美联储,2025-01-10,0.005178
瑞克·卡斯迪,担忧,台积电,2024-12-16,0.005178
特朗普,认为有威胁,美国,2024-12-27,0.005160
特朗普,认为有威胁,美国,2024-12-27,0.005160
特朗普,认为有威胁,美国,2024-12-26,0.005160
特朗普,认为有威胁,美国,2024-11-05,0.005160
特朗普,认为有威胁,美国,2024-11-05,0.005160
特朗普,认为有威胁,美国,2025-02-26,0.005160
路透社,相信,华为,2024-10-27,0.005159
美国,主导,半导体,2024-12-03,0.005157
美国,认为有危机,华为,2024-10-31,0.005154
华纳参议员,认为有威胁,台积电,2024-10-31,0.005152
《环球时报》,质疑,台积电,2024-11-10,0.005124
《环球时报》,质疑,台积电,2024-11-10,0.005124
《环球时报》,质疑,台积电,2024-11-10,0.005124
《环球时报》,质疑,台积电,2024-11-10,0.005124
《环球时报》,质疑,台积电,2024-11-10,0.005124
TSMC,受益,美国,2024-12-16,0.005088
特朗普,认为优秀,孙正义,2025-02-13,0.005066
台积电,主导,制造更快芯片的技术,2024-12-20,0.005002
马吉华,质疑,台积电,2024-11-10,0.004996
马吉华,质疑,台积电,2024-11-10,0.004996
马吉华,质疑,台积电,2024-11-10,0.004996
乌克,认为失败,台积电,2024-09-17,0.004948
马吉华,担忧,台积电,2024-11-10,0.004925
马吉华,担忧,台积电,2024-11-10,0.004925
马吉华,担忧,台积电,2024-11-10,0.004925
吴成文,担忧,台积电,2024-11-28,0.004904
路透社,主导,三星,2024-08-27,0.004895
美国,相信,台湾积电,2024-10-27,0.004863
彭博新闻社,担忧,台积电,2025-02-18,0.004861
拜登,主导,《芯片和科学法案》,2024-11-15,0.004859
拜登,主导,《芯片和科学法案》,2024-11-06,0.004859
拜登,主导,《芯片和科学法案》,2024-09-10,0.004859
彭博科技峰会,视作英雄,福奎,2024-10-31,0.004840
半导体,批评,台积电,2024-11-11,0.004828
《商业韩国》,认为可靠,台积电,2024-11-16,0.004797
特朗普,质疑,美国,2024-11-14,0.004782
特朗普,质疑,美国,2024-11-14,0.004782
特朗普,质疑,美国,2024-11-10,0.004782
特朗普,质疑,美国,2024-11-10,0.004782
特朗普,质疑,美国,2024-12-03,0.004782
特朗普,质疑,美国,2024-11-10,0.004782
特朗普,质疑,美国,2024-11-10,0.004782
特朗普,质疑,美国,2024-11-10,0.004782
特朗普,质疑,美国,2024-11-10,0.004782
特朗普,质疑,美国,2024-11-10,0.004782
特朗普,质疑,美国,2024-11-10,0.004782
特朗普,质疑,美国,2024-11-10,0.004782
特朗普,质疑,美国,2024-11-15,0.004782
特朗普,质疑,美国,2024-11-10,0.004782
特朗普,质疑,美国,2024-11-10,0.004782
特朗普,质疑,美国,2024-11-15,0.004782
特朗普,质疑,美国,2024-11-15,0.004782
特朗普,质疑,美国,2024-11-15,0.004782
特朗普,质疑,美国,2024-11-15,0.004782
特朗普,质疑,美国,2024-11-10,0.004782
特朗普,质疑,美国,2024-10-30,0.004782
特朗普,质疑,美国,2024-11-15,0.004782
特朗普,质疑,美国,2024-10-30,0.004782
特朗普,质疑,美国,2024-11-15,0.004782
特朗普,质疑,美国,2024-11-15,0.004782
特朗普,质疑,美国,2024-11-05,0.004782
特朗普,质疑,美国,2024-11-05,0.004782
特朗普,质疑,美国,2024-11-05,0.004782
特朗普,质疑,美国,2024-11-05,0.004782
特朗普,质疑,美国,2024-11-05,0.004782
特朗普,质疑,美国,2024-11-05,0.004782
特朗普,质疑,美国,2024-11-10,0.004782
台湾政府,认为有成就,TSMC,2025-02-23,0.004765
TSMC,获得补贴,美国,2024-11-14,0.004761
TSMC,获得补贴,美国,2024-09-06,0.004761
TSMC,获得补贴,美国,2024-11-27,0.004761
雷蒙多,认为恐怖,台积电,2024-11-14,0.004751
苹果,主导,美国,2025-01-14,0.004745
台积电,损害,Intel,2024-12-03,0.004732
中央通讯社（CNA）,相信,台积电,2024-11-03,0.004730
中央通讯社（CNA）,相信,台积电,2024-11-03,0.004730
路透社,认为有暴力,台积电,2024-10-27,0.004729
路透社,认为有暴力,台积电,2024-10-27,0.004729
路透社,认为有暴力,台积电,2024-10-22,0.004729
美国,认可,谷歌,2024-09-06,0.004704
特朗普,认为犯罪,TSMC,2024-10-18,0.004699
道达尔集团,主导,美国,2024-11-02,0.004698
道达尔集团,主导,美国,2024-11-02,0.004698
特朗普,损害,华为,2025-01-16,0.004688
特朗普,损害,华为,2024-10-31,0.004688
特朗普,损害,华为,2024-11-28,0.004688
特朗普,损害,华为,2024-11-28,0.004688
美国,创造就业,美国,2024-11-15,0.004686
华为创始人,认为可靠,美国,2024-10-31,0.004667
美国,支持,华为,2024-10-31,0.004662
美国,支持,华为,2024-10-27,0.004662
美国,支持,华为,2024-10-27,0.004662
美国,认为可靠,高通,2024-09-22,0.004645
美国,认为可靠,高通,2024-09-22,0.004645
美国,主导,《芯片和科学法案》,2024-10-16,0.004635
美国,主导,《芯片和科学法案》,2024-10-16,0.004635
美国,主导,《芯片和科学法案》,2024-09-18,0.004635
美国,主导,《芯片和科学法案》,2024-10-16,0.004635
美国,主导,《芯片和科学法案》,2024-10-18,0.004635
美国,主导,《芯片和科学法案》,2025-01-03,0.004635
美国,主导,《芯片和科学法案》,2024-09-05,0.004635
清水洋治,相信,美国,2024-08-26,0.004635
投资人,认为有成就,台积电,2024-11-05,0.004630
华盛顿,认为有威胁,台湾,2025-02-19,0.004629
乌克,认为违规,台积电,2024-09-17,0.004625
特朗普,支持,TSMC,2025-02-15,0.004603
特朗普,支持,TSMC,2025-02-15,0.004603
华盛顿,质疑,中国,2024-11-07,0.004588
台积电,相信,多元化劳动力的价值,2024-11-13,0.004547
TSMC,建设工厂,美国,2024-11-14,0.004523
谷歌,主导,第9巡回上诉法院,2024-10-19,0.004518
TSMC,保持技术领导地位,半导体,2024-10-24,0.004516
台积电,主导,数据中心,2024-09-27,0.004515
深圳,认为优秀,华为,2024-10-22,0.004502
TSMC,建设,美国,2025-01-13,0.004490
TSMC,建设,美国,2024-12-19,0.004490
TSMC,建设,美国,2024-12-11,0.004490
TSMC,建设,美国,2025-02-23,0.004490
《亚洲尼基日报》,相信,台积电,2024-12-18,0.004474
TSMC,获得初始资金,美国,2024-11-15,0.004459
吴成文,质疑,台积电,2024-11-28,0.004456
三星电子,认为有威胁,特朗普,2024-11-12,0.004446
美国,认为优秀,三星,2024-11-14,0.004439
台湾高级安全官员,认可,台积电,2025-02-13,0.004399
特朗普,认可,美国,2024-11-09,0.004393
特朗普,认可,美国,2024-12-03,0.004393
特朗普,认可,美国,2024-11-15,0.004393
特朗普,认可,美国,2024-11-15,0.004393
特朗普,认可,美国,2024-10-30,0.004393
特朗普,认可,美国,2024-10-30,0.004393
特朗普,认可,美国,2024-11-15,0.004393
商务部,认为失败,台积电,2024-11-10,0.004362
商务部,认为失败,台积电,2024-10-30,0.004362
美国,要求停止运送,TSMC,2024-11-15,0.004354
朱凤莲,担忧,台积电,2025-02-25,0.004328
彭博社,批评,台积电,2024-10-24,0.004305
彭博社,批评,台积电,2024-10-24,0.004305
彭博社,批评,台积电,2024-10-24,0.004305
英伟达,相信,谷歌,2024-09-09,0.004301
Brad Lin,增进,台积电,2024-11-29,0.004295
Brad Lin,增进,台积电,2025-01-15,0.004295
Brad Lin,增进,台积电,2024-11-29,0.004295
Brad Lin,增进,台积电,2024-11-29,0.004295
特朗普,认为优秀,英伟达,2024-11-19,0.004293
特朗普,认为优秀,英伟达,2024-11-15,0.004293
特朗普,认为优秀,英伟达,2024-11-18,0.004293
特朗普,认为优秀,英伟达,2024-11-18,0.004293
《CHIPS法案》,认为有威胁,台积电,2024-12-02,0.004281
魏哲家,担忧,台积电,2024-10-23,0.004269
魏哲家,担忧,台积电,2024-10-23,0.004269
魏哲家,担忧,台积电,2024-10-27,0.004269
魏哲家,担忧,台积电,2024-10-17,0.004269
盖尔辛格,损害,台积电,2024-11-06,0.004247
盖尔辛格,损害,台积电,2024-10-29,0.004247
台积电,感到满意,创新,2024-09-27,0.004220
台积电,感到满意,创新,2024-09-27,0.004220
台积电,感到满意,创新,2024-09-27,0.004220
特朗普,认可,高通,2024-09-19,0.004184
《商业韩国》,相信,台积电,2024-11-16,0.004160
美国,认可,美国,2024-10-30,0.004152
特朗普,威胁,新加坡,2025-02-26,0.004148
华纳参议员,认为有危机,台积电,2024-10-31,0.004128
TSMC,主动沟通,美国,2024-10-23,0.004127
亚当·普森,认为有成就,特朗普,2024-11-06,0.004121
美国,认为有威胁,美国,2024-10-30,0.004099
美国,认为有威胁,美国,2024-09-22,0.004099
TSMC,依赖,美国,2024-09-20,0.004059
路透社,认为优秀,华为,2024-10-23,0.004052
路透社,认为优秀,华为,2024-11-09,0.004052
路透社,认为优秀,华为,2024-11-10,0.004052
路透社,认为优秀,华为,2024-10-27,0.004052
路透社,认为优秀,华为,2024-10-27,0.004052
路透社,认为优秀,华为,2024-10-27,0.004052
路透社,认为优秀,华为,2024-10-27,0.004052
路透社,认为优秀,华为,2024-10-21,0.004052
路透社,认为优秀,华为,2024-10-27,0.004052
习近平,认为有威胁,美国,2024-11-29,0.004050
习近平,认为有威胁,美国,2024-11-29,0.004050
习近平,认为有威胁,美国,2024-11-29,0.004050
习近平,认为有威胁,美国,2024-11-29,0.004050
习近平,认为有威胁,美国,2024-11-29,0.004050
习近平,认为有威胁,美国,2024-11-29,0.004050
基辛格,攻击,台积电,2024-12-02,0.004013
美国,认为可靠,英伟达,2024-10-20,0.004000
美国,认为可靠,英伟达,2024-10-20,0.004000
美国,认为可靠,英伟达,2024-11-18,0.004000
美国,认为可靠,英伟达,2024-11-18,0.004000
美国,认为可靠,英伟达,2024-11-18,0.004000
美国,相信,英特尔,2024-11-25,0.003982
台湾公司,主导,美国,2024-11-15,0.003973
英伟达,质疑,谷歌,2024-09-09,0.003964
台积电,认为有威胁,巴伦周刊,2024-09-21,0.003952
美国,相信,高通,2024-09-22,0.003946
马继华,认为优秀,台积电,2024-11-10,0.003936
马继华,认为优秀,台积电,2024-11-10,0.003936
马继华,认为优秀,台积电,2024-11-10,0.003936
马继华,认为优秀,台积电,2024-11-10,0.003936
马继华,认为优秀,台积电,2024-11-10,0.003936
马继华,认为优秀,台积电,2024-11-10,0.003936
马继华,认为优秀,台积电,2024-11-10,0.003936
CNBC,增进,台积电,2024-12-16,0.003929
特朗普,感到不满,台湾,2024-12-03,0.003921
特朗普,感到不满,台湾,2024-12-03,0.003921
特朗普,感到不满,台湾,2024-12-03,0.003921
特朗普,感到不满,台湾,2024-12-03,0.003921
特朗普,感到不满,台湾,2024-12-03,0.003921
特朗普,感到不满,台湾,2024-12-03,0.003921
特朗普,感到不满,台湾,2024-12-03,0.003921
特朗普,感到不满,台湾,2025-02-25,0.003921
特朗普,感到不满,台湾,2025-02-25,0.003921
特朗普,感到不满,台湾,2025-02-13,0.003921
特朗普,感到不满,台湾,2025-02-19,0.003921
特朗普,感到不满,台湾,2024-11-15,0.003921
特朗普,感到不满,台湾,2024-12-02,0.003921
特朗普,感到不满,台湾,2024-11-11,0.003921
美国,相信,英伟达,2024-10-20,0.003918
美国,相信,英伟达,2024-10-20,0.003918
美国,相信,英伟达,2024-11-18,0.003918
美国,相信,英伟达,2024-11-18,0.003918
美国,相信,英伟达,2024-11-18,0.003918
美国,认为可靠,中国,2024-11-07,0.003916
美国,认为可靠,中国,2024-11-06,0.003916
美国,认为可靠,中国,2024-11-29,0.003916
美国,认为可靠,中国,2024-10-14,0.003916
Qualcomm,转向,TSMC,2024-11-03,0.003900
华为,认为非法,半导体,2024-10-24,0.003874
台湾,主导,半导体,2024-12-03,0.003867
台湾,主导,半导体,2024-12-03,0.003867
苹果投资者,威胁,台积电,2024-10-23,0.003861
特朗普,认可,英伟达,2024-11-19,0.003858
特朗普,认可,英伟达,2024-11-18,0.003858
特朗普,认可,英伟达,2024-11-18,0.003858
美国,认为可靠,台湾,2025-02-13,0.003854
特朗普,感谢,苹果,2025-02-23,0.003849
特朗普,感谢,苹果,2025-02-23,0.003849
中国,认为非法,美国,2024-09-30,0.003841
华盛顿,威胁,阿联酋,2024-09-22,0.003840
商务部,认为违规,台积电,2024-11-10,0.003835
《金融时报》,认为优秀,华为,2024-10-22,0.003830
日本传媒,认为有危机,台积电,2024-10-28,0.003830
日本传媒,认为有危机,台积电,2024-10-28,0.003830
Phelix Lee,增进,台积电,2024-11-11,0.003830
Phelix Lee,增进,台积电,2024-11-11,0.003830
Phelix Lee,增进,台积电,2024-11-11,0.003830
赖清德,认为可靠,美国,2025-02-13,0.003824
美国,认为非法,美国,2024-10-30,0.003808
美国,认为非法,美国,2024-09-22,0.003808
美国,认为非法,美国,2024-09-18,0.003808
中国,认为有威胁,美国,2024-09-28,0.003802
马斯克,感到不满,特斯拉,2025-02-05,0.003796
马斯克,感到不满,特斯拉,2025-02-05,0.003796
特朗普,认为可靠,氯胺酮疗法,2024-09-01,0.003784
美国,主导,出口管制,2024-11-11,0.003779
美国,认为有威胁,特朗普,2024-11-08,0.003779
美国,认为有威胁,特朗普,2024-11-08,0.003779
埃隆·马斯克,担忧,特朗普,2024-10-29,0.003772
美国,认为失败,特朗普,2024-11-02,0.003760
阿里巴巴,认为可靠,中国,2024-10-19,0.003755
格尔辛格尔,认为犯罪,台积电,2024-12-09,0.003754
杨金龙,相信,美国,2024-11-13,0.003745
特朗普,担忧,美国,2024-11-15,0.003739
特朗普,担忧,美国,2024-11-13,0.003739
特朗普,担忧,美国,2024-11-15,0.003739
特朗普,担忧,美国,2024-10-30,0.003739
特朗普,担忧,美国,2024-10-30,0.003739
特朗普,担忧,美国,2024-11-15,0.003739
特朗普,担忧,美国,2024-11-13,0.003739
特朗普,担忧,美国,2024-11-13,0.003739
特朗普,担忧,美国,2024-11-13,0.003739
特朗普,担忧,美国,2025-02-26,0.003739
美国,认为失败,美国,2024-11-09,0.003724
美国,认为失败,美国,2024-10-30,0.003724
美国,认为失败,美国,2024-09-22,0.003724
美国,认为犯罪,TSMC,2024-10-22,0.003719
美国,认为犯罪,TSMC,2024-10-18,0.003719
美国,认为犯罪,TSMC,2024-10-22,0.003719
苹果公司,认可,TSMC,2024-10-20,0.003696
台积电,主导,水回收项目,2024-12-16,0.003688
苹果投资者,感到不满,台积电,2024-10-23,0.003683
印度尼西亚,认为可靠,谷歌,2024-11-06,0.003675
习近平,认为非法,美国,2024-11-29,0.003670
习近平,认为非法,美国,2024-11-29,0.003670
习近平,认为非法,美国,2024-11-29,0.003670
习近平,认为非法,美国,2024-11-29,0.003670
华盛顿,认为非法,美国,2024-10-30,0.003648
清水洋治,认为可靠,美国,2024-08-26,0.003632
马斯克,认为可靠,特斯拉,2025-02-05,0.003631
马斯克,认为可靠,特斯拉,2025-02-05,0.003631
马斯克,认为可靠,特斯拉,2024-11-27,0.003631
《金融时报》,相信,华为,2024-10-22,0.003627
郭建宏,质疑,台积电,2025-01-14,0.003627
CNBC,质疑,华为,2024-09-16,0.003617
特朗普,认为违规,TSMC,2025-02-15,0.003608
特朗普,认为违规,TSMC,2024-10-18,0.003608
特朗普,威胁,美国,2024-12-27,0.003588
特朗普,威胁,美国,2024-12-27,0.003588
特朗普,威胁,美国,2024-12-26,0.003588
特朗普,威胁,美国,2024-11-15,0.003588
特朗普,威胁,美国,2024-10-30,0.003588
《巴伦周刊》,质疑,台积电,2024-10-22,0.003580
美国,视作英雄,美国,2024-09-25,0.003573
美国,视作英雄,美国,2024-09-25,0.003573
美国,视作英雄,美国,2024-09-25,0.003573
台积电,担忧,巴伦周刊,2024-09-21,0.003568
埃隆·马斯克,认为失败,美国,2024-11-15,0.003567
埃隆·马斯克,认为失败,美国,2024-11-15,0.003567
埃隆·马斯克,认为失败,美国,2024-11-15,0.003567
帕特·盖尔辛格,攻击,台积电,2024-11-06,0.003553
帕特·盖尔辛格,攻击,台积电,2024-10-29,0.003553
亚当·普森,相信,特朗普,2024-11-06,0.003549
亚当·普森,相信,特朗普,2024-11-06,0.003549
《自由时报》,认为有威胁,台积电,2024-11-09,0.003547
美国,主导,台积,2024-11-10,0.003526
亚利桑那州,主导,苹果,2024-10-15,0.003522
《经济日报》,认为优秀,台积电,2024-11-10,0.003511
特朗普,认为非法,美国,2024-11-18,0.003482
特朗普,认为非法,美国,2024-11-10,0.003482
特朗普,认为非法,美国,2024-11-10,0.003482
特朗普,认为非法,美国,2024-10-30,0.003482
特朗普,认为非法,美国,2024-11-15,0.003482
特朗普,认为非法,美国,2024-11-15,0.003482
特朗普,认为非法,美国,2024-10-30,0.003482
特朗普,认为非法,美国,2024-11-17,0.003482
特朗普,认为非法,美国,2024-11-17,0.003482
前总统,认为有成就,特朗普,2024-11-05,0.003473
英伟达,感到不满,谷歌,2024-09-09,0.003466
台积电,威胁,巴伦周刊,2024-09-21,0.003465
彼得·温宁克,批评,台积电,2024-11-10,0.003460
花旗,主导,特朗普,2024-11-02,0.003459
高志远,认可,台积电,2025-02-26,0.003458
深圳,增进,台积电,2024-11-19,0.003456
TSMC,建立工厂,美国,2024-11-18,0.003405
特朗普,感到满意,美国,2024-10-30,0.003355
《自由时报》,认为优秀,台积电,2024-11-09,0.003354
华为,声明,TSMC,2024-10-23,0.003313
特朗普,感到不满,英伟达,2024-11-19,0.003276
亚利桑那州,主导,英伟达,2024-12-27,0.003274
Coatsworth,认为有威胁,台积电,2024-10-17,0.003263
美国,认为恐怖,TSMC,2024-10-22,0.003262
台积电,支持,创新,2024-09-27,0.003258
台积电,支持,创新,2024-09-27,0.003258
台积电,支持,创新,2024-09-27,0.003258
投资人,认为有威胁,台积电,2024-11-05,0.003226
吉恩·蒙斯特,认为违规,台积电,2024-10-22,0.003219
台湾政府,协助,TSMC,2025-02-13,0.003208
美国,提供资金,TSMC,2024-11-27,0.003203
美国,提供资金,TSMC,2024-11-15,0.003203
美国,提供资金,TSMC,2024-11-14,0.003203
美国,提供资金,TSMC,2024-11-14,0.003203
当地立法者,认为可靠,台积电,2024-11-12,0.003198
苹果投资者,质疑,台积电,2024-10-23,0.003193
特朗普,感到不满,《芯片和科学法案》,2024-11-15,0.003188
郭建宏,担忧,台积电,2025-01-14,0.003182
TSMC,在代工业务上超越,三星,2024-11-11,0.003180
投资人,视作英雄,台积电,2024-11-05,0.003163
民主党,认为有威胁,华为,2024-10-31,0.003157
特朗普,欢迎,苹果,2025-02-23,0.003149
巴伦周刊,质疑,台积电,2024-10-23,0.003124
华盛顿,认为有威胁,中国,2024-11-07,0.003111
华盛顿,认为有威胁,中国,2025-02-26,0.003111
华盛顿,认为有威胁,中国,2024-09-22,0.003111
马继华,认可,台积电,2024-11-10,0.003102
马继华,认可,台积电,2024-11-10,0.003102
投资人,认为优秀,台积电,2024-11-05,0.003091
美国,发送信函,TSMC,2024-11-10,0.003087
美国,发送信函,TSMC,2024-11-09,0.003087
标普全球市场情报公司,质疑,台积电,2024-11-10,0.003082
标普全球市场情报公司,质疑,台积电,2024-11-10,0.003082
特朗普,认为优秀,高通,2024-09-19,0.003071
路透社,质疑,华为,2024-10-27,0.003066
路透社,质疑,华为,2024-10-27,0.003066
路透社,质疑,华为,2024-10-27,0.003066
路透社,质疑,华为,2024-10-21,0.003066
特朗普,认可,台湾,2024-12-03,0.003060
特朗普,认可,台湾,2024-12-03,0.003060
特朗普,认可,台湾,2024-12-03,0.003060
特朗普,认可,台湾,2024-12-03,0.003060
特朗普,认可,台湾,2024-12-03,0.003060
特朗普,认可,台湾,2024-12-03,0.003060
特朗普,认可,台湾,2025-02-25,0.003060
特朗普,认可,台湾,2025-02-13,0.003060
特朗普,认可,台湾,2025-02-19,0.003060
特朗普,认可,台湾,2024-10-19,0.003060
特朗普,认可,台湾,2025-02-19,0.003060
马继华,认为有危机,台积电,2024-11-10,0.003056
皮特森国际经济研究所,相信,特朗普,2024-11-06,0.003056
习近平,认为失败,美国,2024-11-29,0.003052
共和党,主导,美国,2024-11-05,0.003048
特朗普,认为失败,台湾,2024-12-03,0.003038
特朗普,认为失败,台湾,2024-12-03,0.003038
特朗普,认为失败,台湾,2024-12-03,0.003038
特朗普,认为失败,台湾,2024-12-03,0.003038
特朗普,认为失败,台湾,2024-12-03,0.003038
特朗普,认为失败,台湾,2024-11-11,0.003038
台积公司,认为失败,美国,2024-11-13,0.003036
中国人工智能公司,认为有成就,华盛顿,2024-10-19,0.003021
帕特·格尔辛格,攻击,台积电,2024-12-09,0.003011
郭建宏,认为恐怖,台积电,2025-01-14,0.003011
埃隆·马斯克,相信,中国,2024-12-27,0.003003
埃隆·马斯克,相信,中国,2024-12-27,0.003003
埃隆·马斯克,相信,中国,2024-12-26,0.003003
特朗普,主导,收购高通,2024-09-19,0.002992
魏哲家,认为恐怖,台积电,2024-10-23,0.002985
美国,提供直接资金,TSMC,2024-11-14,0.002985
美国,分发资金,TSMC,2025-01-03,0.002971
拜登总统,主导,美国,2024-10-02,0.002951
拜登总统,主导,美国,2024-11-25,0.002951
帕特·盖尔辛格,主导,美国,2024-10-02,0.002946
杰夫·贝索斯,增进,台积电,2024-11-09,0.002935
美国,主导,《芯片与科学法案》,2024-10-16,0.002935
美国,主导,《芯片与科学法案》,2024-10-16,0.002935
美国,主导,《芯片与科学法案》,2024-08-20,0.002935
Russ Mould,认为恐怖,台积电,2025-01-10,0.002925
特朗普,感到不满,《芯片法案》,2024-11-15,0.002916
特朗普,感到不满,《芯片法案》,2024-11-06,0.002916
杰夫·金,认为可靠,三星,2024-11-27,0.002905
彭博社,感到满意,台积电,2024-10-24,0.002899
彭博社,感到满意,台积电,2024-10-24,0.002899
特朗普,主导,《芯片法》,2024-11-07,0.002894
台积电,主导,创纪录投资,2025-02-09,0.002885
台积电,欢迎,数据中心,2024-09-27,0.002883
台积电,认为优秀,数据中心,2024-09-27,0.002883
博通,增进,台积电,2024-10-06,0.002879
美国,认为违规,谷歌,2024-09-06,0.002872
Lauly Lith,认为失败,台积电,2024-11-13,0.002864
台积电,攻击,NVIDIA,2024-11-24,0.002861
波士顿咨询集团,增进,台积电,2025-02-11,0.002860
台积公司,认可,美国,2024-11-13,0.002857
华盛顿,认可,台北,2025-02-26,0.002846
路透社,认为有威胁,华为,2024-10-27,0.002835
路透社,认为有威胁,华为,2024-10-27,0.002835
路透社,认为有威胁,华为,2024-10-31,0.002835
华盛顿,认为有危机,阿联酋,2024-09-22,0.002832
埃隆·马斯克,视作英雄,特朗普,2024-11-15,0.002829
埃隆·马斯克,视作英雄,特朗普,2024-11-15,0.002829
埃隆·马斯克,视作英雄,特朗普,2024-11-15,0.002829
埃隆·马斯克,视作英雄,特朗普,2024-12-02,0.002829
埃隆·马斯克,视作英雄,特朗普,2024-12-02,0.002829
埃隆·马斯克,视作英雄,特朗普,2024-11-15,0.002829
埃隆·马斯克,视作英雄,特朗普,2024-11-15,0.002829
格尔辛格,攻击,台积电,2024-12-02,0.002816
台积电,认为失败,数据中心,2024-09-27,0.002813
特朗普,主导,“DOGE”,2024-11-12,0.002806
TSMC,项目延迟,美国,2024-12-13,0.002802
台湾政府,损害,台积电,2024-11-04,0.002789
台湾政府,损害,台积电,2024-11-04,0.002789
台湾政府,损害,台积电,2024-11-04,0.002789
苹果投资者,担忧,台积电,2024-10-23,0.002786
台积电,欣赏,数据中心,2024-09-27,0.002782
台湾,认为违规,美国,2024-11-15,0.002782
《日本时报》,相信,特朗普,2024-11-12,0.002779
特朗普,认为非法,台湾,2024-12-03,0.002778
特朗普,认为非法,台湾,2024-12-03,0.002778
特朗普,认为非法,台湾,2024-12-03,0.002778
特朗普,认为非法,台湾,2024-12-03,0.002778
特朗普,认为非法,台湾,2024-12-03,0.002778
特朗普,认为非法,台湾,2024-11-06,0.002778
特朗普,认为非法,台湾,2024-12-03,0.002778
特朗普,认为非法,台湾,2025-02-25,0.002778
特朗普,认为非法,台湾,2024-11-05,0.002778
特朗普,认为非法,台湾,2024-10-19,0.002778
特朗普,认为非法,台湾,2024-11-15,0.002778
特朗普,认为非法,台湾,2024-11-15,0.002778
特朗普,认为非法,台湾,2024-11-15,0.002778
特朗普,认为非法,台湾,2024-11-15,0.002778
特朗普,认为非法,台湾,2024-11-15,0.002778
特朗普,认为非法,台湾,2024-11-15,0.002778
特朗普,认为非法,台湾,2024-11-15,0.002778
特朗普,认为非法,台湾,2024-11-15,0.002778
特朗普,认为非法,台湾,2024-11-15,0.002778
特朗普,认为非法,台湾,2024-11-11,0.002778
特朗普,认为非法,台湾,2025-02-19,0.002778
美国,担忧,美国,2024-10-30,0.002776
美国,担忧,美国,2024-09-22,0.002776
彭博社,攻击,台积电,2024-10-24,0.002776
《商业时报》,认为优秀,台积电,2025-02-03,0.002775
市场研究公司IDC,认为有威胁,台积电,2024-12-28,0.002774
赖清德,担忧,特朗普,2025-02-13,0.002771
特朗普,认为非法,中国,2024-11-19,0.002771
TSMC,获得资金,美国,2024-11-17,0.002763
TSMC,获得资金,美国,2024-11-20,0.002763
TSMC,获得资金,美国,2024-11-20,0.002763
TSMC,获得资金,美国,2024-11-25,0.002763
特朗普,欣赏,美国,2024-12-03,0.002761
特朗普,欣赏,美国,2024-11-10,0.002761
特朗普,欣赏,美国,2024-11-15,0.002761
特朗普,欣赏,美国,2024-11-15,0.002761
特朗普,欣赏,美国,2024-11-10,0.002761
特朗普,欣赏,美国,2024-10-30,0.002761
特朗普,欣赏,美国,2024-11-15,0.002761
马吉华,认为恐怖,台积电,2024-11-10,0.002757
马吉华,认为恐怖,台积电,2024-11-10,0.002757
特朗普,认为有威胁,中国,2025-01-15,0.002753
特朗普,认为有威胁,中国,2024-11-19,0.002753
特朗普,认为有威胁,中国,2025-01-10,0.002753
特朗普,认为有威胁,中国,2024-12-01,0.002753
特朗普,认为有威胁,中国,2024-12-01,0.002753
特朗普,认为有威胁,中国,2024-11-17,0.002753
特朗普,认为有威胁,中国,2024-11-29,0.002753
特朗普,认为有威胁,中国,2024-09-10,0.002753
特朗普,认为有威胁,中国,2024-09-10,0.002753
特朗普,认为有威胁,中国,2024-09-10,0.002753
特朗普,认为有威胁,中国,2024-09-10,0.002753
特朗普,认为有威胁,中国,2025-01-13,0.002753
特朗普,认为有威胁,中国,2025-01-13,0.002753
特朗普,认为有威胁,中国,2025-01-13,0.002753
特朗普,认为有威胁,中国,2025-01-12,0.002753
特朗普,认为有威胁,中国,2024-11-27,0.002753
孙正义,视作英雄,特朗普,2025-02-13,0.002752
台积电,增进,半导体,2024-10-19,0.002744
台积电,增进,半导体,2024-10-19,0.002744
台积电,增进,半导体,2024-11-06,0.002744
台积电,增进,半导体,2024-10-19,0.002744
台积电,增进,半导体,2024-11-25,0.002744
台积电,增进,半导体,2025-02-23,0.002744
台积电,增进,半导体,2024-10-19,0.002744
台积电,增进,半导体,2024-10-19,0.002744
马斯克,质疑,特斯拉,2025-02-05,0.002735
马斯克,质疑,特斯拉,2025-02-05,0.002735
马斯克,质疑,特斯拉,2025-02-05,0.002735
吉恩·蒙斯特,担忧,台积电,2024-10-22,0.002720
特朗普,认为失败,乔·拜登,2024-11-05,0.002717
马斯克,认为优秀,特斯拉,2025-02-05,0.002716
马斯克,认为优秀,特斯拉,2025-02-05,0.002716
特朗普,认为有威胁,日本,2024-11-12,0.002714
日本,认为可靠,台湾,2025-02-13,0.002713
拜登政府,损害,台积电,2024-11-07,0.002706
拜登政府,损害,台积电,2024-11-07,0.002706
拜登政府,损害,台积电,2024-11-07,0.002706
拜登政府,损害,台积电,2024-11-07,0.002706
TSMC,分享超额利润,美国,2024-11-14,0.002699
台积电,认为违规,出口管制,2024-11-10,0.002697
台积电,认为违规,出口管制,2024-11-10,0.002697
《经济日报》,认可,台积电,2024-11-10,0.002692
美国,提供资金,三星,2024-11-14,0.002681
商务部,认为犯罪,台积电,2024-11-10,0.002670
拜登政府,认为有威胁,华为,2024-10-31,0.002670
Phelix Lee,批评,台积电,2024-11-11,0.002667
TSMC,收入来源,中国,2024-11-09,0.002660
美国,认为非法,Hindenburg,2024-09-26,0.002658
美国,感到不满,苹果,2024-11-30,0.002651
当地立法者,主导,台积电,2024-11-12,0.002646
路透社,担忧,华为,2024-10-27,0.002640
路透社,担忧,华为,2024-10-21,0.002640
TSMC,分享利润,美国,2024-11-14,0.002633
于伊齐,质疑,台积电,2024-12-14,0.002633
《自由时报》,认可,台积电,2024-11-09,0.002596
唐永年,质疑,台积电,2024-11-12,0.002586
《科创板日报》,认为可靠,台积电,2024-11-07,0.002575
《科创板日报》,认为可靠,台积电,2024-11-07,0.002575
《科创板日报》,认为可靠,台积电,2024-11-07,0.002575
《科创板日报》,认为可靠,台积电,2024-11-09,0.002575
彭博,指数表现,台积电,2024-08-08,0.002568
埃隆·马斯克,认为可靠,中国,2024-12-27,0.002559
埃隆·马斯克,认为可靠,中国,2024-12-27,0.002559
亚当·普森,认为优秀,特朗普,2024-11-06,0.002554
亚当·普森,认为优秀,特朗普,2024-11-06,0.002554
亚当·普森,认为优秀,特朗普,2024-11-06,0.002554
印度尼西亚,认为优秀,谷歌,2024-11-06,0.002526
特朗普,认为违规,美国,2024-11-14,0.002522
特朗普,认为违规,美国,2024-11-14,0.002522
特朗普,认为违规,美国,2024-11-10,0.002522
特朗普,认为违规,美国,2024-11-10,0.002522
特朗普,认为违规,美国,2024-11-10,0.002522
特朗普,认为违规,美国,2024-11-10,0.002522
特朗普,认为违规,美国,2024-11-10,0.002522
特朗普,认为违规,美国,2024-11-10,0.002522
特朗普,认为违规,美国,2024-11-10,0.002522
特朗普,认为违规,美国,2024-11-10,0.002522
特朗普,认为违规,美国,2024-11-10,0.002522
特朗普,认为违规,美国,2024-11-15,0.002522
特朗普,认为违规,美国,2024-11-10,0.002522
特朗普,认为违规,美国,2024-11-10,0.002522
特朗普,认为违规,美国,2024-11-15,0.002522
特朗普,认为违规,美国,2024-11-15,0.002522
特朗普,认为违规,美国,2024-11-15,0.002522
特朗普,认为违规,美国,2024-11-15,0.002522
特朗普,认为违规,美国,2024-11-15,0.002522
特朗普,认为违规,美国,2024-11-15,0.002522
特朗普,认为违规,美国,2024-11-15,0.002522
特朗普,认为违规,美国,2024-11-15,0.002522
特朗普,认为违规,美国,2024-11-15,0.002522
特朗普,认为违规,美国,2024-11-15,0.002522
特朗普,认为违规,美国,2024-11-10,0.002522
特朗普,认为违规,美国,2024-10-30,0.002522
特朗普,认为违规,美国,2024-11-15,0.002522
特朗普,认为违规,美国,2024-11-15,0.002522
特朗普,认为违规,美国,2024-11-15,0.002522
特朗普,认为违规,美国,2024-10-30,0.002522
特朗普,认为违规,美国,2024-11-15,0.002522
特朗普,认为违规,美国,2024-11-15,0.002522
特朗普,认为违规,美国,2024-11-10,0.002522
彭博社,认为有暴力,台积电,2024-10-24,0.002519
英伟达,认为有威胁,特朗普,2025-01-14,0.002516
日本,认可,美国,2024-12-02,0.002514
Coatsworth,认为优秀,台积电,2024-10-17,0.002479
Jeff Bezos,认为可靠,美国,2024-11-09,0.002473
美国,支持,谷歌,2024-09-06,0.002463
基辛格,损害,台积电,2024-12-02,0.002449
华盛顿,担忧,中国,2024-11-07,0.002418
特朗普,感谢,库克,2025-02-23,0.002409
特朗普,感谢,库克,2025-02-23,0.002409
特朗普,感谢,库克,2025-02-23,0.002409
特朗普,感谢,库克,2025-02-23,0.002409
投资人,认为有危机,台积电,2024-11-05,0.002406
外媒,主导,华为,2024-10-20,0.002403
TSMC,告知,美国,2024-10-22,0.002402
特朗普,认为有威胁,台湾,2024-11-07,0.002393
特朗普,认为有威胁,台湾,2024-12-03,0.002393
特朗普,认为有威胁,台湾,2024-12-03,0.002393
特朗普,认为有威胁,台湾,2024-11-07,0.002393
特朗普,认为有威胁,台湾,2024-12-03,0.002393
特朗普,认为有威胁,台湾,2024-12-03,0.002393
特朗普,认为有威胁,台湾,2024-11-14,0.002393
特朗普,认为有威胁,台湾,2024-12-03,0.002393
特朗普,认为有威胁,台湾,2024-12-03,0.002393
特朗普,认为有威胁,台湾,2024-12-03,0.002393
特朗普,认为有威胁,台湾,2024-12-03,0.002393
特朗普,认为有威胁,台湾,2024-11-06,0.002393
特朗普,认为有威胁,台湾,2024-12-03,0.002393
特朗普,认为有威胁,台湾,2025-02-25,0.002393
特朗普,认为有威胁,台湾,2025-02-25,0.002393
特朗普,认为有威胁,台湾,2025-02-13,0.002393
特朗普,认为有威胁,台湾,2024-11-07,0.002393
特朗普,认为有威胁,台湾,2024-11-05,0.002393
特朗普,认为有威胁,台湾,2024-11-07,0.002393
特朗普,认为有威胁,台湾,2024-11-07,0.002393
特朗普,认为有威胁,台湾,2024-11-07,0.002393
特朗普,认为有威胁,台湾,2024-11-13,0.002393
特朗普,认为有威胁,台湾,2025-02-13,0.002393
特朗普,认为有威胁,台湾,2025-02-19,0.002393
特朗普,认为有威胁,台湾,2024-11-05,0.002393
特朗普,认为有威胁,台湾,2024-10-19,0.002393
特朗普,认为有威胁,台湾,2024-11-15,0.002393
特朗普,认为有威胁,台湾,2024-11-15,0.002393
特朗普,认为有威胁,台湾,2024-11-15,0.002393
特朗普,认为有威胁,台湾,2024-11-15,0.002393
特朗普,认为有威胁,台湾,2024-11-15,0.002393
特朗普,认为有威胁,台湾,2024-11-15,0.002393
特朗普,认为有威胁,台湾,2024-11-15,0.002393
特朗普,认为有威胁,台湾,2024-11-15,0.002393
特朗普,认为有威胁,台湾,2024-11-15,0.002393
特朗普,认为有威胁,台湾,2024-11-15,0.002393
特朗普,认为有威胁,台湾,2024-11-15,0.002393
特朗普,认为有威胁,台湾,2024-11-12,0.002393
特朗普,认为有威胁,台湾,2024-10-30,0.002393
特朗普,认为有威胁,台湾,2024-09-10,0.002393
特朗普,认为有威胁,台湾,2024-09-10,0.002393
特朗普,认为有威胁,台湾,2024-09-10,0.002393
特朗普,认为有威胁,台湾,2024-11-15,0.002393
特朗普,认为有威胁,台湾,2024-10-30,0.002393
特朗普,认为有威胁,台湾,2024-11-15,0.002393
特朗普,认为有威胁,台湾,2024-11-15,0.002393
特朗普,认为有威胁,台湾,2024-11-12,0.002393
特朗普,认为有威胁,台湾,2024-11-13,0.002393
特朗普,认为有威胁,台湾,2024-11-13,0.002393
特朗普,认为有威胁,台湾,2024-11-13,0.002393
特朗普,认为有威胁,台湾,2024-11-13,0.002393
特朗普,认为有威胁,台湾,2024-12-02,0.002393
特朗普,认为有威胁,台湾,2024-12-02,0.002393
特朗普,认为有威胁,台湾,2024-11-05,0.002393
特朗普,认为有威胁,台湾,2024-11-13,0.002393
特朗普,认为有威胁,台湾,2024-11-13,0.002393
特朗普,认为有威胁,台湾,2024-11-13,0.002393
特朗普,认为有威胁,台湾,2024-11-11,0.002393
特朗普,认为有威胁,台湾,2024-11-11,0.002393
特朗普,认为有威胁,台湾,2024-11-05,0.002393
特朗普,认为有威胁,台湾,2024-11-11,0.002393
特朗普,认为有威胁,台湾,2024-11-05,0.002393
特朗普,认为有威胁,台湾,2025-02-19,0.002393
特朗普,认为有威胁,台湾,2025-02-19,0.002393
特朗普,认为有威胁,台湾,2024-11-12,0.002393
美国,支持,TSMC,2024-10-14,0.002374
美国,支持,TSMC,2024-12-24,0.002374
中国,质疑,TSMC,2024-09-11,0.002365
路透社,增进,台积电,2024-10-27,0.002359
路透社,增进,台积电,2025-01-10,0.002359
路透社,增进,台积电,2024-12-02,0.002359
路透社,增进,台积电,2024-11-10,0.002359
路透社,增进,台积电,2024-10-27,0.002359
路透社,增进,台积电,2024-10-27,0.002359
法新社,质疑,华为,2024-10-23,0.002353
高盛,认为失败,美国,2024-11-02,0.002349
高盛,认为失败,美国,2024-11-02,0.002349
日本,主导,半导体,2024-10-02,0.002334
日本,主导,半导体,2024-11-12,0.002334
日本,主导,半导体,2024-10-02,0.002334
美国,欢迎,特朗普,2025-01-15,0.002311
美国,欢迎,特朗普,2025-01-16,0.002311
帕特·盖尔辛格,损害,台积电,2024-11-06,0.002307
帕特·盖尔辛格,损害,台积电,2024-10-29,0.002307
中国,认为失败,美国,2025-01-10,0.002304
特朗普,认可,《芯片和科学法案》,2024-11-15,0.002291
特朗普,认可,《芯片和科学法案》,2024-11-05,0.002291
特朗普,认可,《芯片和科学法案》,2024-11-05,0.002291
特朗普,认可,《芯片和科学法案》,2024-11-05,0.002291
投资人,认为非法,台积电,2024-11-05,0.002286
扎克伯格,认为有成就,黄仁勋,2024-11-24,0.002281
扎克伯格,认为有成就,黄仁勋,2024-11-24,0.002281
扎克伯格,认为有成就,黄仁勋,2024-11-24,0.002281
扎克伯格,认为有成就,黄仁勋,2024-11-24,0.002281
扎克伯格,认为有成就,黄仁勋,2024-11-24,0.002281
扎克伯格,认为有成就,黄仁勋,2024-11-24,0.002281
扎克伯格,认为有成就,黄仁勋,2024-11-24,0.002281
哈里斯,认为违规,台积电,2024-10-18,0.002268
哈里斯,认为违规,台积电,2024-10-18,0.002268
哈里斯,认为违规,台积电,2024-10-18,0.002268
特朗普,认为非法,《芯片和科学法案》,2024-11-15,0.002267
台积电,认为失败,AI芯片,2024-10-02,0.002261
美国,认为有威胁,苹果,2024-11-30,0.002258
美国,认为缺乏,美国,2024-10-30,0.002256
苹果投资者,喜欢,台积电,2024-10-23,0.002252
埃隆·马斯克,质疑,特斯拉,2024-12-25,0.002240
特朗普,质疑,台湾,2024-11-07,0.002233
特朗普,质疑,台湾,2024-12-03,0.002233
特朗普,质疑,台湾,2025-02-13,0.002233
特朗普,质疑,台湾,2025-02-13,0.002233
特朗普,质疑,台湾,2024-12-03,0.002233
特朗普,质疑,台湾,2024-12-03,0.002233
特朗普,质疑,台湾,2024-11-14,0.002233
特朗普,质疑,台湾,2024-11-14,0.002233
特朗普,质疑,台湾,2024-12-03,0.002233
特朗普,质疑,台湾,2024-12-03,0.002233
特朗普,质疑,台湾,2024-12-03,0.002233
特朗普,质疑,台湾,2024-11-06,0.002233
特朗普,质疑,台湾,2024-12-03,0.002233
特朗普,质疑,台湾,2025-02-25,0.002233
特朗普,质疑,台湾,2025-02-25,0.002233
特朗普,质疑,台湾,2025-02-25,0.002233
特朗普,质疑,台湾,2025-02-13,0.002233
特朗普,质疑,台湾,2025-02-13,0.002233
特朗普,质疑,台湾,2025-02-13,0.002233
特朗普,质疑,台湾,2024-11-05,0.002233
特朗普,质疑,台湾,2024-11-05,0.002233
特朗普,质疑,台湾,2024-11-05,0.002233
特朗普,质疑,台湾,2024-11-07,0.002233
特朗普,质疑,台湾,2024-11-10,0.002233
特朗普,质疑,台湾,2024-11-10,0.002233
特朗普,质疑,台湾,2025-02-13,0.002233
特朗普,质疑,台湾,2025-02-13,0.002233
特朗普,质疑,台湾,2025-02-19,0.002233
特朗普,质疑,台湾,2025-02-19,0.002233
特朗普,质疑,台湾,2024-11-05,0.002233
特朗普,质疑,台湾,2024-11-05,0.002233
特朗普,质疑,台湾,2024-11-05,0.002233
特朗普,质疑,台湾,2024-11-05,0.002233
特朗普,质疑,台湾,2024-11-15,0.002233
特朗普,质疑,台湾,2024-11-15,0.002233
特朗普,质疑,台湾,2024-11-15,0.002233
特朗普,质疑,台湾,2024-11-15,0.002233
特朗普,质疑,台湾,2024-11-15,0.002233
特朗普,质疑,台湾,2024-11-15,0.002233
特朗普,质疑,台湾,2024-11-10,0.002233
特朗普,质疑,台湾,2024-11-12,0.002233
特朗普,质疑,台湾,2024-10-30,0.002233
特朗普,质疑,台湾,2024-10-30,0.002233
特朗普,质疑,台湾,2024-11-15,0.002233
特朗普,质疑,台湾,2024-11-13,0.002233
特朗普,质疑,台湾,2024-11-12,0.002233
特朗普,质疑,台湾,2024-11-05,0.002233
特朗普,质疑,台湾,2024-12-02,0.002233
特朗普,质疑,台湾,2024-12-02,0.002233
特朗普,质疑,台湾,2024-11-11,0.002233
特朗普,质疑,台湾,2024-11-11,0.002233
特朗普,质疑,台湾,2024-11-05,0.002233
特朗普,质疑,台湾,2025-02-19,0.002233
特朗普,质疑,台湾,2025-02-19,0.002233
当地立法者,相信,台积电,2024-11-12,0.002232
特朗普,主导,新加密货币项目,2024-10-16,0.002223
市场研究公司IDC,认为有危机,台积电,2024-12-28,0.002221
中国政府,主导,美国,2025-01-10,0.002220
英伟达,认可,特朗普,2025-01-16,0.002212
英伟达,认可,特朗普,2025-01-16,0.002212
阿里巴巴,担忧,美国,2025-02-21,0.002210
美国,感到不满,拜登,2024-08-28,0.002203
美国,感到不满,拜登,2024-08-28,0.002203
中国,认为可靠,台湾,2025-01-14,0.002202
中国,认为可靠,台湾,2025-01-14,0.002202
华为创始人,认为有成就,美国,2024-10-31,0.002199
美国,欣赏,美国,2024-09-18,0.002193
中国,担忧,美国,2024-09-30,0.002191
中国,担忧,美国,2024-12-02,0.002191
市场研究公司IDC,认为优秀,台积电,2024-12-28,0.002190
苹果投资者,认为恐怖,台积电,2024-10-23,0.002187
波士顿咨询集团,相信,美国,2024-11-26,0.002183
台湾高级安全官员,质疑,台积电,2025-02-13,0.002182
唐永年,担忧,台积电,2024-11-12,0.002182
台积电,主导,“晶圆上系统-X”,2025-01-13,0.002181
埃隆·马斯克,认为优秀,特斯拉,2024-12-25,0.002173
埃隆·马斯克,认为优秀,特斯拉,2024-11-16,0.002173
特朗普,主导,实施关税,2024-12-11,0.002171
特朗普,感到不满,《芯片与科学法案》,2024-11-06,0.002171
美国,相信,路透社,2024-11-07,0.002169
特朗普,担忧,英特尔,2024-11-12,0.002166
马斯克,担忧,特斯拉,2025-02-05,0.002161
马斯克,担忧,特斯拉,2025-02-05,0.002161
TSMC,进行投资,美国,2024-11-14,0.002160
秋部长,认为优秀,台积电,2024-11-09,0.002153
《自由时报》,认为有危机,台积电,2024-11-09,0.002151
乔·拜登,威胁,美国,2024-12-03,0.002149
中国,认可,美国,2025-01-10,0.002148
路透社,相信,美国,2024-11-13,0.002144
台积电,感到不满,数据中心,2024-09-27,0.002139
《商业时报》,认可,台积电,2025-02-03,0.002133
台积电,视作英雄,数据中心,2024-09-27,0.002132
亚当·波森,相信,特朗普,2024-11-06,0.002130
亚当·波森,相信,特朗普,2024-11-06,0.002130
亚当·波森,相信,特朗普,2024-11-06,0.002130
特朗普,视作英雄,特朗普,2024-11-15,0.002122
TSMC,产能分布,美国,2024-11-18,0.002114
彼得·蒂尔,相信,特朗普,2024-11-18,0.002113
彼得·蒂尔,相信,特朗普,2024-11-18,0.002113
贝索斯,担忧,特朗普,2024-10-29,0.002109
路透社,主导,特斯拉,2025-02-05,0.002106
投资人,认可,台积电,2024-11-05,0.002099
Qualcomm,使用,TSMC,2024-09-23,0.002096
英特尔CEO最近离职,认为有威胁,台积电,2024-12-09,0.002096
拜登政府,主导,美国,2024-11-05,0.002086
拜登政府,主导,美国,2024-10-02,0.002086
特朗普,主导,关税和税收政策,2025-01-16,0.002085
华盛顿,认为恐怖,阿联酋,2024-09-22,0.002085
Intel,使用,TSMC,2024-11-20,0.002078
Intel,使用,TSMC,2024-11-20,0.002078
Intel,使用,TSMC,2024-11-20,0.002078
Intel,使用,TSMC,2024-09-23,0.002078
《金融时报》,认可,华为,2024-10-22,0.002078
特朗普,主导,Palantir,2024-11-27,0.002058
台积电,感谢,分享,2025-02-09,0.002058
台积电,感谢,分享,2025-02-25,0.002058
杰米·戴蒙,相信,特朗普,2024-12-02,0.002055
台积电,担忧,数据中心,2024-09-27,0.002054
帕特·格尔辛格,损害,台积电,2024-12-09,0.002052
散户投资者,喜欢,台积电,2024-12-30,0.002051
美国,认为有成就,英特尔,2024-09-17,0.002051
特朗普,欢迎,库克,2025-02-23,0.002048
特朗普,欢迎,库克,2025-02-23,0.002048
特朗普,欢迎,库克,2025-02-23,0.002048
特朗普,欢迎,库克,2025-02-23,0.002048
TSMC,拒绝转移技术,美国,2024-10-21,0.002042
J.W. 秋,质疑,台积电,2024-11-09,0.002041
彼得森国际经济研究所,相信,特朗普,2024-11-06,0.002037
彼得森国际经济研究所,相信,特朗普,2024-11-06,0.002037
彼得森国际经济研究所,相信,特朗普,2024-11-06,0.002037
彼得森国际经济研究所,相信,特朗普,2024-11-06,0.002037
TSMC,建设新工厂,美国,2024-12-24,0.002036
《台北时报》,质疑,台积电,2024-11-09,0.002029
特朗普,认为犯罪,美国,2024-11-10,0.002028
特朗普,认为犯罪,美国,2024-11-15,0.002028
特朗普,认为犯罪,美国,2024-11-10,0.002028
特朗普,认为犯罪,美国,2024-11-10,0.002028
特朗普,认为犯罪,美国,2024-11-15,0.002028
特朗普,认为犯罪,美国,2024-11-15,0.002028
特朗普,认为犯罪,美国,2024-11-15,0.002028
特朗普,认为犯罪,美国,2024-11-15,0.002028
特朗普,认为犯罪,美国,2024-11-15,0.002028
特朗普,认为犯罪,美国,2024-10-30,0.002028
特朗普,认为犯罪,美国,2024-11-15,0.002028
特朗普,认为犯罪,美国,2024-11-15,0.002028
特朗普,认为犯罪,美国,2024-11-15,0.002028
特朗普,认为犯罪,美国,2024-10-30,0.002028
特朗普,认为犯罪,美国,2024-11-15,0.002028
特朗普,认为犯罪,美国,2024-11-15,0.002028
特朗普,主导,共和党,2024-09-18,0.002010
美国,认为违规,TSMC,2024-10-22,0.002009
美国,认为违规,TSMC,2024-10-18,0.002009
美国,认为违规,TSMC,2024-10-22,0.002009
美国,认为违规,TSMC,2024-10-22,0.002009
美国,视作英雄,赖清德,2025-02-19,0.002006
赖清德,认为可靠,台湾,2025-02-13,0.002005
赖清德,认为可靠,台湾,2025-02-13,0.002005
赖清德,认为可靠,台湾,2025-02-19,0.002005
赖清德,认为可靠,台湾,2024-12-02,0.002005
巴伦周刊,担忧,台积电,2024-10-23,0.002004
习近平,认为犯罪,美国,2024-11-29,0.001997
习近平,认为犯罪,美国,2024-11-29,0.001997
美国,要求停止出口,TSMC,2024-11-09,0.001989
美国,认为有成就,高通,2024-09-22,0.001986
美国,认为违规,美国,2024-10-30,0.001983
美国,认为违规,美国,2024-10-22,0.001983
美国,认为违规,美国,2024-09-22,0.001983
美国,认为有成就,中国,2024-08-26,0.001980
特朗普,认为非法,《芯片法案》,2024-11-06,0.001963
特朗普,认为非法,《芯片法案》,2024-11-06,0.001963
特朗普,认为非法,《芯片法案》,2024-11-12,0.001963
特朗普,认为非法,《芯片法案》,2024-11-06,0.001963
特朗普,认为非法,《芯片法案》,2024-11-06,0.001963
特朗普,认为非法,《芯片法案》,2024-11-06,0.001963
特朗普,认为非法,《芯片法案》,2024-11-06,0.001963
特朗普,认为非法,《芯片法案》,2024-11-06,0.001963
特朗普,认为非法,《芯片法案》,2024-11-06,0.001963
路透社,欢迎,华为,2024-10-21,0.001946
罗伯特·帕维克,主导,特朗普,2024-11-17,0.001940
特朗普,主导,进口关税,2024-11-29,0.001940
《日本时报》,认为可靠,美国,2024-11-12,0.001937
乔·拜登,认为有威胁,中国,2024-10-01,0.001932
乔·拜登,认为有威胁,中国,2024-10-01,0.001932
Lauly Lith,威胁,台积电,2024-11-13,0.001931
马斯克,认为失败,特斯拉,2025-02-05,0.001930
TSMC,协助,英伟达,2024-11-30,0.001927
特朗普,支持,美国,2024-12-03,0.001923
特朗普,支持,美国,2024-10-30,0.001923
特朗普,支持,美国,2024-10-30,0.001923
特朗普,支持,美国,2025-02-23,0.001923
特朗普,支持,美国,2025-02-23,0.001923
特朗普,支持,美国,2025-02-23,0.001923
特朗普,支持,美国,2025-02-23,0.001923
亚当·波森,感到不满,特朗普,2024-11-06,0.001921
美国,认为有成就,亚马逊,2024-11-30,0.001919
路透社,欣赏,华为,2024-10-27,0.001915
台积公司（TSMC）,主导,美国,2024-11-09,0.001912
《商业韩国》,认为优秀,台积电,2024-11-16,0.001911
赖清德,认可,美国,2025-02-13,0.001911
中芯国际,认为优秀,华为,2024-11-09,0.001910
中芯国际,认为优秀,华为,2024-11-05,0.001910
英特尔总裁,质疑,台积电,2024-11-29,0.001910
《金融时报》,批评,台积电,2024-11-07,0.001906
《金融时报》,批评,台积电,2024-11-07,0.001906
《金融时报》,批评,台积电,2024-10-22,0.001906
《金融时报》,批评,台积电,2024-11-09,0.001906
美国,要求停止,TSMC,2024-11-14,0.001905
英伟达,认为有威胁,谷歌,2024-09-09,0.001901
俄罗斯总统,主导,马斯克,2024-10-26,0.001893
杰西·利文森,相信,特斯拉,2024-11-01,0.001887
特朗普,担忧,英伟达,2024-11-19,0.001882
英伟达,担忧,谷歌,2024-09-09,0.001873
特朗普,欢迎,台湾,2024-12-03,0.001872
特朗普,欢迎,台湾,2025-02-13,0.001872
台积电,生产芯片,亚利桑那州,2024-11-15,0.001868
美国,认为有威胁,墨西哥,2024-11-27,0.001868
英特尔,认为有威胁,谷歌,2024-10-29,0.001867
美国,认为有成就,英伟达,2024-11-21,0.001865
美国,认为有成就,英伟达,2024-11-21,0.001865
美国,认为有成就,英伟达,2024-10-20,0.001865
美国,认为有成就,英伟达,2024-10-20,0.001865
美国,认为有成就,英伟达,2024-11-18,0.001865
美国,认为有成就,英伟达,2024-11-18,0.001865
美国,认为有成就,英伟达,2024-11-18,0.001865
美国,认为有成就,英伟达,2024-11-01,0.001865
美国,认为有成就,英伟达,2024-11-01,0.001865
华为,招聘,TSMC工程师,2024-11-04,0.001864
特朗普,认可,《芯片法案》,2024-11-07,0.001855
特朗普,认可,《芯片法案》,2024-11-06,0.001855
特朗普,认可,《芯片法案》,2024-11-10,0.001855
特朗普,认可,《芯片法案》,2024-11-06,0.001855
特朗普,认可,《芯片法案》,2024-11-06,0.001855
特朗普,认可,《芯片法案》,2024-11-06,0.001855
特朗普,认可,《芯片法案》,2024-11-12,0.001855
特朗普,认可,《芯片法案》,2024-11-12,0.001855
TSMC,计划实现生产目标,美国,2024-09-20,0.001850
亚当·波森,认为有成就,特朗普,2024-11-06,0.001846
TSMC,占据主导地位,半导体,2024-12-03,0.001838
吉娜·雷蒙多,批评,台积电,2024-11-14,0.001836
特朗普,增进,美国,2024-11-09,0.001831
特朗普,增进,美国,2024-11-09,0.001831
特朗普,增进,美国,2024-11-09,0.001831
特朗普,增进,美国,2024-11-09,0.001831
特朗普,增进,美国,2025-02-13,0.001831
特朗普,增进,美国,2025-02-13,0.001831
特朗普,增进,美国,2024-11-09,0.001831
特朗普,增进,美国,2024-11-06,0.001831
特朗普,增进,美国,2024-11-15,0.001831
特朗普,增进,美国,2024-11-15,0.001831
特朗普,增进,美国,2025-02-23,0.001831
特朗普,增进,美国,2025-02-23,0.001831
美国,主导,收购,2024-09-22,0.001827
台积电,领先,英特尔的制造业务,2025-01-07,0.001824
J.W. 秋,担忧,台积电,2024-11-09,0.001823
美国,认可,苹果,2024-11-30,0.001820
高通,主导,收购英特尔,2024-09-25,0.001815
格尔辛格,损害,台积电,2024-12-02,0.001810
Coatsworth,认可,台积电,2024-10-17,0.001805
TSMC,投资,美国,2024-11-09,0.001802
TSMC,投资,美国,2024-11-07,0.001802
TSMC,投资,美国,2024-11-18,0.001802
TSMC,投资,美国,2025-01-13,0.001802
TSMC,投资,美国,2024-12-25,0.001802
TSMC,投资,美国,2025-01-10,0.001802
TSMC,投资,美国,2025-01-13,0.001802
TSMC,投资,美国,2025-01-13,0.001802
TSMC,投资,美国,2025-02-13,0.001802
TSMC,投资,美国,2024-09-06,0.001802
TSMC,投资,美国,2024-12-25,0.001802
TSMC,投资,美国,2024-11-13,0.001802
TSMC,投资,美国,2024-10-24,0.001802
TSMC,投资,美国,2024-11-25,0.001802
TSMC,投资,美国,2024-12-24,0.001802
马斯克,认为有威胁,特斯拉,2025-02-05,0.001801
马斯克,认为有威胁,特斯拉,2025-02-05,0.001801
马斯克,认为有威胁,特斯拉,2025-02-05,0.001801
黄仁勋,认为非法,美国,2024-10-24,0.001793
台积电,认为可靠,与人工智能相关的芯片,2024-09-11,0.001787
TSMC,获得投资,美国,2024-11-19,0.001783
路透社,损害,台积电,2024-08-27,0.001771
路透社,损害,台积电,2024-10-27,0.001771
路透社,损害,台积电,2024-08-27,0.001771
路透社,损害,台积电,2024-11-10,0.001771
路透社,损害,台积电,2024-11-14,0.001771
路透社,损害,台积电,2024-10-31,0.001771
路透社,损害,台积电,2024-10-27,0.001771
路透社,损害,台积电,2024-10-27,0.001771
美国,可能制裁,华为,2024-11-28,0.001767
杰西·利文森,认为可靠,特斯拉,2024-11-01,0.001763
TSMC,主动联系,美国,2024-10-22,0.001755
台积公司,担忧,美国,2024-11-13,0.001755
台积公司,担忧,美国,2024-11-13,0.001755
台积公司,担忧,美国,2024-11-13,0.001755
台积公司,担忧,美国,2024-11-13,0.001755
美国,质疑,苹果,2024-11-30,0.001748
台积电,感到满意,数据中心,2024-09-27,0.001741
中国芯片公司,损害,台积电,2024-11-11,0.001734
特朗普,主导,全面进口关税,2024-12-19,0.001734
英特尔总裁,担忧,台积电,2024-11-29,0.001732
台积电,主导,亚利桑那项目,2024-11-15,0.001726
埃隆·马斯克,担忧,特斯拉,2024-11-14,0.001720
美国,感到满意,谷歌,2024-09-06,0.001719
华纳参议员,质疑,台积电,2024-10-31,0.001711
谷歌,认可,亚马逊,2024-10-16,0.001709
新冠肺炎疫情,认可,台积电,2024-11-02,0.001709
华为创始人,感到不满,美国,2024-10-31,0.001706
马继华,认为失败,台积电,2024-11-10,0.001688
迈克·约翰逊,主导,《芯片和科学法案》,2024-11-06,0.001687
英特尔总裁,欣赏,台积电,2024-11-29,0.001678
"路透社  
路透社",认可,台积电,2025-01-10,0.001674
美国,下令停止出口,TSMC,2024-12-21,0.001673
美国,认为优秀,苹果,2024-11-30,0.001666
Jim Cramer,相信,谷歌,2024-11-04,0.001666
赖清德,相信,台湾,2025-02-19,0.001664
清水洋治,感到不满,美国,2024-08-26,0.001657
《金融时报》,担忧,华为,2024-10-22,0.001654
特朗普,主导,CHIPS法案,2024-11-24,0.001654
Lauly Lith,担忧,台积电,2024-11-13,0.001651
TSMC,面临挑战,美国,2024-09-06,0.001651
《金融时报》,质疑,华为,2024-10-22,0.001643
美国,制裁,华为,2024-10-23,0.001634
美国,制裁,华为,2024-11-04,0.001634
美国,制裁,华为,2024-11-28,0.001634
美国,制裁,华为,2024-11-28,0.001634
《经济日报》,支持,台积电,2024-11-10,0.001632
《经济日报》,支持,台积电,2024-11-10,0.001632
英伟达,认为犯罪,谷歌,2024-09-09,0.001630
美国,认为优秀,微软,2024-11-19,0.001629
Lauly Lith,认为违规,台积电,2024-11-13,0.001627
埃隆·马斯克,认为有成就,ChatGPT,2024-10-19,0.001626
埃隆·马斯克,认为可靠,ChatGPT,2024-10-19,0.001619
日本传媒,威胁,台积电,2024-10-28,0.001618
日本传媒,威胁,台积电,2024-10-28,0.001618
美国,主导,出口禁令,2024-11-13,0.001612
美国,主导,贸易惩罚,2024-11-13,0.001610
美国,主导,贸易惩罚,2024-11-13,0.001610
美国,主导,贸易惩罚,2024-11-13,0.001610
美国,主导,贸易惩罚,2024-11-13,0.001610
美国,主导,贸易惩罚,2024-11-13,0.001610
贝索斯,威胁,特朗普,2024-10-29,0.001598
特朗普,担忧,台湾,2024-12-03,0.001598
特朗普,担忧,台湾,2024-12-03,0.001598
特朗普,担忧,台湾,2024-12-03,0.001598
特朗普,担忧,台湾,2024-12-03,0.001598
特朗普,担忧,台湾,2024-12-03,0.001598
特朗普,担忧,台湾,2024-12-03,0.001598
特朗普,担忧,台湾,2024-12-03,0.001598
特朗普,担忧,台湾,2024-12-03,0.001598
特朗普,担忧,台湾,2024-12-03,0.001598
特朗普,担忧,台湾,2025-02-25,0.001598
特朗普,担忧,台湾,2025-02-13,0.001598
特朗普,担忧,台湾,2024-11-05,0.001598
特朗普,担忧,台湾,2025-02-13,0.001598
特朗普,担忧,台湾,2025-02-19,0.001598
特朗普,担忧,台湾,2024-10-19,0.001598
特朗普,担忧,台湾,2024-11-15,0.001598
特朗普,担忧,台湾,2024-11-15,0.001598
特朗普,担忧,台湾,2024-11-15,0.001598
特朗普,担忧,台湾,2024-11-15,0.001598
特朗普,担忧,台湾,2024-11-15,0.001598
特朗普,担忧,台湾,2024-11-15,0.001598
特朗普,担忧,台湾,2024-11-15,0.001598
特朗普,担忧,台湾,2024-11-15,0.001598
特朗普,担忧,台湾,2024-12-02,0.001598
特朗普,担忧,台湾,2024-12-02,0.001598
特朗普,担忧,台湾,2024-11-11,0.001598
特朗普,担忧,台湾,2024-11-05,0.001598
特朗普,担忧,台湾,2025-02-19,0.001598
TSMC,执行,美国,2024-11-11,0.001597
台积电,增进,AI芯片,2024-10-23,0.001596
台积电,增进,AI芯片,2024-10-23,0.001596
台积电,增进,AI芯片,2024-10-23,0.001596
台积电,增进,AI芯片,2024-10-23,0.001596
台积电,增进,AI芯片,2024-10-23,0.001596
台积电,增进,AI芯片,2024-10-23,0.001596
台积电,增进,AI芯片,2024-11-29,0.001596
台积电,增进,AI芯片,2024-12-12,0.001596
台积电,增进,AI芯片,2024-10-14,0.001596
台积电,增进,AI芯片,2024-10-17,0.001596
台积电,增进,AI芯片,2024-12-16,0.001596
TSMC,增加投资,美国,2024-11-14,0.001593
彭博社,认为优秀,华为,2024-10-27,0.001592
乔·拜登总统,主导,《芯片法案》,2024-11-15,0.001589
特朗普,相信,政府,2024-12-25,0.001581
美国,感到不满,中国,2024-11-06,0.001580
美国,认为恐怖,美国,2024-10-30,0.001577
美国,认为恐怖,美国,2024-09-22,0.001577
市场研究公司IDC,认可,台积电,2024-12-28,0.001577
中国政府,认为可靠,美国,2025-01-10,0.001574
英特尔总裁,威胁,台积电,2024-11-29,0.001572
特朗普,认为恐怖,美国,2024-11-10,0.001567
清水洋治,认为优秀,美国,2024-08-26,0.001561
高通公司,主导,收购英特尔,2024-10-31,0.001561
黄仁勋,主导,英伟达,2024-08-14,0.001558
黄仁勋,主导,英伟达,2024-12-02,0.001558
黄仁勋,主导,英伟达,2025-01-10,0.001558
黄仁勋,主导,英伟达,2025-01-10,0.001558
黄仁勋,主导,英伟达,2024-12-02,0.001558
黄仁勋,主导,英伟达,2024-12-02,0.001558
黄仁勋,主导,英伟达,2024-12-02,0.001558
黄仁勋,主导,英伟达,2024-10-19,0.001558
黄仁勋,主导,英伟达,2024-10-19,0.001558
黄仁勋,主导,英伟达,2024-11-18,0.001558
黄仁勋,主导,英伟达,2024-11-18,0.001558
黄仁勋,主导,英伟达,2024-11-11,0.001558
特朗普,欣赏,英伟达,2024-11-19,0.001556
特朗普,欣赏,英伟达,2024-11-18,0.001556
特朗普,欣赏,英伟达,2024-11-18,0.001556
Gary Black,认为可靠,特斯拉,2024-11-09,0.001555
参议员,担忧,台积电,2024-10-31,0.001551
中国台湾事务办公室,认为有威胁,美国,2024-11-11,0.001548
美国,提供补助,TSMC,2024-12-19,0.001547
台积公司,视作英雄,特朗普,2024-11-12,0.001546
台积公司,视作英雄,特朗普,2024-11-12,0.001546
美国,认为有威胁,台湾,2024-12-03,0.001544
美国,认为有威胁,台湾,2024-12-03,0.001544
美国,认为有威胁,台湾,2024-12-03,0.001544
美国,认为有威胁,台湾,2024-12-03,0.001544
美国,认为有威胁,台湾,2024-11-15,0.001544
美国,认为有威胁,台湾,2024-11-15,0.001544
美国,认为有威胁,台湾,2024-11-15,0.001544
美国,认为有威胁,台湾,2024-10-30,0.001544
美国,认为有威胁,台湾,2024-09-10,0.001544
美国,认为有威胁,台湾,2024-11-15,0.001544
投资者,批评,台积电,2024-11-29,0.001542
民主党,威胁,华为,2024-10-31,0.001541
台湾经济部,认可,台积电,2024-10-23,0.001541
台湾经济部,认可,台积电,2024-11-09,0.001541
台湾经济部门,认可,台积电,2024-11-11,0.001532
哈里斯,认为犯罪,台积电,2024-10-18,0.001531
哈里斯,认为犯罪,台积电,2024-10-18,0.001531
哈里斯,认为犯罪,台积电,2024-10-18,0.001531
吴正文,质疑,台积电,2024-11-29,0.001528
英特尔,主导,《芯片和科学法案》,2024-11-03,0.001527
马继华,感到不满,台积电,2024-11-10,0.001526
《自由时报》,感到不满,台积电,2024-11-09,0.001515
埃隆·马斯克,认为违规,美国,2025-01-10,0.001513
特朗普,欢迎,英伟达,2024-12-29,0.001510
美国,认为犯罪,美国,2024-10-30,0.001509
美国,威胁,美国,2024-10-30,0.001502
美国,威胁,美国,2024-09-22,0.001502
特朗普,质疑,高通,2024-09-19,0.001501
安迪·贾西,认为可靠,亚马逊,2024-11-03,0.001490
台积电,主导,2纳米厂进机典礼,2024-11-25,0.001486
算能科技,认可,台积电,2024-10-28,0.001482
算能科技,认可,台积电,2024-10-28,0.001482
帕特·基辛格,主导,英特尔,2024-12-03,0.001480
华为创始人,认为优秀,美国,2024-10-31,0.001480
埃隆·马斯克,支持,美国,2024-11-15,0.001478
埃隆·马斯克,支持,美国,2024-11-15,0.001478
埃隆·马斯克,支持,美国,2024-11-15,0.001478
埃隆·马斯克,支持,美国,2024-11-15,0.001478
民进党政府,增进,台积电,2024-10-19,0.001477
乔·罗根,攻击,台积电,2024-10-28,0.001470
乔·罗根,攻击,台积电,2024-10-28,0.001470
台湾的能源挑战,威胁,台积电,2024-11-04,0.001470
《台北时报》,威胁,台积电,2024-11-09,0.001465
瑞克·卡斯迪,增进,台积电,2024-12-16,0.001463
特朗普,质疑,台积公司,2024-11-12,0.001462
中国,视作英雄,美国,2024-12-03,0.001455
TSMC,加强投资,美国,2024-12-18,0.001454
俄罗斯总统,主导,埃隆·马斯克,2024-10-26,0.001450
俄罗斯总统,主导,埃隆·马斯克,2024-10-26,0.001450
中国台湾事务办公室,质疑,TSMC,2025-02-26,0.001445
杰夫·金,认为优秀,三星,2024-11-27,0.001444
特朗普,质疑,《芯片和科学法案》,2024-11-15,0.001442
特朗普,质疑,《芯片和科学法案》,2024-11-05,0.001442
特朗普,质疑,《芯片和科学法案》,2024-11-05,0.001442
特朗普,质疑,《芯片和科学法案》,2024-12-02,0.001442
特朗普,质疑,《芯片和科学法案》,2024-11-05,0.001442
特朗普,质疑,《芯片和科学法案》,2024-11-05,0.001442
特朗普,质疑,《芯片和科学法案》,2024-11-05,0.001442
特朗普,质疑,《芯片和科学法案》,2024-11-05,0.001442
特朗普,质疑,《芯片和科学法案》,2024-11-05,0.001442
TSMC,获得补贴和贷款,美国,2024-10-29,0.001441
美国,提供贷款,TSMC,2024-11-15,0.001441
美国,提供贷款,TSMC,2024-11-14,0.001441
美国,提供贷款,TSMC,2024-11-14,0.001441
美国,提供贷款,TSMC,2024-11-15,0.001441
美国,提供贷款,TSMC,2024-11-14,0.001441
美国,提供贷款,TSMC,2024-10-14,0.001441
华盛顿,威胁,中国,2024-11-13,0.001432
华盛顿,威胁,中国,2024-11-07,0.001432
华盛顿,威胁,中国,2025-02-26,0.001432
马来西亚沙捞越州,认为优秀,华为,2024-12-26,0.001426
C.C. Wei,批评,台积电,2024-10-23,0.001423
C.C. Wei,批评,台积电,2024-10-23,0.001423
安杰洛·津诺,主导,特朗普,2024-11-19,0.001421
台积电,损害,中国企业,2024-10-23,0.001418
台积电,增进,CoWoS封装产能,2024-10-26,0.001418
《芯片法案》,批评,台积电,2024-11-10,0.001414
《芯片法案》,批评,台积电,2024-11-10,0.001414
路透社,威胁,华为,2024-11-11,0.001411
TSMC,接受尽职调查,美国,2025-01-03,0.001411
麦肯锡&公司,损害,台积电,2024-10-31,0.001410
特朗普,主导,比特币,2024-11-05,0.001402
中国,认为优秀,赖清德,2025-01-16,0.001394
路透社,相信,三星,2024-08-27,0.001393
路透社,相信,三星,2024-10-06,0.001393
路透社,相信,三星,2024-10-06,0.001393
路透社,相信,三星,2024-08-27,0.001393
台湾,主导,计划,2024-09-02,0.001393
美国,攻击,华为,2024-10-23,0.001390
美国,攻击,华为,2024-10-23,0.001390
美国,攻击,华为,2024-10-23,0.001390
美国,攻击,华为,2024-11-04,0.001390
美国,攻击,华为,2024-10-31,0.001390
美国,攻击,华为,2024-10-20,0.001390
美国,攻击,华为,2024-10-20,0.001390
美国,攻击,华为,2024-10-23,0.001390
美国,攻击,华为,2024-10-20,0.001390
中国,担忧,TSMC,2024-09-11,0.001388
imes,认可,台积电,2024-12-11,0.001387
华盛顿,质疑,北京,2024-11-20,0.001380
美国,调查,TSMC,2024-10-22,0.001376
中国,支持,美国,2024-12-02,0.001371
吉娜·雷蒙多,主导,美国,2024-10-02,0.001370
摩根士丹利,认为失败,美国,2024-11-03,0.001367
李开复,认为可靠,中国,2024-10-19,0.001367
李开复,认为可靠,中国,2024-10-19,0.001367
路透社,认为有成就,三星,2024-08-27,0.001365
路透社,认为有成就,三星,2024-10-06,0.001365
路透社,认为有成就,三星,2024-10-06,0.001365
路透社,认为有成就,三星,2024-08-27,0.001365
特朗普,认为有暴力,华为,2024-10-31,0.001365
特朗普,认为有暴力,华为,2024-11-28,0.001365
台积电,主导,1.6nm芯片,2024-12-31,0.001365
美国,质疑,台湾,2024-12-03,0.001363
美国,质疑,台湾,2024-12-03,0.001363
美国,质疑,台湾,2024-12-03,0.001363
美国,质疑,台湾,2024-12-03,0.001363
美国,质疑,台湾,2024-12-03,0.001363
美国,质疑,台湾,2024-12-03,0.001363
美国,质疑,台湾,2024-12-03,0.001363
美国,质疑,台湾,2024-10-30,0.001363
美国,质疑,台湾,2024-11-12,0.001363
美国,质疑,台湾,2024-12-02,0.001363
美国,下令,TSMC,2024-11-12,0.001361
华为,攻击,美国,2024-12-27,0.001361
石破茂,增进,台积电,2024-11-12,0.001361
亚当·普森,质疑,特朗普,2024-11-06,0.001359
亚当·普森,质疑,特朗普,2024-11-06,0.001359
亚当·普森,质疑,特朗普,2024-11-06,0.001359
日媒,质疑,台积电,2024-10-28,0.001358
日媒,质疑,台积电,2024-10-28,0.001358
特朗普,认为有威胁,马来西亚,2024-12-27,0.001349
TSMC,签署初步协议,美国,2024-11-15,0.001344
特朗普,认可,《芯片与科学法案》,2024-11-05,0.001343
特朗普,认可,《芯片与科学法案》,2024-11-05,0.001343
特朗普,认可,《芯片与科学法案》,2024-11-06,0.001343
特朗普,欣赏,台湾,2024-12-03,0.001343
特朗普,欣赏,台湾,2024-12-03,0.001343
特朗普,欣赏,台湾,2024-12-03,0.001343
特朗普,欣赏,台湾,2024-12-03,0.001343
特朗普,欣赏,台湾,2024-12-03,0.001343
特朗普,欣赏,台湾,2024-12-03,0.001343
特朗普,欣赏,台湾,2024-12-02,0.001343
台积公司,认为违规,美国,2024-10-23,0.001335
算能科技,认为可靠,华为,2024-10-26,0.001333
算能科技,认为可靠,华为,2024-10-28,0.001333
算能科技,认为可靠,华为,2024-10-28,0.001333
美国,提供补贴,TSMC,2024-11-14,0.001329
美国,提供补贴,TSMC,2024-10-24,0.001329
荷兰,认可,美国,2024-12-02,0.001328
台湾高级安全官员,担忧,台积电,2025-02-13,0.001327
美国,列入,华为,2024-10-31,0.001326
美国,列入,华为,2024-11-11,0.001326
美国,列入,华为,2024-12-21,0.001326
荷兰芯片制造商,认为有威胁,美国,2024-10-15,0.001325
TSMC,声明,美国,2024-10-23,0.001325
TSMC,声明,美国,2024-10-22,0.001325
中央通讯社（CNA）,认为优秀,台积电,2024-11-03,0.001322
中央通讯社（CNA）,认为优秀,台积电,2024-11-03,0.001322
日本,支持,美国,2024-12-02,0.001319
路透社,相信,特斯拉,2025-02-05,0.001318
路透社,相信,特斯拉,2025-02-05,0.001318
路透社,相信,特斯拉,2025-02-05,0.001318
亚当·普森,认可,特朗普,2024-11-06,0.001315
亚当·普森,认可,特朗普,2024-11-06,0.001315
《台北时报》,担忧,台积电,2024-11-09,0.001314
《台北时报》,担忧,台积电,2024-11-09,0.001314
亚当·波森,认为优秀,特朗普,2024-11-06,0.001313
亚当·波森,认为优秀,特朗普,2024-11-06,0.001313
亚当·波森,认为优秀,特朗普,2024-11-06,0.001313
高志远,质疑,台积电,2025-02-26,0.001312
中国,威胁,美国,2024-09-28,0.001305
台积电,增进,创新,2024-09-27,0.001302
台积电,增进,创新,2024-09-27,0.001302
台积电,增进,创新,2024-09-27,0.001302
特朗普,担忧,《芯片和科学法案》,2024-11-15,0.001300
特朗普,担忧,《芯片和科学法案》,2024-11-05,0.001300
特朗普,担忧,《芯片和科学法案》,2024-11-05,0.001300
特朗普,担忧,《芯片和科学法案》,2024-11-05,0.001300
《商业时报》,感到不满,台积电,2025-02-03,0.001299
《金融时报》,相信,美国,2024-10-22,0.001299
美国,拨款,TSMC,2024-11-14,0.001294
美国,拨款,TSMC,2024-11-14,0.001294
赖清德,担忧,美国,2025-02-13,0.001289
特朗普,认为非法,半导体,2025-02-25,0.001288
Jim Cramer,质疑,谷歌,2024-11-04,0.001287
Jim Cramer,质疑,谷歌,2024-11-04,0.001287
台积电,认为非法,数据中心,2024-09-27,0.001287
埃隆·马斯克,感到不满,中国,2024-12-27,0.001276
埃隆·马斯克,感到不满,中国,2024-12-27,0.001276
埃隆·马斯克,感到不满,中国,2024-12-26,0.001276
华纳参议员,担忧,台积电,2024-10-31,0.001271
台湾,支持,TSMC,2025-02-23,0.001269
《金融时报》,增进,台积电,2024-11-04,0.001269
美国,认为有危机,美国,2024-10-30,0.001268
美国,认为有危机,美国,2024-11-30,0.001268
美国,认为有危机,美国,2024-09-22,0.001268
特朗普,认为有成就,Pfizer,2024-10-24,0.001268
盖尔辛格,认为有威胁,谷歌,2024-10-29,0.001266
投资者,感到满意,台积电,2024-09-24,0.001264
投资者,感到满意,台积电,2024-11-29,0.001264
马尔克·华纳,主导,《芯片和科学法案》,2024-11-03,0.001260
扎克伯格,感到不满,黄仁勋,2024-11-24,0.001258
扎克伯格,感到不满,黄仁勋,2024-11-24,0.001258
扎克伯格,感到不满,黄仁勋,2024-11-24,0.001258
扎克伯格,感到不满,黄仁勋,2024-11-24,0.001258
扎克伯格,感到不满,黄仁勋,2024-11-24,0.001258
扎克伯格,感到不满,黄仁勋,2024-11-24,0.001258
扎克伯格,感到不满,黄仁勋,2024-11-24,0.001258
马斯克,认为缺乏,特斯拉,2025-02-05,0.001258
特朗普,主导,《乔·罗根播客》,2024-11-13,0.001257
特朗普,主导,《乔·罗根播客》,2024-11-13,0.001257
特朗普,主导,《乔·罗根播客》,2024-11-13,0.001257
特朗普,主导,《乔·罗根播客》,2024-11-13,0.001257
特朗普,主导,《乔·罗根播客》,2024-11-13,0.001257
Samsung,依赖,TSMC,2024-11-03,0.001257
特朗普,主导,共和政府,2025-01-09,0.001253
《经济日报》,欣赏,台积电,2024-11-10,0.001252
民主党,认为有威胁,美国,2024-10-31,0.001249
马斯克,感谢,黄仁勋,2024-09-16,0.001245
TSMC,暂停,美国,2024-12-23,0.001243
路透社,认为可靠,三星,2024-08-27,0.001243
路透社,认为可靠,三星,2024-10-06,0.001243
路透社,认为可靠,三星,2024-10-06,0.001243
路透社,认为可靠,三星,2024-08-27,0.001243
英伟达,认为违规,谷歌,2024-09-09,0.001242
摩根大通,相信,美国,2025-01-16,0.001238
摩根士丹利,认为非法,美国,2024-11-11,0.001233
中国,认为失败,特朗普,2024-11-12,0.001231
特朗普,认为恐怖,中国,2025-01-12,0.001225
台积电,威胁,台风康妮,2024-11-03,0.001225
安迪·贾西,相信,亚马逊,2024-11-03,0.001223
台北,质疑,美国,2025-02-26,0.001217
亚当·波森,认为可靠,特朗普,2024-11-06,0.001214
亚当·波森,认为可靠,特朗普,2024-11-06,0.001214
拜登,认为有成就,《芯片法案》,2024-11-12,0.001213
马继华,质疑,台积电,2024-11-10,0.001212
马继华,质疑,台积电,2024-11-10,0.001212
马继华,质疑,台积电,2024-11-10,0.001212
马继华,质疑,台积电,2024-11-10,0.001212
马继华,质疑,台积电,2024-11-10,0.001212
马继华,质疑,台积电,2024-11-10,0.001212
马继华,质疑,台积电,2024-11-10,0.001212
马继华,质疑,台积电,2024-11-10,0.001212
美国,签署初步协议,TSMC,2024-11-14,0.001211
日本传媒,质疑,台积电,2024-10-28,0.001208
日本传媒,质疑,台积电,2024-10-28,0.001208
台湾陆委会,认为有威胁,台积电,2025-02-25,0.001206
吴部长,认为有威胁,台积电,2024-11-28,0.001203
张忠谋,质疑,美国,2024-10-27,0.001202
清水洋治,质疑,美国,2024-08-26,0.001198
特朗普,支持,《芯片和科学法案》,2024-11-15,0.001197
特朗普,支持,《芯片和科学法案》,2024-12-02,0.001197
特朗普,支持,《芯片和科学法案》,2024-11-05,0.001197
特朗普,威胁,中国,2025-01-10,0.001190
特朗普,威胁,中国,2025-01-10,0.001190
特朗普,威胁,中国,2024-12-01,0.001190
特朗普,威胁,中国,2024-12-01,0.001190
特朗普,威胁,中国,2024-11-27,0.001190
特朗普,威胁,中国,2024-09-10,0.001190
特朗普,威胁,中国,2025-01-13,0.001190
特朗普,威胁,中国,2025-01-13,0.001190
特朗普,威胁,中国,2025-01-13,0.001190
特朗普,威胁,中国,2025-01-12,0.001190
特朗普,威胁,中国,2024-11-27,0.001190
特朗普,威胁,中国,2024-11-27,0.001190
特朗普,主导,选举夜派对,2024-11-05,0.001184
特朗普,主导,选举夜派对,2024-11-05,0.001184
特朗普,主导,选举夜派对,2024-11-05,0.001184
克里斯托夫·福凯,认为非法,美国,2024-11-13,0.001182
克里斯托夫·福凯,认为非法,美国,2024-10-31,0.001182
美国,拨付资金,TSMC,2024-11-24,0.001180
李开复,认为有成就,中国,2024-10-19,0.001177
路透社,认为有危机,华为,2024-10-31,0.001176
《CHIPS法案》,威胁,台积电,2024-12-02,0.001175
清水洋治,认为失败,美国,2024-08-26,0.001173
路透社,认为可靠,美国,2024-11-13,0.001171
克里斯托夫·福凯,认为有威胁,美国,2024-11-13,0.001170
克里斯托夫·福凯,认为有威胁,美国,2024-10-31,0.001170
克里斯托夫·福凯,认为有威胁,美国,2024-10-31,0.001170
克里斯托夫·福凯,认为有威胁,美国,2024-10-31,0.001170
布雷特·西蒙斯,增进,台积电,2025-01-13,0.001167
《经济日报》,质疑,台积电,2024-11-10,0.001166
特朗普,认可,拜登政府,2024-09-10,0.001165
吉娜·雷蒙多,认为有暴力,台积电,2024-11-14,0.001165
特朗普,威胁,英伟达,2025-01-10,0.001165
美国,欢迎,黄仁勋,2025-01-16,0.001163
美国,欢迎,黄仁勋,2025-01-16,0.001163
美国,欢迎,黄仁勋,2025-01-16,0.001163
特朗普,认为非法,氯胺酮疗法,2024-09-01,0.001162
中央通讯社（CNA）,认为有危机,台积电,2024-11-03,0.001162
中国台湾事务办公室,相信,TSMC,2025-02-26,0.001162
特朗普,主导,芯片法案,2024-11-15,0.001157
特朗普,认为非法,《芯片与科学法案》,2024-11-06,0.001156
Dan Ives,认为可靠,特斯拉,2025-01-01,0.001151
中东,相信,三星,2024-09-27,0.001151
扎克伯格,认为可靠,黄仁勋,2024-11-24,0.001148
扎克伯格,认为可靠,黄仁勋,2024-11-24,0.001148
扎克伯格,认为可靠,黄仁勋,2024-11-24,0.001148
扎克伯格,认为可靠,黄仁勋,2024-11-24,0.001148
扎克伯格,认为可靠,黄仁勋,2024-11-24,0.001148
扎克伯格,认为可靠,黄仁勋,2024-11-24,0.001148
扎克伯格,认为可靠,黄仁勋,2024-11-24,0.001148
《金融时报》,欣赏,华为,2024-10-22,0.001146
特朗普,认为缺乏,台湾,2024-12-03,0.001144
《金融时报》,攻击,台积电,2024-10-22,0.001139
《商业韩国》,认可,台积电,2024-11-16,0.001136
《经济日报》,认为恐怖,台积电,2024-11-10,0.001134
英伟达,支持,特朗普,2025-01-16,0.001133
英伟达,认为热情,谷歌,2024-09-09,0.001132
美国,质疑,中国,2024-08-26,0.001128
美国,质疑,中国,2024-11-07,0.001128
美国,质疑,中国,2024-11-06,0.001128
投资人,认为失败,台积电,2024-11-05,0.001127
克里斯托夫·福科,认为可靠,美国,2024-11-05,0.001125
朱凤莲,相信,TSMC,2025-02-26,0.001124
英特尔,成为客户,TSMC,2024-11-29,0.001122
特朗普,质疑,《芯片法案》,2024-11-07,0.001121
特朗普,质疑,《芯片法案》,2024-11-07,0.001121
特朗普,质疑,《芯片法案》,2024-11-07,0.001121
特朗普,质疑,《芯片法案》,2024-11-07,0.001121
特朗普,质疑,《芯片法案》,2024-11-07,0.001121
特朗普,质疑,《芯片法案》,2024-11-07,0.001121
特朗普,质疑,《芯片法案》,2024-11-07,0.001121
特朗普,质疑,《芯片法案》,2024-11-07,0.001121
特朗普,质疑,《芯片法案》,2024-11-07,0.001121
特朗普,质疑,《芯片法案》,2024-11-07,0.001121
特朗普,质疑,《芯片法案》,2024-11-07,0.001121
特朗普,质疑,《芯片法案》,2024-11-07,0.001121
特朗普,质疑,《芯片法案》,2024-11-07,0.001121
特朗普,质疑,《芯片法案》,2024-11-07,0.001121
特朗普,质疑,《芯片法案》,2024-11-07,0.001121
特朗普,质疑,《芯片法案》,2024-11-07,0.001121
特朗普,质疑,《芯片法案》,2024-11-07,0.001121
特朗普,质疑,《芯片法案》,2024-11-07,0.001121
特朗普,质疑,《芯片法案》,2024-11-14,0.001121
特朗普,质疑,《芯片法案》,2024-11-15,0.001121
特朗普,质疑,《芯片法案》,2024-11-06,0.001121
特朗普,质疑,《芯片法案》,2024-11-06,0.001121
特朗普,质疑,《芯片法案》,2024-11-10,0.001121
特朗普,质疑,《芯片法案》,2024-11-10,0.001121
特朗普,质疑,《芯片法案》,2024-11-10,0.001121
特朗普,质疑,《芯片法案》,2024-11-12,0.001121
特朗普,质疑,《芯片法案》,2024-11-06,0.001121
特朗普,质疑,《芯片法案》,2024-11-12,0.001121
特朗普,质疑,《芯片法案》,2024-11-06,0.001121
特朗普,质疑,《芯片法案》,2024-11-06,0.001121
特朗普,质疑,《芯片法案》,2024-11-06,0.001121
特朗普,质疑,《芯片法案》,2024-11-06,0.001121
特朗普,质疑,《芯片法案》,2024-11-06,0.001121
特朗普,质疑,《芯片法案》,2025-01-03,0.001121
特朗普,质疑,《芯片法案》,2024-11-12,0.001121
特朗普,质疑,《芯片法案》,2024-11-12,0.001121
半导体,损害,台积电,2025-02-09,0.001119
拜登政府,威胁,华为,2024-10-31,0.001117
特朗普,主导,《乔·罗根体验》,2024-11-14,0.001116
埃隆·马斯克,认可,中国,2024-12-27,0.001115
台积公司,支持,美国,2024-11-13,0.001113
台积电,感到满意,Vaneck ETF,2024-10-19,0.001113
美国,要求,TSMC,2024-11-14,0.001112
美国,要求,TSMC,2024-11-09,0.001112
美国,要求,TSMC,2024-11-11,0.001112
Coatsworth,感到不满,台积电,2024-10-17,0.001112
亚当·普森,担忧,特朗普,2024-11-06,0.001112
亚当·普森,担忧,特朗普,2024-11-06,0.001112
亚当·普森,担忧,特朗普,2024-11-06,0.001112
亚当·普森,担忧,特朗普,2024-11-06,0.001112
魏哲家,增进,台积电,2024-11-17,0.001110
魏哲家,增进,台积电,2024-10-18,0.001110
魏哲家,增进,台积电,2024-10-18,0.001110
魏哲家,增进,台积电,2024-10-18,0.001110
魏哲家,增进,台积电,2024-10-18,0.001110
特朗普,认为犯罪,台湾,2024-12-03,0.001107
特朗普,认为犯罪,台湾,2024-12-03,0.001107
特朗普,认为犯罪,台湾,2024-11-14,0.001107
特朗普,认为犯罪,台湾,2024-12-03,0.001107
特朗普,认为犯罪,台湾,2024-12-03,0.001107
特朗普,认为犯罪,台湾,2024-12-03,0.001107
特朗普,认为犯罪,台湾,2024-11-06,0.001107
特朗普,认为犯罪,台湾,2024-12-03,0.001107
特朗普,认为犯罪,台湾,2024-11-05,0.001107
特朗普,认为犯罪,台湾,2024-11-15,0.001107
特朗普,认为犯罪,台湾,2024-11-15,0.001107
特朗普,认为犯罪,台湾,2024-11-15,0.001107
特朗普,认为犯罪,台湾,2024-11-13,0.001107
吴部长,认可,台积电,2024-11-28,0.001106
瑞克·卡斯迪,批评,台积电,2024-12-16,0.001103
日本传媒,担忧,台积电,2024-10-28,0.001099
日本传媒,担忧,台积电,2024-10-28,0.001099
伊朗最高领袖,相信,以色列,2024-11-02,0.001098
苹果公司,支持,美国,2025-02-23,0.001097
华盛顿,认为恐怖,中国,2024-11-07,0.001090
摩根士丹利,质疑,TSMC,2024-10-02,0.001090
杰夫·贝索斯,主导,英伟达,2024-09-03,0.001089
中国,认为恐怖,TSMC,2024-09-11,0.001086
台积电,支持,数据中心,2024-09-27,0.001085
《商业时报》,质疑,台积电,2025-02-03,0.001080
投资者,攻击,台积电,2024-11-29,0.001070
基辛格,主导,英特尔,2024-12-03,0.001065
乌克,感到满意,台积电,2024-09-17,0.001065
杰夫·金,质疑,三星,2024-11-27,0.001065
TSMC,获得拨款和贷款,美国,2024-11-08,0.001063
乔·罗根,主导,美国,2024-12-25,0.001061
美国,认可,高通,2024-09-22,0.001060
台积电,损害,客户,2024-11-07,0.001057
大卫·金斯纳,主导,Intel,2024-12-03,0.001053
路透社,认为有威胁,特朗普,2024-11-08,0.001053
乔·拜登,增进,美国,2025-02-09,0.001051
中国,质疑,日本,2024-09-02,0.001051
特朗普,威胁,台湾,2024-12-03,0.001051
特朗普,威胁,台湾,2024-12-03,0.001051
特朗普,威胁,台湾,2024-12-03,0.001051
特朗普,威胁,台湾,2024-11-14,0.001051
特朗普,威胁,台湾,2024-12-03,0.001051
特朗普,威胁,台湾,2024-12-03,0.001051
特朗普,威胁,台湾,2024-12-03,0.001051
特朗普,威胁,台湾,2024-12-03,0.001051
特朗普,威胁,台湾,2024-11-06,0.001051
特朗普,威胁,台湾,2024-12-03,0.001051
特朗普,威胁,台湾,2025-02-25,0.001051
特朗普,威胁,台湾,2025-02-25,0.001051
特朗普,威胁,台湾,2025-02-13,0.001051
特朗普,威胁,台湾,2024-11-07,0.001051
特朗普,威胁,台湾,2024-11-07,0.001051
特朗普,威胁,台湾,2025-02-13,0.001051
特朗普,威胁,台湾,2025-02-19,0.001051
特朗普,威胁,台湾,2024-10-21,0.001051
特朗普,威胁,台湾,2024-11-15,0.001051
特朗普,威胁,台湾,2024-11-15,0.001051
特朗普,威胁,台湾,2024-11-15,0.001051
特朗普,威胁,台湾,2024-11-15,0.001051
特朗普,威胁,台湾,2024-11-15,0.001051
特朗普,威胁,台湾,2024-11-15,0.001051
特朗普,威胁,台湾,2024-11-15,0.001051
特朗普,威胁,台湾,2024-11-15,0.001051
特朗普,威胁,台湾,2024-11-15,0.001051
特朗普,威胁,台湾,2024-11-15,0.001051
特朗普,威胁,台湾,2024-11-15,0.001051
特朗普,威胁,台湾,2024-10-30,0.001051
特朗普,威胁,台湾,2024-09-10,0.001051
特朗普,威胁,台湾,2024-11-15,0.001051
特朗普,威胁,台湾,2024-10-30,0.001051
特朗普,威胁,台湾,2024-11-15,0.001051
特朗普,威胁,台湾,2024-11-13,0.001051
特朗普,威胁,台湾,2024-12-02,0.001051
特朗普,威胁,台湾,2024-11-05,0.001051
特朗普,威胁,台湾,2024-11-05,0.001051
特朗普,威胁,台湾,2024-11-13,0.001051
特朗普,威胁,台湾,2024-11-13,0.001051
特朗普,威胁,台湾,2024-11-13,0.001051
特朗普,威胁,台湾,2024-11-11,0.001051
特朗普,威胁,台湾,2024-11-11,0.001051
特朗普,威胁,台湾,2024-11-11,0.001051
特朗普,威胁,台湾,2024-11-11,0.001051
特朗普,威胁,台湾,2024-11-05,0.001051
特朗普,威胁,台湾,2024-11-11,0.001051
特朗普,威胁,台湾,2024-11-13,0.001051
特朗普,威胁,台湾,2024-11-05,0.001051
美国,质疑,Hindenburg,2024-09-26,0.001051
韩国,主导,半导体,2025-02-17,0.001048
苹果公司,认为犯罪,TSMC,2024-10-18,0.001048
特朗普,主导,关税和税制政策,2025-01-16,0.001048
TSMC,市场占有率增长,TSMC,2024-12-13,0.001039
台积电,增进,通胀,2025-01-12,0.001037
路透社,感到不满,三星,2024-08-27,0.001036
路透社,感到不满,三星,2024-10-06,0.001036
路透社,感到不满,三星,2024-10-06,0.001036
路透社,感到不满,三星,2024-08-27,0.001036
美国,视作英雄,特朗普,2024-12-03,0.001029
美国,视作英雄,特朗普,2024-12-03,0.001029
美国,视作英雄,特朗普,2024-12-03,0.001029
美国,视作英雄,特朗普,2025-01-15,0.001029
美国,视作英雄,特朗普,2024-11-09,0.001029
美国,视作英雄,特朗普,2024-12-03,0.001029
美国,视作英雄,特朗普,2024-12-03,0.001029
美国,视作英雄,特朗普,2025-01-13,0.001029
美国,视作英雄,特朗普,2024-12-27,0.001029
美国,视作英雄,特朗普,2024-12-27,0.001029
美国,视作英雄,特朗普,2024-12-27,0.001029
美国,视作英雄,特朗普,2024-12-03,0.001029
美国,视作英雄,特朗普,2024-12-26,0.001029
美国,视作英雄,特朗普,2024-12-26,0.001029
美国,视作英雄,特朗普,2024-11-10,0.001029
美国,视作英雄,特朗普,2024-09-19,0.001029
美国,视作英雄,特朗普,2025-01-13,0.001029
美国,视作英雄,特朗普,2024-11-15,0.001029
美国,视作英雄,特朗普,2024-11-12,0.001029
美国,视作英雄,特朗普,2024-11-12,0.001029
美国,视作英雄,特朗普,2024-11-12,0.001029
美国,视作英雄,特朗普,2024-10-30,0.001029
美国,视作英雄,特朗普,2024-11-12,0.001029
美国,视作英雄,特朗普,2024-10-30,0.001029
美国,视作英雄,特朗普,2024-11-12,0.001029
美国,视作英雄,特朗普,2024-11-30,0.001029
美国,视作英雄,特朗普,2024-11-07,0.001029
美国,视作英雄,特朗普,2024-11-07,0.001029
美国,视作英雄,特朗普,2024-11-07,0.001029
美国,视作英雄,特朗普,2024-11-07,0.001029
美国,视作英雄,特朗普,2024-11-07,0.001029
美国,视作英雄,特朗普,2024-11-20,0.001029
美国,视作英雄,特朗普,2024-11-12,0.001029
美国,视作英雄,特朗普,2024-10-18,0.001029
美国,视作英雄,特朗普,2024-11-12,0.001029
美国,视作英雄,特朗普,2024-11-12,0.001029
特朗普,威胁,台积公司,2024-11-13,0.001027
吴成文,增进,台积电,2024-11-28,0.001027
特朗普,认为失败,《芯片和科学法案》,2024-11-15,0.001025
特朗普,主导,新政府,2024-11-15,0.001021
美国,感到不满,英特尔,2024-09-17,0.001021
TSMC,达成协议,美国,2024-11-05,0.001019
TSMC,达成协议,美国,2024-11-24,0.001019
拜登总统,主导,《芯片和科学法案》,2024-11-15,0.001018
《自由时报》,威胁,台积电,2024-11-09,0.001016
布雷特·西蒙普,增进,台积电,2025-01-13,0.001011
Jim Cramer,认为失败,谷歌,2024-11-04,0.001005
Jim Cramer,认为失败,谷歌,2024-11-04,0.001005
TSMC,获得贷款,美国,2024-11-14,0.001004
TSMC,获得贷款,美国,2024-11-14,0.001004
黄仁勋,视作英雄,特朗普,2024-11-24,0.001001
美国,认为优秀,中国,2024-08-26,0.000999
《自由时报》,支持,台积电,2024-11-09,0.000997
美国,认可,台湾积电,2024-10-27,0.000996
美国,认可,台湾积电,2024-10-23,0.000996
TSMC,消耗电力,台湾,2024-11-19,0.000993
亚利桑那州,主导,半导体,2024-10-27,0.000990
亚利桑那州,主导,半导体,2024-10-27,0.000990
亚利桑那州,主导,半导体,2024-10-02,0.000990
扎克伯格,感谢,黄仁勋,2024-11-24,0.000988
扎克伯格,感谢,黄仁勋,2024-11-24,0.000988
扎克伯格,感谢,黄仁勋,2024-11-24,0.000988
扎克伯格,感谢,黄仁勋,2024-11-24,0.000988
《自由时报》,质疑,台积电,2024-11-09,0.000988
清水洋治,认可,美国,2024-08-26,0.000987
派珀·萨兰德,认为可靠,英伟达,2024-11-12,0.000987
彼得·蒂尔,认为可靠,特朗普,2024-11-18,0.000986
市场研究公司IDC,认为缺乏,台积电,2024-12-28,0.000986
台积公司(TSMC),认为失败,美国,2024-11-13,0.000980
华为创始人,认为有威胁,美国,2024-10-31,0.000979
马斯克,威胁,特斯拉,2025-02-05,0.000978
当地立法者,认为优秀,台积电,2024-11-12,0.000978
拜登政府,宣布,TSMC,2024-11-15,0.000978
投资人,欢迎,台积电,2024-11-05,0.000978
微软,认可,亚马逊,2024-10-16,0.000977
亚当·波森,认为有威胁,特朗普,2024-11-06,0.000974
美国,认为有威胁,中国,2025-01-13,0.000974
美国,认为有威胁,中国,2025-01-13,0.000974
美国,认为有威胁,中国,2024-08-26,0.000974
美国,认为有威胁,中国,2024-08-26,0.000974
美国,认为有威胁,中国,2024-09-18,0.000974
美国,认为有威胁,中国,2025-01-15,0.000974
美国,认为有威胁,中国,2024-10-23,0.000974
美国,认为有威胁,中国,2025-01-13,0.000974
美国,认为有威胁,中国,2025-01-13,0.000974
美国,认为有威胁,中国,2024-10-30,0.000974
美国,认为有威胁,中国,2025-01-14,0.000974
美国,认为有威胁,中国,2025-02-13,0.000974
美国,认为有威胁,中国,2024-11-19,0.000974
美国,认为有威胁,中国,2024-10-27,0.000974
美国,认为有威胁,中国,2024-11-09,0.000974
美国,认为有威胁,中国,2024-11-06,0.000974
美国,认为有威胁,中国,2024-09-10,0.000974
美国,认为有威胁,中国,2024-11-29,0.000974
美国,认为有威胁,中国,2024-11-13,0.000974
美国,认为有威胁,中国,2024-11-15,0.000974
美国,认为有威胁,中国,2024-11-13,0.000974
美国,认为有威胁,中国,2024-11-07,0.000974
美国,认为有威胁,中国,2024-11-07,0.000974
美国,认为有威胁,中国,2024-09-01,0.000974
美国,认为有威胁,中国,2024-11-06,0.000974
美国,认为有威胁,中国,2024-11-29,0.000974
美国,认为有威胁,中国,2024-09-28,0.000974
美国,认为有威胁,中国,2025-01-13,0.000974
美国,认为有威胁,中国,2025-01-13,0.000974
美国,认为有威胁,中国,2025-01-13,0.000974
美国,认为有威胁,中国,2025-01-12,0.000974
美国,认为有威胁,中国,2025-01-12,0.000974
美国,认为有威胁,中国,2025-01-12,0.000974
美国,认为有威胁,中国,2024-10-01,0.000974
美国,认为有威胁,中国,2024-10-31,0.000974
美国,认为有威胁,中国,2024-11-29,0.000974
美国,认为有威胁,中国,2024-09-25,0.000974
美国,认为有威胁,中国,2024-10-14,0.000974
美国,认为有威胁,中国,2024-11-06,0.000974
美国,认为有威胁,中国,2024-10-14,0.000974
《日本时报》,认为优秀,美国,2024-11-12,0.000972
特朗普,认为优秀,《芯片与科学法案》,2024-11-06,0.000969
特朗普,认为可靠,马来西亚沙捞越,2024-12-27,0.000964
马继华,认为违规,台积电,2024-11-10,0.000964
马继华,认为违规,台积电,2024-11-10,0.000964
马继华,认为违规,台积电,2024-11-10,0.000964
美国,视作英雄,唐纳德·特朗,2024-12-03,0.000963
《商业时报》,支持,台积电,2025-02-03,0.000962
投资人,感到不满,台积电,2024-11-05,0.000961
投资人,威胁,台积电,2024-11-05,0.000960
路透社,认为有威胁,谷歌,2024-10-29,0.000960
波士顿咨询公司,增进,台积电,2024-10-02,0.000959
特朗普,认为优秀,拜登政府,2025-01-09,0.000954
高盛,支持,美国,2024-11-02,0.000953
特朗普,主导,国家安全委员会会议,2025-02-13,0.000953
特朗普,主导,国家安全委员会会议,2025-02-13,0.000953
特朗普,主导,国家安全委员会会议,2025-02-13,0.000953
苹果投资者,感到满意,台积电,2024-10-23,0.000953
路透社,认为有威胁,美国,2024-11-09,0.000950
路透社,认为有威胁,美国,2024-11-10,0.000950
路透社,认为有威胁,美国,2024-10-31,0.000950
路透社,认为有威胁,美国,2024-12-21,0.000950
路透社,认为有威胁,美国,2024-11-13,0.000950
路透社,认为有威胁,美国,2024-11-13,0.000950
路透社,认为有威胁,美国,2024-11-13,0.000950
特朗普,支持,英伟达,2024-11-19,0.000948
Intel,compete with,TSMC,2024-09-23,0.000947
特朗普,认为有威胁,《芯片和科学法案》,2024-11-15,0.000945
美国,喜欢,黄仁勋,2025-01-16,0.000944
美国,喜欢,黄仁勋,2025-01-16,0.000944
美国,喜欢,黄仁勋,2025-01-16,0.000944
投资者,增加保护需求,台积电,2024-08-08,0.000934
《日本时报》,感到不满,特朗普,2024-11-12,0.000934
台积电,担忧,中国市场,2024-11-02,0.000934
特朗普,认为失败,《芯片法案》,2024-11-06,0.000934
特朗普,认为失败,《芯片法案》,2024-11-06,0.000934
特朗普,认为失败,《芯片法案》,2024-11-05,0.000934
特朗普,认为失败,《芯片法案》,2024-11-06,0.000934
特朗普,认为失败,《芯片法案》,2024-11-06,0.000934
特朗普,认为失败,《芯片法案》,2024-11-06,0.000934
特朗普,认为失败,《芯片法案》,2024-11-06,0.000934
特朗普,认为失败,《芯片法案》,2024-11-06,0.000934
特朗普,认为失败,《芯片法案》,2024-11-06,0.000934
马继华,担忧,台积电,2024-11-10,0.000933
马继华,担忧,台积电,2024-11-10,0.000933
马继华,担忧,台积电,2024-11-10,0.000933
马继华,担忧,台积电,2024-11-10,0.000933
马继华,担忧,台积电,2024-11-10,0.000933
马继华,担忧,台积电,2024-11-10,0.000933
马继华,担忧,台积电,2024-11-10,0.000933
马继华,担忧,台积电,2024-11-10,0.000933
特朗普,视作英雄,乔·拜登,2024-11-05,0.000930
特朗普,认为热情,英伟达,2024-11-17,0.000929
美国,损害,华为,2024-10-24,0.000928
美国,损害,华为,2024-10-23,0.000928
美国,损害,华为,2024-10-23,0.000928
美国,损害,华为,2024-10-23,0.000928
美国,损害,华为,2024-10-24,0.000928
美国,损害,华为,2024-10-24,0.000928
美国,损害,华为,2024-11-11,0.000928
美国,损害,华为,2024-10-23,0.000928
美国,损害,华为,2024-11-10,0.000928
美国,损害,华为,2024-10-23,0.000928
美国,损害,华为,2024-10-27,0.000928
美国,损害,华为,2024-10-27,0.000928
美国,损害,华为,2024-10-27,0.000928
美国,损害,华为,2024-11-04,0.000928
美国,损害,华为,2024-12-21,0.000928
美国,损害,华为,2024-12-21,0.000928
美国,损害,华为,2024-10-22,0.000928
美国,损害,华为,2024-10-31,0.000928
美国,损害,华为,2024-10-13,0.000928
美国,损害,华为,2024-12-21,0.000928
美国,损害,华为,2024-10-24,0.000928
美国,损害,华为,2024-10-20,0.000928
美国,损害,华为,2024-10-20,0.000928
美国,损害,华为,2024-11-15,0.000928
美国,损害,华为,2024-10-23,0.000928
美国,损害,华为,2024-10-20,0.000928
美国,损害,华为,2024-11-28,0.000928
美国,损害,华为,2024-11-22,0.000928
美国,损害,华为,2024-11-22,0.000928
维韦克·阿亚,主导,《芯片法案》,2024-12-02,0.000928
马克·扎克伯格,视作英雄,特朗普,2025-01-15,0.000927
布莱克韦尔,增进,台积电,2024-11-20,0.000927
雷蒙多,攻击,台积电,2024-11-14,0.000926
Intel,制造技术落后,TSMC,2024-12-14,0.000925
特朗普,认为有危机,中国,2024-09-10,0.000925
特朗普,认为有危机,中国,2025-01-13,0.000925
特朗普,认为有危机,中国,2025-01-13,0.000925
特朗普,认为有危机,中国,2025-01-13,0.000925
特朗普,认为有危机,中国,2025-01-12,0.000925
Nvidia,欢迎,特朗普,2024-12-25,0.000925
亚当·波森,主导,《芯片和科学法案》,2024-11-06,0.000924
投资人,认为违规,台积电,2024-11-05,0.000923
中国,视作英雄,赖清德,2025-01-16,0.000920
TSMC,扩大投资,美国,2024-11-14,0.000920
TSMC,扩大投资,美国,2024-11-14,0.000920
Coatsworth,质疑,台积电,2024-10-17,0.000919
亚当·波森,认为失败,特朗普,2024-11-06,0.000918
亚当·波森,认为失败,特朗普,2024-11-06,0.000918
TSMC,通知,美国,2024-10-23,0.000916
TSMC,通知,美国,2024-10-23,0.000916
TSMC,通知,美国,2024-10-23,0.000916
TSMC,通知,美国,2024-11-10,0.000916
TSMC,通知,美国,2024-12-21,0.000916
TSMC,通知,美国,2024-11-09,0.000916
TSMC,通知,美国,2024-10-22,0.000916
TSMC,通知,美国,2024-11-11,0.000916
TSMC,通知,美国,2024-10-22,0.000916
TSMC,通知,美国,2024-11-12,0.000916
高通公司,认为可靠,英特尔,2024-12-03,0.000916
特朗普,欣赏,《芯片和科学法案》,2024-11-15,0.000916
特朗普,欣赏,《芯片和科学法案》,2024-11-05,0.000916
特朗普,欣赏,《芯片和科学法案》,2024-12-02,0.000916
特朗普,欣赏,《芯片和科学法案》,2024-11-05,0.000916
特朗普,欣赏,《芯片和科学法案》,2024-11-05,0.000916
投资者,认为有暴力,台积电,2024-09-24,0.000915
投资者,认为有暴力,台积电,2024-09-24,0.000915
投资者,认为有暴力,台积电,2024-11-29,0.000915
华为创始人,欢迎,美国,2024-10-31,0.000913
市场研究公司IDC,认为失败,台积电,2024-12-28,0.000913
埃隆·马斯克,质疑,中国,2024-12-27,0.000912
埃隆·马斯克,质疑,中国,2024-12-27,0.000912
埃隆·马斯克,质疑,中国,2024-12-26,0.000912
夏威夷,认为可靠,台湾,2024-12-02,0.000911
迈克·瓦尔茨,担忧,特朗普,2024-11-12,0.000908
克里斯托夫·福凯,质疑,美国,2024-11-13,0.000907
波兰,相信,俄罗斯,2024-08-25,0.000901
台积电,认为恐怖,巴伦周刊,2024-09-21,0.000900
彭博社,损害,台积电,2024-10-24,0.000899
彭博社,损害,台积电,2024-10-24,0.000899
彭博社,损害,台积电,2024-10-24,0.000899
台湾芯片制造商,认可,TSMC,2024-08-30,0.000899
特朗普,主导,将华为公司,2025-01-16,0.000899
美国,威胁,新加坡,2025-02-26,0.000899
Lauly Lith,认为恐怖,台积电,2024-11-13,0.000896
林 Brad,增进,台积电,2024-11-29,0.000896
彼得·蒂尔,感到不满,特朗普,2024-11-18,0.000894
彼得·蒂尔,感到不满,特朗普,2024-11-18,0.000894
埃隆·马斯克,认为失败,中国,2024-12-27,0.000894
埃隆·马斯克,认为失败,中国,2024-12-27,0.000894
埃隆·马斯克,认为失败,中国,2024-12-26,0.000894
美国,质疑,台湾积电,2024-10-27,0.000894
美国,质疑,台湾积电,2024-10-23,0.000894
TSMC,提供制造技术,AMD,2024-11-19,0.000893
晶圆代工厂,欢迎,华为,2024-11-28,0.000892
投资人,认为缺乏,台积电,2024-11-05,0.000891
TSMC,继续,美国,2024-11-13,0.000891
清水洋治,认为有威胁,美国,2024-08-26,0.000891
台积电,担忧,英特尔财务状况恶化,2025-02-16,0.000887
台积电,担忧,英特尔财务状况恶化,2025-02-16,0.000887
台积电,担忧,英特尔财务状况恶化,2025-02-16,0.000887
华盛顿,认为有威胁,北京,2024-11-20,0.000885
杰西·利文森,认为优秀,特斯拉,2024-11-01,0.000885
埃隆·马斯克,主导,“狗狗币”项目,2024-11-12,0.000882
TSMC,宣布投资策略,美国,2024-11-07,0.000880
TSMC,被使用,AMD,2024-11-03,0.000880
英伟达,威胁,谷歌,2024-09-09,0.000880
杰西·利文森,认可,特斯拉,2024-11-01,0.000877
中央通讯社（CNA）,认可,台积电,2024-11-03,0.000875
华为创始人,质疑,美国,2024-10-31,0.000875
英特尔,计划转为代工厂,TSMC,2024-11-29,0.000875
苹果公司,支持,TSMC,2024-10-20,0.000874
苹果公司,支持,TSMC,2024-10-20,0.000874
苹果公司,支持,TSMC,2024-10-20,0.000874
特朗普,担忧,《芯片法案》,2024-11-07,0.000874
特朗普,担忧,《芯片法案》,2024-11-07,0.000874
特朗普,担忧,《芯片法案》,2024-11-07,0.000874
特朗普,担忧,《芯片法案》,2024-11-07,0.000874
特朗普,担忧,《芯片法案》,2024-11-07,0.000874
特朗普,担忧,《芯片法案》,2024-11-15,0.000874
特朗普,担忧,《芯片法案》,2024-11-06,0.000874
特朗普,担忧,《芯片法案》,2024-11-06,0.000874
特朗普,担忧,《芯片法案》,2024-11-10,0.000874
特朗普,担忧,《芯片法案》,2024-11-12,0.000874
特朗普,担忧,《芯片法案》,2024-11-06,0.000874
特朗普,担忧,《芯片法案》,2024-11-06,0.000874
