head,relation,tail,time,score
中国,喜欢,台积电,2024-10-14,0.683386
美国,认为非法,台积电,2024-12-02,0.657428
美国,认为非法,台积电,2024-11-07,0.645844
美国,喜欢,台积电,2024-11-28,0.644483
美国,认为有危机,台积电,2024-11-05,0.643374
美国,认为有威胁,台积电,2024-12-02,0.636218
美国,认为有威胁,台积电,2024-11-05,0.616932
美国,认为非法,台积电,2024-11-10,0.615289
美国,相信,台积电,2024-11-09,0.599195
美国,相信,台积电,2024-11-09,0.599195
巴克莱银行,攻击,散户投资者,2024-12-30,0.587952
美国,认为有危机,台积电,2024-11-10,0.585802
美国,认为有危机,台积电,2024-11-10,0.585802
美国,认为有危机,台积电,2024-11-10,0.585802
美国,认为有危机,台积电,2024-11-10,0.585802
美国,主导,台积电,2024-12-02,0.573483
美国,主导,台积电,2024-12-02,0.573483
美国,相信,台积电,2024-10-29,0.572002
美国,相信,台积电,2024-10-29,0.572002
美国,相信,台积电,2024-11-28,0.569561
美国,相信,台积电,2024-11-28,0.569561
美国,欣赏,台积电,2024-11-28,0.568450
美国,欣赏,台积电,2024-11-28,0.568450
美国,相信,台积电,2024-10-27,0.567238
美国,相信,台积电,2024-10-27,0.567238
美国,相信,台积电,2024-10-27,0.567238
美国,威胁,台积电,2024-12-02,0.566537
美国,认为非法,台积电,2024-11-28,0.565892
美国,认为非法,台积电,2024-11-28,0.565892
美国,认为违规,台积电,2024-12-02,0.564632
美国,认为违规,台积电,2024-12-02,0.564632
美国,相信,台积电,2024-10-23,0.559494
美国,认为有威胁,台积电,2024-11-10,0.558317
美国,认为有威胁,台积电,2024-11-10,0.558317
美国,认为有威胁,台积电,2024-11-10,0.558317
美国,认为有威胁,台积电,2024-11-10,0.558317
美国,认为有威胁,台积电,2024-11-10,0.558317
美国,认为有威胁,台积电,2024-11-10,0.558317
美国,认为有威胁,台积电,2024-11-10,0.558317
美国,威胁,台积电,2024-11-05,0.546191
美国,视作英雄,台积电,2024-11-10,0.536405
美国,认为有危机,台积电,2024-11-28,0.535010
美国,认为有危机,台积电,2024-11-28,0.535010
美国,认为违规,台积电,2024-11-09,0.533088
美国,认为违规,台积电,2024-11-09,0.533088
美国,认为违规,台积电,2024-11-09,0.533088
美国,认为违规,台积电,2024-11-09,0.533088
美国,认为违规,台积电,2024-11-09,0.533088
美国,认为违规,台积电,2024-11-09,0.533088
美国,认为违规,台积电,2024-11-09,0.533088
美国,认为违规,台积电,2024-11-09,0.533088
美国,认为违规,台积电,2024-11-09,0.533088
美国,认为违规,台积电,2024-11-09,0.533088
美国,认为违规,台积电,2024-11-09,0.533088
美国,认为有危机,台积电,2024-10-27,0.530063
美国,认为违规,台积电,2024-11-10,0.518659
美国,认为违规,台积电,2024-11-10,0.518659
美国,认为违规,台积电,2024-11-10,0.518659
美国,认为违规,台积电,2024-11-10,0.518659
美国,认为违规,台积电,2024-11-10,0.518659
美国,认为违规,台积电,2024-11-10,0.518659
美国,认为违规,台积电,2024-11-10,0.518659
美国,认为违规,台积电,2024-11-10,0.518659
美国,认为违规,台积电,2024-11-10,0.518659
美国,认为违规,台积电,2024-11-10,0.518659
美国,认为违规,台积电,2024-11-10,0.518659
美国,认为违规,台积电,2024-11-10,0.518659
美国,欣赏,台积电,2024-10-16,0.515441
美国,欢迎,台积电,2024-11-09,0.508509
美国,主导,台积电,2024-11-09,0.507054
美国,主导,台积电,2024-11-09,0.507054
美国,主导,台积电,2024-11-09,0.507054
美国,主导,台积电,2024-11-09,0.507054
美国,主导,台积电,2024-11-09,0.507054
美国,主导,台积电,2024-11-09,0.507054
美国,主导,台积电,2024-11-09,0.507054
美国,主导,台积电,2024-11-09,0.507054
美国,主导,台积电,2024-11-09,0.507054
美国,感到不满,台积电,2024-12-02,0.506328
美国,感到不满,台积电,2024-12-02,0.506328
美国,认为有威胁,台积电,2024-11-28,0.504411
美国,认为有威胁,台积电,2024-11-28,0.504411
美国,威胁,台积电,2024-11-09,0.500079
美国,认为有威胁,台积电,2024-10-27,0.498065
美国,认为有威胁,台积电,2024-10-27,0.498065
美国,认为有危机,台积电,2024-10-22,0.496022
美国,主导,台积电,2024-11-10,0.492267
美国,认为犯罪,台积电,2024-12-02,0.489308
美国,认为犯罪,台积电,2024-12-02,0.489308
美国,认为违规,台积电,2024-11-12,0.487765
美国,威胁,台积电,2024-11-10,0.485512
美国,威胁,台积电,2024-11-10,0.485512
美国,威胁,台积电,2024-11-10,0.485512
美国,威胁,台积电,2024-11-10,0.485512
美国,威胁,台积电,2024-11-10,0.485512
美国,威胁,台积电,2024-11-10,0.485512
美国,认为热情,台积电,2024-11-28,0.481052
美国,认为有威胁,台积电,2024-10-22,0.480142
美国,认为有威胁,台积电,2024-10-22,0.480142
美国,担忧,台积电,2024-12-02,0.480102
美国,认为缺乏,台积电,2024-11-28,0.477355
美国,认为缺乏,台积电,2024-11-28,0.477355
美国,主导,台积电,2024-11-11,0.473899
美国,认为有危机,台积电,2024-10-16,0.472038
美国,主导,台积电,2024-11-17,0.468012
美国,认为违规,台积电,2024-11-28,0.467746
美国,认为违规,台积电,2024-11-28,0.467746
美国,担忧,台积电,2024-11-09,0.461756
美国,担忧,台积电,2024-11-09,0.461756
美国,担忧,台积电,2024-11-09,0.461756
美国,担忧,台积电,2024-11-09,0.461756
美国,担忧,台积电,2024-11-09,0.461756
美国,担忧,台积电,2024-11-09,0.461756
美国,主导,台积电,2024-10-18,0.458974
美国,主导,台积电,2024-10-18,0.458974
美国,认为违规,台积电,2024-11-14,0.457591
美国,认为违规,台积电,2024-11-14,0.457591
美国,认为有成就,台积电,2024-11-02,0.457576
美国,担忧,台积电,2024-11-10,0.456972
美国,担忧,台积电,2024-11-10,0.456972
美国,担忧,台积电,2024-11-10,0.456972
美国,担忧,台积电,2024-11-10,0.456972
美国,担忧,台积电,2024-11-10,0.456972
美国,担忧,台积电,2024-11-10,0.456972
美国,担忧,台积电,2024-11-10,0.456972
美国,担忧,台积电,2024-11-10,0.456972
美国,担忧,台积电,2024-11-10,0.456972
美国,担忧,台积电,2024-11-10,0.456972
美国,担忧,台积电,2024-11-10,0.456972
美国,认为优秀,台积电,2024-11-10,0.454737
美国,质疑,台积电,2024-10-18,0.453892
美国,质疑,台积电,2024-10-18,0.453892
美国,主导,台积电,2024-11-29,0.452296
美国,认可,台积电,2024-12-02,0.451090
美国,认可,台积电,2024-12-02,0.451090
美国,认可,台积电,2024-12-02,0.451090
美国,认可,台积电,2024-12-02,0.451090
美国,认可,台积电,2024-12-02,0.451090
美国,威胁,台积电,2024-11-12,0.450438
苹果公司,认为有威胁,台积电,2024-10-17,0.450011
美国,主导,台积电,2024-11-28,0.449964
韩国,感到不满,台积电,2024-12-02,0.448477
美国,主导,台积电,2024-10-27,0.447523
美国,主导,台积电,2024-10-27,0.447523
美国,支持,台积电,2024-12-02,0.446887
美国,支持,台积电,2024-12-02,0.446887
美国,主导,台积电,2024-10-26,0.445378
美国,主导,台积电,2024-11-14,0.445057
美国,质疑,台积电,2024-10-16,0.444848
美国,主导,台积电,2024-10-16,0.444713
美国,担忧,台积电,2024-11-11,0.441398
美国,主导,台积电,2024-10-24,0.441171
美国,感到不满,台积电,2024-11-09,0.440436
美国,感到不满,台积电,2024-11-09,0.440436
美国,认为违规,台积电,2024-10-23,0.439929
美国,认为违规,台积电,2024-10-23,0.439929
美国,主导,台积电,2024-10-23,0.439282
美国,认为恐怖,台积电,2024-10-16,0.438934
美国,主导,台积电,2024-10-22,0.437412
美国,欢迎,台积电,2024-10-27,0.436035
美国,主导,台积电,2024-10-21,0.435744
美国,主导,台积电,2024-10-21,0.435744
美国,质疑,台积电,2024-11-09,0.434652
美国,质疑,台积电,2024-11-09,0.434652
美国,质疑,台积电,2024-11-09,0.434652
美国,质疑,台积电,2024-11-09,0.434652
美国,质疑,台积电,2024-11-09,0.434652
美国,质疑,台积电,2024-11-09,0.434652
美国,质疑,台积电,2024-11-09,0.434652
美国,质疑,台积电,2024-11-09,0.434652
美国,质疑,台积电,2024-11-09,0.434652
美国,质疑,台积电,2024-11-09,0.434652
美国,质疑,台积电,2024-12-21,0.434199
美国,质疑,台积电,2024-10-21,0.434199
美国,质疑,台积电,2024-10-21,0.434199
美国,认为违规,台积电,2024-10-22,0.433665
美国,认为违规,台积电,2024-10-22,0.433665
美国,认为失败,台积电,2024-12-02,0.431999
美国,认为失败,台积电,2024-12-02,0.431999
美国,质疑,台积电,2024-11-10,0.426715
美国,质疑,台积电,2024-11-10,0.426715
美国,质疑,台积电,2024-11-10,0.426715
美国,质疑,台积电,2024-11-10,0.426715
美国,质疑,台积电,2024-11-10,0.426715
美国,质疑,台积电,2024-11-10,0.426715
美国,质疑,台积电,2024-11-10,0.426715
美国,质疑,台积电,2024-11-10,0.426715
美国,质疑,台积电,2024-11-10,0.426715
美国,质疑,台积电,2024-11-10,0.426715
美国,质疑,台积电,2024-11-10,0.426715
美国,质疑,台积电,2024-11-10,0.426715
美国,质疑,台积电,2024-11-10,0.426715
美国,感到不满,台积电,2024-11-10,0.426095
美国,感到不满,台积电,2024-11-10,0.426095
美国,担忧,台积电,2024-11-12,0.425694
美国,担忧,台积电,2024-11-12,0.425694
美国,质疑,台积电,2024-10-22,0.425587
美国,质疑,台积电,2024-10-22,0.425587
美国,质疑,台积电,2024-10-22,0.425587
台积电,质疑,华为,2024-11-10,0.425471
台积电,质疑,华为,2024-11-10,0.425471
美国,认为违规,台积电,2024-10-21,0.424765
美国,认为违规,台积电,2024-10-21,0.424765
美国,威胁,台积电,2024-10-27,0.419949
美国,威胁,台积电,2024-10-27,0.419949
美国,威胁,台积电,2024-10-27,0.419949
美国,威胁,台积电,2024-10-27,0.419949
美国,威胁,台积电,2024-10-27,0.419949
美国,质疑,台积电,2024-10-23,0.417152
美国,认为可靠,台积电,2025-01-13,0.417112
美国,认为犯罪,台积电,2024-11-30,0.417072
美国,认为可靠,台积电,2024-11-28,0.415166
美国,认为可靠,台积电,2024-11-28,0.415166
美国,认为犯罪,台积电,2024-10-18,0.415097
美国,认为犯罪,台积电,2024-10-18,0.415097
美国,认为犯罪,台积电,2024-10-18,0.415097
美国,认为犯罪,台积电,2024-10-18,0.415097
美国,认为犯罪,台积电,2024-10-18,0.415097
美国,威胁,台积电,2024-10-26,0.413700
美国,认为犯罪,台积电,2024-11-28,0.413028
美国,质疑,台积电,2024-11-12,0.412796
美国,认为犯罪,台积电,2024-10-27,0.412202
美国,认为犯罪,台积电,2024-10-27,0.412202
美国,感到不满,台积电,2024-11-11,0.410847
美国,认为犯罪,台积电,2024-11-14,0.410707
美国,认为犯罪,台积电,2024-10-22,0.408810
美国,认为有暴力,台积电,2024-12-02,0.407519
美国,认为有暴力,台积电,2024-12-02,0.407519
美国,威胁,台积电,2024-11-25,0.407462
美国,担忧,台积电,2024-11-28,0.406657
美国,担忧,台积电,2024-11-28,0.406657
台积电,欣赏,阿联酋,2024-09-21,0.406004
美国,质疑,台积电,2024-11-28,0.405939
美国,质疑,台积电,2024-11-28,0.405939
美国,认为犯罪,台积电,2024-10-21,0.405759
美国,认为犯罪,台积电,2024-10-21,0.405759
美国,质疑,台积电,2024-10-27,0.403620
美国,质疑,台积电,2024-10-27,0.403620
美国,质疑,台积电,2024-10-27,0.403620
美国,质疑,台积电,2024-10-27,0.403620
美国,认为可靠,台积电,2024-10-22,0.403511
台积电,质疑,华为,2024-10-21,0.402577
美国,认为恐怖,台积电,2024-10-21,0.401226
美国,认为优秀,台积电,2025-01-13,0.401215
美国,认为恐怖,台积电,2024-11-28,0.401196
美国,认为恐怖,台积电,2024-11-28,0.401196
美国,质疑,台积电,2024-11-14,0.401175
美国,质疑,台积电,2024-11-14,0.401175
美国,质疑,台积电,2024-11-14,0.401175
美国,认为违规,台积电,2024-10-18,0.400654
美国,认为违规,台积电,2024-10-18,0.400654
美国,认为违规,台积电,2024-10-18,0.400654
美国,担忧,台积电,2024-10-27,0.400404
美国,担忧,台积电,2024-10-27,0.400404
美国,担忧,台积电,2024-10-27,0.400404
美国,担忧,台积电,2024-10-27,0.400404
美国,认为可靠,台积电,2024-10-16,0.399338
苹果公司,相信,台积电,2024-10-17,0.397801
台积电,质疑,华为,2024-10-22,0.397057
台积电,质疑,华为,2024-10-22,0.397057
美国,认为恐怖,台积电,2024-10-27,0.396446
美国,认为恐怖,台积电,2024-10-27,0.396446
美国,认为恐怖,台积电,2024-10-27,0.396446
美国,认为优秀,台积电,2024-11-28,0.395116
美国,认为优秀,台积电,2024-11-28,0.395116
美国,担忧,台积电,2024-11-14,0.394385
美国,认为有暴力,台积电,2024-07-19,0.390211
美国,认为优秀,台积电,2024-10-27,0.389235
美国,认为优秀,台积电,2024-10-27,0.389235
美国,威胁,台积电,2024-10-22,0.389073
美国,支持,台积电,2024-11-09,0.382229
美国,支持,台积电,2024-11-09,0.382229
美国,支持,台积电,2024-11-09,0.382229
美国,支持,台积电,2024-11-09,0.382229
美国,支持,台积电,2024-11-09,0.382229
美国,支持,台积电,2024-11-09,0.382229
美国,支持,台积电,2024-11-09,0.382229
美国,支持,台积电,2024-11-09,0.382229
美国,支持,台积电,2024-11-09,0.382229
美国,支持,台积电,2024-11-09,0.382229
美国,支持,台积电,2024-11-09,0.382229
美国,支持,台积电,2024-11-09,0.382229
美国,感到不满,台积电,2024-11-14,0.381596
美国,认为失败,台积电,2024-10-16,0.381017
美国,认可,台积电,2024-11-09,0.379340
美国,认可,台积电,2024-11-09,0.379340
美国,认可,台积电,2024-11-09,0.379340
美国,认可,台积电,2024-11-09,0.379340
美国,认可,台积电,2024-11-09,0.379340
美国,认可,台积电,2024-11-09,0.379340
美国,认可,台积电,2024-11-09,0.379340
美国,认可,台积电,2024-11-09,0.379340
美国,认可,台积电,2024-11-09,0.379340
美国,认可,台积电,2024-11-09,0.379340
美国,批评,台积电,2024-12-02,0.379335
美国,批评,台积电,2024-12-02,0.379335
美国,感到不满,台积电,2024-10-27,0.375415
美国,感到不满,台积电,2024-10-27,0.375415
美国,感到不满,台积电,2024-11-28,0.372587
迪士尼,认为非法,台积电,2024-10-23,0.372476
美国,威胁,台积电,2024-10-16,0.371209
美国,担忧,台积电,2024-10-22,0.369630
美国,担忧,台积电,2024-10-22,0.369630
美国,支持,台积电,2024-11-10,0.368790
美国,认为失败,台积电,2024-10-21,0.367400
美国,认为优秀,台积电,2024-10-23,0.365082
美国,批评,台积电,2024-11-09,0.364467
美国,批评,台积电,2024-11-09,0.364467
美国,批评,台积电,2024-11-09,0.364467
美国,批评,台积电,2024-11-09,0.364467
美国,批评,台积电,2024-11-09,0.364467
美国,批评,台积电,2024-11-09,0.364467
美国,担忧,台积电,2024-10-21,0.363770
美国,认可,台积电,2024-11-10,0.363476
美国,认可,台积电,2024-11-10,0.363476
美国,认可,台积电,2024-11-10,0.363476
美国,认可,台积电,2024-11-10,0.363476
美国,认可,台积电,2024-11-10,0.363476
美国,认可,台积电,2024-11-10,0.363476
美国,认可,台积电,2024-11-10,0.363476
美国,认可,台积电,2024-11-10,0.363476
美国,认可,台积电,2024-11-10,0.363476
美国,批评,台积电,2024-11-10,0.362513
美国,批评,台积电,2024-11-10,0.362513
美国,批评,台积电,2024-11-10,0.362513
美国,批评,台积电,2024-11-10,0.362513
美国,批评,台积电,2024-11-10,0.362513
美国,批评,台积电,2024-11-10,0.362513
美国,批评,台积电,2024-11-10,0.362513
美国,批评,台积电,2024-11-10,0.362513
美国,批评,台积电,2024-11-10,0.362513
美国,批评,台积电,2024-11-10,0.362513
美国,批评,台积电,2024-11-10,0.362513
美国,批评,台积电,2024-11-10,0.362513
美国,认为优秀,台积电,2024-10-22,0.359167
苹果公司,认为恐怖,台积电,2024-10-17,0.356243
美国,认为失败,台积电,2024-11-10,0.354999
美国,认为失败,台积电,2024-11-10,0.354999
美国,认为失败,台积电,2024-11-10,0.354999
美国,认为失败,台积电,2024-11-10,0.354999
美国,认为失败,台积电,2024-11-10,0.354999
美国,认为失败,台积电,2024-11-10,0.354999
美国,认为失败,台积电,2024-11-10,0.354999
美国,认为失败,台积电,2024-11-10,0.354999
美国,认为失败,台积电,2024-11-10,0.354999
美国,认为失败,台积电,2024-11-10,0.354999
美国,认为失败,台积电,2024-11-10,0.354999
美国,认为失败,台积电,2024-11-10,0.354999
美国,担忧,台积电,2024-10-16,0.353667
美国,担忧,台积电,2024-10-16,0.353667
美国,担忧,台积电,2024-10-16,0.353667
美国,担忧,台积电,2024-10-16,0.353667
美国,担忧,台积电,2024-10-16,0.353667
苹果公司,认为优秀,台积电,2024-10-17,0.349039
美国,认为优秀,台积电,2024-10-16,0.347665
美国,认为失败,台积电,2024-11-11,0.345487
台积电,相信,华为,2024-10-22,0.343871
美国,认为失败,台积电,2024-10-24,0.343306
美国,支持,台积电,2024-11-29,0.341141
美国,支持,台积电,2025-01-13,0.341041
美国,批评,台积电,2024-11-16,0.340892
美国,认为有成就,台积电,2024-11-28,0.339534
美国,认为有成就,台积电,2024-11-28,0.339534
美国,支持,台积电,2024-11-28,0.339210
美国,支持,台积电,2024-11-28,0.339210
美国,支持,台积电,2024-11-28,0.339210
美国,批评,台积电,2024-11-12,0.338072
美国,支持,台积电,2024-11-27,0.337174
美国,支持,台积电,2024-10-27,0.337174
美国,支持,台积电,2024-10-27,0.337174
美国,支持,台积电,2024-10-27,0.337174
美国,支持,台积电,2024-11-14,0.335004
美国,支持,台积电,2024-11-14,0.335004
美国,支持,台积电,2024-11-14,0.335004
美国,认为有成就,台积电,2024-10-24,0.332821
美国,认可,台积电,2024-10-16,0.332479
美国,认可,台积电,2025-01-16,0.332479
美国,支持,台积电,2024-10-24,0.331700
美国,支持,台积电,2024-10-23,0.330137
美国,支持,台积电,2024-11-15,0.329556
美国,支持,台积电,2024-11-15,0.329556
美国,支持,台积电,2024-11-15,0.329556
美国,支持,台积电,2024-11-15,0.329556
美国,支持,台积电,2024-11-15,0.329556
美国,支持,台积电,2024-11-15,0.329556
美国,支持,台积电,2024-11-15,0.329556
美国,支持,台积电,2024-11-15,0.329556
美国,支持,台积电,2024-11-15,0.329556
美国,支持,台积电,2024-11-15,0.329556
美国,支持,台积电,2024-11-15,0.329556
美国,支持,台积电,2024-11-15,0.329556
美国,支持,台积电,2024-11-15,0.329556
美国,支持,台积电,2024-11-15,0.329556
美国,认为失败,台积电,2024-11-28,0.329203
美国,认为失败,台积电,2024-11-28,0.329203
美国,支持,台积电,2024-10-22,0.328529
美国,支持,台积电,2024-10-22,0.328529
美国,支持,台积电,2024-10-22,0.328529
美国,支持,台积电,2024-10-22,0.328529
美国,支持,台积电,2024-10-22,0.328529
美国,支持,台积电,2024-10-22,0.328529
美国,支持,台积电,2024-10-22,0.328529
美国,支持,台积电,2024-10-22,0.328529
美国,支持,台积电,2024-10-22,0.328529
美国,支持,台积电,2024-10-22,0.328529
美国,认为失败,台积电,2024-10-27,0.327655
特朗普,喜欢,台积电,2024-11-07,0.327565
苹果公司,感到不满,台积电,2024-10-17,0.327337
美国,支持,台积电,2024-12-21,0.327154
美国,支持,台积电,2024-12-21,0.327154
美国,支持,台积电,2024-12-21,0.327154
美国,支持,台积电,2024-10-21,0.327154
美国,支持,台积电,2024-10-21,0.327154
美国,认为失败,台积电,2024-11-14,0.326288
美国,认为失败,台积电,2024-11-14,0.326288
美国,支持,台积电,2024-10-16,0.325051
苹果公司,认为可靠,台积电,2024-10-17,0.323920
苹果公司,质疑,台积电,2024-10-17,0.323396
美国,攻击,台积电,2024-11-14,0.321292
美国,攻击,台积电,2024-11-14,0.321292
美国,攻击,台积电,2024-12-02,0.320876
美国,攻击,台积电,2024-12-02,0.320876
美国,认可,台积电,2024-12-21,0.320072
美国,认可,台积电,2024-12-21,0.320072
美国,认可,台积电,2024-10-21,0.320072
美国,批评,台积电,2024-11-28,0.319727
美国,批评,台积电,2024-11-28,0.319727
美国,支持,台积电,2024-11-17,0.318483
美国,认可,台积电,2024-11-29,0.315142
美国,认可,台积电,2025-01-13,0.315040
美国,批评,台积电,2024-10-27,0.314017
美国,批评,台积电,2024-10-27,0.314017
美国,攻击,台积电,2024-10-27,0.313314
美国,攻击,台积电,2024-10-27,0.313314
美国,认可,台积电,2024-11-28,0.313068
美国,认可,台积电,2024-11-28,0.313068
美国,认可,台积电,2024-10-22,0.312493
美国,认可,台积电,2024-10-22,0.312493
美国,认可,台积电,2024-10-22,0.312493
美国,认可,台积电,2024-10-27,0.311081
美国,认可,台积电,2024-10-27,0.311081
美国,认可,台积电,2024-10-27,0.311081
美国,认可,台积电,2024-10-26,0.309205
美国,认可,台积电,2024-11-14,0.308921
美国,批评,台积电,2024-11-14,0.308649
美国,认可,台积电,2024-10-24,0.305763
特朗普,欣赏,台积电,2024-11-07,0.305205
特朗普,欣赏,台积电,2024-11-07,0.305205
特朗普,欣赏,台积电,2024-11-07,0.305205
特朗普,欣赏,台积电,2024-11-07,0.305205
美国,认可,台积电,2024-10-23,0.305171
美国,认为有暴力,台积电,2024-11-28,0.304561
美国,认为有暴力,台积电,2024-11-28,0.304561
美国,认可,台积电,2024-11-15,0.304267
美国,认可,台积电,2024-11-15,0.304267
美国,认可,台积电,2024-11-15,0.304267
美国,认可,台积电,2024-11-15,0.304267
美国,认可,台积电,2024-11-15,0.304267
美国,认可,台积电,2024-11-15,0.304267
美国,认可,台积电,2024-11-15,0.304267
花旗集团,认为非法,台积电,2024-08-28,0.296904
苹果公司,支持,台积电,2024-10-20,0.291800
苹果公司,支持,台积电,2024-10-20,0.291800
苹果公司,支持,台积电,2024-10-20,0.291800
苹果公司,支持,台积电,2024-10-20,0.291800
苹果公司,支持,台积电,2024-10-20,0.291800
苹果公司,支持,台积电,2024-10-20,0.291800
花旗集团,认为有危机,台积电,2024-08-28,0.285793
苹果公司,支持,台积电,2024-10-17,0.280010
台积电,认为优秀,华为,2024-10-22,0.279621
台积电,认为优秀,华为,2024-10-22,0.279621
台积电,认为有威胁,美国,2024-11-04,0.279452
花旗集团,认为有威胁,台积电,2024-08-28,0.278952
苹果公司,批评,台积电,2024-10-17,0.278054
阿里巴巴,认为违规,台积电,2024-10-19,0.272027
苹果公司,认可,台积电,2024-10-17,0.267714
特朗普,欣赏,台积电,2024-11-10,0.265890
英伟达,喜欢,台积电,2024-09-10,0.264127
英伟达,喜欢,台积电,2024-09-10,0.264127
墨西哥,认为违规,台积电,2024-11-13,0.258509
特朗普,欣赏,台积电,2024-10-28,0.258085
特朗普,欣赏,台积电,2024-10-28,0.258085
特朗普,欣赏,台积电,2024-10-28,0.258085
唐纳德·特朗普,欣赏,台积电,2024-11-07,0.251665
美国,感到满意,台积电,2024-11-11,0.250211
美国,攻击,台积电,2024-11-10,0.248410
美国,攻击,台积电,2024-11-10,0.248410
美国,攻击,台积电,2024-11-10,0.248410
美国,攻击,台积电,2024-11-10,0.248410
美国,攻击,台积电,2024-11-10,0.248410
美国,攻击,台积电,2024-11-10,0.248410
特朗普,认为有威胁,台积电,2024-11-07,0.246643
特朗普,认为有威胁,台积电,2024-11-07,0.246643
特朗普,认为有威胁,台积电,2024-11-07,0.246643
特朗普,认为有威胁,台积电,2024-11-07,0.246643
特朗普,认为有威胁,台积电,2024-11-07,0.246643
特朗普,认为有威胁,台积电,2024-11-07,0.246643
摩根士丹利,认为有危机,台积电,2024-11-11,0.241460
花旗集团,相信,台积电,2024-08-28,0.241389
美国,增进,台积电,2024-10-16,0.240156
美国,增进,台积电,2025-01-16,0.240156
台积电,认为违规,华为,2024-11-10,0.239108
台积电,认为违规,华为,2024-11-10,0.239108
腾讯,认为有威胁,台积电,2024-10-19,0.238979
英特尔,认为有危机,台积电,2024-12-02,0.238842
台积电,质疑,英伟达,2024-11-25,0.234160
台积电,认为有威胁,美国,2024-10-30,0.233373
美国,感到满意,台积电,2024-11-29,0.229975
摩根士丹利,认为优秀,台积电,2024-10-02,0.226794
摩根士丹利,认为优秀,台积电,2024-10-02,0.226794
摩根士丹利,认为优秀,台积电,2024-10-02,0.226794
台积电,质疑,美国,2024-12-03,0.226162
特朗普,认为有危机,台积电,2024-10-28,0.225964
特朗普,认为有危机,台积电,2024-10-28,0.225964
特朗普,认为有危机,台积电,2024-10-28,0.225964
特朗普,认为有危机,台积电,2024-10-28,0.225964
台积电,主导,美国,2024-11-09,0.222028
台积电,主导,美国,2024-11-09,0.222028
摩根士丹利,认为有威胁,台积电,2024-11-11,0.221746
花旗集团,认为违规,台积电,2024-08-28,0.221289
英伟达,认为有危机,台积电,2024-09-10,0.220024
英伟达,认为有危机,台积电,2024-09-10,0.220024
英特尔,认为有威胁,台积电,2024-12-02,0.218824
特朗普,认为违规,台积电,2024-11-07,0.218254
特朗普,认为违规,台积电,2024-11-07,0.218254
特朗普,认为违规,台积电,2024-11-07,0.218254
特朗普,认为违规,台积电,2024-11-07,0.218254
唐纳德·特朗普,欣赏,台积电,2024-11-10,0.217810
唐纳德·特朗普,欣赏,台积电,2024-11-10,0.217810
唐纳德·特朗普,欣赏,台积电,2024-11-10,0.217810
台积电,认为优秀,美国,2025-01-13,0.216147
唐纳德·特朗普,喜欢,台积电,2024-07-29,0.214715
特朗普,认为有威胁,台积电,2024-11-10,0.212764
特朗普,认为有威胁,台积电,2024-11-10,0.212764
台积电,认为违规,华为,2024-10-21,0.212133
唐纳德·特朗普,欣赏,台积电,2024-07-29,0.211805
唐纳德·特朗普,欣赏,台积电,2024-07-29,0.211805
华盛顿,认为违规,台积电,2024-11-07,0.207570
特朗普,认为有威胁,台积电,2024-10-28,0.207258
特朗普,认为有威胁,台积电,2024-10-28,0.207258
特朗普,认为有威胁,台积电,2024-10-28,0.207258
特朗普,认为有威胁,台积电,2024-10-28,0.207258
特朗普,认为有威胁,台积电,2024-10-28,0.207258
花旗集团,认为优秀,台积电,2024-08-28,0.205855
三星电子,攻击,台积电,2024-10-17,0.205535
花旗集团,认为热情,台积电,2024-08-28,0.204249
腾讯,认为违规,台积电,2024-10-19,0.203630
唐纳德·特朗普,认为非法,台积电,2024-07-29,0.202180
英伟达,认为有威胁,台积电,2024-09-10,0.201419
特朗普,主导,台积电,2024-11-07,0.201020
特朗普,主导,台积电,2024-11-07,0.201020
特朗普,主导,台积电,2024-11-07,0.201020
特朗普,主导,台积电,2024-11-07,0.201020
特朗普,主导,台积电,2024-11-07,0.201020
特朗普,主导,台积电,2024-11-07,0.201020
唐纳德·特朗普,认为有威胁,台积电,2024-11-07,0.200420
唐纳德·特朗普,喜欢,台积电,2024-11-12,0.198455
特朗普,威胁,台积电,2024-11-07,0.196517
特朗普,威胁,台积电,2024-11-07,0.196517
特朗普,威胁,台积电,2024-11-07,0.196517
特朗普,威胁,台积电,2024-11-07,0.196517
特朗普,威胁,台积电,2024-11-07,0.196517
特朗普,威胁,台积电,2024-11-07,0.196517
台积电,威胁,美国,2024-11-04,0.196237
美国,增进,台积电,2024-10-22,0.194495
美国,增进,台积电,2024-10-22,0.194495
美国,增进,台积电,2024-10-22,0.194495
美国,增进,台积电,2024-10-22,0.194495
美国,增进,台积电,2024-10-22,0.194495
美国,增进,台积电,2024-10-22,0.194495
美国,增进,台积电,2024-10-22,0.194495
花旗集团,认为恐怖,台积电,2024-08-28,0.194393
台积电,主导,英伟达,2024-11-25,0.192118
美国,损害,台积电,2024-07-19,0.189576
台积电,认为有危机,美国,2024-11-04,0.188929
唐纳德·特朗普,认为有危机,台积电,2024-11-10,0.188525
唐纳德·特朗普,认为有危机,台积电,2024-11-10,0.188525
唐纳德·特朗普,认为有危机,台积电,2024-11-10,0.188525
唐纳德·特朗普,认为有危机,台积电,2024-11-10,0.188525
特朗普,认为违规,台积电,2024-11-10,0.187179
美国,损害,台积电,2024-10-16,0.186945
花旗集团,认为可靠,台积电,2024-08-28,0.186200
美国,损害,台积电,2024-11-09,0.186099
美国,损害,台积电,2024-11-10,0.186068
美国,损害,台积电,2024-11-10,0.186068
美国,损害,台积电,2024-11-10,0.186068
美国,损害,台积电,2024-11-10,0.186068
美国,损害,台积电,2024-11-10,0.186068
美国,损害,台积电,2024-11-10,0.186068
美国,损害,台积电,2024-11-10,0.186068
美国,损害,台积电,2024-11-10,0.186068
美国,损害,台积电,2024-11-10,0.186068
美国,损害,台积电,2024-11-10,0.186068
美国,损害,台积电,2024-11-10,0.186068
美国,损害,台积电,2024-11-10,0.186068
美国,损害,台积电,2024-11-10,0.186068
美国,损害,台积电,2024-11-10,0.186068
美国,损害,台积电,2024-11-10,0.186068
美国,损害,台积电,2024-12-02,0.185755
美国,损害,台积电,2024-12-02,0.185755
美国,损害,台积电,2024-11-11,0.185291
花旗集团,认为缺乏,台积电,2024-08-28,0.185162
花旗集团,质疑,台积电,2024-08-28,0.184668
美国,损害,台积电,2024-10-27,0.184106
美国,损害,台积电,2024-10-27,0.184106
美国,损害,台积电,2024-10-27,0.184106
美国,损害,台积电,2024-10-27,0.184106
美国,损害,台积电,2024-10-27,0.184106
美国,损害,台积电,2024-11-12,0.183295
美国,损害,台积电,2024-11-12,0.183295
特朗普,认为优秀,台积电,2024-11-07,0.183178
唐纳德·特朗普,认为有危机,台积电,2024-07-29,0.182872
唐纳德·特朗普,认为有危机,台积电,2024-07-29,0.182872
特朗普,认为违规,台积电,2024-10-28,0.182202
特朗普,认为违规,台积电,2024-10-28,0.182202
特朗普,担忧,台积电,2024-11-07,0.179205
特朗普,担忧,台积电,2024-11-07,0.179205
特朗普,担忧,台积电,2024-11-07,0.179205
特朗普,担忧,台积电,2024-11-07,0.179205
特朗普,担忧,台积电,2024-11-07,0.179205
特朗普,担忧,台积电,2024-11-07,0.179205
特朗普,认为犯罪,台积电,2024-11-07,0.178984
特朗普,认为犯罪,台积电,2024-11-07,0.178984
台积电,担忧,美国,2024-11-13,0.178727
美国,损害,台积电,2024-11-25,0.176493
唐纳德·特朗普,认为违规,台积电,2024-11-07,0.176107
摩根士丹利,相信,台积电,2024-10-12,0.175688
特朗普,认为恐怖,台积电,2024-11-07,0.175263
特朗普,认为恐怖,台积电,2024-11-07,0.175263
特朗普,认为恐怖,台积电,2024-11-07,0.175263
特朗普,认为恐怖,台积电,2024-11-07,0.175263
特朗普,认为恐怖,台积电,2024-11-07,0.175263
特朗普,认为恐怖,台积电,2024-11-07,0.175263
日本自民党,视作英雄,石破茂,2024-09-29,0.175143
台积电,质疑,苹果,2024-11-25,0.174009
英特尔,威胁,台积电,2024-12-02,0.173105
特朗普,质疑,台积电,2024-11-05,0.172579
特朗普,质疑,台积电,2024-11-05,0.172579
特朗普,质疑,台积电,2024-11-05,0.172579
特朗普,质疑,台积电,2024-11-05,0.172579
美国,损害,台积电,2024-10-22,0.172566
美国,损害,台积电,2024-10-22,0.172566
特朗普,相信,台积电,2024-10-28,0.172547
特朗普,相信,台积电,2024-10-28,0.172547
唐纳德·特朗普,认为有威胁,台积电,2024-11-10,0.172037
唐纳德·特朗普,认为有威胁,台积电,2024-11-10,0.172037
唐纳德·特朗普,认为有威胁,台积电,2024-11-10,0.172037
唐纳德·特朗普,认为有威胁,台积电,2024-11-10,0.172037
唐纳德·特朗普,认为有威胁,台积电,2024-11-10,0.172037
唐纳德·特朗普,认为有威胁,台积电,2024-11-10,0.172037
唐纳德·特朗普,认为有威胁,台积电,2024-11-10,0.172037
英伟达,认为违规,台积电,2024-09-10,0.171912
英伟达,欣赏,台积电,2024-09-10,0.171405
英伟达,欣赏,台积电,2024-09-10,0.171405
唐纳德·特朗普,认为有威胁,台积电,2024-11-30,0.169432
英伟达,认为热情,台积电,2024-09-10,0.168281
特朗普,威胁,台积电,2024-11-10,0.167827
特朗普,威胁,台积电,2024-11-10,0.167827
唐纳德·特朗普,认为有威胁,台积电,2024-07-29,0.166921
唐纳德·特朗普,认为有威胁,台积电,2024-07-29,0.166921
特朗普,主导,台积电,2024-10-28,0.166843
特朗普,主导,台积电,2024-10-28,0.166843
特朗普,主导,台积电,2024-10-28,0.166843
花旗集团,担忧,台积电,2024-08-28,0.166461
英伟达,相信,台积电,2024-09-10,0.166268
麦肯锡公司,认为优秀,台积电,2024-09-05,0.165789
特朗普,威胁,台积电,2024-10-28,0.163103
特朗普,威胁,台积电,2024-10-28,0.163103
特朗普,威胁,台积电,2024-10-28,0.163103
特朗普,威胁,台积电,2024-10-28,0.163103
特朗普,威胁,台积电,2024-10-28,0.163103
英伟达,欢迎,台积电,2024-09-10,0.163003
阿联酋,损害,台积电,2024-09-27,0.162792
英伟达,主导,台积电,2024-09-10,0.162173
台积电,认为可靠,美国,2024-11-04,0.161891
唐纳德·特朗普,主导,台积电,2024-11-07,0.161517
特朗普,感到不满,台积电,2024-11-07,0.161467
特朗普,感到不满,台积电,2024-11-07,0.161467
特朗普,感到不满,台积电,2024-11-07,0.161467
特朗普,感到不满,台积电,2024-11-07,0.161467
特朗普,感到不满,台积电,2024-11-07,0.161467
特朗普,认为可靠,台积电,2024-11-07,0.161038
特朗普,认为可靠,台积电,2024-11-07,0.161038
特朗普,认为可靠,台积电,2024-11-07,0.161038
特朗普,认为可靠,台积电,2024-11-07,0.161038
特朗普,认为可靠,台积电,2024-11-07,0.161038
英伟达,威胁,台积电,2024-09-10,0.158446
特朗普,质疑,台积电,2024-11-07,0.158278
特朗普,质疑,台积电,2024-11-07,0.158278
特朗普,质疑,台积电,2024-11-07,0.158278
特朗普,质疑,台积电,2024-11-07,0.158278
特朗普,质疑,台积电,2024-11-07,0.158278
特朗普,质疑,台积电,2024-11-07,0.158278
摩根士丹利,主导,台积电,2024-10-22,0.157182
美国,增进,台积电,2024-11-25,0.155910
张忠谋,感到不满,台积电,2024-11-29,0.155037
花旗集团,认为有成就,台积电,2024-08-28,0.154808
摩根士丹利,担忧,台积电,2024-12-29,0.153421
特朗普,认为优秀,台积电,2024-11-10,0.152857
特朗普,认为优秀,台积电,2024-11-10,0.152857
特朗普,认为优秀,台积电,2024-11-10,0.152857
特朗普,认为犯罪,台积电,2024-11-10,0.152394
特朗普,担忧,台积电,2024-11-10,0.152316
特朗普,担忧,台积电,2024-11-10,0.152316
特朗普,担忧,台积电,2024-11-10,0.152316
花旗集团,批评,台积电,2024-08-28,0.151558
特朗普,认为缺乏,台积电,2024-10-28,0.151295
花旗集团,认可,台积电,2024-08-28,0.151277
唐纳德·特朗普,认为有威胁,台积电,2024-11-22,0.150782
唐纳德·特朗普,认为违规,台积电,2024-11-10,0.150403
唐纳德·特朗普,认为违规,台积电,2024-11-10,0.150403
唐纳德·特朗普,认为违规,台积电,2024-11-10,0.150403
唐纳德·特朗普,认为违规,台积电,2024-11-10,0.150403
唐纳德·特朗普,认为违规,台积电,2024-11-10,0.150403
特朗普,认为恐怖,台积电,2024-11-10,0.148957
特朗普,认为犯罪,台积电,2024-10-28,0.148282
唐纳德·特朗普,认为违规,台积电,2024-11-30,0.148093
特朗普,担忧,台积电,2024-10-28,0.147759
特朗普,担忧,台积电,2024-10-28,0.147759
特朗普,担忧,台积电,2024-10-28,0.147759
特朗普,认为优秀,台积电,2024-10-28,0.147382
英伟达,认为缺乏,台积电,2024-09-10,0.146903
英伟达,认为缺乏,台积电,2024-09-10,0.146903
唐纳德·特朗普,认为优秀,台积电,2024-11-07,0.146536
英伟达,认为优秀,台积电,2024-09-10,0.146073
英伟达,认为优秀,台积电,2024-09-10,0.146073
唐纳德·特朗普,认为违规,台积电,2024-07-29,0.145858
唐纳德·特朗普,认为违规,台积电,2024-07-29,0.145858
麦肯锡公司,认为可靠,台积电,2024-09-05,0.145357
特朗普,认为恐怖,台积电,2024-10-28,0.144736
特朗普,认为恐怖,台积电,2024-10-28,0.144736
特朗普,认为恐怖,台积电,2024-10-28,0.144736
特朗普,认为恐怖,台积电,2024-10-28,0.144736
特朗普,认为恐怖,台积电,2024-10-28,0.144736
摩根士丹利,质疑,台积电,2024-10-02,0.144668
摩根士丹利,质疑,台积电,2024-10-02,0.144668
摩根士丹利,质疑,台积电,2024-10-02,0.144668
摩根士丹利,质疑,台积电,2024-10-02,0.144668
摩根士丹利,质疑,台积电,2024-10-02,0.144668
唐纳德·特朗普,担忧,台积电,2024-11-07,0.143224
唐纳德·特朗普,认为犯罪,台积电,2024-11-07,0.143028
特朗普,批评,台积电,2024-11-05,0.142723
特朗普,批评,台积电,2024-11-05,0.142723
特朗普,批评,台积电,2024-11-05,0.142723
英伟达,认为恐怖,台积电,2024-09-10,0.140530
英伟达,认为恐怖,台积电,2024-09-10,0.140530
台积电,欢迎,苹果,2024-11-25,0.138839
英特尔,认为有危机,台积电,2024-10-17,0.138725
唐纳德·特朗普总统,认为有威胁,台积电,2024-11-12,0.138654
台积电,欢迎,苹果,2024-11-26,0.138428
摩根士丹利,担忧,台积电,2024-10-22,0.137725
唐纳德·特朗普,主导,台积电,2024-11-10,0.137473
唐纳德·特朗普,主导,台积电,2024-11-10,0.137473
唐纳德·特朗普,主导,台积电,2024-11-10,0.137473
唐纳德·特朗普,主导,台积电,2024-11-10,0.137473
唐纳德·特朗普,主导,台积电,2024-11-10,0.137473
唐纳德·特朗普,质疑,台积电,2024-11-05,0.137347
唐纳德·特朗普,质疑,台积电,2024-11-05,0.137347
特朗普,感到不满,台积电,2024-11-10,0.136903
亚利桑那州,主导,台积电,2025-01-14,0.136834
唐纳德·特朗普,相信,台积电,2024-07-29,0.136782
唐纳德·特朗普,相信,台积电,2024-07-29,0.136782
白宫,认为优秀,台积电,2024-11-14,0.136649
摩根士丹利,认为优秀,台积电,2024-10-22,0.134460
唐纳德·特朗普,威胁,台积电,2024-11-10,0.134262
唐纳德·特朗普,威胁,台积电,2024-11-10,0.134262
唐纳德·特朗普,威胁,台积电,2024-11-10,0.134262
唐纳德·特朗普,威胁,台积电,2024-11-10,0.134262
唐纳德·特朗普,威胁,台积电,2024-11-10,0.134262
唐纳德·特朗普,威胁,台积电,2024-11-10,0.134262
特朗普,质疑,台积电,2024-11-10,0.134170
特朗普,质疑,台积电,2024-11-10,0.134170
特朗普,质疑,台积电,2024-11-10,0.134170
特朗普,质疑,台积电,2024-11-10,0.134170
摩根士丹利,质疑,台积电,2024-10-12,0.133510
台积电,威胁,英特尔,2024-12-03,0.133362
台积电,威胁,英特尔,2024-12-03,0.133362
台积电,威胁,英特尔,2024-12-03,0.133362
台积电,威胁,英特尔,2024-12-03,0.133362
特朗普,认可,台积电,2024-11-07,0.133299
特朗普,认可,台积电,2024-11-07,0.133299
特朗普,认可,台积电,2024-11-07,0.133299
特朗普,认可,台积电,2024-11-07,0.133299
特朗普,认可,台积电,2024-11-07,0.133299
亚利桑那州,主导,台积电,2024-10-15,0.133280
唐纳德·特朗普,主导,台积电,2024-07-29,0.133094
唐纳德·特朗普,主导,台积电,2024-07-29,0.133094
特朗普,感到不满,台积电,2024-10-28,0.132993
特朗普,感到不满,台积电,2024-10-28,0.132993
特朗普,感到不满,台积电,2024-10-28,0.132993
特朗普,感到不满,台积电,2024-10-28,0.132993
台积电,欣赏,苹果,2024-11-25,0.132979
特朗普,认为可靠,台积电,2024-10-28,0.132931
唐纳德·特朗普,威胁,台积电,2024-11-30,0.132087
亚利桑那州,主导,台积电,2024-11-09,0.131763
亚利桑那州,主导,台积电,2024-11-09,0.131763
特朗普,支持,台积电,2024-11-07,0.131395
特朗普,支持,台积电,2024-11-07,0.131395
特朗普,支持,台积电,2024-11-07,0.131395
特朗普,支持,台积电,2024-11-07,0.131395
特朗普,支持,台积电,2024-11-07,0.131395
唐纳德·特朗普,认为违规,台积电,2024-11-22,0.131029
唐纳德·特朗普,认为违规,台积电,2024-11-22,0.131029
特朗普,批评,台积电,2024-11-07,0.130460
特朗普,批评,台积电,2024-11-07,0.130460
特朗普,批评,台积电,2024-11-07,0.130460
特朗普,批评,台积电,2024-11-07,0.130460
特朗普,质疑,台积电,2024-10-28,0.130245
特朗普,质疑,台积电,2024-10-28,0.130245
特朗普,质疑,台积电,2024-10-28,0.130245
唐纳德·特朗普,威胁,台积电,2024-07-29,0.129959
唐纳德·特朗普,威胁,台积电,2024-07-29,0.129959
英伟达,感到不满,台积电,2024-09-10,0.129001
台积电,感到不满,英特尔,2024-12-03,0.128891
英伟达,认为可靠,台积电,2024-09-10,0.128717
英伟达,认为可靠,台积电,2024-09-10,0.128717
英伟达,担忧,台积电,2024-09-10,0.128525
英伟达,担忧,台积电,2024-09-10,0.128525
美国,增进,台积电,2024-11-29,0.128227
美国,增进,台积电,2024-11-29,0.128227
美国,增进,台积电,2024-11-28,0.127465
美国,增进,台积电,2024-11-28,0.127465
英伟达,质疑,台积电,2024-09-10,0.126397
英伟达,质疑,台积电,2024-09-10,0.126397
英特尔,认为有威胁,台积电,2024-10-17,0.126047
英特尔,认为有威胁,台积电,2024-10-17,0.126047
唐纳德·特朗普,质疑,台积电,2024-11-07,0.125850
特朗普,认为失败,台积电,2024-11-07,0.124712
特朗普,认为失败,台积电,2024-11-07,0.124712
唐纳德·特朗普,欢迎,台积电,2024-11-12,0.124692
特朗普,质疑,台积电,2024-11-24,0.124539
特朗普,质疑,台积电,2024-11-24,0.124539
台积电,认为可靠,英伟达,2024-11-25,0.124381
亚利桑那州,主导,台积电,2024-12-16,0.124245
唐纳德·特朗普,认为违规,台积电,2024-10-18,0.123902
华盛顿,批评,台积电,2024-11-07,0.123453
唐纳德·特朗普,认为优秀,台积电,2024-11-10,0.123229
唐纳德·特朗普,认为优秀,台积电,2024-11-10,0.123229
唐纳德·特朗普,认为优秀,台积电,2024-11-10,0.123229
唐纳德·特朗普,认为优秀,台积电,2024-11-10,0.123229
唐纳德·特朗普,认为优秀,台积电,2024-11-10,0.123229
唐纳德·特朗普,认为优秀,台积电,2024-11-10,0.123229
唐纳德·特朗普,认为优秀,台积电,2024-11-10,0.123229
摩根士丹利,担忧,台积电,2024-10-02,0.122095
摩根士丹利,担忧,台积电,2024-10-02,0.122095
摩根士丹利,担忧,台积电,2024-10-02,0.122095
摩根士丹利,担忧,台积电,2024-10-02,0.122095
摩根士丹利,担忧,台积电,2024-10-02,0.122095
摩根士丹利,担忧,台积电,2024-10-02,0.122095
特朗普,认为有暴力,台积电,2024-11-07,0.121722
特朗普,认为有暴力,台积电,2024-11-07,0.121722
特朗普,认为有暴力,台积电,2024-11-07,0.121722
特朗普,认为有暴力,台积电,2024-11-07,0.121722
特朗普,认为有暴力,台积电,2024-11-07,0.121722
台积电,认为优秀,英特尔,2024-12-03,0.121411
唐纳德·特朗普,担忧,台积电,2024-11-10,0.121408
唐纳德·特朗普,担忧,台积电,2024-11-10,0.121408
唐纳德·特朗普,担忧,台积电,2024-11-10,0.121408
唐纳德·特朗普,担忧,台积电,2024-11-10,0.121408
唐纳德·特朗普,担忧,台积电,2024-11-10,0.121408
唐纳德·特朗普,担忧,台积电,2024-11-10,0.121408
唐纳德·特朗普,担忧,台积电,2024-11-10,0.121408
唐纳德·特朗普,担忧,台积电,2024-11-10,0.121408
唐纳德·特朗普,担忧,台积电,2024-11-10,0.121408
唐纳德·特朗普,担忧,台积电,2024-11-10,0.121408
唐纳德·特朗普,威胁,台积电,2024-11-12,0.120455
唐纳德·特朗普,认为缺乏,台积电,2024-07-29,0.120222
英伟达,认为优秀,台积电,2024-11-16,0.119680
英伟达,认为优秀,台积电,2024-11-16,0.119680
台积电,认为优秀,苹果,2024-11-25,0.119015
台积电,担忧,英特尔,2024-12-03,0.118896
唐纳德·特朗普,认为犯罪,台积电,2024-11-30,0.118824
唐纳德·特朗普,认为恐怖,台积电,2024-11-10,0.118645
唐纳德·特朗普,认为恐怖,台积电,2024-11-10,0.118645
唐纳德·特朗普,认为恐怖,台积电,2024-11-10,0.118645
台积电,认为优秀,苹果,2024-11-26,0.118510
台积电,认为优秀,苹果,2024-11-26,0.118510
唐纳德·特朗普,认为优秀,台积电,2024-07-29,0.118296
唐纳德·特朗普,认为优秀,台积电,2024-07-29,0.118296
唐纳德·特朗普,主导,台积电,2024-11-22,0.117669
唐纳德·特朗普,主导,台积电,2024-11-22,0.117669
唐纳德·特朗普,担忧,台积电,2024-07-29,0.117326
唐纳德·特朗普,担忧,台积电,2024-07-29,0.117326
唐纳德·特朗普,认为恐怖,台积电,2024-11-30,0.116687
唐纳德·特朗普,认为犯罪,台积电,2024-07-29,0.116627
唐纳德·特朗普,认为犯罪,台积电,2024-07-29,0.116627
英伟达,主导,台积电,2024-11-16,0.115889
台积电,批评,华为,2024-10-22,0.115062
台积电,认为优秀,英伟达,2024-11-26,0.114984
唐纳德·特朗普,认为恐怖,台积电,2024-07-29,0.114801
唐纳德·特朗普,认为恐怖,台积电,2024-07-29,0.114801
百度,主导,台积电,2024-11-07,0.114126
台积电,认为优秀,英伟达,2024-11-25,0.112565
特朗普,攻击,台积电,2024-11-07,0.111947
特朗普,攻击,台积电,2024-11-07,0.111947
特朗普,攻击,台积电,2024-11-07,0.111947
特朗普,攻击,台积电,2024-11-07,0.111947
特朗普,攻击,台积电,2024-11-07,0.111947
亚利桑那州,主导,台积电,2024-11-18,0.111933
唐纳德·特朗普,批评,台积电,2024-11-05,0.111829
唐纳德·特朗普,批评,台积电,2024-11-05,0.111829
唐纳德·特朗普,批评,台积电,2024-11-05,0.111829
特朗普,认为失败,台积电,2024-11-09,0.111785
习近平,感谢,台积电,2024-11-29,0.111741
川普,认为有危机,台积电,2024-10-28,0.111094
摩根士丹利,认可,台积电,2024-12-29,0.110795
台积电,视作英雄,唐纳德·特朗普,2024-11-07,0.110765
特朗普,批评,台积电,2024-11-10,0.110019
特朗普,批评,台积电,2024-11-10,0.110019
特朗普,批评,台积电,2024-11-10,0.110019
特朗普,批评,台积电,2024-11-10,0.110019
特朗普,批评,台积电,2024-11-10,0.110019
特朗普,认可,台积电,2024-11-10,0.109931
摩根士丹利,认为恐怖,台积电,2024-10-22,0.109122
花旗集团,认为失败,台积电,2024-08-28,0.108913
唐纳德·特朗普,感到不满,台积电,2024-11-10,0.108694
唐纳德·特朗普,感到不满,台积电,2024-11-10,0.108694
唐纳德·特朗普,感到不满,台积电,2024-11-10,0.108694
唐纳德·特朗普,担忧,台积电,2024-11-12,0.108571
唐纳德·特朗普,认为可靠,台积电,2024-11-10,0.108552
唐纳德·特朗普,认为可靠,台积电,2024-11-10,0.108552
唐纳德·特朗普,认为可靠,台积电,2024-11-10,0.108552
特朗普,支持,台积电,2024-10-28,0.107952
特朗普,支持,台积电,2024-10-28,0.107952
唐纳德·特朗普总统,威胁,台积电,2024-11-12,0.107273
唐纳德·特朗普,感到不满,台积电,2024-11-30,0.106914
英特尔,认为恐怖,台积电,2024-11-29,0.106781
英伟达,认为有成就,台积电,2024-09-10,0.106719
英伟达,认为有成就,台积电,2024-09-10,0.106719
唐纳德·特朗普,质疑,台积电,2024-11-10,0.106454
唐纳德·特朗普,质疑,台积电,2024-11-10,0.106454
唐纳德·特朗普,质疑,台积电,2024-11-10,0.106454
唐纳德·特朗普,质疑,台积电,2024-11-10,0.106454
唐纳德·特朗普,质疑,台积电,2024-11-10,0.106454
唐纳德·特朗普,质疑,台积电,2024-11-10,0.106454
唐纳德·特朗普,质疑,台积电,2024-11-10,0.106454
唐纳德·特朗普,质疑,台积电,2024-11-10,0.106454
唐纳德·特朗普,质疑,台积电,2024-11-10,0.106454
唐纳德·特朗普,质疑,台积电,2024-11-10,0.106454
唐纳德·特朗普,质疑,台积电,2024-11-10,0.106454
特朗普,批评,台积电,2024-10-28,0.106154
特朗普,批评,台积电,2024-10-28,0.106154
特朗普,批评,台积电,2024-10-28,0.106154
英特尔,威胁,台积电,2024-10-17,0.105727
英特尔,威胁,台积电,2024-10-17,0.105727
特朗普,认可,台积电,2024-10-28,0.105665
特朗普,认可,台积电,2024-10-28,0.105665
唐纳德·特朗普,担忧,台积电,2024-11-22,0.105392
唐纳德·特朗普,认可,台积电,2024-11-07,0.105346
唐纳德·特朗普,感到不满,台积电,2024-07-29,0.105207
唐纳德·特朗普,感到不满,台积电,2024-07-29,0.105207
唐纳德·特朗普,认为可靠,台积电,2024-07-29,0.105127
英特尔,威胁,台积电,2024-10-20,0.104878
英伟达,认可,台积电,2024-09-10,0.104847
英伟达,认可,台积电,2024-09-10,0.104847
唐纳德·特朗普,质疑,台积电,2024-11-30,0.104702
英伟达,支持,台积电,2024-09-10,0.104393
英伟达,支持,台积电,2024-09-10,0.104393
唐纳德·特朗普,支持,台积电,2024-11-07,0.103789
唐纳德·特朗普,认为犯罪,台积电,2024-12-23,0.103547
唐纳德·特朗普,质疑,台积电,2024-07-29,0.102967
唐纳德·特朗普,质疑,台积电,2024-07-29,0.102967
白宫,支持,台积电,2024-11-14,0.102879
台积电,感谢,唐纳德·特朗普,2024-11-12,0.102024
特朗普,支持,台积电,2024-11-12,0.101805
特朗普,支持,台积电,2024-11-12,0.101805
特朗普,认为失败,台积电,2024-10-28,0.101713
特朗普,认为失败,台积电,2024-10-28,0.101713
特朗普,认为失败,台积电,2024-10-28,0.101713
唐纳德·特朗普,认为犯罪,台积电,2024-11-22,0.101588
唐纳德·特朗普,认为犯罪,台积电,2024-11-22,0.101588
唐纳德·特朗普,批评,台积电,2024-11-07,0.101100
川普,质疑,台积电,2024-10-28,0.100773
谷歌,认为有成就,台积电,2024-10-19,0.100739
谷歌,认为有成就,台积电,2024-10-19,0.100739
川普,认为有威胁,台积电,2024-10-28,0.100632
英伟达,认为失败,台积电,2024-09-10,0.098878
英伟达,认为失败,台积电,2024-09-10,0.098878
台积电,认为热情,英伟达,2024-10-23,0.098708
台积电,认为热情,英伟达,2024-10-23,0.098708
唐纳德·特朗普,质疑,台积电,2024-11-14,0.098517
特朗普,认可,台积电,2024-11-12,0.098291
唐纳德·特朗普,质疑,台积电,2024-11-22,0.097525
唐纳德·特朗普,质疑,台积电,2024-11-22,0.097525
唐纳德·特朗普总统,担忧,台积电,2024-11-12,0.096539
特朗普,认为有暴力,台积电,2024-10-28,0.096217
特朗普,认为有暴力,台积电,2024-10-28,0.096217
特朗普,认为有暴力,台积电,2024-10-28,0.096217
特朗普,认为有暴力,台积电,2024-10-28,0.096217
特朗普,认为有暴力,台积电,2024-10-28,0.096217
川普,感到不满,台积电,2024-10-28,0.095244
唐纳德·特朗普,质疑,台积电,2024-11-12,0.095232
川普,攻击,台积电,2024-10-28,0.094586
台积电,认为可靠,苹果,2024-11-25,0.094510
唐纳德·特朗普,认为犯罪,台积电,2024-10-18,0.094472
唐纳德·特朗普,认为犯罪,台积电,2024-10-18,0.094472
川普,担忧,台积电,2024-10-28,0.094143
英特尔,感到不满,台积电,2024-11-29,0.093988
台积电,威胁,Intel,2024-12-03,0.093931
台积电,主导,AI芯片,2024-12-12,0.093278
台积电,认可,苹果,2024-11-25,0.093217
台积电,担忧,华盛顿,2024-12-29,0.092725
台积电,视作英雄,唐纳德·特朗普,2024-11-12,0.092020
台积电,感到满意,SK海力士,2024-11-03,0.091547
特朗普,攻击,台积电,2024-10-28,0.091429
特朗普,攻击,台积电,2024-10-28,0.091429
特朗普,攻击,台积电,2024-10-28,0.091429
特朗普,攻击,台积电,2024-10-28,0.091429
台积电,支持,SK海力士,2024-11-03,0.090930
台积电,支持,SK海力士,2024-11-03,0.090930
唐纳德·特朗普总统,认为优秀,台积电,2025-01-13,0.090337
张忠谋,认为恐怖,台积电,2024-11-29,0.090099
英特尔,认为失败,台积电,2024-10-17,0.090096
唐纳德·特朗普,认为有成就,台积电,2024-11-10,0.089429
川普,威胁,台积电,2024-10-28,0.089075
特朗普,增进,台积电,2024-11-07,0.088848
特朗普,增进,台积电,2024-11-07,0.088848
特朗普,增进,台积电,2024-11-07,0.088848
特朗普,增进,台积电,2024-11-07,0.088848
特朗普,增进,台积电,2024-11-07,0.088848
习近平,认为优秀,台积电,2024-11-29,0.088830
唐纳德·特朗普,认可,台积电,2024-11-10,0.087777
唐纳德·特朗普,认可,台积电,2024-11-10,0.087777
唐纳德·特朗普,认可,台积电,2024-11-10,0.087777
唐纳德·特朗普,认可,台积电,2024-11-10,0.087777
唐纳德·特朗普,认可,台积电,2024-11-10,0.087777
唐纳德·特朗普,认可,台积电,2024-11-10,0.087777
唐纳德·特朗普,支持,台积电,2024-11-10,0.087636
唐纳德·特朗普,支持,台积电,2024-11-10,0.087636
唐纳德·特朗普,支持,台积电,2024-11-10,0.087636
唐纳德·特朗普,支持,台积电,2024-07-29,0.084867
唐纳德·特朗普,支持,台积电,2024-07-29,0.084867
特朗普,损害,台积电,2024-11-07,0.084724
特朗普,损害,台积电,2024-11-07,0.084724
特朗普,损害,台积电,2024-11-07,0.084724
特朗普,损害,台积电,2024-11-07,0.084724
特朗普,损害,台积电,2024-11-07,0.084724
唐纳德·特朗普总统,质疑,台积电,2024-11-12,0.084590
唐纳德·特朗普,认可,台积电,2024-07-29,0.084020
唐纳德·特朗普,认可,台积电,2024-07-29,0.084020
张忠谋,认为有成就,台积电,2024-10-27,0.083706
张忠谋,认为有成就,台积电,2024-10-27,0.083706
唐纳德·特朗普,批评,台积电,2024-11-10,0.083080
唐纳德·特朗普,批评,台积电,2024-11-10,0.083080
唐纳德·特朗普,批评,台积电,2024-11-10,0.083080
唐纳德·特朗普,批评,台积电,2024-11-10,0.083080
唐纳德·特朗普,批评,台积电,2024-11-10,0.083080
唐纳德·特朗普,批评,台积电,2024-11-10,0.083080
唐纳德·特朗普,批评,台积电,2024-11-10,0.083080
唐纳德·特朗普,批评,台积电,2024-11-10,0.083080
唐纳德·特朗普,批评,台积电,2024-11-10,0.083080
唐纳德·特朗普,批评,台积电,2024-11-10,0.083080
台积电,攻击,SK海力士,2024-10-17,0.083026
台积电,攻击,SK海力士,2024-10-17,0.083026
台积电,攻击,SK海力士,2024-10-17,0.083026
CNBC,相信,台积电,2024-12-16,0.082965
唐纳德·特朗普,认为失败,台积电,2024-11-10,0.082924
唐纳德·特朗普,认为失败,台积电,2024-11-10,0.082924
唐纳德·特朗普,认为失败,台积电,2024-11-10,0.082924
唐纳德·特朗普,认为失败,台积电,2024-11-10,0.082924
张忠谋,相信,台积电,2024-10-27,0.082140
台积电,攻击,苹果,2024-11-22,0.082101
台积电,认为有威胁,特朗普政府,2024-11-08,0.081062
川普,认为失败,台积电,2024-10-28,0.080256
唐纳德·特朗普,认为失败,台积电,2024-07-29,0.080246
唐纳德·特朗普,认为失败,台积电,2024-07-29,0.080246
台积电,威胁,中国企业,2024-10-23,0.079882
唐纳德·特朗普,批评,台积电,2024-07-29,0.079565
唐纳德·特朗普,批评,台积电,2024-07-29,0.079565
特朗普,增进,台积电,2024-11-09,0.078966
唐纳德·特朗普,支持,台积电,2024-11-12,0.078573
唐纳德·特朗普,支持,台积电,2024-11-12,0.078573
唐纳德·特朗普,认为失败,台积电,2024-11-22,0.077988
特朗普,损害,台积电,2024-10-28,0.076808
特朗普,损害,台积电,2024-10-28,0.076808
特朗普,损害,台积电,2024-10-28,0.076808
特朗普,损害,台积电,2024-10-28,0.076808
唐纳德·特朗普,认可,台积电,2024-11-12,0.076307
唐纳德·特朗普,支持,台积电,2024-11-22,0.076208
唐纳德·特朗普,认为有暴力,台积电,2024-11-10,0.075020
唐纳德·特朗普,认为有暴力,台积电,2024-11-10,0.075020
台积电,支持,英伟达,2024-09-05,0.074613
花旗集团,认为有暴力,台积电,2024-08-28,0.074347
唐纳德·特朗普,认为有暴力,台积电,2024-11-30,0.073366
唐纳德·特朗普,认可,台积电,2024-11-22,0.073008
百度,认可,台积电,2024-11-07,0.073007
花旗集团,相信,美国,2025-01-16,0.072684
特朗普,感谢,台积电,2024-11-12,0.072153
特朗普,损害,台积电,2024-11-12,0.072069
唐纳德·特朗普,认为有暴力,台积电,2024-07-29,0.071932
唐纳德·特朗普,认为有暴力,台积电,2024-07-29,0.071932
唐纳德·特朗普,攻击,台积电,2024-07-29,0.071590
唐纳德·特朗普,攻击,台积电,2024-07-29,0.071590
CNBC,认为有危机,台积电,2024-12-16,0.070890
黄文达,认为有成就,台积电,2024-10-19,0.070746
乔·拜登,质疑,台积电,2024-11-17,0.069515
唐纳德·特朗普,增进,台积电,2024-11-07,0.069471
唐纳德·特朗普,批评,台积电,2024-11-22,0.069208
唐纳德·特朗普,批评,台积电,2024-11-22,0.069208
总统特朗普,质疑,台积电,2024-11-05,0.068773
CNBC,担忧,台积电,2024-12-16,0.068602
CNBC,质疑,台积电,2024-12-16,0.067618
唐纳德·特朗普,攻击,台积电,2024-11-12,0.067202
台积电,增进,美国,2024-10-15,0.066189
特朗普总统,批评,台积电,2024-11-10,0.066103
英伟达,批评,台积电,2024-09-10,0.065614
英伟达,批评,台积电,2024-09-10,0.065614
百度,感到不满,台积电,2024-11-07,0.065547
亚利桑那州,认为有成就,台积电,2024-10-24,0.064075
台积电,视作英雄,特朗普总统,2024-11-14,0.063837
黄伟伦,认为有成就,台积电,2024-10-19,0.063402
黄伟伦,认为有成就,台积电,2024-10-19,0.063402
黄伟伦,认为有成就,台积电,2024-10-19,0.063402
台积电,认为犯罪,拜登,2024-11-16,0.063104
唐纳德·特朗普总统,批评,台积电,2024-11-12,0.062750
路透社,相信,台积电,2024-10-22,0.062592
路透社,相信,台积电,2024-10-22,0.062592
唐纳德·特朗普,损害,台积电,2024-11-10,0.062051
唐纳德·特朗普,损害,台积电,2024-11-10,0.062051
唐纳德·特朗普,损害,台积电,2024-11-10,0.062051
唐纳德·特朗普,损害,台积电,2024-11-30,0.060966
英伟达,认为有暴力,台积电,2024-09-10,0.060761
CNBC,认为违规,台积电,2024-12-16,0.060691
川普,认为恐怖,台积电,2024-10-28,0.060662
基辛格,认为有危机,台积电,2024-12-02,0.060484
路透社,相信,台积电,2024-10-23,0.060303
唐纳德·特朗普,损害,台积电,2024-07-29,0.059938
唐纳德·特朗普,损害,台积电,2024-07-29,0.059938
中国芯片公司,欣赏,台积电,2024-11-11,0.059593
帕特·基辛格,认为有危机,台积电,2024-12-02,0.059518
台积电,感到不满,格尔辛格,2024-12-09,0.059461
唐纳德·特朗普,损害,台积电,2024-11-11,0.058532
特朗普政府,威胁,台积电,2024-11-18,0.058313
特朗普政府,威胁,台积电,2024-11-18,0.058313
特朗普政府,威胁,台积电,2024-11-18,0.058313
台积电,攻击,英特尔,2024-12-03,0.058254
台积电,攻击,英特尔,2024-12-03,0.058254
台积电,攻击,英特尔,2024-12-03,0.058254
台积电,攻击,英特尔,2024-12-03,0.058254
台积电,增进,中国企业,2024-10-23,0.057733
日本政府,认可,台积电,2024-09-24,0.057644
张忠谋,认为有危机,台积电,2024-11-29,0.057498
CNBC,认为优秀,台积电,2024-12-16,0.057216
台积电,感到满意,英特尔,2024-12-03,0.056527
台积电,感到满意,英特尔,2024-12-03,0.056527
帕特·盖尔辛格,认为有危机,台积电,2024-11-06,0.056365
唐纳德·特朗普,损害,台积电,2024-11-12,0.055203
唐纳德·特朗普,损害,台积电,2024-11-12,0.055203
唐纳德·特朗普,损害,台积电,2024-11-12,0.055203
乔·拜登,认为优秀,台积电,2024-11-17,0.054812
唐纳德·特朗普,感到满意,台积电,2024-07-29,0.054727
英伟达,主导,华为,2024-08-12,0.054611
唐纳德·特朗普,感谢,台积电,2024-11-12,0.054553
基辛格,认为有威胁,台积电,2024-12-02,0.054348
台积电,支持,英伟达,2024-12-27,0.054099
半导体,相信,台积电,2024-11-11,0.054096
英伟达,攻击,台积电,2025-01-16,0.053169
路透社,认为有危机,台积电,2024-10-22,0.052961
乔·拜登,认为可靠,台积电,2024-11-17,0.052779
路透社,认为有危机,台积电,2024-10-23,0.052694
路透社,认为有危机,台积电,2024-10-23,0.052694
路透社,相信,台积电,2024-10-27,0.052691
路透社,相信,台积电,2024-10-27,0.052691
路透社,相信,台积电,2024-10-27,0.052691
路透社,相信,台积电,2024-10-27,0.052691
路透社,相信,台积电,2024-10-27,0.052691
路透社,相信,台积电,2024-10-27,0.052691
路透社,相信,台积电,2024-10-27,0.052691
CNBC,认可,台积电,2024-12-16,0.052402
《亚洲尼基日报》,相信,台积电,2024-12-18,0.052390
摩根士丹利,增进,台积电,2024-11-11,0.052113
台积电,支持,英伟达,2024-12-26,0.051576
唐纳德·特朗普总统,损害,台积电,2024-11-11,0.051539
联发科,认为可靠,台积电,2024-12-31,0.051324
魏哲家,感到不满,台积电,2024-10-23,0.051254
魏哲家,感到不满,台积电,2024-10-23,0.051254
帕特·基辛格,认为有威胁,台积电,2024-12-02,0.051066
台积电,视作英雄,盖尔辛格,2024-12-03,0.050732
帕特·盖尔辛格,认为有威胁,台积电,2024-11-06,0.050624
英特尔,攻击,台积电,2024-10-17,0.050395
英特尔,攻击,台积电,2024-10-17,0.050395
美国,主导,《CHIPS法案》,2024-12-02,0.050283
乔·拜登,认可,台积电,2024-11-17,0.050150
路透社,认为有危机,台积电,2024-10-27,0.049919
路透社,认为有危机,台积电,2024-10-27,0.049919
路透社,认为有危机,台积电,2024-10-27,0.049919
路透社,认为有危机,台积电,2024-10-27,0.049919
路透社,认为有危机,台积电,2024-10-27,0.049919
路透社,认为有危机,台积电,2024-10-27,0.049919
路透社,认为有危机,台积电,2024-10-27,0.049919
路透社,相信,台积电,2024-11-14,0.049897
英特尔,攻击,台积电,2024-12-02,0.049401
德意志银行,质疑,台积电,2025-01-16,0.048620
特朗普总统,损害,台积电,2024-11-10,0.048532
半导体,质疑,台积电,2024-11-11,0.048322
中国芯片公司,认为优秀,台积电,2024-11-11,0.048311
台积电,认为非法,台积电,2024-10-22,0.048301
路透社,相信,台积电,2024-11-30,0.048103
路透社,认为有危机,台积电,2024-11-14,0.048011
英伟达,感到满意,台积电,2024-09-10,0.047883
英伟达,感到满意,台积电,2024-09-10,0.047883
路透社,质疑,台积电,2024-10-22,0.047730
路透社,质疑,台积电,2024-10-22,0.047730
路透社,认为有威胁,台积电,2024-10-22,0.047658
台积电,喜欢,苹果,2024-11-25,0.047542
路透社,认为有威胁,台积电,2024-10-23,0.047405
台积电,损害,美国,2024-11-13,0.047366
台积电,喜欢,苹果,2024-11-26,0.047295
路透社,质疑,台积电,2024-10-23,0.047264
台积电,相信,台积电,2024-11-07,0.047248
特朗普政府,质疑,台积电,2024-11-10,0.047143
特朗普政府,质疑,台积电,2024-11-10,0.047143
特朗普政府,质疑,台积电,2024-11-10,0.047143
亚利桑那州,支持,台积电,2024-11-14,0.046308
格尔辛格,认为有危机,台积电,2024-12-02,0.046159
盖尔辛格,认为有危机,台积电,2024-11-06,0.045869
张忠谋,担忧,台积电,2024-11-29,0.045767
路透社,认为违规,台积电,2024-10-22,0.045704
路透社,认为有威胁,台积电,2024-11-06,0.045469
路透社,认为违规,台积电,2024-10-23,0.045466
德意志银行,担忧,台积电,2025-01-16,0.045208
路透社,认为犯罪,台积电,2024-10-22,0.045192
路透社,认为有威胁,台积电,2024-10-27,0.045058
路透社,认为有威胁,台积电,2024-10-27,0.045058
路透社,认为有威胁,台积电,2024-10-27,0.045058
路透社,认为有威胁,台积电,2024-10-27,0.045058
路透社,认为有威胁,台积电,2024-10-27,0.045058
路透社,认为有威胁,台积电,2024-10-27,0.045058
路透社,认为有威胁,台积电,2024-10-27,0.045058
台积电,攻击,台湾,2024-10-30,0.045011
台积电,支持,英伟达,2024-10-23,0.044854
台积电,支持,英伟达,2024-10-23,0.044854
台积电,支持,英伟达,2024-10-23,0.044854
台积电,支持,英伟达,2024-10-23,0.044854
帕特·盖尔辛格,主导,台积电,2024-12-02,0.044809
路透社,担忧,台积电,2024-10-22,0.044441
路透社,担忧,台积电,2024-10-22,0.044441
路透社,担忧,台积电,2024-10-22,0.044441
路透社,质疑,台积电,2024-10-27,0.044387
路透社,质疑,台积电,2024-10-27,0.044387
路透社,质疑,台积电,2024-10-27,0.044387
路透社,质疑,台积电,2024-10-27,0.044387
路透社,质疑,台积电,2024-10-27,0.044387
路透社,质疑,台积电,2024-10-27,0.044387
路透社,质疑,台积电,2024-10-27,0.044387
台积电,感到满意,拜登政府,2024-11-20,0.044316
台积电,损害,美国,2024-11-05,0.044279
台积电,损害,美国,2024-11-05,0.044279
路透社,担忧,台积电,2024-10-23,0.044222
路透社,担忧,台积电,2024-10-23,0.044222
台积电,损害,美国,2024-11-04,0.044143
台积电,质疑,巴伦周刊,2024-09-21,0.044115
路透社,感到不满,台积电,2024-10-27,0.043965
路透社,感到不满,台积电,2024-10-27,0.043965
路透社,感到不满,台积电,2024-10-27,0.043965
路透社,感到不满,台积电,2024-10-27,0.043965
半导体,欣赏,台积电,2024-11-11,0.043943
台积电,支持,苹果,2024-12-23,0.043901
川普,损害,台积电,2024-10-28,0.043796
路透社,认为有威胁,台积电,2024-11-14,0.043750
路透社,认为有危机,台积电,2024-11-10,0.043569
台积电,支持,苹果,2024-11-25,0.043455
台积电,增进,英伟达,2024-10-14,0.043377
《商业韩国》,认可,台积电,2024-11-16,0.043286
路透社,相信,台积电,2024-11-10,0.043230
路透社,相信,台积电,2024-11-10,0.043230
英伟达,攻击,台积电,2024-11-10,0.043138
路透社,认为非法,台积电,2024-11-07,0.043004
日本政府,支持,台积电,2024-09-24,0.042768
李在镕,主导,台积电,2024-10-17,0.042305
张忠谋,主导,台积电,2024-10-27,0.042299
张忠谋,主导,台积电,2024-10-27,0.042299
路透社,认为违规,台积电,2024-10-27,0.042248
半导体,主导,台积电,2024-11-11,0.041912
台积电,攻击,盖尔辛格,2024-12-02,0.041694
路透社,认为犯罪,台积电,2024-10-27,0.041524
路透社,质疑,台积电,2024-11-14,0.041490
路透社,担忧,台积电,2024-10-27,0.041447
路透社,担忧,台积电,2024-10-27,0.041447
路透社,担忧,台积电,2024-10-27,0.041447
路透社,担忧,台积电,2024-10-27,0.041447
路透社,担忧,台积电,2024-10-27,0.041447
路透社,担忧,台积电,2024-10-27,0.041447
路透社,担忧,台积电,2024-10-27,0.041447
格尔辛格,认为有威胁,台积电,2024-12-02,0.041412
路透社,相信,台积电,2024-11-09,0.041318
台积电,批评,苹果,2024-11-25,0.041311
基辛格,威胁,台积电,2024-12-02,0.041181
英特尔,攻击,台积电,2024-10-20,0.041181
盖尔辛格,认为有威胁,台积电,2024-11-06,0.041149
半导体,认为违规,台积电,2024-11-11,0.040959
乔·拜登,支持,台积电,2024-11-17,0.040789
路透社,认为违规,台积电,2024-11-14,0.040630
路透社,认为违规,台积电,2024-11-14,0.040630
台积电,攻击,台湾,2024-11-05,0.040212
川普,认为有暴力,台积电,2024-10-28,0.040043
路透社,主导,台积电,2024-09-01,0.040029
罗杰·达森,担忧,台积电,2024-10-14,0.039997
路透社,认为犯罪,台积电,2024-11-14,0.039968
罗杰·达森,认为优秀,台积电,2024-10-14,0.039944
台积电,攻击,Intel,2024-12-03,0.039571
路透社,认为有威胁,台积电,2024-11-10,0.039434
半导体,认为优秀,台积电,2024-11-11,0.039333
麦肯锡公司,损害,台积电,2024-10-31,0.039117
帕特·基辛格,威胁,台积电,2024-12-02,0.039077
罗杰·达森,喜欢,台积电,2024-10-14,0.039040
中国芯片公司,认为缺乏,台积电,2024-11-11,0.038880
路透社,威胁,台积电,2024-10-27,0.038864
路透社,威胁,台积电,2024-10-27,0.038864
路透社,威胁,台积电,2024-10-27,0.038864
路透社,威胁,台积电,2024-10-27,0.038864
路透社,担忧,台积电,2024-11-14,0.038632
德意志银行,认为优秀,台积电,2025-01-16,0.038625
台积电,感到不满,巴伦周刊,2024-09-21,0.038594
台积电,感到不满,巴伦周刊,2024-09-21,0.038594
路透社,主导,台积电,2024-06-03,0.038591
台积电,损害,苹果,2024-11-26,0.038344
帕特·盖尔辛格,威胁,台积电,2024-11-06,0.038324
路透社,感到不满,台积电,2024-11-14,0.038004
魏哲家,主导,台积电,2024-06-03,0.037947
路透社,威胁,台积电,2024-11-14,0.037752
路透社,认为恐怖,台积电,2024-10-22,0.037744
路透社,认为恐怖,台积电,2024-10-22,0.037744
帕特·格尔辛格,认为有威胁,台积电,2024-12-09,0.037577
路透社,认为失败,台积电,2024-10-22,0.037520
盖尔辛格,主导,台积电,2024-12-02,0.037474
路透社,认为优秀,台积电,2024-10-22,0.037404
路透社,认为优秀,台积电,2024-10-22,0.037404
《商业韩国》,相信,台积电,2024-11-16,0.037328
半导体,认为可靠,台积电,2024-11-11,0.036950
基辛格,担忧,台积电,2024-12-02,0.036922
帕特·盖尔辛格,认为有威胁,台积电,2024-10-29,0.036836
帕特·基辛格,担忧,台积电,2024-12-02,0.036785
路透社,认为优秀,台积电,2024-10-23,0.036680
半导体,担忧,台积电,2024-11-11,0.036235
半导体,认可,台积电,2024-11-11,0.036107
微软公司（MSFT）,主导,台积电,2024-11-03,0.036004
路透社,认为可靠,台积电,2024-10-22,0.035973
基辛格,认为恐怖,台积电,2024-12-02,0.035971
基辛格,认为恐怖,台积电,2024-10-31,0.035835
乔·罗根,认为有危机,台积电,2024-10-28,0.035719
英伟达,损害,台积电,2025-01-16,0.035546
张忠谋,主导,台积电,2024-12-24,0.035367
Bloomberg,认为优秀,台积电,2024-10-24,0.035335
《金融时报》,相信,台积电,2024-10-22,0.035307
投资者,欢迎,台积电,2024-09-24,0.035256
投资者,欢迎,台积电,2024-09-24,0.035256
帕特·盖尔辛格,认为优秀,台积电,2024-11-06,0.035245
本·布兰查德,质疑,台积电,2024-10-29,0.035234
台积电,认可,台积电,2024-11-07,0.035203
英特尔总裁,认为可靠,台积电,2024-11-29,0.035135
半导体,认为有成就,台积电,2024-11-11,0.035001
陈其迈,主导,台积电,2024-11-25,0.034901
《华尔街日报》,相信,台积电,2024-09-27,0.034676
台积电,主导,台风警报程序,2024-10-30,0.034550
魏哲家,认可,台积电,2024-10-17,0.034525
路透社,认为恐怖,台积电,2024-10-30,0.034523
路透社,认为恐怖,台积电,2024-11-30,0.034523
路透社,认为失败,台积电,2024-10-27,0.034462
路透社,认为失败,台积电,2024-10-27,0.034462
路透社,认为失败,台积电,2024-10-27,0.034462
台积电,主导,全球扩张计划,2024-11-12,0.034460
路透社,认为优秀,台积电,2024-10-27,0.034398
路透社,认为优秀,台积电,2024-10-27,0.034398
路透社,认为优秀,台积电,2024-10-27,0.034398
路透社,认为优秀,台积电,2024-10-27,0.034398
路透社,认为优秀,台积电,2024-10-27,0.034398
路透社,认可,台积电,2024-10-22,0.034204
路透社,认可,台积电,2024-10-22,0.034204
帕特·盖尔辛格,认为犯罪,台积电,2024-11-06,0.033998
雷蒙多,相信,台积电,2024-11-14,0.033971
路透社,主导,台积电,2024-10-27,0.033963
路透社,主导,台积电,2024-10-27,0.033963
路透社,主导,台积电,2024-10-27,0.033963
路透社,认为恐怖,台积电,2024-11-14,0.033812
博通,认为有成就,台积电,2024-10-19,0.033791
彭博社,相信,台积电,2024-10-24,0.033696
彭博社,相信,台积电,2024-10-24,0.033696
彭博社,相信,台积电,2024-10-24,0.033696
黄仁勋,认为有成就,台积电,2024-09-20,0.033649
黄仁勋,认为有成就,台积电,2024-09-20,0.033649
彭博社,感到不满,台积电,2024-10-24,0.033581
彭博社,感到不满,台积电,2024-10-24,0.033581
彭博社,感到不满,台积电,2024-10-24,0.033581
帕特·盖尔辛格,认为恐怖,台积电,2024-11-06,0.033447
路透社,认为失败,台积电,2024-11-14,0.033411
路透社,认为优秀,台积电,2024-11-14,0.033394
投资者,相信,台积电,2024-09-24,0.033332
路透社,认为恐怖,台积电,2024-10-27,0.033326
路透社,认为恐怖,台积电,2024-10-27,0.033326
路透社,认为恐怖,台积电,2024-10-27,0.033326
路透社,认为恐怖,台积电,2024-10-27,0.033326
路透社,认为恐怖,台积电,2024-10-27,0.033326
路透社,认为恐怖,台积电,2024-10-27,0.033326
路透社,认为恐怖,台积电,2024-10-27,0.033326
罗伯特·桑德斯,认可,台积电,2025-01-16,0.033184
《金融时报》,主导,台积电,2024-10-22,0.033131
路透社,认为可靠,台积电,2024-10-27,0.033049
《金融时报》,认为有威胁,台积电,2024-10-22,0.033026
吴成文,认可,台积电,2024-11-28,0.033025
路透社,主导,台积电,2024-11-14,0.033002
路透社,主导,台积电,2024-11-14,0.033002
吴成文,相信,台积电,2024-11-28,0.032930
魏哲家,认为有成就,台积电,2024-10-27,0.032877
盖尔辛格,认为有威胁,台积电,2024-10-29,0.032753
央行,认为优秀,台积电,2024-12-30,0.032751
彭博社,认为有危机,台积电,2024-10-24,0.032726
彭博社,认为有危机,台积电,2024-10-24,0.032726
彭博社,认为有危机,台积电,2024-10-24,0.032726
路透社,感到不满,台积电,2024-11-10,0.032623
台积电,相信,巴伦周刊,2024-09-21,0.032533
台积电,相信,巴伦周刊,2024-09-21,0.032533
布拉德·林,质疑,台积电,2025-01-15,0.032495
黄仁勋,认为优秀,台积电,2024-11-10,0.032417
中国人工智能公司,认为可靠,台积电,2024-10-19,0.032332
魏哲家,相信,台积电,2024-10-23,0.032262
乔·罗根,认为有威胁,台积电,2024-10-28,0.032165
《商业韩国》,认为可靠,台积电,2024-11-16,0.032131
路透社,认为可靠,台积电,2024-11-14,0.032100
路透社,认为恐怖,台积电,2024-11-10,0.031772
路透社,认为恐怖,台积电,2025-01-10,0.031772
半导体,感到不满,台积电,2024-11-11,0.031762
台积电,增进,英伟达,2024-09-05,0.031585
路透社,认为优秀,台积电,2024-11-10,0.031545
路透社,认为优秀,台积电,2025-01-10,0.031545
路透社,认为优秀,台积电,2025-01-10,0.031545
路透社,认为优秀,台积电,2025-01-10,0.031545
路透社,认可,台积电,2024-10-27,0.031486
路透社,认可,台积电,2024-10-27,0.031486
路透社,认可,台积电,2024-10-27,0.031486
路透社,认可,台积电,2024-10-27,0.031486
路透社,认可,台积电,2024-10-27,0.031486
路透社,认为优秀,台积电,2024-10-08,0.031401
投资者,欢迎,台积电,2024-11-29,0.031322
共和党,认为失败,台积电,2024-10-30,0.031286
张忠谋,主导,台积电,2024-12-16,0.031215
布拉德·林,主导,台积电,2025-01-15,0.031166
台湾,主导,美国,2024-12-03,0.031159
台湾,主导,美国,2024-12-03,0.031159
台湾,主导,美国,2024-12-03,0.031159
台湾,主导,美国,2024-12-03,0.031159
台湾,主导,美国,2024-12-03,0.031159
台湾,主导,美国,2024-12-03,0.031159
盖尔辛格,威胁,台积电,2024-11-06,0.031073
石原茂次郎,认为有成就,台积电,2024-11-12,0.031059
川普,批评,台积电,2024-10-28,0.031018
乌克,认为有成就,台积电,2024-09-17,0.031006
半导体,威胁,台积电,2024-11-11,0.030957
台湾经济部,认可,台积电,2024-10-23,0.030946
英伟达,增进,台积电,2024-10-14,0.030927
路透社,主导,台积电,2024-11-11,0.030909
黄仁勋,喜欢,台积电,2024-12-30,0.030891
黄仁勋,喜欢,台积电,2024-12-30,0.030891
投资者,相信,台积电,2024-11-29,0.030753
路透社,认为有成就,台积电,2024-10-27,0.030723
路透社,认为有成就,台积电,2024-10-27,0.030723
路透社,主导,台积电,2024-11-10,0.030666
黄仁勋,主导,台积电,2024-09-20,0.030591
路透社,认可,台积电,2024-11-14,0.030569
台积公司,主导,美国,2024-11-09,0.030543
台积公司,主导,美国,2024-11-09,0.030543
台积公司,主导,美国,2024-11-09,0.030543
帕特·盖尔辛格,感到不满,台积电,2024-11-06,0.030432
雷蒙多,认为有成就,台积电,2024-11-14,0.030388
帕特·盖尔辛格,认为可靠,台积电,2024-11-06,0.030317
郭建宏,主导,台积电,2025-01-14,0.030313
中国芯片公司,支持,台积电,2024-11-11,0.030288
魏哲家,认可,台积电,2024-10-23,0.030222
魏哲家,认可,台积电,2024-10-23,0.030222
魏哲家,认可,台积电,2024-10-23,0.030222
路透社,认为优秀,台积电,2024-06-03,0.030141
彭博社,认为有成就,台积电,2024-10-24,0.030094
魏哲家,认为失败,台积电,2024-10-18,0.029872
魏哲家,认为失败,台积电,2024-10-18,0.029872
魏哲家,认为失败,台积电,2024-10-18,0.029872
英伟达,增进,台积电,2024-11-29,0.029868
求职者,认为有成就,台积电,2025-01-21,0.029765
帕特·盖尔辛格,质疑,台积电,2024-11-06,0.029725
道达尔集团,主导,美国,2024-11-02,0.029649
道达尔集团,主导,美国,2024-11-02,0.029649
魏哲家,认为可靠,台积电,2024-11-17,0.029606
彭博社,认为有威胁,台积电,2024-10-24,0.029532
彭博社,认为有威胁,台积电,2024-10-24,0.029532
彭博社,认为有威胁,台积电,2024-10-24,0.029532
路透社,认为可靠,台积电,2024-11-10,0.029494
路透社,认为可靠,台积电,2025-01-10,0.029494
黄仁勋,欣赏,台积电,2024-12-30,0.029492
黄仁勋,欣赏,台积电,2024-12-30,0.029492
特朗普政府,损害,台积电,2024-11-18,0.029344
特朗普政府,损害,台积电,2024-11-18,0.029344
特朗普政府,损害,台积电,2024-11-18,0.029344
特朗普政府,损害,台积电,2024-11-18,0.029344
特朗普政府,损害,台积电,2024-11-18,0.029344
特朗普政府,损害,台积电,2024-11-18,0.029344
罗杰·达森,认可,台积电,2024-10-14,0.029234
罗杰·达森,认可,台积电,2024-10-14,0.029234
苹果投资者,认为可靠,台积电,2024-10-23,0.029081
彭博社,质疑,台积电,2024-10-24,0.029075
彭博社,质疑,台积电,2024-10-24,0.029075
彭博社,质疑,台积电,2024-10-24,0.029075
魏哲家,质疑,台积电,2024-10-17,0.029020
罗伯特·桑德斯,认为优秀,台积电,2025-01-16,0.028983
藤原忠弘,认可,台积电,2024-09-24,0.028979
黄仁勋,欣赏,台积电,2024-12-29,0.028969
魏哲家,认为优秀,台积电,2024-11-17,0.028951
魏哲家,认为优秀,台积电,2024-10-17,0.028951
路透社,质疑,台积电,2024-11-10,0.028781
台湾央行行长,认可,台积电,2024-11-14,0.028687
郭建宏,认可,台积电,2025-01-14,0.028605
拜登政府,认可,台积电,2024-11-20,0.028524
Jim·塞默,认为有威胁,台积电,2024-11-03,0.028461
台积电,质疑,台积电,2024-11-07,0.028460
商务部,主导,台积电,2024-11-10,0.028323
帕特·格尔辛格,威胁,台积电,2024-12-09,0.028322
算能科技,认可,台积电,2024-10-28,0.028268
算能科技,认可,台积电,2024-10-28,0.028268
《金融时报》,认为可靠,台积电,2024-10-22,0.028168
黄仁勋,质疑,台积电,2024-09-20,0.028152
黄仁勋,质疑,台积电,2024-09-20,0.028152
黄仁勋,质疑,台积电,2024-10-19,0.028117
路透社,认为有成就,台积电,2025-01-10,0.028028
投资者,质疑,台积电,2024-09-24,0.028021
路透社,欣赏,台积电,2024-10-27,0.027983
路透社,欣赏,台积电,2024-10-27,0.027983
郭建宏,认为有威胁,台积电,2025-01-14,0.027899
投资者,认为有威胁,台积电,2024-11-29,0.027858
国政府,支持,台积电,2024-11-25,0.027848
彭博社,认为违规,台积电,2024-10-24,0.027836
彭博社,认为违规,台积电,2024-10-24,0.027836
英特尔,损害,台积电,2024-10-17,0.027823
英特尔,损害,台积电,2024-10-17,0.027823
帕特·盖尔辛格,威胁,台积电,2024-10-29,0.027758
路透社,认为有暴力,台积电,2024-10-22,0.027746
罗杰·达森,攻击,台积电,2024-10-14,0.027741
魏哲家,相信,台积电,2024-10-27,0.027728
罗伯特·桑德斯,质疑,台积电,2025-01-16,0.027711
半导体,支持,台积电,2024-11-11,0.027669
吴成文,认为可靠,台积电,2024-11-28,0.027634
黄仁勋,认为违规,台积电,2024-10-22,0.027625
路透社,支持,台积电,2024-10-22,0.027549
英特尔,损害,台积电,2024-10-20,0.027546
路透社,威胁,台积电,2024-11-10,0.027545
Lauly Lith,主导,台积电,2024-11-13,0.027500
路透社,质疑,台积电,2024-11-09,0.027483
路透社,质疑,台积电,2024-11-09,0.027483
魏哲家,增进,台积电,2024-10-18,0.027456
魏哲家,增进,台积电,2024-10-18,0.027456
魏哲家,增进,台积电,2024-10-18,0.027456
魏哲家,增进,台积电,2024-10-18,0.027456
黄仁勋,质疑,台积电,2024-10-22,0.027454
魏哲家,质疑,台积电,2024-10-23,0.027423
魏哲家,质疑,台积电,2024-10-23,0.027423
魏哲家,质疑,台积电,2024-10-23,0.027423
黄仁勋,认可,台积电,2024-10-19,0.027385
黄仁勋,认可,台积电,2024-10-19,0.027385
黄仁勋,认可,台积电,2024-10-19,0.027385
黄仁勋,认可,台积电,2024-10-19,0.027385
埃隆·马斯克,主导,美国,2024-11-15,0.027322
埃隆·马斯克,主导,美国,2024-11-15,0.027322
埃隆·马斯克,主导,美国,2024-11-15,0.027322
魏哲家,认为可靠,台积电,2024-10-23,0.027290
《经济日报》,主导,台积电,2024-11-10,0.027285
《金融时报》,认为优秀,台积电,2024-10-22,0.027228
彭博社,担忧,台积电,2024-10-24,0.027197
彭博社,担忧,台积电,2024-10-24,0.027197
彭博社,担忧,台积电,2024-10-24,0.027197
彭博社,认为有成就,台积电,2024-10-27,0.027150
彭博社,认为有成就,台积电,2024-10-27,0.027150
巴伦周刊,相信,台积电,2024-10-23,0.027148
吴成文,感到不满,台积电,2024-11-28,0.027114
路透社,认为违规,台积电,2024-11-10,0.027095
英特尔,增进,台积电,2024-10-17,0.027019
民进党政府,增进,台积电,2024-10-19,0.026658
内地网民,认为可靠,台积电,2024-10-20,0.026535
路透社,质疑,台积电,2024-10-08,0.026486
魏哲家,担忧,台积电,2024-10-17,0.026401
Lauly Lith,相信,台积电,2024-11-13,0.026352
魏哲家,认为优秀,台积电,2024-10-23,0.026352
魏哲家,认为优秀,台积电,2024-10-23,0.026352
魏哲家,认为优秀,台积电,2024-10-23,0.026352
CNBC,增进,台积电,2024-12-16,0.026309
雷蒙多,认为有威胁,台积电,2024-11-14,0.026263
雷蒙多,认为有威胁,台积电,2024-11-14,0.026263
基辛格,认为可靠,台积电,2024-10-31,0.026256
罗伯特·桑德斯,担忧,台积电,2025-01-16,0.026240
黄仁勋,相信,台积电,2024-12-30,0.026214
黄仁勋,相信,台积电,2024-12-30,0.026214
台积电,主导,OpenAI,2024-10-28,0.026212
魏哲家,认可,台积电,2024-10-27,0.026200
投资者,担忧,台积电,2024-09-24,0.026058
黄仁勋,认为优秀,台积电,2024-12-30,0.026036
黄仁勋,认为优秀,台积电,2024-12-30,0.026036
路透社,攻击,台积电,2024-10-27,0.026026
路透社,攻击,台积电,2024-10-27,0.026026
路透社,攻击,台积电,2024-10-27,0.026026
花旗集团,增进,台积电,2024-08-28,0.026009
黄仁勋,担忧,台积电,2024-12-30,0.025937
台积电,损害,中国企业,2024-10-23,0.025894
半导体,认为失败,台积电,2024-11-11,0.025841
中国芯片公司,认为失败,台积电,2024-11-11,0.025840
路透社,感到不满,台积电,2024-06-03,0.025808
郭建宏,认为可靠,台积电,2025-01-14,0.025788
台积电,认为有威胁,巴伦周刊,2024-09-21,0.025743
民主党,认为失败,台积电,2024-10-30,0.025727
路透社,认为可靠,台积电,2024-06-03,0.025693
雷蒙多,质疑,台积电,2024-11-14,0.025684
雷蒙多,质疑,台积电,2024-11-14,0.025684
魏哲家,认为热情,台积电,2024-11-07,0.025573
魏哲家,认为热情,台积电,2024-11-07,0.025573
魏哲家,认为热情,台积电,2024-11-07,0.025573
魏哲家,认为热情,台积电,2024-11-07,0.025573
投资者,认为有危机,台积电,2024-11-29,0.025539
格尔辛格,认为犯罪,台积电,2024-12-02,0.025482
基辛格,认可,台积电,2024-10-31,0.025459
路透社,支持,台积电,2024-10-27,0.025444
路透社,支持,台积电,2024-10-27,0.025444
路透社,支持,台积电,2024-10-27,0.025444
彭博社,威胁,台积电,2024-10-24,0.025432
彭博社,威胁,台积电,2024-10-24,0.025432
彭博社,威胁,台积电,2024-10-24,0.025432
英伟达,损害,台积电,2024-11-29,0.025270
雷蒙多,认为有危机,台积电,2024-11-14,0.025209
台积电,增进,半导体,2024-10-19,0.025208
台积电,增进,半导体,2024-10-19,0.025208
台积电,增进,半导体,2024-10-19,0.025208
台积电,增进,半导体,2024-10-19,0.025208
盖尔辛格,认为犯罪,台积电,2024-11-06,0.025105
英特尔总裁,欣赏,台积电,2024-11-29,0.025087
黄仁勋,认可,台积电,2024-09-20,0.025079
黄仁勋,认可,台积电,2024-09-20,0.025079
台积电,威胁,巴伦周刊,2024-09-21,0.025017
格尔辛格,威胁,台积电,2024-12-02,0.024931
郭建宏,认为优秀,台积电,2025-01-14,0.024916
商务部,认为可靠,台积电,2025-01-10,0.024910
台积电,损害,中国,2024-11-16,0.024903
郭建宏,认为有危机,台积电,2025-01-14,0.024838
彭博社,担忧,台积电,2024-10-27,0.024747
黄仁勋,认为优秀,台积电,2024-12-29,0.024724
魏哲家,担忧,台积电,2024-10-23,0.024698
魏哲家,担忧,台积电,2024-10-23,0.024698
苹果投资者,相信,台积电,2024-10-23,0.024661
路透社,支持,台积电,2024-11-14,0.024643
盖尔辛格,威胁,台积电,2024-10-29,0.024642
台湾经济部,主导,台积电,2024-11-09,0.024583
《金融时报》,认为有威胁,台积电,2024-11-09,0.024501
郭建宏,担忧,台积电,2025-01-14,0.024400
台湾政府,支持,台积电,2024-09-22,0.024357
雷蒙多,认为违规,台积电,2024-11-14,0.024332
雷蒙多,认为违规,台积电,2024-11-14,0.024332
雷蒙多,认为违规,台积电,2024-11-14,0.024332
英特尔总裁,质疑,台积电,2024-11-29,0.024237
雷蒙多,认可,台积电,2024-11-14,0.024202
乔·罗根,威胁,台积电,2024-10-28,0.024199
盖尔辛格,质疑,台积电,2024-11-06,0.024063
黄仁勋,认为犯罪,台积电,2024-10-22,0.024012
吴成文,质疑,台积电,2024-11-28,0.024011
《金融时报》,认可,台积电,2024-10-22,0.023978
英伟达,增进,台积电,2024-09-10,0.023963
英伟达,增进,台积电,2024-09-10,0.023963
《金融时报》,认为有威胁,台积电,2024-11-04,0.023958
彭博社,认可,台积电,2024-10-24,0.023956
彭博社,认可,台积电,2024-10-24,0.023956
彭博社,认可,台积电,2024-10-24,0.023956
魏哲家,质疑,台积电,2024-10-27,0.023872
吉恩·蒙斯特,认为优秀,台积电,2024-10-22,0.023870
雷蒙多,担忧,台积电,2024-11-14,0.023865
郭建宏,质疑,台积电,2025-01-14,0.023766
商务部,认为优秀,台积电,2025-01-10,0.023721
黄仁勋,质疑,台积电,2024-12-29,0.023653
吉娜·雷蒙多,相信,台积电,2024-11-14,0.023647
魏哲家,认为可靠,台积电,2024-10-27,0.023595
魏哲家,增进,台积电,2024-11-17,0.023592
帕特·盖尔辛格,认为犯罪,台积电,2024-10-29,0.023355
黄仁勋,质疑,台积电,2024-12-30,0.023268
黄仁勋,质疑,台积电,2024-12-30,0.023268
台积电,感到不满,台积电,2024-11-07,0.023246
苹果公司(AAPL),支持,台积电,2024-11-10,0.023228
雷蒙多,认为犯罪,台积电,2024-11-14,0.023201
雷蒙多,认为犯罪,台积电,2024-11-14,0.023201
台积电,损害,英特尔,2024-12-03,0.023190
台积电,损害,英特尔,2024-12-03,0.023190
台积电,损害,英特尔,2024-12-03,0.023190
台积电,损害,英特尔,2024-12-03,0.023190
路透社,认为犯罪,台积电,2024-11-06,0.023160
格尔辛格,认为恐怖,台积电,2024-12-02,0.023106
黄仁勋,认为可靠,台积电,2024-12-30,0.023070
黄仁勋,认为可靠,台积电,2024-12-30,0.023070
雷蒙多,认为有成就,台积电,2025-01-10,0.023049
台湾央行行长,质疑,台积电,2024-11-14,0.023025
路透社,认可,台积电,2024-11-10,0.022891
拜登政府,支持,台积电,2024-11-20,0.022889
魏哲家,认为优秀,台积电,2024-10-27,0.022808
投资者,质疑,台积电,2024-11-29,0.022656
黄仁勋,认为可靠,台积电,2024-12-29,0.022644
吴成文,认为优秀,台积电,2024-11-28,0.022625
台积公司,主导,美国,2024-11-13,0.022579
台积公司,主导,美国,2024-11-13,0.022579
魏哲家,认为有危机,台积电,2024-10-23,0.022478
彭博社,认为优秀,台积电,2024-10-24,0.022461
彭博社,认为优秀,台积电,2024-10-24,0.022461
彭博社,认为优秀,台积电,2024-10-24,0.022461
魏哲家,认为缺乏,台积电,2024-10-27,0.022449
《商业韩国》,质疑,台积电,2024-11-16,0.022433
投资者,认为有成就,台积电,2024-11-29,0.022422
瑞克·卡斯迪,认为优秀,台积电,2024-12-16,0.022344
《自由时报》,相信,台积电,2024-11-09,0.022220
华纳参议员,认为有威胁,台积电,2024-10-31,0.022122
路透社,认可,台积电,2024-11-09,0.022045
C.C. Wei,认可,台积电,2024-10-31,0.022018
《金融时报》,威胁,台积电,2024-10-22,0.021975
投资者,认为优秀,台积电,2024-11-29,0.021944
唐纳德・特朗普,主导,美国,2024-10-30,0.021904
魏哲家,认为有危机,台积电,2024-12-28,0.021886
魏哲家,认为有危机,台积电,2024-12-28,0.021886
彭博社,认为失败,台积电,2024-10-24,0.021872
彭博社,认为失败,台积电,2024-10-24,0.021872
雷蒙多,认为可靠,台积电,2024-11-14,0.021791
算能科技,质疑,台积电,2024-10-28,0.021674
算能科技,质疑,台积电,2024-10-28,0.021674
黄仁勋,认可,台积电,2024-10-22,0.021652
彭博社,认为可靠,台积电,2024-10-24,0.021590
彭博社,认为可靠,台积电,2024-10-24,0.021590
彭博社,认为可靠,台积电,2024-10-24,0.021590
路透社,担忧,台积电,2024-11-10,0.021568
路透社,担忧,台积电,2024-11-10,0.021568
路透社,担忧,台积电,2025-01-10,0.021568
路透社,担忧,台积电,2025-01-10,0.021568
路透社,担忧,台积电,2025-01-10,0.021568
路透社,担忧,台积电,2025-01-10,0.021568
《华尔街日报》,质疑,台积电,2024-09-27,0.021554
台积电,认为热情,Arya,2024-10-24,0.021471
Jim·塞默,威胁,台积电,2024-11-03,0.021424
华纳参议员,质疑,台积电,2024-10-31,0.021373
英伟达,损害,台积电,2024-09-10,0.021354
英伟达,损害,台积电,2024-09-10,0.021354
瑞克·卡斯迪,认为有危机,台积电,2024-12-16,0.021315
黄仁勋,欣赏,台积电,2024-10-19,0.021299
英特尔,损害,台积电,2024-12-09,0.021288
投资者,认可,台积电,2024-09-24,0.021226
投资者,认可,台积电,2024-09-24,0.021226
路透社,攻击,台积电,2024-11-14,0.021182
路透社,攻击,台积电,2024-11-14,0.021182
苹果投资者,喜欢,台积电,2024-10-23,0.021164
黄仁勋,认为可靠,台积电,2024-09-20,0.021159
黄仁勋,认为可靠,台积电,2024-09-20,0.021159
黄仁勋,认为可靠,台积电,2024-09-20,0.021159
黄仁勋,认为可靠,台积电,2024-09-20,0.021159
石原伸介,主导,台积电,2024-11-12,0.021104
Russ Mould,相信,台积电,2025-01-10,0.021094
黄仁勋,欣赏,台积电,2024-09-20,0.021093
黄仁勋,欣赏,台积电,2024-09-20,0.021093
巴伦周刊,质疑,台积电,2024-10-23,0.021075
雷蒙多,认为优秀,台积电,2024-11-14,0.021063
英特尔,损害,台积电,2024-09-10,0.021016
投资者,担忧,台积电,2024-11-29,0.021004
参议员,认为有威胁,台积电,2024-10-31,0.020981
魏哲家,欣赏,台积电,2024-10-27,0.020965
特朗普政府,攻击,台积电,2024-11-10,0.020938
魏哲家,担忧,台积电,2024-10-27,0.020928
《自由时报》,认可,台积电,2024-11-09,0.020881
投资者,认为可靠,台积电,2024-11-29,0.020826
雷蒙多,感到不满,台积电,2024-11-14,0.020682
《科创板日报》,认为可靠,台积电,2024-11-09,0.020660
投资者,认为恐怖,台积电,2024-11-29,0.020654
石破茂,主导,台积电,2024-11-12,0.020653
吉娜·雷蒙多,认可,台积电,2024-11-14,0.020625
美国,相信,任天堂,2025-01-02,0.020542
《华尔街日报》,担忧,台积电,2024-09-27,0.020524
Phelix Lee,认为有威胁,台积电,2024-11-11,0.020513
《芯片法案》,认为优秀,台积电,2024-11-10,0.020503
华纳参议员,担忧,台积电,2024-10-31,0.020229
帕特·盖尔辛格,攻击,台积电,2024-10-29,0.020215
英伟达,增进,台积电,2024-10-06,0.020166
瑞克·卡斯迪,质疑,台积电,2024-12-16,0.020159
雷蒙多,威胁,台积电,2024-11-14,0.020139
吴部长,认可,台积电,2024-11-28,0.020133
克里斯蒂安·克茨施,质疑,台积电,2024-07-29,0.020122
克里斯托弗·沃勒,认为有暴力,台积电,2024-07-19,0.020006
乔·罗根,认为恐怖,台积电,2024-10-28,0.019972
日本传媒,相信,台积电,2024-10-28,0.019958
日本传媒,相信,台积电,2024-10-28,0.019958
投资者,认为热情,台积电,2024-09-24,0.019940
投资者,认为热情,台积电,2024-09-24,0.019940
投资者,认为热情,台积电,2024-09-24,0.019940
苹果公司,主导,M4 Pro,2024-11-03,0.019874
特朗普,主导,越南,2024-11-13,0.019810
英伟达,质疑,三星,2024-10-30,0.019776
CNA,相信,台积电,2024-11-03,0.019764
台湾经济部,相信,台积电,2024-11-09,0.019753
吉娜·雷蒙多,认为有成就,台积电,2025-01-10,0.019669
路透社,担忧,台积电,2024-11-09,0.019658
基辛格,攻击,台积电,2024-12-02,0.019641
巴伦周刊,认为有危机,台积电,2024-10-23,0.019569
投资者,认为恐怖,台积电,2024-09-24,0.019539
英特尔,增进,台积电,2024-09-10,0.019480
路透社,认可,台积电,2024-06-03,0.019464
《金融时报》,担忧,台积电,2024-10-22,0.019426
英特尔,损害,台积电,2024-12-02,0.019413
帕特·盖尔辛格,攻击,台积电,2024-11-06,0.019410
苹果投资者,认为有成就,台积电,2024-10-23,0.019318
Phelix Lee,认为可靠,台积电,2024-11-11,0.019280
路透社,认可,台积电,2024-12-02,0.019275
台积电,攻击,NVIDIA,2024-11-24,0.019233
盖尔辛格,认为犯罪,台积电,2024-10-29,0.019210
台积电,增进,半导体,2024-11-25,0.019202
拉乌莉·里哈,担忧,台积电,2024-11-13,0.019198
黄仁勋,认为失败,台积电,2024-09-20,0.019192
罗伯特·桑德斯,支持,台积电,2025-01-16,0.019162
《金融时报》,相信,台积电,2024-11-07,0.019137
马吉华,认为有威胁,台积电,2024-11-10,0.019117
瑞克·卡斯迪,担忧,台积电,2024-12-16,0.019097
吉娜·雷蒙多,认为有危机,台积电,2024-11-14,0.019087
《商业韩国》,认为优秀,台积电,2024-11-16,0.019083
《自由时报》,视作英雄,唐纳德·特朗普,2024-11-09,0.019032
吉娜·雷蒙多,认为失败,台积电,2024-11-14,0.019009
哈里斯,认为违规,台积电,2024-10-18,0.018962
哈里斯,认为违规,台积电,2024-10-18,0.018962
哈里斯,认为违规,台积电,2024-10-18,0.018962
乌克,认为优秀,台积电,2024-09-17,0.018919
富国银行,相信,美国,2025-01-16,0.018914
《金融时报》,质疑,台积电,2024-10-22,0.018902
唐纳德·特朗普,主导,台湾,2024-07-29,0.018829
Coatsworth,喜欢,台积电,2024-10-17,0.018825
投资者,感到不满,台积电,2024-09-24,0.018800
《自由时报》,认为可靠,台积电,2024-11-09,0.018750
《台北时报》,相信,台积电,2024-11-09,0.018727
投资者,喜欢,台积电,2024-11-29,0.018719
吉娜·雷蒙多,质疑,台积电,2024-11-14,0.018714
吉娜·雷蒙多,质疑,台积电,2024-11-14,0.018714
黄仁勋,认为失败,台积电,2024-12-30,0.018693
黄仁勋,认为失败,台积电,2024-12-30,0.018693
美国,相信,中国,2024-11-06,0.018679
哈里斯,认为犯罪,台积电,2024-10-18,0.018637
哈里斯,认为犯罪,台积电,2024-10-18,0.018637
哈里斯,认为犯罪,台积电,2024-10-18,0.018637
路透社,支持,台积电,2024-11-10,0.018607
商务部,认可,台积电,2024-11-10,0.018606
吉娜·雷蒙多,认为可靠,台积电,2024-11-14,0.018551
吉娜·雷蒙多,认为可靠,台积电,2024-11-14,0.018551
巴克莱,认为优秀,台积电,2024-12-25,0.018432
唐纳德·特朗普,主导,台湾,2024-12-03,0.018355
Phelix Lee,认为有危机,台积电,2024-11-11,0.018318
吉恩·蒙斯特,担忧,台积电,2024-10-22,0.018299
路透社,担忧,台积电,2024-10-08,0.018207
黄仁勋,认可,台积电,2024-12-30,0.018181
黄仁勋,认可,台积电,2024-12-30,0.018181
雷蒙多,认为失败,台积电,2024-11-14,0.018166
台积电,认为热情,巴伦周刊,2024-09-21,0.018143
黄仁勋,感到满意,台积电,2024-12-29,0.018139
《自由时报》,认为优秀,台积电,2024-11-09,0.018114
《科创板日报》,认为可靠,台积电,2024-11-07,0.018082
《科创板日报》,认为可靠,台积电,2024-11-07,0.018082
《科创板日报》,认为可靠,台积电,2024-11-07,0.018082
巴伦周刊,担忧,台积电,2024-10-23,0.018071
格尔辛格,质疑,台积电,2024-12-02,0.018045
彭博社,感到满意,台积电,2024-10-24,0.018038
彭博社,感到满意,台积电,2024-10-24,0.018038
Russ Mould,认为可靠,台积电,2025-01-10,0.018005
乔·罗根,攻击,台积电,2024-10-28,0.018002
彭博社,认为恐怖,台积电,2024-10-24,0.017981
彭博社,认为恐怖,台积电,2024-10-24,0.017981
苹果投资者,认可,台积电,2024-10-23,0.017977
吉娜·雷蒙多,认为优秀,台积电,2024-11-14,0.017942
美国,主导,美国,2024-12-03,0.017799
《金融时报》,相信,台积电,2024-11-04,0.017786
黄仁勋,认可,台积电,2024-12-29,0.017760
百度,感到满意,台积电,2024-11-07,0.017750
台湾经济部,认为可靠,台积电,2024-11-09,0.017748
路透社,支持,台积电,2024-11-09,0.017740
投资者,认可,台积电,2024-11-29,0.017738
《巴伦周刊》,认为有成就,台积电,2024-11-12,0.017672
投资者,感到不满,台积电,2024-11-29,0.017658
埃隆·马斯克,认为有成就,特斯拉,2024-12-25,0.017596
投资者,欣赏,台积电,2024-09-24,0.017509
投资者,欣赏,台积电,2024-09-24,0.017509
苹果公司,主导,M4 Max芯片,2024-11-03,0.017396
苹果公司,主导,M4 Max芯片,2024-11-03,0.017396
吉娜·雷蒙多,认为有威胁,台积电,2024-11-14,0.017355
吉娜·雷蒙多,认为有威胁,台积电,2024-11-14,0.017355
日媒,质疑,台积电,2024-10-28,0.017276
日媒,质疑,台积电,2024-10-28,0.017276
秦思瑞,相信,台积电,2025-01-16,0.017232
台积电,担忧,巴伦周刊,2024-09-21,0.017216
Jim·塞默,担忧,台积电,2024-11-03,0.017117
Jim·塞默,认可,台积电,2024-11-03,0.017107
特朗普,相信,美国,2024-11-13,0.017082
石原伸介,认为优秀,台积电,2024-11-12,0.017001
《自由时报》,质疑,台积电,2024-11-09,0.016991
马斯克,感到不满,苹果,2024-11-16,0.016962
《芯片法案》,质疑,台积电,2024-11-10,0.016932
《芯片法案》,质疑,台积电,2024-11-10,0.016932
投资者,支持,台积电,2024-09-24,0.016891
唐纳德·特朗普总统,主导,美国,2024-11-15,0.016876
唐纳德·特朗普总统,主导,美国,2024-11-15,0.016876
台湾,主导,半导体,2024-12-03,0.016790
台湾,主导,半导体,2024-12-03,0.016790
中国,相信,台湾,2025-01-14,0.016771
投资者,喜欢,台积电,2024-09-24,0.016739
投资者,喜欢,台积电,2024-09-24,0.016739
投资者,喜欢,台积电,2024-09-24,0.016739
Coatsworth,相信,台积电,2024-10-17,0.016720
黄仁勋,感到满意,台积电,2024-12-30,0.016692
黄仁勋,感到满意,台积电,2024-12-30,0.016692
中国,相信,台湾,2024-11-16,0.016681
中国,相信,台湾,2024-11-16,0.016681
Brad Lin,增进,台积电,2024-11-29,0.016651
Brad Lin,增进,台积电,2024-11-29,0.016651
Brad Lin,增进,台积电,2024-11-29,0.016651
路透社,认为有暴力,台积电,2024-10-27,0.016633
路透社,认为有暴力,台积电,2024-10-27,0.016633
台积电,损害,Intel,2024-12-03,0.016590
唐纳德·特朗普,主导,美国,2024-11-09,0.016575
C.C. Wei,质疑,台积电,2024-10-31,0.016562
投资人,认为有成就,台积电,2024-11-05,0.016546
唐纳德·特朗普,主导,US,2024-11-14,0.016475
C.C. Wei,质疑,台积电,2024-10-23,0.016455
C.C. Wei,质疑,台积电,2024-10-23,0.016455
C.C. Wei,质疑,台积电,2024-10-23,0.016455
特朗普政府,批评,台积电,2024-11-10,0.016426
特朗普政府,批评,台积电,2024-11-10,0.016426
特朗普政府,批评,台积电,2024-11-10,0.016426
特朗普政府,批评,台积电,2024-11-10,0.016426
Phelix Lee,认为失败,台积电,2024-11-11,0.016389
Coatsworth,认为可靠,台积电,2024-10-17,0.016302
日本,主导,半导体,2024-10-02,0.016272
《自由时报》,认为有威胁,台积电,2024-11-09,0.016254
华为创始人,相信,美国,2024-10-31,0.016194
吉娜·雷蒙多,认为恐怖,台积电,2024-11-14,0.016164
吉娜·雷蒙多,认为恐怖,台积电,2024-11-14,0.016164
彭博社,支持,台积电,2024-10-24,0.016106
吉娜·雷蒙多,担忧,台积电,2024-11-14,0.016035
吉娜·雷蒙多,担忧,台积电,2024-11-14,0.016035
罗杰·达森,认为恐怖,台积电,2024-10-14,0.015789
唐纳德·特朗普,认为有威胁,墨西哥,2024-11-27,0.015788
特朗普,主导,美国,2024-11-09,0.015764
特朗普,主导,美国,2024-11-09,0.015764
特朗普,主导,美国,2024-11-09,0.015764
魏哲家,欢迎,台积电,2024-11-07,0.015699
乌克,认为有威胁,台积电,2024-09-17,0.015653
黄伟成,认为优秀,台积电,2024-10-07,0.015639
黄仁勋,认为优秀,台积电,2024-09-20,0.015636
黄仁勋,认为优秀,台积电,2024-09-20,0.015636
黄仁勋,认为优秀,台积电,2024-09-20,0.015636
黄仁勋,认为优秀,台积电,2024-09-20,0.015636
吉娜·雷蒙多,认为违规,台积电,2024-11-14,0.015477
台湾经济部,认可,台积电,2024-11-09,0.015469
算能科技,担忧,台积电,2024-10-28,0.015425
算能科技,担忧,台积电,2024-10-28,0.015425
商务部,认为违规,台积电,2024-11-10,0.015412
特朗普总统,主导,美国,2024-11-10,0.015285
黄仁勋,认为优秀,台积电,2024-10-19,0.015266
黄仁勋,认为优秀,台积电,2024-10-19,0.015266
吉娜·雷蒙多,威胁,台积电,2024-11-14,0.015260
唐纳德·特朗普,主导,美国,2024-11-15,0.015228
唐纳德·特朗普,主导,美国,2024-11-15,0.015228
唐纳德·特朗普,主导,美国,2024-11-15,0.015228
唐纳德·特朗普,主导,美国,2024-11-15,0.015228
唐纳德·特朗普,主导,美国,2024-11-15,0.015228
唐纳德·特朗普,主导,美国,2024-11-15,0.015228
苹果投资者,质疑,台积电,2024-10-23,0.015224
台积电,主导,新工厂计划,2024-11-17,0.015187
投资者,威胁,台积电,2024-11-29,0.015185
C.C. Wei,认为热情,台积电,2024-11-07,0.015107
台积公司（TSMC）,主导,美国,2024-11-09,0.015087
唐纳德·特朗普,主导,美国,2024-10-30,0.014978
台积公司(TSMC),主导,美国,2024-11-09,0.014923
埃隆·马斯克,视作英雄,唐纳德·特朗普,2024-11-15,0.014878
埃隆·马斯克,视作英雄,唐纳德·特朗普,2024-11-15,0.014878
埃隆·马斯克,视作英雄,唐纳德·特朗普,2024-11-15,0.014878
埃隆·马斯克,视作英雄,唐纳德·特朗普,2024-11-15,0.014878
埃隆·马斯克,视作英雄,唐纳德·特朗普,2024-11-15,0.014878
半导体,批评,台积电,2024-11-11,0.014814
商务部,认为失败,台积电,2024-10-30,0.014731
投资者,支持,台积电,2024-11-29,0.014671
《经济日报》,相信,台积电,2024-11-10,0.014664
魏哲家,支持,台积电,2024-11-17,0.014615
彭博社,攻击,台积电,2024-10-24,0.014530
投资者,欣赏,台积电,2024-11-29,0.014422
《商业韩国》,威胁,台积电,2024-11-16,0.014329
中国,主导,美国,2025-01-10,0.014303
路透社,担忧,台积电,2024-12-02,0.014303
商务部,认为失败,台积电,2024-11-10,0.014287
摩根,认为优秀,台积电,2024-10-06,0.014241
苹果投资者,认为恐怖,台积电,2024-10-23,0.014232
中国人工智能企业,支持,台积电,2024-10-19,0.014046
于伊齐,质疑,台积电,2024-12-14,0.014046
路透社,担忧,台积电,2024-09-01,0.014028
特朗普,主导,美国,2024-11-15,0.014000
特朗普,主导,美国,2024-11-15,0.014000
中东,相信,三星,2024-09-27,0.013979
吴部长,认为可靠,台积电,2024-11-28,0.013954
《金融时报》,认为优秀,台积电,2024-11-04,0.013945
《金融时报》,认为优秀,台积电,2024-11-04,0.013945
《金融时报》,认为优秀,台积电,2024-11-04,0.013945
唐纳德·特朗普,主导,《芯片和科学法案》,2024-12-02,0.013932
黄仁勋,认为有成就,华为,2024-06-09,0.013909
巴伦扎,认为犯罪,台积电,2024-10-18,0.013881
安杰洛·津诺,主导,特朗普政府,2024-11-19,0.013869
马吉华,认为优秀,台积电,2024-11-10,0.013867
马吉华,认为优秀,台积电,2024-11-10,0.013867
马吉华,认为优秀,台积电,2024-11-10,0.013867
唐纳德·特朗普,主导,美国,2024-07-27,0.013821
路透社,增进,台积电,2024-10-27,0.013815
路透社,增进,台积电,2024-10-27,0.013815
路透社,增进,台积电,2024-10-27,0.013815
台湾央行行长,担忧,台积电,2024-11-14,0.013773
黄仁勋,认为恐怖,台积电,2024-09-20,0.013770
黄仁勋,认为恐怖,台积电,2024-09-20,0.013770
"路透社  
路透社",认可,台积电,2025-01-10,0.013763
Phelix Lee,担忧,台积电,2024-11-11,0.013757
Phelix Lee,担忧,台积电,2024-11-11,0.013757
吉娜·雷蒙多,认为犯罪,台积电,2024-11-14,0.013707
马斯克,感到不满,特斯拉,2024-06-04,0.013695
《自由时报》,认为有危机,台积电,2024-11-09,0.013660
英伟达,认为可靠,三星,2024-10-30,0.013612
帕特·盖尔辛格,损害,台积电,2024-11-06,0.013538
特朗普,认为有成就,英伟达,2024-08-06,0.013515
魏哲家,认为恐怖,台积电,2024-10-23,0.013514
《金融时报》,主导,华为,2024-10-22,0.013487
特朗普,主导,美国,2024-11-06,0.013482
《经济日报》,认为优秀,台积电,2024-11-10,0.013474
商务部,认为犯罪,台积电,2024-11-10,0.013471
《金融时报》,认为可靠,台积电,2024-11-07,0.013455
AI芯片,认为可靠,台积电,2024-11-07,0.013442
AI芯片,认为可靠,台积电,2024-11-07,0.013442
C.C. Wei,认为优秀,台积电,2024-10-23,0.013434
唐纳德·特朗普,认为优秀,华为,2024-11-28,0.013367
路透社,主导,三星,2024-08-27,0.013333
路透社,批评,台积电,2024-10-23,0.013317
唐纳德·特朗普,相信,美国,2024-12-03,0.013283
投资人,主导,台积电,2024-11-05,0.013269
参议员,担忧,台积电,2024-10-31,0.013268
C.C. Wei,认为优秀,台积电,2024-10-31,0.013210
C.C. Wei,认为优秀,台积电,2024-10-31,0.013210
瑞克·卡斯迪,认为违规,台积电,2024-12-16,0.013144
唐纳德·特朗普,认为有成就,英伟达,2024-08-06,0.013134
唐纳德·特朗普,认为有成就,台湾,2024-12-03,0.013061
投资人,相信,台积电,2024-11-05,0.013050
唐纳德·特朗普,主导,对中国贸易,2024-11-15,0.013039
特朗普,主导,美国,2024-11-14,0.012999
美国,主导,《芯片法案》,2024-12-03,0.012991
特朗普,主导,美国,2024-11-05,0.012982
特朗普,主导,美国,2024-11-05,0.012982
麦肯锡&公司,损害,台积电,2024-10-31,0.012978
Phelix Lee,质疑,台积电,2024-11-11,0.012954
美国,相信,美国,2025-01-16,0.012929
英特尔总裁,担忧,台积电,2024-11-29,0.012892
美国,认为优秀,华为,2024-11-07,0.012883
投资人,认为有威胁,台积电,2024-11-05,0.012876
唐纳德·特朗普,感到不满,台湾,2024-12-02,0.012847
埃隆·马斯克,相信,中国,2024-12-27,0.012781
埃隆·马斯克,相信,中国,2024-12-27,0.012781
唐纳德·特朗普,主导,美国,2024-12-03,0.012747
唐纳德·特朗普,主导,美国,2024-12-03,0.012747
唐纳德·特朗普,主导,美国,2024-12-03,0.012747
唐纳德·特朗普,主导,美国,2024-12-03,0.012747
华为,认为有成就,美国,2024-12-27,0.012735
克里斯蒂安·克茨施,批评,台积电,2024-07-29,0.012716
唐纳德·特朗普,相信,台湾,2024-12-03,0.012716
唐纳德·特朗普,相信,台湾,2024-12-03,0.012716
唐纳德·特朗普,相信,台湾,2024-12-03,0.012716
唐纳德·特朗普,相信,台湾,2024-12-03,0.012716
埃隆·马斯克,相信,中国,2024-12-26,0.012706
市场研究公司IDC,认为可靠,台积电,2024-12-28,0.012638
台积公司(TSMC),主导,美国,2024-11-13,0.012636
台积公司(TSMC),主导,美国,2024-11-13,0.012636
日本传媒,质疑,台积电,2024-10-28,0.012618
日本传媒,质疑,台积电,2024-10-28,0.012618
英伟达,相信,三星,2024-10-30,0.012617
特朗普,主导,《芯片与科学法案》,2024-11-05,0.012606
特朗普,主导,《芯片与科学法案》,2024-11-05,0.012606
莫里斯·昌,认为有威胁,台积电,2024-12-09,0.012606
吴成文,批评,台积电,2024-11-28,0.012598
唐纳德·特朗普,感到不满,台湾,2024-12-03,0.012587
唐纳德·特朗普,感到不满,台湾,2024-12-03,0.012587
唐纳德·特朗普,感到不满,台湾,2024-12-03,0.012587
唐纳德·特朗普,感到不满,台湾,2024-12-03,0.012587
唐纳德·特朗普,感到不满,台湾,2024-12-03,0.012587
唐纳德·特朗普,感到不满,台湾,2024-12-03,0.012587
特朗普,主导,关税计划,2024-11-05,0.012539
高盛,主导,美国,2024-11-02,0.012506
唐纳德·特朗普,主导,美国,2024-12-02,0.012498
雷蒙多,认为恐怖,台积电,2024-11-14,0.012381
郭建宏,认为恐怖,台积电,2025-01-14,0.012369
黄仁勋,认为恐怖,台积电,2024-10-22,0.012369
特朗普,主导,《芯片法案》,2024-11-05,0.012328
特朗普,主导,《芯片法案》,2024-11-05,0.012328
《台北时报》,质疑,台积电,2024-11-09,0.012312
C.C. Wei,担忧,台积电,2024-10-23,0.012304
C.C. Wei,担忧,台积电,2024-10-23,0.012304
彼得·蒂尔,相信,特朗普,2024-11-18,0.012294
彼得·蒂尔,相信,特朗普,2024-11-18,0.012294
彼得·蒂尔,相信,特朗普,2024-11-18,0.012294
华纳参议员,认为有危机,台积电,2024-10-31,0.012252
特朗普政府,主导,美国,2024-11-10,0.012175
特朗普政府,主导,美国,2024-11-10,0.012175
特朗普政府,主导,美国,2024-11-10,0.012175
特朗普政府,主导,美国,2024-11-10,0.012175
特朗普政府,主导,美国,2024-11-10,0.012175
《环球时报》,质疑,台积电,2024-11-10,0.012174
《环球时报》,质疑,台积电,2024-11-10,0.012174
《环球时报》,质疑,台积电,2024-11-10,0.012174
《环球时报》,质疑,台积电,2024-11-10,0.012174
《环球时报》,质疑,台积电,2024-11-10,0.012174
乔·罗根,损害,台积电,2024-10-28,0.012162
唐纳德·特朗普,主导,《芯片与科学法案》,2024-11-06,0.012158
C.C. Wei,担忧,台积电,2024-10-31,0.012128
中国芯片公司,感到满意,台积电,2024-11-11,0.012059
《商业韩国》,担忧,台积电,2024-11-16,0.012059
台积电,增进,中美关系,2024-11-12,0.012043
特朗普,主导,美国,2024-12-02,0.012038
特朗普,主导,《芯片和科学法案》,2024-11-05,0.012035
特朗普,主导,《芯片和科学法案》,2024-11-05,0.012035
特朗普,主导,《芯片和科学法案》,2024-11-05,0.012035
特朗普,主导,《芯片和科学法案》,2024-11-05,0.012035
帕特·盖尔辛格,损害,台积电,2024-10-29,0.012033
黄仁勋,支持,台积电,2024-12-30,0.012017
吉恩·蒙斯特,认为违规,台积电,2024-10-22,0.012012
彼得·蒂尔,感到不满,特朗普,2024-11-18,0.011999
彼得·蒂尔,感到不满,特朗普,2024-11-18,0.011999
彼得·蒂尔,感到不满,特朗普,2024-11-18,0.011999
盖尔辛格,攻击,台积电,2024-10-29,0.011983
唐纳德·特朗普,主导,比特币,2024-11-05,0.011937
投资人,视作英雄,台积电,2024-11-05,0.011932
《金融时报》,质疑,台积电,2024-11-09,0.011926
投资人,认为有危机,台积电,2024-11-05,0.011904
特朗普,认为有威胁,马来西亚,2024-12-27,0.011889
散户投资者,喜欢,台积电,2024-12-30,0.011883
《金融时报》,欣赏,台积电,2024-10-22,0.011874
市场研究公司IDC,相信,台积电,2024-12-28,0.011850
吴成文,担忧,台积电,2024-11-28,0.011844
唐纳德·特朗普,主导,《芯片法案》,2024-11-06,0.011833
唐纳德·特朗普,主导,《芯片法案》,2024-11-06,0.011833
唐纳德·特朗普,主导,《芯片法案》,2024-11-06,0.011833
唐纳德·特朗普,主导,《芯片法案》,2024-11-06,0.011833
唐纳德·特朗普,主导,《芯片法案》,2024-11-06,0.011833
唐纳德·特朗普,主导,《芯片法案》,2024-11-06,0.011833
半导体,质疑,华为,2024-06-09,0.011773
唐纳德·特朗普,质疑,华为,2024-11-28,0.011767
《金融时报》,认为违规,台积电,2024-11-09,0.011753
埃隆·马斯克,感到不满,中国,2024-12-26,0.011753
《自由时报》,感到不满,台积电,2024-11-09,0.011752
苹果投资者,认为优秀,台积电,2024-10-23,0.011729
华盛顿,相信,中国,2024-11-07,0.011658
唐纳德·特朗普,主导,《芯片和科学法案》,2024-11-06,0.011649
唐纳德·特朗普,主导,《芯片和科学法案》,2024-11-06,0.011649
乔·拜登,认为有威胁,中国,2024-10-01,0.011649
乔·拜登,认为有威胁,中国,2024-10-01,0.011649
英伟达,感到不满,谷歌,2024-09-09,0.011646
吉娜·雷蒙多,支持,台积电,2024-11-14,0.011607
魏哲家,质疑,台积电,2024-06-03,0.011579
乔·罗根,认为有暴力,台积电,2024-10-28,0.011481
苹果投资者,感到不满,台积电,2024-10-23,0.011479
《经济日报》,认可,台积电,2024-11-10,0.011450
中国,认为可靠,日本,2024-09-02,0.011437
埃隆·马斯克,感到不满,中国,2024-12-27,0.011406
埃隆·马斯克,感到不满,中国,2024-12-27,0.011406
基辛格,损害,台积电,2024-12-02,0.011396
《金融时报》,支持,台积电,2024-10-22,0.011391
特朗普,主导,《芯片法案》,2024-11-06,0.011390
英伟达,质疑,谷歌,2024-09-09,0.011362
唐纳德·特朗普,认可,高通,2024-09-19,0.011344
英伟达,担忧,三星,2024-10-30,0.011334
Lauly Lith,认为有威胁,台积电,2024-11-13,0.011333
华为技术有限公司,认为可靠,英伟达,2024-09-28,0.011319
乔·拜登,认为有威胁,美国,2024-12-03,0.011236
谷歌,认为有威胁,华为,2024-10-31,0.011233
马斯克,相信,特斯拉,2024-06-04,0.011215
《金融时报》,威胁,台积电,2024-11-04,0.011214
马继华,认为可靠,台积电,2024-11-10,0.011168
马继华,认为可靠,台积电,2024-11-10,0.011168
美国,感到不满,谷歌,2024-09-06,0.011160
马吉华,质疑,台积电,2024-11-10,0.011158
马吉华,质疑,台积电,2024-11-10,0.011158
马吉华,质疑,台积电,2024-11-10,0.011158
吴正文,质疑,台积电,2024-11-29,0.011138
唐纳德·特朗普,感到不满,台湾,2024-07-30,0.011097
马吉华,认为有威胁,美国,2024-11-10,0.011096
马吉华,认为有威胁,美国,2024-11-10,0.011096
乌克,认为有危机,台积电,2024-09-17,0.011090
唐纳德·特朗普,主导,全面进口关税,2024-12-19,0.011073
Lauly Lith,认为恐怖,台积电,2024-11-13,0.011065
特朗普,认为有威胁,中国,2024-11-29,0.011035
《金融时报》,质疑,台积电,2024-11-07,0.011031
《金融时报》,质疑,台积电,2024-11-07,0.011031
特朗普政府,损害,台积电,2024-11-10,0.011009
特朗普政府,损害,台积电,2024-11-10,0.011009
特朗普政府,损害,台积电,2024-11-10,0.011009
投资人,认为优秀,台积电,2024-11-05,0.011003
乌克,认为违规,台积电,2024-09-17,0.010971
台积电,认为失败,AI芯片,2024-10-02,0.010937
唐纳德·特朗普,主导,《芯片法案》,2024-11-07,0.010934
《金融时报》,担忧,台积电,2024-11-09,0.010909
杨金龙,相信,美国,2024-11-13,0.010876
中东,主导,美国,2024-10-14,0.010869
中东,主导,美国,2024-10-14,0.010869
中东,主导,美国,2024-10-14,0.010869
程庭芳,认为有威胁,台积电,2024-11-13,0.010857
台积电,担忧,中国市场,2024-11-02,0.010853
唐纳德·特朗普,主导,实施关税,2024-12-11,0.010837
黄仁勋,认为恐怖,台积电,2024-12-30,0.010797
莫里斯·昌,威胁,台积电,2024-12-09,0.010789
台积电,攻击,巴伦周刊,2024-09-21,0.010787
乌克,认为失败,台积电,2024-09-17,0.010734
台湾经济部,质疑,台积电,2024-11-09,0.010695
台湾经济部,质疑,台积电,2024-11-09,0.010695
特朗普,认为有威胁,台湾,2024-11-05,0.010630
特朗普,认为有威胁,台湾,2024-11-05,0.010630
特朗普,认为有威胁,台湾,2024-11-05,0.010630
特朗普,认为有威胁,台湾,2024-11-05,0.010630
特朗普,认为有威胁,台湾,2024-11-05,0.010630
投资人,认为可靠,台积电,2024-11-05,0.010627
唐纳德·特朗普,主导,共和政府,2025-01-09,0.010622
《自由时报》,威胁,台积电,2024-11-09,0.010619
求职者,认为优秀,台积电,2025-01-21,0.010603
乔·罗根,感到不满,特朗普,2024-11-05,0.010590
唐纳德·特朗普,认为有威胁,台湾,2024-12-02,0.010588
唐纳德·特朗普,主导,共和党,2024-09-18,0.010550
唐纳德·特朗普,主导,半导体,2024-12-03,0.010526
美国,主导,《芯片和科学法案》,2025-01-03,0.010523
黄仁勋,认为有暴力,台积电,2024-09-20,0.010491
黄仁勋,认为有暴力,台积电,2024-09-20,0.010491
路透社,感到满意,台积电,2024-11-10,0.010450
瑞银,主导,美国,2024-10-14,0.010435
瑞银,主导,美国,2024-10-14,0.010435
瑞银,主导,美国,2024-10-14,0.010435
Russ Mould,认可,台积电,2025-01-10,0.010427
前总统,认为有成就,唐纳德·特朗普,2024-11-05,0.010421
唐纳德·特朗普,认为有威胁,台湾,2024-12-03,0.010396
唐纳德·特朗普,认为有威胁,台湾,2024-12-03,0.010396
唐纳德·特朗普,认为有威胁,台湾,2024-12-03,0.010396
唐纳德·特朗普,认为有威胁,台湾,2024-12-03,0.010396
唐纳德·特朗普,认为有威胁,台湾,2024-12-03,0.010396
唐纳德·特朗普,认为有威胁,台湾,2024-12-03,0.010396
唐纳德·特朗普,认为有威胁,台湾,2024-12-03,0.010396
唐纳德·特朗普,认为有威胁,台湾,2024-12-03,0.010396
《金融时报》,认为恐怖,台积电,2024-10-22,0.010383
三星电子,认为有威胁,特朗普,2024-11-12,0.010380
《CHIPS法案》,认为有威胁,台积电,2024-12-02,0.010375
美国,担忧,华为,2024-11-07,0.010369
特朗普,认为有威胁,中国,2025-01-10,0.010357
特朗普,认为有威胁,中国,2024-09-10,0.010357
特朗普,认为有威胁,台湾,2024-12-02,0.010348
Russ Mould,认为优秀,台积电,2025-01-10,0.010339
特朗普政府,质疑,华为,2024-10-31,0.010334
日本传媒,认为有威胁,台积电,2024-10-28,0.010334
日本传媒,认为有威胁,台积电,2024-10-28,0.010334
台湾经济部门,相信,台积电,2024-11-11,0.010313
苹果投资者,认为有威胁,台积电,2024-10-23,0.010301
中国,认为可靠,美国,2024-09-30,0.010270
中国,认为可靠,美国,2024-09-30,0.010270
路透社,感到不满,三星,2024-10-06,0.010267
路透社,感到不满,三星,2024-10-06,0.010267
算能科技,认为可靠,华为,2024-10-26,0.010256
特朗普政府,认为可靠,华为,2024-10-31,0.010243
特朗普,主导,《芯片法案》,2024-11-07,0.010242
特朗普,主导,《芯片法案》,2024-11-07,0.010242
特朗普,主导,《芯片法案》,2024-11-07,0.010242
特朗普,主导,《芯片法案》,2024-11-07,0.010242
特朗普,主导,《芯片法案》,2024-11-07,0.010242
特朗普,主导,《芯片法案》,2024-11-07,0.010242
特朗普,主导,《芯片法案》,2024-11-07,0.010242
特朗普,主导,《芯片法案》,2024-11-07,0.010242
《金融时报》,质疑,台积电,2024-11-04,0.010222
杰米·戴蒙,相信,特朗普,2024-12-02,0.010206
路透社,感到不满,三星,2024-08-27,0.010200
路透社,感到不满,三星,2024-08-27,0.010200
特朗普,主导,《芯片法》,2024-11-07,0.010198
瑞克·卡斯迪,增进,台积电,2024-12-16,0.010197
美国,主导,半导体,2024-12-02,0.010137
《自由时报》,担忧,台积电,2024-11-09,0.010128
路透社,批评,台积电,2024-10-27,0.010092
路透社,批评,台积电,2024-10-27,0.010092
路透社,批评,台积电,2024-10-27,0.010092
路透社,批评,台积电,2024-10-27,0.010092
台湾公司,主导,美国,2024-11-15,0.010077
乌克,感到满意,台积电,2024-09-17,0.010015
卡西·伍德,主导,特斯拉,2024-11-09,0.009996
波兰,相信,俄罗斯,2024-08-25,0.009982
美国,主导,英伟达,2024-09-18,0.009972
美国,主导,英伟达,2024-11-18,0.009972
美国,主导,英伟达,2024-11-18,0.009972
美国,主导,英伟达,2024-11-18,0.009972
唐纳德·特朗普,欣赏,美国,2024-10-30,0.009972
特朗普,视作英雄,唐纳德·特朗普总统,2024-11-15,0.009956
美国,主导,半导体,2024-12-03,0.009955
唐纳德·特朗普,威胁,华为,2024-11-28,0.009906
唐纳德·特朗普,认为有威胁,中国,2024-09-10,0.009896
特朗普,认为有威胁,墨西哥,2024-11-29,0.009841
唐纳德·特朗普,感到不满,台湾,2024-11-15,0.009831
彭博社,担忧,台积电,2024-11-06,0.009812
《台北时报》,担忧,台积电,2024-11-09,0.009791
《台北时报》,担忧,台积电,2024-11-09,0.009791
《自由时报》,支持,台积电,2024-11-09,0.009789
埃隆·马斯克,质疑,微软,2024-10-26,0.009786
《台北时报》,威胁,台积电,2024-11-09,0.009754
唐纳德·特朗普,感到不满,台湾,2024-11-11,0.009751
唐纳德·特朗普,感到不满,台湾,2024-11-11,0.009751
投资人,认为缺乏,台积电,2024-11-05,0.009733
萨蒂亚·纳德拉,主导,微软,2024-06-30,0.009725
拜登,认为有威胁,中国,2024-12-02,0.009715
路透社,批评,台积电,2024-11-14,0.009715
Brad Lin,增进,台积电,2025-01-15,0.009699
摩根士丹利,主导,美国,2024-11-03,0.009668
Coatsworth,认可,台积电,2024-10-17,0.009665
杰西·利文森,相信,特斯拉,2024-11-01,0.009654
英伟达,认为优秀,三星,2024-10-30,0.009653
黄仁勋,认为有暴力,台积电,2024-12-30,0.009639
黄仁勋,认为有暴力,台积电,2024-12-30,0.009639
华为创始人,认为有成就,美国,2024-10-31,0.009639
华为创始人,认为有成就,美国,2024-10-31,0.009639
投资人,认为失败,台积电,2024-11-05,0.009549
林 Brad,增进,台积电,2024-11-29,0.009501
特朗普政府,质疑,华为,2024-11-28,0.009459
唐纳德·特朗普,认为有威胁,台湾,2024-11-06,0.009440
美国,主导,英伟达,2024-10-20,0.009440
史蒂夫·洛赫,感到不满,特朗普,2024-12-01,0.009417
美国,相信,英伟达,2024-10-20,0.009396
美国,相信,英伟达,2024-10-20,0.009396
投资人,认可,台积电,2024-11-05,0.009377
乔·罗根,主导,美国,2024-12-25,0.009370
美联储,主导,美国,2024-10-14,0.009363
美联储,主导,美国,2024-10-14,0.009363
特朗普,认为有威胁,台湾,2024-11-07,0.009342
特朗普,认为有威胁,台湾,2024-11-07,0.009342
特朗普,认为有威胁,台湾,2024-11-07,0.009342
特朗普,认为有威胁,台湾,2024-11-07,0.009342
帕特·盖尔辛格,主导,英特尔,2024-07-16,0.009320
唐永年,质疑,台积电,2024-11-12,0.009299
马吉华,认为恐怖,台积电,2024-11-10,0.009270
马吉华,认为恐怖,台积电,2024-11-10,0.009270
雷蒙多,攻击,台积电,2024-11-14,0.009219
以色列,认为有威胁,伊朗,2024-11-02,0.009205
以色列,认为有威胁,伊朗,2024-11-02,0.009205
《金融时报》,担忧,台积电,2024-11-07,0.009192
《金融时报》,担忧,台积电,2024-11-07,0.009192
马斯克,质疑,特斯拉,2024-06-04,0.009173
台湾新北市,主导,台积电,2024-12-16,0.009169
埃隆·马斯克,担忧,特朗普,2024-10-29,0.009165
马斯克,认可,特斯拉,2024-06-04,0.009149
Coatsworth,欣赏,台积电,2024-10-17,0.009147
唐纳德·特朗普,认为失败,美国,2024-11-06,0.009141
中国,主导,半导体,2024-06-02,0.009104
马斯克,欣赏,特斯拉,2024-06-03,0.009094
马斯克,欣赏,特斯拉,2024-06-03,0.009094
马斯克,欣赏,特斯拉,2024-06-03,0.009094
约翰·穆伦纳尔,认为失败,台积电,2024-10-30,0.009048
格尔辛格尔,认为有威胁,台积电,2024-12-09,0.009025
马克·扎克伯格,相信,微软,2024-10-26,0.009001
马斯克,担忧,特斯拉,2024-06-03,0.008979
马斯克,担忧,特斯拉,2024-06-03,0.008979
马斯克,担忧,特斯拉,2024-06-03,0.008979
马斯克,担忧,特斯拉,2024-06-03,0.008979
乔·拜登,认为有威胁,华为,2024-10-31,0.008976
亚利桑那州,主导,英伟达,2024-12-27,0.008964
中东,感到不满,三星,2024-09-27,0.008944
美国,质疑,美国,2024-10-30,0.008916
《巴伦周刊》,质疑,台积电,2024-10-22,0.008915
美国,相信,英伟达,2024-11-18,0.008899
美国,相信,英伟达,2024-11-18,0.008899
美国,相信,英伟达,2024-11-18,0.008899
美国,相信,英伟达,2024-11-18,0.008899
美国,相信,英伟达,2024-11-18,0.008899
美国,相信,英伟达,2024-11-18,0.008899
杰夫·贝索斯,主导,英伟达,2024-09-03,0.008881
唐纳德·特朗普,主导,《芯片法案》,2024-11-10,0.008866
唐纳德·特朗普,主导,《芯片法案》,2024-11-10,0.008866
特朗普,认为失败,美国,2024-11-06,0.008840
英特尔,主导,新合同和成本削减,2024-12-01,0.008839
卡西·伍德,认为有成就,特斯拉,2024-11-09,0.008833
唐纳德·特朗普,认为优秀,台湾,2024-12-03,0.008832
唐纳德·特朗普,认为优秀,台湾,2024-12-03,0.008832
唐纳德·特朗普,认为优秀,台湾,2024-12-03,0.008832
唐纳德·特朗普,认为优秀,台湾,2024-12-03,0.008832
中国芯片公司,批评,台积电,2024-11-11,0.008813
算能科技,认为可靠,华为,2024-10-28,0.008789
算能科技,认为可靠,华为,2024-10-28,0.008789
《金融时报》,攻击,台积电,2024-10-22,0.008786
唐纳德·特朗普,主导,《芯片法案》,2024-11-12,0.008778
俄罗斯总统,主导,马斯克,2024-10-26,0.008771
参议员,认为有危机,台积电,2024-10-31,0.008771
高通收购英特尔,增进,台积电,2024-09-29,0.008769
投资人,认为非法,台积电,2024-11-05,0.008768
算能科技,威胁,台积电,2024-10-28,0.008765
算能科技,威胁,台积电,2024-10-28,0.008765
唐纳德·特朗普,主导,美联储,2025-01-10,0.008752
唐纳德·特朗普,主导,美联储,2025-01-10,0.008752
美国,相信,台湾积电,2024-10-27,0.008751
美国,主导,台积公司,2024-11-29,0.008750
特朗普,主导,《芯片法案》,2024-11-15,0.008748
特朗普,主导,《芯片法案》,2024-11-10,0.008739
特朗普,主导,《芯片法案》,2024-11-10,0.008739
马斯克,认可,特斯拉,2024-06-03,0.008712
马斯克,认可,特斯拉,2024-06-03,0.008712
马斯克,认可,特斯拉,2024-06-03,0.008712
马斯克,认可,特斯拉,2024-06-03,0.008712
侯永清,主导,美国,2024-11-06,0.008707
马斯克,感到不满,史蒂夫·乔布斯,2024-06-03,0.008703
马斯克,感到不满,史蒂夫·乔布斯,2024-06-03,0.008703
马斯克,感到不满,史蒂夫·乔布斯,2024-06-03,0.008703
白宫,欢迎,唐纳德·特朗普,2024-11-05,0.008702
《金融时报》,认可,台积电,2024-11-04,0.008700
马斯克,担忧,特斯拉,2024-06-04,0.008694
台积公司,认可,美国,2024-11-13,0.008666
AnandTech,质疑,台积电,2024-11-12,0.008661
唐纳德·特朗普,认为有威胁,台湾,2024-11-07,0.008646
唐纳德·特朗普,认为有威胁,台湾,2024-11-07,0.008646
唐纳德·特朗普,认为失败,台湾,2024-12-03,0.008645
唐纳德·特朗普,认为失败,台湾,2024-12-03,0.008645
唐纳德·特朗普,认为失败,台湾,2024-12-03,0.008645
唐纳德·特朗普,认为失败,台湾,2024-12-03,0.008645
唐纳德·特朗普,认为失败,台湾,2024-12-03,0.008645
盖尔辛格,损害,台积电,2024-11-06,0.008630
美国,主导,Alphabet,2024-10-22,0.008604
特朗普政府,认可,华为,2024-10-31,0.008584
埃隆·马斯克,认为可靠,中国,2024-12-27,0.008583
埃隆·马斯克,认为可靠,中国,2024-12-27,0.008583
唐纳德·特朗普,认为有威胁,美国,2024-12-26,0.008553
中国,认为热情,日本,2024-09-02,0.008512
Jeff Bezos,认为可靠,美国,2024-11-09,0.008502
美国,主导,《芯片和科学法案》,2024-09-05,0.008498
唐纳德·特朗普,认为失败,台湾,2024-07-30,0.008466
台积电,增进,半导体,2024-11-06,0.008446
帕特·盖尔辛格,主导,美国,2024-10-02,0.008415
阿里巴巴,认为可靠,中国,2024-10-19,0.008406
路透社,相信,华为,2024-06-09,0.008391
唐纳德·特朗普,认为缺乏,台湾,2024-12-03,0.008354
路透社,认为有成就,华为,2024-06-09,0.008332
CNBC,相信,华为,2024-09-16,0.008329
埃隆·马斯克,感到不满,史蒂夫·乔布斯,2024-06-03,0.008296
埃隆·马斯克,感到不满,史蒂夫·乔布斯,2024-06-03,0.008296
埃隆·马斯克,感到不满,史蒂夫·乔布斯,2024-06-03,0.008296
埃隆·马斯克,感到不满,史蒂夫·乔布斯,2024-06-03,0.008296
特朗普,主导,关税和税收政策,2025-01-16,0.008292
唐纳德·特朗普,认为失败,台湾,2024-11-11,0.008285
摩根,担忧,台积电,2024-10-06,0.008276
埃隆·马斯克,视作英雄,唐纳德·特朗普,2024-12-02,0.008253
埃隆·马斯克,视作英雄,唐纳德·特朗普,2024-12-02,0.008253
卡玛拉·哈里斯,主导,美国,2024-07-30,0.008220
马斯克,认为优秀,特斯拉,2024-06-03,0.008213
马斯克,认为优秀,特斯拉,2024-06-03,0.008213
马斯克,认为优秀,特斯拉,2024-06-03,0.008213
马斯克,认为优秀,特斯拉,2024-06-03,0.008213
盖尔辛格,损害,台积电,2024-10-29,0.008197
马克·扎克伯格,认可,微软,2024-10-26,0.008192
唐纳德·特朗普,认为失败,美国,2024-12-02,0.008188
埃隆·马斯克,认可,中国,2024-12-27,0.008179
Phelix Lee,增进,台积电,2024-11-11,0.008175
Phelix Lee,增进,台积电,2024-11-11,0.008175
Phelix Lee,增进,台积电,2024-11-11,0.008175
路透社,损害,台积电,2024-08-27,0.008174
路透社,损害,台积电,2024-08-27,0.008174
路透社,损害,台积电,2024-10-27,0.008174
路透社,损害,台积电,2024-10-27,0.008174
路透社,损害,台积电,2024-10-27,0.008174
英特尔总裁,威胁,台积电,2024-11-29,0.008170
内德·费克林,主导,特朗普政府,2025-01-13,0.008138
特朗普政府,认为优秀,华为,2024-10-31,0.008134
唐纳德·特朗普,认为可靠,台湾,2024-12-03,0.008123
唐纳德·特朗普,认为失败,美国,2024-10-30,0.008120
美国,认为有成就,任天堂,2025-01-02,0.008105
德·特朗普,感到不满,台湾,2024-12-03,0.008102
特朗普,认可,台湾,2024-10-19,0.008089
唐纳德·特朗普,认为可靠,台湾,2024-12-02,0.008088
美国,相信,英特尔,2024-11-25,0.008088
共和党,主导,美国,2024-11-05,0.008082
日本传媒,认为有危机,台积电,2024-10-28,0.008040
日本传媒,认为有危机,台积电,2024-10-28,0.008040
特朗普,认为可靠,台湾,2024-12-02,0.008027
新墨西哥州,主导,英特尔,2024-11-12,0.007998
埃隆·马斯克,担忧,特斯拉,2024-06-03,0.007988
唐纳德·特朗普,认可,台湾,2024-07-29,0.007984
唐纳德·特朗普,认为失败,美国,2024-07-27,0.007954
特朗普,质疑,美国,2024-11-10,0.007908
《金融时报》,担忧,台积电,2024-11-04,0.007894
台积电,增进,AI芯片,2024-10-23,0.007880
台积电,增进,AI芯片,2024-10-23,0.007880
台积电,增进,AI芯片,2024-10-23,0.007880
台积电,增进,AI芯片,2024-10-23,0.007880
台积电,增进,AI芯片,2024-10-23,0.007880
台积电,增进,AI芯片,2024-10-23,0.007880
特朗普,质疑,美国,2024-11-05,0.007876
特朗普,质疑,美国,2024-11-05,0.007876
特朗普,质疑,美国,2024-11-05,0.007876
特朗普,质疑,美国,2024-11-05,0.007876
埃隆·马斯克,质疑,特斯拉,2024-12-25,0.007864
台湾,主导,计划,2024-09-02,0.007864
彭博社,认为有暴力,台积电,2024-10-24,0.007838
路透社,认为有暴力,台积电,2024-06-03,0.007812
唐纳德·特朗普,认为有威胁,台湾,2024-07-30,0.007806
唐纳德·特朗普,认为有威胁,台湾,2024-10-30,0.007806
路透社,批评,台积电,2024-11-10,0.007802
中国,认为非法,半导体,2024-09-02,0.007786
马继华,认可,台积电,2024-11-10,0.007771
马继华,认可,台积电,2024-11-10,0.007771
唐纳德·特朗普,认可,台湾,2024-07-30,0.007770
美国,质疑,谷歌,2024-09-06,0.007744
唐纳德·特朗普,质疑,美国,2024-11-05,0.007741
唐纳德·特朗普,质疑,美国,2024-11-05,0.007741
《金融时报》,欣赏,台积电,2024-11-04,0.007724
特朗普,认为有威胁,美国,2024-11-05,0.007715
特朗普,认为有威胁,美国,2024-11-05,0.007715
华为创始人,认可,美国,2024-10-31,0.007709
华为创始人,认可,美国,2024-10-31,0.007709
总统特朗普,主导,《芯片与科学法案》,2024-11-05,0.007693
投资人,欢迎,台积电,2024-11-05,0.007683
台积电,增进,AI芯片,2024-10-14,0.007678
特朗普,认为有成就,Pfizer,2024-10-24,0.007678
美国,认为有威胁,台湾,2024-12-03,0.007673
美国,认为有威胁,台湾,2024-12-03,0.007673
美国,认为有威胁,台湾,2024-12-03,0.007673
美国,认为有威胁,台湾,2024-12-03,0.007673
马吉华,担忧,台积电,2024-11-10,0.007670
马吉华,担忧,台积电,2024-11-10,0.007670
马吉华,担忧,台积电,2024-11-10,0.007670
台积电,增进,AI芯片,2024-12-16,0.007663
马斯克,认为优秀,特斯拉,2024-06-04,0.007658
唐纳德·特朗普,主导,CHIPS法案,2024-11-24,0.007653
拜登政府,认为有威胁,华为,2024-10-31,0.007643
贝索斯,认为可靠,美国,2024-11-09,0.007621
特朗普,主导,《彭博商业周刊》,2024-07-16,0.007609
唐纳德·特朗普,认为有威胁,台湾,2024-07-29,0.007586
特朗普政府,认为有威胁,华为,2024-10-31,0.007571
唐纳德·特朗普,攻击,华为,2024-11-28,0.007570
台积公司,主导,集成扇出（InFO）,2024-10-03,0.007554
德克萨斯州,支持,三星,2024-10-02,0.007544
马吉华,认为违规,美国,2024-11-10,0.007544
马吉华,认为违规,美国,2024-11-10,0.007544
唐纳德·特朗普,主导,新政府,2024-11-15,0.007532
台积公司,担忧,美国,2024-11-13,0.007527
台积公司,担忧,美国,2024-11-13,0.007527
台积公司,担忧,美国,2024-11-13,0.007527
台积公司,担忧,美国,2024-11-13,0.007527
中国,认为非法,赖清德,2025-01-16,0.007508
特朗普总统,质疑,美国,2024-11-10,0.007508
特朗普总统,质疑,美国,2024-11-10,0.007508
特朗普总统,质疑,美国,2024-11-10,0.007508
美国,认可,华为,2024-10-31,0.007491
华盛顿,质疑,中国,2024-11-07,0.007479
Lauly Lith,认为有危机,台积电,2024-11-13,0.007468
投资人,感到不满,台积电,2024-11-05,0.007466
埃隆·马斯克,认为优秀,特斯拉,2024-11-16,0.007436
《经济日报》,质疑,台积电,2024-11-10,0.007424
乔·拜登总统,认为有威胁,华为,2024-10-31,0.007408
市场研究公司IDC,认可,台积电,2024-12-28,0.007404
Coatsworth,质疑,台积电,2024-10-17,0.007400
唐纳德·特朗普,质疑,美国,2024-12-03,0.007396
唐纳德·特朗普,主导,新加密货币项目,2024-10-16,0.007395
唐纳德·特朗普总统,感到不满,台湾公司,2024-11-15,0.007383
乔·拜登,主导,《芯片法案》,2024-11-14,0.007354
乔·拜登,主导,《芯片法案》,2024-11-19,0.007328
唐纳德·特朗普总统,主导,《芯片法案》,2024-11-12,0.007328
唐纳德·特朗普总统,主导,《芯片法案》,2024-11-12,0.007328
苹果投资者,感到满意,台积电,2024-10-23,0.007311
俄罗斯总统,主导,埃隆·马斯克,2024-10-26,0.007294
投资人,威胁,台积电,2024-11-05,0.007277
台积电,增进,AI芯片,2024-10-17,0.007275
英伟达,相信,谷歌,2024-09-09,0.007272
拜登总统,主导,美国,2024-11-25,0.007263
美国,质疑,任天堂,2025-01-02,0.007262
习近平,认为有成就,美国,2024-11-29,0.007261
算能科技,增进,台积电,2024-10-28,0.007249
算能科技,增进,台积电,2024-10-28,0.007249
唐纳德·特朗普,欣赏,美国,2024-11-15,0.007211
马斯克,认为缺乏,特斯拉,2024-06-03,0.007204
苹果投资者,认为有危机,台积电,2024-10-23,0.007180
华为技术有限公司,认为有成就,英伟达,2024-09-28,0.007179
美国,主导,芯片激励计划,2024-11-25,0.007175
台积电,增进,AI芯片,2024-11-29,0.007153
唐纳德·特朗普,质疑,美国,2024-10-30,0.007148
路透社,损害,台积电,2024-11-14,0.007146
台湾经济部,支持,台积电,2024-11-09,0.007129
Coatsworth,感到不满,台积电,2024-10-17,0.007124
美国,质疑,亚马逊,2024-11-05,0.007124
CFO黄文德,认为优秀,台积电,2024-11-08,0.007105
投资人,认为热情,台积电,2024-11-05,0.007099
藤原忠弘,支持,台积电,2024-09-24,0.007083
帕特·格尔辛格,攻击,台积电,2024-12-09,0.007056
美国,主导,反垄断诉讼,2024-11-05,0.007056
美国,主导,反垄断诉讼,2024-11-05,0.007056
美国,主导,反垄断诉讼,2024-11-05,0.007056
美国,主导,反垄断诉讼,2024-11-05,0.007056
美国,主导,反垄断诉讼,2024-11-05,0.007056
美国,主导,反垄断诉讼,2024-11-05,0.007056
德·特朗普,主导,半导体,2024-12-03,0.007054
唐纳德·特朗普,威胁,中国,2025-01-10,0.007047
拜登总统,主导,美国,2024-10-02,0.007018
《经济日报》,增进,台积电,2024-11-17,0.006993
唐纳德·特朗普,感到不满,《芯片法案》,2024-11-06,0.006989
路透社,相信,美国,2024-11-13,0.006974
帕特·盖尔辛格,主导,英特尔,2024-08-06,0.006972
英特尔,认为有威胁,谷歌,2024-10-29,0.006968
J.W. 秋,质疑,台积电,2024-11-09,0.006955
Coatsworth,认为优秀,台积电,2024-10-17,0.006941
华盛顿,认为有威胁,中国,2024-11-07,0.006895
以色列,感到不满,伊朗,2024-11-02,0.006894
以色列,感到不满,伊朗,2024-11-02,0.006894
魏哲家,批评,台积电,2024-10-17,0.006885
帕特·盖尔辛格,主导,英特尔,2024-12-03,0.006876
Nvidia,欢迎,特朗普,2024-12-25,0.006872
Russ Mould,认为恐怖,台积电,2025-01-10,0.006864
特朗普,感到不满,鲍威尔,2024-07-16,0.006863
唐纳德·特朗普,损害,华为,2024-11-28,0.006836
马斯克,认为可靠,特斯拉,2024-06-04,0.006831
美国,认为可靠,美国,2024-10-30,0.006810
美国,认为可靠,中国,2024-11-07,0.006807
特朗普政府,担忧,华为,2024-10-31,0.006789
杰夫·贝索斯,增进,台积电,2024-11-09,0.006788
埃隆·马斯克,主导,Siri的AI改革,2024-06-03,0.006778
马斯克,认为可靠,特斯拉,2024-06-03,0.006754
马斯克,认为可靠,特斯拉,2024-06-03,0.006754
马斯克,认为可靠,特斯拉,2024-06-03,0.006754
马吉华,认为非法,美国,2024-11-10,0.006753
马吉华,认为非法,美国,2024-11-10,0.006753
苹果投资者,担忧,台积电,2024-10-23,0.006751
路透社,认为有成就,三星,2024-08-27,0.006748
路透社,认为有成就,三星,2024-08-27,0.006748
特朗普,认为有威胁,中国,2024-11-13,0.006739
特朗普,攻击,乔·拜登,2024-11-05,0.006729
唐纳德·特朗普,认为失败,美国,2024-11-14,0.006724
唐纳德·特朗普,欢迎,拜登,2024-06-03,0.006698
埃隆·马斯克,认为优秀,特斯拉,2024-12-25,0.006688
马斯克,认为缺乏,特斯拉,2024-06-04,0.006682
Lauly Lith,认为失败,台积电,2024-11-13,0.006678
特朗普,感到不满,《芯片法案》,2024-11-15,0.006676
埃隆·马斯克,质疑,中国,2024-12-27,0.006670
埃隆·马斯克,质疑,中国,2024-12-27,0.006670
唐纳德·特朗普,认为有威胁,中国,2025-01-12,0.006661
联发科,认可,三星,2024-09-15,0.006660
美国,认为可靠,中国,2024-11-06,0.006655
克里斯·米勒,相信,特朗普,2024-11-13,0.006650
埃隆·马斯克,质疑,中国,2024-12-26,0.006646
乔·拜登,认为有威胁,中国,2025-01-13,0.006638
唐纳德·特朗普,欢迎,台湾,2024-12-03,0.006624
杰西·利文森,认为优秀,特斯拉,2024-11-01,0.006620
华盛顿,担忧,中国,2024-11-07,0.006592
马继华,认为有威胁,美国,2024-11-10,0.006582
马继华,认为有威胁,美国,2024-11-10,0.006582
马继华,认为有威胁,美国,2024-11-10,0.006582
马继华,认为有威胁,美国,2024-11-10,0.006582
马继华,认为有威胁,美国,2024-11-10,0.006582
马继华,认为有威胁,美国,2024-11-10,0.006582
路透社,批评,台积电,2024-11-07,0.006576
吴成文,增进,台积电,2024-11-28,0.006571
台湾最高金融监管机构,主导,美国,2024-07-30,0.006564
台积电,增进,AI芯片,2024-12-12,0.006564
英伟达,认可,Elon Musk,2024-10-14,0.006559
台湾经济部,认为违规,台积电,2024-11-09,0.006526
黄仁勋,批评,台积电,2024-12-30,0.006518
黄仁勋,批评,台积电,2024-12-30,0.006518
帕特·盖尔辛格,认为有成就,英特尔,2025-01-01,0.006473
唐纳德·特朗普,攻击,乔·拜登,2024-11-05,0.006461
彼得·蒂尔,认为可靠,特朗普,2024-11-18,0.006459
拜登政府,主导,美国,2024-11-05,0.006457
特朗普,威胁,中国,2025-01-10,0.006451
中国媒体,相信,台积电,2024-11-07,0.006439
华盛顿,认为可靠,阿联酋,2024-09-22,0.006415
唐纳德·特朗普,认为失败,美国,2024-11-15,0.006410
唐纳德·特朗普,认为失败,美国,2024-11-15,0.006410
唐纳德·特朗普,认为失败,美国,2024-11-15,0.006410
唐纳德·特朗普,认为失败,美国,2024-11-15,0.006410
基辛格,主导,英特尔,2024-12-03,0.006408
英伟达,威胁,三星,2024-10-30,0.006404
唐纳德·特朗普,担忧,美国,2024-10-30,0.006403
摩根士丹利,认为有成就,英伟达,2024-10-23,0.006379
英特尔,主导,《芯片和科学法案》,2024-11-03,0.006364
埃隆·马斯克,质疑,英伟达,2024-11-16,0.006359
特朗普政府,认为优秀,华为,2024-11-28,0.006358
美国,感到不满,苹果,2024-11-30,0.006353
唐纳德·特朗普,威胁,台湾,2024-11-06,0.006351
中国政府,主导,美国,2025-01-10,0.006351
特朗普,威胁,台湾,2024-11-05,0.006349
特朗普,威胁,台湾,2024-11-05,0.006349
特朗普,威胁,台湾,2024-11-05,0.006349
中芯国际,认为优秀,华为,2024-11-05,0.006348
Coatsworth,认为有威胁,台积电,2024-10-17,0.006337
日本,认可,美国,2024-12-02,0.006336
特朗普,威胁,中国,2024-11-27,0.006334
特朗普,威胁,中国,2024-11-27,0.006334
《经济日报》,欣赏,台积电,2024-11-10,0.006324
基辛格）,增进,台积电,2024-11-29,0.006320
张忠谋,感到不满,英特尔,2024-11-29,0.006301
高盛,认为失败,美国,2024-11-02,0.006300
高盛,认为失败,美国,2024-11-02,0.006300
英伟达,担忧,谷歌,2024-09-09,0.006282
哈里斯,感到不满,特朗普,2024-09-10,0.006276
唐纳德·特朗普,威胁,台湾,2024-11-05,0.006272
吴部长,认为有威胁,台积电,2024-11-28,0.006264
帕特·基辛格,主导,英特尔,2024-12-03,0.006257
唐纳德·特朗普,威胁,台积公司,2024-11-13,0.006251
马继华,认为优秀,台积电,2024-11-10,0.006251
马继华,认为优秀,台积电,2024-11-10,0.006251
马继华,认为优秀,台积电,2024-11-10,0.006251
马继华,认为优秀,台积电,2024-11-10,0.006251
马继华,认为优秀,台积电,2024-11-10,0.006251
马继华,认为优秀,台积电,2024-11-10,0.006251
马继华,认为优秀,台积电,2024-11-10,0.006251
投资人,质疑,台积电,2024-11-05,0.006247
苹果,主导,美国,2025-01-14,0.006241
马继华,质疑,台积电,2024-11-10,0.006239
马继华,质疑,台积电,2024-11-10,0.006239
马继华,质疑,台积电,2024-11-10,0.006239
马继华,质疑,台积电,2024-11-10,0.006239
马继华,质疑,台积电,2024-11-10,0.006239
马继华,质疑,台积电,2024-11-10,0.006239
马继华,质疑,台积电,2024-11-10,0.006239
马继华,质疑,台积电,2024-11-10,0.006239
道达尔集团,认为失败,美国,2024-11-02,0.006232
道达尔集团,认为失败,美国,2024-11-02,0.006232
唐纳德·特朗普,感到不满,《芯片与科学法案》,2024-11-06,0.006228
马斯克,认为失败,特斯拉,2024-06-04,0.006226
大卫·金斯纳,主导,Intel,2024-12-03,0.006225
特朗普,认为有威胁,日本,2024-11-12,0.006223
Lauly Lith,认为违规,台积电,2024-11-13,0.006220
路透社,认为有成就,三星,2024-10-06,0.006216
路透社,认为有成就,三星,2024-10-06,0.006216
台积公司,认为失败,美国,2024-11-13,0.006214
格尔辛格,攻击,台积电,2024-12-02,0.006208
唐纳德·特朗普,威胁,台湾,2024-11-07,0.006200
唐纳德·特朗普,威胁,台湾,2024-11-07,0.006200
唐纳德·特朗普,威胁,美国,2024-12-26,0.006194
唐纳德·特朗普,威胁,台湾,2024-12-03,0.006190
唐纳德·特朗普,威胁,台湾,2024-12-03,0.006190
唐纳德·特朗普,威胁,台湾,2024-12-03,0.006190
唐纳德·特朗普,威胁,台湾,2024-12-03,0.006190
唐纳德·特朗普,威胁,台湾,2024-12-03,0.006190
唐纳德·特朗普,威胁,台湾,2024-12-03,0.006190
唐纳德·特朗普,威胁,台湾,2024-12-03,0.006190
唐纳德·特朗普,威胁,台湾,2024-12-03,0.006190
路透社,损害,台积电,2024-10-31,0.006182
美国,主导,英特尔,2024-09-17,0.006172
特朗普总统,主导,《芯片和科学法案》,2024-11-15,0.006158
伊朗最高领袖,认为有威胁,美国,2024-11-02,0.006156
拜登,主导,《芯片和科学法案》,2024-11-06,0.006153
杰克·沙利文,相信,特朗普,2025-01-13,0.006152
特朗普,认为有威胁,中国,2024-07-18,0.006149
帕特·格尔辛格,损害,台积电,2024-12-09,0.006147
英伟达,认为有威胁,谷歌,2024-09-09,0.006138
埃隆·马斯克,质疑,英伟达,2024-09-18,0.006123
埃隆·马斯克,质疑,英伟达,2024-09-18,0.006123
埃隆·马斯克,质疑,英伟达,2024-09-18,0.006123
埃隆·马斯克,质疑,英伟达,2024-09-18,0.006123
中国,感到不满,美国,2025-01-10,0.006110
Lauly Lith,担忧,台积电,2024-11-13,0.006086
崔敏秀,主导,SK海力士,2024-12-31,0.006076
唐纳德·特朗普,欣赏,美国,2024-12-03,0.006069
日本传媒,担忧,台积电,2024-10-28,0.006068
日本传媒,担忧,台积电,2024-10-28,0.006068
娜特莉·奎廉,主导,美国,2024-11-25,0.006068
皮特森国际经济研究所,相信,特朗普,2024-11-06,0.006061
习近平,主导,中非合作论坛峰会,2024-08-31,0.006049
习近平,主导,中非合作论坛峰会,2024-08-31,0.006049
习近平,主导,中非合作论坛峰会,2024-08-31,0.006049
唐纳德・特朗普,感到满意,美国,2024-10-30,0.006049
维韦克·阿亚,主导,《芯片法案》,2024-12-02,0.006046
路透社,增进,台积电,2024-11-10,0.006045
路透社,增进,台积电,2025-01-10,0.006045
KAILEY,担忧,台积电,2024-10-21,0.006042
埃隆·马斯克,认为失败,美国,2024-11-15,0.006035
埃隆·马斯克,认为失败,美国,2024-11-15,0.006035
埃隆·马斯克,认为失败,美国,2024-11-15,0.006035
彼得森国际经济研究所,相信,特朗普,2024-11-06,0.006033
彼得森国际经济研究所,相信,特朗普,2024-11-06,0.006033
彼得森国际经济研究所,相信,特朗普,2024-11-06,0.006033
彼得森国际经济研究所,相信,特朗普,2024-11-06,0.006033
唐纳德·特朗普,威胁,台湾,2024-07-30,0.006029
唐纳德·特朗普,威胁,台湾,2024-10-30,0.006029
克里斯托夫·福奎特,相信,美国,2024-11-13,0.006015
特朗普,质疑,美国,2024-11-14,0.006012
拜登政府,主导,美国,2024-10-02,0.006005
马吉华,批评,台积电,2024-11-10,0.006004
马吉华,批评,台积电,2024-11-10,0.006004
马吉华,批评,台积电,2024-11-10,0.006004
英伟达,认为犯罪,谷歌,2024-09-09,0.005999
詹森·霍尔,感到不满,三星,2025-01-10,0.005995
英伟达,认为违规,谷歌,2024-09-09,0.005991
中国,认可,日本,2024-09-02,0.005983
唐纳德·特朗普,认为有威胁,中国,2025-01-13,0.005979
唐纳德·特朗普,认为有威胁,中国,2025-01-13,0.005979
特朗普,认可,美国,2024-11-09,0.005976
美国,主导,晶圆厂,2024-10-01,0.005974
彭博社,批评,台积电,2024-10-24,0.005973
彭博社,批评,台积电,2024-10-24,0.005973
彭博社,批评,台积电,2024-10-24,0.005973
路透社,认为优秀,华为,2024-11-10,0.005973
唐纳德·特朗普,威胁,台湾,2024-07-29,0.005969
美国,相信,Hindenburg,2024-09-26,0.005967
标普全球市场情报公司,质疑,台积电,2024-11-10,0.005961
标普全球市场情报公司,质疑,台积电,2024-11-10,0.005961
特朗普政府,认为有威胁,华为,2024-11-28,0.005946
习近平,威胁,加拿大,2024-11-07,0.005921
习近平,威胁,加拿大,2024-11-07,0.005921
特朗普,认为有威胁,美国,2024-07-18,0.005920
唐纳德·特朗普,认为非法,台湾,2024-07-30,0.005915
路透社,认为优秀,华为,2024-11-09,0.005906
路透社,认为优秀,华为,2024-06-09,0.005906
唐纳德・特朗普,认可,美国,2024-10-30,0.005904
马继华,认为违规,美国,2024-11-10,0.005891
马继华,认为违规,美国,2024-11-10,0.005891
马继华,认为违规,美国,2024-11-10,0.005891
杰夫·金,认为可靠,三星,2024-11-27,0.005890
杰西·利文森,质疑,特斯拉,2024-11-01,0.005889
台湾经济部,担忧,台积电,2024-11-09,0.005888
英伟达,认为有成就,英伟达,2024-11-24,0.005862
唐纳德·特朗普,认为非法,《芯片与科学法案》,2024-11-06,0.005861
台湾经济部门,认可,台积电,2024-11-11,0.005832
上汽集团,认为有成就,泰国,2024-11-06,0.005831
贝索斯,担忧,特朗普,2024-10-29,0.005829
帕特·盖辛格,主导,英特尔,2024-12-03,0.005799
《经济日报》,支持,台积电,2024-11-10,0.005786
《经济日报》,支持,台积电,2024-11-10,0.005786
《商业韩国》,损害,台积电,2024-11-16,0.005782
彼得·蒂尔,认为优秀,特朗普,2024-11-18,0.005781
彼得·蒂尔,认为优秀,特朗普,2024-11-18,0.005781
彼得·蒂尔,认为优秀,特朗普,2024-11-18,0.005781
马斯克,质疑,苹果,2024-11-16,0.005780
英伟达,相信,白宫,2025-01-13,0.005773
前总统特朗普,认为有威胁,中国,2024-09-10,0.005759
德·特朗普,认为有威胁,台湾,2024-12-03,0.005755
萨蒂亚·纳德拉,认可,墨西哥,2024-11-27,0.005754
美国,质疑,台湾,2024-12-02,0.005752
罗伯特·梅尔,主导,特朗普政府,2024-11-15,0.005752
特朗普总统,认为有威胁,美国,2024-12-27,0.005750
黄仁勋,认为优秀,华为,2024-06-09,0.005743
特朗普,质疑,美国,2024-11-15,0.005740
特朗普,质疑,美国,2024-11-15,0.005740
特朗普,认为非法,台湾,2024-11-05,0.005731
吉娜·雷蒙多,损害,台积电,2024-11-14,0.005727
市场研究公司IDC,质疑,台积电,2024-12-28,0.005724
《日本时报》,感到不满,特朗普,2024-11-12,0.005719
乔·拉戈,主导,《芯片法案》,2024-11-06,0.005710
杰罗姆·鲍威尔,感到不满,美联储,2024-11-17,0.005689
投资者,感到满意,台积电,2024-09-24,0.005684
乔·拜登总统,主导,《芯片法案》,2024-11-15,0.005673
特朗普,认为有威胁,台湾,2024-09-10,0.005666
赖清德,质疑,台湾,2024-12-02,0.005664
特朗普,担忧,美国,2024-11-13,0.005660
唐纳德·特朗普,认为失败,乔·拜登,2024-11-05,0.005657
马克·扎克伯格,质疑,微软,2024-10-26,0.005653
半导体,认为优秀,华为,2024-06-09,0.005624
华为,认为优秀,美国,2024-12-27,0.005614
美国,质疑,华为,2024-10-26,0.005610
哈里斯,感到不满,特朗普,2024-11-02,0.005607
黄仁勋,主导,英伟达,2025-01-10,0.005606
黄仁勋,主导,英伟达,2025-01-10,0.005606
路透社,质疑,华为,2024-06-09,0.005605
中东,质疑,三星,2024-09-27,0.005602
中芯国际,认为优秀,华为,2024-11-09,0.005598
特朗普,威胁,台湾,2024-12-02,0.005595
特朗普政府,认为非法,华为,2024-10-31,0.005589
美国,认为优秀,亚马逊,2024-11-05,0.005584
谷歌,主导,第9巡回上诉法院,2024-10-19,0.005583
杰弗里·赛勒,支持,台积电,2024-12-03,0.005579
唐纳德·特朗普总统,欣赏,美国,2024-11-15,0.005578
唐纳德·特朗普总统,欣赏,美国,2024-11-15,0.005578
美国,认为优秀,任天堂,2025-01-02,0.005577
拜登,主导,《芯片和科学法案》,2024-09-10,0.005571
台积电,喜欢,弹吉他,2024-08-17,0.005548
黄仁勋,主导,英伟达,2024-12-02,0.005542
黄仁勋,主导,英伟达,2024-12-02,0.005542
黄仁勋,主导,英伟达,2024-12-02,0.005542
黄仁勋,主导,英伟达,2024-12-02,0.005542
黄仁勋,主导,英伟达,2024-12-02,0.005542
黄仁勋,主导,英伟达,2024-12-02,0.005542
黄仁勋,主导,英伟达,2024-12-02,0.005542
黄仁勋,主导,英伟达,2024-12-02,0.005542
黄仁勋,主导,英伟达,2024-12-02,0.005542
黄仁勋,主导,英伟达,2024-11-11,0.005537
特朗普,质疑,拜登,2024-07-16,0.005537
唐纳德·特朗普,认可,美国,2024-12-03,0.005535
苹果投资者,威胁,台积电,2024-10-23,0.005534
美国,质疑,华为,2024-10-23,0.005528
美国,质疑,华为,2024-10-23,0.005528
美国,质疑,华为,2024-10-23,0.005528
美国,质疑,华为,2024-10-23,0.005528
总统特朗普,认为可靠,英伟达,2024-11-18,0.005527
总统特朗普,认为可靠,英伟达,2024-11-18,0.005527
台湾外交部,主导,中国,2024-11-07,0.005526
台积电,认为违规,出口管制,2024-11-10,0.005526
台积电,认为违规,出口管制,2024-11-10,0.005526
唐纳德·特朗普,质疑,台湾,2024-07-30,0.005514
唐纳德·特朗普,质疑,台湾,2024-10-30,0.005514
美国,主导,半导体,2024-06-19,0.005511
米姆斯,质疑,微软,2025-01-07,0.005509
唐纳德・特朗普,认为失败,美国,2024-10-30,0.005508
日本,主导,半导体,2024-11-12,0.005506
美国,感到不满,中国,2024-11-06,0.005502
特朗普,质疑,台湾,2024-11-15,0.005501
特朗普,质疑,台湾,2024-11-14,0.005496
台积电,相信,数据中心,2024-09-27,0.005493
唐纳德·特朗普,质疑,美国,2024-11-14,0.005492
拜登,主导,《芯片和科学法案》,2024-11-15,0.005489
唐纳德·特朗普,质疑,台湾,2024-07-29,0.005484
乔·拜登,威胁,美国,2024-12-03,0.005482
印度尼西亚,认为可靠,谷歌,2024-11-06,0.005480
特朗普,质疑,台湾,2024-11-12,0.005478
特朗普,质疑,台湾,2024-11-12,0.005478
美国,质疑,华为,2024-10-24,0.005476
美国,质疑,华为,2024-10-24,0.005476
美国,质疑,华为,2024-10-24,0.005476
唐纳德·特朗普,认为非法,台湾,2024-11-06,0.005475
美国,威胁,华为,2024-11-11,0.005467
CNBC,质疑,华为,2024-09-16,0.005466
唐纳德·特朗普,认可,美国,2024-11-15,0.005462
特朗普政府,担忧,华为,2024-11-28,0.005460
亚当·普森,相信,特朗普,2024-11-06,0.005455
亚当·普森,相信,特朗普,2024-11-06,0.005455
唐纳德·特朗普,主导,关税提议,2024-11-16,0.005454
马克·扎克伯格,视作英雄,唐纳德·特朗普,2025-01-15,0.005447
唐纳德·特朗普,认为有威胁,台湾,2024-09-10,0.005441
唐纳德·特朗普,认为有威胁,中国,2024-07-18,0.005429
唐纳德·特朗普,认可,美国,2024-10-30,0.005425
克里斯蒂安·戴维斯,损害,台积电,2024-07-17,0.005425
特朗普,质疑,美国,2024-07-18,0.005422
美国,质疑,台湾,2024-12-03,0.005420
美国,质疑,台湾,2024-12-03,0.005420
美国,质疑,台湾,2024-12-03,0.005420
美国,质疑,台湾,2024-12-03,0.005420
美国,质疑,台湾,2024-12-03,0.005420
美国,质疑,台湾,2024-12-03,0.005420
美国,质疑,台湾,2024-12-03,0.005420
华盛顿,威胁,中国,2024-11-07,0.005419
日本传媒,威胁,台积电,2024-10-28,0.005417
日本传媒,威胁,台积电,2024-10-28,0.005417
台湾经济部长,感到不满,特朗普,2024-11-09,0.005416
台湾经济部长,感到不满,特朗普,2024-11-09,0.005416
台积电,认为可靠,数据中心,2024-09-27,0.005413
台积电,认为可靠,数据中心,2024-09-27,0.005413
唐纳德·特朗普,欢迎,乔·拉戈,2024-11-06,0.005413
哈里斯,主导,美国,2024-11-02,0.005410
哈里斯,主导,美国,2024-11-02,0.005410
吉娜·雷蒙多,认为有暴力,台积电,2024-11-14,0.005408
唐纳德·特朗普,认为有危机,台湾,2024-12-02,0.005407
唐纳德·特朗普,认可,台湾,2024-12-03,0.005404
唐纳德·特朗普,认可,台湾,2024-12-03,0.005404
唐纳德·特朗普,认可,台湾,2024-12-03,0.005404
唐纳德·特朗普,认可,台湾,2024-12-03,0.005404
唐纳德·特朗普,认可,台湾,2024-12-03,0.005404
唐纳德·特朗普,认可,台湾,2024-12-03,0.005404
基辛格,感谢,雅虎财经,2024-10-31,0.005402
特朗普,认为有威胁,台湾,2024-10-19,0.005401
唐纳德·特朗普,质疑,台湾,2024-11-07,0.005396
美国,认可,谷歌,2024-09-06,0.005386
唐纳,主导,半导体,2024-12-03,0.005378
马来西亚,认为有威胁,中国,2024-11-06,0.005375
泰德·克鲁兹,感到不满,拜登,2025-01-13,0.005373
谷歌,认可,亚马逊,2024-10-16,0.005372
路透社,主导,英伟达,2024-11-17,0.005368
特朗普,质疑,台湾,2024-11-07,0.005351
市场研究公司IDC,认为优秀,台积电,2024-12-28,0.005350
日本,质疑,Alphabet,2024-08-08,0.005343
台湾经济部长,感到不满,特朗普,2024-11-07,0.005332
路透社,认为有威胁,华为,2024-06-09,0.005332
高通公司,认为可靠,英特尔,2024-12-03,0.005327
魏知效,增进,台积电,2024-10-18,0.005315
Dan Ives,主导,英伟达,2024-11-18,0.005308
Dan Ives,主导,英伟达,2024-11-18,0.005308
Dan Ives,主导,英伟达,2024-11-18,0.005308
卡西·伍德,相信,特斯拉,2024-11-09,0.005300
唐纳德·特朗普,质疑,台湾,2024-11-15,0.005297
唐纳德·特朗普,质疑,台湾,2024-11-15,0.005297
唐纳德·特朗普,质疑,台湾,2024-11-15,0.005297
唐纳德·特朗普总统,认为失败,美国,2024-11-15,0.005292
唐纳德·特朗普,主导,贸易关税,2025-01-15,0.005289
唐纳德·特朗普,质疑,台湾,2024-11-14,0.005288
唐纳德·特朗普,质疑,台湾,2024-11-06,0.005285
雷蒙多,视作英雄,唐纳德·特朗普,2025-01-14,0.005284
华盛顿,认为可靠,中国,2024-11-07,0.005284
特朗普,质疑,台湾,2024-11-05,0.005281
特朗普,质疑,台湾,2024-11-05,0.005281
特朗普,质疑,台湾,2024-11-05,0.005281
特朗普,质疑,台湾,2024-11-05,0.005281
魏哲家,批评,台积电,2024-10-23,0.005281
佛罗里达州,认为可靠,中国,2024-11-12,0.005279
唐纳德·特朗普,质疑,台湾,2024-11-13,0.005279
唐纳德·特朗普,认为非法,台湾,2024-12-03,0.005275
唐纳德·特朗普,认为非法,台湾,2024-12-03,0.005275
唐纳德·特朗普,认为非法,台湾,2024-12-03,0.005275
唐纳德·特朗普,认为非法,台湾,2024-12-03,0.005275
唐纳德·特朗普,认为非法,台湾,2024-12-03,0.005275
唐纳德·特朗普,认为非法,台湾,2024-12-03,0.005275
唐纳德·特朗普,相信,《芯片与科学法案》,2024-11-06,0.005272
唐纳德·特朗普,认为非法,美国,2024-10-30,0.005271
唐纳德·特朗普,质疑,台湾,2024-11-11,0.005269
唐纳德·特朗普,质疑,台湾,2024-11-11,0.005269
唐纳德·特朗普,质疑,台湾,2024-11-11,0.005269
台积电,认为恐怖,巴伦周刊,2024-09-21,0.005267
唐纳德·特朗普,认为有危机,台湾,2024-12-03,0.005267
唐纳德·特朗普,认为有危机,台湾,2024-12-03,0.005267
唐纳德·特朗普,认为有危机,台湾,2024-12-03,0.005267
唐纳德·特朗普,认为有危机,台湾,2024-12-03,0.005267
唐纳德·特朗普,认为有危机,台湾,2024-12-03,0.005267
唐纳德·特朗普,认为有危机,台湾,2024-12-03,0.005267
唐纳德·特朗普,认为有危机,台湾,2024-12-03,0.005267
深圳,增进,台积电,2024-11-19,0.005263
库克,认可,苹果,2024-10-26,0.005260
Phelix Lee,认为恐怖,台积电,2024-11-11,0.005257
路透社,质疑,三星,2024-10-06,0.005257
路透社,质疑,三星,2024-10-06,0.005257
路透社,质疑,三星,2024-10-06,0.005257
台湾,认为有威胁,中国,2024-11-07,0.005255
当地立法者,相信,台积电,2024-11-12,0.005252
美国,认为有成就,英伟达,2024-07-10,0.005243
唐纳德·特朗普,质疑,美国,2024-11-15,0.005241
唐纳德·特朗普,质疑,台湾,2024-11-05,0.005218
唐纳德·特朗普,质疑,台湾,2024-11-05,0.005218
唐纳德·特朗普,认为优秀,英伟达,2024-11-15,0.005205
华为,主导,Ascend芯片系列,2024-06-09,0.005203
马斯克,认为非法,特斯拉,2024-06-04,0.005199
外媒,主导,华为,2024-10-20,0.005199
雷蒙多,损害,台积电,2024-11-14,0.005190
唐纳德·特朗普,威胁,中国,2025-01-12,0.005185
特朗普,质疑,台湾,2024-12-02,0.005184
特朗普,担忧,台湾,2024-11-05,0.005183
特朗普,担忧,台湾,2024-11-05,0.005183
特朗普,认为有威胁,台湾,2024-07-18,0.005182
特朗普,认为有威胁,台湾,2024-07-18,0.005182
杨金龙,认为有威胁,美国,2024-11-13,0.005181
杨金龙,认为有威胁,美国,2024-11-13,0.005181
乔丹·克莱恩,质疑,美国,2024-08-08,0.005181
拜登,认为有成就,《芯片法案》,2024-11-12,0.005176
唐纳德·特朗普,担忧,美国,2024-11-13,0.005173
唐纳德·特朗普,担忧,美国,2024-11-13,0.005173
唐纳德·特朗普,担忧,美国,2024-11-13,0.005173
埃隆·马斯克,认为失败,中国,2024-12-27,0.005170
埃隆·马斯克,认为失败,中国,2024-12-27,0.005170
印度,主导,芯片激励计划,2024-08-03,0.005163
大卫·津斯纳,主导,英特尔,2024-12-03,0.005162
特朗普,担忧,台湾,2024-12-02,0.005157
当地立法者,认为可靠,台积电,2024-11-12,0.005156
唐纳德·特朗普,质疑,台湾,2024-12-03,0.005148
唐纳德·特朗普,质疑,台湾,2024-12-03,0.005148
唐纳德·特朗普,质疑,台湾,2024-12-03,0.005148
唐纳德·特朗普,质疑,台湾,2024-12-03,0.005148
唐纳德·特朗普,质疑,台湾,2024-12-03,0.005148
唐纳德·特朗普,质疑,台湾,2024-12-03,0.005148
彼得·蒂尔,质疑,特朗普,2024-11-18,0.005148
彼得·蒂尔,质疑,特朗普,2024-11-18,0.005148
彼得·蒂尔,质疑,特朗普,2024-11-18,0.005148
特朗普,认为非法,台湾,2024-10-19,0.005147
中国政府,相信,美国,2025-01-10,0.005144
中国政府,相信,美国,2025-01-10,0.005144
唐纳德·特朗普,认为有威胁,中国,2024-11-17,0.005139
拜登政府,损害,台积电,2024-11-07,0.005135
拜登政府,损害,台积电,2024-11-07,0.005135
拜登政府,损害,台积电,2024-11-07,0.005135
拜登政府,损害,台积电,2024-11-07,0.005135
杰克·沙利文,质疑,特朗普,2025-01-13,0.005134
清水洋治,主导,美国,2024-08-26,0.005131
黄仁勋,主导,英伟达,2024-08-14,0.005131
杰西·利文森,担忧,特斯拉,2024-11-01,0.005130
美国,认为可靠,美国,2025-01-16,0.005127
唐纳德·特朗普,质疑,台湾,2024-12-02,0.005126
CNA,认为优秀,台积电,2024-11-03,0.005125
唐纳德·特朗普,担忧,台湾,2024-12-03,0.005121
唐纳德·特朗普,担忧,台湾,2024-12-03,0.005121
唐纳德·特朗普,担忧,台湾,2024-12-03,0.005121
唐纳德·特朗普,担忧,台湾,2024-12-03,0.005121
唐纳德·特朗普,担忧,台湾,2024-12-03,0.005121
唐纳德·特朗普,担忧,台湾,2024-12-03,0.005121
唐纳德·特朗普,担忧,台湾,2024-12-03,0.005121
唐纳德·特朗普,担忧,台湾,2024-12-03,0.005121
中国,认为热情,特朗普,2024-12-01,0.005119
中东,认为优秀,三星,2024-09-27,0.005113
埃隆·马斯克,担忧,特斯拉,2024-11-14,0.005100
唐纳德·特朗普,担忧,台湾,2024-12-02,0.005099
唐纳德·特朗普,视作英雄,乔·拉戈,2024-11-06,0.005096
埃隆·马斯克,认为失败,中国,2024-12-26,0.005095
华为技术公司,认为可靠,美国,2024-10-14,0.005091
博通,增进,台积电,2024-10-06,0.005087
Lauly Lith,威胁,台积电,2024-11-13,0.005087
乔·罗根,认为热情,特朗普,2024-11-05,0.005081
埃隆·马斯克,担忧,中国,2024-12-27,0.005080
埃隆·马斯克,担忧,中国,2024-12-27,0.005080
唐纳德·特朗普,担忧,台湾,2024-07-30,0.005059
埃隆·马斯克,认为有威胁,中国,2024-12-26,0.005055
彼得·蒂尔,认为有威胁,特朗普,2024-11-18,0.005054
印度尼西亚,认为优秀,谷歌,2024-11-06,0.005054
马继华,认为非法,美国,2024-11-10,0.005052
布莱克韦尔,增进,台积电,2024-11-20,0.005048
美国,认为有成就,英伟达,2024-11-01,0.005047
美国,认为有成就,英伟达,2024-11-01,0.005047
埃隆·马斯克,认为有威胁,中国,2024-12-27,0.005043
埃隆·马斯克,认为有威胁,中国,2024-12-27,0.005043
美国,认为可靠,特斯拉,2024-11-27,0.005041
唐纳德·特朗普,担忧,台湾,2024-07-29,0.005031
乌克兰战争,损害,台积电,2024-09-17,0.005007
特朗普,感谢,鲍威尔,2025-01-14,0.005007
埃隆·马斯克,感到不满,法官,2024-12-02,0.005005
埃隆·马斯克,感到不满,法官,2024-12-02,0.005005
特朗普,增进,美国,2024-11-09,0.004998
特朗普,增进,美国,2024-11-09,0.004998
特朗普,增进,美国,2024-11-09,0.004998
唐纳德・特朗普,质疑,台湾,2024-10-30,0.004987
习近平,认为可靠,美国,2024-11-29,0.004982
马斯克,威胁,特斯拉,2024-06-04,0.004968
马斯克,认为有威胁,苹果,2024-11-16,0.004959
美国,主导,《芯片法案》,2024-10-29,0.004954
美国,主导,《芯片法案》,2024-10-29,0.004954
美国,主导,《芯片法案》,2024-10-29,0.004954
美国,主导,《芯片法案》,2024-10-29,0.004954
美国,主导,《芯片法案》,2024-12-29,0.004954
唐纳德·特朗普,担忧,英特尔,2024-11-12,0.004953
路透社,相信,三星,2024-10-06,0.004948
路透社,相信,三星,2024-10-06,0.004948
中国媒体,认为可靠,台积电,2024-11-07,0.004937
MJ,主导,英特尔,2024-12-02,0.004931
唐纳德·特朗普,质疑,美国,2024-07-18,0.004926
唐纳德·特朗普,感到不满,CHIPS法案,2024-11-24,0.004924
池泰完,主导,英伟达,2024-11-03,0.004913
中国AI公司,相信,美国,2024-10-26,0.004909
司法部,主导,微软,2024-06-11,0.004905
唐纳德·特朗普,质疑,高通,2024-09-19,0.004899
投资人,认为犯罪,台积电,2024-11-05,0.004890
Jim Cramer,认为有威胁,谷歌,2024-11-04,0.004890
秦思瑞,担忧,台积电,2025-01-16,0.004885
美国,认为有威胁,中国,2024-10-01,0.004882
美国,认为有威胁,中国,2024-09-01,0.004882
埃隆·马斯克,担忧,中国,2024-12-26,0.004882
唐纳德·特朗普,认为有威胁,中国,2024-07-16,0.004878
唐纳德·特朗普,认为有威胁,中国,2024-07-16,0.004878
库克,威胁,特朗普,2024-11-16,0.004874
唐纳德·特朗普,认为非法,《芯片法案》,2024-11-06,0.004871
唐纳德·特朗普,认为非法,《芯片法案》,2024-11-06,0.004871
唐纳德·特朗普,认为非法,《芯片法案》,2024-11-06,0.004871
唐纳德·特朗普,认为非法,《芯片法案》,2024-11-06,0.004871
唐纳德·特朗普,认为非法,《芯片法案》,2024-11-06,0.004871
唐纳德·特朗普,认为非法,《芯片法案》,2024-11-06,0.004871
苹果,主导,M4 Max芯片,2024-11-03,0.004858
特朗普,担忧,美国,2024-07-18,0.004858
唐纳德·特朗普,相信,《芯片法案》,2024-11-06,0.004846
唐纳德·特朗,感到不满,台湾,2024-12-03,0.004820
美国,认可,台积公司,2024-11-29,0.004818
黄仁勋,增进,布莱克韦尔,2024-11-20,0.004815
彼得·蒂尔,认可,特朗普,2024-11-18,0.004783
彼得·蒂尔,认可,特朗普,2024-11-18,0.004783
彼得·蒂尔,认可,特朗普,2024-11-18,0.004783
特朗普,认为非法,台湾,2024-11-15,0.004780
投资人,认为违规,台积电,2024-11-05,0.004779
习近平,感到满意,美国,2024-11-29,0.004778
杰克·沙利文,认可,特朗普,2025-01-13,0.004777
美国,威胁,华为,2024-08-12,0.004773
黄仁勋,主导,英伟达,2024-11-17,0.004764
特朗普政府,主导,《芯片法案》,2024-11-06,0.004761
美国,认为可靠,英伟达,2024-10-20,0.004756
美国,认为可靠,英伟达,2024-10-20,0.004756
特朗普,认为非法,《芯片法案》,2024-11-06,0.004748
波森,相信,特朗普,2024-11-06,0.004746
美国,认为可靠,高通,2024-09-22,0.004745
美国,认为可靠,高通,2024-09-22,0.004745
算能科技,损害,台积电,2024-10-28,0.004739
算能科技,损害,台积电,2024-10-28,0.004739
乔·罗根,主导,《芯片法案》,2024-11-06,0.004734
乔·罗根,主导,《芯片法案》,2024-11-06,0.004734
乔·罗根,主导,《芯片法案》,2024-11-06,0.004734
埃隆·马斯克,认为违规,美国,2025-01-10,0.004731
路透社,质疑,三星,2024-10-07,0.004723
乔·拜登,威胁,中国,2025-01-13,0.004713
黄仁勋,主导,英伟达,2024-10-19,0.004710
黄仁勋,主导,英伟达,2024-10-19,0.004710
特朗普,认为有威胁,台湾,2024-11-15,0.004705
特朗普,认为有威胁,台湾,2024-11-15,0.004705
特朗普,认为有威胁,台湾,2024-11-15,0.004705
唐纳德·特朗普,担忧,美国,2024-11-15,0.004700
肯·格里芬,质疑,微软,2024-10-31,0.004689
美国,认为有威胁,墨西哥,2024-11-27,0.004688
汪阳,相信,特朗普,2024-11-05,0.004687
汪阳,相信,特朗普,2024-11-05,0.004687
汪阳,相信,特朗普,2024-11-05,0.004687
汪阳,相信,特朗普,2024-11-05,0.004687
路透社,认为有威胁,三星,2024-10-06,0.004686
路透社,认为有威胁,三星,2024-10-06,0.004686
路透社,认为有威胁,三星,2024-10-06,0.004686
黄仁勋,主导,英伟达,2024-11-18,0.004686
黄仁勋,主导,英伟达,2024-11-18,0.004686
奈德·芬克尔,主导,拜登政府规则,2025-01-13,0.004681
台湾经济部门,质疑,台积电,2024-11-11,0.004679
迈克·约翰逊,主导,共和党,2024-11-06,0.004669
迈克·约翰逊,主导,共和党,2024-11-06,0.004669
迈克·约翰逊,主导,共和党,2024-11-06,0.004669
习近平,欣赏,美国,2024-11-29,0.004665
特朗普政府,威胁,华为,2024-10-31,0.004665
马继华,认为恐怖,台积电,2024-11-10,0.004646
美国,认为可靠,中国,2024-10-14,0.004644
特朗普,认为有威胁,台湾,2024-11-14,0.004639
卡马拉·哈里斯,感到不满,特朗普,2024-09-10,0.004628
唐纳德·特朗普,威胁,中国,2025-01-13,0.004619
唐纳德·特朗普,威胁,中国,2025-01-13,0.004619
Jim Cramer,质疑,谷歌,2024-11-04,0.004619
Jim Cramer,质疑,谷歌,2024-11-04,0.004619
莫瑞斯·昌,认为可靠,台积电,2024-06-03,0.004616
唐纳德·特朗普,威胁,美国,2024-11-15,0.004615
马斯克,认为有威胁,特斯拉,2024-06-03,0.004615
马斯克,认为有威胁,特斯拉,2024-06-03,0.004615
马斯克,认为有威胁,特斯拉,2024-06-03,0.004615
马斯克,认为有威胁,特斯拉,2024-06-03,0.004615
拜登总统,主导,《芯片法案》,2024-11-15,0.004612
杰西·利文森,认可,特斯拉,2024-11-01,0.004606
特朗普,认为有威胁,台湾,2024-11-13,0.004593
特朗普,认为有威胁,台湾,2024-11-13,0.004593
特朗普,认为有威胁,台湾,2024-11-13,0.004593
特朗普,认为有威胁,台湾,2024-11-13,0.004593
路透社,相信,华为,2024-10-27,0.004591
埃隆·马斯克,质疑,史蒂夫·乔布斯,2024-06-03,0.004589
埃隆·马斯克,质疑,史蒂夫·乔布斯,2024-06-03,0.004589
埃隆·马斯克,质疑,史蒂夫·乔布斯,2024-06-03,0.004589
埃隆·马斯克,质疑,史蒂夫·乔布斯,2024-06-03,0.004589
雷蒙多,批评,台积电,2024-11-14,0.004579
路透社,认为失败,三星,2024-10-06,0.004579
路透社,认为失败,三星,2024-10-06,0.004579
唐纳德·特朗普总统,认可,美国,2024-11-15,0.004557
唐纳德·特朗普总统,认可,美国,2024-11-15,0.004557
以色列,认为有危机,伊朗,2024-11-02,0.004554
以色列,认为有危机,伊朗,2024-11-02,0.004554
美国,认可,美国,2024-10-30,0.004551
唐纳德·特朗普,认为非法,台湾,2024-11-11,0.004548
美国,认为可靠,英伟达,2024-11-18,0.004541
美国,认为可靠,英伟达,2024-11-18,0.004541
美国,认为可靠,英伟达,2024-11-18,0.004541
美国,认为可靠,英伟达,2024-11-18,0.004541
美国,认为可靠,英伟达,2024-11-18,0.004541
美国,认为可靠,英伟达,2024-11-18,0.004541
佛罗里达州,担忧,特朗普,2024-11-12,0.004541
吉娜·雷蒙多,批评,台积电,2024-11-14,0.004534
唐纳德·特朗普,认为有威胁,台湾,2024-11-11,0.004510
唐纳德·特朗普,认为有威胁,台湾,2024-11-11,0.004510
唐纳德·特朗普,认为有威胁,台湾,2024-11-11,0.004510
唐纳德·特朗普,认为有威胁,台湾,2024-11-11,0.004510
乔·罗根,主导,《芯片法案》,2024-11-15,0.004507
哈梅内,认为有威胁,伊朗,2024-11-02,0.004506
雷蒙多,认为有暴力,台积电,2024-11-14,0.004499
台湾,主导,亚太地区,2024-10-13,0.004497
马斯克,质疑,史蒂夫·乔布斯,2024-06-03,0.004495
马斯克,质疑,史蒂夫·乔布斯,2024-06-03,0.004495
马斯克,质疑,史蒂夫·乔布斯,2024-06-03,0.004495
马斯克,质疑,史蒂夫·乔布斯,2024-06-03,0.004495
赵小光,增进,台积电,2024-11-19,0.004487
投资者,批评,台积电,2024-11-29,0.004487
马斯克,感到满意,特斯拉,2024-06-03,0.004466
Jim Cramer,相信,谷歌,2024-11-04,0.004463
唐纳德·特朗普,欣赏,台湾,2024-12-03,0.004461
唐纳德·特朗普,欣赏,台湾,2024-12-03,0.004461
唐纳德·特朗普,欣赏,台湾,2024-12-03,0.004461
唐纳德·特朗普,欣赏,台湾,2024-12-03,0.004461
唐纳德·特朗普,欣赏,台湾,2024-12-03,0.004461
唐纳德·特朗普,欣赏,台湾,2024-12-03,0.004461
杰夫·贝索斯,认为有成就,英伟达,2024-09-03,0.004460
蒂姆·库克,认可,苹果,2024-10-26,0.004459
蒂姆·库克,认可,苹果,2024-10-26,0.004459
卡西·伍德,认为可靠,特斯拉,2024-11-09,0.004457
亚当·普森,认为有成就,特朗普,2024-11-06,0.004448
卢克·拉哈里,主导,英伟达,2024-08-27,0.004446
唐纳德·特朗普,欣赏,台湾,2024-12-02,0.004442
特朗普,增进,美国,2024-11-06,0.004441
投资人,担忧,台积电,2024-11-05,0.004441
台积公司,支持,美国,2024-11-13,0.004440
彭博社,损害,台积电,2024-10-24,0.004437
彭博社,损害,台积电,2024-10-24,0.004437
彭博社,损害,台积电,2024-10-24,0.004437
韩国,主导,AI芯片,2024-09-08,0.004437
中国,认为可靠,英伟达,2024-11-19,0.004436
台湾经济部长,相信,特朗普,2024-11-07,0.004433
唐纳德·特朗普,认为有威胁,《芯片与科学法案》,2024-11-06,0.004427
美国,担忧,华为,2024-10-31,0.004425
唐纳德·特朗普,认为可靠,《芯片与科学法案》,2024-11-06,0.004423
美国,认可,亚马逊,2024-11-05,0.004422
莫瑞斯·昌,主导,台积电,2024-06-03,0.004421
赖清德,认为可靠,台湾,2024-12-02,0.004420
杰西·利文森,认为可靠,特斯拉,2024-11-01,0.004418
《金融时报》,损害,台积电,2024-10-22,0.004416
路透社,认为缺乏,华为,2024-06-09,0.004413
高通公司,质疑,英特尔,2024-12-03,0.004411
高通公司,质疑,英特尔,2024-12-03,0.004411
高通公司,质疑,英特尔,2024-12-03,0.004411
高通公司,质疑,英特尔,2024-12-03,0.004411
唐纳德·特朗普,认为非法,台湾,2024-11-15,0.004408
唐纳德·特朗普,认为非法,台湾,2024-11-15,0.004408
唐纳德·特朗普,认为非法,台湾,2024-11-15,0.004408
唐纳德·特朗普,认为非法,台湾,2024-11-15,0.004408
唐纳德·特朗普,认为非法,台湾,2024-11-15,0.004408
美国,认为有威胁,华为,2024-10-31,0.004399
美国,主导,《芯片法案》,2024-12-27,0.004395
特朗普,认为违规,美国,2024-11-10,0.004391
投资者,感到满意,台积电,2024-11-29,0.004389
丹·埃维斯,视作英雄,唐纳德·特朗普,2025-01-06,0.004384
特朗普,担忧,台湾,2024-10-19,0.004383
美国,认可,苹果,2024-11-30,0.004381
摩根士丹利,认为非法,美国,2024-11-11,0.004380
罗伯特·桑德斯,认为优秀,台积公司,2025-01-16,0.004378
罗伯特·桑德斯,认为优秀,台积公司,2025-01-16,0.004378
唐纳德·特朗普,认为有威胁,台湾,2024-11-15,0.004377
唐纳德·特朗普,认为有威胁,台湾,2024-11-15,0.004377
唐纳德·特朗普,认为有威胁,台湾,2024-11-15,0.004377
唐纳德·特朗普,认为有威胁,台湾,2024-11-15,0.004377
唐纳德·特朗普,认为有威胁,台湾,2024-11-15,0.004377
唐纳德·特朗普,认为可靠,《芯片法案》,2024-11-06,0.004361
《CHIPS法案》,威胁,台积电,2024-12-02,0.004358
美国,主导,《芯片法案》,2024-12-11,0.004358
台积公司,视作英雄,特朗普,2024-07-18,0.004348
当地立法者,主导,台积电,2024-11-12,0.004345
特朗普总统,认为违规,美国,2024-11-10,0.004344
特朗普总统,认为违规,美国,2024-11-10,0.004344
特朗普总统,认为违规,美国,2024-11-10,0.004344
特朗普政府,质疑,美国,2024-11-10,0.004330
特朗普政府,质疑,美国,2024-11-10,0.004330
特朗普政府,质疑,美国,2024-11-10,0.004330
特朗普政府,质疑,美国,2024-11-10,0.004330
特朗普政府,质疑,美国,2024-11-10,0.004330
特朗普政府,质疑,美国,2024-11-10,0.004330
特朗普政府,质疑,美国,2024-11-10,0.004330
特朗普政府,质疑,美国,2024-11-10,0.004330
特朗普政府,质疑,美国,2024-11-10,0.004330
特朗普政府,欣赏,华为,2024-10-31,0.004329
基辛格,感到不满,英特尔,2024-11-29,0.004324
Jim Cramer,认为失败,谷歌,2024-11-04,0.004320
Jim Cramer,认为失败,谷歌,2024-11-04,0.004320
唐纳德·特朗普,威胁,台湾,2024-10-21,0.004317
美国,质疑,台积公司,2024-11-29,0.004314
杰克·沙利文,担忧,特朗普,2025-01-13,0.004309
美国,质疑,台积公司,2024-10-30,0.004306
马斯克,认为有威胁,特斯拉,2024-06-04,0.004301
美国,感到不满,拜登,2024-08-28,0.004298
美国,感到不满,拜登,2024-08-28,0.004298
路透社,认为可靠,华为,2024-06-09,0.004295
克利夫·阿斯内斯,主导,AQR资本管理公司,2024-11-05,0.004288
唐纳德·特朗普,担忧,美国,2024-07-18,0.004278
Jim Cramer,质疑,谷歌,2024-10-31,0.004268
Jim Cramer,质疑,谷歌,2024-10-31,0.004268
史蒂夫·洛赫,欢迎,特朗普,2024-12-01,0.004267
CNBC,认为优秀,华为,2024-09-16,0.004265
特朗普,认为有威胁,《芯片与科学法案》,2024-11-06,0.004264
台湾经济部长,相信,特朗普,2024-11-09,0.004261
台湾经济部长,相信,特朗普,2024-11-09,0.004261
唐纳德·特朗普,认为有威胁,台湾,2024-11-13,0.004259
唐纳德·特朗普,认为有威胁,台湾,2024-11-13,0.004259
唐纳德·特朗普,认为有威胁,台湾,2024-11-13,0.004259
唐纳德·特朗普,认为有威胁,台湾,2024-11-13,0.004259
唐纳德·特朗普,攻击,苹果,2024-11-22,0.004257
唐纳德·特朗普总统,质疑,台湾,2024-11-15,0.004252
唐纳德·特朗普总统,质疑,台湾,2024-11-15,0.004252
唐纳德·特朗普总统,质疑,台湾,2024-11-15,0.004252
美国,认为优秀,三星,2024-11-14,0.004248
埃隆·马斯克,认为有威胁,特斯拉,2024-06-03,0.004244
美国,质疑,苹果,2024-11-30,0.004240
美国,认为失败,美国,2024-11-09,0.004236
美国,质疑,台积公司,2024-07-10,0.004235
市场研究公司IDC,认为恐怖,台积电,2024-12-28,0.004233
路透社,主导,英特尔,2024-09-19,0.004225
路透社,增进,台积电,2024-06-03,0.004221
唐纳德·特朗普,威胁,中国,2024-07-18,0.004219
《经济日报》,认为恐怖,台积电,2024-11-10,0.004213
中国,支持,日本,2024-09-02,0.004212
台积电,增进,ASML,2024-12-29,0.004207
路透社,担忧,华为,2024-06-09,0.004206
imes,认可,台积电,2024-12-11,0.004203
贝索斯,威胁,特朗普,2024-10-29,0.004200
英伟达,认为可靠,英伟达,2024-11-24,0.004198
唐纳德·特朗普总统,质疑,美国,2024-11-15,0.004196
唐纳德·特朗普总统,质疑,美国,2024-11-15,0.004196
唐纳德·特朗普总统,质疑,美国,2024-11-15,0.004196
唐纳德·特朗普总统,质疑,美国,2024-11-15,0.004196
唐纳德·特朗普总统,质疑,美国,2024-11-15,0.004196
CNA,质疑,台积电,2024-11-03,0.004191
特朗普政府,认为可靠,英特尔,2024-11-12,0.004188
鲍威尔,质疑,特朗普,2025-01-14,0.004186
特朗普总统,威胁,美国,2024-12-27,0.004182
美国,主导,《芯片法案》,2024-11-26,0.004171
吉娜·雷蒙多,主导,美国,2024-10-02,0.004166
唐纳德·特朗普,主导,竞选集会,2024-11-05,0.004163
江仁龙,主导,美国,2024-12-19,0.004161
市场研究公司IDC,认为有威胁,台积电,2024-12-28,0.004158
美国,认可,台积公司,2024-07-10,0.004154
伊朗最高领袖,相信,以色列,2024-11-02,0.004149
台湾中央银行,认可,美国,2024-11-13,0.004145
投资人,欣赏,台积电,2024-11-05,0.004140
《台北时报》,增进,台积电,2024-11-09,0.004138
唐纳德·特朗普,认为热情,英伟达,2024-11-17,0.004136
唐纳德·特朗普总统,质疑,台湾,2024-11-05,0.004136
唐纳德·特朗普,认为优秀,《芯片与科学法案》,2024-11-06,0.004136
唐永年,担忧,台积电,2024-11-12,0.004130
英伟达,威胁,谷歌,2024-09-09,0.004129
路透社,增进,台积电,2024-12-02,0.004129
唐纳德·特朗普,质疑,《芯片法案》,2024-11-07,0.004120
唐纳德·特朗普,质疑,《芯片法案》,2024-11-07,0.004120
唐纳德·特朗普,质疑,《芯片法案》,2024-11-07,0.004120
唐纳德·特朗普,质疑,《芯片法案》,2024-11-07,0.004120
唐纳德·特朗普,质疑,《芯片法案》,2024-11-07,0.004120
唐纳德·特朗普,质疑,《芯片法案》,2024-11-07,0.004120
唐纳德·特朗普,质疑,《芯片法案》,2024-11-07,0.004120
唐纳德·特朗普,质疑,《芯片法案》,2024-11-07,0.004120
唐纳德·特朗普,质疑,《芯片法案》,2024-11-07,0.004120
唐纳德·特朗普,质疑,《芯片法案》,2024-11-10,0.004120
唐纳德·特朗普,质疑,《芯片法案》,2024-11-10,0.004120
唐纳德·特朗普,认为有威胁,《芯片法案》,2024-11-06,0.004117
唐纳德·特朗普,认为有威胁,《芯片法案》,2024-11-06,0.004117
唐纳德·特朗普,认为有威胁,《芯片法案》,2024-11-06,0.004117
唐纳德·特朗普,认为有威胁,《芯片法案》,2024-11-06,0.004117
唐纳德·特朗普,认为有威胁,《芯片法案》,2024-11-06,0.004117
亚当·波森,感到不满,特朗普,2024-11-06,0.004111
唐纳德·特朗普,认为犯罪,台湾,2024-12-03,0.004110
唐纳德·特朗普,认为犯罪,台湾,2024-12-03,0.004110
唐纳德·特朗普,认为犯罪,台湾,2024-12-03,0.004110
唐纳德·特朗普,认为犯罪,台湾,2024-12-03,0.004110
唐纳德·特朗普,认为犯罪,台湾,2024-12-03,0.004110
唐纳德·特朗普,认为犯罪,台湾,2024-12-03,0.004110
英伟达,感到满意,三星,2024-10-30,0.004107
唐纳德·特朗普,认为失败,《芯片法案》,2024-11-06,0.004099
唐纳德·特朗普,认为失败,《芯片法案》,2024-11-06,0.004099
唐纳德·特朗普,认为失败,《芯片法案》,2024-11-06,0.004099
唐纳德·特朗普,认为失败,《芯片法案》,2024-11-06,0.004099
唐纳德·特朗普,认为失败,《芯片法案》,2024-11-06,0.004099
唐纳德·特朗普,认为失败,《芯片法案》,2024-11-06,0.004099
特朗普,担忧,台湾,2024-11-15,0.004099
中国,担忧,唐纳德·特朗普,2024-11-12,0.004098
投资人,支持,台积电,2024-11-05,0.004097
Gary Black,认为可靠,特斯拉,2024-11-09,0.004080
微软,认可,亚马逊,2024-10-16,0.004068
乔·罗根,质疑,美国,2024-12-25,0.004068
彼得·蒂尔,认为缺乏,特朗普,2024-11-18,0.004061
彼得·蒂尔,认为缺乏,特朗普,2024-11-18,0.004061
彼得·蒂尔,认为缺乏,特朗普,2024-11-18,0.004061
特朗普,质疑,拜登政府,2024-11-05,0.004056
纳德拉,相信,微软,2024-11-04,0.004055
彭博社,认为有成就,唐纳德·特朗普,2024-11-17,0.004054
杨金龙,担忧,美国,2024-11-13,0.004044
杨金龙,担忧,美国,2024-11-13,0.004044
杨金龙,担忧,美国,2024-11-13,0.004044
杨金龙,担忧,美国,2024-11-13,0.004044
杨金龙,担忧,美国,2024-11-13,0.004044
杨金龙,担忧,美国,2024-11-13,0.004044
美国,认可,台积公司,2024-11-09,0.004042
瑞克·卡斯迪,批评,台积电,2024-12-16,0.004041
盖尔辛格,认为有威胁,谷歌,2024-10-29,0.004041
美国,质疑,中国,2024-11-06,0.004040
唐纳德·特朗普,担忧,美国,2024-07-17,0.004040
卡西·伍德,认可,特斯拉,2024-11-09,0.004037
汪阳,认为可靠,特朗普,2024-11-05,0.004034
尹锡悦,相信,特朗普,2024-11-12,0.004025
朗普,感到不满,美国,2024-09-10,0.004016
特朗普,威胁,台湾,2024-11-15,0.004016
特朗普,威胁,台湾,2024-11-15,0.004016
英特尔CEO最近离职,认为有威胁,台积电,2024-12-09,0.004015
投资者,认为有暴力,台积电,2024-09-24,0.004013
投资者,认为有暴力,台积电,2024-09-24,0.004013
汪阳,认为有威胁,特朗普,2024-11-05,0.004013
7.4级地震,增进,台积电,2024-09-30,0.004008
唐纳德·特朗普,欣赏,《芯片和科学法案》,2024-12-02,0.004004
中国AI企业,相信,美国,2024-10-26,0.004003
伊朗最高领袖,感到不满,以色列,2024-11-02,0.004003
伊朗最高领袖,感到不满,以色列,2024-11-02,0.004003
美国,感到不满,Alphabet,2024-10-22,0.003998
日本,支持,美国,2024-12-02,0.003996
拜登总统,主导,《芯片与科学法案》,2024-07-25,0.003996
台积公司（TSMC）,认为失败,美国,2024-11-09,0.003993
特朗普,认可,《芯片法案》,2024-11-07,0.003984
基辛格,相信,英特尔,2024-11-13,0.003984
习近平,认可,美国,2024-11-29,0.003982
特朗普,威胁,中国,2024-07-18,0.003982
中国,认为有成就,台湾,2025-01-14,0.003976
迈克·约翰逊,主导,《芯片和科学法案》,2024-11-06,0.003971
唐纳德·特朗普,认为违规,美国,2024-10-30,0.003967
拜登总统,主导,《芯片和科学法案》,2024-11-15,0.003962
路透社,认为可靠,三星,2024-08-27,0.003961
路透社,认为可靠,三星,2024-08-27,0.003961
马尔克·华纳,主导,《芯片和科学法案》,2024-11-03,0.003961
唐纳德·特朗普,质疑,《芯片法案》,2024-11-06,0.003960
唐纳德·特朗普,质疑,《芯片法案》,2024-11-06,0.003960
唐纳德·特朗普,质疑,《芯片法案》,2024-11-06,0.003960
唐纳德·特朗普,质疑,《芯片法案》,2024-11-06,0.003960
唐纳德·特朗普,质疑,《芯片法案》,2024-11-06,0.003960
唐纳德·特朗普,质疑,《芯片法案》,2024-11-06,0.003960
美国,质疑,中国,2024-11-07,0.003960
特朗普,威胁,台湾,2024-11-14,0.003958
马继华,认为有危机,台积电,2024-11-10,0.003953
前总统,认为有威胁,中国,2024-07-16,0.003947
杰夫·金,质疑,三星,2024-11-27,0.003945
美国,认可,任天堂,2025-01-02,0.003945
特朗普,质疑,鲍威尔,2025-01-14,0.003944
特朗普,质疑,半导体,2024-11-07,0.003943
投资者,主导,沃伦·巴菲特,2024-11-05,0.003928
投资者,主导,沃伦·巴菲特,2024-11-05,0.003928
《金融时报》,相信,美国,2024-10-22,0.003922
民主党,认为有威胁,华为,2024-10-31,0.003921
特朗普,威胁,台湾,2024-11-13,0.003918
特朗普,威胁,台湾,2024-11-13,0.003918
特朗普,威胁,台湾,2024-11-13,0.003918
特朗普,质疑,《芯片法案》,2024-11-07,0.003916
特朗普,质疑,《芯片法案》,2024-11-07,0.003916
特朗普,质疑,《芯片法案》,2024-11-07,0.003916
特朗普,质疑,《芯片法案》,2024-11-07,0.003916
特朗普,质疑,《芯片法案》,2024-11-07,0.003916
特朗普,质疑,《芯片法案》,2024-11-07,0.003916
特朗普,质疑,《芯片法案》,2024-11-07,0.003916
特朗普,质疑,《芯片法案》,2024-11-07,0.003916
特朗普,质疑,《芯片法案》,2024-11-07,0.003916
路透社,相信,三星,2024-08-27,0.003913
路透社,相信,三星,2024-08-27,0.003913
中东,认为非法,以色列,2024-10-14,0.003910
中东,认为非法,以色列,2024-10-14,0.003910
中东,认为非法,以色列,2024-10-14,0.003910
路透社,损害,台积电,2024-11-10,0.003909
唐纳德·特朗普总统,认为有威胁,中国,2025-01-15,0.003905
唐纳德·特朗普,担忧,台湾,2024-11-11,0.003901
唐纳德·特朗普,担忧,台湾,2024-11-11,0.003901
前总统特朗普,认为有威胁,台湾,2024-09-10,0.003898
特朗普,视作英雄,乔·罗根,2024-11-05,0.003895
唐纳,感到不满,台湾,2024-12-03,0.003884
帕特·基辛格,感到不满,英特尔,2024-12-03,0.003881
唐纳德·特朗普,主导,选举夜派对,2024-11-05,0.003879
英伟达,相信,台积公司,2024-10-24,0.003877
特朗普,视作英雄,乔·罗根,2024-10-28,0.003876
唐纳德·特朗普,威胁,台湾,2024-11-11,0.003876
唐纳德·特朗普,威胁,台湾,2024-11-11,0.003876
唐纳德·特朗普,威胁,台湾,2024-11-11,0.003876
唐纳德·特朗普,威胁,台湾,2024-11-11,0.003876
唐纳德·特朗普,威胁,台湾,2024-11-11,0.003876
唐纳德·特朗普,威胁,台湾,2024-11-11,0.003876
特朗普,质疑,《芯片法案》,2024-11-06,0.003871
亚当·普森,质疑,特朗普,2024-11-06,0.003869
亚当·普森,质疑,特朗普,2024-11-06,0.003869
亚当·普森,质疑,特朗普,2024-11-06,0.003869
夏威夷,认为可靠,台湾,2024-12-02,0.003867
美国,认为有威胁,台湾,2024-10-30,0.003865
帕特·基辛格,感到不满,英特尔,2024-12-02,0.003862
唐纳德·特朗普,质疑,《芯片和科学法案》,2024-11-05,0.003861
唐纳德·特朗普,质疑,《芯片和科学法案》,2024-11-05,0.003861
唐纳德·特朗普,质疑,《芯片和科学法案》,2024-11-05,0.003861
唐纳德·特朗普,质疑,《芯片和科学法案》,2024-11-05,0.003861
Jim Cramer,感到不满,苹果,2024-11-03,0.003858
Jim Cramer,感到不满,苹果,2024-11-03,0.003858
Jim Cramer,感到不满,苹果,2024-11-03,0.003858
前总统特朗普,认可,拜登政府,2024-09-10,0.003855
唐纳德·特朗普,质疑,《芯片与科学法案》,2024-11-06,0.003854
丹·伊夫斯,相信,微软,2024-10-30,0.003851
马斯克,喜欢,特斯拉,2024-06-03,0.003846
马斯克,喜欢,特斯拉,2024-06-03,0.003846
美国,认为有威胁,台湾,2024-09-10,0.003842
唐纳德·特朗普,增进,全面进口关税,2024-12-19,0.003840
布劳登曼,相信,特朗普,2024-11-15,0.003838
洛丽·黄,主导,英伟达,2024-12-02,0.003837
亚当·普森,认为缺乏,特朗普,2024-11-06,0.003833
马斯克,认为有危机,特斯拉,2024-06-03,0.003831
马斯克,认为有危机,特斯拉,2024-06-03,0.003831
马斯克,认为有危机,特斯拉,2024-06-03,0.003831
马斯克,认为有危机,特斯拉,2024-06-03,0.003831
美国,认为有成就,英伟达,2024-11-21,0.003829
美国,认为有成就,英伟达,2024-11-21,0.003829
唐纳德·特朗普,损害,特斯拉,2024-12-02,0.003821
特朗普,认为非法,美国,2024-07-18,0.003820
特朗普政府,欢迎,华为,2024-11-28,0.003817
美国,认为非法,中国,2024-12-02,0.003811
《华尔街日报》,相信,华为,2024-08-12,0.003809
深圳,认为优秀,华为,2024-10-22,0.003797
乔·拜登,感到满意,英特尔,2024-09-25,0.003796
埃隆·马斯克,认为非法,中国,2024-12-27,0.003794
埃隆·马斯克,认为非法,中国,2024-12-27,0.003794
巴伦周刊,感到不满,三星,2024-09-21,0.003791
唐纳德·特朗普,认可,《芯片法案》,2024-11-06,0.003789
唐纳德·特朗普,认可,《芯片法案》,2024-11-06,0.003789
唐纳德·特朗普,认可,《芯片法案》,2024-11-06,0.003789
唐纳德·特朗普,认可,《芯片法案》,2024-11-06,0.003789
鲁比奥,认为可靠,中国,2024-11-12,0.003785
鲁比奥,认为可靠,中国,2024-11-12,0.003785
鲁比奥,认为可靠,中国,2024-11-12,0.003785
唐纳德·特朗普,担忧,台湾,2024-11-15,0.003784
唐纳德·特朗普,担忧,台湾,2024-11-15,0.003784
唐纳德·特朗普,担忧,台湾,2024-11-15,0.003784
唐纳德·特朗普,担忧,台湾,2024-11-15,0.003784
唐纳德·特朗普,担忧,台湾,2024-11-15,0.003784
格尔辛格尔,威胁,台积电,2024-12-09,0.003783
特朗普总统,认为可靠,《芯片和科学法案》,2024-11-15,0.003781
特朗普,质疑,《芯片和科学法案》,2024-11-05,0.003780
特朗普,质疑,《芯片和科学法案》,2024-11-05,0.003780
特朗普,质疑,《芯片和科学法案》,2024-11-05,0.003780
唐纳德·特朗普,视作英雄,拜登,2024-11-17,0.003777
美国,认为有成就,英伟达,2024-10-20,0.003773
美国,认为有成就,英伟达,2024-10-20,0.003773
埃隆·马斯克,支持,习近平,2024-10-26,0.003768
哈梅内,担忧,伊朗,2024-11-02,0.003767
美国,主导,《芯片法案》,2024-09-23,0.003764
路透社,质疑,华为,2024-10-27,0.003750
路透社,质疑,华为,2024-10-27,0.003750
路透社,质疑,华为,2024-10-27,0.003750
埃隆·马斯克,威胁,中国,2024-12-26,0.003749
路透社,认为优秀,三星,2024-10-06,0.003745
路透社,认为优秀,三星,2024-10-06,0.003745
路透社,认为优秀,三星,2024-10-06,0.003745
唐纳德·特朗普,视作英雄,乔·拜登,2024-11-05,0.003744
J.W. 秋,担忧,台积电,2024-11-09,0.003738
路透社,威胁,三星,2024-10-06,0.003738
路透社,威胁,三星,2024-10-06,0.003738
路透社,威胁,三星,2024-10-06,0.003738
安迪·雅西,质疑,亚马逊,2024-10-30,0.003736
唐纳德·特朗普,威胁,台湾,2024-11-15,0.003734
唐纳德·特朗普,威胁,台湾,2024-11-15,0.003734
唐纳德·特朗普,威胁,台湾,2024-11-15,0.003734
唐纳德·特朗普,威胁,台湾,2024-11-15,0.003734
唐纳德·特朗普,威胁,台湾,2024-11-15,0.003734
Vivek Arya,感到不满,英特尔,2024-10-31,0.003734
Vivek Arya,感到不满,英特尔,2024-10-31,0.003734
马斯克,认为犯罪,特斯拉,2024-06-04,0.003732
美国,认为优秀,华为,2024-10-27,0.003730
英特尔,主导,《芯片与科学法案》,2024-11-12,0.003729
美国,认为有威胁,中国,2024-11-06,0.003724
美国,认为有威胁,中国,2024-11-06,0.003724
丽莎·苏,感到不满,微软,2024-11-13,0.003717
路透社,质疑,三星,2024-08-27,0.003709
路透社,质疑,三星,2024-08-27,0.003709
路透社,质疑,三星,2024-08-27,0.003709
亚当·普森,担忧,特朗普,2024-11-06,0.003708
亚当·普森,担忧,特朗普,2024-11-06,0.003708
亚当·普森,担忧,特朗普,2024-11-06,0.003708
亚当·普森,担忧,特朗普,2024-11-06,0.003708
埃隆·马斯克,威胁,中国,2024-12-27,0.003708
埃隆·马斯克,威胁,中国,2024-12-27,0.003708
基辛格,感到不满,英特尔,2024-12-03,0.003700
唐纳德·特朗普,质疑,《芯片与科学法案》,2024-11-05,0.003698
基辛格,感到不满,英特尔,2024-12-02,0.003697
唐纳德·特朗普,认为优秀,拜登政府,2025-01-09,0.003696
路透社,认为有威胁,阿联酋,2024-10-14,0.003694
埃里克·施密特,认为有成就,英伟达,2024-08-14,0.003692
扎克伯格,感到不满,黄仁勋,2024-11-24,0.003688
扎克伯格,感到不满,黄仁勋,2024-11-24,0.003688
扎克伯格,感到不满,黄仁勋,2024-11-24,0.003688
扎克伯格,感到不满,黄仁勋,2024-11-24,0.003688
扎克伯格,感到不满,黄仁勋,2024-11-24,0.003688
扎克伯格,感到不满,黄仁勋,2024-11-24,0.003688
扎克伯格,感到不满,黄仁勋,2024-11-24,0.003688
杰西·利文森,认为失败,特斯拉,2024-11-01,0.003688
法新社,质疑,华为,2024-10-23,0.003685
华为,感谢,美国,2024-12-27,0.003685
特朗普,认为失败,《芯片法案》,2024-11-05,0.003680
唐纳德·特朗普,质疑,《芯片法案》,2024-11-12,0.003679
华为创始人,视作英雄,美国,2024-10-31,0.003679
于伊齐,批评,台积电,2024-12-14,0.003678
唐纳德・特朗普,质疑,美国,2024-10-30,0.003675
埃隆·马斯克,欢迎,中国,2024-12-27,0.003673
格尔辛格尔,认为犯罪,台积电,2024-12-09,0.003666
以色列,担忧,伊朗,2024-11-02,0.003664
美国,担忧,任天堂,2025-01-02,0.003654
美国,质疑,中国,2024-08-26,0.003654
哈里斯,认为有危机,特朗普,2024-11-02,0.003652
哈里斯,认为有危机,特朗普,2024-11-02,0.003652
美国,主导,《芯片法案》,2024-10-22,0.003643
美国,主导,《芯片法案》,2024-10-22,0.003643
美国,主导,《芯片法案》,2024-10-22,0.003643
唐纳德·特朗普,威胁,台湾,2024-11-13,0.003641
唐纳德·特朗普,威胁,台湾,2024-11-13,0.003641
华为创始人,认为有威胁,美国,2024-10-31,0.003641
唐纳德·特朗普,攻击,美国,2024-12-26,0.003638
美国,认为优秀,华为,2024-10-26,0.003637
美国,认为优秀,华为,2024-10-26,0.003637
美国,认为优秀,华为,2024-10-26,0.003637
乔·罗根,质疑,特朗普,2024-11-05,0.003637
以色列,认为恐怖,伊朗,2024-11-02,0.003633
Jeff Bezos,增进,美国,2024-11-09,0.003627
特朗普政府,认为违规,华为,2024-10-31,0.003626
路透社,担忧,三星,2024-10-06,0.003618
路透社,担忧,三星,2024-10-06,0.003618
路透社,担忧,三星,2024-10-06,0.003618
唐纳德·特朗普,认为失败,《芯片与科学法案》,2024-11-06,0.003615
美国,质疑,拜登,2024-08-28,0.003613
美国,质疑,拜登,2024-08-28,0.003613
前总统,视作英雄,唐纳德·特朗普,2024-11-05,0.003607
法比安·志中·吴,感到不满,唐纳德·特朗普,2024-11-07,0.003607
美国,认为违规,谷歌,2024-09-06,0.003604
Coatsworth,批评,台积电,2024-10-17,0.003603
卢克·拉巴里,主导,英伟达,2024-08-27,0.003600
黄伟森,主导,英伟达,2024-11-11,0.003598
中国,认为违规,美国,2024-12-03,0.003592
泰德·克鲁兹,质疑,拜登,2025-01-13,0.003589
特朗普政府,威胁,华为,2024-11-28,0.003588
唐纳德·特朗普,威胁,《芯片与科学法案》,2024-11-06,0.003587
克里斯托夫·福奎特,认为可靠,美国,2024-11-13,0.003587
彼得·蒂尔,威胁,特朗普,2024-11-18,0.003583
摩根大通,相信,美国,2025-01-16,0.003581
唐纳德·特朗普,威胁,《芯片法案》,2024-11-06,0.003576
唐纳德·特朗普,威胁,《芯片法案》,2024-11-06,0.003576
拜登政府,认为有威胁,美国,2025-01-09,0.003575
美国,认为有成就,英伟达,2024-11-18,0.003570
美国,认为有成就,英伟达,2024-11-18,0.003570
美国,认为有成就,英伟达,2024-11-18,0.003570
美国,认为有成就,英伟达,2024-11-18,0.003570
美国,认为有成就,英伟达,2024-11-18,0.003570
美国,认为有成就,英伟达,2024-11-18,0.003570
特朗普,质疑,《芯片与科学法案》,2024-11-06,0.003570
唐纳德·特朗普,担忧,《芯片法案》,2024-11-06,0.003567
唐纳德·特朗普,担忧,《芯片法案》,2024-11-06,0.003567
唐纳德·特朗普,担忧,《芯片法案》,2024-11-06,0.003567
总统特朗普,认可,英伟达,2024-11-18,0.003565
总统特朗普,认可,英伟达,2024-11-18,0.003565
总统特朗普,认可,英伟达,2024-11-18,0.003565
总统特朗普,认可,英伟达,2024-11-18,0.003565
总统特朗普,认可,英伟达,2024-11-18,0.003565
中国台湾事务办公室,认为优秀,美国,2024-11-11,0.003564
唐纳德・特朗普,认为有威胁,台湾,2024-10-30,0.003556
格尔辛格,损害,台积电,2024-12-02,0.003554
特朗普,质疑,《芯片与科学法案》,2024-11-05,0.003551
特朗普,质疑,《芯片与科学法案》,2024-11-05,0.003551
路透社,担忧,三星,2024-10-07,0.003551
唐纳德·特朗普,认为非法,CHIPS法案,2024-11-24,0.003548
习近平主席,认为有成就,美国,2024-10-24,0.003547
唐纳德·特朗普总统,认为有威胁,台湾,2024-11-12,0.003547
唐纳德·特朗普总统,认为有威胁,台湾,2024-11-12,0.003547
埃隆·马斯克,主导,OpenAI,2024-10-05,0.003546
华盛顿,认为有威胁,阿联酋,2024-09-22,0.003546
法比安·志中·吴,相信,唐纳德·特朗普,2024-11-07,0.003543
卡西·伍德,质疑,特斯拉,2024-11-09,0.003541
特朗普,认为失败,《芯片法案》,2024-11-06,0.003539
唐纳德·特朗普,质疑,《芯片法案》,2025-01-03,0.003535
史蒂夫·洛赫,视作英雄,特朗普,2024-12-01,0.003528
美国,认为有成就,英特尔,2024-09-23,0.003528
美国,认为有成就,英特尔,2024-09-23,0.003528
美国,主导,《芯片法案》,2024-08-21,0.003527
特朗普,质疑,《芯片法案》,2024-11-10,0.003527
拜登政府,认为有威胁,美国,2024-10-31,0.003515
英伟达,认为热情,谷歌,2024-09-09,0.003501
美国,质疑,台湾,2024-10-30,0.003492
彼得·蒂尔,担忧,特朗普,2024-11-18,0.003487
彼得·蒂尔,担忧,特朗普,2024-11-18,0.003487
唐纳德·特朗普,质疑,《芯片和科学法案》,2024-12-02,0.003482
习近平,认为热情,美国,2024-11-29,0.003480
唐纳德·特朗普,认为犯罪,美国,2024-10-30,0.003480
《日本时报》,认为可靠,美国,2024-11-12,0.003480
丹·伊夫斯,认可,微软,2024-10-30,0.003476
特朗普,认为犯罪,台湾,2024-11-05,0.003469
美国,认为优秀,苹果,2024-11-30,0.003462
美国,主导,《芯片法案》,2024-09-20,0.003459
美国,主导,《芯片法案》,2024-09-20,0.003459
库克,认可,特朗普政府,2024-11-16,0.003458
帕特·盖尔辛格,感到不满,英特尔,2024-12-03,0.003450
帕特·盖尔辛格,感到不满,英特尔,2024-12-03,0.003450
帕特·盖尔辛格,感到不满,英特尔,2024-12-03,0.003450
Vivek Arya,认为有成就,Nvidia,2024-10-24,0.003446
沈启明,质疑,苹果公司,2024-11-07,0.003442
克里斯托夫·福凯,认为有威胁,美国,2024-11-13,0.003436
中国,认为缺乏,美国,2025-01-10,0.003434
美国,认为有成就,中国,2024-08-26,0.003433
乔·罗根,主导,《芯片和科学法案》,2024-11-15,0.003433
马斯克,认为有危机,特斯拉,2024-06-04,0.003432
唐纳德·特朗普,感到满意,拜登政府,2025-01-09,0.003431
投资人,喜欢,台积电,2024-11-05,0.003426
马斯克,认为违规,特斯拉,2024-06-04,0.003421
拜登,威胁,中国,2024-12-02,0.003421
乔·罗根,认可,美国,2024-12-25,0.003419
美国,认为有威胁,中国,2024-11-07,0.003410
美国,认为有威胁,中国,2024-11-07,0.003410
路透社,威胁,华为,2024-06-09,0.003410
特朗普总统,感到不满,《芯片和科学法案》,2024-11-15,0.003409
特朗普,认可,《芯片和科学法案》,2024-11-05,0.003405
特朗普,认可,《芯片和科学法案》,2024-11-05,0.003405
特朗普,认可,《芯片和科学法案》,2024-11-05,0.003405
Elon Musk,欢迎,黄仁勋,2024-11-01,0.003400
Russ Mould,认为优秀,英伟达,2024-10-29,0.003390
Russ Mould,认为优秀,英伟达,2024-10-29,0.003390
共和党,视作英雄,特朗普,2024-11-05,0.003389
共和党,视作英雄,特朗普,2024-11-05,0.003389
共和党,视作英雄,特朗普,2024-11-05,0.003389
共和党,视作英雄,特朗普,2024-11-05,0.003389
皮特森国际经济研究所,认为优秀,特朗普,2024-11-06,0.003389
马斯克,认为恐怖,特斯拉,2024-06-03,0.003384
卓以和,主导,台积公司,2024-10-27,0.003383
中国,视作英雄,特朗普,2024-12-01,0.003383
投资者,认为有暴力,台积电,2024-11-29,0.003378
唐纳德·特朗普,认为失败,卡玛拉·哈里斯,2024-11-05,0.003374
唐纳德·特朗普,认为失败,卡玛拉·哈里斯,2024-11-05,0.003374
唐纳德·特朗普,认为失败,卡玛拉·哈里斯,2024-11-05,0.003374
唐纳德·特朗普,认为失败,卡玛拉·哈里斯,2024-11-05,0.003374
唐纳德·特朗普,认为失败,卡玛拉·哈里斯,2024-11-05,0.003374
共和党,视作英雄,唐纳德·特朗普,2024-11-05,0.003372
imes,质疑,台积电,2024-12-11,0.003372
亚当·普森,认为优秀,特朗普,2024-11-06,0.003369
亚当·普森,认为优秀,特朗普,2024-11-06,0.003369
亚当·普森,认为优秀,特朗普,2024-11-06,0.003369
Jim·塞默,感到不满,苹果,2024-11-03,0.003359
特朗普,质疑,《芯片法案》,2024-11-15,0.003357
华盛顿,认为有危机,中国,2024-11-07,0.003354
总统特朗普,攻击,乔·拜登,2024-11-05,0.003350
特朗普,认可,《芯片与科学法案》,2024-11-05,0.003344
芬克尔,主导,拜登政府规则,2025-01-13,0.003343
唐纳德·特朗普,认可,《芯片与科学法案》,2024-11-06,0.003341
盖辛格,主导,英特尔,2024-12-03,0.003340
唐纳德·特朗普总统,担忧,美国,2024-11-15,0.003337
唐纳德·特朗普总统,担忧,美国,2024-11-15,0.003337
唐纳德·特朗普,担忧,《芯片法案》,2024-11-07,0.003337
美国,质疑,英伟达,2024-10-20,0.003331
美国,质疑,英伟达,2024-10-20,0.003331
彼得·温宁克,批评,台积电,2024-11-10,0.003331
唐纳德·特朗普,损害,美国,2024-10-30,0.003328
英伟达,担忧,美国,2024-08-13,0.003327
美国,欢迎,加拿大,2024-11-07,0.003321
埃隆·马斯克,认可,Spotify,2024-10-19,0.003317
埃隆·马斯克,认可,Spotify,2024-10-19,0.003317
特朗普,认可,《芯片法案》,2024-11-10,0.003314
穆克什·安巴尼,主导,英伟达,2024-10-26,0.003314
埃隆·马斯克,认为有危机,特斯拉,2024-06-03,0.003313
波士顿咨询集团,相信,美国,2024-11-26,0.003310
高通收购英特尔,损害,台积电,2024-09-29,0.003307
唐纳德·特朗普,认为违规,台湾,2024-11-06,0.003306
中国,认为非法,台湾,2025-01-14,0.003296
习近平,欢迎,美国,2024-11-29,0.003288
马继华,认为违规,台积电,2024-11-10,0.003288
马继华,认为违规,台积电,2024-11-10,0.003288
马继华,认为违规,台积电,2024-11-10,0.003288
苹果,主导,推出M4 Pro,2024-11-03,0.003282
帕特·基辛格,感到不满,英特尔,2024-11-29,0.003281
唐纳德·特朗普,认为恐怖,台湾,2024-12-03,0.003280
唐纳德·特朗普,认为恐怖,台湾,2024-12-03,0.003280
唐纳德·特朗普,认为恐怖,台湾,2024-12-03,0.003280
唐纳德·特朗普,认为恐怖,台湾,2024-12-03,0.003280
唐纳德·特朗普,认为恐怖,台湾,2024-12-03,0.003280
唐纳德·特朗普,认为恐怖,台湾,2024-12-03,0.003280
亚利桑那州,主导,半导体,2024-10-27,0.003277
亚利桑那州,主导,半导体,2024-10-27,0.003277
唐纳德·特朗普,认为违规,台湾,2024-11-05,0.003275
唐纳德·特朗普,认为优秀,高通,2024-09-19,0.003275
特朗普,认为违规,台湾,2024-11-05,0.003268
特朗普,认为违规,台湾,2024-11-05,0.003268
唐纳德·特朗普,质疑,半导体,2024-11-13,0.003261
唐纳德·特朗普,质疑,半导体,2024-11-13,0.003261
唐纳德·特朗普,质疑,半导体,2024-11-13,0.003261
唐纳德·特朗普,质疑,半导体,2024-11-13,0.003261
唐纳德·特朗普,质疑,半导体,2024-11-13,0.003261
唐纳德·特朗普,质疑,半导体,2024-11-13,0.003261
穆克什·安巴尼,主导,英伟达,2024-10-23,0.003261
美国,认为有威胁,美国,2024-10-30,0.003251
纳德拉,质疑,微软,2024-11-04,0.003251
路透社,认为缺乏,三星,2024-10-06,0.003247
路透社,认为缺乏,三星,2024-10-06,0.003247
路透社,认为非法,马来西亚,2024-12-02,0.003246
美国,相信,高通,2024-09-22,0.003244
唐纳德·特朗普,认为有危机,台湾,2024-07-30,0.003239
唐纳德·特朗普,认为有危机,台湾,2024-10-30,0.003239
华为技术公司,认为有成就,美国,2024-10-14,0.003238
唐纳德·特朗普,担忧,拜登政府,2024-11-05,0.003235
唐纳德·特朗普,认为违规,台湾,2024-12-03,0.003232
唐纳德·特朗普,认为违规,台湾,2024-12-03,0.003232
唐纳德·特朗普,认为违规,台湾,2024-12-03,0.003232
唐纳德·特朗普,认为违规,台湾,2024-12-03,0.003232
唐纳德·特朗普,认为违规,台湾,2024-12-03,0.003232
唐纳德·特朗普,认为违规,台湾,2024-12-03,0.003232
特朗普政府,认为有威胁,中国,2024-09-10,0.003229
彼得·蒂尔,视作英雄,特朗普,2024-11-18,0.003224
彼得·蒂尔,视作英雄,特朗普,2024-11-18,0.003224
彼得·蒂尔,视作英雄,特朗普,2024-11-18,0.003224
投资人,认为恐怖,台积电,2024-11-05,0.003224
李在镕,认为有威胁,三星,2024-10-07,0.003220
唐纳德·特朗普,认为违规,台湾,2024-12-02,0.003218
投资者,攻击,台积电,2024-11-29,0.003217
郭建宏,质疑,特朗普总统,2025-01-14,0.003216
彼得·蒂尔,认为热情,特朗普,2024-11-18,0.003213
彼得·蒂尔,认为热情,特朗普,2024-11-18,0.003213
彼得·蒂尔,认为热情,特朗普,2024-11-18,0.003213
伊朗最高领袖,认为有危机,美国,2024-11-02,0.003213
唐纳德·特朗普,支持,美国,2024-12-03,0.003210
亚利桑那州,认为有成就,Nvidia,2024-10-24,0.003208
帕特·盖尔辛格,质疑,英特尔,2024-06-03,0.003203
特朗普政府,主导,中美贸易政策,2025-01-13,0.003198
帕特·盖尔辛格,质疑,苹果,2024-11-02,0.003194
迈克·瓦尔茨,主导,美日联盟,2024-11-12,0.003192
萨蒂亚·纳德拉,认为有威胁,墨西哥,2024-11-27,0.003190
萨蒂亚·纳德拉,认为有威胁,墨西哥,2024-11-27,0.003190
亚当·波森,认为有威胁,特朗普,2024-11-06,0.003189
美国,认可,英特尔,2024-11-27,0.003183
美国,认可,英特尔,2024-11-27,0.003183
特朗普政府,认为非法,美国,2024-11-10,0.003180
特朗普政府,认为非法,美国,2024-11-10,0.003180
唐纳德·特朗普,认为恐怖,台湾,2024-12-02,0.003178
路透社,认为可靠,三星,2024-10-06,0.003178
路透社,认为可靠,三星,2024-10-06,0.003178
乔·拉戈,主导,CHIPS法案,2024-11-06,0.003172
马克·扎克伯格,担忧,微软,2024-10-26,0.003172
拜登政府,威胁,华为,2024-10-31,0.003172
唐纳德·特朗,认为失败,台湾,2024-12-03,0.003171
唐纳德·特朗普,损害,美国,2024-12-26,0.003162
唐纳德·特朗普,担忧,《芯片与科学法案》,2024-11-06,0.003161
鲍威尔,认为热情,特朗普,2025-01-14,0.003160
特朗普,担忧,《芯片法案》,2024-11-06,0.003152
唐纳德·特朗普,认为犯罪,台湾,2024-11-06,0.003152
德·特朗普,质疑,台湾,2024-12-03,0.003147
台湾积体电路制造公司,主导,AI芯片,2024-12-30,0.003146
莫里斯·昌,视作英雄,格尔辛格尔,2024-12-09,0.003142
特朗普,担忧,《芯片与科学法案》,2024-11-05,0.003140
路透社,认为有威胁,美国,2024-06-04,0.003139
杨金龙,认为非法,美国,2024-11-13,0.003130
杨金龙,认为非法,美国,2024-11-13,0.003130
沈启明,认为优秀,苹果公司,2024-11-07,0.003129
美国,视作英雄,唐纳,2024-12-03,0.003126
唐纳德·特朗普,认为有危机,台湾,2024-07-29,0.003119
美国,感到满意,谷歌,2024-09-06,0.003116
库克,感到不满,特朗普政府,2024-11-16,0.003113
施耐德,认为有成就,英伟达,2025-01-11,0.003111
唐纳德·特朗普总统,质疑,台湾公司,2024-11-15,0.003109
摩根士丹利,认为失败,美国,2024-11-03,0.003109
特朗普,认为违规,美国,2024-11-14,0.003104
秋部长,认为优秀,台积电,2024-11-09,0.003094
唐纳德・特朗普,威胁,台湾,2024-10-30,0.003094
唐纳德·特朗普,支持,台湾,2024-12-03,0.003092
特朗普,增进,美国,2024-11-15,0.003086
中国媒体,视作英雄,台积电,2024-11-07,0.003085
英伟达,质疑,台积公司,2024-10-24,0.003084
丹·伊夫斯,质疑,微软,2024-10-30,0.003078
德·特朗普,担忧,台湾,2024-12-03,0.003077
唐纳德·特朗普,损害,美国,2024-12-25,0.003076
Jim Cramer,担忧,谷歌,2024-11-04,0.003076
Jim Cramer,担忧,谷歌,2024-11-04,0.003076
Jim Cramer,担忧,谷歌,2024-11-04,0.003076
华盛顿,威胁,阿联酋,2024-09-22,0.003071
美联储,欢迎,特朗普,2025-01-10,0.003055
德国德累斯顿,主导,半导体,2024-10-06,0.003042
迈克·瓦尔茨,担忧,特朗普,2024-11-12,0.003033
伊朗最高领袖,认为有威胁,以色列,2024-11-02,0.003031
伊朗最高领袖,认为有威胁,以色列,2024-11-02,0.003031
路透社,认为有威胁,美国,2024-11-13,0.003030
路透社,认为有威胁,美国,2024-11-13,0.003030
路透社,认为有威胁,美国,2024-11-13,0.003030
唐纳德·特朗普总统,认为非法,台湾,2024-11-15,0.003027
唐纳德·特朗普总统,认为非法,台湾,2024-11-15,0.003027
唐纳德·特朗普总统,认为非法,台湾,2024-11-15,0.003027
苹果公司,主导,TSMC,2024-10-20,0.003026
马继华,认为失败,台积电,2024-11-10,0.003025
《日本时报》,相信,特朗普,2024-11-12,0.003020
特朗普,担忧,《芯片和科学法案》,2024-11-05,0.003019
特朗普,担忧,《芯片和科学法案》,2024-11-05,0.003019
特朗普,担忧,《芯片和科学法案》,2024-11-05,0.003019
詹森·霍尔,认为可靠,三星,2025-01-10,0.003018
路透社,认为非法,三星,2024-08-27,0.003017
杰西·利文森,认为有威胁,特斯拉,2024-11-01,0.003015
马克·扎克伯格,认为有威胁,微软,2024-10-26,0.003011
唐纳德·特朗普,支持,美国,2024-10-30,0.003011
Jim Cramer,认为违规,谷歌,2024-11-04,0.003009
美国,认为非法,中国,2024-11-06,0.003008
美国,质疑,台湾积电,2024-10-27,0.003005
唐纳德·特朗普,增进,英伟达,2024-08-06,0.003004
埃隆·马斯克,感到满意,中国,2024-12-27,0.003004
美国,质疑,台湾积电,2024-10-23,0.003003
唐纳德·特朗普,攻击,美国,2024-11-15,0.003002
台积电,损害,客户,2024-11-07,0.003001
特朗普政府,认为犯罪,华为,2024-10-31,0.002998
参议员,认为有成就,乔·拜登,2024-10-31,0.002995
唐纳德·特朗普总统,认为有威胁,台湾,2024-11-15,0.002994
唐纳德·特朗普总统,认为有威胁,台湾,2024-11-15,0.002994
唐纳德·特朗普总统,认为有威胁,台湾,2024-11-15,0.002994
唐纳德·特朗普总统,认为有威胁,台湾,2024-11-15,0.002994
唐纳德·特朗普总统,认为有威胁,台湾,2024-11-15,0.002994
唐纳德·特朗普总统,认为有威胁,台湾,2024-11-15,0.002994
唐纳德·特朗普,认为违规,台湾,2024-07-30,0.002989
中国,感到不满,台湾,2025-01-13,0.002987
黄仁勋,认为有成就,埃隆·马斯克,2024-10-14,0.002985
路透社,威胁,华为,2024-11-11,0.002984
皮特森国际经济研究所,质疑,特朗普,2024-11-06,0.002984
阳基龙,认为有威胁,美国,2024-11-13,0.002980
白宫,认为有威胁,中国,2025-01-12,0.002977
唐纳德·特朗普,认为有危机,中国,2025-01-12,0.002975
埃隆·马斯克,视作英雄,史蒂夫·乔布斯,2024-06-03,0.002974
埃隆·马斯克,视作英雄,史蒂夫·乔布斯,2024-06-03,0.002974
埃隆·马斯克,视作英雄,史蒂夫·乔布斯,2024-06-03,0.002974
埃隆·马斯克,视作英雄,史蒂夫·乔布斯,2024-06-03,0.002974
唐纳德·特朗普,认为可靠,中国贸易,2024-11-15,0.002972
《纽约时报》,认为有成就,拜登总统,2024-11-15,0.002972
唐纳德·特朗普总统,质疑,《芯片法案》,2024-11-12,0.002971
英伟达,认可,台积公司,2024-10-24,0.002970
唐纳德·特朗普总统,认为非法,《芯片法案》,2024-11-12,0.002968
荷兰芯片制造商,认为有威胁,美国,2024-10-15,0.002968
前总统特朗普,威胁,中国,2024-09-10,0.002968
纳德拉,认为优秀,微软,2024-11-04,0.002964
哈里斯,质疑,特朗普,2024-09-10,0.002962
当地立法者,认可,台积电,2024-11-12,0.002960
亚当·波森,认为有成就,特朗普,2024-11-06,0.002950
CNA,担忧,台积电,2024-11-03,0.002946
CNA,担忧,台积电,2024-11-03,0.002946
《华尔街日报》,认为优秀,华为,2024-08-12,0.002941
美国,担忧,华为,2024-10-24,0.002939
美国,担忧,华为,2024-10-24,0.002939
亚当·波森,相信,特朗普,2024-11-06,0.002937
亚当·波森,相信,特朗普,2024-11-06,0.002937
亚当·波森,相信,特朗普,2024-11-06,0.002937
路透社,认为有威胁,美国,2024-10-31,0.002933
美国,认为有危机,台湾,2024-12-03,0.002932
美国,认为缺乏,美国,2024-10-30,0.002932
马斯克,认为恐怖,特斯拉,2024-06-04,0.002932
乔·罗根,认为可靠,台湾,2024-12-25,0.002932
美国,质疑,英伟达,2024-11-09,0.002929
台积电,认可,创新,2024-09-27,0.002925
台积电,认可,创新,2024-09-27,0.002925
台积电,认可,创新,2024-09-27,0.002925
民主党,视作英雄,唐纳德·特朗普,2024-11-05,0.002918
民主党,视作英雄,唐纳德·特朗普,2024-11-05,0.002918
民主党,视作英雄,唐纳德·特朗普,2024-11-05,0.002918
盖尔辛格,质疑,英特尔,2024-06-03,0.002917
克里斯托夫·福凯,认为非法,美国,2024-11-13,0.002911
盖尔辛格,威胁,谷歌,2024-10-29,0.002910
埃隆·马斯克,欣赏,史蒂夫·乔布斯,2024-06-03,0.002907
中国,认为非法,习近平,2024-10-01,0.002903
特朗普,质疑,半导体,2024-11-13,0.002900
特朗普,质疑,半导体,2024-11-13,0.002900
特朗普,质疑,半导体,2024-11-13,0.002900
特朗普,质疑,半导体,2024-11-13,0.002900
特朗普,质疑,半导体,2024-11-13,0.002900
特朗普总统,质疑,《芯片和科学法案》,2024-11-15,0.002897
唐纳德·特朗普,损害,美国,2024-11-07,0.002896
唐纳德·特朗普,损害,美国,2024-11-07,0.002896
唐纳德·特朗普,损害,美国,2024-11-07,0.002896
唐纳德·特朗普,损害,美国,2024-11-07,0.002896
唐纳德·特朗普,损害,美国,2024-11-07,0.002896
唐纳德·特朗普,损害,美国,2024-11-07,0.002896
杰罗姆·鲍威尔,认为可靠,美联储,2024-11-17,0.002895
路透社,认可,华为,2024-06-09,0.002893
拜登政府,主导,《芯片法案》,2024-11-19,0.002892
古尔曼,认为有成就,库克,2024-11-16,0.002890
詹森·霍尔,主导,英伟达,2024-10-26,0.002888
自民党,威胁,日本,2024-11-02,0.002885
加利福尼亚州,认可,苹果,2024-10-19,0.002884
加利福尼亚州,认可,苹果,2024-10-19,0.002884
加利福尼亚州,认可,苹果,2024-10-19,0.002884
英伟达,支持,三星,2024-10-30,0.002879
特朗普,担忧,《芯片法案》,2024-11-07,0.002878
特朗普,担忧,《芯片法案》,2024-11-07,0.002878
特朗普,担忧,《芯片法案》,2024-11-07,0.002878
特朗普,担忧,《芯片法案》,2024-11-07,0.002878
拜登政府,主导,《芯片法案》,2024-11-18,0.002876
拜登政府,主导,《芯片法案》,2024-11-18,0.002876
美国,质疑,英特尔,2024-11-27,0.002875
英伟达,认为优秀,特斯拉,2024-06-03,0.002875
唐纳德·特朗普,认为违规,台湾,2024-07-29,0.002874
唐纳德·特朗普,欣赏,《芯片与科学法案》,2024-11-06,0.002874
美国,视作英雄,唐纳德·特朗,2024-12-03,0.002874
路透社,相信,格尔辛格尔,2024-12-09,0.002872
彼得·蒂尔,欢迎,特朗普,2024-11-18,0.002870
安杰洛·津诺,认为可靠,特朗普政府,2024-11-19,0.002865
波森,质疑,特朗普,2024-11-06,0.002861
路透社,主导,博通,2024-09-03,0.002861
法比安·志中·吴,认为有成就,唐纳德·特朗普,2024-11-07,0.002858
市场研究公司IDC,认为失败,台积电,2024-12-28,0.002856
俄罗斯总统,认可,马斯克,2024-10-26,0.002851
俄罗斯总统,认可,马斯克,2024-10-26,0.002851
美国,担忧,华为,2024-12-21,0.002846
华盛顿,认为非法,美国,2024-10-30,0.002845
林·布·坦,认为有成就,英特尔,2024-09-17,0.002845
华盛顿,担忧,阿联酋,2024-09-22,0.002842
北京,相信,中国,2024-12-26,0.002839
SemiWiki论坛,质疑,台积电,2024-11-12,0.002831
帕特·基辛格,认可,英特尔,2024-11-13,0.002830
路透社,认为有威胁,美国,2024-11-09,0.002830
特朗普,认为违规,美国,2024-11-15,0.002829
特朗普,认为违规,美国,2024-11-15,0.002829
拜登政府,主导,《芯片法案》,2024-11-07,0.002828
拜登政府,主导,《芯片法案》,2024-11-07,0.002828
拜登政府,主导,《芯片法案》,2024-11-07,0.002828
拜登政府,主导,《芯片法案》,2024-11-07,0.002828
拜登政府,主导,《芯片法案》,2024-11-07,0.002828
拜登政府,主导,《芯片法案》,2024-11-07,0.002828
乔·拜登总统,感到不满,《芯片和科学法案》,2024-11-15,0.002819
扎克伯格,认为有成就,黄仁勋,2024-11-24,0.002816
扎克伯格,认为有成就,黄仁勋,2024-11-24,0.002816
扎克伯格,认为有成就,黄仁勋,2024-11-24,0.002816
扎克伯格,认为有成就,黄仁勋,2024-11-24,0.002816
扎克伯格,认为有成就,黄仁勋,2024-11-24,0.002816
扎克伯格,认为有成就,黄仁勋,2024-11-24,0.002816
扎克伯格,认为有成就,黄仁勋,2024-11-24,0.002816
特朗普政府,认为有危机,华为,2024-10-31,0.002814
美国,质疑,台湾,2024-11-12,0.002814
埃隆·马斯克,支持,中国,2024-12-27,0.002811
台湾公司,认为非法,美国,2024-11-15,0.002810
唐纳德·特朗普,感到满意,《芯片法案》,2024-11-06,0.002806
唐纳德·特朗普,支持,《芯片和科学法案》,2024-12-02,0.002806
美国,认可,SK海力士,2024-12-19,0.002805
台湾,认为违规,美国,2024-11-15,0.002803
英特尔,质疑,基辛格,2024-12-03,0.002803
《台北时报》,相信,特朗普,2024-11-12,0.002801
《台北时报》,相信,特朗普,2024-11-12,0.002801
大卫,主导,英特尔,2024-12-02,0.002798
美国,相信,政府,2024-11-27,0.002796
摩根大通,认为可靠,美国,2025-01-16,0.002796
唐永年,批评,台积电,2024-11-12,0.002793
俄罗斯总统,质疑,马斯克,2024-10-26,0.002791
俄罗斯总统,质疑,马斯克,2024-10-26,0.002791
尹锡悦,质疑,特朗普,2024-11-12,0.002788
《华尔街日报》,质疑,华为,2024-08-12,0.002787
美国,认为有成就,英特尔,2024-09-17,0.002784
特朗普,认为失败,《芯片与科学法案》,2024-11-06,0.002779
唐纳德·特朗普,认可,对中国贸易,2024-11-15,0.002777
基辛格,质疑,英特尔,2024-11-29,0.002777
中国,认为优秀,美国,2024-09-30,0.002776
彼得森国际经济研究所,质疑,特朗普,2024-11-06,0.002776
彼得森国际经济研究所,质疑,特朗普,2024-11-06,0.002776
彼得森国际经济研究所,质疑,特朗普,2024-11-06,0.002776
彼得森国际经济研究所,质疑,特朗普,2024-11-06,0.002776
美国,视作英雄,唐纳德·特朗普,2024-07-18,0.002773
美国,视作英雄,唐纳德·特朗普,2024-10-18,0.002773
美国,相信,路透社,2024-11-07,0.002772
马继华,担忧,台积电,2024-11-10,0.002772
马继华,担忧,台积电,2024-11-10,0.002772
马继华,担忧,台积电,2024-11-10,0.002772
马继华,担忧,台积电,2024-11-10,0.002772
马继华,担忧,台积电,2024-11-10,0.002772
马继华,担忧,台积电,2024-11-10,0.002772
马继华,担忧,台积电,2024-11-10,0.002772
马继华,担忧,台积电,2024-11-10,0.002772
赖清德,认为可靠,中美关系,2024-11-14,0.002772
C.C. Wei,批评,台积电,2024-10-23,0.002771
C.C. Wei,批评,台积电,2024-10-23,0.002771
路透社,认为有威胁,美国,2024-11-10,0.002770
乔·罗根,认为失败,美国,2024-12-25,0.002768
詹森·霍尔,质疑,三星,2025-01-10,0.002762
台湾官员,质疑,特朗普,2025-01-10,0.002762
唐纳德·特朗普,认为违规,美国,2024-11-14,0.002760
美国,认为有威胁,中国,2024-11-09,0.002759
彭博社,相信,特朗普,2024-11-17,0.002754
AnandTech,批评,台积电,2024-11-12,0.002751
民主党,视作英雄,唐纳德·特朗普,2024-10-02,0.002751
唐纳德·特朗普,支持,美国,2024-07-27,0.002751
美国,视作英雄,唐纳德·特朗普,2024-12-03,0.002749
美国,视作英雄,唐纳德·特朗普,2024-12-03,0.002749
美国,视作英雄,唐纳德·特朗普,2024-12-03,0.002749
美国,视作英雄,唐纳德·特朗普,2024-12-03,0.002749
美国,视作英雄,唐纳德·特朗普,2024-12-03,0.002749
美国,视作英雄,唐纳德·特朗普,2024-12-03,0.002749
美国,认为非法,中国,2024-11-07,0.002746
拜登,主导,癌症登月计划,2024-09-04,0.002743
美国,认可,台湾积电,2024-10-23,0.002741
特朗普总统,认可,《芯片和科学法案》,2024-11-15,0.002736
联发科,欢迎,三星,2024-09-15,0.002734
Elon Musk,喜欢,黄仁勋,2024-11-01,0.002732
美国,认可,英伟达,2024-10-20,0.002730
美国,认可,英伟达,2024-10-20,0.002730
朱凤莲,认为有威胁,美国,2024-11-11,0.002729
基辛格,质疑,英特尔,2024-11-13,0.002728
Jim Cramer,担忧,谷歌,2024-10-31,0.002726
Dan Ives,认为有成就,英伟达,2024-11-18,0.002724
Dan Ives,认为有成就,英伟达,2024-11-18,0.002724
台湾的能源挑战,威胁,台积电,2024-11-04,0.002722
朗普,质疑,美国,2024-09-10,0.002721
英伟达,认为有威胁,亚马逊,2024-09-09,0.002718
荷兰,认可,美国,2024-12-02,0.002717
吴志中,相信,特朗普,2024-11-07,0.002716
路透社,认为可靠,美国,2024-11-13,0.002710
路透社,损害,台积电,2024-06-03,0.002710
台湾经济部长,认为非法,特朗普,2024-11-07,0.002708
克里斯托夫·福克特,认为可靠,美国,2024-11-13,0.002707
埃隆·马斯克,担忧,英伟达,2024-09-18,0.002706
美国,质疑,英特尔,2024-11-25,0.002704
鲍威尔,感谢,特朗普,2025-01-14,0.002704
中国,主导,新政策,2025-01-14,0.002703
埃隆·马斯克,认为有危机,中国,2024-12-27,0.002702
埃隆·马斯克,认为有危机,中国,2024-12-27,0.002702
华为创始人,认为失败,美国,2024-10-31,0.002699
华为创始人,认为失败,美国,2024-10-31,0.002699
拜登,增进,美国,2024-09-10,0.002696
美国,支持,谷歌,2024-09-06,0.002695
帕特·基辛格,认为可靠,英特尔,2024-09-19,0.002695
马可·鲁比奥,认为可靠,中国,2024-11-12,0.002693
美国,认为优秀,英特尔,2024-08-04,0.002690
英伟达,认可,白宫,2025-01-13,0.002690
哈里斯,质疑,特朗普,2024-11-02,0.002688
哈里斯,质疑,特朗普,2024-11-02,0.002688
市场研究公司IDC,认为有危机,台积电,2024-12-28,0.002685
日本银行,担忧,美国,2024-08-08,0.002684
美国,视作英雄,唐纳德·特朗普,2024-09-19,0.002684
盖尔辛格,感到不满,英特尔,2024-12-03,0.002683
盖尔辛格,感到不满,英特尔,2024-12-03,0.002683
美国,攻击,华为,2024-11-04,0.002683
哈里斯,担忧,特朗普,2024-09-10,0.002683
科泰管理公司,主导,英伟达,2024-09-01,0.002681
路透社,主导,拜登政府,2025-01-13,0.002681
特朗普,主导,选举夜派对,2024-11-05,0.002680
《自由时报》,增进,台积电,2024-11-09,0.002671
唐纳德·特朗普,认为恐怖,台湾,2024-07-30,0.002671
莫瑞斯·昌,认为优秀,台积电,2024-06-03,0.002671
唐纳德·特朗普,认为有危机,中国,2025-01-13,0.002666
特朗普,认为可靠,马来西亚沙捞越,2024-12-27,0.002663
拜登政府,认为非法,美国,2024-11-02,0.002661
拜登政府,认为非法,美国,2024-11-02,0.002661
Jim Cramer,认为优秀,谷歌,2024-10-31,0.002661
习近平,喜欢,美国,2024-11-29,0.002659
特朗普政府,支持,华为,2024-10-31,0.002659
唐纳德·特朗普,认为优秀,台湾主,2024-12-03,0.002659
中国,感谢,美国,2024-12-02,0.002657
投资者,主导,苹果,2024-09-05,0.002656
台湾经济部长,认为热情,特朗普,2024-11-07,0.002656
彭博新闻社,主导,美国,2024-11-06,0.002656
中央通讯社（CNA）,认为可靠,台积电,2024-11-03,0.002655
唐纳德·特朗普,损害,美国,2024-11-05,0.002655
唐纳德·特朗普,损害,美国,2024-11-05,0.002655
美国,担忧,台湾,2024-12-03,0.002654
美国,担忧,台湾,2024-12-03,0.002654
美国,担忧,台湾,2024-12-03,0.002654
路透社,认为有危机,三星,2024-10-06,0.002653
路透社,认为有危机,三星,2024-10-06,0.002653
路透社,认为有危机,三星,2024-10-06,0.002653
张忠谋,质疑,美国,2024-10-27,0.002651
唐纳德·特朗普总统,担忧,台湾,2024-11-15,0.002640
唐纳德·特朗普总统,担忧,台湾,2024-11-15,0.002640
台积公司(TSMC),认为失败,美国,2024-11-13,0.002636
美国,认为非法,Hindenburg,2024-09-26,0.002636
埃隆·马斯克,认为有危机,中国,2024-12-26,0.002635
美国,威胁,华为,2024-10-31,0.002634
美国,威胁,华为,2024-10-31,0.002634
唐纳德·特朗普,攻击,台湾,2024-11-05,0.002629
唐纳德·特朗普,攻击,台湾,2024-11-05,0.002629
特朗普政府,感到不满,英伟达,2024-11-19,0.002628
唐纳德·特朗普,攻击,台湾,2024-12-03,0.002622
唐纳德·特朗普,攻击,台湾,2024-12-03,0.002622
唐纳德·特朗普,攻击,台湾,2024-12-03,0.002622
美国,认为失败,美国,2024-10-30,0.002621
投资者,增进,台积电,2024-11-29,0.002621
埃隆·马斯克,认为有危机,特斯拉,2024-12-25,0.002615
丹尼尔·埃夫斯,视作英雄,唐纳德·特朗普,2025-01-02,0.002614
基辛格,认可,英特尔,2024-11-13,0.002612
特朗普再次当选总统,主导,美国,2024-11-09,0.002611
美国,担忧,美国,2024-10-30,0.002611
唐纳德·特朗普总统,威胁,台湾,2024-11-15,0.002600
唐纳德·特朗普总统,威胁,台湾,2024-11-15,0.002600
唐纳德·特朗普总统,威胁,台湾,2024-11-15,0.002600
唐纳德·特朗普总统,威胁,台湾,2024-11-15,0.002600
唐纳德·特朗普总统,威胁,台湾,2024-11-15,0.002600
唐纳德·特朗普总统,威胁,台湾,2024-11-15,0.002600
丹·伊夫斯,视作英雄,特朗普,2024-11-10,0.002599
唐纳德·特朗普,损害,美国,2024-11-15,0.002599
唐纳德·特朗普,损害,美国,2024-11-15,0.002599
唐纳德·特朗普,损害,美国,2024-11-15,0.002599
唐纳德·特朗普,损害,美国,2024-11-15,0.002599
波森,担忧,特朗普,2024-11-06,0.002597
波森,担忧,特朗普,2024-11-06,0.002597
美国,视作英雄,唐纳德·特朗普,2024-11-20,0.002596
路透社,认为有威胁,华为,2024-10-31,0.002592
共和党,视作英雄,特朗普,2024-07-18,0.002591
华盛顿,认为恐怖,中国,2024-11-07,0.002589
联发科,感到满意,三星,2024-09-15,0.002587
美国,认可,中国,2024-11-06,0.002581
中央通讯社（CNA）,相信,台积电,2024-11-03,0.002580
唐纳德・特朗普,认为非法,美国,2024-10-30,0.002579
唐纳德·特朗普,增进,半导体,2024-07-29,0.002578
唐纳德·特朗普,增进,半导体,2024-07-29,0.002578
华为创始人,担忧,美国,2024-10-31,0.002577
华为创始人,担忧,美国,2024-10-31,0.002577
John Vinh,认为有成就,英伟达,2024-10-13,0.002575
美国,认为有威胁,苹果,2024-11-30,0.002575
美国,视作英雄,唐纳德·特朗普,2024-11-15,0.002573
卡玛拉·哈里斯,认为失败,唐纳德·特朗普,2024-11-05,0.002572
唐纳,质疑,台湾,2024-12-03,0.002569
马继华,感到不满,台积电,2024-11-10,0.002567
鲁比奥,担忧,特朗普,2024-11-12,0.002564
唐纳德·特朗普总统,认为非法,美国,2024-11-15,0.002558
唐纳德·特朗普总统,认为非法,美国,2024-11-15,0.002558
乔·拜登政府,认为有威胁,美国,2024-12-03,0.002556
克里斯托夫·福科,认为可靠,美国,2024-11-05,0.002550
彼得·蒂尔,欣赏,特朗普,2024-11-18,0.002548
彼得·蒂尔,欣赏,特朗普,2024-11-18,0.002548
彼得·蒂尔,欣赏,特朗普,2024-11-18,0.002548
汪阳,质疑,特朗普,2024-11-05,0.002544
汪阳,质疑,特朗普,2024-11-05,0.002544
汪阳,质疑,特朗普,2024-11-05,0.002544
汪阳,质疑,特朗普,2024-11-05,0.002544
路透社,认为失败,三星,2024-08-27,0.002540
美国,质疑,Alphabet,2024-11-25,0.002534
克里斯托夫·福凯,质疑,美国,2024-11-13,0.002532
霍华德·马克斯,质疑,美国,2024-11-24,0.002528
美国,认为优秀,微软,2024-11-19,0.002525
市场研究公司IDC,担忧,台积电,2024-12-28,0.002525
埃隆·马斯克,欢迎,习近平,2024-10-26,0.002519
微软,主导,Q1电话会议,2024-11-04,0.002515
特朗普,欣赏,《芯片和科学法案》,2024-11-05,0.002514
特朗普,欣赏,《芯片和科学法案》,2024-11-05,0.002514
特朗普,欣赏,《芯片和科学法案》,2024-11-05,0.002514
J.T.黄,主导,SK海力士,2024-12-31,0.002512
J.T.黄,主导,SK海力士,2024-12-31,0.002512
埃迪松·李,质疑,特朗普,2024-11-15,0.002511
伍德,认为可靠,特斯拉,2024-11-29,0.002509
美国,主导,谷歌出售Chrome,2024-09-06,0.002509
美国,认可,英伟达,2024-11-18,0.002508
美国,认可,英伟达,2024-11-18,0.002508
美国,认可,英伟达,2024-11-18,0.002508
美国,认可,英伟达,2024-11-18,0.002508
美国,认可,英伟达,2024-11-18,0.002508
美国,认可,英伟达,2024-11-18,0.002508
唐纳德·特朗普,攻击,台湾,2024-12-02,0.002505
彼得森国际经济研究所,担忧,特朗普,2024-11-06,0.002504
彼得森国际经济研究所,担忧,特朗普,2024-11-06,0.002504
彼得森国际经济研究所,担忧,特朗普,2024-11-06,0.002504
彼得森国际经济研究所,担忧,特朗普,2024-11-06,0.002504
拜登-哈里斯政府,主导,美国,2024-10-15,0.002502
拜登-哈里斯政府,主导,美国,2024-10-15,0.002502
华盛顿,质疑,北京,2024-11-20,0.002502
克里斯托夫·福奎特,质疑,美国,2024-11-13,0.002500
唐纳德·特朗普,认为违规,美国,2024-11-15,0.002492
唐纳德·特朗普,认为违规,美国,2024-11-15,0.002492
唐纳德·特朗普,认为违规,美国,2024-11-15,0.002492
唐纳德·特朗普,认为违规,美国,2024-11-15,0.002492
唐纳德·特朗普,认为违规,美国,2024-11-15,0.002492
唐纳德·特朗普,认为违规,美国,2024-11-15,0.002492
台湾经济部长,认为缺乏,特朗普,2024-11-07,0.002491
白宫,视作英雄,唐纳德·特朗普,2024-11-19,0.002488
唐纳德·特朗普,增进,半导体,2024-11-12,0.002486
帕特·盖尔辛格,认可,美国,2024-10-02,0.002486
《芯片法案》,批评,台积电,2024-11-10,0.002485
《芯片法案》,批评,台积电,2024-11-10,0.002485
美国,认为优秀,台积公司,2024-11-13,0.002484
美国,认为优秀,台积公司,2024-11-13,0.002484
盖尔辛格,认为有威胁,台湾,2024-10-30,0.002475
伊朗最高领袖,认为非法,以色列,2024-11-02,0.002474
库克,质疑,苹果,2024-10-26,0.002473
杰夫·贝索斯,认为违规,美国,2024-11-09,0.002470
特朗普,相信,政府,2024-12-25,0.002469
埃隆·马斯克,认为违规,中国,2024-12-27,0.002468
埃隆·马斯克,认为违规,中国,2024-12-27,0.002468
黄仁勋,认为有成就,英伟达,2024-08-06,0.002467
朱凤莲,认为非法,美国,2024-11-11,0.002465
白宫,欢迎,拜登总统,2024-10-02,0.002464
唐纳德·特朗普,增进,半导体,2024-11-09,0.002462
詹森·霍尔,认为优秀,三星,2025-01-10,0.002460
特朗普,认为有危机,台湾,2024-11-15,0.002460
特朗普,认为有危机,台湾,2024-11-15,0.002460
美国,视作英雄,唐纳德·特朗普总统,2025-01-15,0.002458
石岛宏,认为非法,美国,2024-09-01,0.002457
唐纳德·特朗普,感到不满,台湾主,2024-12-03,0.002455
克里斯托夫·福凯,认可,美国,2024-11-13,0.002454
《金融时报》,相信,华为,2024-10-22,0.002454
台湾政府,损害,台积电,2024-11-04,0.002449
台湾政府,损害,台积电,2024-11-04,0.002449
台湾政府,损害,台积电,2024-11-04,0.002449
唐纳德・特朗普,担忧,美国,2024-10-30,0.002447
Dan Ives,认为优秀,微软,2024-10-30,0.002446
美国,视作英雄,特朗普,2024-12-26,0.002446
美国,支持,华为,2024-10-31,0.002445
埃隆·马斯克,认为失败,英伟达,2024-09-18,0.002443
伍德,认为有成就,特斯拉,2024-11-29,0.002442
埃隆·马斯克,认为有危机,特斯拉,2025-01-10,0.002441
帕特·盖尔辛格,认为优秀,英特尔,2025-01-01,0.002439
贝佐斯,增进,美国,2024-11-09,0.002437
贝佐斯,增进,美国,2024-11-09,0.002437
中国,认为优秀,美国,2024-09-28,0.002430
中国,认为优秀,美国,2024-09-28,0.002430
美国,认为有威胁,中国,2024-09-10,0.002430
市场研究公司IDC,认为缺乏,台积电,2024-12-28,0.002429
Phelix Lee,批评,台积电,2024-11-11,0.002429
习近平,增进,美国,2024-11-29,0.002429
台积电,认为有成就,创新,2024-09-27,0.002427
台积电,认为有成就,创新,2024-09-27,0.002427
美国,质疑,Alphabet,2024-10-22,0.002423
华盛顿,威胁,中国,2024-11-13,0.002423
美国,认为非法,美国,2024-10-30,0.002422
《台北时报》,损害,台积电,2024-11-09,0.002419
共和党参议院,视作英雄,特朗普,2024-11-05,0.002416
JW Kuo,担忧,特朗普,2024-11-09,0.002415
特朗普,认为有危机,台湾,2024-11-13,0.002412
美国,主导,新一轮出口管制,2024-11-10,0.002411
美联储官员,认为有暴力,台积电,2024-07-19,0.002410
唐纳,认为有威胁,台湾,2024-12-03,0.002407
埃隆·马斯克,认为有危机,特斯拉,2024-11-09,0.002406
投资人,感到满意,台积电,2024-11-05,0.002403
克里斯托夫·福奎特,认可,美国,2024-11-13,0.002400
埃隆·马斯克,支持,美国,2024-11-15,0.002398
埃隆·马斯克,支持,美国,2024-11-15,0.002398
埃隆·马斯克,支持,美国,2024-11-15,0.002398
埃隆·马斯克,支持,美国,2024-11-15,0.002398
唐纳德·特朗普,主导,《乔·罗根体验》,2024-11-14,0.002397
美国,认可,Alphabet,2024-11-25,0.002392
台积电,认可,数据中心,2024-09-27,0.002392
杰米·戴蒙,主导,摩根大通,2024-12-02,0.002392
中国,认可,台湾,2025-01-14,0.002389
中国,认可,台湾,2025-01-14,0.002389
中国,认可,台湾,2025-01-14,0.002389
中国,认可,台湾,2024-11-14,0.002389
马斯克,感谢,黄仁勋,2024-09-16,0.002388
陈俊哲,主导,台积公司,2024-10-27,0.002388
贾西,质疑,亚马逊,2024-11-04,0.002387
特斯拉公司,视作英雄,Keller,2024-12-02,0.002387
池泰完,认为有成就,英伟达,2024-11-03,0.002386
美国,视作英雄,特朗普,2024-12-27,0.002381
华盛顿,认为有危机,阿联酋,2024-09-22,0.002378
共和党,视作英雄,唐纳德·特朗普,2024-10-19,0.002377
共和党,视作英雄,唐纳德·特朗普,2024-10-19,0.002377
共和党,视作英雄,唐纳德·特朗普,2024-10-19,0.002377
共和党,视作英雄,唐纳德·特朗普,2024-10-19,0.002377
美光科技（MU.O）,担忧,三星,2024-10-06,0.002377
杰西·利文森,认为犯罪,特斯拉,2024-11-01,0.002376
英伟达,感到不满,白宫,2025-01-13,0.002376
帕特·基辛格,认为有威胁,英特尔,2024-12-02,0.002374
当地立法者,质疑,台积电,2024-11-12,0.002371
华盛顿,质疑,拜登政府,2025-01-13,0.002367
美国,视作英雄,特朗普,2024-11-07,0.002366
美国,视作英雄,特朗普,2024-11-07,0.002366
美国,视作英雄,特朗普,2024-11-07,0.002366
美国,视作英雄,特朗普,2024-11-07,0.002366
美国,视作英雄,特朗普,2024-11-07,0.002366
唐纳德·特朗普,认为有危机,台湾,2024-11-15,0.002362
唐纳德·特朗普,认为有危机,台湾,2024-11-15,0.002362
唐纳德·特朗普,认为有危机,台湾,2024-11-15,0.002362
唐纳德·特朗普,认为有危机,台湾,2024-11-15,0.002362
唐纳德·特朗普,认为有危机,台湾,2024-11-15,0.002362
台湾总统办公室,认为可靠,台湾,2024-12-02,0.002362
特朗普,损害,美国,2024-12-25,0.002360
帕特·盖尔辛格,担忧,美国,2024-06-03,0.002360
沃伦·巴菲特,质疑,Blackwell,2024-11-14,0.002359
台积公司,增进,美国,2024-11-09,0.002357
台积公司,增进,美国,2024-11-09,0.002357
台积公司,增进,美国,2024-11-09,0.002357
台湾公司,威胁,美国,2024-11-15,0.002357
施耐德,认为可靠,英伟达,2025-01-11,0.002355
皮特森国际经济研究所,担忧,特朗普,2024-11-06,0.002354
杰夫·贝索斯,认为失败,美国,2024-11-09,0.002353
共和党,视作英雄,唐纳德·特朗普,2024-09-18,0.002352
丰田,主导,新芯片园区,2024-09-01,0.002350
美国,主导,普遍关税计划,2025-01-06,0.002349
高盛,支持,美国,2024-11-02,0.002347
路透社,质疑,华为,2024-10-21,0.002343
特朗普,欣赏,《芯片与科学法案》,2024-11-05,0.002341
汪阳,认为优秀,特朗普,2024-11-05,0.002335
白宫,认为有威胁,中国,2024-07-17,0.002335
台湾,担忧,中国,2024-11-07,0.002334
郭建宏,认为优秀,特朗普总统,2025-01-14,0.002333
唐纳德·特朗普,质疑,CHIPS法案,2024-11-24,0.002330
特朗普,认为犯罪,美国,2024-11-15,0.002330
特朗普政府,视作英雄,乔·拉戈,2024-11-06,0.002324
特朗普总统,认为非法,《芯片和科学法案》,2024-11-15,0.002317
美国,认为有危机,华为,2024-10-31,0.002314
美国,主导,《芯片和科学法案》,2024-10-16,0.002312
美国,主导,《芯片和科学法案》,2024-10-16,0.002312
美国,主导,《芯片和科学法案》,2024-10-16,0.002312
中国,认为有威胁,赖清德,2025-01-16,0.002312
共和党,视作英雄,唐纳德·特朗普,2024-07-16,0.002311
唐纳德・特朗普,威胁,美国,2024-10-30,0.002310
拜登政府,主导,《芯片和科学法案》,2024-11-06,0.002310
拜登政府,主导,《芯片和科学法案》,2024-11-06,0.002310
《金融时报》,批评,台积电,2024-10-22,0.002310
民主党,威胁,华为,2024-10-31,0.002307
台湾外交部,认为可靠,中国,2024-11-07,0.002306
亚当·普森,认可,特朗普,2024-11-06,0.002305
亚当·普森,认可,特朗普,2024-11-06,0.002305
埃隆·马斯克,认为违规,中国,2024-12-26,0.002304
美国,主导,《芯片和科学法案》,2024-09-18,0.002303
美国,主导,《芯片和科学法案》,2024-10-18,0.002303
台湾经济部长,视作英雄,特朗普,2024-11-09,0.002303
美国,视作英雄,唐纳德·特朗普,2025-01-13,0.002300
特朗普政府,认为违规,美国,2024-11-10,0.002297
特朗普政府,认为违规,美国,2024-11-10,0.002297
特朗普政府,认为违规,美国,2024-11-10,0.002297
特朗普政府,认为违规,美国,2024-11-10,0.002297
特朗普政府,认为违规,美国,2024-11-10,0.002297
特朗普政府,认为违规,美国,2024-11-10,0.002297
特朗普政府,认为违规,美国,2024-11-10,0.002297
特朗普政府,认为违规,美国,2024-11-10,0.002297
特朗普政府,认为违规,美国,2024-11-10,0.002297
克里斯托夫·福奎特,认为有威胁,美国,2024-11-13,0.002296
詹森·黄,主导,NVIDIA,2024-11-11,0.002296
台湾经济部长,欢迎,特朗普,2024-11-07,0.002294
以色列,威胁,伊朗,2024-11-02,0.002291
以色列,威胁,伊朗,2024-11-02,0.002291
华盛顿分析团队,相信,特朗普,2024-11-19,0.002290
拜登政府,主导,《芯片和科学法案》,2024-11-05,0.002286
《华尔街日报》,认可,华为,2024-08-12,0.002286
俄罗斯总统,视作英雄,习近平,2024-10-26,0.002283
俄罗斯总统,视作英雄,习近平,2024-10-26,0.002283
迈克·瓦尔兹,认为有威胁,中国,2024-11-12,0.002283
林次郎,认为可靠,台湾,2024-09-01,0.002282
杰西·利文森,认为违规,特斯拉,2024-11-01,0.002281
史蒂夫·洛赫,威胁,特朗普,2024-12-01,0.002279
美国,主导,限制第二大经济体,2024-09-01,0.002279
Jim Cramer,质疑,Alphabet,2024-11-04,0.002276
台积电,增进,芯片制造能力,2024-10-31,0.002270
伊朗最高领袖,担忧,以色列,2024-11-02,0.002269
伊朗最高领袖,担忧,以色列,2024-11-02,0.002269
黄仁勋,视作英雄,特朗普总统,2024-11-24,0.002261
乔·罗根,认为非法,美国,2024-12-25,0.002260
泰德·克鲁兹,担忧,拜登,2025-01-13,0.002259
Dan Ives,认为可靠,特斯拉,2025-01-01,0.002246
英伟达,质疑,白宫,2025-01-13,0.002242
唐纳德·特朗普,认为犯罪,哈里斯,2024-10-18,0.002242
美国,主导,《芯片与科学法案》,2024-08-20,0.002241
霍尔,主导,英伟达,2024-10-26,0.002241
埃隆·马斯克,认为犯罪,中国,2024-12-27,0.002239
埃隆·马斯克,认为犯罪,中国,2024-12-27,0.002239
唐纳德·特朗普,欣赏,《芯片法案》,2024-11-06,0.002239
唐纳德·特朗普,欣赏,《芯片法案》,2024-11-06,0.002239
唐纳德·特朗普,欣赏,《芯片法案》,2024-11-06,0.002239
唐纳德·特朗普,欣赏,《芯片法案》,2024-11-06,0.002239
特朗普,攻击,中国,2024-11-07,0.002236
台湾经济部门,支持,台积电,2024-11-11,0.002234
丹·伊夫斯,质疑,特朗普,2024-11-10,0.002228
英特尔,主导,第三方晶圆代工业务,2024-10-06,0.002225
英特尔,主导,第三方晶圆代工业务,2024-10-06,0.002225
卡西·伍德,认为优秀,特斯拉,2024-11-09,0.002225
特朗普,损害,美国,2024-11-13,0.002224
唐纳德·特朗普,认为违规,台湾,2024-11-11,0.002221
唐纳德·特朗普,认为违规,台湾,2024-11-11,0.002221
唐纳德·特朗普,认为违规,台湾,2024-11-11,0.002221
拜登政府,主导,《芯片和科学法案》,2024-11-18,0.002220
乔·罗根,认为有威胁,台湾,2024-11-05,0.002220
杰罗姆·鲍威尔,相信,美联储,2024-11-17,0.002219
杰罗姆·鲍威尔,相信,美联储,2024-11-17,0.002219
美国,威胁,台湾,2024-12-03,0.002218
Lori Huang,主导,英伟达,2024-12-02,0.002217
马克·贝尼奥夫,认可,微软,2024-10-26,0.002215
CNBC,质疑,富士康,2025-01-06,0.002212
特朗普政府,认为有威胁,中国,2025-01-13,0.002206
中国,质疑,半导体,2024-09-30,0.002204
雷蒙多,认为有威胁,美国,2024-11-14,0.002204
亚当·波森,主导,《芯片和科学法案》,2024-11-06,0.002204
新加坡,主导,晶圆厂,2024-06-04,0.002200
美国,主导,TSMC,2024-10-22,0.002200
日本,视作英雄,唐纳德·特朗普,2024-11-12,0.002195
华纳参议员,主导,拜登政府,2024-10-31,0.002192
半导体,认为可靠,中国,2024-11-29,0.002192
苹果公司,认可,M4 Max芯片,2024-11-03,0.002189
英伟达,认为有威胁,中国,2024-09-28,0.002183
美国,认可,台湾积电,2024-10-27,0.002183
拜登政府,主导,《芯片与科学法案》,2024-11-06,0.002183
美国,视作英雄,唐纳德·特朗普,2024-11-12,0.002181
美国,视作英雄,唐纳德·特朗普,2024-11-12,0.002181
基辛格,主导,IDM 2.0战略,2024-08-04,0.002180
莫瑞斯·昌,认可,台积电,2024-06-03,0.002179
乔·拜登,支持,台湾,2024-11-07,0.002179
黄仁勋,认为有成就,英伟达,2025-01-10,0.002178
黄仁勋,认为有成就,英伟达,2025-01-10,0.002178
唐纳德·特朗普,认为违规,台湾,2024-11-15,0.002177
唐纳德·特朗普,认为违规,台湾,2024-11-15,0.002177
唐纳德·特朗普,认为违规,台湾,2024-11-15,0.002177
唐纳德·特朗普,认为违规,台湾,2024-11-15,0.002177
中国,认为违规,赖清德,2025-01-16,0.002177
民主党,认为有威胁,美国,2024-10-31,0.002175
英特尔,质疑,盖尔辛格,2024-10-29,0.002174
美国,认为有威胁,华为,2024-10-23,0.002169
英伟达,质疑,拜登政府,2025-01-13,0.002169
内德·费克林,质疑,特朗普,2025-01-13,0.002167
美国,主导,ASML,2024-06-02,0.002163
前总统,威胁,中国,2024-07-16,0.002162
李民熙,认为有威胁,特朗普,2024-11-12,0.002161
民主党,主导,《芯片法案》,2024-11-05,0.002156
亚当·波森,认为缺乏,特朗普,2024-11-06,0.002154
亚当·波森,认为缺乏,特朗普,2024-11-06,0.002154
亚当·波森,认为缺乏,特朗普,2024-11-06,0.002154
唐纳德·特朗普,视作英雄,卡玛拉·哈里斯,2024-11-05,0.002154
唐纳德·特朗普,视作英雄,卡玛拉·哈里斯,2024-11-05,0.002154
唐纳德·特朗普,视作英雄,卡玛拉·哈里斯,2024-11-05,0.002154
唐纳德·特朗普,视作英雄,卡玛拉·哈里斯,2024-11-05,0.002154
唐纳德·特朗普,视作英雄,卡玛拉·哈里斯,2024-11-05,0.002154
沙弗,认为有成就,英伟达,2024-11-14,0.002153
美国,视作英雄,唐纳德·特朗普,2024-12-26,0.002152
美国,主导,贸易战,2025-01-10,0.002150
拜登,认可,《芯片和科学法案》,2024-11-06,0.002150
台湾中央银行,认为热情,美国,2024-11-13,0.002149
特朗普政府,欣赏,美国,2024-11-10,0.002148
特朗普政府,欣赏,美国,2024-11-10,0.002148
当地立法者,认为优秀,台积电,2024-11-12,0.002147
彭博社,认为优秀,三星,2024-08-08,0.002146
拜登总统,感到不满,《芯片和科学法案》,2024-11-15,0.002142
佛罗里达州共和党,认为可靠,中国,2024-11-12,0.002140
路透社,认可,三星,2024-10-06,0.002139
路透社,认可,三星,2024-10-06,0.002139
路透社,认可,三星,2024-10-06,0.002139
马斯克,威胁,史蒂夫·乔布斯,2024-06-03,0.002138
马斯克,威胁,史蒂夫·乔布斯,2024-06-03,0.002138
英特尔,欢迎,摩根士丹利,2024-08-26,0.002135
英特尔,欢迎,摩根士丹利,2024-08-26,0.002135
中国,支持,美国,2025-01-10,0.002135
唐纳德·特朗普,支持,拜登政府,2025-01-09,0.002132
美国,认可,高通,2024-09-22,0.002130
乔·拜登政府,视作英雄,唐纳德·特朗普,2024-12-11,0.002130
Adobe,视作英雄,唐纳德·特朗普总统,2024-11-15,0.002130
Adobe,视作英雄,唐纳德·特朗普总统,2024-11-15,0.002130
Adobe,视作英雄,唐纳德·特朗普总统,2024-11-15,0.002130
黄仁勋,认为可靠,运营商,2024-10-01,0.002129
哈梅内,认为有危机,伊朗,2024-11-02,0.002128
川普,主导,提高墨西哥关税,2024-11-28,0.002127
帕特·盖尔辛格,认可,英特尔,2024-10-29,0.002125
路透社,认为有成就,英特尔,2024-11-29,0.002125
英伟达,威胁,美国,2025-01-13,0.002117
路透社,认为非法,美国,2024-11-13,0.002117
路透社,认为非法,美国,2024-11-13,0.002117
路透社,认为非法,美国,2024-11-13,0.002117
迈克·约翰逊,质疑,共和党,2024-11-06,0.002116
迈克·约翰逊,质疑,共和党,2024-11-06,0.002116
美国,认为优秀,台积公司,2024-11-29,0.002115
美国,认为优秀,台积公司,2024-11-29,0.002115
拜登,质疑,《芯片法案》,2024-11-14,0.002115
台积电,认为有威胁,网络攻击,2024-10-23,0.002113
拜登政府,主导,《芯片与科学法案》,2024-11-05,0.002110
马斯克,质疑,黄仁勋,2024-11-17,0.002110
《日本时报》,认为优秀,美国,2024-11-12,0.002108
扎克伯格,感到满意,黄仁勋,2024-11-24,0.002106
扎克伯格,感到满意,黄仁勋,2024-11-24,0.002106
扎克伯格,感到满意,黄仁勋,2024-11-24,0.002106
CNBC,认为有成就,英伟达,2024-09-18,0.002106
特朗普政府,支持,华为,2024-11-28,0.002106
吴志中,认为可靠,美国,2024-11-07,0.002106
埃里克·施密特,认为可靠,英伟达,2024-08-14,0.002104
特朗普,增进,英伟达,2024-08-06,0.002101
美国,主导,《芯片与科学法案》,2024-10-16,0.002099
美国,主导,《芯片与科学法案》,2024-10-16,0.002099
《金融时报》,批评,台积电,2024-11-07,0.002096
《金融时报》,批评,台积电,2024-11-07,0.002096
台湾经济部长,视作英雄,特朗普,2024-11-07,0.002096
帕特·盖尔辛格,认为有威胁,台湾,2024-10-30,0.002093
帕特·盖尔辛格,认为有威胁,台湾,2024-10-30,0.002093
唐纳德·特朗普,攻击,台湾,2024-10-21,0.002092
埃隆·马斯克,主导,OpenAI,2024-10-29,0.002092
美国,视作英雄,唐纳德·特朗普,2024-12-27,0.002091
帕特·盖尔辛格,质疑,英特尔,2024-11-24,0.002090
唐纳德·特朗普,担忧,半导体,2024-12-25,0.002089
美国,认可,英特尔,2024-09-17,0.002087
美国,认可,英特尔,2024-09-17,0.002087
迈克·瓦尔茨,认为有威胁,中国,2024-11-12,0.002085
迈克·瓦尔茨,认为有威胁,中国,2024-11-12,0.002085
伊朗最高领袖,认为恐怖,美国,2024-11-02,0.002084
帕特·基辛格,相信,英特尔,2024-09-19,0.002082
拜登政府,主导,《芯片与科学法案》,2024-11-18,0.002081
拜登政府,主导,《芯片与科学法案》,2024-11-18,0.002081
拜登政府,主导,《芯片与科学法案》,2024-11-18,0.002081
拜登政府,主导,《芯片与科学法案》,2024-11-18,0.002081
台湾,欢迎,苹果,2024-11-13,0.002081
路透社,感到不满,苹果,2024-10-27,0.002079
埃隆·马斯克,主导,联邦赤字,2024-11-18,0.002078
伊朗,视作英雄,哈梅内,2024-11-02,0.002078
瑞银,认可,美国,2024-10-14,0.002077
瑞银,认可,美国,2024-10-14,0.002077
特朗普总统,攻击,美国,2024-11-10,0.002077
台湾外交部,相信,中国,2024-11-07,0.002076
路透社,认为有成就,英特尔,2024-10-30,0.002075
路透社,认为有成就,英特尔,2024-10-30,0.002075
埃隆·马斯克,认为犯罪,中国,2024-12-26,0.002075
迈克·瓦尔兹,担忧,中国,2024-11-12,0.002074
美国,视作英雄,特朗普总统,2024-12-27,0.002073
帕特·基辛格,质疑,英特尔,2024-11-29,0.002072
美国,质疑,《芯片法案》,2024-11-14,0.002071
美国,感到不满,英特尔,2024-11-27,0.002069
唐纳德·特朗普,攻击,台湾,2024-11-11,0.002069
唐纳德·特朗普,攻击,台湾,2024-11-11,0.002069
唐纳德·特朗普,攻击,台湾,2024-11-11,0.002069
唐纳德·特朗普,攻击,台湾,2024-11-11,0.002069
基辛格,认为有威胁,英特尔,2024-12-02,0.002068
基辛格,担忧,英特尔,2024-11-29,0.002067
克里斯托夫·福克特,认为有威胁,美国,2024-11-13,0.002067
《金融时报》,批评,台积电,2024-11-09,0.002066
特朗普,攻击,中国,2024-11-27,0.002064
特朗普,攻击,中国,2024-11-27,0.002064
汪阳,认可,特朗普,2024-11-05,0.002063
汪阳,认可,特朗普,2024-11-05,0.002063
汪阳,认可,特朗普,2024-11-05,0.002063
汪阳,认可,特朗普,2024-11-05,0.002063
伊朗最高领袖,担忧,美国,2024-11-02,0.002063
彭博社,认可,唐纳德·特朗普,2024-11-17,0.002060
特朗普,担忧,《芯片法案》,2024-11-10,0.002057
亚当·波森,认为失败,特朗普,2024-11-06,0.002051
亚当·波森,认为失败,特朗普,2024-11-06,0.002051
帕特·基辛格,质疑,英特尔,2024-11-13,0.002051
美国,支持,华为,2024-10-27,0.002050
美国,支持,华为,2024-10-27,0.002050
路透社,认为有成就,英特尔,2024-09-19,0.002049
埃迪松·李,担忧,特朗普,2024-11-15,0.002049
总统特朗普,认可,《芯片与科学法案》,2024-11-05,0.002048
唐纳德·特朗普,认为犯罪,美国,2024-11-15,0.002048
唐纳德·特朗普,认为犯罪,美国,2024-11-15,0.002048
唐纳德·特朗普,认为犯罪,美国,2024-11-15,0.002048
唐纳德·特朗普,认为犯罪,美国,2024-11-15,0.002048
高通公司,认为优秀,英特尔,2024-12-03,0.002047
高通公司,认为优秀,英特尔,2024-12-03,0.002047
高通公司,认为优秀,英特尔,2024-12-03,0.002047
美国,质疑,英特尔,2024-09-17,0.002046
唐纳德·特朗普,主导,人工智能竞赛,2024-09-10,0.002046
台湾经济部长,认为缺乏,特朗普,2024-11-09,0.002044
乔·罗根,认为恐怖,特朗普,2024-11-05,0.002043
中国芯片制造商,认为缺乏,唐纳德·特朗普总统,2024-11-12,0.002039
美国,担忧,中国,2024-11-06,0.002038
法比安·志中·吴,认为优秀,唐纳德·特朗普,2024-11-07,0.002037
北京,主导,中非合作论坛峰会,2024-08-31,0.002035
北京,主导,中非合作论坛峰会,2024-08-31,0.002035
北京,主导,中非合作论坛峰会,2024-08-31,0.002035
唐·克拉克,认为非法,英特尔,2024-12-01,0.002035
台积电,增进,CoWoS产能,2024-10-20,0.002034
摩根士丹利,担忧,美国,2024-11-03,0.002034
唐纳德·特朗普,攻击,中国,2025-01-12,0.002032
特朗普,认为热情,鲍威尔,2025-01-14,0.002031
《纽约时报》,感到不满,拜登总统,2024-11-15,0.002031
日本,认为可靠,客户保护措施,2024-11-06,0.002030
Dan Ives,认为优秀,特斯拉,2025-01-01,0.002029
美国,视作英雄,唐纳德·特朗普总统,2025-01-13,0.002023
美国,攻击,墨西哥,2024-11-27,0.002023
7.4级地震,损害,台积电,2024-09-30,0.002023
当地立法者,欣赏,台积电,2024-11-12,0.002019
美联储,主导,降息,2024-06-04,0.002017
Adobe,视作英雄,唐纳德·特朗普,2024-11-15,0.002016
Adobe,视作英雄,唐纳德·特朗普,2024-11-15,0.002016
基辛格,认为优秀,英特尔,2024-12-02,0.002016
特朗普,损害,美国,2024-11-15,0.002015
特朗普,损害,美国,2024-11-15,0.002015
美国,认为可靠,台湾的贸易,2024-11-27,0.002014
《自由时报》,损害,台积电,2024-11-09,0.002013
克里斯托夫·福凯,认为有威胁,美国,2024-10-31,0.002011
克里斯托夫·福凯,认为有威胁,美国,2024-10-31,0.002011
克里斯托夫·福凯,认为有威胁,美国,2024-10-31,0.002011
中芯国际,认为非法,美国,2024-11-05,0.002008
拜登政府,认为有威胁,中国,2024-11-05,0.002007
拜登政府,认为有威胁,中国,2024-11-05,0.002007
拜登政府,认为有威胁,中国,2024-11-05,0.002007
拜登政府,认为有威胁,中国,2024-11-05,0.002007
拜登政府,认为有威胁,中国,2024-11-05,0.002007
台积公司,认为有威胁,中国,2024-07-18,0.002007
彼得·蒂尔,认为违规,特朗普,2024-11-18,0.002006
彼得·蒂尔,认为违规,特朗普,2024-11-18,0.002006
亚当·波森,认为热情,特朗普,2024-11-06,0.002006
台湾外交部,认为有成就,中国,2024-11-07,0.002003
安杰洛·津诺,感到不满,特朗普政府,2024-11-19,0.002001
台积电,质疑,数据中心,2024-09-27,0.002000
美国,主导,新的出口管制,2025-01-10,0.002000
马可·鲁比奥,担忧,特朗普,2024-11-12,0.001997
吉姆·克拉默,质疑,英伟达,2024-09-04,0.001995
李在镕,认为有危机,三星,2024-10-07,0.001995
帕特·基辛格,视作英雄,拜登总统,2024-11-25,0.001994
台湾经济部长,质疑,特朗普,2024-11-07,0.001990
美国,支持,任天堂,2025-01-02,0.001990
Greg Noh,质疑,特朗普,2024-11-12,0.001985
帕特·格尔辛格,认为有威胁,美国,2024-12-03,0.001983
美国,支持,亚马逊,2024-11-05,0.001981
贾西,质疑,亚马逊,2024-10-31,0.001981
唐纳德・特朗普,认为有危机,台湾,2024-10-30,0.001980
台积电,认为有成就,数据中心,2024-09-27,0.001980
埃隆·马斯克,威胁,史蒂夫·乔布斯,2024-06-03,0.001980
埃隆·马斯克,威胁,史蒂夫·乔布斯,2024-06-03,0.001980
埃隆·马斯克,威胁,史蒂夫·乔布斯,2024-06-03,0.001980
埃隆·马斯克,威胁,史蒂夫·乔布斯,2024-06-03,0.001980
贾森·黄,认为可靠,特斯拉,2024-06-03,0.001980
丽莎·苏,相信,微软,2024-11-13,0.001980
杰西·利文森,威胁,特斯拉,2024-11-01,0.001979
林次郎,质疑,特朗普,2024-09-01,0.001978
朗普,担忧,美国,2024-09-10,0.001977
唐纳德·特朗普,认为违规,《芯片与科学法案》,2024-11-05,0.001977
唐纳德·特朗普,认为违规,《芯片与科学法案》,2024-11-05,0.001977
台湾公司,认为违规,美国,2024-11-15,0.001976
前总统,认为有威胁,英伟达,2024-10-02,0.001976
马克·华纳,感到满意,拜登政府,2024-10-30,0.001975
唐·克拉克,威胁,特朗普,2024-12-01,0.001974
陈俊哲,认为有成就,台积公司,2024-10-27,0.001970
哈梅内,认为违规,伊朗,2024-11-02,0.001969
美国,认为有威胁,台湾,2024-11-15,0.001967
美国,认为有威胁,台湾,2024-11-15,0.001967
美国,认为有威胁,台湾,2024-11-15,0.001967
美国,认为有威胁,台湾,2024-11-15,0.001967
伊朗最高领袖,认为失败,以色列,2024-11-02,0.001966
美国,威胁,台湾,2024-11-05,0.001965
特朗普,攻击,台湾,2024-11-05,0.001964
特朗普,攻击,台湾,2024-11-05,0.001964
特朗普,攻击,台湾,2024-11-05,0.001964
Vivek Arya,认为可靠,英特尔,2024-10-31,0.001964
特朗普,威胁,鲍威尔,2025-01-14,0.001960
美国,认可,半导体,2024-10-23,0.001959
乔·罗根,感到不满,《芯片和科学法案》,2024-11-15,0.001958
美国,视作英雄,唐纳德·特朗普,2024-11-09,0.001957
唐纳德·特朗普,认为违规,《芯片和科学法案》,2024-11-05,0.001953
唐纳德·特朗普,认为违规,《芯片和科学法案》,2024-11-05,0.001953
唐纳德·特朗普,认为违规,《芯片和科学法案》,2024-11-05,0.001953
唐纳德·特朗普,认为违规,《芯片和科学法案》,2024-11-05,0.001953
前总统特朗普,威胁,台湾,2024-09-10,0.001951
特朗普,攻击,鲍威尔,2024-07-16,0.001951
英伟达,相信,英伟达,2024-11-24,0.001948
民主党,视作英雄,特朗普,2024-10-24,0.001948
美国,认为优秀,台积公司,2024-10-27,0.001947
中国,视作英雄,台湾,2025-01-14,0.001947
特朗普,攻击,鲍威尔,2025-01-14,0.001946
美国,视作英雄,唐纳德·特朗普,2024-10-30,0.001945
美国,视作英雄,唐纳德·特朗普,2024-10-30,0.001945
美国,视作英雄,唐纳德·特朗普,2024-11-30,0.001945
《金融时报》,认可,华为,2024-10-22,0.001943
阳基龙,担忧,美国,2024-11-13,0.001939
台湾经济部长,质疑,特朗普,2024-11-09,0.001939
台湾经济部长,质疑,特朗普,2024-11-09,0.001939
Dan Ives,认可,特斯拉,2025-01-01,0.001937
美国,视作英雄,英特尔,2024-08-04,0.001936
台积公司(TSMC),担忧,美国,2024-11-13,0.001930
台积公司(TSMC),担忧,美国,2024-11-13,0.001930
台积公司(TSMC),担忧,美国,2024-11-13,0.001930
詹森·霍尔,认可,三星,2025-01-10,0.001929
亚当·波森,认为有危机,特朗普,2024-11-06,0.001928
美国,担忧,中国,2024-11-07,0.001928
美国,认为犯罪,哈里斯,2024-10-18,0.001928
帕特·盖尔辛格,认为优秀,英特尔,2024-08-06,0.001926
卡西·伍德,认为失败,特斯拉,2024-11-09,0.001926
总统特朗普,质疑,《芯片与科学法案》,2024-11-05,0.001921
皮特森国际经济研究所,认可,特朗普,2024-11-06,0.001920
帕特·盖尔辛格,认为违规,美国,2024-06-03,0.001920
唐纳德·特朗,质疑,台湾,2024-12-03,0.001920
唐纳德·特朗普,感到不满,台湾主导美,2024-12-03,0.001919
马斯克,认可,黄仁勋,2024-10-13,0.001916
马斯克,认可,黄仁勋,2024-10-13,0.001916
特朗普政府,视作英雄,乔·罗根,2024-11-06,0.001916
路透社,视作英雄,格尔辛格尔,2024-12-09,0.001913
美国,认为有威胁,中国,2024-10-31,0.001912
高通公司,视作英雄,基辛格,2024-12-03,0.001908
特朗普,主导,芯片法案,2024-11-15,0.001907
亚当·波森,认为优秀,特朗普,2024-11-06,0.001904
亚当·波森,认为优秀,特朗普,2024-11-06,0.001904
亚当·波森,认为优秀,特朗普,2024-11-06,0.001904
前总统,认为优秀,英伟达,2024-10-02,0.001904
美国,感谢,台积公司,2024-07-10,0.001903
博通,主导,AI芯片,2024-10-02,0.001900
杰罗姆·鲍威尔,认可,美联储,2024-11-17,0.001899
杰罗姆·鲍威尔,认可,美联储,2024-11-17,0.001899
乔·罗根,认为非法,台湾,2024-11-05,0.001897
《华尔街日报》,担忧,华为,2024-08-12,0.001897
华纳参议员,感到不满,乔·拜登,2024-10-31,0.001896
英伟达,主导,NeMo微服务,2025-01-10,0.001895
白宫,视作英雄,美国,2024-11-19,0.001893
迈克·约翰逊,认为优秀,共和党,2024-11-06,0.001892
迈克·约翰逊,认为优秀,共和党,2024-11-06,0.001892
迈克·约翰逊,认为优秀,共和党,2024-11-06,0.001892
迈克·约翰逊,认为优秀,共和党,2024-11-06,0.001892
迈克·约翰逊,认为优秀,共和党,2024-11-06,0.001892
迈克·约翰逊,认为优秀,共和党,2024-11-06,0.001892
迈克·约翰逊,认为优秀,共和党,2024-11-06,0.001892
迈克·约翰逊,认为优秀,共和党,2024-11-06,0.001892
克里斯托夫·福奎特,认为失败,美国,2024-11-13,0.001890
特朗普,视作英雄,鲍威尔,2024-07-16,0.001888
马斯克,质疑,黄仁勋,2024-10-13,0.001885
日本,视作英雄,唐纳德·特朗普,2024-12-27,0.001884
哈里斯,认为违规,特朗普,2024-09-10,0.001884
Adam Posen,相信,特朗普,2024-11-06,0.001883
特朗普总统,认为非法,美法,2024-12-03,0.001883
美国,感谢,加拿大,2024-11-07,0.001880
台积电,增进,CoWoS封装产能,2024-10-26,0.001880
乔·罗根,认为有威胁,台湾,2024-12-25,0.001879
唐纳德·特朗普,攻击,中国,2025-01-13,0.001879
马继华,批评,台积电,2024-11-10,0.001879
马继华,批评,台积电,2024-11-10,0.001879
马继华,批评,台积电,2024-11-10,0.001879
马继华,批评,台积电,2024-11-10,0.001879
马继华,批评,台积电,2024-11-10,0.001879
Jackson,认为有成就,英伟达,2024-11-18,0.001878
台积电,质疑,创新,2024-09-27,0.001878
华为创始人,感谢,美国,2024-10-31,0.001876
华为创始人,感谢,美国,2024-10-31,0.001876
唐纳德·特朗普,认为违规,《芯片与科学法案》,2024-11-06,0.001876
中国,认为缺乏,台湾,2025-01-14,0.001875
克里斯托弗·米姆斯,质疑,英特尔,2025-01-07,0.001871
特朗普,担忧,半导体,2024-12-25,0.001871
特朗普,视作英雄,鲍威尔,2025-01-14,0.001870
唐纳德·特朗普,认为违规,《芯片和科学法案》,2024-11-06,0.001869
美国,认为优秀,台积公司,2024-11-26,0.001869
美国,认为优秀,台积公司,2024-11-26,0.001869
中国,欢迎,美国,2024-09-30,0.001868
《金融时报》,增进,台积电,2024-11-04,0.001866
詹森·霍尔,认为有威胁,三星,2025-01-10,0.001864
唐纳,担忧,台湾,2024-12-03,0.001863
Schafer,主导,英伟达,2024-11-14,0.001861
台湾经济部长,认可,特朗普,2024-11-09,0.001859
特朗普,损害,美国,2024-11-07,0.001859
特朗普,损害,美国,2024-11-07,0.001859
特朗普,损害,美国,2024-11-07,0.001859
特朗普,损害,美国,2024-11-07,0.001859
特朗普,损害,美国,2024-11-07,0.001859
特朗普,损害,美国,2024-11-07,0.001859
特朗普,损害,美国,2024-11-07,0.001859
特朗普,损害,美国,2024-11-07,0.001859
张忠谋,质疑,英特尔,2024-11-29,0.001859
俄罗斯总统,认可,埃隆·马斯克,2024-10-26,0.001857
唐纳德·特朗普,损害,哈里斯,2024-10-18,0.001856
唐·克拉克克,威胁,特朗普,2024-12-01,0.001855
瑞银,认为失败,美国,2024-10-14,0.001854
瑞银,认为失败,美国,2024-10-14,0.001854
特朗普,担忧,《芯片法案》,2024-11-15,0.001853
美国,认可,《芯片法案》,2024-10-29,0.001852
美国,认可,《芯片法案》,2024-10-29,0.001852
美国,认可,《芯片法案》,2024-10-29,0.001852
美国,视作英雄,英特尔,2024-08-05,0.001851
路透社,认为有威胁,三星,2024-08-27,0.001851
路透社,认为有威胁,三星,2024-08-27,0.001851
路透社,认为有威胁,三星,2024-08-27,0.001851
卡玛拉·哈里斯,认为失败,美国,2024-07-30,0.001850
维韦克·阿亚,认为非法,《芯片法案》,2024-12-02,0.001849
唐纳德·特朗普,认为犯罪,《芯片法案》,2024-11-06,0.001848
唐纳德·特朗普,认为犯罪,《芯片法案》,2024-11-06,0.001848
唐纳德·特朗普,认为犯罪,《芯片法案》,2024-11-06,0.001848
唐纳德·特朗普,认为犯罪,《芯片法案》,2024-11-06,0.001848
唐纳德·特朗普,认为犯罪,《芯片法案》,2024-11-06,0.001848
唐纳德·特朗普,认为犯罪,《芯片法案》,2024-11-06,0.001848
拜登政府,认为有威胁,中国,2024-12-02,0.001844
帕特·盖尔辛格,质疑,英特尔,2024-09-19,0.001844
台湾经济部长,担忧,特朗普,2024-11-07,0.001843
唐·克拉克,认为犯罪,英特尔,2024-12-01,0.001841
《纽约时报》,相信,拜登总统,2024-11-15,0.001840
摩根士丹利,认可,Blac,2024-10-23,0.001839
杰夫·贝索斯,认可,英伟达,2024-09-03,0.001836
杰罗姆·鲍威尔,质疑,美联储,2024-11-17,0.001836
杰罗姆·鲍威尔,质疑,美联储,2024-11-17,0.001836
中国,认为优秀,台湾,2024-11-16,0.001835
唐纳德·特朗普,主导,《乔·罗根播客》,2024-11-13,0.001835
唐纳德·特朗普,主导,《乔·罗根播客》,2024-11-13,0.001835
唐纳德·特朗普,主导,《乔·罗根播客》,2024-11-13,0.001835
乔·罗根,认为失败,台湾,2024-11-05,0.001833
阳基龙,认为非法,美国,2024-11-13,0.001832
费拉古,认为可靠,微软,2024-06-30,0.001831
帕特·盖尔辛格,主导,裁员,2024-08-01,0.001830
乔·罗根,感到不满,《芯片法案》,2024-11-15,0.001829
美国,视作英雄,唐纳德·特朗普总统,2024-11-12,0.001828
美国,视作英雄,唐纳德·特朗普总统,2024-11-12,0.001828
美国,视作英雄,唐纳德·特朗普总统,2024-11-12,0.001828
德·特朗普,认为违规,台湾,2024-12-03,0.001828
特朗普赢得选举,损害,台积电,2024-11-13,0.001827
伊朗最高领袖,认为有危机,以色列,2024-11-02,0.001826
伊朗最高领袖,认为有危机,以色列,2024-11-02,0.001826
马斯克,感到满意,黄仁勋,2024-09-16,0.001825
特朗普政府,主导,关税和税制政策,2025-01-16,0.001825
特朗普政府,认为犯罪,美国,2024-11-10,0.001824
特朗普政府,认为犯罪,美国,2024-11-10,0.001824
特朗普政府,认为犯罪,美国,2024-11-10,0.001824
《金融时报》,感到不满,中国人工智能公司,2024-10-19,0.001821
蒂姆·库克,相信,苹果,2024-10-26,0.001815
路透社,认可,三星,2024-08-27,0.001815
路透社,认可,三星,2024-08-27,0.001815
美国,认为有威胁,中国,2024-10-30,0.001815
德国德累斯顿,增进,台积电,2024-11-17,0.001813
泰勒·斯威夫特,感到不满,黄仁勋,2024-11-24,0.001813
美国,攻击,华为,2024-08-12,0.001810
唐纳德·特朗普,支持,美联储,2025-01-10,0.001810
特朗普政府,认为恐怖,美国,2024-11-10,0.001808
杰夫·金,认为优秀,三星,2024-11-27,0.001805
基辛格,认为有危机,英特尔,2024-12-02,0.001804
清水洋治,认为可靠,美国,2024-08-26,0.001803
唐纳德·特朗普,损害,中国,2024-11-12,0.001802
唐纳德·特朗普,损害,中国,2024-11-12,0.001802
唐纳德·特朗普,损害,中国,2025-01-12,0.001802
唐纳德·特朗普,损害,中国,2024-11-12,0.001802
拜登政府,认为有威胁,中国,2024-09-10,0.001801
美国,认为有威胁,中国,2025-01-12,0.001800
美国,认为有威胁,中国,2025-01-12,0.001800
美国,认为有威胁,中国,2025-01-12,0.001800
美国,支持,苹果,2024-11-30,0.001795
马斯克,欣赏,苹果,2024-11-16,0.001795
唐纳德·特朗普,认为违规,《芯片法案》,2025-01-03,0.001794
Adam Posen,认为优秀,特朗普,2024-11-06,0.001794
美国,认为有威胁,特朗普政府,2024-11-08,0.001792
美国,认为有威胁,特朗普政府,2024-11-08,0.001792
台湾经济部长,认可,特朗普,2024-11-07,0.001792
杰夫·贝索斯,认可,《华盛顿邮报》,2024-10-29,0.001790
黄仁勋,认为有成就,英伟达,2024-11-21,0.001789
台积电,增进,CoWoS产能,2024-10-23,0.001788
台积电,增进,CoWoS产能,2024-10-23,0.001788
台积电,增进,CoWoS产能,2024-10-23,0.001788
台积电,增进,CoWoS产能,2024-10-23,0.001788
台积电,增进,CoWoS产能,2024-10-23,0.001788
唐纳德·特朗普,认为有危机,《芯片与科学法案》,2024-11-06,0.001787
美国,担忧,台湾,2024-10-30,0.001787
汪阳,认为失败,特朗普,2024-11-05,0.001782
派珀·萨兰德,认为可靠,英伟达,2024-11-12,0.001782
美国,质疑,半导体,2024-10-23,0.001781
特朗普,认为恐怖,美国,2024-07-18,0.001780
马克·华纳,质疑,拜登,2024-10-30,0.001779
阿里巴巴,威胁,美国,2024-10-26,0.001779
唐纳德·特朗普,认为缺乏,《芯片与科学法案》,2024-11-06,0.001778
基辛格,主导,成本削减计划,2024-10-31,0.001775
唐纳德·特朗普,支持,Adobe,2024-11-15,0.001771
帕特·盖辛格,感到不满,英特尔,2024-12-03,0.001771
唐纳德·特朗,认为有威胁,台湾,2024-12-03,0.001771
唐纳德·特朗,认为有威胁,台湾,2024-12-03,0.001771
唐纳德·特朗,认为有威胁,台湾,2024-12-03,0.001771
迈克·沃尔茨,认为有威胁,中国,2024-11-12,0.001770
王涛,主导,半导体,2024-06-09,0.001769
唐纳德·特朗普,威胁,《芯片法案》,2024-11-12,0.001768
特朗普,主导,《乔·罗根播客》,2024-11-13,0.001768
特朗普,主导,《乔·罗根播客》,2024-11-13,0.001768
特朗普政府,认为可靠,《芯片法案》,2024-11-06,0.001768
特朗普,认为违规,《芯片与科学法案》,2024-11-05,0.001766
特朗普,认为违规,《芯片与科学法案》,2024-11-05,0.001766
特朗普,认为违规,《芯片与科学法案》,2024-11-05,0.001766
英伟达,质疑,英伟达,2024-11-24,0.001764
彭博社,质疑,特朗普,2024-11-17,0.001762
当地立法者,认为恐怖,台积电,2024-11-12,0.001761
美国,担忧,英特尔,2024-11-03,0.001759
米勒,认为有威胁,新加坡,2024-09-05,0.001757
路透社,认为优秀,华为,2024-10-27,0.001754
路透社,认为优秀,华为,2024-10-27,0.001754
路透社,认为优秀,华为,2024-10-27,0.001754
路透社,认为优秀,华为,2024-10-27,0.001754
Adobe,质疑,台湾,2024-11-15,0.001751
Adobe,质疑,台湾,2024-11-15,0.001751
特朗普,认为犯罪,台湾,2024-11-13,0.001748
台湾积电（TSM）,视作英雄,唐纳德·特朗普,2024-11-07,0.001747
台湾积电（TSM）,视作英雄,唐纳德·特朗普,2024-11-07,0.001747
摩根大通,认为有威胁,美国,2025-01-16,0.001746
扎克伯格,认为可靠,黄仁勋,2024-11-24,0.001746
扎克伯格,认为可靠,黄仁勋,2024-11-24,0.001746
扎克伯格,认为可靠,黄仁勋,2024-11-24,0.001746
扎克伯格,认为可靠,黄仁勋,2024-11-24,0.001746
扎克伯格,认为可靠,黄仁勋,2024-11-24,0.001746
扎克伯格,认为可靠,黄仁勋,2024-11-24,0.001746
扎克伯格,认为可靠,黄仁勋,2024-11-24,0.001746
当地立法者,认为有威胁,台积电,2024-11-12,0.001745
特朗普,认为违规,《芯片和科学法案》,2024-11-05,0.001745
特朗普,认为违规,《芯片和科学法案》,2024-11-05,0.001745
特朗普,认为违规,《芯片和科学法案》,2024-11-05,0.001745
特朗普,认为违规,《芯片和科学法案》,2024-11-05,0.001745
中国,认为非法,半导体,2024-09-26,0.001744
伊夫斯,认为可靠,中国,2024-09-17,0.001743
美国,质疑,《芯片法案》,2024-11-06,0.001742
美国,质疑,《芯片法案》,2024-11-06,0.001742
唐纳德·特朗普,攻击,卡玛拉·哈里斯,2024-11-05,0.001742
唐纳德·特朗普,攻击,卡玛拉·哈里斯,2024-11-05,0.001742
唐纳德·特朗普,攻击,卡玛拉·哈里斯,2024-11-05,0.001742
唐纳德·特朗普,攻击,卡玛拉·哈里斯,2024-11-05,0.001742
唐纳德·特朗普,攻击,卡玛拉·哈里斯,2024-11-05,0.001742
唐纳德·特朗普,攻击,卡玛拉·哈里斯,2024-11-05,0.001742
唐纳德·特朗普,攻击,卡玛拉·哈里斯,2024-11-05,0.001742
安杰洛·津诺,相信,特朗普政府,2024-11-19,0.001741
吉娜·雷蒙多,认为有威胁,美国,2025-01-09,0.001741
