head,relation,tail,time,score
美国,认为有危机,台积电,2025-03-02,0.668015
美国,认为有危机,台积电,2025-03-02,0.668015
美国,认为有危机,台积电,2025-03-02,0.668015
日本,主导,台积电,2025-03-05,0.661336
美国,认为有威胁,台积电,2025-03-02,0.651491
美国,认为有威胁,台积电,2025-03-02,0.651491
美国,认为有威胁,台积电,2025-03-02,0.651491
美国,认为有威胁,台积电,2024-12-02,0.651491
美国,认为非法,台积电,2024-11-07,0.648316
美国,喜欢,台积电,2024-11-28,0.624257
美国,相信,台积电,2025-03-03,0.622705
美国,认为非法,台积电,2024-11-28,0.607476
美国,认为非法,台积电,2024-11-28,0.607476
美国,认为非法,台积电,2024-11-10,0.606225
美国,威胁,台积电,2025-03-02,0.582817
美国,威胁,台积电,2025-03-02,0.582817
美国,威胁,台积电,2025-03-02,0.582817
美国,威胁,台积电,2024-12-02,0.582817
美国,欢迎,台积电,2025-04-02,0.580854
美国,认为有危机,台积电,2024-11-28,0.578033
美国,认为有危机,台积电,2024-11-28,0.578033
美国,欣赏,台积电,2024-11-28,0.577044
美国,欣赏,台积电,2024-11-28,0.577044
美国,认为有危机,台积电,2024-11-10,0.576751
美国,认为有危机,台积电,2024-11-10,0.576751
美国,认为有危机,台积电,2024-11-10,0.576751
美国,相信,台积电,2024-11-09,0.576330
美国,相信,台积电,2024-11-09,0.576330
美国,喜欢,台积电,2025-04-17,0.572253
美国,喜欢,台积电,2025-04-17,0.572253
美国,喜欢,台积电,2025-04-17,0.572253
美国,相信,台积电,2024-11-28,0.569413
美国,相信,台积电,2024-11-28,0.569413
美国,认为优秀,台积电,2025-03-02,0.561500
美国,认为优秀,台积电,2025-03-02,0.561500
美国,认为优秀,台积电,2025-03-02,0.561500
美国,认为优秀,台积电,2025-03-03,0.553656
美国,欣赏,台积电,2025-04-17,0.552517
美国,欣赏,台积电,2025-04-17,0.552517
美国,欣赏,台积电,2025-04-17,0.552517
美国,认为有威胁,台积电,2024-11-28,0.551025
美国,认为有威胁,台积电,2024-11-28,0.551025
美国,认为有威胁,台积电,2024-11-10,0.549680
美国,认为有威胁,台积电,2024-11-10,0.549680
美国,认为有威胁,台积电,2024-11-10,0.549680
美国,认为有威胁,台积电,2024-11-10,0.549680
美国,担忧,台积电,2025-03-02,0.548387
美国,担忧,台积电,2025-03-02,0.548387
美国,担忧,台积电,2025-03-02,0.548387
美国,欣赏,台积电,2025-04-13,0.544219
美国,担忧,台积电,2025-03-03,0.541097
美国,担忧,台积电,2025-03-03,0.541097
美国,担忧,台积电,2025-04-03,0.541097
美国,认为有危机,台积电,2025-02-19,0.539984
墨西哥,认为违规,台积电,2024-11-13,0.538588
美国,视作英雄,台积电,2024-11-10,0.534421
美国,主导,台积电,2025-04-07,0.532243
美国,认为违规,台积电,2024-11-09,0.527502
美国,认为违规,台积电,2024-11-09,0.527502
美国,认为违规,台积电,2024-11-09,0.527502
美国,认为违规,台积电,2024-11-09,0.527502
美国,认为违规,台积电,2024-11-09,0.527502
美国,认为违规,台积电,2024-11-09,0.527502
美国,认为违规,台积电,2024-11-09,0.527502
美国,认为违规,台积电,2024-11-09,0.527502
美国,认为违规,台积电,2024-11-09,0.527502
美国,认为违规,台积电,2024-11-09,0.527502
美国,认为违规,台积电,2024-11-09,0.527502
美国,认为可靠,台积电,2025-03-02,0.522937
美国,担忧,台积电,2025-03-05,0.521719
美国,担忧,台积电,2025-03-05,0.521719
美国,感到不满,台积电,2025-03-03,0.515790
美国,认为可靠,台积电,2025-03-03,0.514998
美国,认为有威胁,台积电,2025-02-19,0.513675
美国,认为违规,台积电,2024-11-28,0.511309
美国,认为违规,台积电,2024-11-28,0.511309
美国,认为违规,台积电,2024-11-10,0.509928
美国,认为违规,台积电,2024-11-10,0.509928
美国,认为违规,台积电,2024-11-10,0.509928
美国,认为违规,台积电,2024-11-10,0.509928
美国,认为违规,台积电,2024-11-10,0.509928
美国,认为违规,台积电,2024-11-10,0.509928
美国,认为违规,台积电,2024-11-10,0.509928
美国,认为违规,台积电,2024-11-10,0.509928
美国,认为违规,台积电,2024-11-10,0.509928
美国,认为违规,台积电,2024-11-10,0.509928
美国,认为违规,台积电,2024-11-10,0.509928
美国,认为违规,台积电,2024-11-10,0.509928
美国,认为恐怖,台积电,2025-03-02,0.507866
美国,认为恐怖,台积电,2025-03-02,0.507866
美国,认为恐怖,台积电,2025-03-02,0.507866
美国,认为有威胁,台积电,2025-04-17,0.506982
美国,认为有威胁,台积电,2025-04-17,0.506982
美国,认为优秀,台积电,2025-04-07,0.505213
美国,认为有威胁,台积电,2025-04-16,0.504028
美国,欢迎,台积电,2024-11-09,0.502798
美国,主导,台积电,2024-11-09,0.501322
美国,主导,台积电,2024-11-09,0.501322
美国,主导,台积电,2024-11-09,0.501322
美国,主导,台积电,2024-11-09,0.501322
美国,主导,台积电,2024-11-09,0.501322
美国,主导,台积电,2024-11-09,0.501322
美国,主导,台积电,2024-11-09,0.501322
美国,主导,台积电,2024-11-09,0.501322
美国,主导,台积电,2024-11-09,0.501322
美国,威胁,台积电,2024-11-09,0.494308
美国,认为热情,台积电,2024-11-28,0.493228
美国,质疑,台积电,2025-03-02,0.491100
美国,质疑,台积电,2025-03-02,0.491100
美国,质疑,台积电,2025-03-02,0.491100
美国,主导,台积电,2024-11-29,0.489488
美国,主导,台积电,2024-11-28,0.484949
美国,质疑,台积电,2025-03-03,0.484859
美国,质疑,台积电,2025-03-03,0.484859
美国,质疑,台积电,2025-03-03,0.484859
美国,质疑,台积电,2025-04-03,0.484859
美国,主导,台积电,2024-11-10,0.483596
美国,认为有成就,台积电,2025-03-02,0.478450
美国,认为有成就,台积电,2024-11-02,0.478450
美国,认为有成就,台积电,2025-03-02,0.478450
美国,威胁,台积电,2024-11-10,0.476592
美国,认为违规,台积电,2024-11-12,0.476458
美国,认为缺乏,台积电,2024-11-28,0.476138
美国,认为缺乏,台积电,2024-11-28,0.476138
美国,认可,台积电,2025-03-02,0.467631
美国,认可,台积电,2025-03-02,0.467631
美国,认可,台积电,2025-04-02,0.467631
美国,主导,台积电,2024-11-11,0.467251
美国,担忧,台积电,2024-11-09,0.465739
美国,担忧,台积电,2024-11-09,0.465739
美国,担忧,台积电,2024-11-09,0.465739
美国,担忧,台积电,2024-11-09,0.465739
美国,担忧,台积电,2024-11-09,0.465739
美国,担忧,台积电,2024-11-09,0.465739
美国,认为恐怖,台积电,2025-04-07,0.463967
华为,声明,台积电,2024-11-07,0.463732
美国,支持,台积电,2025-03-02,0.463404
美国,支持,台积电,2025-04-02,0.463404
美国,认可,台积电,2025-03-03,0.459724
美国,认可,台积电,2025-03-03,0.459724
美国,主导,台积电,2025-04-22,0.458818
美国,认为违规,台积电,2024-11-14,0.458634
美国,认为违规,台积电,2024-11-14,0.458634
美国,支持,台积电,2025-03-03,0.455506
美国,支持,台积电,2025-03-03,0.455506
美国,支持,台积电,2025-03-03,0.455506
美国,认为优秀,台积电,2024-11-28,0.455176
美国,认为优秀,台积电,2024-11-28,0.455176
美国,认为优秀,台积电,2024-11-10,0.454215
美国,担忧,台积电,2024-11-28,0.449096
美国,担忧,台积电,2024-11-28,0.449096
美国,认为失败,台积电,2025-03-02,0.448413
美国,认为失败,台积电,2025-03-02,0.448413
台积电,主导,年度技术研讨会,2025-04-25,0.448309
美国,担忧,台积电,2024-11-10,0.447799
美国,担忧,台积电,2024-11-10,0.447799
美国,担忧,台积电,2024-11-10,0.447799
美国,担忧,台积电,2024-11-10,0.447799
美国,担忧,台积电,2024-11-10,0.447799
美国,担忧,台积电,2024-11-10,0.447799
美国,担忧,台积电,2024-11-10,0.447799
美国,担忧,台积电,2024-11-10,0.447799
美国,担忧,台积电,2024-11-10,0.447799
美国,担忧,台积电,2024-11-10,0.447799
美国,担忧,台积电,2024-11-10,0.447799
美国,质疑,台积电,2025-04-07,0.447414
美国,质疑,台积电,2025-04-07,0.447414
美国,威胁,台积电,2024-11-12,0.444506
美国,主导,台积电,2024-11-17,0.441218
美国,主导,台积电,2025-04-17,0.441218
美国,主导,台积电,2025-04-17,0.441218
美国,威胁,台积电,2025-02-19,0.440763
美国,发放资金,台积电,2024-11-15,0.440731
美国,认为犯罪,台积电,2024-11-30,0.440426
美国,主导,台积电,2025-04-16,0.439384
美国,主导,台积电,2024-11-14,0.436546
美国,感到不满,台积电,2024-11-09,0.434737
美国,感到不满,台积电,2024-11-09,0.434737
台积电,质疑,华为,2024-11-10,0.433690
台积电,质疑,华为,2024-11-10,0.433690
美国,认为犯罪,台积电,2024-11-28,0.432552
美国,威胁,台积电,2025-04-17,0.432240
美国,威胁,台积电,2025-04-17,0.432240
美国,威胁,台积电,2025-04-17,0.432240
美国,担忧,台积电,2024-11-11,0.431461
美国,威胁,台积电,2025-04-16,0.428479
美国,威胁,台积电,2025-04-16,0.428479
美国,感到不满,台积电,2025-03-30,0.428039
美国,欢迎,台积电,2025-04-13,0.425845
美国,认为恐怖,台积电,2024-11-28,0.425506
美国,认为恐怖,台积电,2024-11-28,0.425506
美国,认为可靠,台积电,2024-11-28,0.420441
美国,认为可靠,台积电,2024-11-28,0.420441
美国,质疑,台积电,2024-11-09,0.419768
美国,质疑,台积电,2024-11-09,0.419768
美国,质疑,台积电,2024-11-09,0.419768
美国,质疑,台积电,2024-11-09,0.419768
美国,质疑,台积电,2024-11-09,0.419768
美国,质疑,台积电,2024-11-09,0.419768
美国,质疑,台积电,2024-11-09,0.419768
美国,质疑,台积电,2024-11-09,0.419768
美国,质疑,台积电,2024-11-09,0.419768
美国,质疑,台积电,2024-11-09,0.419768
美国,感到不满,台积电,2024-11-28,0.418800
美国,感到不满,台积电,2024-11-10,0.417475
美国,感到不满,台积电,2024-11-10,0.417475
美国,担忧,台积电,2024-11-12,0.415652
美国,担忧,台积电,2024-11-12,0.415652
美国,认为可靠,台积电,2025-01-13,0.406229
美国,质疑,台积电,2024-11-28,0.405271
美国,质疑,台积电,2024-11-28,0.405271
美国,质疑,台积电,2024-11-10,0.404381
美国,质疑,台积电,2024-11-10,0.404381
美国,质疑,台积电,2024-11-10,0.404381
美国,质疑,台积电,2024-11-10,0.404381
美国,质疑,台积电,2024-11-10,0.404381
美国,质疑,台积电,2024-11-10,0.404381
美国,质疑,台积电,2024-11-10,0.404381
美国,质疑,台积电,2024-11-10,0.404381
美国,质疑,台积电,2024-11-10,0.404381
美国,质疑,台积电,2024-11-10,0.404381
美国,质疑,台积电,2024-11-10,0.404381
美国,质疑,台积电,2024-11-10,0.404381
美国,质疑,台积电,2024-11-10,0.404381
美国,担忧,台积电,2025-02-16,0.402646
美国,感到不满,台积电,2024-11-11,0.401861
美国,认为优秀,台积电,2025-04-17,0.401410
美国,认为优秀,台积电,2025-04-17,0.401410
美国,认为优秀,台积电,2025-04-17,0.401410
美国,担忧,台积电,2024-11-14,0.398170
台积电,欢迎,特朗普,2025-03-03,0.395909
美国,认为优秀,台积电,2025-01-13,0.394249
美国,认为优秀,台积电,2025-04-13,0.394249
美国,认为优秀,台积电,2025-04-13,0.394249
美国,支持,台积电,2025-04-08,0.393098
美国,支持,台积电,2025-04-08,0.393098
美国,质疑,台积电,2024-12-21,0.387231
美国,质疑,台积电,2025-04-21,0.387231
美国,质疑,台积电,2024-11-12,0.386109
美国,提出交易,台积电,2025-02-16,0.385630
美国,质疑,台积电,2025-02-16,0.384421
美国,认为犯罪,台积电,2024-11-14,0.383887
美国,质疑,台积电,2024-11-14,0.383117
美国,质疑,台积电,2024-11-14,0.383117
美国,质疑,台积电,2024-11-14,0.383117
美国,认可,台积电,2024-11-09,0.380692
美国,认可,台积电,2024-11-09,0.380692
美国,认可,台积电,2024-11-09,0.380692
美国,认可,台积电,2024-11-09,0.380692
美国,认可,台积电,2024-11-09,0.380692
美国,认可,台积电,2024-11-09,0.380692
美国,认可,台积电,2024-11-09,0.380692
美国,认可,台积电,2024-11-09,0.380692
美国,认可,台积电,2024-11-09,0.380692
美国,认可,台积电,2024-11-09,0.380692
美国,支持,台积电,2024-11-09,0.377121
美国,支持,台积电,2024-11-09,0.377121
美国,支持,台积电,2024-11-09,0.377121
美国,支持,台积电,2024-11-09,0.377121
美国,支持,台积电,2024-11-09,0.377121
美国,支持,台积电,2024-11-09,0.377121
美国,支持,台积电,2024-11-09,0.377121
美国,支持,台积电,2024-11-09,0.377121
美国,支持,台积电,2024-11-09,0.377121
美国,支持,台积电,2024-11-09,0.377121
美国,支持,台积电,2024-11-09,0.377121
美国,支持,台积电,2024-11-09,0.377121
美国,支持,台积电,2025-03-30,0.370783
美国,感到不满,台积电,2024-11-14,0.369343
美国,认可,台积电,2024-11-29,0.368991
美国,认为有成就,台积电,2024-11-28,0.368615
美国,认为有成就,台积电,2024-11-28,0.368615
美国,支持,台积电,2024-11-29,0.366443
美国,认可,台积电,2024-11-28,0.363670
美国,认可,台积电,2024-11-28,0.363670
美国,认可,台积电,2024-11-10,0.362780
美国,认可,台积电,2024-11-10,0.362780
美国,认可,台积电,2024-11-10,0.362780
美国,认可,台积电,2024-11-10,0.362780
美国,认可,台积电,2024-11-10,0.362780
美国,认可,台积电,2024-11-10,0.362780
美国,认可,台积电,2024-11-10,0.362780
美国,认可,台积电,2024-11-10,0.362780
美国,认可,台积电,2024-11-10,0.362780
美国,支持,台积电,2024-11-28,0.362292
美国,支持,台积电,2024-11-28,0.362292
美国,支持,台积电,2024-11-28,0.362292
美国,支持,台积电,2024-11-10,0.361025
美国,支持,台积电,2024-11-27,0.358175
台积电,认为有威胁,美国,2024-11-04,0.357040
美国,认为失败,台积电,2024-11-28,0.348330
美国,认为失败,台积电,2024-11-28,0.348330
美国,认为失败,台积电,2024-11-10,0.347095
美国,认为失败,台积电,2024-11-10,0.347095
美国,认为失败,台积电,2024-11-10,0.347095
美国,认为失败,台积电,2024-11-10,0.347095
美国,认为失败,台积电,2024-11-10,0.347095
美国,认为失败,台积电,2024-11-10,0.347095
美国,认为失败,台积电,2024-11-10,0.347095
美国,认为失败,台积电,2024-11-10,0.347095
美国,认为失败,台积电,2024-11-10,0.347095
美国,认为失败,台积电,2024-11-10,0.347095
美国,认为失败,台积电,2024-11-10,0.347095
美国,认为失败,台积电,2024-11-10,0.347095
白宫,认为有危机,台积电,2025-04-02,0.344977
特朗普,欣赏,台积电,2025-04-03,0.342585
日本,增进,台积电,2025-03-05,0.340057
美国,批评,台积电,2025-03-03,0.339440
美国,支持,台积电,2024-12-21,0.335746
美国,支持,台积电,2024-12-21,0.335746
美国,支持,台积电,2024-12-21,0.335746
美国,认为有成就,台积电,2025-04-17,0.334201
美国,认为有成就,台积电,2025-04-17,0.334201
美国,认为失败,台积电,2024-11-11,0.333059
美国,批评,台积电,2024-11-28,0.331238
美国,批评,台积电,2024-11-28,0.331238
美国,认可,台积电,2024-12-21,0.329927
美国,认可,台积电,2024-12-21,0.329927
日本,损害,台积电,2025-04-15,0.329875
日本,损害,台积电,2025-04-15,0.329875
美国,认为有暴力,台积电,2024-11-28,0.329845
美国,认为有暴力,台积电,2024-11-28,0.329845
美国,感到满意,台积电,2025-03-03,0.329799
美国,支持,台积电,2024-11-17,0.329489
美国,支持,台积电,2025-04-17,0.329489
美国,支持,台积电,2025-04-17,0.329489
美国,支持,台积电,2025-04-17,0.329489
美国,批评,台积电,2024-11-10,0.329457
美国,批评,台积电,2024-11-10,0.329457
美国,批评,台积电,2024-11-10,0.329457
美国,批评,台积电,2024-11-10,0.329457
美国,批评,台积电,2024-11-10,0.329457
美国,批评,台积电,2024-11-10,0.329457
美国,批评,台积电,2024-11-10,0.329457
美国,批评,台积电,2024-11-10,0.329457
美国,批评,台积电,2024-11-10,0.329457
美国,批评,台积电,2024-11-10,0.329457
美国,批评,台积电,2024-11-10,0.329457
美国,批评,台积电,2024-11-10,0.329457
美国,支持,台积电,2025-02-16,0.329189
美国,支持,台积电,2025-04-16,0.329189
美国,支持,台积电,2024-11-15,0.328997
美国,支持,台积电,2024-11-15,0.328997
美国,支持,台积电,2024-11-15,0.328997
美国,支持,台积电,2024-11-15,0.328997
美国,支持,台积电,2024-11-15,0.328997
美国,支持,台积电,2024-11-15,0.328997
美国,支持,台积电,2024-11-15,0.328997
美国,支持,台积电,2024-11-15,0.328997
美国,支持,台积电,2024-11-15,0.328997
美国,支持,台积电,2024-11-15,0.328997
美国,支持,台积电,2024-11-15,0.328997
美国,支持,台积电,2024-11-15,0.328997
美国,支持,台积电,2024-11-15,0.328997
美国,支持,台积电,2024-11-15,0.328997
美国,支持,台积电,2024-11-14,0.328797
美国,支持,台积电,2024-11-14,0.328797
美国,支持,台积电,2024-11-14,0.328797
美国,支持,台积电,2025-04-13,0.328644
美国,支持,台积电,2025-04-13,0.328644
美国,批评,台积电,2024-11-09,0.328037
美国,批评,台积电,2024-11-09,0.328037
美国,批评,台积电,2024-11-09,0.328037
美国,批评,台积电,2024-11-09,0.328037
美国,批评,台积电,2024-11-09,0.328037
美国,批评,台积电,2024-11-09,0.328037
美国,批评,台积电,2024-11-12,0.326812
美国,认为失败,台积电,2024-11-14,0.321084
美国,认为失败,台积电,2024-11-14,0.321084
白宫,认为有威胁,台积电,2025-04-02,0.320741
美国,认可,台积电,2025-04-17,0.313904
美国,认可,台积电,2025-04-17,0.313904
美国,认可,台积电,2025-04-17,0.313904
美国,认可,台积电,2025-02-16,0.310633
美国,批评,台积电,2025-02-16,0.308775
美国,批评,台积电,2024-11-16,0.308775
美国,认可,台积电,2024-11-15,0.307857
美国,认可,台积电,2024-11-15,0.307857
美国,认可,台积电,2024-11-15,0.307857
美国,认可,台积电,2024-11-15,0.307857
美国,认可,台积电,2024-11-15,0.307857
美国,认可,台积电,2024-11-15,0.307857
美国,认可,台积电,2024-11-15,0.307857
美国,认可,台积电,2025-01-13,0.307538
美国,认可,台积电,2025-04-13,0.307538
特朗普,欣赏,台积电,2024-11-07,0.307416
特朗普,欣赏,台积电,2024-11-07,0.307416
特朗普,欣赏,台积电,2024-11-07,0.307416
特朗普,欣赏,台积电,2024-11-07,0.307416
特朗普,欣赏,台积电,2024-11-07,0.307416
美国,认可,台积电,2024-11-14,0.305606
美国,认可,台积电,2025-03-14,0.305606
美国,认可,台积电,2025-03-14,0.305606
美国,认可,台积电,2025-03-14,0.305606
美国,提供补贴,台积电,2024-11-15,0.304717
美国,批评,台积电,2024-11-14,0.303162
特朗普,认为有威胁,台积电,2025-03-02,0.302546
美国,提供补贴,台积电,2024-11-14,0.302108
约翰·麦基,认可,《巴伦周刊》,2025-04-23,0.296201
特朗普,认为有危机,台积电,2025-03-05,0.295155
特朗普,喜欢,台积电,2025-04-05,0.291977
美国,损害,台积电,2025-03-02,0.289719
美国,损害,台积电,2025-03-02,0.289719
美国,损害,台积电,2025-03-02,0.289719
台积电,认为违规,华为,2024-11-10,0.281451
台积电,认为违规,华为,2024-11-10,0.281451
特朗普,认为有威胁,台积电,2025-03-05,0.276545
特朗普,认为有威胁,台积电,2025-03-05,0.276545
白宫,相信,台积电,2025-04-02,0.272264
美国,感到满意,台积电,2025-03-30,0.271524
台积电,威胁,美国,2024-11-04,0.270863
特朗普,欣赏,台积电,2024-11-10,0.269834
特朗普,欣赏,台积电,2024-11-10,0.269834
特朗普,欣赏,台积电,2024-11-10,0.269834
特朗普,欣赏,台积电,2024-11-10,0.269834
特朗普,欣赏,台积电,2025-04-10,0.269834
特朗普,欣赏,台积电,2025-04-10,0.269834
特朗普,欣赏,台积电,2025-04-10,0.269834
美国,感到满意,台积电,2024-11-29,0.267898
摩根士丹利,认为有危机,台积电,2024-11-11,0.267807
特朗普,喜欢,台积电,2024-11-07,0.267208
台湾,感到不满,台积电,2025-03-30,0.263476
美国,损害,台积电,2024-11-09,0.262062
白宫,威胁,台积电,2025-04-02,0.260839
美国,攻击,台积电,2024-11-10,0.260780
美国,攻击,台积电,2024-11-10,0.260780
亚利桑那州,主导,台积电,2025-03-03,0.259493
特朗普,欣赏,台积电,2025-03-11,0.258650
特朗普,欣赏,台积电,2025-03-11,0.258650
特朗普,欣赏,台积电,2025-03-11,0.258650
特朗普,欣赏,台积电,2025-03-11,0.258650
特朗普,认为有威胁,台积电,2024-11-07,0.253655
特朗普,认为有威胁,台积电,2024-11-07,0.253655
特朗普,认为有威胁,台积电,2024-11-07,0.253655
特朗普,认为有威胁,台积电,2024-11-07,0.253655
特朗普,认为有威胁,台积电,2024-11-07,0.253655
特朗普,认为有威胁,台积电,2024-11-07,0.253655
特朗普,认为有威胁,台积电,2024-11-07,0.253655
美国,感到满意,台积电,2024-11-11,0.249573
特朗普,认为有危机,台积电,2025-02-09,0.248858
特朗普,认为有危机,台积电,2025-04-09,0.248858
特朗普,欣赏,台积电,2025-04-16,0.248030
特朗普,欣赏,台积电,2025-04-16,0.248030
特朗普,欣赏,台积电,2025-04-16,0.248030
英特尔,认为有危机,台积电,2024-12-02,0.247387
美国,损害,台积电,2024-11-10,0.246809
美国,损害,台积电,2024-11-10,0.246809
美国,损害,台积电,2024-11-10,0.246809
美国,损害,台积电,2024-11-10,0.246809
美国,损害,台积电,2024-11-10,0.246809
摩根士丹利,认为有威胁,台积电,2024-11-11,0.246476
特朗普,欣赏,台积电,2025-04-15,0.246273
特朗普,欣赏,台积电,2025-02-15,0.246273
特朗普,欣赏,台积电,2025-02-15,0.246273
台湾,担忧,台积电,2025-03-05,0.246181
白宫,欣赏,台积电,2025-04-02,0.245801
特朗普,欣赏,台积电,2025-04-14,0.244822
特朗普,威胁,台积电,2025-03-02,0.244817
特朗普,威胁,台积电,2025-03-02,0.244817
美国,增进,台积电,2025-03-02,0.244737
白宫,认为优秀,台积电,2025-04-02,0.244398
特朗普,欣赏,台积电,2025-04-13,0.244000
美国,增进,台积电,2025-03-03,0.242210
美国,增进,台积电,2025-03-03,0.242210
美国,增进,台积电,2025-03-03,0.242210
特朗普,认为有威胁,台积电,2025-04-08,0.241454
特朗普,认为有威胁,台积电,2025-04-08,0.241454
特朗普,认为有威胁,台积电,2025-04-08,0.241454
特朗普,认为有威胁,台积电,2025-04-08,0.241454
特朗普,认为有威胁,台积电,2025-04-08,0.241454
特朗普,认为有威胁,台积电,2025-04-08,0.241454
特朗普,主导,台积电,2025-04-03,0.241090
特朗普,主导,台积电,2025-03-03,0.241090
台积电,主导,美国,2025-04-02,0.238698
特朗普,认为有危机,台积电,2024-11-10,0.236019
特朗普,认为有危机,台积电,2024-11-10,0.236019
特朗普,认为有危机,台积电,2024-11-10,0.236019
特朗普,认为有危机,台积电,2024-11-10,0.236019
台积电,认为有威胁,中国,2025-04-13,0.235131
美国,攻击,台积电,2025-04-21,0.234933
特朗普,认为有威胁,台积电,2024-11-30,0.233260
美国,损害,台积电,2024-11-11,0.232925
美国,视为重要,台积电,2025-01-13,0.231257
英特尔,认为有威胁,台积电,2024-12-02,0.230875
台积电,认为有危机,美国,2024-11-04,0.229160
特朗普,认为有威胁,台积电,2025-02-09,0.228573
特朗普,认为有威胁,台积电,2025-04-09,0.228573
特朗普,认为有威胁,台积电,2025-04-09,0.228573
特朗普,认为有威胁,台积电,2025-04-09,0.228573
特朗普,认为有威胁,台积电,2025-04-09,0.228573
美国,攻击,台积电,2025-02-19,0.228480
特朗普,喜欢,台积电,2025-04-25,0.228237
新加坡/北京,认为优秀,华为技术有限公司,2025-04-21,0.227827
特朗普,喜欢,台积电,2025-04-10,0.227602
特朗普,喜欢,台积电,2025-04-10,0.227602
特朗普,喜欢,台积电,2025-04-10,0.227602
特朗普,认为非法,台积电,2025-03-11,0.227117
特朗普,认为非法,台积电,2025-03-11,0.227117
特朗普,认为非法,台积电,2025-03-11,0.227117
美国,增进,台积电,2025-03-05,0.226847
美国,感到满意,台积电,2025-04-17,0.225520
台积电,认为有威胁,美国,2025-04-17,0.224721
特朗普,认为有危机,台积电,2025-03-11,0.223754
特朗普,认为有危机,台积电,2025-03-11,0.223754
特朗普,认为有危机,台积电,2025-03-11,0.223754
特朗普,认为有威胁,台积电,2025-03-27,0.223398
特朗普,认为优秀,台积电,2025-04-03,0.222998
美国,感到满意,台积电,2025-02-16,0.222913
特朗普,威胁,台积电,2025-03-05,0.222205
特朗普,威胁,台积电,2025-03-05,0.222205
特朗普,威胁,台积电,2025-03-05,0.222205
美国,攻击,台积电,2025-04-16,0.221915
美国,攻击,台积电,2025-04-16,0.221915
特朗普,担忧,台积电,2025-03-02,0.221195
特朗普,担忧,台积电,2025-03-02,0.221195
特朗普,担忧,台积电,2025-03-02,0.221195
美国,攻击,台积电,2024-11-14,0.220834
美国,攻击,台积电,2024-11-14,0.220834
美国,损害,台积电,2024-11-12,0.218947
美国,损害,台积电,2024-11-12,0.218947
台积电,主导,美国,2025-04-07,0.217881
特朗普,认为有威胁,台积电,2025-02-25,0.217784
特朗普,认为有威胁,台积电,2024-11-10,0.216877
特朗普,认为有威胁,台积电,2024-11-10,0.216877
特朗普,认为有威胁,台积电,2024-11-10,0.216877
特朗普,认为有威胁,台积电,2024-11-10,0.216877
特朗普,认为有威胁,台积电,2024-11-10,0.216877
特朗普,认为有威胁,台积电,2024-11-10,0.216877
特朗普,认为有威胁,台积电,2024-11-10,0.216877
特朗普,认为有威胁,台积电,2024-11-10,0.216877
特朗普,认为有威胁,台积电,2024-11-10,0.216877
白宫,认为可靠,台积电,2025-04-02,0.216844
特朗普,喜欢,台积电,2025-03-11,0.216042
特朗普,喜欢,台积电,2025-03-11,0.216042
特朗普,喜欢,台积电,2025-03-11,0.216042
特朗普,喜欢,台积电,2025-03-11,0.216042
特朗普,喜欢,台积电,2025-03-11,0.216042
特朗普,喜欢,台积电,2025-03-11,0.216042
美国,损害,台积电,2025-02-19,0.215792
特朗普,认为有危机,台积电,2025-04-16,0.213649
特朗普,认为违规,台积电,2024-11-07,0.213385
特朗普,认为违规,台积电,2024-11-07,0.213385
特朗普,认为违规,台积电,2024-11-07,0.213385
特朗普,认为违规,台积电,2024-11-07,0.213385
特朗普,认为违规,台积电,2024-11-07,0.213385
华盛顿,认为违规,台积电,2024-11-07,0.211883
特朗普,认为有危机,台积电,2025-04-13,0.209923
特朗普,认为有危机,台积电,2025-04-13,0.209923
美国,损害,台积电,2025-04-17,0.209593
美国,损害,台积电,2025-04-17,0.209593
特朗普,认为有威胁,台积电,2024-11-22,0.209198
台积电,主导,美国,2024-11-09,0.208367
台积电,主导,美国,2024-11-09,0.208367
亚利桑那州,主导,台积电,2024-11-09,0.207877
亚利桑那州,主导,台积电,2024-11-09,0.207877
白宫,质疑,台积电,2025-04-02,0.207837
特朗普,认为优秀,台积电,2025-03-05,0.207541
特朗普,主导,台积电,2024-11-07,0.207038
特朗普,主导,台积电,2024-11-07,0.207038
特朗普,主导,台积电,2024-11-07,0.207038
特朗普,主导,台积电,2024-11-07,0.207038
特朗普,主导,台积电,2024-11-07,0.207038
特朗普,主导,台积电,2024-11-07,0.207038
特朗普,主导,台积电,2024-11-07,0.207038
台积电,主导,美国,2025-04-25,0.206034
台积电,主导,美国,2025-04-25,0.206034
特朗普,认为有威胁,台积电,2025-03-11,0.205567
特朗普,认为有威胁,台积电,2025-03-11,0.205567
特朗普,认为有威胁,台积电,2025-03-11,0.205567
特朗普,认为有威胁,台积电,2025-03-11,0.205567
特朗普,认为有威胁,台积电,2025-03-11,0.205567
台积电,认为有威胁,特朗普,2024-11-08,0.205257
美国,损害,台积电,2025-04-13,0.203810
美国,损害,台积电,2025-04-13,0.203810
特朗普,威胁,台积电,2024-11-07,0.202455
特朗普,威胁,台积电,2024-11-07,0.202455
特朗普,威胁,台积电,2024-11-07,0.202455
特朗普,威胁,台积电,2024-11-07,0.202455
特朗普,威胁,台积电,2024-11-07,0.202455
特朗普,威胁,台积电,2024-11-07,0.202455
特朗普,担忧,台积电,2025-03-05,0.201762
特朗普,担忧,台积电,2025-03-05,0.201762
特朗普,担忧,台积电,2025-03-05,0.201762
特朗普,担忧,台积电,2025-03-05,0.201762
特朗普,担忧,台积电,2025-03-05,0.201762
特朗普,认为违规,台积电,2025-04-08,0.201581
特朗普,相信,台积电,2025-04-08,0.201100
特朗普,相信,台积电,2025-04-08,0.201100
特朗普,认为有威胁,台积电,2025-04-18,0.200134
川普政府,主导,关税政策,2025-04-05,0.199152
特朗普,认为有威胁,台积电,2025-04-17,0.198189
特朗普,认为有威胁,台积电,2025-04-17,0.198189
特朗普,认为有威胁,台积电,2025-03-17,0.198189
特朗普,认为有威胁,台积电,2025-04-17,0.198189
特朗普,认为有威胁,台积电,2025-04-12,0.197789
特朗普,认为有威胁,台积电,2024-11-12,0.197789
高盛,认为有威胁,台积电,2025-04-17,0.197507
约翰·麦基,支持,《巴伦周刊》,2025-04-23,0.196713
特朗普,认为有威胁,台积电,2025-04-16,0.196436
特朗普,认为有威胁,台积电,2025-04-16,0.196436
特朗普,认为有威胁,台积电,2025-04-16,0.196436
特朗普,认为有威胁,台积电,2025-04-16,0.196436
白宫,担忧,台积电,2025-04-02,0.196125
台积电,认为有威胁,台湾,2025-04-09,0.195508
特朗普,喜欢,台积电,2024-11-12,0.194901
特朗普,喜欢,台积电,2025-03-17,0.194374
华为技术有限公司,威胁,台积电,2025-04-21,0.193090
特朗普,认为有威胁,台积电,2025-04-13,0.192997
特朗普,认为有威胁,台积电,2025-04-13,0.192997
特朗普,认为有威胁,台积电,2025-04-13,0.192997
特朗普,认为有威胁,台积电,2025-04-13,0.192997
特朗普,认为有威胁,台积电,2025-04-13,0.192997
特朗普,认为违规,台积电,2024-11-30,0.192967
特朗普,威胁,台积电,2025-04-08,0.192016
特朗普,威胁,台积电,2025-04-08,0.192016
特朗普,威胁,台积电,2025-04-08,0.192016
特朗普,威胁,台积电,2025-04-08,0.192016
特朗普,威胁,台积电,2025-04-08,0.192016
特朗普,威胁,台积电,2025-04-08,0.192016
台积电,主导,美国,2025-04-17,0.191714
台积电,担忧,美国,2024-11-13,0.190812
中国,将...视为,台积电,2025-04-18,0.190365
特朗普,喜欢,台积电,2025-04-16,0.189933
特朗普,喜欢,台积电,2025-04-16,0.189933
特朗普,喜欢,台积电,2025-04-16,0.189933
凯斯·丁纳鲁伊,认可,《巴伦周刊》,2025-04-17,0.189553
台积电,主导,美国,2025-04-16,0.189148
特朗普,认为优秀,台积电,2024-11-07,0.188808
特朗普,认为优秀,台积电,2024-11-07,0.188808
华为技术有限公司,威胁,台积电,2025-04-20,0.188380
布莱特·沙弗,认可,《巴伦周刊》,2025-04-23,0.186465
特朗普,喜欢,台积电,2025-04-15,0.186153
特朗普,喜欢,台积电,2025-04-15,0.186153
特朗普,喜欢,台积电,2025-02-15,0.186153
白宫,提供资金,台积电,2024-11-14,0.185215
特朗普,威胁,台积电,2024-11-30,0.185059
特朗普,质疑,台积电,2025-04-03,0.185040
特朗普,担忧,台积电,2024-11-07,0.184716
特朗普,担忧,台积电,2024-11-07,0.184716
特朗普,担忧,台积电,2024-11-07,0.184716
特朗普,担忧,台积电,2024-11-07,0.184716
特朗普,担忧,台积电,2024-11-07,0.184716
特朗普,担忧,台积电,2024-11-07,0.184716
特朗普,担忧,台积电,2024-11-07,0.184716
英特尔,威胁,台积电,2024-12-02,0.183229
特朗普,喜欢,台积电,2025-04-14,0.183160
德国,主导,台积电,2025-04-15,0.182391
白宫,认可,台积电,2025-04-02,0.181588
特朗普,威胁,台积电,2025-02-09,0.181116
特朗普,威胁,台积电,2025-04-09,0.181116
特朗普,威胁,台积电,2025-04-09,0.181116
特朗普,威胁,台积电,2025-04-09,0.181116
特朗普,威胁,台积电,2025-04-09,0.181116
中国,损害,台积电,2025-03-14,0.180534
台积电,认为可靠,美国,2025-04-03,0.180157
特朗普,相信,台积电,2025-04-10,0.179590
白宫,支持,台积电,2025-04-02,0.179077
特朗普,认为优秀,台积电,2025-04-08,0.178861
基思·邓纳里,认可,《巴伦周刊》,2025-04-25,0.178038
特朗普,认为违规,台积电,2025-03-25,0.177103
特朗普,威胁,台积电,2025-03-27,0.176689
特朗普,认为违规,台积电,2024-11-10,0.176575
特朗普,认为违规,台积电,2024-11-10,0.176575
特朗普,认为违规,台积电,2024-11-10,0.176575
特朗普,认为违规,台积电,2024-11-10,0.176575
特朗普,认为违规,台积电,2024-11-10,0.176575
特朗普,认为违规,台积电,2024-11-10,0.176575
特朗普,认为违规,台积电,2025-04-10,0.176575
台积电,认为可靠,美国,2024-11-04,0.176392
特朗普,主导,台积电,2025-03-25,0.175724
美国,增进,台积电,2024-11-29,0.175644
美国,增进,台积电,2024-11-29,0.175644
特朗普,主导,台积电,2024-11-10,0.174979
特朗普,主导,台积电,2024-11-10,0.174979
特朗普,主导,台积电,2024-11-10,0.174979
特朗普,主导,台积电,2024-11-10,0.174979
特朗普,主导,台积电,2024-11-10,0.174979
特朗普,主导,台积电,2025-04-10,0.174979
特朗普,主导,台积电,2025-04-10,0.174979
特朗普,主导,台积电,2025-04-10,0.174979
特朗普,担忧,台积电,2025-04-08,0.174844
特朗普,担忧,台积电,2025-04-08,0.174844
特朗普,担忧,台积电,2025-04-08,0.174844
台积电,主导,英伟达,2024-11-25,0.173226
特朗普,质疑,台积电,2025-04-05,0.172639
特朗普,质疑,台积电,2024-11-05,0.172639
特朗普,质疑,台积电,2024-11-05,0.172639
特朗普,质疑,台积电,2024-11-05,0.172639
特朗普,质疑,台积电,2024-11-05,0.172639
特朗普,质疑,台积电,2024-11-05,0.172639
特朗普,质疑,台积电,2024-11-05,0.172639
特朗普,质疑,台积电,2024-11-05,0.172639
美国,增进,台积电,2024-11-28,0.172575
美国,增进,台积电,2024-11-28,0.172575
特朗普,认为热情,台积电,2025-03-11,0.171932
特朗普,认为热情,台积电,2025-03-11,0.171932
特朗普,威胁,台积电,2025-02-25,0.171874
特朗普,威胁,台积电,2024-11-10,0.171110
特朗普,威胁,台积电,2024-11-10,0.171110
特朗普,威胁,台积电,2024-11-10,0.171110
特朗普,威胁,台积电,2024-11-10,0.171110
特朗普,威胁,台积电,2024-11-10,0.171110
特朗普,威胁,台积电,2024-11-10,0.171110
特朗普,威胁,台积电,2024-11-10,0.171110
特朗普,威胁,台积电,2024-11-10,0.171110
特朗普,欢迎,台积电,2025-04-10,0.170688
特朗普,相信,台积电,2025-03-11,0.170530
特朗普,相信,台积电,2025-03-11,0.170530
特朗普,相信,台积电,2025-03-11,0.170530
华为技术有限公司,感到不满,台积电,2025-04-20,0.169381
特朗普,主导,台积电,2024-11-22,0.168690
特朗普,主导,台积电,2024-11-22,0.168690
特朗普,认为优秀,台积电,2025-02-09,0.168565
特朗普,认为优秀,台积电,2025-04-09,0.168565
特朗普,认为优秀,台积电,2025-04-09,0.168565
特朗普,认为优秀,台积电,2025-04-09,0.168565
特朗普,认为违规,台积电,2024-11-22,0.168357
特朗普,认为违规,台积电,2024-11-22,0.168357
特朗普,支持,台积电,2025-03-02,0.166943
特朗普,支持,台积电,2025-03-02,0.166943
特朗普,感到不满,台积电,2024-11-07,0.166564
特朗普,感到不满,台积电,2024-11-07,0.166564
特朗普,感到不满,台积电,2024-11-07,0.166564
特朗普,感到不满,台积电,2024-11-07,0.166564
特朗普,感到不满,台积电,2024-11-07,0.166564
特朗普,认为可靠,台积电,2024-11-07,0.166121
特朗普,认为可靠,台积电,2024-11-07,0.166121
特朗普,认为可靠,台积电,2024-11-07,0.166121
特朗普,认为可靠,台积电,2024-11-07,0.166121
特朗普,认为可靠,台积电,2024-11-07,0.166121
台积电,质疑,苹果,2024-11-25,0.165777
特朗普,主导,台积电,2025-03-11,0.165623
特朗普,主导,台积电,2025-03-11,0.165623
特朗普,主导,台积电,2025-03-11,0.165623
特朗普,主导,台积电,2025-03-11,0.165623
特朗普,主导,台积电,2025-03-11,0.165623
特朗普,主导,台积电,2025-03-11,0.165623
特朗普,认为违规,台积电,2025-03-11,0.164748
特朗普,认为违规,台积电,2025-03-11,0.164748
特朗普,认为违规,台积电,2025-03-11,0.164748
特朗普,认为违规,台积电,2025-03-11,0.164748
特朗普,认为违规,台积电,2025-03-11,0.164748
特朗普,认为违规,台积电,2025-03-11,0.164748
特朗普,担忧,台积电,2025-02-09,0.164620
德国,认为优秀,台积电,2025-04-15,0.164519
特朗普,认可,台积电,2025-04-03,0.164491
特朗普,认可,台积电,2025-04-03,0.164491
亚利桑那州,主导,台积电,2025-01-14,0.164260
特朗普,相信,台积电,2025-04-17,0.164008
特朗普,认为热情,台积电,2025-04-15,0.162657
特朗普,相信,台积电,2025-04-16,0.162640
特朗普,相信,台积电,2025-04-16,0.162640
特朗普,相信,台积电,2025-02-15,0.162481
特朗普,相信,台积电,2025-04-14,0.162333
特朗普,相信,台积电,2025-04-13,0.162199
特朗普,相信,台积电,2025-04-13,0.162199
特朗普,相信,台积电,2025-04-13,0.162199
特朗普,支持,台积电,2025-04-03,0.162169
特朗普,支持,台积电,2025-03-03,0.162169
特朗普,威胁,台积电,2025-03-11,0.161842
特朗普,威胁,台积电,2025-03-11,0.161842
特朗普,威胁,台积电,2025-03-11,0.161842
特朗普,威胁,台积电,2025-03-11,0.161842
特朗普,威胁,台积电,2025-03-11,0.161842
特朗普,认为热情,台积电,2025-04-14,0.161608
基思·德鲁里,认可,《巴伦周刊》,2025-04-25,0.160949
亚利桑那州,主导,台积电,2025-04-15,0.160547
特朗普,欢迎,台积电,2025-03-11,0.160165
特朗普,欢迎,台积电,2025-03-11,0.160165
特朗普,欢迎,台积电,2025-03-11,0.160165
特朗普,欢迎,台积电,2025-03-11,0.160165
特朗普,促使,台积电,2025-04-09,0.160056
特朗普,认为优秀,台积电,2025-03-25,0.159984
特朗普,认为优秀,台积电,2025-04-25,0.159984
特朗普,认为优秀,台积电,2025-04-25,0.159984
亚利桑那州,主导,台积电,2024-11-18,0.159749
特朗普,认为优秀,台积电,2024-11-10,0.159255
特朗普,认为优秀,台积电,2024-11-10,0.159255
特朗普,认为优秀,台积电,2024-11-10,0.159255
特朗普,认为优秀,台积电,2024-11-10,0.159255
特朗普,认为优秀,台积电,2024-11-10,0.159255
特朗普,认为优秀,台积电,2024-11-10,0.159255
特朗普,认为优秀,台积电,2024-11-10,0.159255
特朗普,认为优秀,台积电,2024-11-10,0.159255
特朗普,认为优秀,台积电,2024-11-10,0.159255
特朗普,认为优秀,台积电,2024-11-10,0.159255
特朗普,认为优秀,台积电,2025-04-10,0.159255
特朗普,认为优秀,台积电,2025-04-10,0.159255
摩根士丹利,担忧,台积电,2024-12-29,0.158691
斯蒂芬·沃特尔斯,认可,《巴伦周刊》,2025-04-05,0.158115
斯蒂芬·沃特尔斯,认可,《巴伦周刊》,2025-04-05,0.158115
特朗普,主导,台积电,2025-04-16,0.157805
特朗普,感到不满,台积电,2025-04-08,0.157511
特朗普,感到不满,台积电,2025-04-08,0.157511
特朗普,威胁,台积电,2025-04-18,0.157393
特朗普,威胁,台积电,2025-04-18,0.157393
特朗普,威胁,台积电,2024-11-18,0.157393
特朗普,威胁,台积电,2024-11-18,0.157393
特朗普,威胁,台积电,2024-11-18,0.157393
特朗普,认为可靠,台积电,2025-04-08,0.157147
特朗普,质疑,台积电,2024-11-07,0.156757
特朗普,质疑,台积电,2024-11-07,0.156757
特朗普,质疑,台积电,2024-11-07,0.156757
特朗普,质疑,台积电,2024-11-07,0.156757
特朗普,质疑,台积电,2024-11-07,0.156757
特朗普,质疑,台积电,2024-11-07,0.156757
特朗普,质疑,台积电,2024-11-07,0.156757
亚利桑那州,主导,台积电,2024-12-16,0.156551
亚利桑那州,主导,台积电,2025-04-16,0.156551
特朗普,主导,台积电,2025-04-15,0.156531
特朗普,主导,台积电,2025-02-15,0.156531
特朗普,主导,台积电,2025-02-15,0.156531
特朗普,认为违规,台积电,2025-04-17,0.156291
特朗普,威胁,台积电,2025-04-17,0.155777
特朗普,威胁,台积电,2025-04-17,0.155777
特朗普,威胁,台积电,2025-04-17,0.155777
特朗普,威胁,台积电,2025-03-17,0.155777
特朗普,威胁,台积电,2025-04-17,0.155777
特朗普,威胁,台积电,2025-04-17,0.155777
特朗普,威胁,台积电,2025-04-12,0.155447
特朗普,威胁,台积电,2024-11-12,0.155447
特朗普,威胁,台积电,2024-11-12,0.155447
特朗普,担忧,台积电,2024-11-10,0.155134
特朗普,担忧,台积电,2024-11-10,0.155134
特朗普,担忧,台积电,2024-11-10,0.155134
特朗普,担忧,台积电,2024-11-10,0.155134
特朗普,担忧,台积电,2024-11-10,0.155134
特朗普,担忧,台积电,2024-11-10,0.155134
特朗普,担忧,台积电,2024-11-10,0.155134
特朗普,担忧,台积电,2024-11-10,0.155134
特朗普,担忧,台积电,2024-11-10,0.155134
特朗普,担忧,台积电,2024-11-10,0.155134
特朗普,担忧,台积电,2024-11-10,0.155134
特朗普,担忧,台积电,2024-11-10,0.155134
特朗普,担忧,台积电,2024-11-10,0.155134
特朗普,担忧,台积电,2025-04-10,0.155134
特朗普,担忧,台积电,2025-04-10,0.155134
特朗普,担忧,台积电,2025-04-10,0.155134
特朗普,主导,台积电,2025-04-13,0.154861
特朗普,主导,台积电,2025-03-13,0.154861
特朗普,认为违规,台积电,2025-04-16,0.154482
特朗普,威胁,台积电,2025-04-16,0.154326
特朗普,威胁,台积电,2025-04-16,0.154326
特朗普,威胁,台积电,2025-04-16,0.154326
特朗普,威胁,台积电,2025-04-16,0.154326
苹果,支持,台积电,2024-11-10,0.153756
白宫,认为优秀,台积电,2024-11-14,0.153040
特朗普,认为违规,台积电,2025-02-15,0.152916
特朗普,认为违规,台积电,2025-02-15,0.152916
特朗普,认可,台积电,2025-04-05,0.152282
特朗普,欢迎,台积电,2024-11-12,0.151814
特朗普,认为恐怖,台积电,2025-04-07,0.151681
特朗普,认为恐怖,台积电,2024-11-07,0.151681
特朗普,认为恐怖,台积电,2024-11-07,0.151681
特朗普,认为恐怖,台积电,2024-11-07,0.151681
特朗普,认为恐怖,台积电,2024-11-07,0.151681
特朗普,认为恐怖,台积电,2024-11-07,0.151681
特朗普,认为恐怖,台积电,2024-11-07,0.151681
特朗普,认为违规,台积电,2025-02-14,0.151644
特朗普,感到不满,台积电,2024-11-30,0.151543
特朗普,威胁,台积电,2025-04-13,0.151516
特朗普,威胁,台积电,2025-04-13,0.151516
特朗普,威胁,台积电,2025-04-13,0.151516
特朗普,威胁,台积电,2025-04-13,0.151516
高盛,威胁,台积电,2025-04-17,0.151200
特朗普,认为违规,台积电,2025-04-13,0.150963
特朗普,认为违规,台积电,2025-04-13,0.150963
特朗普,认为违规,台积电,2025-04-13,0.150963
特朗普,认为优秀,台积电,2025-04-11,0.150833
特朗普,认为优秀,台积电,2025-03-11,0.150833
特朗普,认为优秀,台积电,2025-03-11,0.150833
特朗普,认为优秀,台积电,2025-03-11,0.150833
特朗普,认为优秀,台积电,2025-03-11,0.150833
特朗普,认为优秀,台积电,2025-03-11,0.150833
特朗普,认为优秀,台积电,2025-03-11,0.150833
特朗普,认为犯罪,台积电,2024-11-07,0.149897
特朗普,认为犯罪,台积电,2024-11-07,0.149897
特朗普,认为犯罪,台积电,2024-11-07,0.149897
特朗普,认为缺乏,台积电,2025-03-11,0.149620
特朗普,认为缺乏,台积电,2025-03-11,0.149620
苏珊·弗雷,认可,《巴伦周刊》,2025-04-23,0.149459
特朗普,担忧,台积电,2024-11-22,0.149363
特朗普,欢迎,台积电,2025-04-15,0.148739
特朗普,质疑,台积电,2025-04-08,0.147803
特朗普,质疑,台积电,2025-04-08,0.147803
特朗普,欢迎,台积电,2025-04-14,0.147547
特朗普,威胁征税,台积电,2025-04-09,0.147206
台积电,质疑,英伟达,2024-11-25,0.146750
特朗普,担忧,台积电,2025-03-11,0.146567
特朗普,担忧,台积电,2025-03-11,0.146567
特朗普,担忧,台积电,2025-03-11,0.146567
特朗普,担忧,台积电,2025-03-11,0.146567
特朗普,担忧,台积电,2025-03-11,0.146567
特朗普,担忧,台积电,2025-03-11,0.146567
特朗普,担忧,台积电,2025-03-11,0.146567
特朗普,认为优秀,台积电,2025-04-17,0.143181
亚利桑那州,认为优秀,台积电,2025-04-15,0.142817
特朗普,担忧,台积电,2025-04-18,0.142397
亚利桑那州,认为优秀,台积电,2025-04-18,0.141731
特朗普,质疑,台积电,2024-11-30,0.141706
特朗普,认为优秀,台积电,2025-04-16,0.141467
特朗普,认为优秀,台积电,2025-04-16,0.141467
特朗普,担忧,台积电,2025-04-17,0.140889
特朗普,担忧,台积电,2025-04-17,0.140889
特朗普,担忧,台积电,2025-04-12,0.140589
特朗普,担忧,台积电,2024-11-12,0.140589
特朗普,担忧,台积电,2024-11-12,0.140589
特朗普,认为可靠,台积电,2025-03-25,0.140293
特朗普,认为优秀,台积电,2025-04-15,0.139998
特朗普,认为优秀,台积电,2025-04-15,0.139998
特朗普,认为优秀,台积电,2025-02-15,0.139998
特朗普,感到不满,台积电,2024-11-10,0.139751
特朗普,感到不满,台积电,2024-11-10,0.139751
特朗普,感到不满,台积电,2024-11-10,0.139751
特朗普,感到不满,台积电,2024-11-10,0.139751
特朗普,认为可靠,台积电,2024-11-10,0.139655
特朗普,认为可靠,台积电,2024-11-10,0.139655
特朗普,认为可靠,台积电,2024-11-10,0.139655
特朗普,认为可靠,台积电,2025-04-10,0.139655
特朗普,认为可靠,台积电,2025-04-10,0.139655
特朗普,担忧,台积电,2025-04-16,0.139542
特朗普,担忧,台积电,2025-04-16,0.139542
特朗普,担忧,台积电,2025-04-16,0.139542
特朗普,担忧,台积电,2025-04-16,0.139542
美国,增进,台积电,2025-04-14,0.138994
特朗普,认为优秀,台积电,2025-04-14,0.138804
特朗普,担忧,台积电,2025-02-15,0.138380
特朗普,担忧,台积电,2025-02-15,0.138380
美国,增进,台积电,2025-04-13,0.138233
特朗普,认为优秀,台积电,2025-01-13,0.138156
特朗普,认为优秀,台积电,2025-04-13,0.138156
特朗普,认为优秀,台积电,2025-04-13,0.138156
美国,增进,台积电,2025-04-16,0.138046
美国,增进,台积电,2025-01-16,0.138046
特朗普,认可,台积电,2024-11-07,0.137652
特朗普,认可,台积电,2024-11-07,0.137652
特朗普,认可,台积电,2024-11-07,0.137652
特朗普,认可,台积电,2024-11-07,0.137652
特朗普,认可,台积电,2024-11-07,0.137652
特朗普,认可,台积电,2024-11-07,0.137652
苏珊·弗雷,认可,《巴伦》,2025-04-10,0.137524
特朗普,担忧,台积电,2025-04-13,0.136886
特朗普,担忧,台积电,2025-04-13,0.136886
特朗普,担忧,台积电,2025-04-13,0.136886
特朗普,担忧,台积电,2025-04-13,0.136886
特朗普,担忧,台积电,2025-04-13,0.136886
台积电,欢迎,苹果,2024-11-26,0.136721
特朗普,认为可靠,台积电,2025-04-23,0.136495
英伟达,主导,台积电,2024-11-16,0.136214
特朗普,支持,台积电,2024-11-07,0.135708
特朗普,支持,台积电,2024-11-07,0.135708
特朗普,支持,台积电,2024-11-07,0.135708
特朗普,支持,台积电,2024-11-07,0.135708
特朗普,支持,台积电,2024-11-07,0.135708
特朗普,支持,台积电,2024-11-07,0.135708
特朗普,认为犯罪,台积电,2024-11-30,0.135424
特朗普,认为恐怖,台积电,2024-11-30,0.135374
习近平,认为有威胁,台积电,2024-11-29,0.134367
特朗普,认为可靠,台积电,2025-03-11,0.132128
特朗普,认为可靠,台积电,2025-03-11,0.132128
特朗普,认为可靠,台积电,2025-03-11,0.132128
特朗普,认为可靠,台积电,2025-03-11,0.132128
特朗普,认为可靠,台积电,2025-03-11,0.132128
特朗普,感到不满,台积电,2025-03-11,0.132050
特朗普,感到不满,台积电,2025-03-11,0.132050
台湾,感到满意,台积电,2025-03-30,0.131906
台积电,欢迎,苹果,2024-11-25,0.130841
特朗普,认为恐怖,台积电,2025-02-09,0.130535
英伟达,威胁,台积电,2025-04-17,0.130394
特朗普,质疑,台积电,2024-11-10,0.130083
特朗普,质疑,台积电,2024-11-10,0.130083
特朗普,质疑,台积电,2024-11-10,0.130083
特朗普,质疑,台积电,2024-11-10,0.130083
特朗普,质疑,台积电,2024-11-10,0.130083
特朗普,质疑,台积电,2024-11-10,0.130083
特朗普,质疑,台积电,2024-11-10,0.130083
特朗普,质疑,台积电,2024-11-10,0.130083
特朗普,质疑,台积电,2024-11-10,0.130083
特朗普,质疑,台积电,2024-11-10,0.130083
特朗普,质疑,台积电,2024-11-10,0.130083
特朗普,质疑,台积电,2024-11-10,0.130083
特朗普,质疑,台积电,2024-11-10,0.130083
特朗普,质疑,台积电,2024-11-10,0.130083
特朗普,质疑,台积电,2024-11-10,0.130083
特朗普,质疑,台积电,2024-11-10,0.130083
特朗普,质疑,台积电,2025-04-10,0.130083
特朗普,质疑,台积电,2025-04-10,0.130083
特朗普,质疑,台积电,2024-11-10,0.130083
特朗普,认可,台积电,2025-04-08,0.129946
特朗普,认为失败,台积电,2024-11-07,0.128822
特朗普,认为失败,台积电,2024-11-07,0.128822
特朗普,认为可靠,台积电,2025-04-18,0.128371
特朗普,支持,台积电,2025-04-08,0.128228
特朗普,认为可靠,台积电,2025-04-17,0.127009
特朗普,认为可靠,台积电,2025-04-16,0.125821
特朗普,认为可靠,台积电,2025-04-16,0.125821
特朗普,认为可靠,台积电,2025-04-16,0.125821
特朗普,感到不满,台积电,2025-04-16,0.125638
特朗普,感到不满,台积电,2025-04-16,0.125638
英伟达,质疑,台积电,2025-04-14,0.125321
特朗普,认为可靠,台积电,2025-04-15,0.124785
特朗普,质疑,台积电,2024-11-22,0.124720
特朗普,质疑,台积电,2024-11-22,0.124720
特朗普,感到不满,台积电,2025-04-15,0.124581
特朗普,认为犯罪,台积电,2024-11-10,0.124519
特朗普,认为可靠,台积电,2025-04-14,0.123926
特朗普,感到不满,台积电,2025-04-14,0.123719
特朗普,认为可靠,台积电,2025-04-13,0.123446
特朗普,认为可靠,台积电,2025-04-13,0.123446
特朗普,感到不满,台积电,2025-04-13,0.123236
特朗普,感到不满,台积电,2025-04-13,0.123236
特朗普,感到不满,台积电,2025-04-13,0.123236
特朗普,感到不满,台积电,2025-02-13,0.123236
特朗普,感到不满,台积电,2025-02-13,0.123236
特朗普,感到不满,台积电,2025-02-13,0.123236
特朗普,批评,台积电,2025-04-05,0.122740
特朗普,批评,台积电,2024-11-05,0.122740
特朗普,批评,台积电,2024-11-05,0.122740
特朗普,批评,台积电,2024-11-05,0.122740
特朗普,批评,台积电,2024-11-05,0.122740
特朗普,批评,台积电,2024-11-05,0.122740
特朗普,批评,台积电,2024-11-05,0.122740
特朗普,质疑,台积电,2025-03-11,0.122363
特朗普,质疑,台积电,2025-03-11,0.122363
特朗普,质疑,台积电,2025-03-11,0.122363
特朗普,质疑,台积电,2025-03-11,0.122363
特朗普,质疑,台积电,2025-03-11,0.122363
特朗普,质疑,台积电,2025-03-11,0.122363
特朗普,认可,台积电,2025-02-09,0.122038
特朗普,攻击,台积电,2025-03-05,0.121258
特朗普,攻击,台积电,2025-03-05,0.121258
特朗普,认为犯罪,台积电,2024-12-23,0.120876
特朗普,认为犯罪,台积电,2024-11-22,0.118844
特朗普,认为犯罪,台积电,2024-11-22,0.118844
特朗普,认为有成就,台积电,2024-11-10,0.118729
特朗普,认为有成就,台积电,2025-04-10,0.118729
特朗普,质疑,台积电,2025-04-18,0.117884
摩根士丹利,认可,台积电,2024-12-29,0.117197
特朗普,质疑,台积电,2025-04-17,0.116458
特朗普,质疑,台积电,2025-04-17,0.116458
特朗普,质疑,台积电,2025-04-12,0.116330
特朗普,质疑,台积电,2024-11-12,0.116330
特朗普,质疑,台积电,2024-11-12,0.116330
台积电,认为优秀,苹果,2025-02-03,0.116157
川普总统,喜欢,台积电,2025-04-16,0.115374
特朗普,认可,台积电,2025-03-25,0.115314
特朗普,质疑,台积电,2025-04-16,0.115049
特朗普,质疑,台积电,2025-04-16,0.115049
特朗普,质疑,台积电,2025-04-16,0.115049
特朗普,质疑,台积电,2025-04-16,0.115049
特朗普,质疑,台积电,2025-04-16,0.115049
特朗普,质疑,台积电,2025-04-16,0.115049
特朗普,认可,台积电,2024-11-10,0.114776
特朗普,认可,台积电,2024-11-10,0.114776
特朗普,认可,台积电,2024-11-10,0.114776
特朗普,认可,台积电,2024-11-10,0.114776
特朗普,认可,台积电,2024-11-10,0.114776
特朗普,认可,台积电,2024-11-10,0.114776
特朗普,认可,台积电,2024-11-10,0.114776
特朗普,认可,台积电,2025-04-10,0.114776
特朗普,认可,台积电,2025-04-10,0.114776
特朗普,认可,台积电,2025-04-10,0.114776
特朗普,质疑,台积电,2025-04-13,0.114536
特朗普,质疑,台积电,2025-04-13,0.114536
特朗普,质疑,台积电,2025-04-13,0.114536
特朗普,质疑,台积电,2025-04-13,0.114536
特朗普,质疑,台积电,2025-04-13,0.114536
特朗普,质疑,台积电,2025-04-13,0.114536
特朗普,认为恐怖,台积电,2024-11-10,0.114396
特朗普,认为恐怖,台积电,2024-11-10,0.114396
特朗普,认为恐怖,台积电,2024-11-10,0.114396
特朗普,认为恐怖,台积电,2024-11-10,0.114396
特朗普,质疑,台积电,2024-11-14,0.114383
特朗普,认为失败,台积电,2024-11-09,0.114189
特朗普,认为失败,台积电,2025-02-09,0.114189
特朗普,认为失败,台积电,2025-04-09,0.114189
特朗普,支持,台积电,2025-03-25,0.114076
特朗普,支持,台积电,2025-03-25,0.114076
华盛顿,批评,台积电,2024-11-07,0.113928
特朗普,质疑,台积电,2025-02-15,0.113913
特朗普,质疑,台积电,2025-02-15,0.113913
特朗普,支持,台积电,2024-11-10,0.113533
特朗普,支持,台积电,2024-11-10,0.113533
特朗普,支持,台积电,2024-11-10,0.113533
特朗普,支持,台积电,2025-04-10,0.113533
特朗普,支持,台积电,2025-04-10,0.113533
特朗普,支持,台积电,2025-04-10,0.113533
台积电,欣赏,苹果,2024-11-25,0.113154
白宫,支持,台积电,2024-11-14,0.111554
特朗普,认为犯罪,台积电,2025-04-17,0.111219
特朗普,认可,台积电,2024-11-22,0.110644
特朗普,认为有成就,台积电,2025-03-11,0.110612
特朗普,批评,台积电,2024-11-07,0.110109
特朗普,批评,台积电,2024-11-07,0.110109
特朗普,批评,台积电,2024-11-07,0.110109
特朗普,批评,台积电,2024-11-07,0.110109
特朗普,批评,台积电,2024-11-07,0.110109
特朗普,支持,台积电,2024-11-22,0.109395
特朗普,感到满意,台积电,2025-04-03,0.109019
特朗普,损害,台积电,2025-03-05,0.108559
特朗普,损害,台积电,2025-03-05,0.108559
特朗普,损害,台积电,2025-03-05,0.108559
特朗普,认可,台积电,2025-03-11,0.108345
特朗普,认可,台积电,2025-03-11,0.108345
特朗普,认可,台积电,2025-03-11,0.108345
特朗普,认可,台积电,2025-03-11,0.108345
特朗普,认可,台积电,2025-03-11,0.108345
特朗普,认可,台积电,2025-03-11,0.108345
特朗普,认可,台积电,2025-03-11,0.108345
特朗普,攻击,台积电,2024-11-07,0.107879
特朗普,攻击,台积电,2024-11-07,0.107879
特朗普,攻击,台积电,2024-11-07,0.107879
特朗普,攻击,台积电,2024-11-07,0.107879
特朗普,攻击,台积电,2024-11-07,0.107879
特朗普,认为犯罪,台积电,2025-04-13,0.107771
特朗普,认为犯罪,台积电,2025-04-13,0.107771
英伟达,认为优秀,台积电,2024-11-16,0.107747
英伟达,认为优秀,台积电,2024-11-16,0.107747
特朗普,认为失败,台积电,2024-11-10,0.107531
特朗普,认为失败,台积电,2024-11-10,0.107531
特朗普,认为失败,台积电,2024-11-10,0.107531
特朗普,认为失败,台积电,2024-11-10,0.107531
特朗普,认为失败,台积电,2025-04-10,0.107531
特朗普,认为失败,台积电,2025-04-10,0.107531
特朗普,支持,台积电,2025-03-11,0.107292
特朗普,支持,台积电,2025-03-11,0.107292
特朗普,支持,台积电,2025-03-11,0.107292
特朗普,支持,台积电,2025-03-11,0.107292
特朗普,支持,台积电,2025-03-11,0.107292
特朗普,支持,台积电,2025-03-11,0.107292
特朗普,支持,台积电,2025-03-11,0.107292
特朗普,支持,台积电,2025-03-11,0.107292
特朗普,认为有暴力,台积电,2025-03-05,0.106807
亚利桑那州,支持,台积电,2024-11-14,0.106541
白宫,批评,台积电,2025-04-02,0.104236
特朗普,支持,台积电,2025-04-18,0.104146
习近平,威胁,台积电,2024-11-29,0.103857
特朗普,认可,台积电,2025-04-18,0.103819
特朗普,认为失败,台积电,2024-11-22,0.103650
特朗普,批评,台积电,2025-04-08,0.103514
特朗普,支持,台积电,2024-11-12,0.102793
特朗普,支持,台积电,2024-11-12,0.102793
特朗普,认可,台积电,2025-03-17,0.102353
特朗普,认可,台积电,2025-04-17,0.102353
特朗普,增进,台积电,2025-03-05,0.102251
特朗普,认可,台积电,2024-11-12,0.102246
特朗普,认可,台积电,2024-11-12,0.102246
特朗普,支持,台积电,2025-04-16,0.102008
特朗普,支持,台积电,2025-04-16,0.102008
台积电,损害,美国,2024-11-04,0.101973
特朗普,认为失败,台积电,2025-03-11,0.101687
特朗普,认为失败,台积电,2025-03-11,0.101687
特朗普,认为失败,台积电,2025-03-11,0.101687
特朗普,认为失败,台积电,2025-03-11,0.101687
特朗普,支持,台积电,2025-04-15,0.101151
特朗普,支持,台积电,2025-02-15,0.101151
特朗普,支持,台积电,2025-02-15,0.101151
特朗普,认为失败,台积电,2025-04-13,0.101062
特朗普,认为失败,台积电,2025-04-13,0.101062
特朗普,认可,台积电,2025-04-16,0.101046
特朗普,认可,台积电,2025-04-16,0.101046
特朗普,认可,台积电,2025-04-16,0.101046
特朗普,认可,台积电,2025-04-16,0.101046
特朗普,攻击,台积电,2025-04-08,0.100867
特朗普,攻击,台积电,2025-04-08,0.100867
特朗普,攻击,台积电,2025-04-08,0.100867
特朗普,攻击,台积电,2025-04-08,0.100867
特朗普,攻击,台积电,2025-04-08,0.100867
特朗普,支持,台积电,2025-02-14,0.100448
特朗普,支持,台积电,2025-04-14,0.100448
特朗普,支持,台积电,2025-04-13,0.100043
特朗普,支持,台积电,2025-04-13,0.100043
特朗普,支持,台积电,2025-04-13,0.100043
特朗普,认可,台积电,2025-04-15,0.099934
特朗普,认可,台积电,2025-02-15,0.099934
特朗普,认可,台积电,2025-02-15,0.099934
特朗普,认可,台积电,2025-02-14,0.099053
特朗普,认可,台积电,2025-04-14,0.099053
特朗普,认为恐怖,台积电,2025-03-11,0.098981
特朗普,认为恐怖,台积电,2025-03-11,0.098981
特朗普,认为恐怖,台积电,2025-03-11,0.098981
特朗普,认可,台积电,2025-04-13,0.098576
特朗普,认可,台积电,2025-04-13,0.098576
特朗普,认可,台积电,2025-04-13,0.098576
特朗普,认可,台积电,2025-04-13,0.098576
特朗普,认可,台积电,2025-04-13,0.098576
特朗普,认为失败,台积电,2025-04-17,0.098519
特朗普,损害,台积电,2024-11-07,0.097725
特朗普,损害,台积电,2024-11-07,0.097725
特朗普,损害,台积电,2024-11-07,0.097725
特朗普,损害,台积电,2024-11-07,0.097725
特朗普,损害,台积电,2024-11-07,0.097725
百度,主导,台积电,2024-11-07,0.096381
特朗普,认为有暴力,台积电,2024-11-07,0.095681
特朗普,认为有暴力,台积电,2024-11-07,0.095681
特朗普,认为有暴力,台积电,2024-11-07,0.095681
特朗普,认为有暴力,台积电,2024-11-07,0.095681
特朗普,认为有暴力,台积电,2024-11-07,0.095681
特朗普,攻击,台积电,2025-02-09,0.093585
特朗普,攻击,台积电,2025-04-09,0.093585
特朗普,攻击,台积电,2025-04-09,0.093585
特朗普,攻击,台积电,2025-04-09,0.093585
特朗普,攻击,台积电,2025-04-09,0.093585
台积电,增进,美国,2025-04-02,0.092362
台积电,增进,美国,2025-03-03,0.092140
特朗普,损害,台积电,2025-04-08,0.092053
特朗普,损害,台积电,2025-04-08,0.092053
特朗普,损害,台积电,2025-04-08,0.092053
特朗普,损害,台积电,2025-04-08,0.092053
特朗普,增进,台积电,2024-11-07,0.091903
特朗普,增进,台积电,2024-11-07,0.091903
特朗普,增进,台积电,2024-11-07,0.091903
特朗普,增进,台积电,2024-11-07,0.091903
特朗普,增进,台积电,2024-11-07,0.091903
特朗普,增进,台积电,2024-11-07,0.091903
台积电,建设工厂,亚利桑那州,2024-11-15,0.091823
台积电,增进,美国,2025-04-07,0.091701
台积电,增进,美国,2025-04-07,0.091701
台积电,增进,美国,2025-03-05,0.091659
台积电,感谢,特朗普,2024-11-12,0.091278
特朗普,攻击,台积电,2025-03-27,0.090483
台积电,增进,美国,2025-04-08,0.090448
特朗普,认为有暴力,台积电,2025-04-08,0.089896
台湾科技公司,威胁,台积电,2025-04-17,0.089659
布莱特·沙弗,支持,《巴伦周刊》,2025-04-23,0.089117
基思·诺兰,认可,《巴伦周刊》,2025-04-10,0.088813
特朗普,损害,台积电,2024-11-30,0.088310
政府,欢迎,台积电,2025-04-16,0.087696
特朗普,认为恐怖,台积电,2025-04-17,0.087358
特朗普,攻击,台积电,2025-02-25,0.087265
苏珊·弗雷,支持,《巴伦周刊》,2025-04-23,0.086423
特朗普,损害,台积电,2025-02-09,0.086201
特朗普,损害,台积电,2025-04-09,0.086201
特朗普,损害,台积电,2025-04-09,0.086201
特朗普,损害,台积电,2025-04-09,0.086201
特朗普,损害,台积电,2025-04-09,0.086201
特朗普,损害,台积电,2025-04-09,0.086201
特朗普,损害,台积电,2025-04-09,0.086201
特朗普,损害,台积电,2025-04-09,0.086201
特朗普,认为有暴力,台积电,2024-11-30,0.085864
台积电,认为可靠,苹果,2024-11-25,0.085615
特朗普,批评,台积电,2024-11-10,0.085572
特朗普,批评,台积电,2024-11-10,0.085572
特朗普,批评,台积电,2024-11-10,0.085572
特朗普,批评,台积电,2024-11-10,0.085572
特朗普,批评,台积电,2024-11-10,0.085572
特朗普,批评,台积电,2024-11-10,0.085572
特朗普,批评,台积电,2024-11-10,0.085572
特朗普,批评,台积电,2024-11-10,0.085572
特朗普,批评,台积电,2024-11-10,0.085572
特朗普,批评,台积电,2024-11-10,0.085572
特朗普,批评,台积电,2024-11-10,0.085572
特朗普,批评,台积电,2024-11-10,0.085572
特朗普,批评,台积电,2024-11-10,0.085572
特朗普,批评,台积电,2024-11-10,0.085572
特朗普,批评,台积电,2024-11-10,0.085572
特朗普,批评,台积电,2024-11-10,0.085572
特朗普,批评,台积电,2025-04-10,0.085572
特朗普,批评,台积电,2024-11-10,0.085572
特朗普,批评,台积电,2024-11-10,0.085572
特朗普,批评,台积电,2024-11-10,0.085572
特朗普,认为恐怖,台积电,2025-04-16,0.085083
特朗普,感到满意,台积电,2025-04-08,0.085072
特朗普,感到满意,台积电,2025-04-08,0.085072
川普总统,欣赏,台积电,2025-04-16,0.084115
特朗普,损害,台积电,2025-03-27,0.083889
特朗普,认为有暴力,台积电,2025-04-09,0.083849
政府,相信,台积电,2025-04-16,0.083179
特朗普,认为恐怖,台积电,2025-02-15,0.083154
特朗普,损害,台积电,2025-03-25,0.081360
特朗普,损害,台积电,2025-02-25,0.081360
台积电,增进,美国,2025-03-24,0.081123
特朗普,损害,台积电,2024-11-10,0.080967
特朗普,损害,台积电,2024-11-10,0.080967
特朗普,损害,台积电,2024-11-10,0.080967
特朗普,损害,台积电,2025-04-10,0.080967
特朗普,损害,台积电,2024-11-10,0.080967
特朗普,增进,台积电,2024-11-09,0.080959
特朗普,增进,台积电,2025-02-09,0.080959
特朗普,增进,台积电,2025-04-09,0.080959
特朗普,认为恐怖,台积电,2025-04-13,0.080904
特朗普,认为恐怖,台积电,2025-04-13,0.080904
特朗普,认为恐怖,台积电,2025-04-13,0.080904
特朗普,攻击,台积电,2025-03-11,0.080703
特朗普,攻击,台积电,2025-03-11,0.080703
特朗普,攻击,台积电,2025-03-11,0.080703
台积电,达成协议,美国,2024-11-15,0.079949
台积电,认为可靠,英伟达,2024-11-25,0.079472
特朗普,增进,台积电,2025-03-27,0.078760
特朗普,认为有暴力,台积电,2024-11-10,0.078445
特朗普,认为有暴力,台积电,2024-11-10,0.078445
台积电,增进,美国,2025-04-18,0.076782
台积电,认为可靠,台积电,2025-04-23,0.076489
台积电,认为可靠,台积电,2025-04-23,0.076489
特朗普,增进,台积电,2025-03-25,0.076338
特朗普,增进,台积电,2025-03-25,0.076338
特朗普,增进,台积电,2025-02-25,0.076338
特朗普,损害,台积电,2024-11-11,0.076148
特朗普,损害,台积电,2024-11-11,0.076148
特朗普,损害,台积电,2025-03-11,0.076148
特朗普,损害,台积电,2025-03-11,0.076148
特朗普,损害,台积电,2025-03-11,0.076148
特朗普,批评,台积电,2024-11-22,0.076116
特朗普,批评,台积电,2024-11-22,0.076116
特朗普,攻击,台积电,2025-04-17,0.076078
特朗普,攻击,台积电,2024-11-12,0.075988
特朗普,增进,台积电,2025-04-10,0.075967
特朗普,增进,台积电,2025-04-10,0.075967
特朗普,增进,台积电,2025-04-10,0.075967
特朗普,感到满意,台积电,2025-03-25,0.075420
台积电,增进,美国,2025-04-17,0.075316
台积电,认可,苹果,2024-11-25,0.075158
特朗普,攻击,台积电,2025-04-16,0.075131
特朗普,攻击,台积电,2025-04-16,0.075131
特朗普,感到满意,台积电,2025-04-10,0.075039
特朗普,感到满意,台积电,2025-04-10,0.075039
台积电,相信,台积电,2024-11-07,0.074861
特朗普,增进,台积电,2025-04-13,0.074359
特朗普,增进,台积电,2025-04-14,0.074261
Intel,担忧,台积电,2025-03-27,0.074174
台积电,增进,美国,2025-04-16,0.074004
台积电,增进,美国,2025-04-16,0.074004
约翰尼·里斯,认可,《巴伦周刊》,2025-04-03,0.073980
约翰尼·里斯,认可,《巴伦周刊》,2025-04-03,0.073980
特朗普,增进,台积电,2025-02-15,0.073938
特朗普,增进,台积电,2025-02-15,0.073938
特朗普,损害,台积电,2025-04-18,0.073599
特朗普,损害,台积电,2024-11-18,0.073599
特朗普,损害,台积电,2024-11-18,0.073599
特朗普,损害,台积电,2024-11-18,0.073599
特朗普,损害,台积电,2024-11-18,0.073599
特朗普,损害,台积电,2024-11-18,0.073599
特朗普,损害,台积电,2024-11-18,0.073599
特朗普,增进,台积电,2025-04-16,0.073495
特朗普,攻击,台积电,2025-04-13,0.073328
特朗普,攻击,台积电,2025-04-13,0.073328
特朗普,攻击,台积电,2025-03-13,0.073328
特朗普,认为有暴力,台积电,2025-03-11,0.073086
特朗普,认为有暴力,台积电,2025-03-11,0.073086
特朗普,认为有暴力,台积电,2025-03-11,0.073086
特朗普,批评,台积电,2025-03-11,0.073061
特朗普,批评,台积电,2025-03-11,0.073061
特朗普,批评,台积电,2025-03-11,0.073061
特朗普,批评,台积电,2025-03-11,0.073061
特朗普,批评,台积电,2025-03-11,0.073061
特朗普,批评,台积电,2025-03-11,0.073061
台积电,增进,美国,2025-04-15,0.072863
特朗普,损害,台积电,2025-04-17,0.072765
特朗普,损害,台积电,2025-03-17,0.072765
特朗普,损害,台积电,2025-04-17,0.072765
特朗普,损害,台积电,2025-04-17,0.072765
特朗普,损害,台积电,2025-04-17,0.072765
特朗普,损害,台积电,2025-04-17,0.072765
台积电,建设,亚利桑那州,2024-11-29,0.072635
特朗普,损害,台积电,2024-11-12,0.072597
特朗普,损害,台积电,2025-04-12,0.072597
特朗普,损害,台积电,2025-04-12,0.072597
特朗普,损害,台积电,2024-11-12,0.072597
特朗普,损害,台积电,2024-11-12,0.072597
特朗普,损害,台积电,2024-11-12,0.072597
台积电,增进,美国,2025-02-13,0.072589
台积电,增进,美国,2025-02-13,0.072589
台积电,增进,美国,2025-02-13,0.072589
特朗普,增进,台积电,2025-02-18,0.072448
特朗普,感谢,台积电,2024-11-12,0.072336
特朗普,感谢,台积电,2024-11-12,0.072336
特朗普,损害,台积电,2025-04-16,0.072032
特朗普,损害,台积电,2025-04-16,0.072032
特朗普,损害,台积电,2025-04-16,0.072032
特朗普,损害,台积电,2025-04-16,0.072032
台积电,增进,美国,2025-04-14,0.071931
特朗普,增进,台积电,2025-03-11,0.071547
特朗普,增进,台积电,2025-03-11,0.071547
特朗普,增进,台积电,2025-03-11,0.071547
特朗普,损害,台积电,2025-04-15,0.071407
美银,相信,台积电,2025-04-07,0.071249
美银,相信,台积电,2025-04-07,0.071249
特朗普,感到满意,台积电,2025-03-11,0.070887
特朗普,感到满意,台积电,2025-03-11,0.070887
特朗普,感到满意,台积电,2025-03-11,0.070887
特朗普,感到满意,台积电,2025-03-11,0.070887
特朗普,损害,台积电,2025-04-13,0.070587
特朗普,损害,台积电,2024-11-13,0.070587
特朗普,损害,台积电,2025-04-13,0.070587
特朗普,损害,台积电,2025-04-13,0.070587
特朗普,损害,台积电,2025-03-13,0.070587
特朗普,认为有暴力,台积电,2025-04-17,0.069598
特朗普,认为有暴力,台积电,2025-04-16,0.068847
摩根士丹利,增进,台积电,2024-11-11,0.068534
特朗普,认为有暴力,台积电,2025-02-15,0.068198
Intel,质疑,台积电,2025-03-27,0.068086
台积电,认为优秀,苹果,2024-11-25,0.067597
特朗普,认为有暴力,台积电,2025-04-13,0.067385
特朗普,认为有暴力,台积电,2025-04-13,0.067385
特朗普,感到满意,台积电,2025-04-16,0.066737
华盛顿,损害,台积电,2025-04-17,0.066487
贸易战,认为有威胁,台积电,2025-04-15,0.066199
特朗普,感到满意,台积电,2025-04-15,0.065998
特朗普,感到满意,台积电,2025-02-15,0.065998
特朗普,感到满意,台积电,2025-02-15,0.065998
特朗普,感到满意,台积电,2025-02-14,0.065383
特朗普,感到满意,台积电,2025-04-14,0.065383
台积电,损害,美国,2024-11-13,0.065354
特朗普,感到满意,台积电,2025-04-13,0.065053
特朗普,感到满意,台积电,2025-04-13,0.065053
特朗普,感到满意,台积电,2025-04-13,0.065053
政府,认为热情,台积电,2025-04-16,0.064668
特朗普,批评,台积电,2024-11-12,0.063846
特朗普,批评,台积电,2025-04-17,0.063630
乔·拜登,认为优秀,台积电,2024-11-17,0.063295
台积电,视作英雄,特朗普,2024-11-07,0.062413
台积电,认为优秀,英伟达,2024-11-25,0.061947
特朗普,批评,台积电,2025-04-16,0.061791
特朗普,批评,台积电,2025-04-16,0.061791
特朗普,批评,台积电,2025-04-16,0.061791
半导体,认为有威胁,台积电,2025-02-09,0.061027
特朗普,批评,台积电,2025-02-15,0.060254
特朗普,批评,台积电,2025-02-15,0.060254
Heim,相信,台积电,2025-04-08,0.060107
政府,认为优秀,台积电,2025-04-16,0.059376
特朗普,批评,台积电,2025-04-13,0.058451
特朗普,批评,台积电,2025-04-13,0.058451
特朗普,批评,台积电,2025-04-13,0.058451
特朗普,批评,台积电,2025-04-13,0.058451
特朗普,批评,台积电,2025-04-13,0.058451
特朗普,批评,台积电,2025-04-13,0.058451
特朗普,批评,台积电,2025-04-13,0.058451
美国,主导,《CHIPS法案》,2024-12-02,0.058422
台积电,认可,台积电,2024-11-07,0.057866
白宫,增进,台积电,2025-04-02,0.057801
政府,认为可靠,台积电,2025-04-16,0.057168
特朗普,认为有威胁,印度,2025-04-24,0.056979
特朗普,认为有威胁,印度,2025-04-24,0.056979
特朗普,认为有威胁,印度,2025-04-24,0.056979
川普总统,认为恐怖,台积电,2025-04-16,0.056937
政府,欣赏,台积电,2025-04-16,0.055894
川普总统,质疑,台积电,2025-04-16,0.055751
台积电,攻击,苹果,2024-11-22,0.055588
华为技术有限公司,攻击,台积电,2025-04-21,0.055524
川普总统,认为热情,台积电,2025-04-16,0.055282
乔·拜登,认为可靠,台积电,2024-11-17,0.054673
白宫,损害,台积电,2025-04-02,0.054506
政府,认可,台积电,2025-04-16,0.054448
华为技术有限公司,攻击,台积电,2025-04-20,0.054061
政府,认为有成就,台积电,2025-04-16,0.053194
陈立武,欣赏,台积电,2025-04-25,0.052997
Heim,认为有威胁,台积电,2025-04-08,0.052694
路透社,认为非法,台积电,2024-11-07,0.052675
半导体,相信,台积电,2024-11-11,0.051831
帕特·基辛格,认为有威胁,台积电,2024-12-02,0.051295
波士顿咨询集团,认为优秀,台积电,2025-02-11,0.050306
路透社,认为有危机,台积电,2025-04-06,0.049466
印度,主导,贸易战,2025-04-13,0.049333
摩根士丹利资本国际,喜欢,台积电,2025-04-24,0.049260
高雄,主导,台积电,2025-03-31,0.048979
摩根士丹利资本国际,相信,台积电,2025-04-24,0.048624
政府,喜欢,台积电,2025-04-16,0.048359
台积电,感到不满,格尔辛格,2024-12-09,0.047602
乔·拜登,质疑,台积电,2024-11-17,0.047482
路透社,认为有危机,台积电,2025-04-07,0.046941
路透社,认为有危机,台积电,2025-04-07,0.046941
帕特·基辛格,认为有危机,台积电,2024-12-02,0.046915
美银,认为可靠,台积电,2025-04-07,0.046822
美银,认为可靠,台积电,2025-04-07,0.046822
川普总统,感到不满,台积电,2025-04-16,0.046709
台积电,主导,芯片,2024-12-20,0.046535
Heim,认为非法,台积电,2025-04-08,0.046367
CNBC,认可,台积电,2024-12-16,0.046321
台积电,质疑,台积电,2024-11-07,0.046314
半导体,质疑,台积电,2024-11-11,0.046188
百度,认可,台积电,2024-11-07,0.045719
格尔辛格,认为有危机,台积电,2024-12-02,0.045517
台积电,主导,芯片,2024-12-12,0.045459
CNA,相信,台积电,2024-11-03,0.044720
格尔辛格,认为有威胁,台积电,2024-12-02,0.044587
道明财富,主导,台积电,2025-04-25,0.044559
路透社,认为有危机,台积电,2025-04-08,0.044353
路透社,认为有危机,台积电,2025-04-08,0.044353
半导体,认为违规,台积电,2024-11-11,0.044195
乔·拜登,认可,台积电,2024-11-17,0.044140
杰罗姆·鲍威尔,欣赏,台积电,2025-04-17,0.044062
杰罗姆·鲍威尔,欣赏,台积电,2025-04-17,0.044062
CNBC,质疑,台积电,2024-12-16,0.043936
路透社,认为有威胁,台积电,2024-11-06,0.043614
盖尔辛格,认为有危机,台积电,2024-11-06,0.043586
道明财富,认为可靠,台积电,2025-04-25,0.043531
川普总统,认为优秀,台积电,2025-04-16,0.043529
台积电,视作英雄,特朗普,2024-11-14,0.043339
Heim,认为可靠,台积电,2025-04-08,0.043239
路透社,认为有威胁,台积电,2025-04-07,0.042988
路透社,认为有威胁,台积电,2025-04-07,0.042988
基辛格,认为有威胁,台积电,2024-12-02,0.042942
台积电,损害,苹果,2024-11-26,0.042894
半导体,担忧,台积电,2024-11-11,0.042872
路透社,认为有威胁,台积电,2024-11-14,0.042678
台积电,支持,特朗普,2025-04-13,0.042383
摩根士丹利资本国际,欣赏,台积电,2025-04-24,0.042252
路透社,认为有威胁,台积电,2025-04-16,0.042033
半导体,主导,台积电,2024-11-11,0.041970
特朗普,主导,贸易政策,2025-04-17,0.041901
特朗普,主导,贸易政策,2025-04-17,0.041901
特朗普,主导,贸易政策,2025-04-17,0.041901
特朗普,主导,贸易政策,2025-04-17,0.041901
特朗普,主导,贸易政策,2025-04-17,0.041901
贸易战,威胁,台积电,2025-04-15,0.041754
川普总统,认为可靠,台积电,2025-04-16,0.041747
道明财富,欣赏,台积电,2025-04-25,0.041658
乔·拜登,支持,台积电,2024-11-17,0.041145
路透社,主导,台积电,2025-03-02,0.041106
特朗普,认为非法,印度,2025-04-24,0.040678
路透社,欢迎,台积电,2025-03-11,0.040433
路透社,认为有威胁,台积电,2025-04-08,0.040393
路透社,认为有威胁,台积电,2025-04-08,0.040393
特朗普,威胁,印度,2025-04-24,0.040300
特朗普,威胁,印度,2025-04-24,0.040300
台湾总统,质疑,台积电,2025-04-23,0.040243
台湾总统,质疑,台积电,2025-04-23,0.040243
台湾总统,感谢,台积电,2025-04-23,0.040191
CNBC,相信,台积电,2024-12-16,0.039857
川普总统,认可,台积电,2025-04-16,0.039693
美银,认为有威胁,台积电,2025-04-07,0.039578
川普政府,增进,贸易政策,2025-04-16,0.039322
CNBC,认为违规,台积电,2024-12-16,0.039248
台积电,损害,中国,2024-11-16,0.039141
帕特·盖尔辛格,认为有威胁,台积电,2024-11-06,0.039127
路透社,相信,台积电,2025-03-11,0.039109
路透社,相信,台积电,2025-03-11,0.039109
路透社,相信,台积电,2025-03-11,0.039109
路透社,认为有威胁,台积电,2025-03-11,0.038995
台湾总统,担忧,台积电,2025-04-18,0.038742
Heim,认为有危机,台积电,2025-04-08,0.038633
杰罗姆·鲍威尔,认为有危机,台积电,2025-04-17,0.038553
台积电,感到不满,台积电,2024-11-07,0.038498
半导体,欣赏,台积电,2024-11-11,0.038494
路透社,相信,台积电,2024-11-10,0.038444
路透社,相信,台积电,2024-11-10,0.038444
台湾总统,质疑,台积电,2025-04-18,0.038398
基辛格,认为有危机,台积电,2024-12-02,0.038338
帕特·基辛格,威胁,台积电,2024-12-02,0.038296
路透社,相信,台积电,2025-04-18,0.038258
半导体,认为优秀,台积电,2024-11-11,0.038233
特朗普,主导,贸易政策,2025-04-13,0.038035
道明财富,相信,台积电,2025-04-25,0.037942
路透社,认为违规,台积电,2024-11-14,0.037764
路透社,认为违规,台积电,2024-11-14,0.037764
台湾总统,认可,台积电,2025-04-23,0.037661
台湾总统,认可,台积电,2025-04-23,0.037661
华为技术有限公司,损害,台积电,2025-04-20,0.037634
CNBC,担忧,台积电,2024-12-16,0.037606
路透社,相信,台积电,2025-04-15,0.037517
杰罗姆·鲍威尔,认为有威胁,台积电,2025-04-17,0.037510
路透社,认为有威胁,台积电,2024-11-10,0.037437
路透社,相信,台积电,2024-11-14,0.037336
台积电,感到满意,拜登政府,2024-11-20,0.037327
道明财富,喜欢,台积电,2025-04-25,0.037314
劳拉·陈,主导,台积电,2025-03-31,0.037223
台湾总统,担忧,台积电,2025-04-23,0.037214
台积电,认为犯罪,拜登,2024-11-16,0.037041
盖尔辛格,认为有威胁,台积电,2024-11-06,0.036902
Heim,认为优秀,台积电,2025-04-08,0.036634
路透社,质疑,台积电,2024-11-14,0.036575
杰罗姆·鲍威尔,认为缺乏,台积电,2025-04-17,0.036505
台湾总统,相信,台积电,2025-04-18,0.036390
微软公司（MSFT）,主导,台积电,2024-11-03,0.036247
台湾总统,认为失败,台积电,2025-04-18,0.036244
路透社,认为有危机,台积电,2024-11-10,0.036175
台积电,损害,台湾,2025-03-05,0.036032
政府,支持,台积电,2025-04-16,0.035963
路透社,质疑,台积电,2025-04-15,0.035873
摩根士丹利资本国际,认为可靠,台积电,2025-04-24,0.035844
台湾总统,相信,台积电,2025-04-23,0.035738
摩根士丹利资本国际,认为恐怖,台积电,2025-04-24,0.035483
路透社,感到不满,台积电,2024-11-14,0.035348
英伟达,损害,台积电,2025-04-17,0.035339
英伟达,损害,台积电,2025-04-17,0.035339
半导体,认为可靠,台积电,2024-11-11,0.035333
半导体,威胁,台积电,2025-02-09,0.035290
路透社,相信,台积电,2024-11-09,0.035217
路透社,威胁,台积电,2024-11-14,0.035206
CNBC,认为优秀,台积电,2024-12-16,0.035196
布拉德·林,主导,台积电,2025-01-15,0.035183
半导体,认可,台积电,2024-11-11,0.035138
路透社,相信,台积电,2024-11-30,0.035124
台湾政府,制定政策,台积电,2024-11-29,0.035049
摩根士丹利资本国际,主导,台积电,2025-04-24,0.035006
波士顿咨询集团,质疑,台积电,2025-02-11,0.034736
台湾总统,认可,台积电,2025-04-18,0.034733
半导体,认为有成就,台积电,2024-11-11,0.034649
路透社,认为有危机,台积电,2025-03-11,0.034563
Heim,认为违规,台积电,2025-04-08,0.034506
Heim,质疑,台积电,2025-04-08,0.034445
德意志银行,质疑,台积电,2025-01-16,0.034352
路透社,担忧,台积电,2024-11-14,0.034086
摩根大通,主导,台积电,2025-04-17,0.034081
英特尔,损害,台积电,2024-12-09,0.033905
英特尔,损害,台积电,2024-12-02,0.033882
Heim,认为恐怖,台积电,2025-04-08,0.033839
路透社,认为失败,台积电,2024-11-14,0.033722
帕特·格尔辛格,认为有威胁,台积电,2024-12-09,0.033689
半导体,感到不满,台积电,2024-11-11,0.033547
路透社,担忧,台积电,2025-04-15,0.033474
川普政府,增进,关税政策,2025-04-05,0.033325
摩根士丹利资本国际,质疑,台积电,2025-04-24,0.033244
路透社,主导,台积电,2024-11-14,0.033153
路透社,主导,台积电,2024-11-14,0.033153
盖尔辛格,相信,特朗普,2025-03-27,0.033076
路透社,认为有危机,台积电,2025-04-15,0.032982
霍华德·卢特尼克,认为违规,台积电,2025-03-02,0.032921
路透社,质疑,台积电,2025-04-18,0.032919
前台湾地区领导人,主导,贸易战,2024-11-06,0.032847
路透社,认为有危机,台积电,2024-11-14,0.032820
路透社,相信,台积电,2025-04-08,0.032809
路透社,认为犯罪,台积电,2024-11-14,0.032775
美银,认为有危机,台积电,2025-04-07,0.032723
马吉华,认为有威胁,台积电,2024-11-10,0.032693
半导体,威胁,台积电,2024-11-11,0.032664
英伟达,攻击,台积电,2025-04-17,0.032630
路透社,认为可靠,台积电,2024-11-14,0.032116
英伟达,损害,台积电,2024-11-29,0.032072
加里·坦,欣赏,台积电,2025-04-17,0.031922
德意志银行,认为优秀,台积电,2025-01-16,0.031883
政府,感到满意,台积电,2025-04-16,0.031880
台积电,损害,英特尔,2025-03-11,0.031858
摩根士丹利资本国际,认为有威胁,台积电,2025-04-24,0.031822
川普总统,批评,台积电,2025-04-16,0.031610
陈其迈,主导,台积电,2024-11-25,0.031587
《金融时报》,认为有成就,台积电,2025-04-18,0.031541
台积电,支持,苹果,2024-11-25,0.031463
Heim,认可,台积电,2025-04-08,0.031171
路透社,认为优秀,台积电,2025-04-24,0.031087
路透社,认为优秀,台积电,2025-04-24,0.031087
路透社,相信,台积电,2025-04-07,0.031054
路透社,相信,台积电,2025-04-07,0.031054
霍华德·卢特尼克,威胁,台积电,2025-03-02,0.030996
杰罗姆·鲍威尔,担忧,台积电,2025-04-17,0.030948
杰罗姆·鲍威尔,担忧,台积电,2025-04-17,0.030948
杰罗姆·鲍威尔,担忧,台积电,2025-04-17,0.030948
路透社,感到不满,台积电,2024-11-10,0.030927
路透社,认为优秀,台积电,2024-11-14,0.030912
路透社,担忧,台积电,2025-04-18,0.030897
霍华德·鲁特尼克,主导,台积电,2025-03-02,0.030837
哈里哈兰,相信,台积电,2025-03-27,0.030761
魏哲家,主导,台积电,2025-04-16,0.030615
魏哲家,主导,台积电,2025-04-16,0.030615
莱夫·纳坎姆,认为有危机,台积电,2025-03-05,0.030461
路透社,认为优秀,台积电,2024-11-10,0.030315
路透社,认为优秀,台积电,2025-01-10,0.030315
路透社,认为优秀,台积电,2025-01-10,0.030315
帕特·盖尔辛格,认为有危机,台积电,2024-11-06,0.030267
路透社,主导,台积电,2024-11-11,0.030258
台积电,主导,全球扩张计划,2024-11-12,0.030252
Jim·塞默,认为有威胁,台积电,2024-11-03,0.030250
杰罗姆·鲍威尔,质疑,台积电,2025-04-17,0.030209
杰罗姆·鲍威尔,质疑,台积电,2025-04-17,0.030209
杰罗姆·鲍威尔,质疑,台积电,2025-04-17,0.030209
石原茂次郎,认为有成就,台积电,2024-11-12,0.030000
台湾总统,欣赏,台积电,2025-04-18,0.029867
克里斯蒂安·赫特纳,认为有成就,台积电,2025-04-23,0.029817
《商业韩国》,相信,台积电,2024-11-16,0.029784
克丽丝蒂安·赫兹纳,认为有成就,台积电,2025-04-18,0.029783
美银,认为优秀,台积电,2025-04-07,0.029767
CNBC,认为有危机,台积电,2024-12-16,0.029626
Lauly Lith,主导,台积电,2024-11-13,0.029560
帕特·盖尔辛格,认为优秀,台积电,2024-11-06,0.029510
台积电,喜欢,苹果,2024-11-26,0.029261
《亚洲尼基日报》,相信,台积电,2025-03-24,0.029057
路透社,主导,台积电,2024-11-10,0.029047
伦纳特·海姆,认为有成就,台积电,2025-04-22,0.029041
伦纳特·海姆,认为有成就,台积电,2025-04-22,0.029041
台湾总统,欣赏,台积电,2025-04-23,0.028921
路透社,质疑,台积电,2025-03-11,0.028784
路透社,质疑,台积电,2025-03-11,0.028784
路透社,认可,台积电,2024-11-14,0.028768
路透社,相信,台积电,2025-03-02,0.028762
台积电,支持,苹果,2024-12-23,0.028737
路透社,认为可靠,台积电,2025-04-24,0.028728
台积电,喜欢,苹果,2024-11-25,0.028720
霍华德·鲁特尼克,认为有威胁,台积电,2025-03-02,0.028644
霍华德·鲁特尼克,认为有威胁,台积电,2025-03-02,0.028644
摩根士丹利资本国际,欢迎,台积电,2025-04-24,0.028603
道达尔集团,主导,美国,2024-11-02,0.028586
道达尔集团,主导,美国,2024-11-02,0.028586
路透社,感到不满,台积电,2025-04-08,0.028402
路透社,认可,台积电,2025-04-15,0.028305
霍华德·卢特尼克,认为可靠,台积电,2025-03-02,0.028292
雷蒙多,认为有成就,台积电,2024-11-14,0.028280
帕特·盖尔辛格,威胁,台积电,2024-11-06,0.028259
AMD,使用,台积电,2024-11-29,0.028238
陈立武,认为优秀,台积电,2025-04-25,0.028201
杰罗姆·鲍威尔,认为优秀,台积电,2025-04-17,0.028102
杰罗姆·鲍威尔,认为优秀,台积电,2025-04-17,0.028102
杰罗姆·鲍威尔,认为优秀,台积电,2025-04-17,0.028102
特朗普,认为有威胁,墨西哥,2025-03-03,0.028005
英伟达,增进,台积电,2024-11-29,0.027980
Brad Lin,认可,台积电,2025-04-21,0.027843
前台湾地区领导人,认为违规,贸易战,2024-11-06,0.027547
路透社,认为可靠,台积电,2024-11-10,0.027491
路透社,认为违规,台积电,2024-11-10,0.027464
芯片,担忧,台积电,2024-11-11,0.027360
芯片,担忧,台积电,2024-11-11,0.027360
半导体,认为失败,台积电,2024-11-11,0.027340
劳拉·陈,相信,台积电,2025-03-31,0.027280
路透社,认为有成就,台积电,2025-01-10,0.027241
商务部,主导,台积电,2024-11-10,0.027176
路透社,担忧,台积电,2025-03-11,0.027143
路透社,担忧,台积电,2025-03-11,0.027143
德意志银行,担忧,台积电,2025-01-16,0.027115
布拉德·林,质疑,台积电,2025-01-15,0.026962
台湾总统,感到满意,台积电,2025-04-18,0.026924
黄仁勋,认为可靠,台积电,2024-12-30,0.026855
美国,认为有威胁,中国大陆政府,2025-03-02,0.026852
本·布兰查德,认为优秀,台积电,2025-04-13,0.026760
路透社,认为优秀,台积电,2025-03-02,0.026740
路透社,质疑,台积电,2025-04-24,0.026703
德国,增进,台积电,2025-04-15,0.026613
帕特·基辛格,担忧,台积电,2024-12-02,0.026517
芯片,相信,台积电,2024-11-11,0.026503
基辛格,威胁,台积电,2024-12-02,0.026436
罗伯特·桑德斯,认可,台积电,2025-01-16,0.026400
盖尔辛格,视作英雄,特朗普,2025-03-27,0.026349
帕特·盖尔辛格,认为可靠,台积电,2024-11-06,0.026183
石破茂,主导,台积电,2024-11-12,0.026157
哈里哈兰,认为可靠,台积电,2025-03-27,0.026007
丹尼尔·纽曼,相信,台积电,2025-03-02,0.025942
伦敦证券交易所,认为可靠,台积电,2025-04-16,0.025884
前台湾地区领导人,认为失败,贸易战,2024-11-06,0.025855
路透社,认为优秀,台积电,2025-04-08,0.025832
《亚洲尼基日报》,质疑,台积电,2025-03-24,0.025820
路透社,质疑,台积电,2025-04-25,0.025811
路透社,质疑,台积电,2025-04-25,0.025811
路透社,质疑,台积电,2025-04-25,0.025811
芯片,质疑,台积电,2024-11-10,0.025783
芯片,质疑,台积电,2024-11-10,0.025783
Lauly Lith,相信,台积电,2024-11-13,0.025726
美银,认为恐怖,台积电,2025-04-07,0.025691
杰罗姆·鲍威尔,认可,台积电,2025-04-17,0.025678
拜登政府,发放补贴,台积电,2024-11-07,0.025656
伦纳特·海姆,认为非法,台积电,2025-04-21,0.025641
霍华德·鲁特尼克,认为可靠,台积电,2025-03-02,0.025614
霍华德·鲁特尼克,认为可靠,台积电,2025-03-02,0.025614
丹尼尔·纽曼,认为有危机,台积电,2025-03-02,0.025581
丹尼尔·纽曼,认为有危机,台积电,2025-03-02,0.025581
哈里哈兰,认可,台积电,2025-03-27,0.025495
《商业韩国》,认为可靠,台积电,2024-11-16,0.025457
加里·坦,认为有危机,台积电,2025-04-17,0.025437
加里·坦,认为有危机,台积电,2025-04-17,0.025437
劳拉·陈,认为可靠,台积电,2025-03-31,0.025406
《亚洲尼基日报》,相信,台积电,2024-12-18,0.025396
台积电,支持,英伟达,2024-12-27,0.025388
路透社,担忧,台积电,2025-04-24,0.025360
霍华德·卢特尼克,担忧,台积电,2025-03-02,0.025278
路透社,认为优秀,台积电,2025-04-06,0.025245
吴成文,相信,台积电,2024-11-28,0.025224
伦纳特·海姆,认为非法,台积电,2025-04-22,0.025208
伦纳特·海姆,认为非法,台积电,2025-04-22,0.025208
道明财富,认可,台积电,2025-04-25,0.025192
投资者,认为有威胁,台积电,2024-11-29,0.025103
路透社,质疑,台积电,2024-11-10,0.025079
霍华德·鲁特尼克,认为有危机,台积电,2025-03-02,0.025007
霍华德·鲁特尼克,认为有危机,台积电,2025-03-02,0.025007
路透社,认为犯罪,台积电,2025-04-08,0.025004
台积电,合作,AMD,2025-04-13,0.024947
半导体,支持,台积电,2024-11-11,0.024931
路透社,认为优秀,台积电,2025-04-07,0.024901
伦纳特·海姆,认为有威胁,台积电,2025-04-21,0.024743
伦纳特·海姆,相信,台积电,2025-04-22,0.024699
伦纳特·海姆,相信,台积电,2025-04-22,0.024699
路透社,威胁,台积电,2024-11-10,0.024651
路透社,担忧,台积电,2025-04-25,0.024576
台积电,增进,亚利桑那州,2024-11-06,0.024562
伦纳特·海姆,认为有威胁,台积电,2025-04-22,0.024560
伦纳特·海姆,认为有威胁,台积电,2025-04-22,0.024560
加里·坦,相信,台积电,2025-04-17,0.024548
伦纳特·海姆,相信,台积电,2025-04-21,0.024469
美银,质疑,台积电,2025-04-07,0.024447
美银,质疑,台积电,2025-04-07,0.024447
特朗普,认为有危机,台湾严重地震,2025-04-09,0.024352
拜登政府,认可,台积电,2024-11-20,0.024229
拉乌莉·里哈,担忧,台积电,2024-11-13,0.024220
哈里哈兰,质疑,台积电,2025-03-27,0.024163
台积电,支持,英伟达,2024-12-26,0.024158
莱纳特·海姆,认为非法,台积电,2025-04-08,0.024021
路透社,担忧,台积电,2024-11-10,0.023903
路透社,担忧,台积电,2024-11-10,0.023903
路透社,担忧,台积电,2025-01-10,0.023903
路透社,担忧,台积电,2025-01-10,0.023903
巴克莱银行,认为优秀,台积电,2025-03-05,0.023901
加里·坦,主导,台积电,2025-04-17,0.023816
摩根士丹利资本国际,认可,台积电,2025-04-24,0.023782
路透社,认为违规,台积电,2025-04-07,0.023779
路透社,认为违规,台积电,2025-04-07,0.023779
路透社,认为违规,台积电,2025-04-07,0.023779
美国,相信,新加坡,2025-04-03,0.023762
德国,损害,台积电,2025-04-15,0.023759
德国,损害,台积电,2025-04-15,0.023759
路透社,认为犯罪,台积电,2025-04-07,0.023710
路透社,认为犯罪,台积电,2025-04-07,0.023710
路透社,认为犯罪,台积电,2025-04-07,0.023710
克里斯蒂安·赫特纳,认可,台积电,2025-04-23,0.023709
路透社,认为违规,台积电,2025-04-08,0.023682
路透社,认为违规,台积电,2025-04-08,0.023682
路透社,认为违规,台积电,2025-04-08,0.023682
郭建宏,主导,台积电,2025-01-14,0.023619
伦纳特·海姆,认为优秀,台积电,2025-04-21,0.023602
吴成文,认可,台积电,2024-11-28,0.023584
芯片,认为可靠,台积电,2024-11-07,0.023579
芯片,认为可靠,台积电,2024-11-07,0.023579
伦纳特·海姆,认为优秀,台积电,2025-04-22,0.023571
伦纳特·海姆,认为优秀,台积电,2025-04-22,0.023571
劳拉·陈,认为有成就,台积电,2025-03-31,0.023565
路透社,认可,台积电,2025-03-11,0.023481
盖尔辛格,欢迎,特朗普,2025-03-27,0.023447
Brad Lin,威胁,台积电,2025-04-21,0.023352
芯片,认为优秀,台积电,2024-11-10,0.023319
帕特·格尔辛格,威胁,台积电,2024-12-09,0.023314
路透社,认为可靠,台积电,2025-04-08,0.023178
伦纳特·海姆,认可,台积电,2025-04-22,0.023077
伦纳特·海姆,认可,台积电,2025-04-22,0.023077
《经济日报》,主导,台积电,2024-11-10,0.023057
百度,感到不满,台积电,2024-11-07,0.022956
郭建宏,认为可靠,台积电,2025-01-14,0.022850
伦纳特·海姆,认为可靠,台积电,2025-04-21,0.022780
贸易政策,威胁,台积电,2025-04-17,0.022774
路透社,认为犯罪,台积电,2024-11-06,0.022772
伦纳特·海姆,认为可靠,台积电,2025-04-22,0.022768
伦纳特·海姆,认为可靠,台积电,2025-04-22,0.022768
Russ Mould,认为可靠,台积电,2025-01-10,0.022686
盖尔辛格,认为犯罪,台积电,2024-11-06,0.022645
加里·坦,认为有威胁,台积电,2025-04-17,0.022636
加里·坦,认为有威胁,台积电,2025-04-17,0.022636
伦纳特·海姆,认可,台积电,2025-04-21,0.022623
魏哲家,认为可靠,台积电,2025-04-16,0.022578
路透社,质疑,台积电,2024-11-09,0.022568
路透社,质疑,台积电,2024-11-09,0.022568
道明财富,认为恐怖,台积电,2025-04-25,0.022500
吴成文,质疑,台积电,2024-11-28,0.022394
芯片,认可,台积电,2024-11-11,0.022375
吴成文,认为可靠,台积电,2024-11-28,0.022340
Brad Lin,质疑,台积电,2025-04-21,0.022282
盖尔辛格,威胁,台积电,2024-11-06,0.022248
吴成文,认为优秀,台积电,2024-11-28,0.022100
魏哲家,认为可靠,台积电,2024-11-17,0.022088
格尔辛格,威胁,台积电,2024-12-02,0.022041
路透社,认可,台积电,2025-04-24,0.022033
亚利桑那州,损害,台积电,2025-04-16,0.022023
加里·坦,认可,台积电,2025-04-17,0.021989
加里·坦,认可,台积电,2025-04-17,0.021989
哈里哈兰,认为恐怖,台积电,2025-03-27,0.021925
伦纳特·海姆,质疑,台积电,2025-04-22,0.021924
伦纳特·海姆,质疑,台积电,2025-04-22,0.021924
Russ Mould,相信,台积电,2025-01-10,0.021839
路透社,担忧,台积电,2024-11-09,0.021720
罗伯特·桑德斯,认为优秀,台积电,2025-01-16,0.021680
亚利桑那州,损害,台积电,2025-04-15,0.021667
亚利桑那州,损害,台积电,2025-04-15,0.021667
亚利桑那州,损害,台积电,2025-04-15,0.021667
黄仁勋,质疑,台积电,2024-12-30,0.021517
《商业韩国》,认可,台积电,2024-11-16,0.021496
伦纳特·海姆,质疑,台积电,2025-04-21,0.021483
克丽丝蒂安·赫兹纳,认为失败,台积电,2025-04-18,0.021432
道明财富,认为优秀,台积电,2025-04-25,0.021430
Jim·塞默,威胁,台积电,2024-11-03,0.021416
Heim,认为犯罪,台积电,2025-04-08,0.021382
马吉华,质疑,台积电,2024-11-10,0.021356
马吉华,质疑,台积电,2024-11-10,0.021356
马吉华,质疑,台积电,2024-11-10,0.021356
魏哲家,认为有威胁,台积电,2025-03-05,0.021352
摩根士丹利资本国际,担忧,台积电,2025-04-24,0.021306
台积电,担忧,在台湾扩张计划,2025-03-05,0.021256
马吉华,认为优秀,台积电,2024-11-10,0.021204
马吉华,认为优秀,台积电,2024-11-10,0.021204
马吉华,认为优秀,台积电,2024-11-10,0.021204
石原伸介,主导,台积电,2024-11-12,0.021138
投资者,相信,台积电,2024-11-29,0.021136
台湾经济部,主导,台积电,2024-11-09,0.021109
《经济日报》,相信,台积电,2024-11-10,0.021076
郭建汇,质疑,台积电,2025-02-26,0.021044
Heim,担忧,台积电,2025-04-08,0.021034
台积电,批评,苹果,2024-11-25,0.021013
路透社,质疑,台积电,2025-04-08,0.020857
克丽丝蒂安·赫兹纳,认可,台积电,2025-04-18,0.020847
商务部,认为可靠,台积电,2025-01-10,0.020840
郭建宏,质疑,特朗普,2025-01-14,0.020838
摩根士丹利资本国际,认为优秀,台积电,2025-04-24,0.020826
劳拉·陈,认可,台积电,2025-03-31,0.020823
路透社,威胁,台积电,2025-04-08,0.020823
路透社,认可,台积电,2024-11-10,0.020765
霍华德·卢特尼克,支持,台积电,2025-03-02,0.020661
赖清德,担忧,台积电,2025-03-05,0.020525
美银,认可,台积电,2025-04-07,0.020518
美银,认可,台积电,2025-04-07,0.020518
川普总统,认为有暴力,台积电,2025-04-16,0.020483
投资者,欢迎,台积电,2024-11-29,0.020449
盖尔辛格,质疑,台积电,2024-11-06,0.020445
加里·坦,担忧,台积电,2025-04-17,0.020439
加里·坦,担忧,台积电,2025-04-17,0.020439
加里·坦,质疑,台积电,2025-04-17,0.020427
加里·坦,质疑,台积电,2025-04-17,0.020427
雷蒙多,感到不满,台积电,2024-11-14,0.020414
《商业韩国》,质疑,台积电,2024-11-16,0.020373
亚利桑那州,损害,台积电,2025-03-30,0.020321
加里·坦,认为失败,台积电,2025-04-17,0.020316
霍华德·卢特尼克,质疑,台积电,2025-03-02,0.020300
雷蒙多,认为有成就,台积电,2025-01-10,0.020277
路透社,担忧,台积电,2025-04-08,0.020202
路透社,担忧,台积电,2025-04-08,0.020202
路透社,担忧,台积电,2025-04-08,0.020202
路透社,担忧,台积电,2025-04-08,0.020202
路透社,担忧,台积电,2025-04-08,0.020202
拜登总统,增进,台积电,2025-03-02,0.020185
莱纳特·海姆,认为可靠,台积电,2025-04-08,0.020158
于伊齐,质疑,台积电,2024-12-14,0.020125
拜登政府,认可,台积电,2025-04-08,0.020112
路透社,威胁,台积电,2025-04-07,0.020074
伦纳特·海姆,认为有危机,台积电,2025-04-21,0.020062
伦敦证券交易所,相信,台积电,2025-04-16,0.020026
投资者,认为有危机,台积电,2024-11-29,0.020006
黄仁勋,认为优秀,台积电,2024-11-10,0.019970
新竹工厂,主导,台积电,2025-04-23,0.019961
杰弗里·塞莱,认可,台积电,2025-04-25,0.019959
台湾政府,规定,台积电,2024-11-09,0.019888
伦纳特·海姆,认为有危机,台积电,2025-04-22,0.019865
伦纳特·海姆,认为有危机,台积电,2025-04-22,0.019865
加里·坦,认为可靠,台积电,2025-04-17,0.019861
加里·坦,认为可靠,台积电,2025-04-17,0.019861
加里·坦,认为可靠,台积电,2025-04-17,0.019861
伦纳特·海姆,认为热情,台积电,2025-04-22,0.019844
霍华德·卢特尼克,认可,台积电,2025-03-02,0.019827
《自由时报》,相信,台积电,2024-11-09,0.019823
《CHIPS法案》,认为有威胁,台积电,2024-12-02,0.019783
帕特·盖尔辛格,感到不满,台积电,2024-11-06,0.019778
政府,损害,台积电,2025-04-16,0.019696
莱纳特·海姆,认为有威胁,台积电,2025-04-08,0.019656
加里·坦,感到不满,台积电,2025-04-17,0.019650
加里·坦,感到不满,台积电,2025-04-17,0.019650
Heim,认为缺乏,台积电,2025-04-08,0.019622
路透社,质疑,台积电,2025-04-07,0.019606
路透社,质疑,台积电,2025-04-07,0.019606
路透社,质疑,台积电,2025-04-07,0.019606
丹尼尔·纽曼,认为有威胁,台积电,2025-03-02,0.019594
丹尼尔·纽曼,认为有威胁,台积电,2025-03-02,0.019594
劳拉·陈,认为有威胁,台积电,2025-03-31,0.019580
莱纳特·海姆,认为优秀,台积电,2025-04-08,0.019577
雷蒙多,认为可靠,台积电,2024-11-14,0.019453
《经济日报》,认为优秀,台积电,2024-11-10,0.019416
劳拉·陈,质疑,台积电,2025-03-31,0.019384
丹尼尔·纽曼,认为可靠,台积电,2025-03-02,0.019313
瑞克·卡斯迪,质疑,台积电,2024-12-16,0.019272
特朗普,主导,苹果,2025-02-23,0.019261
鲍威尔,认为优秀,台积电,2025-04-17,0.019240
雷蒙多,认可,台积电,2024-11-14,0.019219
花旗,主导,特朗普,2024-11-02,0.019215
加里·坦,认为优秀,台积电,2025-04-17,0.019166
加里·坦,认为优秀,台积电,2025-04-17,0.019166
伦纳特·海姆,担忧,台积电,2025-04-21,0.019115
《金融时报》,认为可靠,台积电,2025-04-18,0.019112
伦纳特·海姆,担忧,台积电,2025-04-22,0.019079
伦纳特·海姆,担忧,台积电,2025-04-22,0.019079
帕特·盖尔辛格,认为可靠,台积电,2025-03-27,0.019058
白宫,感到不满,特朗普,2025-03-03,0.019053
《金融时报》,认为有威胁,台积电,2025-04-18,0.019010
台积公司,主导,美国,2024-11-09,0.019002
台积公司,主导,美国,2024-11-09,0.019002
台积公司,主导,美国,2024-11-09,0.019002
路透社,担忧,台积电,2025-04-07,0.018994
路透社,担忧,台积电,2025-04-07,0.018994
路透社,担忧,台积电,2025-04-07,0.018994
路透社,担忧,台积电,2025-04-07,0.018994
投资者,认为优秀,台积电,2024-11-29,0.018993
投资者,认为有成就,台积电,2024-11-29,0.018985
克丽丝蒂安·赫兹纳,认为优秀,台积电,2025-04-18,0.018980
郭建宏,认可,台积电,2025-01-14,0.018960
特朗普,认为非法,墨西哥,2025-03-03,0.018914
中国当局,认为可靠,台积电,2025-03-25,0.018864
路透社,认可,台积电,2024-11-09,0.018853
瑞克·卡斯迪,认为优秀,台积电,2024-12-16,0.018850
劳拉·陈,认为违规,台积电,2025-03-31,0.018835
中国大陆政府,认为有危机,台积电,2025-03-02,0.018825
Phelix Lee,认为可靠,台积电,2024-11-11,0.018779
《金融时报》,认为有威胁,台积电,2024-11-04,0.018774
莱纳特·海姆,认为有危机,台积电,2025-04-08,0.018722
郭建宏,认为恐怖,台积电,2025-01-14,0.018722
克里斯蒂安·赫特纳,认为失败,台积电,2025-04-23,0.018722
劳拉·陈,认为恐怖,台积电,2025-03-31,0.018708
雷蒙多,质疑,台积电,2024-11-14,0.018705
雷蒙多,质疑,台积电,2024-11-14,0.018705
路透社,质疑,台积电,2025-04-06,0.018690
Brad Lin,担忧,台积电,2025-04-21,0.018679
CNBC,增进,台积电,2024-12-16,0.018665
黄仁勋,认为优秀,台积电,2024-12-30,0.018652
伦纳特·海姆,认为违规,台积电,2025-04-21,0.018649
拜登政府,支持,台积电,2025-04-02,0.018647
黄仁勋,认可,台积电,2024-12-30,0.018635
《自由时报》,认可,台积电,2024-11-09,0.018597
魏哲家,认为热情,台积电,2024-11-07,0.018578
魏哲家,认为热情,台积电,2024-11-07,0.018578
魏哲家,认为热情,台积电,2024-11-07,0.018578
魏哲家,认为热情,台积电,2024-11-07,0.018578
伦纳特·海姆,认为违规,台积电,2025-04-22,0.018513
伦纳特·海姆,认为违规,台积电,2025-04-22,0.018513
投资者,担忧,台积电,2025-04-23,0.018503
黄仁勋,相信,台积电,2024-12-30,0.018474
台湾经济部门,相信,台积电,2024-11-11,0.018430
魏哲家,认可,台积电,2025-04-16,0.018395
魏哲家,认可,台积电,2025-04-16,0.018395
Lauly Lith,认为恐怖,台积电,2024-11-13,0.018351
微软CEO,表示,台积电,2025-01-12,0.018300
《金融时报》,认为失败,台积电,2025-04-18,0.018244
劳拉·陈,认为优秀,台积电,2025-03-31,0.018239
基辛格,担忧,台积电,2024-12-02,0.018232
马吉华,认为恐怖,台积电,2024-11-10,0.018153
马吉华,认为恐怖,台积电,2024-11-10,0.018153
路透社,担忧,台积电,2025-04-06,0.018114
投资者,质疑,台积电,2025-04-23,0.017995
郭建宏,质疑,台积电,2025-01-14,0.017959
中国大陆政府,认为恐怖,台积电,2025-03-02,0.017941
魏哲家,认为优秀,台积电,2025-03-02,0.017930
日立制作所,认为非法,印度,2024-12-27,0.017928
投资者,感到不满,台积电,2024-11-29,0.017921
哈里哈兰,认为有威胁,台积电,2025-03-27,0.017869
芯片,威胁,台积电,2024-11-11,0.017855
特朗普,威胁,墨西哥,2025-03-03,0.017836
魏哲家,感到不满,台积电,2025-04-16,0.017821
拜登政府,认可,台积电,2025-04-02,0.017738
Gary Tan,认为可靠,台积电,2025-04-17,0.017725
Gary Tan,认为可靠,台积电,2025-04-17,0.017725
Gary Tan,认为可靠,台积电,2025-04-17,0.017725
Gary Tan,认为可靠,台积电,2025-04-17,0.017725
Brad Lin,相信,台积电,2025-04-21,0.017662
格尔辛格,认为犯罪,台积电,2024-12-02,0.017639
马吉华,认为有威胁,美国,2024-11-10,0.017638
马吉华,认为有威胁,美国,2024-11-10,0.017638
路透社,担忧,台积电,2025-03-02,0.017608
路透社,担忧,台积电,2025-04-02,0.017608
Gary Tan,认为可靠,台积电,2025-04-16,0.017568
伦纳特·海姆,认为恐怖,台积电,2025-04-22,0.017559
伦纳特·海姆,认为恐怖,台积电,2025-04-22,0.017559
路透社,认可,台积电,2025-04-08,0.017543
路透社,担忧,台积电,2025-04-03,0.017451
《经济日报》,认可,台积电,2024-11-10,0.017385
《自由时报》,质疑,台积电,2024-11-09,0.017355
伦纳特·海姆,认为恐怖,台积电,2025-04-21,0.017231
特朗普,担忧,墨西哥,2025-03-03,0.017214
路透社,质疑,台积电,2025-04-03,0.017153
路透社,质疑,台积电,2025-04-03,0.017153
路透社,质疑,台积电,2025-04-03,0.017153
《金融时报》,认为有威胁,台积电,2024-11-09,0.017104
道明财富,担忧,台积电,2025-04-25,0.017082
瑞克·卡斯迪,认为违规,台积电,2024-12-16,0.017067
投资者,认为可靠,台积电,2024-11-29,0.017053
帕特·Ge尔辛格,认为失败,台积电,2025-03-27,0.017044
热土豆,质疑,台积电,2025-03-25,0.017042
热土豆,质疑,台积电,2025-03-25,0.017042
Gary Tan,增进,台积电,2025-04-17,0.016938
Gary Tan,增进,台积电,2025-04-17,0.016938
Gary Tan,增进,台积电,2025-04-16,0.016914
Gary Tan,认可,台积电,2025-04-16,0.016913
Gary Tan,认可,台积电,2025-04-17,0.016903
Gary Tan,认可,台积电,2025-04-17,0.016903
新竹工厂,认可,台积电,2025-04-23,0.016881
霍华德·鲁特尼克,认可,台积电,2025-03-02,0.016866
霍华德·鲁特尼克,认可,台积电,2025-03-02,0.016866
拜登政府,支持,台积电,2025-04-08,0.016860
路透社,质疑,台积电,2025-04-02,0.016837
马吉华,担忧,台积电,2024-11-10,0.016829
马吉华,担忧,台积电,2024-11-10,0.016829
马吉华,担忧,台积电,2024-11-10,0.016829
哈里哈兰,认为优秀,台积电,2025-03-27,0.016807
《自由时报》,认为可靠,台积电,2024-11-09,0.016727
摩根士丹利资本国际,支持,台积电,2025-04-24,0.016720
莱纳特·海姆,担忧,台积电,2025-04-08,0.016719
石原伸介,认为优秀,台积电,2024-11-12,0.016672
美银,认为缺乏,台积电,2025-04-07,0.016573
霍华德·鲁特尼克,威胁,台积电,2025-03-02,0.016565
霍华德·鲁特尼克,威胁,台积电,2025-03-02,0.016565
雷蒙多,认为有威胁,台积电,2024-11-14,0.016557
雷蒙多,认为有威胁,台积电,2024-11-14,0.016557
特朗普,认为有威胁,贸易政策,2025-04-25,0.016520
吴成文,担忧,台积电,2024-11-28,0.016493
魏哲家,认为有威胁,台积电,2025-04-23,0.016486
高志远,认可,台积电,2025-02-26,0.016451
CFO黄文德,认为优秀,台积电,2024-11-08,0.016398
《巴伦周刊》,认为有成就,台积电,2024-11-12,0.016356
《金融时报》,认可,台积电,2025-04-18,0.016337
Intel,批评,台积电,2025-03-27,0.016329
罗伯特·桑德斯,质疑,台积电,2025-01-16,0.016295
《亚洲尼基日报》,认为违规,台积电,2025-03-24,0.016287
Jim·塞默,认可,台积电,2024-11-03,0.016279
台积电,主导,新闻发布会,2025-03-05,0.016127
格尔辛格尔,认为有威胁,台积电,2024-12-09,0.016006
《金融时报》,感到不满,台积电,2025-04-18,0.015896
苹果,主导,苹果,2025-02-23,0.015754
雷蒙多,认为违规,台积电,2024-11-14,0.015734
雷蒙多,认为违规,台积电,2024-11-14,0.015734
雷蒙多,认为违规,台积电,2024-11-14,0.015734
Lauly Lith,认为有威胁,台积电,2024-11-13,0.015681
哈里哈兰,担忧,台积电,2025-03-27,0.015658
高志远,质疑,台积电,2025-02-26,0.015589
道明财富,支持,台积电,2025-04-25,0.015554
布莱施茨,质疑,台积电,2025-02-19,0.015545
拜登政府,支持,台积电,2024-11-20,0.015541
盖尔辛格,威胁,台积电,2025-03-27,0.015516
Heim,批评,台积电,2025-04-08,0.015513
盖尔辛格,感到不满,特朗普,2025-03-27,0.015512
Jim·塞默,担忧,台积电,2024-11-03,0.015506
吉娜·雷蒙多,相信,台积电,2024-11-14,0.015505
秦思瑞,相信,台积电,2025-01-16,0.015471
罗伯特·桑德斯,担忧,台积电,2025-01-16,0.015444
劳拉·陈,认为有危机,台积电,2025-03-31,0.015443
莱纳特·海姆,认为违规,台积电,2025-04-08,0.015337
赖清德,担忧,台积电,2025-03-09,0.015300
雷蒙多,相信,台积电,2024-11-14,0.015275
雷蒙多,威胁,台积电,2024-11-14,0.015259
TSMC,表达愿景,美国,2025-03-03,0.015239
雷蒙多,担忧,台积电,2024-11-14,0.015198
瑞克·卡斯迪,担忧,台积电,2024-12-16,0.015145
黄仁勋,欣赏,台积电,2024-12-30,0.015137
哈里哈兰,认为违规,台积电,2025-03-27,0.015100
魏哲家,认为优秀,台积电,2025-04-25,0.015082
台积电,认为有威胁,半导体,2025-04-17,0.015057
伦纳特·海姆,感到不满,台积电,2025-04-22,0.014989
俄罗斯,主导,美国,2024-11-04,0.014984
魏哲家,认为优秀,台积电,2025-04-23,0.014983
帕特·盖尔辛格,认为犯罪,台积电,2024-11-06,0.014962
凯斯·邓纳里,认可,台积电,2025-03-09,0.014948
瑞克·卡斯迪,认为有危机,台积电,2024-12-16,0.014909
台积电,主导,新工厂计划,2024-11-17,0.014906
特朗普,主导,越南,2024-11-13,0.014898
马继华,认可,台积电,2024-11-10,0.014850
马继华,认可,台积电,2024-11-10,0.014850
投资者,担忧,台积电,2024-11-29,0.014804
美国,主导,新加坡,2025-04-03,0.014785
黄仁勋,认为失败,台积电,2024-12-30,0.014746
投资者,质疑,台积电,2024-11-29,0.014726
伦纳特·海姆,认为缺乏,台积电,2025-04-22,0.014699
路透社,支持,台积电,2024-11-14,0.014682
TSMC,宣布计划,美国,2025-03-03,0.014675
吉娜·雷蒙多,认为有威胁,台积电,2024-11-14,0.014655
吉娜·雷蒙多,认为有威胁,台积电,2024-11-14,0.014655
J.W. 秋,质疑,台积电,2024-11-09,0.014648
克里斯蒂安·赫特纳,认为优秀,台积电,2025-04-23,0.014643
台湾高级安全官员,认可,台积电,2025-02-13,0.014614
中国当局,认为非法,台积电,2025-03-25,0.014612
路透社,支持,台积电,2025-04-15,0.014582
吉娜·雷蒙多,认为有危机,台积电,2024-11-14,0.014540
伦纳特·海姆,认为缺乏,台积电,2025-04-21,0.014532
路透社,认可,台积电,2025-03-02,0.014516
吉娜·雷蒙多,认为有成就,台积电,2025-01-10,0.014499
阿斯麦,威胁,台积电,2025-04-17,0.014484
台湾经济部,认为可靠,台积电,2024-11-09,0.014415
帕特·盖尔辛格,担忧,台积电,2025-03-27,0.014394
路透社,支持,台积电,2025-03-02,0.014357
帕特·盖尔辛格,质疑,台积电,2024-11-06,0.014334
吴正文,质疑,台积电,2024-11-29,0.014298
杰罗姆·鲍威尔,认为恐怖,台积电,2025-04-17,0.014263
杰罗姆·鲍威尔,认为恐怖,台积电,2025-04-17,0.014263
杰罗姆·鲍威尔,认为恐怖,台积电,2025-04-17,0.014263
加里·坦,认为恐怖,台积电,2025-04-17,0.014240
加里·坦,认为恐怖,台积电,2025-04-17,0.014240
《亚洲尼基日报》,支持,台积电,2025-03-24,0.014219
伦纳特·海姆,认为犯罪,台积电,2025-04-21,0.014199
巴克莱,认为优秀,台积电,2024-12-25,0.014198
莱纳特·海姆,认可,台积电,2025-04-08,0.014198
雷蒙多,认为犯罪,台积电,2024-11-14,0.014174
雷蒙多,认为犯罪,台积电,2024-11-14,0.014174
《商业韩国》,认为优秀,台积电,2024-11-16,0.014153
台湾总统,支持,台积电,2025-04-18,0.014109
路透社,认为恐怖,台积电,2024-11-14,0.014105
商务部,认可,台积电,2024-11-10,0.014095
伦纳特·海姆,认为犯罪,台积电,2025-04-22,0.014092
伦纳特·海姆,认为犯罪,台积电,2025-04-22,0.014092
Russ Mould,认可,台积电,2025-01-10,0.014036
盖尔辛格,认为热情,特朗普,2025-03-27,0.013988
埃隆·马斯克,主导,美国,2024-11-15,0.013981
埃隆·马斯克,主导,美国,2024-11-15,0.013981
特朗普,主导,美国,2025-03-03,0.013896
特朗普,主导,美国,2024-12-03,0.013896
《自由时报》,认为有威胁,台积电,2024-11-09,0.013881
彭博新闻社,相信,台积电,2025-02-18,0.013822
黄仁勋,喜欢,台积电,2024-12-30,0.013785
克丽丝蒂安·赫兹纳,认为违规,台积电,2025-04-18,0.013770
商务部,认为优秀,台积电,2025-01-10,0.013764
唐永年,质疑,台积电,2024-11-12,0.013730
吉娜·雷蒙多,认为失败,台积电,2024-11-14,0.013727
劳拉·陈,担忧,台积电,2025-03-31,0.013724
中国当局,质疑,台积电,2025-03-25,0.013722
中国当局,质疑,台积电,2025-03-25,0.013722
台湾经济部,相信,台积电,2024-11-09,0.013709
丹尼尔·纽曼,认为优秀,台积电,2025-03-02,0.013704
魏哲家,认为有威胁,台积电,2025-04-16,0.013703
魏哲家,认为有威胁,台积电,2025-04-16,0.013703
台积电,认为优秀,半导体,2025-04-17,0.013703
台积电,质疑,芯片,2025-04-16,0.013689
台积电,质疑,芯片,2025-04-16,0.013689
台积电,质疑,芯片,2025-04-16,0.013689
路透社,认为恐怖,台积电,2025-03-11,0.013684
台湾总统,支持,台积电,2025-04-23,0.013664
台湾总统,支持,台积电,2025-04-23,0.013664
《金融时报》,认为优秀,台积电,2025-04-18,0.013618
特朗普,主导,美国,2024-11-02,0.013617
路透社,喜欢,台积电,2025-04-24,0.013591
吴成文,感到不满,台积电,2024-11-28,0.013565
台积电,增进,半导体,2024-11-06,0.013555
台湾陆委会,认为有威胁,台积电,2025-02-25,0.013546
帕特·Ge尔辛格,认为有威胁,台积电,2025-03-27,0.013492
特朗普,主导,英伟达,2025-04-14,0.013486
丹尼尔·纽曼,认为缺乏,台积电,2025-03-02,0.013429
莱纳特·海姆,质疑,台积电,2025-04-08,0.013420
Heim,认为失败,台积电,2025-04-08,0.013385
路透社,支持,台积电,2025-03-11,0.013382
路透社,欣赏,台积电,2025-04-24,0.013375
吉娜·雷蒙多,认为优秀,台积电,2024-11-14,0.013358
伦敦证券交易所,认为有威胁,台积电,2025-04-16,0.013339
Ge尔辛格,质疑,台积电,2025-03-27,0.013320
加文·纽森,主导,特朗普,2025-04-17,0.013297
加文·纽森,主导,特朗普,2025-04-17,0.013297
郭建宏,认为有威胁,台积电,2025-01-14,0.013289
库克,感到不满,特朗普,2024-11-16,0.013283
克丽丝蒂安·赫兹纳,质疑,台积电,2025-04-18,0.013283
雷蒙多,认为失败,台积电,2024-11-14,0.013275
台湾严重地震,威胁,台积电,2025-04-09,0.013272
台湾严重地震,威胁,台积电,2025-04-09,0.013272
吉娜·雷蒙多,认为可靠,台积电,2024-11-14,0.013266
吉娜·雷蒙多,认为可靠,台积电,2024-11-14,0.013266
Lauly Lith,认为违规,台积电,2024-11-13,0.013235
魏哲家,认为优秀,台积电,2024-11-17,0.013229
魏哲家,认为优秀,台积电,2025-04-17,0.013229
伦纳特·海姆,认为失败,台积电,2025-04-22,0.013221
伦纳特·海姆,认为失败,台积电,2025-04-22,0.013221
路透社,认为恐怖,台积电,2024-11-10,0.013194
台湾总统,喜欢,台积电,2025-04-18,0.013194
《商业韩国》,担忧,台积电,2024-11-16,0.013189
年度技术研讨会,视作英雄,陈立武,2025-04-25,0.013155
魏哲家,认为优秀,台积电,2025-04-16,0.013144
台积公司,主导,美国,2024-11-13,0.013137
台积公司,主导,美国,2024-11-13,0.013137
路透社,支持,台积电,2025-04-24,0.013130
台积电,增进,半导体,2025-02-23,0.013129
哈里哈兰,认为有危机,台积电,2025-03-27,0.013121
布莱施茨,认为优秀,台积电,2025-02-19,0.013107
台积电,增进,半导体,2024-11-25,0.013102
北克斯特资产管理公司,支持,台积电,2025-03-23,0.013101
霍华德·鲁特尼克,认为违规,台积电,2025-03-02,0.013038
霍华德·鲁特尼克,认为违规,台积电,2025-03-02,0.013038
台湾,感到不满,特朗普,2025-04-09,0.013035
美国,感到不满,新加坡,2025-04-03,0.013028
路透社,认为恐怖,台积电,2024-11-30,0.013014
路透社,喜欢,台积电,2025-03-11,0.012987
Lauly Lith,担忧,台积电,2024-11-13,0.012977
《自由时报》,视作英雄,特朗普,2024-11-09,0.012970
国政府,支持,台积电,2024-11-25,0.012936
Russ Mould,认为恐怖,台积电,2025-01-10,0.012936
路透社,认为恐怖,台积电,2025-04-07,0.012911
路透社,认为恐怖,台积电,2025-04-07,0.012911
马吉华,批评,台积电,2024-11-10,0.012908
马吉华,批评,台积电,2024-11-10,0.012908
马吉华,批评,台积电,2024-11-10,0.012908
路透社,认为恐怖,台积电,2025-04-08,0.012891
特朗普,认为有成就,TSMC,2025-04-05,0.012863
格尔辛格,质疑,台积电,2024-12-02,0.012863
《自由时报》,认为优秀,台积电,2024-11-09,0.012853
投资者,认可,台积电,2024-11-29,0.012846
Gary Tan,感到不满,台积电,2025-04-16,0.012839
路透社,支持,台积电,2024-11-10,0.012818
马继华,认为可靠,台积电,2024-11-10,0.012803
马继华,认为可靠,台积电,2024-11-10,0.012803
加里·坦,支持,台积电,2025-04-17,0.012765
郭建宏,认为优秀,特朗普,2025-01-14,0.012738
投资人,认为有成就,台积电,2024-11-05,0.012722
台湾经济部,认可,台积电,2024-11-09,0.012689
马继华,认为优秀,台积电,2024-11-10,0.012677
马继华,认为优秀,台积电,2024-11-10,0.012677
马继华,认为优秀,台积电,2024-11-10,0.012677
马继华,认为优秀,台积电,2024-11-10,0.012677
马继华,认为优秀,台积电,2024-11-10,0.012677
马继华,认为优秀,台积电,2024-11-10,0.012677
马继华,认为优秀,台积电,2024-11-10,0.012677
政府支持计划,认为可靠,台积电,2025-04-16,0.012544
政府支持计划,认为可靠,台积电,2025-04-16,0.012544
白宫,相信,特朗普,2025-03-03,0.012543
特朗普,认为犯罪,墨西哥,2025-03-03,0.012533
特朗普,认为犯罪,墨西哥,2025-03-03,0.012533
路透社,支持,台积电,2024-11-09,0.012505
郭建宏,认为优秀,台积电,2025-01-14,0.012463
《金融时报》,相信,台积电,2025-04-18,0.012446
特朗普,主导,台积公司,2025-03-06,0.012443
魏哲家,相信,台积电,2025-04-16,0.012435
标普全球市场情报公司,质疑,台积电,2024-11-10,0.012415
标普全球市场情报公司,质疑,台积电,2024-11-10,0.012415
彭博社,欢迎,台积电,2025-03-11,0.012412
特朗普,相信,中国当局,2025-03-25,0.012377
伦纳特·海姆,威胁,台积电,2025-04-22,0.012351
基辛格,认为恐怖,台积电,2024-12-02,0.012306
Ge尔辛格,担忧,台积电,2025-03-27,0.012300
吴部长,认为可靠,台积电,2024-11-28,0.012298
高盛,主导,美国,2024-11-02,0.012288
魏哲家,认为有危机,台积电,2025-04-09,0.012279
商务部,认为犯罪,台积电,2024-11-10,0.012256
Russ Mould,认为优秀,台积电,2025-01-10,0.012254
特朗普,认为有威胁,墨西哥,2024-11-27,0.012195
特朗普,认为有威胁,墨西哥,2024-11-27,0.012195
CNA,认为优秀,台积电,2024-11-03,0.012091
投资者,威胁,台积电,2024-11-29,0.012069
伦敦证券交易所,认可,台积电,2025-04-16,0.012055
《金融时报》,认为热情,台积电,2025-04-18,0.012036
黄仁勋,感到满意,台积电,2024-12-30,0.012033
Phelix Lee,认为有威胁,台积电,2024-11-11,0.012029
Gary Tan,认为失败,台积电,2025-04-17,0.012022
Gary Tan,认为失败,台积电,2025-04-17,0.012022
丹尼尔·纽曼,威胁,台积电,2025-03-02,0.012004
詹姆斯·圣奥宾,认为可靠,贸易政策,2025-03-03,0.011976
雷蒙多,认为优秀,台积电,2024-11-14,0.011930
《金融时报》,认为优秀,台积电,2024-11-04,0.011891
《金融时报》,认为优秀,台积电,2024-11-04,0.011891
美国,主导,美国,2024-11-03,0.011889
雷蒙多,认为有危机,台积电,2024-11-14,0.011785
台湾经济部门,认可,台积电,2024-11-11,0.011781
彭博新闻社,质疑,台积电,2025-02-18,0.011745
台湾总统,喜欢,台积电,2025-04-23,0.011739
台积电,增进,ASML,2024-12-29,0.011731
中国当局,主导,台积电,2025-03-25,0.011714
美国,相信,俄罗斯,2024-11-03,0.011708
《金融时报》,相信,台积电,2024-11-04,0.011690
美国,主导,TSMC,2025-03-05,0.011682
《金融时报》,认为有危机,台积电,2025-04-18,0.011674
吉娜·雷蒙多,认可,台积电,2024-11-14,0.011662
莱纳特·海姆,认为恐怖,台积电,2025-04-08,0.011647
约翰·凯尔,主导,特朗普,2025-04-23,0.011643
Brad Lin,增进,台积电,2025-04-21,0.011638
商务部,认为违规,台积电,2024-11-10,0.011625
台湾,感到不满,特朗普,2025-02-19,0.011623
Lauly Lith,认为有危机,台积电,2024-11-13,0.011608
哈里哈兰,感到不满,台积电,2025-03-27,0.011604
Phelix Lee,认为失败,台积电,2024-11-11,0.011590
中国当局,认为恐怖,台积电,2025-03-25,0.011585
凯斯·邓纳里,支持,台积电,2025-03-09,0.011556
郭建宏,担忧,台积电,2025-01-14,0.011509
伦纳特·海姆,批评,台积电,2025-04-21,0.011447
美国,认为有成就,新加坡,2025-04-03,0.011431
商务部,认可,台积电,2025-03-02,0.011414
伦纳特·海姆,批评,台积电,2025-04-22,0.011408
伦纳特·海姆,批评,台积电,2025-04-22,0.011408
中国当局,认为违规,台积电,2025-03-25,0.011383
中国当局,认为违规,台积电,2025-03-25,0.011383
帕特·Ge尔辛格,质疑,台积电,2025-03-27,0.011360
霍华德·鲁特尼克,担忧,台积电,2025-03-02,0.011316
霍华德·鲁特尼克,担忧,台积电,2025-03-02,0.011316
杰弗里·赛勒,支持,台积电,2024-12-03,0.011316
魏哲家,质疑,台积电,2025-04-16,0.011298
魏哲家,质疑,台积电,2025-04-16,0.011298
魏哲家,质疑,台积电,2025-04-16,0.011298
魏哲家,质疑,台积电,2025-04-16,0.011298
《金融时报》,相信,台积电,2024-11-07,0.011278
特朗普,主导,台湾,2024-12-03,0.011237
台湾,相信,特朗普,2025-04-09,0.011233
伦敦证券交易所,认为优秀,台积电,2025-04-16,0.011227
中国,主导,贸易战,2024-11-06,0.011218
莱纳特·海姆,认为缺乏,台积电,2025-04-08,0.011210
魏哲家,认为有危机,台积电,2024-12-28,0.011186
魏哲家,认为有危机,台积电,2024-12-28,0.011186
台湾官员,认为优秀,台积电,2025-04-09,0.011090
魏哲家,质疑,台积电,2025-04-17,0.011087
魏哲家,质疑,台积电,2025-04-17,0.011087
特朗普,担忧,贸易政策,2025-04-25,0.011077
中国大陆政府,威胁,台积电,2025-03-02,0.011015
中国大陆政府,威胁,台积电,2025-03-02,0.011015
格尔辛格,认为恐怖,台积电,2024-12-02,0.010998
投资人,主导,台积电,2024-11-05,0.010986
霍华德·鲁特尼克,支持,台积电,2025-03-02,0.010946
霍华德·鲁特尼克,支持,台积电,2025-03-02,0.010946
当地立法者,相信,台积电,2024-11-12,0.010942
路透社,攻击,台积电,2024-11-14,0.010880
路透社,攻击,台积电,2024-11-14,0.010880
美国,认为非法,新加坡,2025-04-03,0.010846
克里斯蒂安·赫特纳,认为违规,台积电,2025-04-23,0.010807
特朗普,主导,苹果,2025-03-05,0.010769
特朗普,主导,苹果,2025-03-05,0.010769
当地立法者,认为可靠,台积电,2024-11-12,0.010754
郭建宏,认为有危机,台积电,2025-01-14,0.010729
Brad Lin,损害,台积电,2025-04-21,0.010713
台积电,担忧,芯片,2024-11-07,0.010701
《科创板日报》,认为可靠,台积电,2024-11-09,0.010677
《金融时报》,威胁,台积电,2025-04-18,0.010632
特朗普,认为违规,墨西哥,2025-03-03,0.010614
"路透社  
路透社",认可,台积电,2025-01-10,0.010612
劳拉·陈,感到不满,台积电,2025-03-31,0.010611
台积公司(TSMC),主导,美国,2024-11-09,0.010582
中国当局,认为有威胁,台积电,2025-03-25,0.010579
《华尔街日报》,相信,台积电,2025-04-18,0.010531
克丽丝蒂安·赫兹纳,感到满意,台积电,2025-04-18,0.010528
贸易战,损害,台积电,2025-04-15,0.010499
台积电,主导,政府支持计划,2025-04-16,0.010452
台积电,主导,政府支持计划,2025-04-16,0.010452
特朗普,相信,美国,2024-12-03,0.010438
《经济日报》,质疑,台积电,2024-11-10,0.010407
商务部,认为失败,台积电,2024-11-10,0.010395
《金融时报》,认为可靠,台积电,2024-11-07,0.010384
芯片,支持,台积电,2024-11-11,0.010365
盖尔辛格,批评,台积电,2025-03-27,0.010342
《自由时报》,认为有危机,台积电,2024-11-09,0.010323
Gary Tan,认为优秀,台积电,2025-04-17,0.010263
Gary Tan,认为优秀,台积电,2025-04-17,0.010263
Gary Tan,认为优秀,台积电,2025-04-17,0.010263
Gary Tan,认为优秀,台积电,2025-04-17,0.010263
Gary Tan,认为优秀,台积电,2025-04-17,0.010263
Gary Tan,认为优秀,台积电,2025-04-17,0.010263
美国,质疑,新加坡,2025-04-03,0.010205
Gary Tan,认为优秀,台积电,2025-04-16,0.010204
Gary Tan,认为优秀,台积电,2025-04-16,0.010204
Gary Tan,认为优秀,台积电,2025-04-16,0.010204
Gary Tan,认为优秀,台积电,2025-04-16,0.010204
《科创板日报》,认为可靠,台积电,2024-11-07,0.010197
《科创板日报》,认为可靠,台积电,2024-11-07,0.010197
Konrad,认为有威胁,台积电,2025-04-17,0.010159
Brad Lin,增进,台积电,2024-11-29,0.010144
Brad Lin,增进,台积电,2024-11-29,0.010144
Brad Lin,增进,台积电,2024-11-29,0.010144
TSMC,宣布投资,美国,2025-03-02,0.010124
苹果,主导,美国,2025-03-02,0.010111
特朗普,主导,贸易战,2024-11-06,0.010106
帕特·Ge尔辛格,担忧,台积电,2025-03-27,0.010101
克罗士·阿蒙,欣赏,台积电,2025-03-05,0.010088
《金融时报》,认为违规,台积电,2025-04-18,0.010085
台积电,攻击,NVIDIA,2024-11-24,0.010060
亚利桑那州,主导,TSMC,2025-01-09,0.010031
《金融时报》,质疑,台积电,2025-04-18,0.010022
中国当局,认为犯罪,台积电,2025-03-25,0.010019
中国当局,认为犯罪,台积电,2025-03-25,0.010019
《商业时报》,相信,台积电,2025-02-03,0.010003
魏哲家,威胁,台积电,2025-03-05,0.009965
特朗普,主导,贸易战,2025-04-09,0.009947
吴成文,批评,台积电,2024-11-28,0.009918
霍华德·鲁特尼克,感到满意,台积电,2025-03-02,0.009880
特朗普,主导,苹果,2025-03-02,0.009851
特朗普,威胁,墨西哥,2024-11-27,0.009836
特朗普,认为有威胁,美国,2025-03-02,0.009825
白宫,相信,特朗普,2024-11-11,0.009761
路透社,感到满意,台积电,2024-11-10,0.009757
台积公司（TSMC）,主导,美国,2024-11-09,0.009756
莫里斯·昌,认为有威胁,台积电,2024-12-09,0.009738
吉娜·雷蒙多,威胁,台积电,2024-11-14,0.009728
丹尼尔·纽曼,认可,台积电,2025-03-02,0.009678
彭博新闻社,担忧,台积电,2025-02-18,0.009673
魏哲家,质疑,台积电,2025-04-23,0.009643
魏哲家,质疑,台积电,2025-04-23,0.009643
台积电,获得关税豁免,美国,2025-04-15,0.009631
伦敦证券交易所,认为恐怖,台积电,2025-04-16,0.009619
Brad Lin,增进,台积电,2025-01-15,0.009592
魏哲家,认为有危机,台积电,2025-04-23,0.009588
CNA,质疑,台积电,2024-11-03,0.009570
伦敦证券交易所,认为有危机,台积电,2025-04-16,0.009524
马继华,认为失败,台积电,2024-11-10,0.009502
魏哲家,欢迎,台积电,2024-11-07,0.009474
吉娜·雷蒙多,认为优秀,台积电,2025-03-03,0.009472
吉娜·雷蒙多,认为优秀,台积电,2025-03-03,0.009472
特朗普,感到不满,中国,2025-04-08,0.009466
台积电,认为有威胁,芯片,2025-03-02,0.009466
台湾经济部门,质疑,台积电,2024-11-11,0.009454
拜登政府,感到满意,台积电,2025-04-08,0.009406
亚利桑那州,主导,TSMC,2025-04-13,0.009401
美国,认为有威胁,新加坡,2025-04-03,0.009384
美国,认为有威胁,新加坡,2025-04-03,0.009384
特朗普,认为有威胁,美国,2025-04-04,0.009380
特朗普,认为失败,贸易战,2024-11-06,0.009296
魏哲家,威胁,台积电,2025-04-16,0.009296
丹尼尔·纽曼,质疑,台积电,2025-03-02,0.009288
《金融时报》,认为缺乏,台积电,2025-04-18,0.009285
马吉华,认为违规,美国,2024-11-10,0.009269
马吉华,认为违规,美国,2024-11-10,0.009269
杰罗姆·鲍威尔,认为有暴力,台积电,2025-04-17,0.009259
劳拉·陈,认为缺乏,台积电,2025-03-31,0.009241
台积电,威胁,芯片,2024-11-11,0.009235
霍华德·鲁特尼克,质疑,台积电,2025-03-03,0.009166
特朗普,主导,美国,2024-11-09,0.009148
特朗普,主导,美国,2024-11-09,0.009148
特朗普,主导,美国,2024-11-09,0.009148
特朗普,主导,美国,2024-11-09,0.009148
特朗普,主导,美国,2024-11-09,0.009148
特朗普,主导,白宫,2025-03-02,0.009143
前台湾地区领导人,批评,贸易战,2024-11-06,0.009141
台积电,生产芯片,亚利桑那州,2024-11-15,0.009123
前台湾地区领导人,增进,贸易战,2024-11-06,0.009095
TSMC,宣布投资,美国,2025-03-05,0.009085
当地立法者,主导,台积电,2024-11-12,0.009063
丹尼尔·纽曼,支持,台积电,2025-03-02,0.009053
投资人,认为非法,台积电,2024-11-05,0.009041
特朗普,认为有成就,台湾,2024-12-03,0.009019
路透社,损害,台积电,2024-11-14,0.009011
马继华,质疑,台积电,2024-11-10,0.008996
马继华,质疑,台积电,2024-11-10,0.008996
马继华,质疑,台积电,2024-11-10,0.008996
马继华,质疑,台积电,2024-11-10,0.008996
马继华,质疑,台积电,2024-11-10,0.008996
马继华,质疑,台积电,2024-11-10,0.008996
马继华,质疑,台积电,2024-11-10,0.008996
马继华,质疑,台积电,2024-11-10,0.008996
政府支持计划,主导,台积电,2025-04-16,0.008980
政府支持计划,主导,台积电,2025-04-16,0.008980
Lauly Lith,认为失败,台积电,2024-11-13,0.008952
吉娜·雷蒙多,认为犯罪,台积电,2024-11-14,0.008950
TSMC,被起诉,美国,2024-11-13,0.008924
特朗普,认为失败,贸易政策,2025-04-17,0.008909
Sam Konrad,认为有威胁,台积电,2025-04-17,0.008901
台湾,主导,半导体,2024-12-03,0.008888
台湾,主导,半导体,2024-12-03,0.008888
《经济日报》,欣赏,台积电,2024-11-10,0.008877
霍华德·鲁特尼克,质疑,台积电,2025-03-02,0.008863
霍华德·鲁特尼克,质疑,台积电,2025-03-02,0.008863
伦敦证券交易所,质疑,台积电,2025-04-16,0.008859
马继华,担忧,台积电,2024-11-10,0.008857
马继华,担忧,台积电,2024-11-10,0.008857
马继华,担忧,台积电,2024-11-10,0.008857
马继华,担忧,台积电,2024-11-10,0.008857
马继华,担忧,台积电,2024-11-10,0.008857
马继华,担忧,台积电,2024-11-10,0.008857
马继华,担忧,台积电,2024-11-10,0.008857
马继华,担忧,台积电,2024-11-10,0.008857
美国,视作英雄,川普总统,2025-02-16,0.008855
台积电,威胁,芯片,2025-04-16,0.008839
帕特·格尔辛格,支持,台积电,2025-04-10,0.008833
Gary Tan,质疑,台积电,2025-04-17,0.008817
Gary Tan,质疑,台积电,2025-04-17,0.008817
特朗普,主导,关税计划,2024-11-05,0.008795
特朗普,主导,关税计划,2024-11-05,0.008795
特朗普,认为有成就,台积公司,2025-03-31,0.008769
Gary Tan,质疑,台积电,2025-04-16,0.008753
Gary Tan,质疑,台积电,2025-04-16,0.008753
Gary Tan,质疑,台积电,2025-04-16,0.008753
《CHIPS法案》,威胁,台积电,2024-12-02,0.008730
特朗普,感到不满,台积公司,2025-03-06,0.008691
埃隆·马斯克,主导,印度政府,2025-04-23,0.008684
《自由时报》,支持,台积电,2024-11-09,0.008671
丹尼尔·纽曼,担忧,台积电,2025-03-02,0.008663
丹尼尔·纽曼,担忧,台积电,2025-03-02,0.008663
《金融时报》,担忧,台积电,2025-04-18,0.008600
唐永年,担忧,台积电,2024-11-12,0.008600
吉娜·雷蒙多,担忧,台积电,2024-11-14,0.008541
吉娜·雷蒙多,担忧,台积电,2024-11-14,0.008541
投资人,认为有威胁,台积电,2024-11-05,0.008471
魏哲家,担忧,台积电,2025-04-16,0.008451
魏哲家,担忧,台积电,2025-04-16,0.008451
魏哲家,担忧,台积电,2025-04-16,0.008451
魏哲家,担忧,台积电,2025-04-16,0.008451
瑞克·卡斯迪,批评,台积电,2024-12-16,0.008442
黄仁勋,支持,台积电,2024-12-30,0.008440
特朗普,认为失败,贸易战,2025-04-09,0.008438
Sam Konrad,威胁,台积电,2025-04-17,0.008414
马继华,感到不满,台积电,2024-11-10,0.008405
中国,主导,贸易战,2025-04-09,0.008403
中国当局,认为有危机,台积电,2025-03-25,0.008402
朱凤莲,担忧,台积电,2025-02-25,0.008393
吉娜·雷蒙多,认为违规,台积电,2024-11-14,0.008381
《金融时报》,威胁,台积电,2024-11-04,0.008380
特朗普,认为违规,贸易政策,2025-04-17,0.008375
丹尼尔·纽曼,认为恐怖,台积电,2025-03-02,0.008358
特朗普,主导,半导体,2024-12-03,0.008355
特朗普,主导,半导体,2024-12-03,0.008355
吉娜·雷蒙多,质疑,台积电,2024-11-14,0.008310
吉娜·雷蒙多,质疑,台积电,2024-11-14,0.008310
魏哲家,担忧,台积电,2025-04-17,0.008292
魏哲家,担忧,台积电,2025-04-17,0.008292
欧洲,主导,特朗普,2025-04-23,0.008291
Tan,认为恐怖,台积电,2025-04-17,0.008273
特朗普,主导,特斯拉股票,2025-04-18,0.008258
彭博社,担忧,台积电,2024-11-06,0.008248
Brad Lin,支持,台积电,2025-04-21,0.008244
格尔辛格尔,认为犯罪,台积电,2024-12-09,0.008240
热土豆,担忧,台积电,2025-03-25,0.008239
邱教授,主导,特朗普,2025-04-03,0.008217
魏哲家,担忧,台积电,2025-03-05,0.008210
魏哲家,担忧,台积电,2025-03-02,0.008208
J.W. 秋,担忧,台积电,2024-11-09,0.008197
投资人,视作英雄,台积电,2024-11-05,0.008191
劳拉·陈,认为失败,台积电,2025-03-31,0.008187
乔·拜登,感到不满,特朗普,2025-04-05,0.008182
中国政府,威胁,台积电,2025-03-02,0.008155
哈里哈兰,威胁,台积电,2025-03-27,0.008142
莱纳特·海姆,认为失败,台积电,2025-04-08,0.008127
《金融时报》,感到满意,台积电,2025-04-18,0.008115
Phelix Lee,质疑,台积电,2024-11-11,0.008089
新竹工厂,支持,台积电,2025-04-23,0.008080
特朗普,相信,美国,2024-11-13,0.008071
中国当局,认为优秀,台积电,2025-03-25,0.008069
台积电,增进,芯片,2025-04-25,0.008039
Gary Tan,认为有威胁,台积电,2025-04-16,0.008023
Gary Tan,认为有威胁,台积电,2025-04-16,0.008023
Gary Tan,认为有威胁,台积电,2025-04-16,0.008023
《经济日报》,支持,台积电,2024-11-10,0.008006
《经济日报》,支持,台积电,2024-11-10,0.008006
台积电,增进,芯片,2024-12-16,0.007997
台积电,增进,芯片,2024-11-29,0.007997
盖尔辛格,认为恐怖,特朗普,2025-03-27,0.007988
中国,主导,贸易战,2025-04-13,0.007977
基辛格,攻击,台积电,2024-12-02,0.007977
Wilson中心,相信,特朗普,2024-11-06,0.007974
特朗普,感到不满,台湾,2024-12-03,0.007955
特朗普,感到不满,台湾,2024-12-03,0.007955
特朗普,感到不满,台湾,2024-12-03,0.007955
特朗普,感到不满,台湾,2024-12-03,0.007955
特朗普,感到不满,台湾,2024-12-03,0.007955
特朗普,感到不满,台湾,2024-12-03,0.007955
特朗普,感到不满,台湾,2024-12-03,0.007955
台积电,增进,芯片,2024-12-12,0.007955
霍华德·鲁特尼克,认为有威胁,中国大陆政府,2025-03-02,0.007945
魏哲家,认为有危机,台积电,2025-04-16,0.007943
魏哲家,认为有危机,台积电,2025-04-16,0.007943
魏哲家,认为有危机,台积电,2025-04-16,0.007943
魏哲家,认为缺乏,台积电,2025-04-16,0.007928
Gary Tan,相信,台积电,2025-04-17,0.007927
魏哲家,认为违规,台积电,2025-04-16,0.007904
魏哲家,认为违规,台积电,2025-04-16,0.007904
魏哲家,认为违规,台积电,2025-04-16,0.007904
台积电,增进,芯片,2025-03-11,0.007900
Gary Tan,认为有威胁,台积电,2025-04-17,0.007893
Gary Tan,认为有威胁,台积电,2025-04-17,0.007893
Gary Tan,认为有威胁,台积电,2025-04-17,0.007893
Gary Tan,认为有威胁,台积电,2025-04-17,0.007893
马吉华,认为非法,美国,2024-11-10,0.007881
马吉华,认为非法,美国,2024-11-10,0.007881
台积电,增进,芯片,2024-11-09,0.007879
北美技术研讨会,认为优秀,台积电,2025-04-24,0.007858
特朗普,认为有威胁,中国,2025-04-03,0.007849
特朗普,认为有威胁,中国,2025-04-03,0.007849
特朗普,感到不满,台湾,2025-03-05,0.007840
罗伯特·梅尔,主导,特朗普,2024-11-15,0.007833
中国当局,欢迎,特朗普,2025-03-25,0.007822
中国当局,欢迎,特朗普,2025-03-25,0.007822
华盛顿,相信,中国,2024-11-07,0.007805
台湾陆委会,威胁,台积电,2025-02-25,0.007798
C.C. Wei,认为热情,台积电,2024-11-07,0.007788
《自由时报》,担忧,台积电,2024-11-09,0.007788
劳拉·陈,批评,台积电,2025-03-31,0.007778
美国,认为可靠,新加坡,2025-04-03,0.007768
投资者,欣赏,台积电,2024-11-29,0.007766
特朗普,主导,美国,2024-11-15,0.007725
拜登总统,主导,美国,2025-03-02,0.007704
新加坡（路透社）,担忧,台积电,2025-04-16,0.007702
白宫,主导,美国,2025-04-16,0.007701
白宫,主导,美国,2025-04-16,0.007701
TSMC,宣布,美国,2024-11-02,0.007671
特朗普,认为有威胁,中国,2025-03-04,0.007660
台湾政府,损害,台积电,2024-11-04,0.007654
台湾政府,损害,台积电,2024-11-04,0.007654
台湾政府,损害,台积电,2024-11-04,0.007654
特朗普,主导,晶圆巨人的扩张计划,2025-03-05,0.007644
台湾,主导,芯片,2024-12-03,0.007619
台湾,主导,芯片,2024-12-03,0.007619
台湾,主导,芯片,2024-12-03,0.007619
台湾,主导,芯片,2024-12-03,0.007619
台湾,主导,芯片,2024-12-03,0.007619
台湾,主导,芯片,2024-12-03,0.007619
台积电,开始,芯片,2024-11-29,0.007617
台积电,开始,芯片,2024-11-29,0.007617
台积电,开始,芯片,2024-11-29,0.007617
特朗普,主导,美国,2025-04-17,0.007603
路透社,增进,台积电,2024-11-10,0.007601
帕特·盖尔辛格,认为恐怖,台积电,2024-11-06,0.007600
特朗普,主导,白宫,2025-04-17,0.007581
特朗普,主导,白宫,2025-04-17,0.007581
特朗普,主导,白宫,2025-04-17,0.007581
特朗普,主导,白宫,2025-04-17,0.007581
特朗普,主导,白宫,2025-04-17,0.007581
《金融时报》,质疑,台积电,2025-03-27,0.007572
Phelix Lee,担忧,台积电,2024-11-11,0.007571
Phelix Lee,担忧,台积电,2024-11-11,0.007571
政府支持计划,认可,台积电,2025-04-16,0.007564
政府支持计划,认可,台积电,2025-04-16,0.007564
哈里哈兰,批评,台积电,2025-03-27,0.007499
魏哲浩,认为失败,台积电,2025-03-05,0.007489
《商业韩国》,威胁,台积电,2024-11-16,0.007486
台积电,欣赏,芯片,2025-04-16,0.007455
投资人,认为可靠,台积电,2024-11-05,0.007445
吴部长,认可,台积电,2024-11-28,0.007408
投资人,认为失败,台积电,2024-11-05,0.007390
特朗普,认为有威胁,中国,2025-03-05,0.007390
特朗普,认为有威胁,中国,2025-03-05,0.007390
特朗普,认为有威胁,中国,2025-03-05,0.007390
特朗普,认为有威胁,中国,2025-03-05,0.007390
特朗普,主导,白宫,2025-04-15,0.007369
特朗普,主导,白宫,2025-04-15,0.007369
特朗普,主导,白宫,2025-04-15,0.007369
特朗普,主导,白宫,2025-04-15,0.007369
特朗普,认为有威胁,伊朗,2024-11-03,0.007349
Ge尔辛格,感到不满,特朗普,2025-03-27,0.007345
杰罗姆·鲍威尔,批评,台积电,2025-04-17,0.007342
杰罗姆·鲍威尔,批评,台积电,2025-04-17,0.007342
杰罗姆·鲍威尔,批评,台积电,2025-04-17,0.007342
俄勒冈州,主导,英特尔,2025-04-17,0.007336
半导体,批评,台积电,2024-11-11,0.007327
美国,认为优秀,新加坡,2025-04-03,0.007305
《金融时报》,担忧,台积电,2024-11-09,0.007290
加里·坦,增进,台积电,2025-04-17,0.007267
于伊齐,批评,台积电,2024-12-14,0.007257
Gary Tan,威胁,台积电,2025-04-17,0.007229
北美技术峰会,认为优秀,台积电,2025-04-24,0.007220
《自由时报》,感到不满,台积电,2024-11-09,0.007214
Konrad,威胁,台积电,2025-04-17,0.007198
台湾经济部,质疑,台积电,2024-11-09,0.007176
台湾经济部,质疑,台积电,2024-11-09,0.007176
TSMC,投资建设,美国,2024-11-30,0.007160
《环球时报》,质疑,台积电,2024-11-10,0.007147
《环球时报》,质疑,台积电,2024-11-10,0.007147
《环球时报》,质疑,台积电,2024-11-10,0.007147
《环球时报》,质疑,台积电,2024-11-10,0.007147
《环球时报》,质疑,台积电,2024-11-10,0.007147
新加坡（路透社）,支持,台积电,2025-04-16,0.007146
《金融时报》,认为违规,台积电,2024-11-09,0.007133
Lauly Lith,威胁,台积电,2024-11-13,0.007125
丹·伊夫斯,主导,特朗普,2025-04-15,0.007120
半导体,主导,苹果,2025-02-23,0.007118
台积电,担忧,中国市场,2024-11-02,0.007104
加里·坦,批评,台积电,2025-04-17,0.007100
吉娜·雷蒙多,喜欢,台积电,2025-03-03,0.007088
台湾经济部,担忧,台积电,2024-11-09,0.007079
罗伯特·桑德斯,支持,台积电,2025-01-16,0.007052
丹尼尔·纽曼,认为失败,台积电,2025-03-02,0.007042
格尔辛格尔,威胁,台积电,2024-12-09,0.007033
莫里斯·昌,威胁,台积电,2024-12-09,0.007022
特朗普,认为有威胁,中国,2024-11-06,0.007020
投资者,喜欢,台积电,2024-11-29,0.007017
Phelix Lee,增进,台积电,2024-11-11,0.006992
Phelix Lee,增进,台积电,2024-11-11,0.006992
Phelix Lee,增进,台积电,2024-11-11,0.006992
投资者,支持,台积电,2024-11-29,0.006963
英特尔,认为有威胁,特朗普,2025-03-03,0.006947
前总统,认为有成就,特朗普,2024-11-05,0.006897
百度,感到满意,台积电,2024-11-07,0.006893
台湾高级安全官员,质疑,台积电,2025-02-13,0.006891
台积电,认为可靠,关税谈判,2025-04-15,0.006885
特朗普,感到不满,台湾,2025-03-31,0.006873
《金融时报》,认可,台积电,2024-11-04,0.006873
Phelix Lee,认为有危机,台积电,2024-11-11,0.006862
特朗普,认为失败,美国,2025-03-05,0.006862
特朗普,认为失败,美国,2025-03-05,0.006862
美国,主导,TSMC,2024-12-24,0.006847
亚利桑那州,主导,英伟达,2024-12-27,0.006843
特朗普,主导,比特币,2024-11-05,0.006831
Gary Tan,担忧,台积电,2025-04-17,0.006824
Gary Tan,担忧,台积电,2025-04-17,0.006824
Gary Tan,担忧,台积电,2025-04-17,0.006824
Gary Tan,担忧,台积电,2025-04-17,0.006824
Gary Tan,担忧,台积电,2025-04-17,0.006824
Gary Tan,担忧,台积电,2025-04-17,0.006824
Gary Tan,担忧,台积电,2025-04-17,0.006824
Gary Tan,担忧,台积电,2025-04-17,0.006824
Gary Tan,担忧,台积电,2025-04-16,0.006808
Gary Tan,担忧,台积电,2025-04-16,0.006808
Gary Tan,担忧,台积电,2025-04-16,0.006808
Gary Tan,担忧,台积电,2025-04-16,0.006808
《金融时报》,质疑,台积电,2024-11-09,0.006805
秦思瑞,担忧,台积电,2025-01-16,0.006795
台湾官员,质疑,台积电,2025-04-09,0.006794
Jay Y. Lee,攻击,台积电,2025-03-20,0.006774
马继华,认为有危机,台积电,2024-11-10,0.006702
CNA,担忧,台积电,2024-11-03,0.006691
CNA,担忧,台积电,2024-11-03,0.006691
《华尔街日报》,担忧,台积电,2025-04-18,0.006686
霍华德·鲁特尼克,认为有成就,特朗普,2025-03-04,0.006667
魏哲家,质疑,台积电,2025-03-02,0.006646
三星,主导,芯片,2024-11-25,0.006638
帕特·盖尔辛格,攻击,台积电,2024-11-06,0.006634
Brad Lin,攻击,台积电,2025-04-21,0.006611
马继华,认为违规,台积电,2024-11-10,0.006610
马继华,认为违规,台积电,2024-11-10,0.006610
马继华,认为违规,台积电,2024-11-10,0.006610
特朗普,认为失败,美国,2024-11-06,0.006597
霍华德·鲁特尼克,增进,台积电,2025-03-02,0.006579
霍华德·鲁特尼克,增进,台积电,2025-03-02,0.006579
Gary Tan,认为违规,台积电,2025-04-17,0.006566
投资人,认可,台积电,2024-11-05,0.006566
特朗普,感到不满,拜登,2024-12-03,0.006553
白宫,认为有威胁,特朗普,2025-03-03,0.006539
中国当局,支持,台积电,2025-03-25,0.006522
中国当局,支持,台积电,2025-03-25,0.006522
基辛格,损害,台积电,2024-12-02,0.006507
《金融时报》,担忧,台积电,2024-11-07,0.006487
《金融时报》,担忧,台积电,2024-11-07,0.006487
投资者,认为恐怖,台积电,2024-11-29,0.006477
路透社,损害,台积电,2024-11-10,0.006473
特朗普,主导,持续贸易战,2025-04-09,0.006467
特朗普,主导,持续贸易战,2025-04-09,0.006467
TSMC,建设,美国,2024-12-11,0.006465
微软,认可,墨西哥,2024-11-27,0.006461
特朗普,相信,台湾,2024-12-03,0.006443
特朗普,相信,台湾,2024-12-03,0.006443
特朗普,相信,台湾,2024-12-03,0.006443
特朗普,相信,台湾,2024-12-03,0.006443
特朗普,相信,台湾,2025-03-05,0.006414
特朗普,认为优秀,华为,2025-04-22,0.006380
imes,认可,台积电,2024-12-11,0.006366
特朗普,质疑,美国,2024-12-03,0.006356
特朗普,威胁,伊朗,2024-11-03,0.006346
霍华德·卢特尼克,批评,台积电,2025-03-02,0.006314
台湾,认为失败,特朗普,2025-04-09,0.006310
《自由时报》,威胁,台积电,2024-11-09,0.006248
政府官员,认可,台积电,2025-03-11,0.006236
英特尔CEO最近离职,认为有威胁,台积电,2024-12-09,0.006215
当地立法者,认可,台积电,2024-11-12,0.006191
政府支持计划,欣赏,台积电,2025-04-16,0.006173
台湾总统,批评,台积电,2025-04-18,0.006152
伦敦证券交易所,支持,台积电,2025-04-16,0.006136
投资人,感到不满,台积电,2024-11-05,0.006112
C.C. Wei,认为优秀,台积电,2025-04-21,0.006096
阿克托·田aka,主导,美国,2025-04-02,0.006092
台湾经济部,认为违规,台积电,2024-11-09,0.006088
埃隆·马斯克,认可,特朗普,2024-11-11,0.006079
特朗普,认为有威胁,中国,2025-04-08,0.006062
特朗普,认为有威胁,中国,2025-04-08,0.006062
imes,质疑,台积电,2024-12-11,0.006056
《金融时报》,质疑,台积电,2024-11-07,0.006047
《金融时报》,质疑,台积电,2024-11-07,0.006047
美国,质疑,华为,2025-04-08,0.006046
帕特·盖尔辛格,损害,台积电,2024-11-06,0.006021
赖清德总统,主导,台湾,2025-04-19,0.006007
拜登政府,增进,台积电,2025-04-08,0.006007
特朗普,认为可靠,美国,2025-04-03,0.006005
特朗普,认为可靠,美国,2025-04-03,0.006005
特朗普,认为可靠,美国,2025-04-03,0.006005
特朗普,认为可靠,美国,2025-04-03,0.006005
侯永清,主导,美国,2024-11-06,0.006004
特朗普,主导,交易外交政策,2025-04-03,0.005975
Gary Tan,欣赏,台积电,2025-04-17,0.005974
蔡英文,感到不满,特朗普,2024-11-06,0.005969
台湾总统,批评,台积电,2025-04-23,0.005953
台湾总统,批评,台积电,2025-04-23,0.005953
特朗普,认为优秀,华为,2025-04-21,0.005942
特朗普,认为优秀,华为,2025-04-21,0.005942
路透社,主导,特朗普,2025-04-23,0.005941
Heim,认为有暴力,台积电,2025-04-08,0.005937
《金融时报》,担忧,台积电,2024-11-04,0.005927
特朗普,认可,TSMC,2025-03-03,0.005926
克罗士·阿蒙,认可,台积电,2025-03-05,0.005919
Wilson中心,质疑,特朗普,2024-11-06,0.005918
TSMC,获得补贴,美国,2025-03-03,0.005909
特朗普,主导,共和政府,2025-01-09,0.005858
特朗普,主导,美中贸易战,2025-04-17,0.005854
库克,认可,特朗普,2024-11-16,0.005853
投资人,认为优秀,台积电,2024-11-05,0.005835
特朗普,认为可靠,台湾,2025-02-25,0.005830
特朗普,感到不满,台湾,2025-02-25,0.005825
特朗普,感到不满,台湾,2025-02-25,0.005825
特朗普,主导,半导体,2025-04-15,0.005817
特朗普,主导,半导体,2025-04-15,0.005817
特朗普,主导,半导体,2025-04-16,0.005765
特朗普,主导,半导体,2025-04-16,0.005765
特朗普,主导,半导体,2025-04-16,0.005765
特朗普,认为优秀,台湾,2024-12-03,0.005759
特朗普,认为优秀,台湾,2024-12-03,0.005759
特朗普,认为优秀,台湾,2024-12-03,0.005759
特朗普,认为优秀,台湾,2024-12-03,0.005759
吉娜·雷蒙多,支持,台积电,2024-11-14,0.005754
克丽丝蒂安·赫兹纳,支持,台积电,2025-04-18,0.005740
商务部,支持,台积电,2025-03-02,0.005728
美国,担忧,新加坡,2025-04-03,0.005718
克罗士·阿蒙,支持,台积电,2025-03-05,0.005713
美国,认为优秀,华为,2024-11-07,0.005693
伦敦证券交易所,威胁,台积电,2025-04-16,0.005688
特朗普,认为可靠,台湾,2025-02-19,0.005685
中央通讯社（CNA）,相信,台积电,2024-11-03,0.005669
中央通讯社（CNA）,相信,台积电,2024-11-03,0.005669
O丹尼尔·纽曼,认为有危机,台积电,2025-03-02,0.005667
埃隆·马斯克,感到不满,中国,2024-12-27,0.005651
埃隆·马斯克,感到不满,中国,2024-12-27,0.005651
特朗普,认为可靠,台湾,2025-02-13,0.005633
特朗普,认为可靠,台湾,2025-02-13,0.005633
特朗普,认为非法,加拿大,2025-03-03,0.005626
贸易政策,损害,台积电,2025-04-17,0.005603
杰罗姆·鲍威尔,感到不满,特朗普,2025-04-17,0.005599
杰罗姆·鲍威尔,感到不满,特朗普,2025-04-17,0.005599
杰罗姆·鲍威尔,感到不满,特朗普,2025-04-17,0.005599
埃隆·马斯克,感到不满,中国,2024-12-26,0.005595
特朗普,认为有威胁,美国,2024-12-27,0.005592
特朗普,认为有威胁,美国,2024-12-27,0.005592
路透社,增进,台积电,2025-03-02,0.005556
路透社,损害,台积电,2025-04-08,0.005553
中国当局,威胁,台积电,2025-03-25,0.005552
投资人,欢迎,台积电,2024-11-05,0.005552
TSMC,建设,美国,2025-02-23,0.005548
美国,主导,芯片,2025-01-03,0.005542
美国,主导,芯片,2025-01-03,0.005542
美国,主导,芯片,2024-12-03,0.005542
美国,主导,芯片,2025-03-03,0.005542
吉娜·雷蒙多,认可,台积电,2025-03-03,0.005508
美国,主导,半导体,2024-12-03,0.005508
TSMC,投资建设,美国,2024-12-25,0.005478
C.C. Wei,质疑,台积电,2025-04-16,0.005475
特朗普,主导,交易性外交政策,2025-04-03,0.005472
白宫,担忧,特朗普,2025-03-03,0.005469
C.C. Wei,质疑,台积电,2025-04-17,0.005464
《金融时报》,质疑,台积电,2024-11-04,0.005463
路透社,认为有暴力,台积电,2025-04-08,0.005462
特朗普,感到满意,特朗普,2025-03-17,0.005457
Qualcomm,转向,TSMC,2024-11-03,0.005443
台积公司(TSMC),主导,美国,2024-11-13,0.005438
台积公司(TSMC),主导,美国,2024-11-13,0.005438
日本,主导,TSMC,2024-12-24,0.005421
台湾,认为可靠,特朗普,2025-04-09,0.005418
华为,认为失败,美国,2024-12-27,0.005417
帕特·格尔辛格,攻击,台积电,2024-12-09,0.005409
美国,主导,Nvidia,2025-04-16,0.005385
路透社,主导,美国,2025-04-08,0.005374
路透社,主导,美国,2025-04-08,0.005374
台湾高级安全官员,担忧,台积电,2025-02-13,0.005369
台积电,增进,晶圆代工业务,2025-04-03,0.005356
特朗普,认可,美国,2024-12-03,0.005350
约翰·迪尔,感到不满,特朗普,2025-04-09,0.005345
约翰·迪尔,感到不满,特朗普,2025-04-09,0.005345
特朗普,感到不满,英伟达,2025-04-22,0.005327
特朗普,感到不满,英伟达,2025-04-22,0.005327
特朗普,感到不满,英伟达,2025-04-22,0.005327
特朗普,主导,CHIPS法案,2025-04-08,0.005323
投资人,相信,台积电,2024-11-05,0.005317
特朗普,认为失败,台湾,2024-12-03,0.005316
特朗普,认为失败,台湾,2024-12-03,0.005316
特朗普,认为失败,台湾,2024-12-03,0.005316
特朗普,认为失败,台湾,2024-12-03,0.005316
特朗普,认为失败,台湾,2024-12-03,0.005316
特朗普,认为有威胁,美国,2024-12-26,0.005312
摩根士丹利,认为非法,美国,2024-11-11,0.005307
邱达生,感到不满,特朗普,2025-04-03,0.005306
华盛顿,认为有威胁,俄罗斯,2024-11-03,0.005297
美国,欢迎,新加坡,2025-04-03,0.005283
加拿大研究机构,主导,美国,2024-11-07,0.005281
特朗普,认为失败,美国,2024-11-09,0.005278
投资人,认为有危机,台积电,2024-11-05,0.005271
伦敦证券交易所,担忧,台积电,2025-04-16,0.005236
台湾的能源挑战,威胁,台积电,2024-11-04,0.005214
特朗普,认为违规,贸易战,2024-11-06,0.005213
特朗普,认为违规,贸易战,2024-11-06,0.005213
美国,主导,台积公司,2024-11-29,0.005211
美国,主导,台积公司,2024-11-29,0.005211
投资人,认为热情,台积电,2024-11-05,0.005177
政府官员,视作英雄,台积电,2025-03-11,0.005176
特朗普,认为有威胁,美国,2025-04-10,0.005163
TSMC,主动沟通,美国,2025-04-08,0.005154
杰夫·贝索斯,增进,台积电,2024-11-09,0.005143
特朗普,感谢,缅甸,2025-03-05,0.005142
美国,相信,台湾,2025-04-18,0.005117
秋部长,认为优秀,台积电,2024-11-09,0.005102
戴威,感到不满,特朗普,2024-11-06,0.005084
拜登政府,损害,台积电,2024-11-07,0.005076
拜登政府,损害,台积电,2024-11-07,0.005076
拜登政府,损害,台积电,2024-11-07,0.005076
拜登政府,损害,台积电,2024-11-07,0.005076
美国,主导,半导体,2025-03-05,0.005065
北京,感到不满,美国,2024-11-06,0.005050
帕特·格尔辛格,损害,台积电,2024-12-09,0.005042
散户投资者,喜欢,台积电,2024-12-30,0.005037
中国媒体,质疑,台积电,2024-11-07,0.005027
中国媒体,质疑,台积电,2024-11-07,0.005027
中国媒体,质疑,台积电,2024-11-07,0.005027
中国媒体,质疑,台积电,2024-11-07,0.005027
埃隆·马斯克,视作英雄,特朗普,2024-11-15,0.005023
埃隆·马斯克,视作英雄,特朗普,2024-11-15,0.005023
埃隆·马斯克,认可,中国,2024-12-27,0.005012
《经济日报》,认为恐怖,台积电,2024-11-10,0.005011
SemiWiki论坛,质疑,台积电,2024-11-12,0.004997
美国,主导,芯片,2025-03-05,0.004996
特朗普,质疑,美国,2025-04-07,0.004994
美国,认可,新加坡,2025-04-03,0.004991
Gary Tan,认为有危机,台积电,2025-04-16,0.004989
Gary Tan,认为有危机,台积电,2025-04-16,0.004989
特朗普,感到不满,台湾,2025-02-19,0.004983
吉娜·雷蒙多,认为恐怖,台积电,2024-11-14,0.004979
吉娜·雷蒙多,认为恐怖,台积电,2024-11-14,0.004979
美国,认为有威胁,墨西哥,2024-11-27,0.004956
政府支持计划,认为优秀,台积电,2025-04-16,0.004953
政府支持计划,认为优秀,台积电,2025-04-16,0.004953
当地立法者,质疑,台积电,2024-11-12,0.004938
唐永年,批评,台积电,2024-11-12,0.004933
埃隆·马斯克,认为可靠,中国,2024-12-27,0.004920
埃隆·马斯克,认为可靠,中国,2024-12-27,0.004920
热土豆,批评,台积电,2025-03-25,0.004913
白宫,质疑,特朗普,2025-03-03,0.004910
半导体,损害,台积电,2025-02-09,0.004898
特朗普,主导,关税策略,2025-04-08,0.004887
埃隆·马斯克,认为有成就,特斯拉,2024-12-25,0.004880
Gary Tan,认为有危机,台积电,2025-04-17,0.004861
Gary Tan,认为有危机,台积电,2025-04-17,0.004861
Gary Tan,认为有危机,台积电,2025-04-17,0.004861
Gary Tan,认为有危机,台积电,2025-04-17,0.004861
Wen-Yee 李,认为优秀,台积电,2025-04-13,0.004858
台北,认为可靠,美国,2025-04-18,0.004845
乔·罗根,感到不满,特朗普,2024-11-05,0.004841
魏哲家,增进,台积电,2025-04-16,0.004839
格尔辛格,攻击,台积电,2024-12-02,0.004836
美国,担忧,华为,2024-11-07,0.004813
高盛,认为失败,美国,2024-11-02,0.004810
高盛,认为失败,美国,2024-11-02,0.004810
帕特·Ge尔辛格,感到不满,特朗普,2025-03-27,0.004804
TSMC,收入来源,中国,2024-11-09,0.004803
邱教授,感到不满,特朗普,2025-04-03,0.004792
大卫·迈耶,主导,特朗普,2025-04-23,0.004789
伦敦证券交易所,认为缺乏,台积电,2025-04-16,0.004788
盖尔辛格,损害,台积电,2024-11-06,0.004773
路透社,相信,格尔辛格尔,2024-12-09,0.004770
特朗普,威胁,中国,2025-03-05,0.004755
特朗普,威胁,中国,2025-03-05,0.004755
特朗普,威胁,中国,2025-03-05,0.004755
赖清德,认为可靠,美国,2025-03-05,0.004738
赖清德,认为可靠,美国,2025-03-05,0.004738
美国,认为失败,新加坡,2025-04-03,0.004737
台积公司,认可,美国,2024-11-13,0.004736
拜登总统,主导,美国,2024-11-25,0.004727
特朗普,主导,芯片,2025-03-02,0.004721
特朗普,主导,芯片,2025-03-02,0.004721
特朗普,主导,芯片,2025-03-02,0.004721
特朗普,感到不满,台湾,2024-11-15,0.004716
美国,感到不满,俄罗斯,2024-11-04,0.004710
特朗普,感到不满,台湾,2024-11-11,0.004702
特朗普,感到不满,台湾,2024-11-11,0.004702
特朗普,感到不满,台湾,2025-02-13,0.004700
台北,欢迎,特朗普,2025-04-03,0.004678
特朗普,认为有威胁,中国,2024-11-30,0.004676
魏哲家,增进,台积电,2024-11-17,0.004673
苏贞昌,认为优秀,台积电,2025-03-05,0.004672
苏贞昌,认为优秀,台积电,2025-03-05,0.004672
黄仁勋,认为有暴力,台积电,2024-12-30,0.004660
伦纳特·海姆,损害,台积电,2025-04-22,0.004635
伦纳特·海姆,损害,台积电,2025-04-22,0.004635
中国当局,认为失败,台积电,2025-03-25,0.004631
美国,相信,英特尔,2025-03-03,0.004612
《经济日报》,增进,台积电,2024-11-17,0.004606
特朗普,威胁,中国,2024-11-06,0.004604
台湾陆委会,认为有威胁,特朗普,2025-02-25,0.004593
雷蒙多,认为恐怖,台积电,2024-11-14,0.004585
特朗普,主导,芯片,2024-12-03,0.004573
特朗普,主导,芯片,2024-12-03,0.004573
特朗普,主导,芯片,2024-12-03,0.004573
特朗普,损害,墨西哥,2025-03-03,0.004569
克里斯蒂安·赫特纳,支持,台积电,2025-04-23,0.004565
格尔辛格,损害,台积电,2024-12-02,0.004553
伊朗最高领袖,主导,以色列,2024-11-02,0.004550
中国当局,视作英雄,特朗普,2025-03-25,0.004547
中国当局,视作英雄,特朗普,2025-03-25,0.004547
TSMC,获得补贴,美国,2025-04-09,0.004546
投资人,威胁,台积电,2024-11-05,0.004544
台湾经济部门,支持,台积电,2024-11-11,0.004532
特朗普,主导,关税计划,2025-04-09,0.004530
特朗普,主导,关税计划,2025-04-09,0.004530
特朗普,认为可靠,台湾,2025-03-05,0.004513
库克,感到满意,特朗普,2024-11-16,0.004512
特朗普,认为可靠,中国,2025-04-16,0.004510
安蒙,质疑,台积电,2025-04-03,0.004504
当地立法者,认为优秀,台积电,2024-11-12,0.004502
TSMC,获得资金支持,美国,2024-12-23,0.004489
特朗普,认为可靠,台积公司,2025-03-31,0.004487
美国,认为失败,贸易战,2024-12-28,0.004469
TSMC,建设,美国,2024-12-19,0.004464
特朗普,认为优秀,美国,2024-11-16,0.004463
特朗普,认为有威胁,中国,2024-11-29,0.004446
台湾,认为优秀,特朗普,2025-04-09,0.004446
特朗普,认为有威胁,台湾,2025-03-04,0.004437
赖清德,认为可靠,美国,2025-04-18,0.004414
特朗普,主导,芯片,2025-03-04,0.004401
贝索斯,认为可靠,美国,2024-11-09,0.004388
巴伦周刊,认可,台积电,2025-04-05,0.004385
特朗普,认为有威胁,台湾,2025-03-03,0.004383
特朗普,认为有威胁,台湾,2025-03-03,0.004383
特朗普,认为有威胁,台湾,2024-12-03,0.004383
特朗普,认为有威胁,台湾,2024-12-03,0.004383
特朗普,认为有威胁,台湾,2024-12-03,0.004383
特朗普,认为有威胁,台湾,2024-12-03,0.004383
特朗普,认为有威胁,台湾,2024-12-03,0.004383
特朗普,认为有威胁,台湾,2024-12-03,0.004383
特朗普,认为有威胁,台湾,2024-12-03,0.004383
特朗普,认为有威胁,台湾,2024-12-03,0.004383
特朗普,认为有威胁,台湾,2024-12-03,0.004383
吴部长,认为有威胁,台积电,2024-11-28,0.004379
俄罗斯,主导,弗拉基米尔·普京,2025-03-05,0.004374
Jeff Bezos,认为可靠,美国,2024-11-09,0.004371
TSMC,面临罚款,美国,2025-04-07,0.004363
马斯克,感到不满,苹果,2024-11-16,0.004326
C.C. Wei,担忧,台积电,2025-04-17,0.004319
投资人,认为犯罪,台积电,2024-11-05,0.004317
《金融时报》,欣赏,台积电,2024-11-04,0.004315
特朗普,认为优秀,台湾,2025-02-19,0.004296
美国,主导,俄罗斯驻华盛顿大使馆,2024-11-03,0.004294
特朗普,主导,广泛全球关税政策,2025-04-08,0.004293
台湾公司,认为可靠,美国,2025-04-19,0.004284
特朗普,认为有成就,鲍威尔,2025-04-21,0.004269
特朗普,认为有成就,鲍威尔,2025-04-21,0.004269
特朗普,认为有威胁,台湾,2025-03-05,0.004253
特朗普,认为有威胁,台湾,2025-03-05,0.004253
特朗普,认为有威胁,台湾,2024-11-05,0.004253
程庭芳,认为有威胁,台积电,2024-11-13,0.004248
特朗普,主导,复杂设施建设计划,2025-03-12,0.004230
当地立法者,欣赏,台积电,2024-11-12,0.004229
派伯（Baird）,担忧,台积电,2025-02-13,0.004228
巴拉克·奥巴马,感到不满,史蒂夫·乔布斯,2025-04-13,0.004227
TSMC,停止供货,华为,2025-04-08,0.004220
特朗普,认为可靠,台湾,2024-12-03,0.004214
特朗普,主导,贸易谈判,2024-11-06,0.004164
TSMC,建设,美国,2025-01-13,0.004157
华盛顿,认为可靠,美国,2025-04-03,0.004150
中国,主导,DeepSeek,2025-03-09,0.004141
盖尔辛格,攻击,台积电,2025-03-27,0.004132
克罗士·阿蒙,批评,台积电,2025-03-05,0.004130
台湾,宣布,美国,2025-03-30,0.004118
花旗,认为失败,特朗普,2024-11-02,0.004118
花旗,认为失败,特朗普,2024-11-02,0.004118
特朗普,增进,美国,2025-03-02,0.004110
特朗普,增进,美国,2025-03-02,0.004110
特朗普,增进,美国,2025-03-02,0.004110
特朗普,主导,芯片,2025-03-05,0.004106
特朗普,主导,芯片,2024-11-05,0.004106
特朗普,主导,芯片,2024-11-05,0.004106
特朗普,主导,芯片,2024-11-05,0.004106
特朗普,主导,芯片,2024-11-05,0.004106
特朗普,主导,芯片,2024-11-05,0.004106
特朗普,主导,芯片,2025-03-05,0.004106
特朗普,质疑,中国,2025-04-08,0.004104
特朗普,质疑,中国,2025-04-08,0.004104
埃隆·马斯克,认为失败,美国,2024-11-15,0.004101
埃隆·马斯克,认为失败,美国,2024-11-15,0.004101
《台北时报》,相信,台积电,2024-11-09,0.004096
特朗普,欣赏,美国,2024-12-03,0.004094
TSMC,面临罚款,美国,2025-04-08,0.004091
特朗普,增进,美国,2025-03-03,0.004089
特朗普,增进,美国,2024-11-03,0.004089
投资人,认为违规,台积电,2024-11-05,0.004088
华盛顿,认为有威胁,中国,2024-11-07,0.004077
美国,认为可靠,俄罗斯,2024-11-03,0.004069
特朗普,认可,台湾,2025-02-13,0.004067
美国,认为恐怖,新加坡,2025-04-03,0.004065
美国,认为缺乏,新加坡,2025-04-03,0.004054
特朗普,认为失败,台湾,2024-11-11,0.004053
伦纳特·海姆,认为有暴力,台积电,2025-04-22,0.004048
伦纳特·海姆,认为有暴力,台积电,2025-04-22,0.004048
美国,相信,英特尔,2024-11-27,0.004043
TSMC,停止供应,华为,2025-04-07,0.004031
以色列,感到不满,伊朗,2024-11-02,0.004029
以色列,感到不满,伊朗,2024-11-02,0.004029
以色列,感到不满,伊朗,2024-11-02,0.004029
魏哲家,支持,台积电,2025-04-16,0.004025
魏哲家,支持,台积电,2025-04-16,0.004025
魏哲家,支持,台积电,2025-04-16,0.004025
魏哲家,支持,台积电,2025-04-16,0.004025
美国,认为可靠,俄罗斯,2024-11-04,0.004023
赖清德,认为可靠,美国,2025-02-13,0.004004
台湾经济部,支持,台积电,2024-11-09,0.004000
白宫,认可,美国,2025-04-16,0.003979
特朗普,认为有威胁,加拿大,2024-11-30,0.003967
深圳,增进,台积电,2024-11-19,0.003963
美国,认为违规,新加坡,2025-04-03,0.003956
投资人,认为缺乏,台积电,2024-11-05,0.003951
华盛顿,认为可靠,中国,2024-11-07,0.003951
魏哲家,支持,台积电,2024-11-17,0.003948
白宫,认可,特朗普,2025-03-03,0.003929
亚利桑那州,主导,英伟达,2025-04-19,0.003928
白宫,感到满意,特朗普,2025-03-03,0.003927
特朗普,认可,美国,2024-11-09,0.003920
投资人,质疑,台积电,2024-11-05,0.003905
台积公司,认为失败,美国,2024-11-13,0.003903
美国,欣赏,新加坡,2025-04-03,0.003895
台积电,认为有暴力,英伟达,2025-04-17,0.003892
华盛顿,质疑,中国,2024-11-07,0.003874
美国,认为有威胁,俄罗斯,2024-11-03,0.003864
美国,认为有威胁,俄罗斯,2024-11-03,0.003864
特朗普,威胁,中国,2024-11-30,0.003861
特朗普,认为有威胁,台湾,2024-11-06,0.003860
特朗普,认为有威胁,台湾,2024-11-06,0.003860
伦敦证券交易所,批评,台积电,2025-04-16,0.003858
美国,认为非法,俄罗斯,2024-11-04,0.003855
特朗普,认可,台湾,2025-02-19,0.003845
特朗普,认可,台湾,2025-02-19,0.003845
特朗普,认为失败,美国,2025-04-17,0.003840
台湾科技公司,认为有危机,台湾,2025-04-17,0.003836
埃隆·马斯克,视作英雄,普京,2025-04-23,0.003822
特朗普,认为有威胁,中国,2025-04-11,0.003814
特朗普,认为有威胁,中国,2025-04-11,0.003814
特朗普,认为有威胁,中国,2025-04-11,0.003814
特朗普,认为有威胁,中国,2025-04-11,0.003814
特朗普,认为有威胁,中国,2025-04-11,0.003814
丹尼尔·纽曼,感到满意,台积电,2025-03-02,0.003811
台湾,质疑,特朗普,2025-04-09,0.003807
台湾,质疑,特朗普,2025-04-09,0.003807
埃隆·马斯克,相信,中国,2024-12-27,0.003797
埃隆·马斯克,相信,中国,2024-12-27,0.003797
美国,感到不满,苹果,2024-11-30,0.003794
特朗普,威胁,美国,2024-12-27,0.003790
特朗普,威胁,美国,2024-12-27,0.003790
特朗普,感谢,库克,2025-02-23,0.003787
特朗普,感谢,库克,2025-02-23,0.003787
特朗普,感谢,库克,2025-02-23,0.003787
特朗普,感谢,库克,2025-02-23,0.003787
台湾总统赖清德,评价,台积电,2025-03-05,0.003776
特朗普,主导,贸易关税措施,2025-04-06,0.003762
美国,威胁,新加坡,2025-04-03,0.003762
道达尔集团,认为失败,美国,2024-11-02,0.003756
道达尔集团,认为失败,美国,2024-11-02,0.003756
特朗普,主导,芯片,2024-11-06,0.003756
特朗普,主导,芯片,2024-11-06,0.003756
特朗普,主导,芯片,2024-11-06,0.003756
特朗普,主导,芯片,2024-11-06,0.003756
特朗普,主导,芯片,2024-11-06,0.003756
特朗普,主导,芯片,2024-11-06,0.003756
特朗普,主导,芯片,2024-11-06,0.003756
特朗普,主导,芯片,2024-11-06,0.003756
特朗普,主导,芯片,2024-11-06,0.003756
特朗普,主导,芯片,2024-11-06,0.003756
特朗普,主导,芯片,2024-11-06,0.003756
特朗普,主导,芯片,2024-11-06,0.003756
特朗普,主导,芯片,2024-11-06,0.003756
台积公司,质疑,特朗普,2025-03-30,0.003753
美国,相信,英特尔,2024-11-25,0.003735
Brad Lin,批评,台积电,2025-04-21,0.003720
特朗普,相信,欧洲,2025-04-17,0.003704
TSMC,暂停建设,美国,2024-11-16,0.003703
特朗普,认为失败,美国,2024-11-15,0.003699
特朗普,认为失败,美国,2024-11-15,0.003699
美国,相信,俄罗斯驻华盛顿大使馆,2024-11-03,0.003692
美国,相信,俄罗斯驻华盛顿大使馆,2024-11-03,0.003692
美国,认为有危机,新加坡,2025-04-03,0.003686
美国,认为有危机,新加坡,2025-04-03,0.003686
当地立法者,认为恐怖,台积电,2024-11-12,0.003683
特朗普,威胁,美国,2024-12-26,0.003677
特朗普,增进,贸易政策,2025-04-17,0.003676
特朗普,增进,贸易政策,2025-04-17,0.003676
特朗普,增进,贸易政策,2025-04-17,0.003676
特朗普,增进,贸易政策,2025-04-17,0.003676
特朗普,增进,贸易政策,2025-04-17,0.003676
特朗普,增进,贸易政策,2025-04-17,0.003676
特朗普,增进,贸易政策,2025-04-17,0.003676
特朗普,增进,贸易政策,2025-04-17,0.003676
特朗普,增进,贸易政策,2025-04-17,0.003676
特朗普,增进,贸易政策,2025-04-17,0.003676
特朗普,增进,贸易政策,2025-04-17,0.003676
特朗普,增进,贸易政策,2025-04-17,0.003676
特朗普,增进,贸易政策,2025-04-17,0.003676
美国,认为失败,特朗普,2024-11-02,0.003663
当地立法者,认为有威胁,台积电,2024-11-12,0.003648
美国,认为有威胁,俄罗斯,2024-11-04,0.003642
美国,认为有威胁,俄罗斯,2024-11-04,0.003642
美国,认为有威胁,俄罗斯,2024-11-04,0.003642
美国,认为有威胁,俄罗斯,2024-11-04,0.003642
投资人,担忧,台积电,2024-11-05,0.003640
TSMC,建设,美国,2025-04-15,0.003632
民进党,认为可靠,美国,2025-04-03,0.003625
民进党,认为可靠,美国,2025-04-03,0.003625
埃隆·马斯克,相信,中国,2024-12-26,0.003613
特朗普,主导,关税计划,2025-04-18,0.003613
特朗普,主导,关税计划,2025-04-18,0.003613
特朗普,感到满意,美国,2025-04-17,0.003610
杰罗姆·鲍威尔,相信,特朗普,2025-04-17,0.003609
杰罗姆·鲍威尔,相信,特朗普,2025-04-17,0.003609
杰罗姆·鲍威尔,相信,特朗普,2025-04-17,0.003609
杰罗姆·鲍威尔,相信,特朗普,2025-04-17,0.003609
美国,主导,半导体,2025-04-15,0.003597
路透社,欣赏,陈立武,2025-04-25,0.003592
中国,质疑,富士康,2025-04-13,0.003580
中国,认为非法,台湾,2025-03-03,0.003570
TSMC,使用技术,亚利桑那州,2025-03-02,0.003564
特朗普,认可,台湾,2025-02-25,0.003562
美国,主导,芯片,2025-03-30,0.003557
戈库尔·哈里哈兰,损害,台积电,2025-03-27,0.003549
《金融时报》,支持,台积电,2025-04-18,0.003544
芯片,认为可靠,美国,2025-04-03,0.003540
娜特莉·奎廉,主导,美国,2024-11-25,0.003539
埃隆·马斯克,主导,《通货膨胀削减法案》,2024-11-11,0.003538
霍华德·鲁特尼克,相信,特朗普,2025-03-03,0.003534
霍华德·鲁特尼克,相信,特朗普,2025-03-03,0.003534
杰罗姆·鲍威尔,认可,特朗普,2025-04-17,0.003507
杰罗姆·鲍威尔,认可,特朗普,2025-04-17,0.003507
杰罗姆·鲍威尔,认可,特朗普,2025-04-17,0.003507
吴成文,增进,台积电,2024-11-28,0.003502
德国,主导,TSMC,2024-12-24,0.003498
雷蒙多,损害,台积电,2024-11-14,0.003496
亚利桑那州,主导,英特尔,2025-04-17,0.003493
亚利桑那州,主导,英特尔,2025-04-17,0.003493
特朗普,增进,美国,2025-04-08,0.003492
特朗普,增进,美国,2025-04-08,0.003492
特朗普,增进,美国,2025-04-08,0.003492
印度尼西亚,认为可靠,谷歌,2024-11-06,0.003485
赖清德总统,认为可靠,美国,2025-04-19,0.003484
台积电,增进,英特尔代工服务,2025-04-07,0.003483
特朗普,主导,贸易战争,2025-04-23,0.003482
伊朗最高领袖,认为有威胁,美国,2024-11-02,0.003471
特朗普,主导,乌克兰停火提案,2025-03-03,0.003468
特朗普,认为有威胁,台湾,2024-11-07,0.003468
特朗普,认为有威胁,台湾,2024-11-07,0.003468
特朗普,认为有威胁,台湾,2024-11-07,0.003468
特朗普,认为有威胁,台湾,2024-11-07,0.003468
特朗普,认为有威胁,台湾,2024-11-07,0.003468
特朗普,认为有威胁,台湾,2024-11-07,0.003468
特朗普,认为可靠,英伟达,2025-04-22,0.003465
美国,主导,新扩张计划,2025-03-05,0.003444
政府官员,喜欢,台积电,2025-03-11,0.003443
中国当局,认为热情,特朗普,2025-03-25,0.003442
中国当局,认为热情,特朗普,2025-03-25,0.003442
路透社,批评,台积电,2024-11-14,0.003440
TSMC,获得资金支持,美国,2024-11-19,0.003434
民进党,主导,台湾,2025-04-03,0.003433
民进党,主导,台湾,2025-04-03,0.003433
莱夫·纳坎姆,增进,台积电,2025-03-05,0.003431
路透社,批评,台积电,2024-11-07,0.003429
TSMC,获得资金,美国,2025-03-03,0.003429
美国,认可,美国,2024-11-03,0.003425
特朗普,认为有威胁,美国,2025-04-17,0.003419
投资者,感到满意,台积电,2024-11-29,0.003411
特朗普,主导,芯片,2024-11-07,0.003402
特朗普,主导,芯片,2024-11-07,0.003402
特朗普,主导,芯片,2024-11-07,0.003402
特朗普,主导,芯片,2024-11-07,0.003402
特朗普,主导,芯片,2024-11-07,0.003402
特朗普,主导,芯片,2024-11-07,0.003402
特朗普,主导,芯片,2024-11-07,0.003402
特朗普,主导,芯片,2024-11-07,0.003402
特朗普,主导,芯片,2024-11-07,0.003402
特朗普,主导,芯片,2024-11-07,0.003402
美国,主导,芯片,2024-11-29,0.003398
美国,主导,芯片,2024-11-29,0.003398
美国,主导,芯片,2024-11-29,0.003398
美国,主导,芯片,2025-03-29,0.003398
美国,主导,芯片,2024-12-29,0.003398
乔·拜登,感到满意,美国,2025-04-09,0.003398
Wen-Yee 李,相信,台积电,2025-04-13,0.003393
政府支持计划,支持,台积电,2025-04-16,0.003384
政府支持计划,支持,台积电,2025-04-16,0.003384
TSMC,投资建设,美国,2025-04-18,0.003367
·图尔,主导,美国,2024-11-18,0.003367
特朗普,感谢,蒂姆·库克,2025-03-02,0.003359
特朗普,感谢,蒂姆·库克,2025-03-02,0.003359
中国当局,批评,台积电,2025-03-25,0.003357
特朗普,增进,贸易政策,2025-04-16,0.003353
彭博社,喜欢,台积电,2025-03-11,0.003340
美国,认为有成就,英特尔,2025-03-03,0.003323
白宫,欢迎,特朗普,2024-11-05,0.003318
台湾,欢迎,特朗普,2025-03-03,0.003305
台湾,欢迎,特朗普,2025-04-03,0.003305
特朗普,威胁,中国,2025-04-11,0.003292
特朗普,威胁,中国,2025-04-11,0.003292
美国,敦促,TSMC,2025-03-02,0.003291
霍华德·鲁特尼克,认为有威胁,特朗普,2025-04-08,0.003264
霍华德·鲁特尼克,认为优秀,特朗普,2025-03-04,0.003252
政府官员,欢迎,台积电,2025-03-11,0.003236
政府官员,欢迎,台积电,2025-03-11,0.003236
新墨西哥州,主导,英特尔,2024-11-12,0.003222
华为,威胁,美国,2024-12-27,0.003216
中媒,质疑,台积电,2024-11-07,0.003215
中媒,质疑,台积电,2024-11-07,0.003215
中媒,质疑,台积电,2024-11-07,0.003215
中媒,质疑,台积电,2024-11-07,0.003215
特朗普,威胁,美国,2025-03-11,0.003215
亚当·普森,认为有成就,特朗普,2024-11-06,0.003215
特朗普,主导,互惠关税税率,2025-04-07,0.003214
特朗普,主导,将制造业从海外回迁,2025-03-26,0.003194
特朗普,认为有威胁,台湾,2025-03-31,0.003186
特朗普,主导,与印度的贸易协议,2025-04-24,0.003181
中国,质疑,台湾,2025-03-03,0.003178
美国,相信,英伟达,2025-04-21,0.003175
特朗普,认为非法,台湾,2024-12-03,0.003175
特朗普,认为非法,台湾,2024-12-03,0.003175
特朗普,认为非法,台湾,2024-12-03,0.003175
特朗普,认为非法,台湾,2024-12-03,0.003175
特朗普,认为非法,台湾,2024-12-03,0.003175
特朗普,认为非法,台湾,2024-12-03,0.003175
路透社,批评,台积电,2025-04-25,0.003167
路透社,批评,台积电,2025-04-25,0.003167
路透社,批评,台积电,2025-04-25,0.003167
美国,认为可靠,美国,2025-04-19,0.003167
台湾陆委会,损害,台积电,2025-02-25,0.003160
朱利安·夏伊塞教授,认为有威胁,美国,2025-04-03,0.003159
华盛顿,威胁,中国,2024-11-07,0.003159
TSMC,参与会面,美国,2025-03-05,0.003159
中国,认为失败,贸易战,2025-04-09,0.003152
美国,质疑,俄罗斯,2024-11-03,0.003147
美国,质疑,俄罗斯,2024-11-04,0.003145
安蒙,担忧,台积电,2025-04-03,0.003144
《商业时报》,认可,台积电,2025-02-03,0.003143
日本,主导,半导体,2024-11-12,0.003140
印度尼西亚,认为优秀,谷歌,2024-11-06,0.003139
日本,认为可靠,台湾,2025-02-13,0.003136
路透社,批评,台积电,2024-11-10,0.003132
苏贞昌,质疑,台积电,2025-03-05,0.003130
苏贞昌,质疑,台积电,2025-03-05,0.003130
特朗普,增进,美国,2024-11-09,0.003123
特朗普,增进,美国,2024-11-09,0.003123
特朗普,增进,美国,2024-11-09,0.003123
特朗普,增进,美国,2024-11-09,0.003123
特朗普,增进,美国,2024-11-09,0.003123
TSMC,承诺投资,美国,2025-03-05,0.003121
政府支持计划,担忧,台积电,2025-04-16,0.003119
政府支持计划,担忧,台积电,2025-04-16,0.003119
芯片,损害,台积电,2024-11-11,0.003113
特朗普,增进,贸易政策,2025-04-15,0.003110
《台北时报》,质疑,台积电,2024-11-09,0.003104
约翰·迪尔,认为失败,特朗普,2025-04-09,0.003102
约翰·迪尔,认为失败,特朗普,2025-04-09,0.003102
台积电,批评,拜登政府,2025-04-08,0.003098
台积电,批评,拜登政府,2025-04-08,0.003098
台积电,批评,拜登政府,2025-04-08,0.003098
特朗普,主导,广泛贸易关税,2025-04-12,0.003089
特朗普,主导,广泛贸易关税,2025-04-12,0.003089
特朗普,认为有威胁,台湾,2025-03-30,0.003088
美国,主导,芯片,2024-12-27,0.003088
美国,主导,芯片,2024-12-27,0.003088
《商业时报》,认为优秀,台积电,2025-02-03,0.003080
特朗普,认为非法,台湾,2024-11-05,0.003080
魏哲家,主导,美国,2025-04-16,0.003074
魏哲家,主导,美国,2025-04-16,0.003074
魏哲家,主导,美国,2025-04-16,0.003074
华盛顿,担忧,中国,2024-11-07,0.003073
美国,相信,欧洲,2025-04-16,0.003072
魏哲浩,认为缺乏,台积电,2025-03-05,0.003071
特朗普,认可,台积公司,2025-03-06,0.003066
白宫,支持,特朗普,2025-03-03,0.003066
特朗普,认为有威胁,美国,2025-04-14,0.003063
台湾,认可,特朗普,2025-04-09,0.003063
中国,认为可靠,台湾,2025-04-12,0.003063
特朗普,认可,台积公司,2025-03-31,0.003058
特朗普,认可,台湾,2025-03-05,0.003058
拜登政府,认为非法,美国,2024-11-02,0.003058
拜登政府,认为非法,美国,2024-11-02,0.003058
黄仁勋,感到不满,特朗普,2025-04-16,0.003057
黄仁勋,感到不满,特朗普,2025-04-16,0.003057
美国,认为可靠,美国,2025-04-18,0.003052
O丹尼尔·纽曼,担忧,台积电,2025-03-02,0.003046
特朗普,主导,芯片,2025-04-08,0.003045
特朗普,主导,芯片,2025-04-08,0.003045
特朗普,主导,芯片,2025-04-08,0.003045
库克,感到不满,美国,2025-04-13,0.003038
imes,担忧,台积电,2024-12-11,0.003029
杨金龙,相信,美国,2024-11-13,0.003028
美国,担忧,华为,2024-12-21,0.003019
科罗拉多州,感到不满,拜登,2024-12-03,0.003018
特朗普,感到满意,台积公司,2025-03-31,0.003016
台湾,担忧,特朗普,2025-04-09,0.003016
台湾严重地震,损害,台积电,2025-04-09,0.003009
台湾严重地震,损害,台积电,2025-04-09,0.003009
路透社,欣赏,格尔辛格尔,2024-12-09,0.003004
特朗普,认为非法,台湾,2024-11-06,0.003003
台积公司,担忧,美国,2024-11-13,0.002998
台积公司,担忧,美国,2024-11-13,0.002998
台积公司,担忧,美国,2024-11-13,0.002998
台积公司,担忧,美国,2024-11-13,0.002998
特朗普,认可,美国,2025-04-17,0.002984
特朗普,认为有威胁,中国,2025-04-13,0.002976
特朗普,认为有威胁,中国,2025-04-13,0.002976
华盛顿,认为可靠,台湾,2025-04-19,0.002973
特朗普,质疑,白宫,2025-04-15,0.002964
美国,主导,芯片,2024-11-26,0.002956
美国,主导,芯片,2024-11-26,0.002956
美国,主导,芯片,2024-11-26,0.002956
美国,主导,芯片,2024-11-26,0.002956
美国,主导,芯片,2024-12-26,0.002956
美国,主导,芯片,2024-11-26,0.002956
美国,主导,芯片,2025-02-26,0.002956
美国,主导,芯片,2024-11-26,0.002956
美国,主导,芯片,2024-11-26,0.002956
当地立法者,喜欢,台积电,2024-11-12,0.002955
特朗普,威胁,台湾,2025-03-03,0.002950
特朗普,威胁,台湾,2025-03-03,0.002950
特朗普,威胁,台湾,2024-12-03,0.002950
特朗普,威胁,台湾,2024-12-03,0.002950
特朗普,威胁,台湾,2024-12-03,0.002950
特朗普,威胁,台湾,2024-12-03,0.002950
特朗普,威胁,台湾,2024-12-03,0.002950
特朗普,威胁,台湾,2024-12-03,0.002950
特朗普,威胁,台湾,2024-12-03,0.002950
特朗普,威胁,台湾,2024-12-03,0.002950
中国,认为可靠,台湾,2025-01-14,0.002949
中国,认为可靠,台湾,2025-01-14,0.002949
特朗普,认为非法,台湾,2025-03-31,0.002948
查克·舒默,相信,特朗普,2025-03-05,0.002933
特朗普,增进,美国,2024-11-27,0.002927
特朗普,增进,美国,2024-11-27,0.002927
特朗普,增进,美国,2024-11-27,0.002927
特朗普,认为有危机,中国,2024-11-06,0.002925
特朗普,认为有危机,中国,2024-11-06,0.002925
特朗普,感谢,苹果,2025-02-23,0.002914
特朗普,感谢,苹果,2025-02-23,0.002914
TSMC,获得补助,美国,2024-11-19,0.002908
《金融时报》,认为恐怖,台积电,2025-04-18,0.002907
霍华德·鲁特尼克,认为优秀,特朗普,2025-03-03,0.002902
《台北时报》,威胁,台积电,2024-11-09,0.002890
特朗普,主导,新关税,2025-04-02,0.002889
特朗普,认可,苹果,2025-03-02,0.002887
特朗普,认可,苹果,2025-03-02,0.002887
特朗普,感谢,苹果,2025-03-02,0.002886
特朗普,感谢,苹果,2025-03-02,0.002886
特朗普,欢迎,蒂姆·库克,2025-03-02,0.002882
特朗普,欢迎,蒂姆·库克,2025-03-02,0.002882
美国,威胁,墨西哥,2024-11-27,0.002882
TSMC,带动,亚利桑那州,2025-04-22,0.002878
特朗普,认为有威胁,日本,2024-11-12,0.002867
特朗普,欢迎,台湾,2024-12-03,0.002865
林 Brad,增进,台积电,2024-11-29,0.002864
美国,认为有成就,英特尔,2024-11-27,0.002860
波士顿咨询集团,相信,美国,2024-11-26,0.002857
特朗普,认可,台湾,2024-12-03,0.002855
特朗普,认可,台湾,2024-12-03,0.002855
特朗普,认可,台湾,2024-12-03,0.002855
特朗普,认可,台湾,2024-12-03,0.002855
特朗普,认可,台湾,2024-12-03,0.002855
特朗普,认可,台湾,2024-12-03,0.002855
Gary Tan,支持,台积电,2025-04-17,0.002855
美国,支持,新加坡,2025-04-03,0.002844
特朗普,认为非法,美国,2025-04-10,0.002839
特朗普,认为非法,美国,2025-04-10,0.002839
加利福尼亚州圣克拉拉,主导,美国,2025-04-25,0.002834
加利福尼亚州圣克拉拉,主导,美国,2025-04-25,0.002834
《商业韩国》,损害,台积电,2024-11-16,0.002828
埃隆·马斯克,感到不满,特斯拉,2025-04-02,0.002827
雷蒙多,攻击,台积电,2024-11-14,0.002826
吉娜·雷蒙多,损害,台积电,2024-11-14,0.002823
特朗普,欢迎,苹果,2025-03-02,0.002816
政府官员,感谢,台积电,2025-03-11,0.002811
鲍威尔,相信,特朗普,2025-04-17,0.002806
苹果,主导,芯片,2024-11-03,0.002803
苹果,主导,芯片,2024-11-03,0.002803
苹果,主导,芯片,2024-11-03,0.002803
美国,主导,芯片,2024-11-25,0.002795
美国,质疑,TSMC,2025-03-05,0.002795
华盛顿,认为可靠,美国,2025-04-19,0.002791
路透社,感到不满,特朗普,2025-03-11,0.002785
TSMC,建厂,美国,2025-03-05,0.002785
特朗普,主导,全面贸易战,2025-04-09,0.002767
特朗普,主导,全面贸易战,2025-04-09,0.002767
特朗普,威胁,台湾,2025-03-05,0.002765
特朗普,威胁,台湾,2025-03-05,0.002765
华盛顿,主导,贸易谈判,2025-04-17,0.002752
华盛顿,主导,贸易谈判,2025-04-17,0.002752
德克萨斯州,主导,英伟达,2025-04-19,0.002748
习近平,认为失败,美国,2024-11-29,0.002741
印度,增进,贸易协议,2025-04-24,0.002736
印度,增进,贸易协议,2025-04-24,0.002736
特朗普,增进,贸易政策,2025-04-25,0.002728
《商业时报》,质疑,台积电,2025-02-03,0.002717
美国,认为有威胁,伊朗,2024-11-03,0.002708
美国,认为有威胁,伊朗,2024-11-03,0.002708
美国,认为有威胁,伊朗,2024-11-03,0.002708
美国,认为有威胁,伊朗,2024-11-03,0.002708
美国,认为有威胁,伊朗,2024-11-03,0.002708
中国大陆政府,攻击,台积电,2025-03-02,0.002702
政府,视作英雄,川普总统,2025-04-16,0.002699
瑞克·卡斯迪,增进,台积电,2024-12-16,0.002690
特朗普,主导,芯片,2025-04-09,0.002689
特朗普,主导,芯片,2025-04-09,0.002689
特朗普,主导,芯片,2025-03-09,0.002689
特朗普,认为有威胁,台湾,2025-04-09,0.002677
特朗普,认为有威胁,台湾,2025-04-09,0.002677
特朗普,认为有威胁,台湾,2025-04-09,0.002677
特朗普,认为有威胁,台湾,2025-04-09,0.002677
苹果,认为有威胁,特朗普,2025-02-24,0.002673
华盛顿,认为可靠,美国,2025-04-18,0.002672
美国,认可,特朗普,2024-11-11,0.002670
埃隆·马斯克,增进,华为,2025-04-23,0.002664
黄仁勋,批评,台积电,2024-12-30,0.002662
特朗普,认为优秀,苹果,2025-03-05,0.002662
特朗普,认为优秀,苹果,2025-03-05,0.002662
特朗普,威胁,台湾,2024-11-06,0.002659
习近平,认为有威胁,美国,2024-11-29,0.002657
习近平,认为有威胁,美国,2024-11-29,0.002657
习近平,认为有威胁,美国,2024-11-29,0.002657
习近平,认为有威胁,美国,2024-11-29,0.002657
习近平,认为有威胁,美国,2024-11-29,0.002657
习近平,认为有威胁,美国,2024-11-29,0.002657
习近平,认为有威胁,美国,2024-11-29,0.002657
TSMC,施压,美国,2025-04-08,0.002656
戴威,相信,特朗普,2024-11-06,0.002652
芯片,批评,台积电,2025-03-27,0.002651
蒂姆·库克,认为可靠,苹果,2025-03-24,0.002650
特朗普,认为有威胁,马来西亚,2024-12-27,0.002646
特朗普,感到不满,鲍威尔,2025-04-17,0.002640
TSMC,计划建设,美国,2024-11-15,0.002637
台积公司,认为有威胁,特朗普,2025-04-17,0.002627
布雷特·西蒙普,增进,台积电,2025-01-13,0.002624
赖清德,质疑,特朗普,2025-03-05,0.002624
特朗普,施加压力,TSMC,2025-04-13,0.002615
新加坡,视作英雄,特朗普,2025-04-03,0.002614
TSMC,投资建设,美国,2024-11-14,0.002611
美国,认为有威胁,台湾,2024-12-03,0.002609
美国,认为有威胁,台湾,2024-12-03,0.002609
美国,认为有威胁,台湾,2024-12-03,0.002609
美国,认为有威胁,台湾,2024-12-03,0.002609
魏哲家,认为恐怖,台积电,2025-04-16,0.002606
魏哲家,认为恐怖,台积电,2025-04-16,0.002606
特朗普,支持,美国,2024-12-03,0.002605
台湾经济部长,感到不满,特朗普,2024-11-07,0.002599
特朗普,主导,关税政策,2025-04-10,0.002596
英特尔,主导,半导体,2025-03-12,0.002585
库克,威胁,特朗普,2024-11-16,0.002582
美国,提供补贴,美国,2025-03-02,0.002581
特朗普,增进,美国,2025-02-23,0.002577
特朗普,增进,美国,2025-02-23,0.002577
拜登总统,认为有威胁,中国,2024-11-06,0.002576
特朗普,认为有威胁,台湾,2025-02-25,0.002572
特朗普,认为有威胁,台湾,2025-02-25,0.002572
台湾陆委会,威胁,特朗普,2025-02-25,0.002570
佛罗里达州,认为可靠,中国,2024-11-12,0.002567
特朗普,认为有威胁,中国,2025-03-14,0.002566
特朗普,认为有威胁,中国,2025-03-14,0.002566
特朗普,认为有威胁,中国,2025-03-14,0.002566
特朗普,认为有威胁,中国,2025-03-14,0.002566
特朗普,认为有威胁,中国,2025-03-14,0.002566
特朗普,认为有威胁,中国,2025-03-14,0.002566
特朗普,认为有威胁,中国,2025-03-14,0.002566
中东,认为可靠,美国,2025-03-05,0.002563
查克·舒默,欢迎,特朗普,2025-03-05,0.002563
《台北时报》,增进,台积电,2024-11-09,0.002561
乔·拜登,主导,芯片,2025-04-05,0.002559
特朗普,威胁,台湾,2024-11-07,0.002557
特朗普,威胁,台湾,2024-11-07,0.002557
美国,提供资金,三星,2024-11-14,0.002549
特朗普,主导,关税政策,2025-04-07,0.002545
特朗普,担忧,美国,2024-11-13,0.002537
特朗普,担忧,美国,2024-11-13,0.002537
特朗普,担忧,美国,2024-11-13,0.002537
特朗普,担忧,美国,2024-11-13,0.002537
特朗普,相信,英伟达,2025-04-22,0.002537
特朗普,相信,英伟达,2025-04-22,0.002537
特朗普,相信,英伟达,2025-04-22,0.002537
特朗普,认可,英伟达,2025-04-14,0.002534
特朗普,认可,英伟达,2025-04-14,0.002534
特朗普,认为非法,台湾,2025-02-25,0.002532
前总统,认为失败,白宫,2024-11-05,0.002531
特朗普,视作英雄,特朗普,2025-04-14,0.002528
特朗普,担忧,台湾,2025-03-03,0.002519
特朗普,担忧,台湾,2025-03-03,0.002519
特朗普,担忧,台湾,2024-12-03,0.002519
特朗普,担忧,台湾,2024-12-03,0.002519
特朗普,担忧,台湾,2024-12-03,0.002519
特朗普,担忧,台湾,2024-12-03,0.002519
特朗普,担忧,台湾,2024-12-03,0.002519
特朗普,担忧,台湾,2024-12-03,0.002519
特朗普,担忧,台湾,2024-12-03,0.002519
特朗普,担忧,台湾,2024-12-03,0.002519
特朗普,担忧,台湾,2024-12-03,0.002519
芯片,批评,台积电,2024-11-10,0.002512
芯片,批评,台积电,2024-11-10,0.002512
台湾积体电路制造公司,质疑,特朗普,2024-11-10,0.002512
特朗普,威胁,台湾,2025-03-31,0.002510
台湾,认为有威胁,中国,2024-11-06,0.002508
布雷特·西蒙斯,增进,台积电,2025-01-13,0.002506
台积电,损害,芯片,2024-11-11,0.002501
台积电,损害,芯片,2024-11-11,0.002501
特朗普,视作英雄,特朗普,2024-11-15,0.002499
奥里奥尔,认为可靠,美国,2025-03-05,0.002495
赖清德,担忧,美国,2025-03-05,0.002491
特朗普,主导,关税,2025-04-05,0.002486
特朗普,主导,关税,2025-04-05,0.002486
特朗普,主导,关税,2025-04-05,0.002486
美国,认为有威胁,台湾,2025-03-04,0.002485
特朗普,攻击,越南,2025-04-12,0.002479
特朗普,相信,苹果,2025-02-23,0.002476
华盛顿,感到不满,台湾政府,2025-03-05,0.002469
英特尔,主导,芯片,2024-11-03,0.002464
特朗普,主导,芯片,2025-02-23,0.002456
马继华,认为恐怖,台积电,2024-11-10,0.002456
邱教授,相信,特朗普,2025-04-03,0.002455
特朗普,质疑,台湾,2024-12-03,0.002454
特朗普,质疑,台湾,2024-12-03,0.002454
特朗普,质疑,台湾,2024-12-03,0.002454
特朗普,质疑,台湾,2024-12-03,0.002454
特朗普,质疑,台湾,2024-12-03,0.002454
特朗普,质疑,台湾,2024-12-03,0.002454
特朗普,质疑,台湾,2024-12-03,0.002454
TSMC,受益,美国,2024-12-16,0.002452
格尔辛格尔,攻击,台积电,2024-12-09,0.002450
杰罗姆·鲍威尔,质疑,特朗普,2025-04-17,0.002447
杰罗姆·鲍威尔,质疑,特朗普,2025-04-17,0.002447
杰罗姆·鲍威尔,质疑,特朗普,2025-04-17,0.002447
杰罗姆·鲍威尔,质疑,特朗普,2025-04-17,0.002447
杰罗姆·鲍威尔,质疑,特朗普,2025-04-17,0.002447
杰罗姆·鲍威尔,质疑,特朗普,2025-04-17,0.002447
特朗普,增进,美国,2025-04-11,0.002438
特朗普,增进,美国,2025-04-11,0.002438
特朗普,质疑,台湾,2025-03-05,0.002437
特朗普,质疑,台湾,2025-03-05,0.002437
特朗普,质疑,台湾,2025-03-05,0.002437
特朗普,质疑,台湾,2025-03-05,0.002437
特朗普,质疑,台湾,2024-11-05,0.002437
特朗普,质疑,台湾,2024-11-05,0.002437
特朗普,质疑,台湾,2024-11-05,0.002437
美国,担忧,TSMC,2025-03-05,0.002433
台湾经济部长,感到不满,特朗普,2024-11-09,0.002429
台湾经济部长,感到不满,特朗普,2024-11-09,0.002429
特朗普,质疑,台湾,2024-11-06,0.002429
台湾,欢迎,特朗普,2025-04-09,0.002428
《金融时报》,损害,台积电,2025-04-18,0.002426
当地立法者,认为失败,台积电,2024-11-12,0.002416
特朗普,认可,英伟达,2025-04-22,0.002415
特朗普,认可,英伟达,2025-04-22,0.002415
特朗普,认可,英伟达,2025-04-22,0.002415
《台北时报》,担忧,台积电,2024-11-09,0.002415
《台北时报》,担忧,台积电,2024-11-09,0.002415
特朗普,威胁,美国,2025-04-14,0.002413
美国,威胁,华为,2024-11-11,0.002412
特朗普,威胁,加拿大,2024-11-30,0.002411
特朗普,质疑,台湾,2024-11-07,0.002408
特朗普,质疑,台湾,2024-11-07,0.002408
弗拉基米尔·普京,欢迎,缅甸,2025-03-05,0.002405
彭博新闻社,主导,美国,2024-11-06,0.002402
美国,主导,台积,2024-11-10,0.002400
特朗普,质疑,台湾,2025-03-31,0.002398
政府官员,支持,台积电,2025-03-11,0.002391
美国,认为可靠,台湾,2025-04-19,0.002390
O丹尼尔·纽曼,认为失败,台积电,2025-03-02,0.002384
美国,喜欢,新加坡,2025-04-03,0.002383
当地立法者,认为有危机,台积电,2024-11-12,0.002376
特朗普,担忧,台湾,2025-03-05,0.002372
特朗普,担忧,台湾,2024-11-05,0.002372
当地立法者,支持,台积电,2024-11-12,0.002372
朱利安·夏伊塞教授,认为可靠,美国,2025-04-03,0.002371
投资人,感到满意,台积电,2024-11-05,0.002370
TSMC,获得直接资金补贴,美国,2024-11-15,0.002369
特朗普,视作英雄,特朗普,2025-03-11,0.002368
特朗普,主导,芯片,2024-11-10,0.002365
特朗普,主导,芯片,2024-11-10,0.002365
特朗普,主导,芯片,2024-11-10,0.002365
特朗普,主导,芯片,2024-11-10,0.002365
特朗普,主导,芯片,2024-11-10,0.002365
特朗普,主导,芯片,2024-11-10,0.002365
特朗普,主导,芯片,2024-11-10,0.002365
特朗普,主导,芯片,2024-11-10,0.002365
半导体,认为有成就,苹果,2025-02-23,0.002363
特朗普,增进,苹果,2025-03-02,0.002357
美国,认为可靠,台湾,2025-04-18,0.002356
台湾总统,感到满意,特朗普,2025-03-17,0.002355
路透社,欢迎,陈立武,2025-04-25,0.002354
特朗普,感到不满,台湾公司,2024-11-15,0.002353
Ge尔辛格,认可,特朗普,2025-03-27,0.002348
TSMC,面临,特朗普,2025-04-03,0.002346
特朗普,主导,废除CHIPS法案,2024-11-06,0.002344
特朗普,宣布,TSMC总投资,2025-03-02,0.002342
特朗普,认为失败,乔·拜登,2024-11-05,0.002341
特朗普,质疑,台湾,2024-11-12,0.002338
特朗普,质疑,台湾,2024-11-12,0.002338
特朗普,质疑,台湾,2024-11-13,0.002336
特朗普,质疑,台湾,2025-02-13,0.002336
特朗普,质疑,台湾,2025-02-13,0.002336
特朗普,质疑,台湾,2025-02-13,0.002336
特朗普,质疑,台湾,2025-02-13,0.002336
特朗普,质疑,台湾,2025-02-13,0.002336
特朗普,质疑,台湾,2025-02-13,0.002336
特朗普,质疑,台湾,2025-02-13,0.002336
特朗普,认为有危机,美国,2025-04-10,0.002325
特朗普,质疑,台湾,2024-11-14,0.002323
特朗普,质疑,台湾,2024-11-14,0.002323
杰罗姆·鲍威尔,认为优秀,特朗普,2025-04-17,0.002320
特朗普,质疑,台湾,2024-11-15,0.002302
特朗普,质疑,台湾,2024-11-15,0.002302
特朗普,质疑,台湾,2024-11-15,0.002302
特朗普,质疑,台湾,2024-11-15,0.002302
特朗普,质疑,台湾,2024-11-15,0.002302
特朗普,质疑,台湾,2024-11-15,0.002302
特朗普,质疑,台湾,2024-11-15,0.002302
迈克·约翰逊,主导,共和党,2024-11-06,0.002298
迈克·约翰逊,主导,共和党,2024-11-06,0.002298
迈克·约翰逊,主导,共和党,2024-11-06,0.002298
美国,认为可靠,英特尔,2024-11-27,0.002294
埃利布·科比,质疑,特朗普,2025-03-05,0.002294
以色列,担忧,伊朗,2024-11-02,0.002291
弗拉基米尔·普京,感谢,缅甸,2025-03-05,0.002282
中国当局,认为有暴力,台积电,2025-03-25,0.002271
美国,认为失败,美国,2024-11-09,0.002270
特朗普,增进,美国,2025-03-19,0.002269
特朗普,增进,美国,2025-03-19,0.002269
埃隆·马斯克,认为失败,中国,2024-12-27,0.002268
埃隆·马斯克,认为失败,中国,2024-12-27,0.002268
美国,认为可靠,台湾,2025-02-13,0.002265
赖清德总统,认为可靠,台湾,2025-04-19,0.002264
特朗普,主导,关税上涨,2025-04-09,0.002264
约翰·迪尔,认为有威胁,特朗普,2025-04-09,0.002259
约翰·迪尔,认为有威胁,特朗普,2025-04-09,0.002259
特朗普,质疑,台湾,2025-02-25,0.002257
特朗普,质疑,台湾,2025-02-25,0.002257
特朗普,质疑,台湾,2025-02-25,0.002257
特朗普,质疑,台湾,2025-04-09,0.002253
特朗普,质疑,台湾,2025-04-09,0.002253
拜登总统,认可,美国,2025-03-02,0.002250
赖清德,认可,美国,2025-02-13,0.002247
特朗普,威胁,中国,2025-03-14,0.002247
特朗普,威胁,中国,2025-03-14,0.002247
特朗普,威胁,中国,2025-03-14,0.002247
特朗普,威胁,中国,2025-03-14,0.002247
特朗普,威胁,中国,2025-03-14,0.002247
约翰·凯尔,认为失败,特朗普,2025-04-23,0.002240
Wen-Yee 李,担忧,台积电,2025-04-13,0.002238
台积电,攻击,芯片,2024-11-11,0.002238
哈里斯,主导,美国,2024-11-02,0.002233
哈里斯,主导,美国,2024-11-02,0.002233
哈里斯,主导,美国,2024-11-02,0.002233
Ge尔辛格,认为有威胁,特朗普,2025-03-27,0.002232
特朗普,认为可靠,欧洲,2025-04-17,0.002232
特朗普,质疑,台湾,2024-11-11,0.002232
特朗普,质疑,台湾,2024-11-11,0.002232
特朗普,质疑,台湾,2024-11-11,0.002232
以色列,认为有威胁,伊朗,2024-11-02,0.002229
以色列,认为有威胁,伊朗,2024-11-02,0.002229
以色列,认为有威胁,伊朗,2024-11-02,0.002229
美国,认为非法,TSMC,2024-12-21,0.002226
魏哲家,增进,台积电,2025-03-05,0.002224
蔡力行,认为可靠,美国,2025-03-05,0.002216
乔·拜登,质疑,特朗普,2025-04-05,0.002215
特朗普,担忧,拜登,2024-12-03,0.002208
埃隆·马斯克,质疑,中国,2024-12-26,0.002204
台北,认为可靠,华盛顿,2025-04-03,0.002201
美国,主导,芯片,2024-12-11,0.002201
特朗普,质疑,英伟达,2025-04-22,0.002201
特朗普,质疑,英伟达,2025-04-22,0.002201
特朗普,质疑,英伟达,2025-04-22,0.002201
特朗普,视作英雄,美国,2025-03-31,0.002197
当地立法者,担忧,台积电,2024-11-12,0.002197
特朗普,主导,贸易谈判,2025-04-17,0.002196
特朗普,认为有威胁,中国,2025-01-15,0.002195
TSMC,获得补贴,美国,2024-11-14,0.002190
中国当局,喜欢,特朗普,2025-03-25,0.002188
埃隆·马斯克,质疑,中国,2024-12-27,0.002188
埃隆·马斯克,质疑,中国,2024-12-27,0.002188
美国,认为优秀,三星,2024-11-14,0.002182
特朗普,质疑,英伟达,2025-04-14,0.002180
特朗普,质疑,英伟达,2025-04-14,0.002180
梁lle博,主导,美国,2025-04-25,0.002175
当地立法者,认为违规,台积电,2024-11-12,0.002174
特朗普,主导,将华为公司,2025-01-16,0.002173
特朗普,质疑,台湾,2025-02-19,0.002172
特朗普,质疑,台湾,2025-02-19,0.002172
特朗普,质疑,台湾,2025-02-19,0.002172
特朗普,质疑,台湾,2025-02-19,0.002172
特朗普,威胁,台湾,2025-04-09,0.002169
特朗普,威胁,台湾,2025-04-09,0.002169
特朗普,威胁,台湾,2025-04-09,0.002169
特朗普,威胁,台湾,2025-04-09,0.002169
路透社,认为有成就,格尔辛格尔,2024-12-09,0.002169
特朗普,认为非法,台湾,2025-02-19,0.002163
赵小光,增进,台积电,2024-11-19,0.002162
查克·舒默,质疑,特朗普,2025-03-05,0.002158
杰罗姆·鲍威尔,认为有威胁,特朗普,2025-04-17,0.002156
特朗普,担忧,台湾,2025-03-31,0.002151
北京,相信,蔡英文,2025-04-03,0.002149
布拉德·林,增进,TSMC,2024-11-29,0.002148
华盛顿,质疑,北京,2024-11-20,0.002146
美国,增进,贸易政策,2025-04-17,0.002144
特朗普,主导,美日贸易谈判,2025-04-17,0.002144
当地立法者,认为缺乏,台积电,2024-11-12,0.002143
台积公司,认可,TSMC,2025-04-25,0.002135
台积电,认为有威胁,关税,2025-04-18,0.002135
投资者,增进,台积电,2024-11-29,0.002128
卡林·陈,主导,特朗普,2025-04-18,0.002125
特朗普,认为非法,美国,2024-11-18,0.002121
皮特森国际经济研究所,相信,特朗普,2024-11-06,0.002120
特朗普,威胁,台湾,2025-02-25,0.002118
特朗普,威胁,台湾,2025-02-25,0.002118
特朗普,感到满意,苹果,2025-03-02,0.002115
美国,主导,贸易关税措施,2025-04-06,0.002113
美国,感到不满,英特尔,2025-04-08,0.002112
拜登,主导,芯片,2025-03-02,0.002111
投资者,攻击,台积电,2024-11-29,0.002102
台湾,推动,半导体,2024-11-09,0.002094
特朗普,主导,芯片,2025-04-13,0.002091
特朗普,主导,芯片,2025-04-13,0.002091
《金融时报》,增进,台积电,2024-11-04,0.002091
乔·拜登,主导,芯片,2025-04-08,0.002089
美国,感到满意,新加坡,2025-04-03,0.002089
特朗普,主导,芯片,2024-11-12,0.002089
特朗普,主导,芯片,2024-11-12,0.002089
特朗普,主导,芯片,2024-11-12,0.002089
特朗普,认为优秀,台积公司,2025-03-06,0.002089
特朗普,认为优秀,台积公司,2025-03-06,0.002089
习近平,担忧,美国,2024-11-29,0.002088
特朗普,认为有威胁,中国,2024-11-17,0.002085
特朗普,认为有威胁,中国,2025-03-17,0.002085
特朗普,认为有威胁,中国,2025-03-17,0.002085
特朗普,认为有威胁,中国,2025-04-17,0.002085
特朗普,主导,芯片,2024-11-14,0.002084
特朗普,主导,芯片,2024-11-14,0.002084
美国,认可,苹果,2024-11-30,0.002082
特朗普,欣赏,台湾,2024-12-03,0.002081
特朗普,欣赏,台湾,2024-12-03,0.002081
特朗普,欣赏,台湾,2024-12-03,0.002081
特朗普,欣赏,台湾,2024-12-03,0.002081
特朗普,欣赏,台湾,2024-12-03,0.002081
特朗普,欣赏,台湾,2024-12-03,0.002081
特朗普,认为非法,台湾,2025-04-17,0.002074
美国,质疑,特朗普,2025-04-17,0.002071
美国,质疑,特朗普,2025-04-17,0.002071
特朗普,主导,芯片,2024-11-15,0.002070
特朗普,主导,芯片,2024-11-15,0.002070
特朗普,主导,芯片,2024-11-15,0.002070
特朗普,主导,芯片,2024-11-15,0.002070
特朗普,主导,芯片,2024-11-15,0.002070
特朗普,主导,芯片,2024-11-15,0.002070
特朗普,主导,芯片,2024-11-15,0.002070
特朗普,主导,芯片,2024-11-15,0.002070
特朗普,主导,芯片,2024-11-15,0.002070
特朗普,主导,芯片,2024-11-15,0.002070
特朗普,主导,芯片,2024-11-15,0.002070
霍华德·鲁特尼克,批评,台积电,2025-03-02,0.002066
霍华德·鲁特尼克,批评,台积电,2025-03-02,0.002066
台积电,感谢,分享,2025-02-09,0.002065
台积电,感谢,分享,2025-04-09,0.002065
美国,相信,欧盟,2025-04-16,0.002059
路透社,质疑,格尔辛格尔,2024-12-09,0.002055
特朗普,增进,美国,2025-04-17,0.002052
特朗普,增进,美国,2025-04-17,0.002052
特朗普,增进,美国,2025-04-17,0.002052
特朗普,增进,美国,2025-04-17,0.002052
特朗普,认为非法,台湾,2024-11-11,0.002051
陈永正,主导,亚利桑那州,2025-01-13,0.002049
路透社,视作英雄,陈立武,2025-04-25,0.002049
美国,认定,TSMC,2024-11-14,0.002047
TSMC CEO,表示,美国,2025-04-18,0.002047
邱志伟,认为可靠,美国,2025-04-03,0.002046
邱志伟,认为可靠,美国,2025-04-03,0.002046
彼得森国际经济研究所,相信,特朗普,2024-11-06,0.002042
彼得森国际经济研究所,相信,特朗普,2024-11-06,0.002042
彼得森国际经济研究所,相信,特朗普,2024-11-06,0.002042
彼得森国际经济研究所,相信,特朗普,2024-11-06,0.002042
Intel,供应设备,TSMC,2024-11-06,0.002041
埃隆·马斯克,主导,反对特斯拉,2025-04-02,0.002037
当地立法者,感到不满,台积电,2024-11-12,0.002036
朱锋,感到不满,特朗普,2024-11-06,0.002036
特朗普,主导,芯片,2025-03-11,0.002023
特朗普,主导,芯片,2025-03-11,0.002023
特朗普,担忧,台湾,2025-02-25,0.002023
石破茂,增进,台积电,2024-11-12,0.002022
台积电,增进,中美关系,2024-11-12,0.002016
中国当局,攻击,台积电,2025-03-25,0.002014
苏贞昌,担忧,台积电,2025-03-05,0.002011
特朗普,主导,“解放日”关税,2025-04-15,0.002003
吉娜·雷蒙多,认为有暴力,台积电,2024-11-14,0.002003
苹果,主导,M4 Pro,2024-11-03,0.002002
特朗普,认为非法,台湾,2024-11-15,0.002002
特朗普,认为非法,台湾,2024-11-15,0.002002
特朗普,认为非法,台湾,2024-11-15,0.002002
特朗普,认为非法,台湾,2024-11-15,0.002002
特朗普,认为非法,台湾,2024-11-15,0.002002
特朗普,认为非法,台湾,2024-11-15,0.002002
特朗普,认为非法,台湾,2024-11-15,0.002002
特朗普,认为非法,台湾,2024-11-15,0.002002
特朗普,认为非法,台湾,2024-11-15,0.002002
特朗普,认为优秀,英特尔,2025-03-08,0.002001
库克,欢迎,特朗普,2025-02-23,0.001998
埃隆·马斯克,认为失败,中国,2024-12-26,0.001998
莫里斯·昌,认为有威胁,格尔辛格尔,2024-12-09,0.001997
普京,欢迎,缅甸,2025-03-05,0.001992
特朗普,质疑,英特尔,2025-04-16,0.001985
特朗普,质疑,英特尔,2025-04-16,0.001985
TSMC,承诺投资,美国,2025-04-09,0.001985
中国,感到不满,台湾,2025-03-24,0.001976
特朗普,攻击,乔·拜登,2024-11-05,0.001973
特朗普,攻击,乔·拜登,2024-11-05,0.001973
特朗普,攻击,乔·拜登,2024-11-05,0.001973
美国,欣赏,特朗普,2025-04-08,0.001972
特朗普,担忧,台积公司,2025-03-06,0.001968
特朗普,增进,美国,2025-04-16,0.001964
特朗普,增进,美国,2025-04-16,0.001964
特朗普,认为有威胁,台湾,2025-02-19,0.001962
特朗普,认为有威胁,台湾,2025-02-19,0.001962
特朗普,认为有威胁,台湾,2025-02-19,0.001962
台湾,认为热情,特朗普,2025-04-09,0.001959
路透社,认为优秀,陈立武,2025-04-25,0.001958
霍华德·鲁特尼克,批评,台积电,2025-03-03,0.001956
当地立法者,认为热情,台积电,2024-11-12,0.001950
特朗普,认为有威胁,中国,2025-04-16,0.001950
特朗普,认为有威胁,中国,2025-04-16,0.001950
亚当·波森,感到不满,特朗普,2024-11-06,0.001947
中国大陆,相信,台湾,2025-04-03,0.001945
亚当·普森,相信,特朗普,2024-11-06,0.001941
亚当·普森,相信,特朗普,2024-11-06,0.001941
Ge尔辛格,相信,特朗普,2025-03-27,0.001940
美国,担忧,俄罗斯,2024-11-03,0.001938
美国,担忧,俄罗斯,2024-11-03,0.001938
特朗普,主导,关税,2025-04-10,0.001938
特朗普,主导,关税,2025-04-10,0.001938
美国,认为有威胁,中国,2025-03-04,0.001938
美国,担忧,特朗普,2025-04-17,0.001936
埃隆·马斯克,感到满意,中国,2024-12-27,0.001935
美国,主导,最新一轮贸易关税,2025-04-06,0.001933
中国,质疑,台湾,2025-03-06,0.001930
美国,质疑,台湾,2024-12-03,0.001930
美国,质疑,台湾,2024-12-03,0.001930
美国,质疑,台湾,2024-12-03,0.001930
美国,质疑,台湾,2024-12-03,0.001930
美国,质疑,台湾,2024-12-03,0.001930
美国,质疑,台湾,2024-12-03,0.001930
美国,质疑,台湾,2024-12-03,0.001930
Sam Konrad,主导,美国,2025-04-17,0.001929
TSMC,宣布投资,美国,2025-04-21,0.001929
加拿大研究机构,认为可靠,美国,2024-11-07,0.001929
美国,主导,芯片,2025-04-19,0.001924
美国,认为可靠,英特尔,2025-03-03,0.001918
杰罗姆·鲍威尔,威胁,特朗普,2025-04-17,0.001908
杰罗姆·鲍威尔,威胁,特朗普,2025-04-17,0.001908
杰罗姆·鲍威尔,威胁,特朗普,2025-04-17,0.001908
杰罗姆·鲍威尔,威胁,特朗普,2025-04-17,0.001908
彭博新闻社,主导,美国,2025-02-18,0.001906
魏哲浩,增进,台积电,2025-03-05,0.001900
戴威,认为有威胁,特朗普,2024-11-06,0.001893
特朗普,增进,美国,2025-04-15,0.001891
特朗普,增进,美国,2025-04-15,0.001891
特朗普,增进,美国,2024-11-15,0.001891
特朗普,增进,美国,2024-11-15,0.001891
特朗普,增进,美国,2025-04-15,0.001891
特朗普,增进,美国,2025-04-15,0.001891
特朗普,增进,美国,2025-04-15,0.001891
特朗普,增进,美国,2025-04-15,0.001891
俄罗斯,认为违规,美国,2024-11-03,0.001891
蔡英文,感到满意,特朗普,2024-11-06,0.001888
《商业时报》,认为恐怖,台积电,2025-02-03,0.001887
TSMC,接受尽职调查,美国,2025-01-03,0.001886
特朗普,主导,关税政策,2025-01-13,0.001884
路透社,视作英雄,格尔辛格尔,2024-12-09,0.001882
MJ,主导,英特尔,2024-12-02,0.001882
普京,感谢,缅甸,2025-03-05,0.001879
特朗普,增进,美国,2025-02-13,0.001878
特朗普,增进,美国,2025-02-13,0.001878
邱教授,认为优秀,特朗普,2025-04-03,0.001878
特朗普,威胁,台积公司,2025-03-06,0.001878
史蒂夫·乔布斯,视作英雄,巴拉克·奥巴马,2025-04-13,0.001873
俄罗斯,支持,美国,2024-11-04,0.001869
美国,担忧,台湾,2024-12-03,0.001868
美国,担忧,台湾,2024-12-03,0.001868
美国,担忧,台湾,2024-12-03,0.001868
新墨西哥州,主导,英特尔,2025-04-17,0.001865
新墨西哥州,主导,英特尔,2025-04-17,0.001865
乔·罗根,欢迎,特朗普,2025-03-03,0.001862
乔·罗根,欢迎,特朗普,2025-03-03,0.001862
库克,视作英雄,特朗普,2025-02-23,0.001860
布莱恩·克扎尼奇,主导,英特尔,2025-04-10,0.001859
美国,质疑,台湾,2025-03-05,0.001854
白宫,认可,英特尔,2025-04-02,0.001853
特朗普,认为有危机,台湾,2025-03-03,0.001851
特朗普,认为有危机,台湾,2025-03-03,0.001851
特朗普,认为有危机,台湾,2024-12-03,0.001851
特朗普,认为有危机,台湾,2024-12-03,0.001851
特朗普,认为有危机,台湾,2024-12-03,0.001851
特朗普,认为有危机,台湾,2024-12-03,0.001851
特朗普,认为有危机,台湾,2024-12-03,0.001851
特朗普,认为有危机,台湾,2024-12-03,0.001851
特朗普,认为有危机,台湾,2024-12-03,0.001851
特朗普,攻击,美国,2024-12-27,0.001851
特朗普,攻击,美国,2024-12-27,0.001851
特朗普,威胁,中国,2025-03-17,0.001851
特朗普,威胁,中国,2025-03-17,0.001851
特朗普,威胁,中国,2025-04-17,0.001851
特朗普,质疑,台积公司,2025-03-31,0.001849
台积电,认为违规,出口管制,2024-11-10,0.001845
台积电,认为违规,出口管制,2024-11-10,0.001845
特朗普,欢迎,乔·拉戈,2024-11-06,0.001844
台湾,欢迎,美国,2025-04-11,0.001840
特朗普,认为缺乏,台湾,2024-12-03,0.001840
厄内德斯,认为可靠,美国,2025-03-05,0.001840
当地立法者,威胁,台积电,2024-11-12,0.001837
美国,攻击,墨西哥,2024-11-27,0.001835
特朗普,增进,美国,2025-04-14,0.001835
特朗普,增进,美国,2025-04-14,0.001835
丹尼尔·纽曼,增进,台积电,2025-03-02,0.001834
C.C. Wei,支持,台积电,2025-04-18,0.001832
白宫,质疑,英特尔,2025-04-02,0.001832
《商业时报》,支持,台积电,2025-02-03,0.001831
美国,认为有威胁,特朗普,2024-11-08,0.001830
美国,认为有威胁,特朗普,2024-11-08,0.001830
美国,认为有威胁,中国,2024-11-06,0.001827
美国,认为有威胁,中国,2024-11-06,0.001827
特朗普,质疑,台积公司,2025-03-06,0.001826
Ge尔辛格,视作英雄,特朗普,2025-03-27,0.001826
霍华德·鲁特尼克,担忧,特朗普,2025-03-04,0.001824
TSMC,扩大美国存在,美国,2025-04-09,0.001823
Gary Tan,认为恐怖,台积电,2025-04-16,0.001816
魏哲家,感到不满,特朗普,2025-03-31,0.001815
特朗普,认为有威胁,台湾,2025-04-17,0.001814
特朗普,认为有威胁,台湾,2025-04-17,0.001814
特朗普,认为有威胁,台湾,2025-04-17,0.001814
美国,认可,英特尔,2024-11-27,0.001813
美国,认可,英特尔,2024-11-27,0.001813
美国,认可,英特尔,2024-11-27,0.001813
中央通讯社（CNA）,认为有危机,台积电,2024-11-03,0.001813
投资者,损害,台积电,2024-11-29,0.001812
特朗普,质疑,苹果,2025-04-23,0.001811
邱达生,相信,特朗普,2025-04-03,0.001810
美国,担忧,俄罗斯,2024-11-04,0.001809
美国,担忧,俄罗斯,2024-11-04,0.001809
美国,担忧,俄罗斯,2024-11-04,0.001809
美国,担忧,俄罗斯,2024-11-04,0.001809
路透社,认为优秀,格尔辛格尔,2024-12-09,0.001801
Gary Tan,认为恐怖,台积电,2025-04-17,0.001799
Gary Tan,认为恐怖,台积电,2025-04-17,0.001799
Gary Tan,认为恐怖,台积电,2025-04-17,0.001799
Gary Tan,认为恐怖,台积电,2025-04-17,0.001799
特朗普,威胁,台湾,2025-02-19,0.001796
特朗普,攻击,美国,2024-12-26,0.001792
路透社,相信,美国,2024-11-13,0.001790
美国,认可,俄罗斯,2024-11-03,0.001783
投资人,欣赏,台积电,2024-11-05,0.001783
特朗普,认为有威胁,台湾,2024-11-11,0.001781
特朗普,认为有威胁,台湾,2024-11-11,0.001781
特朗普,认为有威胁,台湾,2024-11-11,0.001781
特朗普,认为有威胁,台湾,2024-11-11,0.001781
特朗普,认为有威胁,台湾,2024-11-11,0.001781
特朗普,认为犯罪,台湾,2024-12-03,0.001780
特朗普,认为犯罪,台湾,2024-12-03,0.001780
特朗普,认为犯罪,台湾,2024-12-03,0.001780
特朗普,认为犯罪,台湾,2024-12-03,0.001780
特朗普,认为犯罪,台湾,2024-12-03,0.001780
特朗普,认为犯罪,台湾,2024-12-03,0.001780
林·boo·Tan,攻击,台积电,2025-03-26,0.001777
特朗普,质疑,杰罗姆·鲍威尔,2025-04-21,0.001777
特朗普,质疑,杰罗姆·鲍威尔,2025-04-21,0.001777
特朗普,质疑,杰罗姆·鲍威尔,2025-04-21,0.001777
Phelix Lee,认为恐怖,台积电,2024-11-11,0.001777
路透社,认为有威胁,美国,2024-11-09,0.001774
北京,认为犯罪,特朗普,2024-11-06,0.001772
新加坡,视作英雄,特朗普,2025-04-17,0.001768
中国大陆,认为可靠,台湾,2025-04-03,0.001764
特朗普,感谢,鲍威尔,2025-01-14,0.001764
美国,认为有威胁,中国,2024-11-07,0.001764
特朗普,认为优秀,台积公司,2025-03-31,0.001764
埃隆·马斯克,担忧,中国,2024-12-27,0.001752
埃隆·马斯克,担忧,中国,2024-12-27,0.001752
TSMC,增加投资,美国,2025-03-05,0.001747
TSMC,增加投资,美国,2025-04-05,0.001747
台湾,认为有危机,特朗普,2025-04-09,0.001745
埃隆·马斯克,支持,特朗普,2024-11-11,0.001741
巴拉克·奥巴马,质疑,史蒂夫·乔布斯,2025-04-13,0.001740
萨姆·康拉德,认为可靠,美国,2025-04-17,0.001733
特朗普,担忧,台湾,2025-02-19,0.001732
特朗普,担忧,台湾,2025-02-19,0.001732
魏哲家,认为有成就,亚利桑那州,2025-03-03,0.001732
约翰逊,感到不满,拜登,2024-12-03,0.001728
查克·舒默,担忧,特朗普,2025-03-05,0.001726
美国,认为优秀,微软,2024-11-19,0.001723
特朗普,威胁,中国,2025-04-16,0.001722
特朗普,威胁,中国,2025-04-16,0.001722
TSMC,面临地缘政治风险,美国,2024-12-03,0.001722
霍华德·鲁特尼克,担忧,特朗普,2025-03-03,0.001722
霍华德·鲁特尼克,担忧,特朗普,2025-03-03,0.001722
特朗普,欢迎,乔·罗根,2025-03-03,0.001720
特朗普,欢迎,乔·罗根,2025-03-03,0.001720
台湾总统,质疑,特朗普,2025-03-30,0.001720
美国,认为有威胁,台湾,2025-04-09,0.001720
美国,认为优秀,苹果,2024-11-30,0.001712
埃隆·马斯克,担忧,中国,2024-12-26,0.001710
特朗普,威胁,台湾,2025-04-16,0.001709
鲍威尔,质疑,特朗普,2025-01-14,0.001706
TSMC,获得资金,美国,2024-11-25,0.001705
特朗普,威胁,台湾,2024-11-15,0.001705
特朗普,威胁,台湾,2024-11-15,0.001705
特朗普,威胁,台湾,2024-11-15,0.001705
特朗普,威胁,台湾,2024-11-15,0.001705
特朗普,威胁,台湾,2024-11-15,0.001705
特朗普,威胁,台湾,2024-11-15,0.001705
特朗普,威胁,台湾,2024-11-15,0.001705
特朗普,威胁,台湾,2024-11-15,0.001705
特朗普,威胁,台湾,2024-11-15,0.001705
特朗普,威胁,台湾,2024-11-15,0.001705
特朗普,威胁,台湾,2024-11-15,0.001705
特朗普,威胁,台湾,2024-11-15,0.001705
特朗普,威胁,台湾,2024-11-15,0.001705
中央通讯社（CNA）,认为优秀,台积电,2024-11-03,0.001704
中央通讯社（CNA）,认为优秀,台积电,2024-11-03,0.001704
埃利布·科比,认为有威胁,台湾,2025-03-05,0.001703
特朗普,认为有威胁,台湾,2024-11-15,0.001703
特朗普,认为有威胁,台湾,2024-11-15,0.001703
特朗普,认为有威胁,台湾,2024-11-15,0.001703
特朗普,认为有威胁,台湾,2024-11-15,0.001703
特朗普,认为有威胁,台湾,2024-11-15,0.001703
特朗普,认为有威胁,台湾,2024-11-15,0.001703
特朗普,认为有威胁,台湾,2024-11-15,0.001703
特朗普,认为有威胁,台湾,2024-11-15,0.001703
特朗普,认为有威胁,台湾,2024-11-15,0.001703
特朗普,认为有威胁,台湾,2024-11-15,0.001703
特朗普,认为有威胁,台湾,2024-11-15,0.001703
特朗普,认为有威胁,台湾,2024-11-15,0.001703
特朗普,认为有威胁,台湾,2024-11-15,0.001703
特朗普,认为有威胁,台湾,2024-11-15,0.001703
美国,主导,芯片,2025-04-16,0.001702
特朗普,威胁,台湾,2024-11-14,0.001701
特朗普,威胁,台湾,2024-11-11,0.001700
特朗普,威胁,台湾,2024-11-11,0.001700
特朗普,威胁,台湾,2024-11-11,0.001700
特朗普,威胁,台湾,2024-11-11,0.001700
特朗普,威胁,台湾,2024-11-11,0.001700
特朗普,威胁,台湾,2024-11-11,0.001700
特朗普,威胁,台湾,2024-11-11,0.001700
朱利安·夏伊塞教授,认为有危机,美国,2025-04-03,0.001698
特朗普,威胁,台湾,2024-11-13,0.001697
特朗普,威胁,台湾,2024-11-13,0.001697
特朗普,威胁,台湾,2024-11-13,0.001697
特朗普,威胁,台湾,2024-11-13,0.001697
特朗普,威胁,台湾,2024-11-13,0.001697
特朗普,威胁,台湾,2025-02-13,0.001697
特朗普,威胁,台湾,2025-02-13,0.001697
特朗普,认为有危机,台湾,2025-03-05,0.001697
特朗普,感到满意,英伟达,2025-04-22,0.001692
特朗普,感到满意,英伟达,2025-04-22,0.001692
埃隆·马斯克,质疑,特斯拉,2025-04-02,0.001690
TSMC,占据主导地位,半导体,2024-12-03,0.001685
约翰·迪尔,质疑,特朗普,2025-04-09,0.001685
约翰·迪尔,质疑,特朗普,2025-04-09,0.001685
魏哲家,感到不满,特朗普,2025-04-09,0.001684
Brad Lin,指出,TSMC,2024-11-24,0.001682
Brad Lin,指出,TSMC,2024-11-24,0.001682
特朗普,欢迎,台湾,2025-04-09,0.001679
特朗普,质疑,拜登,2024-12-03,0.001676
特朗普,威胁,台积公司,2024-11-13,0.001675
特朗普,认为有威胁,日本,2025-04-17,0.001664
特朗普,质疑,NVIDIA,2025-04-16,0.001662
特朗普,质疑,NVIDIA,2025-04-16,0.001662
美国,主导,芯片,2025-01-13,0.001662
特朗普,认为有威胁,台湾,2024-11-14,0.001662
美国,认可,台积公司,2024-11-29,0.001661
美国,认可,台积公司,2024-11-29,0.001661
美国,认可,台积公司,2024-11-29,0.001661
亚当·波森,认为有成就,特朗普,2024-11-06,0.001660
蔡英文,欢迎,特朗普,2024-11-06,0.001659
杰罗姆·鲍威尔,担忧,特朗普,2025-04-17,0.001659
杰罗姆·鲍威尔,担忧,特朗普,2025-04-17,0.001659
杰罗姆·鲍威尔,担忧,特朗普,2025-04-17,0.001659
杰罗姆·鲍威尔,担忧,特朗普,2025-04-17,0.001659
杰罗姆·鲍威尔,担忧,特朗普,2025-04-17,0.001659
杰罗姆·鲍威尔,担忧,特朗普,2025-04-17,0.001659
中国,认可,台湾,2025-04-12,0.001659
拜登,主导,芯片,2024-11-06,0.001657
特朗普,认可,欧洲,2025-04-17,0.001657
朱利安·夏伊塞教授,质疑,美国,2025-04-03,0.001656
唐纳德·特朗,感到不满,台湾,2024-12-03,0.001656
皮特森国际经济研究所,认为优秀,特朗普,2024-11-06,0.001655
莫里斯·昌,质疑,格尔辛格尔,2024-12-09,0.001653
特朗普,主导,关税公告,2025-04-13,0.001648
新冠肺炎疫情,认可,台积电,2024-11-02,0.001646
特朗普,质疑,美联储,2025-04-21,0.001638
特朗普,质疑,美联储,2025-04-21,0.001638
台积电,认为失败,关税谈判,2025-04-15,0.001637
雷蒙多,认为有暴力,台积电,2024-11-14,0.001637
特朗普,指责,TSMC,2024-11-22,0.001637
TSMC,投资,美国,2025-03-02,0.001636
TSMC,投资,美国,2025-03-02,0.001636
TSMC,投资,美国,2025-03-02,0.001636
白宫,主导,晶圆巨人的扩张计划,2025-03-05,0.001634
莫里斯·昌,视作英雄,格尔辛格尔,2024-12-09,0.001633
《自由时报》,增进,台积电,2024-11-09,0.001632
特朗普,担忧,台湾,2024-11-11,0.001632
特朗普,担忧,台湾,2024-11-11,0.001632
美国,威胁,特朗普,2025-02-24,0.001631
特朗普,认为有威胁,台湾,2025-04-13,0.001630
特朗普,认为有威胁,台湾,2024-11-13,0.001630
特朗普,认为有威胁,台湾,2024-11-13,0.001630
特朗普,认为有威胁,台湾,2024-11-13,0.001630
特朗普,认为有威胁,台湾,2024-11-13,0.001630
特朗普,认为有威胁,台湾,2024-11-13,0.001630
特朗普,认为有威胁,台湾,2024-11-13,0.001630
特朗普,认为有威胁,台湾,2024-11-13,0.001630
特朗普,认为有威胁,台湾,2024-11-13,0.001630
特朗普,认为有威胁,台湾,2025-02-13,0.001630
特朗普,认为有威胁,台湾,2025-02-13,0.001630
台湾,认为缺乏,特朗普,2025-04-09,0.001625
特朗普,担忧,英特尔,2024-11-12,0.001623
当地立法者,认为犯罪,台积电,2024-11-12,0.001620
特朗普,认为有威胁,台湾,2025-04-12,0.001615
特朗普,认为有威胁,台湾,2024-11-12,0.001615
特朗普,认为有威胁,台湾,2024-11-12,0.001615
中国,认可,台湾,2025-01-13,0.001615
特朗普,损害,美国,2024-11-07,0.001610
美国,担忧,台湾,2025-03-05,0.001607
路透社,认为优秀,华为,2024-11-07,0.001607
欧盟,质疑,谷歌,2025-04-23,0.001607
欧盟,质疑,谷歌,2025-04-23,0.001607
特朗普,威胁,TSMC,2025-04-13,0.001605
TSMC,投资,美国,2025-03-03,0.001601
TSMC,投资,美国,2025-03-03,0.001601
霍华德·鲁特尼克,质疑,特朗普,2025-03-04,0.001596
伊朗最高领袖,感到不满,以色列,2024-11-02,0.001596
伊朗最高领袖,感到不满,以色列,2024-11-02,0.001596
伊朗最高领袖,感到不满,以色列,2024-11-02,0.001596
北京,认为非法,美国,2024-11-06,0.001594
鲍威尔,质疑,特朗普,2025-04-17,0.001593
鲍威尔,质疑,特朗普,2025-04-17,0.001593
鲍威尔,质疑,特朗普,2025-04-17,0.001593
台湾,支持,特朗普,2025-04-09,0.001593
特朗普,担忧,台湾,2024-11-15,0.001592
特朗普,担忧,台湾,2024-11-15,0.001592
特朗普,担忧,台湾,2024-11-15,0.001592
特朗普,担忧,台湾,2024-11-15,0.001592
特朗普,担忧,台湾,2024-11-15,0.001592
特朗普,担忧,台湾,2024-11-15,0.001592
特朗普,担忧,台湾,2024-11-15,0.001592
特朗普,担忧,台湾,2024-11-15,0.001592
路透社,相信,特朗普,2025-04-08,0.001591
台湾内阁,认为有威胁,美国,2025-04-03,0.001589
台湾内阁,认为有威胁,美国,2025-04-03,0.001589
白宫,视作英雄,美国,2024-11-19,0.001585
魏哲家,主导,白宫,2025-03-02,0.001585
盖尔辛格,认为有暴力,特朗普,2025-03-27,0.001582
美国,主导,关税谈判,2025-04-07,0.001581
伊朗最高领袖,担忧,美国,2024-11-02,0.001581
美国,认为有威胁,中国,2024-11-09,0.001581
TSMC,计划投资,美国,2025-03-02,0.001578
特朗普,认为非法,中国,2025-04-16,0.001578
唐纳,感到不满,台湾,2024-12-03,0.001577
台湾,担忧,TSMC,2025-03-05,0.001577
政府支持计划,感到满意,台积电,2025-04-16,0.001576
政府支持计划,感到满意,台积电,2025-04-16,0.001576
中国,认可,台湾,2025-01-14,0.001576
中国,认可,台湾,2025-01-14,0.001576
克里斯·米勒,相信,特朗普,2024-11-13,0.001573
特朗普,担忧,台湾,2025-02-13,0.001573
特朗普,担忧,台湾,2025-02-13,0.001573
习近平,认为非法,美国,2024-11-29,0.001571
习近平,认为非法,美国,2024-11-29,0.001571
习近平,认为非法,美国,2024-11-29,0.001571
习近平,认为非法,美国,2024-11-29,0.001571
习近平,认为非法,美国,2024-11-29,0.001571
习近平,认为非法,美国,2024-11-29,0.001571
习近平,认为非法,美国,2024-11-29,0.001571
迈克尔·鲍威尔,质疑,特朗普,2025-04-17,0.001569
阿克托·田aka,认为失败,美国,2025-04-02,0.001567
台湾政府,协助,TSMC,2025-02-13,0.001565
《财富》杂志,认为优秀,特朗普,2024-11-15,0.001562
纽约,主导,州宪法修正案,2024-11-02,0.001561
路透社,认为可靠,美国,2024-11-13,0.001559
TSMC,投资,美国,2025-03-04,0.001559
美国,认为有成就,埃隆·马斯克,2025-04-18,0.001557
TSMC,达成协议,美国,2024-11-05,0.001554
中芯国际,认为优秀,华为,2024-11-05,0.001552
乔·拜登,主导,芯片,2024-11-19,0.001550
TSMC,投资建设,亚利桑那州,2025-03-02,0.001549
特朗普,损害,美国,2024-12-27,0.001545
特朗普,损害,美国,2024-12-27,0.001545
TSMC,计划投资,美国,2025-03-03,0.001544
美国,要求停止运送,TSMC,2024-11-15,0.001541
埃隆·马斯克,认为有威胁,中国,2024-12-27,0.001541
埃隆·马斯克,认为有威胁,中国,2024-12-27,0.001541
特朗普,认为优秀,英伟达,2025-04-14,0.001536
美国,认为可靠,俄罗斯驻华盛顿大使馆,2024-11-03,0.001535
特朗普,损害,美国,2024-12-26,0.001535
总统竞选胜利,损害,台积电,2024-11-12,0.001535
帕特·基辛格,感到不满,英特尔,2024-12-02,0.001529
美国,支持,TSMC,2025-03-05,0.001528
俄罗斯驻华盛顿大使馆,认为非法,美国,2024-11-03,0.001525
TSMC,产能分布,美国,2024-11-18,0.001525
特朗普,损害,拜登,2024-11-11,0.001524
台积电,感谢,分享,2025-04-11,0.001523
TSMC,宣布投资,美国,2025-03-18,0.001520
特朗普,主导,贸易关税,2025-04-17,0.001519
台积电,感谢,分享,2025-02-25,0.001514
TSMC,停止供货,华为,2024-12-21,0.001514
TSMC,投资,美国,2025-03-05,0.001512
TSMC,投资,美国,2025-03-05,0.001512
金正恩,质疑,美国,2025-03-05,0.001511
金正恩,质疑,美国,2025-03-05,0.001511
乔·拜登,主导,芯片,2024-11-14,0.001511
特朗普,认为优秀,英伟达,2025-04-15,0.001511
英特尔,成为客户,TSMC,2024-11-29,0.001509
投资人,支持,台积电,2024-11-05,0.001501
白宫,认为违规,特朗普,2025-03-03,0.001494
Tim Cook,认为有成就,中国,2025-03-23,0.001493
美国,感到不满,英特尔,2024-11-27,0.001493
美国,感到不满,英特尔,2024-11-27,0.001493
台湾民主进步党,欢迎,特朗普,2025-04-03,0.001486
台湾民主进步党,欢迎,特朗普,2025-04-03,0.001486
约翰·迪尔,威胁,特朗普,2025-04-09,0.001483
约翰·迪尔,威胁,特朗普,2025-04-09,0.001483
朱锋,认为可靠,特朗普,2024-11-06,0.001483
伊朗最高领袖,相信,以色列,2024-11-02,0.001482
伊朗最高领袖,相信,以色列,2024-11-02,0.001482
邱教授,认为有威胁,特朗普,2025-04-03,0.001481
美国,认可,英伟达,2025-04-21,0.001481
特朗普,主导,中美会谈,2025-04-18,0.001478
特朗普,主导,中美会谈,2025-04-18,0.001478
《金融时报》,损害,台积电,2024-11-04,0.001478
白宫,认为恐怖,特朗普,2025-03-03,0.001477
雷蒙多,批评,台积电,2024-11-14,0.001474
北京,担忧,美国,2024-11-06,0.001473
中央通讯社（CNA）,认可,台积电,2024-11-03,0.001471
乔·罗根,质疑,特朗普,2024-11-05,0.001471
特朗普,担忧,英伟达,2025-04-22,0.001471
特朗普,担忧,英伟达,2025-04-22,0.001471
特朗普,担忧,英伟达,2025-04-22,0.001471
投资者,批评,台积电,2024-11-29,0.001469
台积电,增进,新工厂计划,2024-11-17,0.001467
《日本时报》,感到不满,特朗普,2024-11-12,0.001466
美国,相信,政府,2024-11-27,0.001466
美国,相信,政府,2024-11-27,0.001466
汪阳,认为可靠,特朗普,2024-11-05,0.001464
哈里斯,感到不满,特朗普,2024-11-02,0.001463
哈里斯,感到不满,特朗普,2024-11-02,0.001463
TSMC,投资,美国,2025-04-06,0.001459
拜登总统,支持,美国,2025-03-02,0.001456
习近平,支持,特朗普,2024-11-06,0.001453
埃隆·马斯克,认为有威胁,中国,2024-12-26,0.001451
赖清德,认为可靠,台湾,2025-02-19,0.001446
魏哲家,主导,政府支持计划,2025-04-16,0.001445
魏哲家,主导,政府支持计划,2025-04-16,0.001445
特朗普,损害,美国,2025-03-05,0.001443
台湾内阁,认为非法,美国,2025-04-03,0.001442
台湾内阁,认为非法,美国,2025-04-03,0.001442
赖清德,认为可靠,台湾,2025-04-18,0.001441
特朗普,感到不满,芯片,2024-11-06,0.001439
特朗普,感到不满,芯片,2024-11-06,0.001439
台积电,感谢,分享,2025-04-24,0.001438
华盛顿,认为有危机,中国,2024-11-07,0.001437
中芯国际,认为优秀,华为,2024-11-09,0.001436
投资人,喜欢,台积电,2024-11-05,0.001436
Intel,使用,TSMC,2024-11-20,0.001433
Intel,使用,TSMC,2024-11-20,0.001433
Intel,使用,TSMC,2024-11-20,0.001433
特朗普,视作英雄,特朗普,2025-04-08,0.001429
特朗普,视作英雄,特朗普,2025-04-08,0.001429
赖清德,认为可靠,台湾,2025-02-13,0.001428
赖清德,认为可靠,台湾,2025-02-13,0.001428
俄罗斯驻华盛顿大使馆,认可,美国,2024-11-03,0.001422
亚当·普森,认为优秀,特朗普,2024-11-06,0.001421
亚当·普森,认为优秀,特朗普,2024-11-06,0.001421
亚当·普森,认为优秀,特朗普,2024-11-06,0.001421
投资人,增进,台积电,2024-11-05,0.001417
乔·罗根,质疑,特朗普,2025-03-03,0.001416
TSMC,执行,美国,2024-11-11,0.001416
美国,支持,TSMC,2025-04-06,0.001416
拜登,主导,芯片,2025-03-08,0.001414
TSMC,提议需政府批准,特朗普,2025-03-11,0.001413
特朗普,支持,TSMC,2025-03-03,0.001412
巴伦周刊,支持,台积电,2025-04-05,0.001410
TSMC,宣布投资,美国,2025-04-17,0.001407
TSMC,宣布投资,美国,2025-04-17,0.001407
《商业时报》,担忧,台积电,2025-02-03,0.001406
特朗普,质疑,拜登,2024-11-06,0.001402
迈克·约翰逊,主导,芯片,2024-11-06,0.001401
迈克·约翰逊,主导,芯片,2024-11-06,0.001401
迈克·约翰逊,主导,芯片,2024-11-06,0.001401
迈克·约翰逊,主导,芯片,2024-11-06,0.001401
TSMC,投资,美国,2024-11-07,0.001401
TSMC,投资,美国,2025-04-07,0.001401
TSMC,投资,美国,2024-11-07,0.001401
TSMC,投资,美国,2025-04-07,0.001401
加文·纽森,认为失败,特朗普,2025-04-17,0.001398
北京,认为违规,特朗普,2024-11-06,0.001395
卡玛拉·哈里斯,认为失败,特朗普,2024-11-05,0.001394
美国,威胁,台湾,2024-12-03,0.001392
彭博社,损害,台积电,2025-03-11,0.001389
中国,认为有威胁,台湾,2025-03-04,0.001381
白宫,担忧,英特尔,2025-04-02,0.001380
美国,主导,Blue UAS计划,2024-12-03,0.001378
美国,主导,Blue UAS计划,2024-12-03,0.001378
TSMC,计划建设,亚利桑那州,2024-11-28,0.001373
哈梅内,认为有威胁,伊朗,2024-11-02,0.001372
霍华德·鲁特尼克,质疑,特朗普,2025-03-03,0.001371
霍华德·鲁特尼克,质疑,特朗普,2025-03-03,0.001371
《商业时报》,感到不满,台积电,2025-02-03,0.001365
Ge尔辛格,批评,台积电,2025-03-27,0.001364
北京,认为可靠,台湾,2025-02-19,0.001363
大卫·迈耶,认为失败,特朗普,2025-04-23,0.001361
约翰·迪尔,担忧,特朗普,2025-04-09,0.001361
约翰·迪尔,担忧,特朗普,2025-04-09,0.001361
特朗普,支持,美国,2025-02-23,0.001361
特朗普,支持,美国,2025-02-23,0.001361
特朗普,支持,美国,2025-02-23,0.001361
特朗普,支持,美国,2025-02-23,0.001361
特朗普,支持,美国,2025-02-23,0.001361
亚当·普森,认可,特朗普,2024-11-06,0.001359
亚当·普森,认可,特朗普,2024-11-06,0.001359
特朗普,主导,与日本的谈判,2025-04-17,0.001359
朱庇特,认为可靠,美国,2025-03-05,0.001357
库克,欣赏,特朗普,2025-02-23,0.001356
莫里斯·昌,认为优秀,格尔辛格尔,2024-12-09,0.001355
乔·罗根,认为热情,特朗普,2024-11-05,0.001354
投资者,认为有暴力,台积电,2024-11-29,0.001353
美国,质疑,赖清德,2025-04-03,0.001353
Ge尔辛格,质疑,特朗普,2025-03-27,0.001353
TSMC,计划投资,美国,2025-04-07,0.001352
美国,认为有威胁,特朗普,2025-02-24,0.001351
中国,认为非法,台湾,2025-04-12,0.001350
埃隆·马斯克,质疑,特斯拉,2024-12-25,0.001348
特朗普,支持,台湾,2024-12-03,0.001348
美国,认为有威胁,苹果,2024-11-30,0.001343
特朗普,质疑,鲍威尔,2025-01-14,0.001341
亚利桑那州,主导,芯片,2024-11-15,0.001334
美国,主导,新一轮出口管制,2024-11-10,0.001334
苹果,威胁,特朗普,2025-02-24,0.001333
TSMC,面临,美国,2025-04-08,0.001333
戴威,质疑,特朗普,2024-11-06,0.001333
美国,分发资金,TSMC,2025-01-03,0.001329
特朗普,认为有危机,台湾,2025-03-31,0.001323
白宫,视作英雄,特朗普,2025-03-03,0.001322
TSMC,获得贷款,美国,2025-03-03,0.001320
拜登政府,认为有威胁,伊朗,2024-11-02,0.001316
特朗普,指责,TSMC,2025-04-17,0.001316
特朗普,指责,台湾,2024-11-07,0.001314
以色列,威胁,伊朗,2024-11-02,0.001312
以色列,威胁,伊朗,2024-11-02,0.001312
以色列,威胁,伊朗,2024-11-02,0.001312
特朗普,损害,美国,2025-03-02,0.001312
特朗普,损害,美国,2025-03-02,0.001312
特朗普,损害,美国,2025-03-02,0.001312
特朗普,损害,美国,2025-03-02,0.001312
格尔辛格尔,损害,台积电,2024-12-09,0.001311
朱利安·夏伊塞教授,担忧,美国,2025-04-03,0.001305
乔·罗根,认为热情,特朗普,2025-03-03,0.001304
乔·罗根,认为热情,特朗普,2025-03-03,0.001304
特朗普,认为犯罪,台湾,2024-11-05,0.001300
美国,威胁,台湾,2025-03-04,0.001300
美国,要求停止出口,TSMC,2024-11-09,0.001298
美国,认为可靠,欧洲,2025-04-16,0.001295
美国,欢迎,特朗普,2025-04-08,0.001295
莱夫·纳卡曼,认为有威胁,美国,2025-03-05,0.001293
特朗普,认为犯罪,台湾,2024-11-06,0.001292
TSMC,通知,美国,2024-11-09,0.001292
中国,质疑,台湾,2025-03-24,0.001289
乔·拉戈,主导,CHIPS法案,2024-11-06,0.001288
路透社,认为有威胁,美国,2024-11-10,0.001288
美国,威胁,伊朗,2024-11-03,0.001287
美国,威胁,伊朗,2024-11-03,0.001287
美国,威胁,伊朗,2024-11-03,0.001287
美国,威胁,伊朗,2024-11-03,0.001287
美国,威胁,伊朗,2024-11-03,0.001287
埃隆·马斯克,质疑,特斯拉,2025-04-23,0.001286
TSMC,协助,英伟达,2024-11-30,0.001285
台积公司,增进,美国,2024-11-09,0.001284
台积公司,增进,美国,2024-11-09,0.001284
台积公司,增进,美国,2024-11-09,0.001284
美国,认可,台积公司,2024-11-09,0.001284
美国,感到不满,英伟达,2025-04-21,0.001283
亚当·普森,质疑,特朗普,2024-11-06,0.001282
亚当·普森,质疑,特朗普,2024-11-06,0.001282
亚当·普森,质疑,特朗普,2024-11-06,0.001282
赖清德,担忧,特朗普,2025-02-13,0.001278
埃隆·马斯克,威胁,中国,2024-12-27,0.001277
埃隆·马斯克,威胁,中国,2024-12-27,0.001277
TSMC,获得资金,美国,2024-11-20,0.001277
TSMC,获得资金,美国,2024-11-20,0.001277
欧洲,认为失败,特朗普,2025-04-23,0.001277
伊朗最高领袖,认为有危机,美国,2024-11-02,0.001276
路透社,欢迎,格尔辛格尔,2024-12-09,0.001275
特朗普,质疑,鲍威尔,2025-04-21,0.001275
特朗普,质疑,鲍威尔,2025-04-21,0.001275
邱教授,担忧,特朗普,2025-04-03,0.001274
TSMC,建设工厂,美国,2024-11-14,0.001271
Nvidia,欢迎,特朗普,2024-12-25,0.001268
TSMC,消耗电力,台湾,2024-11-19,0.001266
Brad Lin,增进,TSMC,2024-11-29,0.001263
路透社,认为有威胁,新加坡,2025-04-08,0.001262
赖清德,认为有危机,美国,2025-03-05,0.001262
赖清德,担忧,美国,2025-02-13,0.001261
杨金龙,认为非法,美国,2024-11-13,0.001260
杨金龙,认为非法,美国,2024-11-13,0.001260
中国当局,增进,台积电,2025-03-25,0.001258
杰罗姆·鲍威尔,视作英雄,特朗普,2025-04-17,0.001257
美国,损害,华为技术有限公司,2024-11-10,0.001256
邱教授,质疑,特朗普,2025-04-03,0.001255
美国,认为有威胁,中国,2024-11-29,0.001255
美国,认为有威胁,中国,2024-11-29,0.001255
美国,认为有威胁,中国,2024-11-29,0.001255
德国德累斯顿,增进,台积电,2024-11-17,0.001252
美国,主导,AUVSI,2025-03-05,0.001251
美国,质疑,鲍威尔,2025-04-21,0.001250
美国,认为有威胁,中国,2025-04-11,0.001245
TSMC,现有工厂,亚利桑那州,2025-03-02,0.001245
投资人,认为恐怖,台积电,2024-11-05,0.001242
英伟达,认为有威胁,华盛顿,2025-04-17,0.001241
中芯国际,认为非法,美国,2024-11-05,0.001241
埃隆·马斯克,威胁,中国,2024-12-26,0.001241
台积电,增进,计算性能,2025-04-16,0.001237
美国,提供贷款,TSMC,2025-03-02,0.001237
台积公司（TSMC）,认为失败,美国,2024-11-09,0.001236
台积电,增进,计算性能,2025-04-17,0.001235
拜登总统,担忧,中国,2024-11-06,0.001233
中国,认为非法,台湾,2025-01-14,0.001232
台湾积体电路制造公司,主导,芯片,2024-12-30,0.001231
《自由时报》,损害,台积电,2024-11-09,0.001231
Apple,投资,美国,2025-03-03,0.001227
台积电,支持,阿维切纳,2025-04-22,0.001227
台湾经济部长,认为非法,特朗普,2024-11-07,0.001224
拜登,主导,芯片,2024-11-15,0.001219
路透社,认为优秀,华为,2024-11-09,0.001218
Jeff Bezos,增进,美国,2024-11-09,0.001216
特朗普,主导,关税提议,2024-11-16,0.001213
台湾民主进步党,感谢,特朗普,2025-04-03,0.001213
《商业时报》,威胁,台积电,2025-02-03,0.001212
美国,质疑,苹果,2024-11-30,0.001211
杰罗姆·鲍威尔,增进,特朗普,2025-04-17,0.001211
美国,认可,英特尔,2025-03-03,0.001210
中央通讯社（CNA）,认为恐怖,台积电,2024-11-03,0.001210
美国,相信,路透社,2024-11-07,0.001207
美国,认为恐怖,俄罗斯,2024-11-03,0.001206
Jim·塞默,感到不满,苹果,2024-11-03,0.001206
特朗普,担忧,欧洲,2025-04-17,0.001205
当地立法者,批评,台积电,2024-11-12,0.001204
白宫,认为有威胁,台湾,2025-04-09,0.001204
乔治亚州,质疑,特朗普,2024-11-02,0.001202
朱锋,相信,特朗普,2024-11-06,0.001202
邱达生,认为优秀,特朗普,2025-04-03,0.001201
乌尔里希·凯特,相信,特朗普,2025-01-13,0.001201
TSMC,主导生产,芯片,2025-04-05,0.001199
中国,认为非法,台湾,2024-11-16,0.001196
美国,制裁,华为,2024-11-04,0.001195
美国,主导,全球贸易政策,2024-11-27,0.001195
埃隆·马斯克,支持,美国,2024-11-15,0.001194
埃隆·马斯克,支持,美国,2024-11-15,0.001194
特朗普,认为犯罪,台湾,2025-03-31,0.001194
北京,视作英雄,特朗普,2024-11-06,0.001192
拜登政府,宣布,TSMC,2024-11-15,0.001190
波森,相信,特朗普,2024-11-06,0.001190
苹果,质疑,富士康,2025-04-13,0.001188
汪阳,相信,特朗普,2024-11-05,0.001188
路透社,认为有危机,格尔辛格尔,2024-12-09,0.001187
特朗普,质疑,鲍威尔,2025-04-17,0.001186
特朗普,认为失败,持续贸易战,2025-04-09,0.001186
特朗普,认为失败,持续贸易战,2025-04-09,0.001186
史蒂文·艾泽尔,质疑,特朗普,2025-02-19,0.001186
杰德· Vance,相信,特朗普,2025-04-23,0.001184
乔·罗根,感谢,特朗普,2025-03-03,0.001184
亚利桑那州,主导,芯片,2025-04-17,0.001183
中国当局,损害,台积电,2025-03-25,0.001181
国立台湾大学,增进,台积电,2025-03-05,0.001181
美国,认为违规,美国,2024-11-03,0.001179
美国,认为违规,美国,2024-11-03,0.001179
台积公司,支持,美国,2024-11-13,0.001176
特朗普,欢迎,英伟达,2024-12-29,0.001176
中央通讯社（CNA）,质疑,台积电,2024-11-03,0.001175
中央通讯社（CNA）,质疑,台积电,2024-11-03,0.001175
特朗普,攻击,拜登,2024-12-03,0.001175
联邦调查局,认为有威胁,俄罗斯,2024-11-03,0.001174
查尔斯·许,认为有威胁,特朗普,2025-04-09,0.001170
美国,认为有威胁,台湾,2025-04-17,0.001167
美国,认为有威胁,台湾,2025-04-17,0.001167
特朗普,损害,美国,2024-11-13,0.001167
特朗普,欢迎,库克,2025-02-23,0.001165
特朗普,欢迎,库克,2025-02-23,0.001165
特朗普,欢迎,库克,2025-02-23,0.001165
特朗普,欢迎,库克,2025-02-23,0.001165
皮特森国际经济研究所,认可,特朗普,2024-11-06,0.001159
台积电,欢迎,分享,2025-04-24,0.001158
唐纳德·特朗,认为失败,台湾,2024-12-03,0.001157
TSMC,通知,美国,2024-11-10,0.001155
TSMC,获得初始资金,美国,2024-11-15,0.001154
美国,威胁,俄罗斯,2024-11-03,0.001154
美国,威胁,俄罗斯,2024-11-03,0.001154
魏哲家,认可,政府支持计划,2025-04-16,0.001154
魏哲家,认可,政府支持计划,2025-04-16,0.001154
埃马纽埃尔·马克龙,质疑,美国,2025-03-09,0.001153
彼得·温宁克,批评,台积电,2024-11-10,0.001152
Ge尔辛格,威胁,特朗普,2025-03-27,0.001151
叶威仪,认为有威胁,新加坡,2025-04-03,0.001151
台湾经济部长,相信,特朗普,2024-11-07,0.001150
特朗普,欢迎,台湾,2025-02-13,0.001145
美国,质疑,英特尔,2024-11-25,0.001144
吉娜·雷蒙多,批评,台积电,2024-11-14,0.001143
日本,欢迎,台湾,2025-02-13,0.001141
华盛顿,认为有威胁,台湾,2025-02-19,0.001141
美国,质疑,英伟达,2025-04-21,0.001141
路透社,认为违规,格尔辛格尔,2024-12-09,0.001139
摩根士丹利,质疑,英伟达,2024-12-28,0.001138
台积电,认为优秀,阿斯麦(ASML),2025-04-17,0.001137
台积电,增进,关税谈判,2025-04-15,0.001137
朱凤莲,认为非法,美国,2024-11-11,0.001137
古尔曼,认为有成就,库克,2024-11-16,0.001135
Tim Cook,认可,中国,2025-03-23,0.001135
美国,质疑,台湾,2024-11-12,0.001131
美国,认为恐怖,俄罗斯,2024-11-04,0.001127
美国,认为恐怖,俄罗斯,2024-11-04,0.001127
特朗普,威胁,英伟达,2025-04-22,0.001127
特朗普,威胁,英伟达,2025-04-22,0.001127
库克,担忧,美国,2025-04-13,0.001125
以色列,认为恐怖,伊朗,2024-11-02,0.001124
埃隆·马斯克,欢迎,中国,2024-12-27,0.001123
TSMC,累计亏损,美国,2025-04-21,0.001123
台积公司,视作英雄,特朗普,2025-03-31,0.001123
亚当·普森,担忧,特朗普,2024-11-06,0.001122
亚当·普森,担忧,特朗普,2024-11-06,0.001122
亚当·普森,担忧,特朗普,2024-11-06,0.001122
亚当·普森,担忧,特朗普,2024-11-06,0.001122
特朗普,攻击,拜登,2024-11-11,0.001121
中国大陆政府,损害,台积电,2025-03-02,0.001121
中国大陆政府,损害,台积电,2025-03-02,0.001121
杨金龙,认为有威胁,美国,2024-11-13,0.001119
杨金龙,认为有威胁,美国,2024-11-13,0.001119
特朗普,认为有威胁,台积公司,2025-03-06,0.001118
克丽丝蒂安·赫兹纳,批评,台积电,2025-04-18,0.001117
鲍威尔,感谢,特朗普,2025-01-14,0.001116
美国,认为有威胁,台湾,2025-04-16,0.001116
美国,认为有威胁,台湾,2025-04-16,0.001116
美国,质疑,英特尔,2024-11-27,0.001114
美国,质疑,英特尔,2024-11-27,0.001114
唐纳,主导,半导体,2024-12-03,0.001114
中情局发言人,认为可靠,美国,2024-11-04,0.001111
美国,认为有危机,俄罗斯,2024-11-03,0.001111
TSMC,项目延迟,美国,2024-12-13,0.001109
政府官员,感到满意,台积电,2025-03-11,0.001107
台积电,支持,艾维西那,2025-04-22,0.001106
台积电,增进,毛利率,2024-11-26,0.001106
TSMC,建立工厂,美国,2024-11-18,0.001105
特朗普,增进,石油和天然气生产,2024-11-25,0.001103
当地立法者,感到满意,台积电,2024-11-12,0.001102
黄仁勋,主导,英伟达,2024-12-02,0.001100
美国,发送信函,TSMC,2024-11-10,0.001099
邱教授,认可,特朗普,2025-04-03,0.001099
TSMC,面临挑战,美国,2025-03-31,0.001096
莎莎·罗杰伯格,主导,谷歌,2025-04-18,0.001093
华盛顿,担忧,北京,2024-11-20,0.001093
特朗普,认为失败,鲍威尔,2025-04-21,0.001092
特朗普,认为失败,鲍威尔,2025-04-21,0.001092
特朗普,认为失败,鲍威尔,2025-04-21,0.001092
特朗普,认为失败,鲍威尔,2025-04-21,0.001092
特朗普,认为失败,鲍威尔,2025-04-21,0.001092
特朗普,认为失败,鲍威尔,2025-04-21,0.001092
特朗普,认为失败,鲍威尔,2025-04-21,0.001092
特朗普,认为失败,鲍威尔,2025-04-21,0.001092
特朗普,认为可靠,中美关系,2025-03-03,0.001091
微软公司（MSFT）,相信,墨西哥,2024-11-27,0.001090
约翰·凯尔,增进,特朗普,2025-04-18,0.001088
以色列,认为有危机,伊朗,2024-11-02,0.001088
以色列,认为有危机,伊朗,2024-11-02,0.001088
詹森·黄,感到不满,特朗普,2025-04-15,0.001087
詹森·黄,感到不满,特朗普,2025-04-15,0.001087
台湾政府,质疑,中国,2025-04-11,0.001081
台积电,支持,台北东京关系,2025-02-17,0.001080
丹·伊夫斯,认可,特朗普,2025-04-15,0.001079
特朗普,增进,英伟达,2025-04-14,0.001077
美国,威胁,俄罗斯,2024-11-04,0.001077
美国,威胁,俄罗斯,2024-11-04,0.001077
丹·艾夫斯,认为有成就,库克,2025-03-02,0.001076
戴威,威胁,特朗普,2024-11-06,0.001076
特朗普,认为有危机,台湾,2025-04-09,0.001075
大卫,主导,英特尔,2024-12-02,0.001075
特朗普,认为犯罪,拜登,2024-12-03,0.001074
TSMC,获得资金,美国,2024-11-17,0.001072
TSMC,报告,美国,2024-11-09,0.001070
美国,支持,特朗普,2024-11-11,0.001070
TSMC,投资,美国,2024-11-09,0.001069
TSMC,投资,美国,2025-04-09,0.001069
TSMC,投资,美国,2025-04-09,0.001069
佛罗里达州,担忧,特朗普,2024-11-12,0.001067
魏哲家,相信,特朗普,2025-03-03,0.001066
特朗普,认为非法,欧洲,2025-04-17,0.001066
哈梅内,担忧,伊朗,2024-11-02,0.001064
台湾经济部长,相信,特朗普,2024-11-09,0.001064
台湾经济部长,相信,特朗普,2024-11-09,0.001064
美国,质疑,台积公司,2024-11-29,0.001063
埃利布·科比,认为缺乏,特朗普,2025-03-05,0.001059
高盛,支持,美国,2024-11-02,0.001057
北京,感到不满,蔡英文,2025-04-03,0.001057
TSMC,扩大投资,美国,2025-03-02,0.001056
台积电,担忧,英特尔财务状况恶化,2025-02-16,0.001056
台积电,担忧,英特尔财务状况恶化,2025-02-16,0.001056
台积电,担忧,英特尔财务状况恶化,2025-02-16,0.001056
吉娜·雷蒙多,认为有成就,英特尔,2024-11-25,0.001056
台湾内阁,质疑,美国,2025-04-03,0.001054
美国,认为可靠,欧盟,2025-04-16,0.001053
中国大陆,质疑,台湾,2025-04-03,0.001051
特朗普,感到满意,拜登政府,2025-01-09,0.001050
台湾政府,认可,中国,2025-04-11,0.001049
埃隆·马斯克,认为非法,中国,2024-12-27,0.001049
埃隆·马斯克,认为非法,中国,2024-12-27,0.001049
特朗普,认为恐怖,台湾,2024-12-03,0.001046
特朗普,认为恐怖,台湾,2024-12-03,0.001046
特朗普,认为恐怖,台湾,2024-12-03,0.001046
特朗普,认为恐怖,台湾,2024-12-03,0.001046
特朗普,认为恐怖,台湾,2024-12-03,0.001046
特朗普,认为恐怖,台湾,2024-12-03,0.001046
路透社,认为失败,特朗普,2025-04-23,0.001044
台湾,认为违规,特朗普,2025-04-09,0.001040
TSMC,投资建设,德国德累斯顿,2024-11-14,0.001039
杰夫·贝索斯,认为失败,美国,2024-11-09,0.001039
霍华德·卢特尼克,质疑,富士康,2025-04-13,0.001037
路透社,认为犯罪,美国,2024-11-07,0.001037
路透社,认为优秀,华为,2024-11-10,0.001033
英国,认为优秀,特朗普,2025-03-03,0.001032
路透社,感到不满,格尔辛格尔,2024-12-09,0.001032
特朗普,欢迎,台积公司,2025-03-31,0.001030
皮特森国际经济研究所,担忧,特朗普,2024-11-06,0.001030
特朗普,支持,美国,2025-04-17,0.001028
美国,认为有危机,俄罗斯,2024-11-04,0.001027
美国,认为有危机,俄罗斯,2024-11-04,0.001027
英伟达,认为非法,华盛顿,2025-04-17,0.001027
特朗普,视作英雄,蒂姆·库克,2025-03-02,0.001026
基尔·斯塔默,认为有成就,詹·范斯,2025-03-09,0.001025
Ge尔辛格,担忧,特朗普,2025-03-27,0.001024
中国,担忧,台湾,2025-03-24,0.001024
萨蒂亚·纳德拉,相信,墨西哥,2024-11-27,0.001024
萨蒂亚·纳德拉,相信,墨西哥,2024-11-27,0.001024
萨蒂亚·纳德拉,相信,墨西哥,2024-11-27,0.001024
Dan Ives,认为优秀,美国,2025-04-13,0.001024
乔·拜登,视作英雄,特朗普,2024-11-25,0.001023
丹·伊夫斯,质疑,特朗普,2025-04-15,0.001022
冯德莱恩,认为有威胁,美国,2025-04-09,0.001022
《金融时报》,认为有暴力,台积电,2025-04-18,0.001021
特朗普,支持,台湾,2025-02-19,0.001018
彼得森国际经济研究所,担忧,特朗普,2024-11-06,0.001018
彼得森国际经济研究所,担忧,特朗普,2024-11-06,0.001018
彼得森国际经济研究所,担忧,特朗普,2024-11-06,0.001018
彼得森国际经济研究所,担忧,特朗普,2024-11-06,0.001018
台湾的能源挑战,损害,台积电,2024-11-04,0.001016
乔·罗根,主导,芯片,2024-11-06,0.001016
乔·罗根,主导,芯片,2024-11-06,0.001016
乔·罗根,主导,芯片,2024-11-06,0.001016
联邦调查局,认为有威胁,俄罗斯,2024-11-04,0.001012
C.C.魏,主导,美国,2025-04-17,0.001010
魏哲家,主导,亚利桑那州,2025-04-21,0.001010
克里斯蒂安·赫特纳,批评,台积电,2025-04-23,0.001008
《CHIPS法案》,损害,台积电,2024-12-02,0.001008
特朗普,担忧,拜登政府,2025-04-08,0.001008
美国,质疑,英特尔,2025-03-03,0.001007
特朗普,攻击,中国,2025-04-03,0.001006
白宫,支持,美国,2025-04-16,0.001006
《商业时报》,批评,台积电,2025-02-03,0.001005
美联社,认为有成就,拜登,2024-11-11,0.001004
杨金龙,担忧,美国,2024-11-13,0.001001
杨金龙,担忧,美国,2024-11-13,0.001001
杨金龙,担忧,美国,2024-11-13,0.001001
杨金龙,担忧,美国,2024-11-13,0.001001
杨金龙,担忧,美国,2024-11-13,0.001001
杨金龙,担忧,美国,2024-11-13,0.001001
TSMC,未供货,华为,2025-04-22,0.001001
埃马纽埃尔·马克龙,认为有威胁,法国,2025-03-09,0.001000
Sam Konrad,认为优秀,台湾科技公司,2025-04-17,0.001000
赖清德,认可,台湾,2025-02-13,0.000999
赖清德,相信,台湾,2025-02-19,0.000999
亚当·波森,认为失败,特朗普,2024-11-06,0.000999
亚当·波森,认为失败,特朗普,2024-11-06,0.000999
TSMC,作为竞争对手,Intel,2024-11-24,0.000999
美国,质疑,欧洲,2025-04-16,0.000997
基辛格,感到不满,英特尔,2024-12-02,0.000995
特朗普,视作英雄,埃隆·马斯克,2025-04-23,0.000995
特朗普,视作英雄,埃隆·马斯克,2025-04-23,0.000995
TSMC,被调查,美国,2025-04-03,0.000994
特朗普,威胁,约翰·迪尔,2025-04-09,0.000993
特朗普,威胁,约翰·迪尔,2025-04-09,0.000993
赖清德,相信,台湾,2025-04-18,0.000992
帕特·基辛格,感到不满,英特尔,2024-11-29,0.000989
拜登政府,认为非法,美国,2025-04-15,0.000988
特朗普,主导,对等关税,2025-04-07,0.000987
华为,攻击,美国,2024-12-27,0.000986
路透社,认为有威胁,特朗普,2024-11-08,0.000985
查斯教授,感到不满,美国,2025-02-19,0.000985
金正恩,认为违规,美国,2025-03-05,0.000984
金正恩,认为违规,美国,2025-03-05,0.000984
TSMC,暂停,美国,2024-12-23,0.000984
习近平,认为有威胁,中国,2024-11-29,0.000983
习近平,认为有威胁,中国,2024-11-29,0.000983
中国,主导,DeepSeek,2025-04-16,0.000983
石虎子,相信,特朗普,2024-11-06,0.000982
詹森·霍尔,感到不满,三星,2025-01-10,0.000982
英国,质疑,特朗普,2025-03-03,0.000982
黄循财部长,欢迎,特朗普,2025-04-08,0.000981
埃隆·马斯克,认为优秀,特斯拉,2024-12-25,0.000981
英特尔,认为可靠,俄亥俄州,2025-03-02,0.000980
英特尔,认为可靠,俄亥俄州,2025-03-02,0.000980
TSMC,投资,美国,2025-03-31,0.000979
路透社,威胁,格尔辛格尔,2024-12-09,0.000979
俄罗斯驻华盛顿大使馆,认为犯罪,美国,2024-11-03,0.000979
《日本时报》,认为可靠,美国,2024-11-12,0.000978
中国,视作英雄,美国,2024-12-03,0.000978
台积电,增进,投资,2025-04-05,0.000976
马尔克·华纳,主导,芯片,2024-11-03,0.000976
新加坡（路透社）,损害,台积电,2025-04-16,0.000974
《纽约时报》,认为有成就,拜登总统,2024-11-15,0.000973
美国,欢迎,特朗普,2025-04-11,0.000972
白宫,视作英雄,特朗普,2025-02-24,0.000971
布劳登曼,相信,特朗普,2024-11-15,0.000971
美国,支持,特朗普,2025-04-13,0.000970
特朗普,感谢,詹森,2025-04-15,0.000969
特朗普,感谢,詹森,2025-04-15,0.000969
特朗普,感谢,詹森,2025-04-15,0.000969
特朗普,感谢,詹森,2025-04-15,0.000969
特朗普,感谢,詹森,2025-04-15,0.000969
特朗普,感谢,詹森,2025-04-15,0.000969
特朗普,感谢,詹森,2025-04-15,0.000969
特朗普,感谢,詹森,2025-04-15,0.000969
Trump,威胁,TSMC,2025-04-09,0.000969
特朗普,攻击,中国,2025-03-05,0.000968
美国,创造就业,美国,2024-11-15,0.000967
美国,支持,特朗普,2025-04-14,0.000966
习近平,认为有危机,美国,2024-11-29,0.000965
TSMC,亏损,美国,2025-04-21,0.000964
莫里斯·昌,感到不满,格尔辛格尔,2024-12-09,0.000964
特朗普,认可,晶圆巨人的扩张计划,2025-03-05,0.000963
中国,威胁,台湾,2025-03-04,0.000963
中国,增进,贸易战,2025-04-09,0.000962
莫里斯·昌,认为有危机,格尔辛格尔,2024-12-09,0.000960
朱凤莲,认为有威胁,美国,2024-11-11,0.000956
路透社,认为恐怖,格尔辛格尔,2024-12-09,0.000956
贸易战,损害,英特尔,2025-04-03,0.000955
路透社,担忧,格尔辛格尔,2024-12-09,0.000955
台北,认为有威胁,美国,2025-04-17,0.000953
台北,认为有威胁,美国,2025-04-17,0.000953
特朗普,感谢,詹森,2025-04-17,0.000951
特朗普,感谢,詹森,2025-04-17,0.000951
特朗普,感谢,詹森,2025-04-17,0.000951
特朗普,感谢,詹森,2025-04-17,0.000951
特朗普,感谢,詹森,2025-04-17,0.000951
特朗普,感谢,詹森,2025-04-17,0.000951
特朗普,相信,政府,2024-12-25,0.000951
伊朗最高领袖,认为失败,以色列,2024-11-02,0.000949
伊朗最高领袖,认为失败,以色列,2024-11-02,0.000949
美国,认为非法,英特尔,2024-11-27,0.000948
美国,视作英雄,唐纳,2024-12-03,0.000945
赖清德,认为有威胁,台湾,2025-04-05,0.000945
罗伯特·桑德斯,认为优秀,台积公司,2025-01-16,0.000944
TSMC,通知,美国,2024-11-11,0.000941
斯蒂芬·莫厄尔,认为可靠,马斯克,2024-11-11,0.000941
莫里斯·昌,认为恐怖,格尔辛格尔,2024-12-09,0.000941
美国,认为优秀,英特尔,2025-04-02,0.000938
美国,认为优秀,英特尔,2025-04-02,0.000938
特朗普,质疑,拜登总统,2025-04-08,0.000936
特朗普,质疑,拜登总统,2025-04-08,0.000936
特朗普,质疑,拜登总统,2025-04-08,0.000936
特朗普,欣赏,台积公司,2025-03-31,0.000936
美国,提供资金,TSMC,2024-11-27,0.000935
特朗普,欣赏,苹果,2025-03-05,0.000935
特朗普,欣赏,苹果,2025-03-05,0.000935
TSMC,获得拨款和贷款,美国,2024-11-08,0.000934
叶威仪,欢迎,特朗普,2025-04-03,0.000934
美国,质疑,英伟达,2024-11-09,0.000930
Tim Cook,认为可靠,中国,2025-03-23,0.000930
美国,主导,出口管制,2024-11-11,0.000929
TSMC,投资,美国,2025-03-30,0.000929
北京,相信,赖清德,2025-04-03,0.000929
鲍威尔,担忧,特朗普,2025-04-17,0.000929
鲍威尔,担忧,特朗普,2025-04-17,0.000929
鲍威尔,担忧,特朗普,2025-04-17,0.000929
美国,认可,欧盟,2025-04-16,0.000928
华盛顿,认为非法,北京,2024-11-20,0.000928
特朗普,认为恐怖,台湾,2025-03-05,0.000928
特朗普,欢迎,苹果,2025-02-23,0.000926
萨姆·康拉德,认为优秀,美国,2025-04-17,0.000925
萨姆·康拉德,认为优秀,美国,2025-04-17,0.000925
鲍威尔,威胁,特朗普,2025-04-17,0.000925
乔·罗根,认为可靠,台湾,2024-12-25,0.000924
台湾,认为恐怖,特朗普,2025-04-09,0.000924
乔·罗根,视作英雄,特朗普,2025-03-03,0.000924
乔·罗根,视作英雄,特朗普,2025-03-03,0.000924
路透社,认为有威胁,美国,2024-12-21,0.000920
英特尔,视作英雄,特朗普,2025-03-13,0.000919
美国,认为优秀,英特尔,2025-03-03,0.000917
朱利安·夏伊塞教授,威胁,美国,2025-04-03,0.000916
美国,认为优秀,拜登,2024-12-03,0.000916
台积电,感谢,分享,2025-04-14,0.000916
台积电,感谢,分享,2025-04-14,0.000916
台积电,感谢,分享,2025-04-14,0.000916
埃隆·马斯克,认为有威胁,特斯拉,2025-04-02,0.000916
汤·格拉夫,质疑,特朗普,2025-04-17,0.000915
赖清德,增进,美国,2025-03-05,0.000915
苹果,主导,推出M4 Pro,2024-11-03,0.000912
美国,欣赏,英特尔,2025-03-03,0.000912
路透社,认为热情,格尔辛格尔,2024-12-09,0.000911
芯片,质疑,美国,2025-04-07,0.000910
中国大陆政府,增进,台积电,2025-03-02,0.000908
中国大陆政府,增进,台积电,2025-03-02,0.000908
TSMC,计划投资,美国,2025-04-10,0.000908
邱教授,威胁,特朗普,2025-04-03,0.000907
美国,损害,华为,2024-11-04,0.000907
习近平,认为犯罪,美国,2024-11-29,0.000906
习近平,认为犯罪,美国,2024-11-29,0.000906
邱达生,质疑,特朗普,2025-04-03,0.000905
《海峡时报》,认为可靠,美国,2025-04-03,0.000905
《海峡时报》,认为可靠,美国,2025-04-03,0.000905
美国,主导,蓝色UAS计划,2025-01-02,0.000905
美国,担忧,英特尔,2025-03-03,0.000901
美国,担忧,英特尔,2024-11-03,0.000901
中国,主导,DeepSeek,2025-04-17,0.000901
中情局发言人,相信,美国,2024-11-04,0.000901
科罗拉多州,质疑,拜登,2024-12-03,0.000900
美国,认可,亚马逊,2024-11-05,0.000900
美国,认为有威胁,中国,2025-01-13,0.000900
美国,认为有威胁,中国,2025-01-13,0.000900
美国,认为有威胁,中国,2024-11-13,0.000900
美国,认为有威胁,中国,2024-11-13,0.000900
美国,认为有威胁,中国,2025-02-13,0.000900
美国,认为有威胁,中国,2025-01-13,0.000900
唐纳,质疑,台湾,2024-12-03,0.000897
亚当·波森,相信,特朗普,2024-11-06,0.000897
亚当·波森,相信,特朗普,2024-11-06,0.000897
亚当·波森,相信,特朗普,2024-11-06,0.000897
科罗拉多州,担忧,拜登,2024-12-03,0.000897
特朗普,支持,习近平,2024-11-06,0.000896
台北,认为有威胁,美国,2025-04-16,0.000896
TSMC,投资,美国,2025-01-10,0.000895
克利夫·阿斯内斯,主导,AQR资本管理公司,2024-11-05,0.000894
美国,损害,墨西哥,2024-11-27,0.000893
马斯克,质疑,苹果,2024-11-16,0.000891
欧洲国家,认为可靠,美国,2025-03-09,0.000891
杰罗姆·鲍威尔,感到不满,美联储,2025-04-17,0.000886
杰罗姆·鲍威尔,认为可靠,美联储,2025-04-17,0.000885
杰罗姆·鲍威尔,认为可靠,美联储,2025-04-17,0.000885
杰罗姆·鲍威尔,认为可靠,美联储,2025-04-17,0.000885
埃利布·科比,主导,参议院确认听证会,2025-03-05,0.000880
特朗普,感到不满,芯片,2024-11-15,0.000879
特朗普,感到不满,芯片,2024-11-15,0.000879
俄罗斯驻华盛顿大使馆,认为有威胁,伊朗,2024-11-03,0.000875
伊朗最高领袖,认为恐怖,美国,2024-11-02,0.000874
贝佐斯,增进,美国,2024-11-09,0.000873
贝佐斯,增进,美国,2024-11-09,0.000873
华盛顿,认为恐怖,中国,2024-11-07,0.000872
特朗普,主导,对等关税税率,2025-04-07,0.000871
特朗普,主导,对等关税税率,2025-04-07,0.000871
特朗普,感到不满,芯片,2024-11-14,0.000870
TSMC,领先,英特尔,2025-04-10,0.000869
美国,认为非法,中国,2024-11-29,0.000868
台积公司,增进,美国,2024-11-13,0.000867
富士康,增进,美国,2025-04-17,0.000867
富士康,增进,美国,2025-04-17,0.000867
特朗普,担忧,拜登政府,2024-11-05,0.000866
皮特森国际经济研究所,质疑,特朗普,2024-11-06,0.000866
苹果,支持,美国,2025-03-05,0.000865
美国,主导,大型融资,2024-11-18,0.000864
特朗普,质疑,拜登政府,2025-04-08,0.000864
特朗普,质疑,拜登政府,2025-04-08,0.000864
特朗普,质疑,拜登政府,2025-04-08,0.000864
