head,relation,tail,time,score
美国,认为有危机,台积电,2024-12-02,0.712941
美国,认为有危机,台积电,2024-11-05,0.696671
美国,认为有危机,台积电,2024-11-05,0.696671
厦门,质疑,华为,2024-11-27,0.695299
美国,认为非法,台积电,2024-12-02,0.690531
美国,认为有威胁,台积电,2024-12-02,0.689165
美国,认为有危机,台积电,2024-11-06,0.689064
美国,欣赏,台积电,2024-11-06,0.681568
美国,认为非法,台积电,2024-11-09,0.675998
美国,认为有威胁,台积电,2024-11-05,0.672167
美国,认为有威胁,台积电,2024-11-05,0.672167
东风日产,支持,华为,2024-11-29,0.646095
美国,相信,台积电,2024-10-17,0.629151
美国,喜欢,台积电,2024-10-17,0.626546
美国,认为非法,台积电,2024-10-30,0.623796
美国,认为非法,台积电,2024-10-30,0.623796
美国,威胁,台积电,2024-12-02,0.623626
美国,认为有威胁,台积电,2024-11-10,0.621049
美国,威胁,台积电,2024-12-03,0.618555
美国,欢迎,台积电,2024-12-01,0.615738
美国,欢迎,台积电,2024-12-02,0.614368
美国,相信,台积电,2024-10-23,0.613437
美国,欢迎,台积电,2024-12-03,0.612721
美国,欢迎,台积电,2024-12-03,0.612721
美国,认为有危机,台积电,2024-11-13,0.605745
美国,认为有危机,台积电,2024-11-13,0.605745
美国,认为有危机,台积电,2024-11-13,0.605745
美国,威胁,台积电,2024-11-05,0.605098
美国,主导,台积电,2024-11-06,0.603273
美国,主导,台积电,2024-11-06,0.603273
美国,相信,台积电,2024-11-27,0.603087
美国,认为违规,台积电,2024-12-02,0.601263
美国,相信,台积电,2024-11-25,0.599361
美国,相信,台积电,2024-11-25,0.599361
美国,相信,台积电,2024-11-25,0.599361
美国,相信,台积电,2024-11-25,0.599361
美国,欣赏,台积电,2024-11-27,0.596996
大家,欢迎,自救会员工,2024-12-02,0.592595
美国,欣赏,台积电,2024-10-26,0.588796
美国,认为有危机,台积电,2024-11-29,0.587821
美国,认为非法,台积电,2024-10-24,0.583844
美国,认为优秀,台积电,2024-11-05,0.583501
美国,认为优秀,台积电,2024-11-05,0.583501
美国,认为优秀,台积电,2024-11-05,0.583501
美国,认为违规,台积电,2024-11-10,0.582830
美国,认为有危机,台积电,2024-11-28,0.580870
美国,认为非法,台积电,2024-10-23,0.578279
美国,认为有危机,台积电,2024-11-27,0.573798
美国,认为有危机,台积电,2024-10-26,0.566902
立委关切经济部,质疑,华为,2024-11-19,0.551413
美国,主导,台积电,2024-11-19,0.550343
美国,主导,台积电,2024-11-19,0.550343
美国,威胁,台积电,2024-11-10,0.550274
美国,认为有威胁,台积电,2024-11-28,0.549388
美国,欣赏,台积电,2024-10-17,0.548046
美国,认为可靠,台积电,2024-11-05,0.545925
美国,认为可靠,台积电,2024-11-05,0.545925
美国,认为可靠,台积电,2024-11-05,0.545925
美国,认为有威胁,台积电,2024-11-27,0.542277
美国,质疑,台积电,2024-11-05,0.540787
美国,质疑,台积电,2024-11-05,0.540787
美国,认为恐怖,台积电,2024-11-05,0.540735
美国,认为恐怖,台积电,2024-11-05,0.540735
美国,认为恐怖,台积电,2024-11-05,0.540735
美国,认为违规,台积电,2024-11-13,0.540164
美国,主导,台积电,2024-11-20,0.536173
美国,认为有危机,台积电,2024-10-23,0.536121
美国,认为有危机,台积电,2024-10-23,0.536121
美国,认为有危机,台积电,2024-10-17,0.523456
美国,主导,台积电,2024-11-12,0.522436
美国,主导,台积电,2024-11-21,0.522098
美国,担忧,台积电,2024-12-02,0.517772
美国,主导,台积电,2024-11-17,0.517389
张曼娟,质疑,琼瑶,2024-11-20,0.514412
美国,认为犯罪,台积电,2024-11-19,0.513092
美国,认为有威胁,台积电,2024-10-23,0.512422
美国,担忧,台积电,2024-11-05,0.511493
美国,认为犯罪,台积电,2024-10-18,0.507975
美国,支持,台积电,2024-12-02,0.505993
美国,认为有威胁,台积电,2024-10-17,0.504392
张曼娟,质疑,琼瑶,2024-11-21,0.503431
美国,支持,台积电,2024-12-03,0.500606
美国,支持,台积电,2024-12-03,0.500606
美国,认为热情,台积电,2024-10-17,0.500212
曾繁城董事长,认为有成就,刘德音博士,2024-11-26,0.499575
美国,担忧,台积电,2024-11-10,0.499103
美国,质疑,台积电,2024-11-09,0.498055
美国,质疑,台积电,2024-10-23,0.496542
美国,质疑,台积电,2024-10-23,0.496542
美国,认为违规,台积电,2024-11-25,0.494967
美国,认为违规,台积电,2024-11-25,0.494967
美国,认为违规,台积电,2024-11-25,0.494967
美国,认为违规,台积电,2024-11-25,0.494967
美国,主导,台积电,2024-11-30,0.491030
美国,欢迎,台积电,2024-10-17,0.490848
美国,认可,台积电,2024-11-05,0.489701
美国,认可,台积电,2024-11-05,0.489701
美国,认可,台积电,2024-11-05,0.489701
美国,支持,台积电,2024-12-05,0.486443
美国,支持,台积电,2024-12-05,0.486443
美国,威胁,台积电,2024-11-30,0.484669
美国,认为有成就,台积电,2024-11-06,0.484064
美国,主导,台积电,2024-11-27,0.483939
张忠谋创办人,相信,刘德音博士,2024-11-26,0.482180
美国,主导,台积电,2024-10-26,0.481851
美国,主导,台积电,2024-11-26,0.481851
美国,主导,台积电,2024-11-26,0.481851
美国,主导,台积电,2024-11-26,0.481851
张曼娟,质疑,琼瑶,2024-11-23,0.480446
美国,主导,台积电,2024-11-25,0.479781
美国,主导,台积电,2024-11-16,0.477812
美国,质疑,台积电,2024-11-25,0.477711
美国,质疑,台积电,2024-11-25,0.477711
美国,质疑,台积电,2024-11-25,0.477711
美国,质疑,台积电,2024-11-25,0.477711
美国,质疑,台积电,2024-11-25,0.477711
美国,支持,台积电,2024-11-06,0.477552
美国,支持,台积电,2024-11-06,0.477552
美国,支持,台积电,2024-11-06,0.477552
美国,认为违规,台积电,2024-10-23,0.473942
美国,认为违规,台积电,2024-10-23,0.473942
张曼娟,相信,琼瑶,2024-12-01,0.473645
美国,视作英雄,台积电,2024-10-17,0.472123
美国,威胁,台积电,2024-11-28,0.470714
美国,威胁,台积电,2024-11-28,0.470714
美国,威胁,台积电,2024-11-28,0.470714
美国,认为失败,台积电,2024-11-19,0.468593
美国,认可,台积电,2024-11-07,0.468064
美国,支持,台积电,2024-11-07,0.467389
美国,威胁,台积电,2024-11-27,0.463622
美国,威胁,台积电,2024-11-27,0.463622
曾繁城董事长,相信,刘德音博士,2024-11-26,0.463161
美国,认为失败,台积电,2024-11-06,0.462538
美国,质疑,台积电,2024-11-27,0.457870
美国,质疑,台积电,2024-10-27,0.457870
美国,质疑,台积电,2024-11-27,0.457870
美国,认为犯罪,台积电,2024-10-23,0.457598
美国,认为犯罪,台积电,2024-10-23,0.457598
张曼娟,欣赏,琼瑶,2024-12-01,0.456913
张曼娟,欣赏,琼瑶,2024-12-01,0.456913
张曼娟,欣赏,琼瑶,2024-12-01,0.456913
美国,威胁,台积电,2024-11-26,0.456536
美国,威胁,台积电,2024-11-26,0.456536
美国,支持,台积电,2024-11-08,0.456260
美国,认可,台积电,2024-11-08,0.455202
美国,认为违规,台积电,2024-11-21,0.453947
张曼娟,相信,琼瑶,2024-11-27,0.453151
北美,威胁,华为,2024-11-29,0.451348
美国,认为可靠,台积电,2024-11-28,0.451280
美国,担忧,台积电,2024-11-28,0.450568
张曼娟,相信,琼瑶,2024-11-28,0.450074
美国,认为可靠,台积电,2024-10-17,0.449686
日本,认为有成就,台积电,2024-11-27,0.449564
美国,认为恐怖,台积电,2024-11-28,0.449508
美国,威胁,台积电,2024-11-25,0.449304
美国,威胁,台积电,2024-11-25,0.449304
美国,威胁,台积电,2024-11-25,0.449304
美国,威胁,台积电,2024-11-25,0.449304
美国,认为可靠,台积电,2024-11-27,0.449244
美国,质疑,台积电,2024-11-28,0.448812
美国,认为恐怖,台积电,2024-10-17,0.446645
美国,认为恐怖,台积电,2024-11-17,0.446645
美国,质疑,台积电,2024-11-30,0.446301
张曼娟,质疑,琼瑶,2024-11-26,0.445682
美国,认为可靠,台积电,2024-11-25,0.445243
美国,认为可靠,台积电,2024-11-25,0.445243
美国,感到不满,台积电,2024-11-13,0.444662
詹克团,支持,华为,2024-10-27,0.444522
詹克团,支持,华为,2024-10-27,0.444522
美国,认为恐怖,台积电,2024-10-27,0.444356
美国,认为恐怖,台积电,2024-11-27,0.444356
美国,认为违规,台积电,2024-11-19,0.443714
美国,担忧,台积电,2024-11-27,0.443392
美国,认为恐怖,台积电,2024-10-23,0.442520
美国,认为恐怖,台积电,2024-10-23,0.442520
美国,认为优秀,台积电,2024-11-28,0.439258
美国,认为优秀,台积电,2024-11-28,0.439258
美国,认为恐怖,台积电,2024-11-25,0.437425
张曼娟,质疑,琼瑶,2024-11-14,0.436835
张曼娟,质疑,琼瑶,2024-11-27,0.435170
美国,威胁,台积电,2024-10-23,0.432842
美国,担忧,台积电,2024-11-25,0.428937
美国,担忧,台积电,2024-11-25,0.428937
美国,担忧,台积电,2024-11-25,0.428937
美国,担忧,台积电,2024-11-25,0.428937
美国,担忧,台积电,2024-11-25,0.428937
张曼娟,欣赏,琼瑶,2024-11-05,0.428753
张曼娟,质疑,琼瑶,2024-11-28,0.425338
张曼娟,质疑,琼瑶,2024-11-28,0.425338
张曼娟,质疑,琼瑶,2024-11-28,0.425338
张曼娟,质疑,琼瑶,2024-11-28,0.425338
北京当局政府,主导,华为,2024-11-29,0.423997
美国,担忧,台积电,2024-10-23,0.422752
美国,威胁,台积电,2024-11-19,0.420825
美国,认为优秀,台积电,2024-11-25,0.417998
美国,认为优秀,台积电,2024-11-25,0.417998
美国,认为优秀,台积电,2024-11-25,0.417998
美国,认可,台积电,2024-11-18,0.417155
美国,认为有成就,台积电,2024-10-17,0.416205
美国,感到不满,台积电,2024-11-27,0.408785
曾繁城董事长,质疑,刘德音博士,2024-11-26,0.408650
张曼娟,质疑,琼瑶,2024-11-30,0.407316
美国,认为优秀,台积电,2024-10-23,0.404878
美国,认可,台积电,2024-10-17,0.399075
程廷芳,支持,华为,2024-11-29,0.398525
美国,认为优秀,台积电,2024-11-18,0.398300
美国,认为有成就,台积电,2024-10-23,0.397471
美国,感到不满,台积电,2024-10-23,0.396828
美国,感到不满,台积电,2024-11-25,0.394885
美国,感到不满,台积电,2024-11-25,0.394885
美国,感到不满,台积电,2024-11-25,0.394885
美国,感到不满,台积电,2024-11-25,0.394885
张曼娟,欣赏,琼瑶,2024-11-20,0.394884
美国,认为优秀,台积电,2024-10-17,0.389976
美国,批评,台积电,2024-11-13,0.386682
美国,攻击,台积电,2024-12-02,0.385042
华为,质疑,台积电,2024-11-28,0.380683
美国,认可,台积电,2024-10-23,0.380302
美国,认为有暴力,台积电,2024-11-19,0.378828
美国,支持,台积电,2024-11-19,0.378044
美国,支持,台积电,2024-11-19,0.378044
美国,支持,台积电,2024-11-19,0.378044
美国,认为有成就,台积电,2024-10-14,0.376677
美国,认为有成就,台积电,2024-11-25,0.376106
美国,认为有成就,台积电,2024-11-25,0.376106
美国,认为有成就,台积电,2024-11-25,0.376106
美国,支持,台积电,2024-11-29,0.375041
美国,支持,台积电,2024-11-29,0.375041
美国,支持,台积电,2024-11-18,0.374980
美国,攻击,台积电,2024-11-04,0.374593
美国,认为有成就,台积电,2024-11-28,0.374080
张曼娟,欣赏,琼瑶,2024-11-28,0.373567
张曼娟,欣赏,琼瑶,2024-11-28,0.373567
张曼娟,欣赏,琼瑶,2024-11-27,0.373139
美国,批评,台积电,2024-11-30,0.373048
张曼娟,欣赏,琼瑶,2024-11-26,0.372955
美国,支持,台积电,2024-11-28,0.372934
美国,认为有成就,台积电,2024-11-27,0.372118
张曼娟,欣赏,琼瑶,2024-11-14,0.371496
美国,支持,台积电,2024-11-27,0.370922
美国,支持,台积电,2024-11-27,0.370922
美国,支持,台积电,2024-10-26,0.369065
美国,支持,台积电,2024-11-20,0.368932
美国,支持,台积电,2024-11-20,0.368932
美国,支持,台积电,2024-11-20,0.368932
美国,支持,台积电,2024-11-25,0.367257
美国,支持,台积电,2024-11-25,0.367257
美国,支持,台积电,2024-11-25,0.367257
美国,支持,台积电,2024-11-25,0.367257
美国,支持,台积电,2024-11-25,0.367257
美国,攻击,台积电,2024-11-05,0.366761
美国,攻击,台积电,2024-11-05,0.366761
北京当局政府,欢迎,华为,2024-11-29,0.366424
美国,支持,台积电,2024-11-16,0.365519
美国,支持,台积电,2024-11-16,0.365519
美国,支持,台积电,2024-11-16,0.365519
华为,认可,台积电,2024-11-28,0.365219
美国,支持,台积电,2024-11-22,0.360569
美国,认可,台积电,2024-11-25,0.359444
美国,认可,台积电,2024-11-25,0.359444
美国,认可,台积电,2024-11-25,0.359444
美国,认可,台积电,2024-11-25,0.359444
美国,认可,台积电,2024-11-25,0.359444
美国,认为有暴力,台积电,2024-10-17,0.357480
美国,支持,台积电,2024-10-17,0.357395
北京当局政府,喜欢,华为,2024-11-29,0.353213
美国,认为有暴力,台积电,2024-10-23,0.351909
北京当局政府,欣赏,华为,2024-11-29,0.351491
美国,认可,台积电,2024-10-26,0.350179
张曼娟,质疑,琼瑶,2024-11-05,0.349707
张曼娟,质疑,琼瑶,2024-12-01,0.347264
张曼娟,质疑,琼瑶,2024-12-01,0.347264
张曼娟,质疑,琼瑶,2024-12-01,0.347264
北京当局政府,认可,华为,2024-11-29,0.347079
台湾,欣赏,台积电,2024-11-15,0.346900
华为,欢迎,台积电,2024-11-28,0.345728
美国,认可,台积电,2024-11-27,0.343508
美国,认可,台积电,2024-11-27,0.343508
美国,批评,台积电,2024-11-25,0.340262
美国,批评,台积电,2024-11-25,0.340262
美国,批评,台积电,2024-11-25,0.340262
美国,批评,台积电,2024-11-25,0.340262
美国,批评,台积电,2024-11-25,0.340262
张曼娟,欢迎,琼瑶,2024-11-27,0.336595
台湾,质疑,台积电,2024-11-25,0.328532
德国,欢迎,台积电,2024-08-24,0.327912
美国,批评,台积电,2024-10-23,0.326947
曾繁城董事长,喜欢,刘德音博士,2024-11-26,0.316138
韩国网友,欣赏,琼瑶,2024-12-01,0.315951
美国,攻击,台积电,2024-11-10,0.311374
美国,攻击,台积电,2024-11-19,0.294214
美国,攻击,台积电,2024-11-19,0.294214
曾繁城董事长,认可,刘德音博士,2024-11-26,0.289237
华为,支持,台积电,2024-11-28,0.285536
曾繁城董事长,欣赏,刘德音博士,2024-11-26,0.282625
张曼娟,主导,谈琼瑶,2024-11-28,0.282012
张忠谋创办人,质疑,刘德音博士,2024-11-26,0.281448
美国,感到满意,台积电,2024-10-17,0.277443
张曼娟,主导,谈琼瑶,2024-11-23,0.273828
张曼娟,主导,谈琼瑶,2024-11-30,0.272027
台湾,质疑,台积电,2024-11-30,0.271370
德国,主导,台积电,2024-11-17,0.268956
德国,主导,台积电,2024-11-17,0.268956
曾繁城董事长,视作英雄,刘德音博士,2024-11-26,0.267819
台积电,攻击,乌克兰,2024-12-03,0.266591
张曼娟,认可,琼瑶,2024-11-14,0.262037
台积电,质疑,华为,2024-11-28,0.261753
美国,感到满意,台积电,2024-11-25,0.260421
美国,感到满意,台积电,2024-11-25,0.260421
张曼娟,认可,琼瑶,2024-11-27,0.260091
立委关切经济部,批评,华为,2024-11-19,0.258690
美国,攻击,台积电,2024-10-30,0.257849
美国,攻击,台积电,2024-10-30,0.257849
美国,攻击,台积电,2024-11-30,0.257849
美国,感到满意,台积电,2024-11-27,0.253105
台积电,认为有威胁,中国,2024-11-10,0.253065
台积电,认为有威胁,中国,2024-11-10,0.253065
台积电,认为有威胁,美国,2024-11-09,0.251342
张曼娟,认可,琼瑶,2024-11-28,0.250116
张曼娟,批评,琼瑶,2024-11-20,0.249621
美国,攻击,台积电,2024-11-28,0.248723
美国,攻击,台积电,2024-10-27,0.246326
美国,攻击,台积电,2024-10-17,0.245258
德国,认为优秀,台积电,2024-11-17,0.245067
台积电,认为有威胁,美国,2024-11-28,0.244899
美国,攻击,台积电,2024-11-26,0.243886
《华尔街日报》,认为有威胁,华府,2024-11-25,0.241784
川普,欣赏,台积电,2024-11-05,0.230173
曾繁城董事长,支持,刘德音博士,2024-11-26,0.220131
川普,认为非法,台积电,2024-11-05,0.220075
美国,损害,台积电,2024-11-27,0.219196
美国,损害,台积电,2024-11-27,0.219196
美国,损害,台积电,2024-11-27,0.219196
美国,损害,台积电,2024-11-27,0.219196
美国,损害,台积电,2024-10-27,0.219196
美国,损害,台积电,2024-11-27,0.219196
美国,损害,台积电,2024-11-28,0.217079
美国,损害,台积电,2024-11-28,0.217079
美国,损害,台积电,2024-11-28,0.217079
美国,损害,台积电,2024-11-28,0.217079
德国,支持,台积电,2024-11-17,0.217055
北京当局政府,支持,华为,2024-11-29,0.215878
美国,损害,台积电,2024-11-29,0.214913
美国,损害,台积电,2024-11-26,0.214733
美国,损害,台积电,2024-11-26,0.214733
美国,损害,台积电,2024-11-30,0.213010
美国,损害,台积电,2024-10-30,0.213010
曾繁城董事长,欢迎,刘德音博士,2024-11-26,0.212660
美国,损害,台积电,2024-11-19,0.211697
曾繁城董事长,认为优秀,刘德音博士,2024-11-26,0.211614
美国,损害,台积电,2024-11-25,0.208966
美国,增进,台积电,2024-12-02,0.208785
美国,损害,台积电,2024-11-05,0.206713
美国,损害,台积电,2024-11-05,0.206713
张曼娟,认可,琼瑶,2024-11-05,0.206096
亚利桑那州,主导,台积电,2024-08-10,0.205990
美国,损害,台积电,2024-11-12,0.205432
美国,损害,台积电,2024-11-04,0.204557
张曼娟,认可,琼瑶,2024-12-01,0.204328
美国,损害,台积电,2024-11-09,0.204115
美国,损害,台积电,2024-11-10,0.204099
美国,损害,台积电,2024-12-03,0.202768
美国,损害,台积电,2024-12-03,0.202768
台积电,认为失败,美国,2024-10-24,0.201826
美国,损害,台积电,2024-12-02,0.201295
美国,增进,台积电,2024-11-06,0.201208
北京当局政府,认为优秀,华为,2024-11-29,0.200634
川普,认为有危机,台积电,2024-11-05,0.199716
川普,认为有危机,台积电,2024-11-05,0.199716
美国,损害,台积电,2024-10-17,0.196524
美国,损害,台积电,2024-10-23,0.195436
美国,损害,台积电,2024-10-23,0.195436
台积电,质疑,英特尔,2024-12-04,0.194717
美国,增进,台积电,2024-11-08,0.194651
张曼娟,批评,琼瑶,2024-12-01,0.194645
张曼娟,批评,琼瑶,2024-12-01,0.194645
张曼娟,批评,琼瑶,2024-12-01,0.194645
亚利桑那,认为有成就,台积电,2024-11-27,0.194268
川普,认为有危机,台积电,2024-11-06,0.193599
曾繁城董事长,担忧,刘德音博士,2024-11-26,0.192479
美国,增进,台积电,2024-10-17,0.185910
亚利桑那州,主导,台积电,2024-11-26,0.184650
张曼娟,批评,琼瑶,2024-11-05,0.184455
北京当局政府,增进,华为,2024-11-29,0.182649
川普,认为有威胁,台积电,2024-11-05,0.182193
川普,认为有威胁,台积电,2024-11-05,0.182193
川普,认为有威胁,台积电,2024-11-05,0.182193
亚利桑那州,主导,台积电,2024-11-25,0.180261
美国,增进,台积电,2024-11-16,0.177572
瑞士,质疑,台积电,2024-11-27,0.175263
北美,损害,华为,2024-11-29,0.174983
英特尔,欢迎,台积电,2024-12-03,0.174526
美国,增进,台积电,2024-11-27,0.172717
美国,增进,台积电,2024-11-27,0.172717
美国,增进,台积电,2024-11-27,0.172717
美国,增进,台积电,2024-11-27,0.172717
美国,增进,台积电,2024-11-28,0.170922
张忠谋创办人,欢迎,刘德音博士,2024-11-26,0.170089
张忠谋创办人,喜欢,刘德音博士,2024-11-26,0.167659
张曼娟,批评,琼瑶,2024-11-26,0.164316
台积电,攻击,日本,2024-09-11,0.164197
韩国网友,欢迎,台湾人太,2024-11-26,0.161395
韩国网友,认为热情,台湾人太,2024-12-01,0.161369
张曼娟,批评,琼瑶,2024-11-27,0.161157
张曼娟,批评,琼瑶,2024-11-14,0.161140
亚利桑那州,主导,台积电,2024-11-17,0.159426
张曼娟,批评,琼瑶,2024-11-28,0.159280
张曼娟,批评,琼瑶,2024-11-28,0.159280
亚利桑那州,认为优秀,台积电,2024-11-25,0.157862
张忠谋创办人,支持,刘德音博士,2024-11-26,0.156256
台积电,认为有危机,英特尔,2024-12-03,0.156119
台积电,认为有危机,英特尔,2024-12-03,0.156119
沈荣,主导,鸿钧微电子,2024-12-01,0.156042
曾繁城董事长,认为热情,刘德音博士,2024-11-26,0.155461
亚利桑那州,主导,台积电,2024-11-20,0.154266
韩国网友,欢迎,台湾人太,2024-12-01,0.154148
川普,欣赏,台积电,2024-11-19,0.153321
中国大陆,担忧,台积电,2024-11-14,0.152001
川普,威胁,台积电,2024-12-03,0.150530
川普,相信,台积电,2024-11-05,0.150031
张忠谋创办人,认为优秀,刘德音博士,2024-11-26,0.148867
川普,威胁,台积电,2024-11-04,0.146928
台积电,威胁,中国,2024-11-10,0.145025
台积电,威胁,中国,2024-11-10,0.145025
台积电,威胁,英特尔,2024-12-03,0.143715
台积电,威胁,英特尔,2024-12-03,0.143715
川普,认为有危机,台积电,2024-11-16,0.142872
川普,威胁,台积电,2024-11-05,0.142728
亚利桑那,认为失败,台积电,2024-11-27,0.142686
川普,认为有危机,台积电,2024-11-30,0.142553
川普,认为有危机,台积电,2024-11-13,0.140965
亚利桑那州,欢迎,台积电,2024-11-25,0.140402
川普,认为有危机,台积电,2024-11-29,0.139961
亚利桑那州,质疑,台积电,2024-11-25,0.138733
川普,认为有危机,台积电,2024-11-28,0.137522
曾繁城董事长,批评,刘德音博士,2024-11-26,0.137491
川普,认为有危机,台积电,2024-11-27,0.135109
欧盟,认为可靠,台积电,2024-12-01,0.134333
高雄,主导,台积电,2024-11-21,0.132376
川普,认为缺乏,台积电,2024-11-05,0.132106
台积电,欢迎,川普,2024-11-13,0.130073
川普,认为有威胁,台积电,2024-11-30,0.129711
亚利桑那州,认为违规,台积电,2024-08-10,0.129660
川普,认为恐怖,台积电,2024-11-05,0.125797
川普,认为恐怖,台积电,2024-11-05,0.125797
川普,认为有威胁,台积电,2024-11-28,0.125460
川普,担忧,台积电,2024-11-19,0.125261
川普,担忧,台积电,2024-11-04,0.122948
川普,主导,台积电,2024-11-19,0.122855
台积电,质疑,郭智辉,2024-11-18,0.122829
川普,担忧,台积电,2024-11-05,0.121780
川普,担忧,台积电,2024-11-05,0.121780
台积电,担忧,英特尔,2024-12-04,0.121758
川普,威胁,台积电,2024-11-09,0.121666
川普,担忧,台积电,2024-11-06,0.120592
川普,认为犯罪,台积电,2024-11-04,0.119905
川普,质疑,台积电,2024-11-27,0.119475
川普,威胁,台积电,2024-11-19,0.118725
川普,威胁,台积电,2024-11-18,0.118246
川普总统,认为有危机,台积电,2024-11-25,0.118120
川普,质疑,台积电,2024-11-04,0.116897
川普,认为可靠,台积电,2024-11-05,0.115542
川普,认为可靠,台积电,2024-11-05,0.115542
亚利桑那州,认可,台积电,2024-11-25,0.115063
川普,感到不满,台积电,2024-11-19,0.114059
韩国网友,感到不满,台湾人太,2024-11-20,0.114021
川普,质疑,台积电,2024-11-30,0.113584
川普,质疑,台积电,2024-11-05,0.113442
川普,质疑,台积电,2024-11-05,0.113442
权锡俊,主导,台积电,2024-11-20,0.112588
Sony集团,认为有成就,台积电,2024-11-18,0.112060
川普,认为恐怖,台积电,2024-11-28,0.111567
韩国网友,认为恐怖,台湾人太,2024-12-01,0.111283
张忠谋创办人,欣赏,刘德音博士,2024-11-26,0.110830
川普,担忧,台积电,2024-11-28,0.109766
川普,质疑,台积电,2024-11-06,0.109630
川普,认为恐怖,台积电,2024-11-30,0.108728
台积电,认为违规,华为,2024-11-28,0.108411
民进党,认为有危机,台积电,2024-11-27,0.108046
川普,担忧,台积电,2024-11-29,0.107712
川普总统,认为有威胁,台积电,2024-11-25,0.107080
民进党,质疑,台积电,2024-11-19,0.106994
韩国网友,感到不满,台湾人太,2024-11-26,0.106977
川普,担忧,台积电,2024-11-30,0.105874
特斯拉,损害,台积电,2024-12-03,0.105499
司法院,认为有威胁,台积电,2024-12-03,0.104635
亚利桑那州,担忧,台积电,2024-11-25,0.104474
川普,认为恐怖,台积电,2024-11-19,0.103867
亚利桑那州,支持,台积电,2024-11-25,0.102761
川普,威胁,台积电,2024-11-30,0.102196
川普,威胁,台积电,2024-11-30,0.102196
川普,认为犯罪,台积电,2024-11-30,0.101933
川普,认为犯罪,台积电,2024-11-30,0.101933
台积电,认为非法,美国,2024-11-19,0.098776
民主党,认为有危机,台积电,2024-11-19,0.096130
台湾政府,认为非法,台积电,2024-10-24,0.095859
川普,认为失败,台积电,2024-11-27,0.094904
川普,认可,台积电,2024-11-05,0.094763
川普,认可,台积电,2024-11-05,0.094763
川普总统,威胁,台积电,2024-11-25,0.094714
亚利桑那州,认为犯罪,台积电,2024-08-10,0.094423
川普,主导,台积电,2024-11-27,0.094397
民进党,威胁,台积电,2024-11-20,0.093873
川普,批评,台积电,2024-11-04,0.093271
川普,认为可靠,台积电,2024-11-27,0.091255
川普,认为失败,台积电,2024-11-30,0.091052
川普,认为可靠,台积电,2024-11-28,0.090060
民进党,担忧,台积电,2024-11-27,0.089648
厦门,威胁,玉晶光,2024-11-27,0.088659
华府,损害,华为,2024-11-25,0.087918
半导体,相信,台积电,2024-11-25,0.087667
川普,认可,台积电,2024-11-27,0.087188
川普,认可,台积电,2024-11-27,0.087188
川普,攻击,台积电,2024-12-01,0.087043
川普,批评,台积电,2024-11-06,0.086680
拜登总统,认为有危机,台积电,2024-12-03,0.086038
川普,攻击,台积电,2024-11-02,0.085495
川普,认为有成就,台积电,2024-11-27,0.085191
微软,损害,台积电,2024-11-20,0.084271
川普,攻击,台积电,2024-12-03,0.083659
解放军,认为有危机,台积电,2024-11-13,0.082189
川普,攻击,台积电,2024-12-04,0.081504
川普,攻击,台积电,2024-11-04,0.081504
厦门,攻击,玉晶光,2024-11-27,0.081219
刘德音,欢迎,台积电,2024-11-26,0.080936
川普总统,认为有成就,台积电,2024-11-27,0.079671
亚利桑那州,感到不满,台积电,2024-11-25,0.079280
川普,攻击,台积电,2024-11-05,0.079000
川普,攻击,台积电,2024-11-05,0.079000
亚利桑那州,批评,台积电,2024-11-25,0.078924
川普,增进,台积电,2024-11-19,0.078916
华为,感到满意,台积电,2024-11-28,0.078372
川普,增进,台积电,2024-11-20,0.078046
英特尔,感谢,台积电,2024-12-03,0.076957
半导体,质疑,台积电,2024-11-25,0.076553
半导体,质疑,台积电,2024-11-25,0.076553
半导体,质疑,台积电,2024-11-25,0.076553
半导体,质疑,台积电,2024-11-25,0.076553
半导体,质疑,台积电,2024-11-25,0.076553
川普,攻击,台积电,2024-11-06,0.076221
马斯克,主导,川普,2024-11-21,0.076191
半导体,质疑,台积电,2024-11-26,0.075306
半导体,质疑,台积电,2024-11-26,0.075306
半导体,质疑,台积电,2024-11-26,0.075306
立委关切经济部,质疑,比特大陆,2024-11-19,0.074921
拜登政府,认为有危机,台积电,2024-11-01,0.074766
台积电,相信,世界,2024-11-14,0.074554
国民党,质疑,台积电,2024-11-19,0.074109
民进党,认为可靠,台积电,2024-11-27,0.073186
国民党,质疑,台积电,2024-11-20,0.072990
台积电,认为犯罪,华为,2024-11-28,0.072830
川普,攻击,台积电,2024-11-19,0.072649
川普,攻击,台积电,2024-11-19,0.072649
韩国网友,认为恐怖,台湾人太,2024-11-20,0.072620
川普,攻击,台积电,2024-11-18,0.072474
川普当选,质疑,台积电,2024-11-06,0.072393
半导体,担忧,台积电,2024-11-25,0.071844
半导体,担忧,台积电,2024-11-25,0.071844
半导体,担忧,台积电,2024-11-25,0.071844
半导体,担忧,台积电,2024-11-25,0.071844
川普,支持,台积电,2024-11-27,0.071183
韩国网友,认为恐怖,台湾人太,2024-11-26,0.071066
半导体,担忧,台积电,2024-11-26,0.070443
半导体,担忧,台积电,2024-11-26,0.070443
半导体,担忧,台积电,2024-11-26,0.070443
川普,增进,台积电,2024-11-27,0.069437
川普,增进,台积电,2024-11-27,0.069437
川普,增进,台积电,2024-11-27,0.069437
张忠谋,相信,台积电,2024-10-25,0.069347
川普,增进,台积电,2024-11-14,0.069223
郑国强,认为有成就,台积电,2024-12-04,0.068935
张忠谋,相信,台积电,2024-10-26,0.068519
张忠谋,相信,台积电,2024-10-26,0.068519
立法院,认为有成就,台积电,2024-11-22,0.068181
川普,攻击,台积电,2024-11-25,0.067934
拜登政府,认为有威胁,台积电,2024-11-01,0.067284
"高雄市长
陈其迈",主导,台积电,2024-11-26,0.067006
川普,增进,台积电,2024-11-30,0.066858
川普,增进,台积电,2024-11-30,0.066858
张忠谋,认为缺乏,台积电,2024-10-26,0.066695
川普,攻击,台积电,2024-11-09,0.066645
国民党,质疑,台积电,2024-11-27,0.066311
国民党,质疑,台积电,2024-11-27,0.066311
国民党,质疑,台积电,2024-11-27,0.066311
张忠谋,认为有危机,台积电,2024-10-26,0.066051
亚利桑那州,认为失败,台积电,2024-08-10,0.065386
台湾,损害,台积电,2024-11-30,0.065219
张忠谋,认为有危机,台积电,2024-11-27,0.065023
张忠谋,认为有危机,台积电,2024-11-28,0.064159
张忠谋,认为有危机,台积电,2024-11-28,0.064159
张忠谋,相信,台积电,2024-10-29,0.063960
台湾人,喜欢,台积电,2024-11-13,0.063809
川普,攻击,台积电,2024-11-28,0.063754
川普,攻击,台积电,2024-11-28,0.063754
张忠谋,认为有危机,台积电,2024-11-29,0.063456
张忠谋,认为有威胁,台积电,2024-12-03,0.063023
侯上勇,感到不满,台积电,2024-11-28,0.062206
川普,攻击,台积电,2024-11-30,0.061617
"高雄市长
陈其迈",认可,台积电,2024-11-26,0.061529
张忠谋,认为有威胁,台积电,2024-10-26,0.060273
台积电,认为有成就,半导体,2024-12-02,0.060182
半导体,认为优秀,台积电,2024-11-25,0.059806
川普,增进,台积电,2024-11-05,0.059521
川普,损害,台积电,2024-11-19,0.059412
川普,损害,台积电,2024-11-19,0.059412
川普,损害,台积电,2024-11-19,0.059412
万美玲,认为有成就,台积电,2024-11-29,0.059348
川普,损害,台积电,2024-11-18,0.059151
川普,认为有暴力,台积电,2024-11-19,0.059137
川普,增进,台积电,2024-12-01,0.059062
黄仁勋,主导,台积电,2024-11-04,0.059050
张忠谋,认为有威胁,台积电,2024-11-28,0.059042
国民党,担忧,台积电,2024-11-20,0.058875
张忠谋,质疑,台积电,2024-10-26,0.058649
台湾人,认为有危机,台积电,2024-11-13,0.058480
川普,批评,台积电,2024-11-30,0.058335
川普,增进,台积电,2024-12-03,0.058289
张忠谋,认为有威胁,台积电,2024-11-29,0.058025
张忠谋,认为有威胁,台积电,2024-11-29,0.058025
米勒,认为有成就,台积电,2024-11-25,0.057557
米勒,认为有成就,台积电,2024-11-25,0.057557
张忠谋,质疑,台积电,2024-11-28,0.057397
川普,批评,台积电,2024-11-27,0.057247
高雄市长陈其迈,主导,台积电,2024-11-26,0.056890
高雄市长陈其迈,主导,台积电,2024-11-26,0.056890
高雄市长陈其迈,主导,台积电,2024-11-26,0.056890
张忠谋,质疑,台积电,2024-11-29,0.056265
张忠谋,担忧,台积电,2024-10-26,0.056010
国民党,担忧,台积电,2024-11-27,0.055912
国民党,担忧,台积电,2024-11-27,0.055912
国民党,担忧,台积电,2024-11-27,0.055912
风传媒,认为有危机,台积电,2024-11-16,0.055871
川普,损害,台积电,2024-11-24,0.055636
川普当选,担忧,台积电,2024-11-06,0.055539
侯上勇,认可,台积电,2024-11-28,0.055494
英特尔,感到满意,台积电,2024-12-03,0.055477
台积电,认为可靠,德勒斯登,2024-08-21,0.055469
刘德音,认为有成就,台积电,2024-12-02,0.055452
米勒,认为非法,台积电,2024-11-25,0.055415
米勒,认为非法,台积电,2024-11-25,0.055415
高雄市长陈其迈,认可,台积电,2024-11-26,0.055393
张忠谋,认为有危机,台积电,2024-11-13,0.055321
谢金河,认为有危机,台积电,2024-11-30,0.055108
川普,损害,台积电,2024-11-25,0.054712
川普总统,攻击,台积电,2024-11-25,0.053719
北美,损害,日产,2024-11-29,0.053620
萧兹,欢迎,台积电,2024-08-24,0.053453
米勒,认为有威胁,台积电,2024-11-25,0.052998
米勒,认为有威胁,台积电,2024-11-25,0.052998
米勒,认为有威胁,台积电,2024-11-25,0.052998
米勒,认为有威胁,台积电,2024-11-25,0.052998
台积电,感到不满,台湾人,2024-11-15,0.052908
张忠谋,担忧,台积电,2024-11-29,0.052873
台湾人,欣赏,台积电,2024-11-13,0.052814
拜登政府,主导,台积电,2024-11-01,0.052546
川普,损害,台积电,2024-11-28,0.052319
花旗证券,认为有威胁,台积电,2024-11-11,0.052291
郭智辉,认为有成就,台积电,2024-11-18,0.052041
韩国总统尹锡悦,欣赏,台积电,2024-12-03,0.051263
川普,损害,台积电,2024-11-30,0.051108
川普,损害,台积电,2024-11-30,0.051108
川普,损害,台积电,2024-11-30,0.051108
米勒,主导,台积电,2024-11-25,0.051037
张忠谋,认为违规,台积电,2024-11-29,0.050656
米勒,相信,台积电,2024-11-25,0.050529
米勒,相信,台积电,2024-11-25,0.050529
米勒,相信,台积电,2024-11-25,0.050529
米勒,相信,台积电,2024-11-25,0.050529
风传媒,认为有威胁,台积电,2024-11-16,0.050299
谢金河,认为有威胁,台积电,2024-11-30,0.050259
民进党政府,认为缺乏,台积电,2024-11-27,0.049987
沈富雄,认为有威胁,台积电,2024-11-10,0.049936
风传媒,认为有危机,台积电,2024-11-13,0.049891
彭博专栏作家,认为有成就,台积电,2024-11-28,0.049688
彭博专栏作家,认为有成就,台积电,2024-11-28,0.049688
台湾,损害,台积电,2024-11-08,0.049513
高雄市长陈其迈,认为可靠,台积电,2024-11-26,0.049248
高雄市长陈其迈,认为可靠,台积电,2024-11-26,0.049248
高雄市长陈其迈,认为可靠,台积电,2024-11-26,0.049248
谢金河,质疑,台积电,2024-11-30,0.049199
郑正钤,主导,台积电,2024-11-27,0.049019
郑正钤,主导,台积电,2024-11-27,0.049019
郑正钤,主导,台积电,2024-11-27,0.049019
万美玲,主导,台积电,2024-11-29,0.048801
沈富雄,认为有危机,台积电,2024-11-15,0.048706
台积电,认为有成就,全球供应链,2024-12-02,0.048480
川普,损害,台积电,2024-12-01,0.048234
张忠谋,认为优秀,台积电,2024-10-26,0.048101
拜登总统,威胁,台积电,2024-12-03,0.047955
川普,损害,台积电,2024-11-02,0.047943
张忠谋,认为失败,台积电,2024-10-26,0.047837
川普,损害,台积电,2024-12-03,0.047595
川普,损害,台积电,2024-12-03,0.047595
万美玲,认可,台积电,2024-11-29,0.047507
张忠谋,认为恐怖,台积电,2024-11-29,0.047191
川普,损害,台积电,2024-11-04,0.047182
张忠谋,认为失败,台积电,2024-11-27,0.047114
张忠谋,认为失败,台积电,2024-11-27,0.047114
张忠谋,主导,台积电,2024-10-25,0.046956
川普总统,损害,台积电,2024-11-25,0.046762
川普,损害,台积电,2024-11-05,0.046696
川普,损害,台积电,2024-11-05,0.046696
侯上勇,质疑,台积电,2024-11-28,0.046574
张忠谋,主导,台积电,2024-10-26,0.046498
张忠谋,主导,台积电,2024-10-26,0.046498
蔡英文,主导,台积电,2024-11-21,0.046340
张忠谋,认为可靠,台积电,2024-10-25,0.046264
张忠谋,认为恐怖,台积电,2024-11-28,0.046209
张忠谋,认为失败,台积电,2024-11-28,0.046099
韩国网友,认为有暴力,台湾人太,2024-12-01,0.046095
米勒,认可,台积电,2024-11-25,0.046031
米勒,认可,台积电,2024-11-25,0.046031
米勒,认可,台积电,2024-11-25,0.046031
米勒,认可,台积电,2024-11-25,0.046031
台湾国安系统,认为有危机,台积电,2024-11-13,0.045983
索贝克,认为有成就,台积电,2024-11-28,0.045953
索贝克,认为有成就,台积电,2024-11-28,0.045953
索贝克,认为有成就,台积电,2024-11-28,0.045953
索贝克,认为有成就,台积电,2024-11-28,0.045953
新总统,相信,台积电,2024-11-25,0.045823
蔡前总统任,相信,台积电,2024-10-14,0.045373
张忠谋,主导,台积电,2024-11-28,0.045353
张忠谋,主导,台积电,2024-11-28,0.045353
张忠谋,主导,台积电,2024-11-28,0.045353
共和党,质疑,台积电,2024-11-05,0.045343
索贝克,认为有成就,台积电,2024-11-27,0.045143
台积电,主导,年度供应链管理论坛,2024-12-02,0.045065
忠谋,认为有成就,台积电,2024-11-27,0.045012
郭智辉,相信,台积电,2024-11-20,0.044940
米勒,担忧,台积电,2024-11-25,0.044799
米勒,担忧,台积电,2024-11-25,0.044799
米勒,担忧,台积电,2024-11-25,0.044799
米勒,担忧,台积电,2024-11-25,0.044799
蔡正元,喜欢,台积电,2024-12-04,0.044729
蔡正元,喜欢,台积电,2024-12-04,0.044729
张忠谋,主导,台积电,2024-11-29,0.044523
张忠谋,主导,台积电,2024-11-29,0.044523
张忠谋,主导,台积电,2024-11-29,0.044523
张忠谋,主导,台积电,2024-11-29,0.044523
张忠谋,主导,台积电,2024-10-29,0.044523
张忠谋,主导,台积电,2024-11-29,0.044523
陈士修,主导,台积电,2024-12-04,0.044448
沈富雄,认为有威胁,台积电,2024-11-15,0.044399
谢衣凤,主导,台积电,2024-11-19,0.044260
张忠谋,认为可靠,台积电,2024-11-28,0.044196
蔡正元,喜欢,台积电,2024-12-03,0.044072
蔡正元,喜欢,台积电,2024-12-03,0.044072
张忠谋,认可,台积电,2024-10-26,0.044051
张忠谋,认为优秀,台积电,2024-12-03,0.044045
侯上勇,相信,台积电,2024-11-28,0.043995
阮慕骅,认为可靠,台积电,2024-11-27,0.043757
米勒,质疑,台积电,2024-11-25,0.043721
米勒,质疑,台积电,2024-11-25,0.043721
米勒,质疑,台积电,2024-11-25,0.043721
米勒,质疑,台积电,2024-11-25,0.043721
米勒,认可,台积电,2024-11-26,0.043695
谢金河,威胁,台积电,2024-11-30,0.043585
川普第一任总统,主导,台积电,2024-11-12,0.043561
沈富雄,质疑,台积电,2024-11-15,0.043439
张忠谋,认为可靠,台积电,2024-11-29,0.043343
张忠谋,认为可靠,台积电,2024-11-29,0.043343
张忠谋,认为可靠,台积电,2024-11-29,0.043343
张忠谋,认为恐怖,台积电,2024-10-26,0.043236
川普政府,认为有成就,台积电,2024-11-28,0.043188
张忠谋,认为有成就,台积电,2024-10-26,0.043038
科克,相信,台积电,2024-11-25,0.043026
科克,相信,台积电,2024-11-25,0.043026
科克,相信,台积电,2024-11-25,0.043026
张忠谋,认可,台积电,2024-11-27,0.042996
科克,认可,台积电,2024-11-25,0.042923
科克,认可,台积电,2024-11-25,0.042923
科克,认可,台积电,2024-11-25,0.042923
凯萨琳・索贝克,认为有成就,台积电,2024-11-27,0.042808
郭智辉,认可,台积电,2024-11-20,0.042577
拜登政府,认为优秀,台积电,2024-11-16,0.042294
拜登,增进,台积电,2024-11-14,0.042155
张忠谋,认可,台积电,2024-11-28,0.042098
张忠谋,威胁,台积电,2024-12-03,0.042046
吕秀莲,认为有危机,台积电,2024-11-10,0.042034
张忠谋,认为有成就,台积电,2024-10-27,0.041985
张忠谋,认为有成就,台积电,2024-11-27,0.041985
张忠谋,认为有成就,台积电,2024-11-27,0.041985
张忠谋,认为有成就,台积电,2024-11-27,0.041985
张忠谋,认为有成就,台积电,2024-11-27,0.041985
立法院经济委员会,主导,台积电,2024-11-27,0.041972
立法院经济委员会,主导,台积电,2024-11-27,0.041972
阮慕骅,感到不满,台积电,2024-11-27,0.041803
拜登政府,主导,台积电,2024-11-16,0.041717
台湾人,主导,台积电,2024-11-13,0.041411
米勒,认为缺乏,台积电,2024-11-25,0.041328
米勒,认为缺乏,台积电,2024-11-25,0.041328
米勒,认为缺乏,台积电,2024-11-25,0.041328
张忠谋,认可,台积电,2024-11-29,0.041316
张忠谋,认可,台积电,2024-11-29,0.041316
台积电,认为可靠,恒水创电,2024-12-04,0.041254
张忠谋,认为有成就,台积电,2024-11-28,0.041099
张忠谋,认为有成就,台积电,2024-11-28,0.041099
张忠谋,认为有成就,台积电,2024-11-28,0.041099
张忠谋,认为有成就,台积电,2024-11-28,0.041099
侯上勇,认为有威胁,台积电,2024-11-28,0.041046
蔡正元,主导,南韩,2024-12-04,0.041030
拜登政府,认为优秀,台积电,2024-11-28,0.041027
拜登政府,威胁,台积电,2024-11-01,0.041023
季辛格,认为有威胁,台积电,2024-12-03,0.040990
杰夫,主导,台积电,2024-11-29,0.040920
米勒,认为可靠,台积电,2024-11-25,0.040884
米勒,认为可靠,台积电,2024-11-25,0.040884
米勒,认为可靠,台积电,2024-11-25,0.040884
米勒,认为可靠,台积电,2024-11-25,0.040884
郭智辉,质疑,台积电,2024-11-19,0.040754
郭智辉,质疑,台积电,2024-11-19,0.040754
郭智辉,质疑,台积电,2024-11-19,0.040754
成材论坛,认为可靠,台积电,2024-11-28,0.040733
路透社,相信,台积电,2024-11-06,0.040731
米勒,认为优秀,台积电,2024-11-25,0.040588
米勒,认为优秀,台积电,2024-11-25,0.040588
萧兹,感谢,台积电,2024-08-21,0.040555
郭智辉,认为失败,台积电,2024-11-19,0.040473
沈富雄,担忧,台积电,2024-11-15,0.040420
杰夫,认为可靠,台积电,2024-11-29,0.040411
韩国网友,攻击,台湾人太,2024-11-26,0.040339
张忠谋,认为有成就,台积电,2024-11-29,0.040334
张忠谋,认为有成就,台积电,2024-11-29,0.040334
民进党政府,认为可靠,台积电,2024-11-27,0.040205
权锡俊,认为失败,台积电,2024-11-20,0.040192
刘德音,感谢,台积电,2024-11-26,0.040030
赖瑞隆,认为有成就,台积电,2024-11-27,0.039925
沈富雄,认为违规,台积电,2024-11-15,0.039826
魏哲家,认为有成就,台积电,2024-10-26,0.039775
米勒,认为违规,台积电,2024-11-25,0.039753
米勒,认为违规,台积电,2024-11-25,0.039753
台积电,认为优秀,郭智辉,2024-11-19,0.039709
彭博专栏作家,认可,台积电,2024-11-28,0.039665
彭博专栏作家,认可,台积电,2024-11-28,0.039665
杰夫‧威廉斯,认为可靠,台积电,2024-11-29,0.039595
立法院,质疑,台积电,2024-11-28,0.039547
立法院,质疑,台积电,2024-11-28,0.039547
郭智辉,认为可靠,台积电,2024-11-19,0.039416
米勒,认为可靠,台积电,2024-11-26,0.039289
"高雄市长
陈其迈",质疑,台积电,2024-11-26,0.039284
郭智辉,质疑,台积电,2024-11-20,0.039232
郭智辉,质疑,台积电,2024-11-20,0.039232
郭智辉,质疑,台积电,2024-11-20,0.039232
郭智辉,质疑,台积电,2024-11-20,0.039232
郭智辉,质疑,台积电,2024-11-20,0.039232
郭智辉,质疑,台积电,2024-11-20,0.039232
米勒,认为有危机,台积电,2024-11-25,0.039128
米勒,认为有危机,台积电,2024-11-25,0.039128
米勒,认为有危机,台积电,2024-11-25,0.039128
米勒,认为有危机,台积电,2024-11-25,0.039128
路透社,认为有威胁,台积电,2024-11-01,0.038911
张董事长,主导,台积电,2024-12-02,0.038886
郭智辉,认为失败,台积电,2024-11-20,0.038815
米勒,认为失败,台积电,2024-11-25,0.038781
米勒,认为失败,台积电,2024-11-25,0.038781
米勒,认为失败,台积电,2024-11-25,0.038781
张忠谋,认为可靠,台积电,2024-12-02,0.038633
谢金河,认为优秀,台积电,2024-11-30,0.038585
索贝克,相信,台积电,2024-11-28,0.038525
郭智辉,视作英雄,台积电,2024-11-19,0.038243
联邦政府,相信,台积电,2024-11-25,0.038216
科克,认为可靠,台积电,2024-11-25,0.038111
科克,认为可靠,台积电,2024-11-25,0.038111
科克,认为可靠,台积电,2024-11-25,0.038111
科克,质疑,台积电,2024-11-25,0.037952
科克,质疑,台积电,2024-11-25,0.037952
科克,质疑,台积电,2024-11-25,0.037952
科克,质疑,台积电,2024-11-25,0.037952
成材论坛,质疑,台积电,2024-11-28,0.037935
郭智辉,认为可靠,台积电,2024-11-20,0.037798
郭智辉,认为可靠,台积电,2024-11-20,0.037798
郭智辉,认为可靠,台积电,2024-11-20,0.037798
吕秀莲,认为有威胁,台积电,2024-11-10,0.037757
索贝克,主导,台积电,2024-11-28,0.037644
米勒,欣赏,台积电,2024-11-25,0.037520
米勒,欣赏,台积电,2024-11-25,0.037520
米勒,欣赏,台积电,2024-11-25,0.037520
权锡俊,担忧,台积电,2024-11-20,0.037481
川普第一任总统,认为优秀,台积电,2024-11-12,0.037432
俞国华,主导,台积电,2024-11-29,0.037268
科克,认为优秀,台积电,2024-11-25,0.037233
科克,认为优秀,台积电,2024-11-25,0.037233
科克,认为优秀,台积电,2024-11-25,0.037233
侯上勇,威胁,台积电,2024-11-28,0.037204
科克,质疑,台积电,2024-11-26,0.037172
科克,质疑,台积电,2024-11-26,0.037172
科克,质疑,台积电,2024-11-26,0.037172
科克,认为可靠,台积电,2024-11-26,0.037155
台湾,相信,法国,2024-12-04,0.037112
拜登政府,欣赏,台积电,2024-11-01,0.036956
路透社,质疑,台积电,2024-10-23,0.036839
路透社,认为失败,台积电,2024-11-12,0.036789
路透社,认为失败,台积电,2024-11-12,0.036789
美国,主导,华为,2024-11-29,0.036763
索贝克,认可,台积电,2024-11-28,0.036663
彭博专栏作家,认为失败,台积电,2024-11-28,0.036175
彭博专栏作家,认为失败,台积电,2024-11-28,0.036175
高雄市长陈其迈,认为优秀,台积电,2024-11-26,0.036065
高雄市长陈其迈,认为优秀,台积电,2024-11-26,0.036065
台积电,主导,恒水创电,2024-12-04,0.036013
米勒,认为犯罪,台积电,2024-11-25,0.035979
米勒,认为犯罪,台积电,2024-11-25,0.035979
高雄市长陈其迈,质疑,台积电,2024-11-26,0.035932
高雄市长陈其迈,质疑,台积电,2024-11-26,0.035932
高雄市长陈其迈,质疑,台积电,2024-11-26,0.035932
高雄市长陈其迈,质疑,台积电,2024-11-26,0.035932
嘉义县文化观光局,认为可靠,台积电,2024-11-18,0.035932
蔡正元,认为非法,加拿大,2024-12-03,0.035869
魏哲家,认为有危机,台积电,2024-12-02,0.035797
魏哲家,认为有成就,台积电,2024-11-29,0.035777
傅崐萁,质疑,台积电,2024-11-19,0.035663
彭博专栏作家,认为可靠,台积电,2024-11-28,0.035215
彭博专栏作家,认为可靠,台积电,2024-11-28,0.035215
台积电,欢迎,陈其迈,2024-11-25,0.035157
路透社,主导,台积电,2024-12-05,0.035015
赖俊宇,主导,台积电,2024-11-28,0.034904
赖俊宇,主导,台积电,2024-11-28,0.034904
杰夫‧威廉斯,认为优秀,台积电,2024-11-29,0.034682
蔡正元,认为非法,南韩,2024-12-03,0.034640
蔡正元,认为非法,南韩,2024-12-03,0.034640
台积电,认为热情,郭智辉,2024-11-19,0.034425
台湾人,担忧,台积电,2024-11-13,0.034308
刘镜清,主导,台积电,2024-11-20,0.034306
陈其迈,主导,台积电,2024-11-26,0.034292
黄仁勋,认为失败,台积电,2024-11-04,0.034281
谢金河,担忧,台积电,2024-11-30,0.033941
谢金河,担忧,台积电,2024-11-30,0.033941
科克,担忧,台积电,2024-11-25,0.033898
科克,担忧,台积电,2024-11-25,0.033898
科克,担忧,台积电,2024-11-25,0.033898
科克,担忧,台积电,2024-11-25,0.033898
科克,担忧,台积电,2024-11-25,0.033898
郭智辉,担忧,台积电,2024-11-20,0.033635
郭智辉,担忧,台积电,2024-11-20,0.033635
郭智辉,担忧,台积电,2024-11-20,0.033635
郭智辉,担忧,台积电,2024-11-20,0.033635
郭智辉,担忧,台积电,2024-11-20,0.033635
魏哲家,主导,台积电,2024-10-26,0.033623
魏哲家,主导,台积电,2024-10-26,0.033623
彭博专栏作家,相信,台积电,2024-11-28,0.033574
琼瑶,认为有成就,台积电,2024-11-29,0.033393
权锡俊,认为有危机,台积电,2024-11-20,0.033323
陈文茜,主导,台积电,2024-12-03,0.033309
刘镜清,认可,台积电,2024-11-20,0.033262
阮慕骅,相信,台积电,2024-11-27,0.033221
拜登政府,担忧,台积电,2024-11-01,0.033215
郭智辉,认为有威胁,台积电,2024-11-19,0.033215
赖瑞隆,主导,台积电,2024-11-27,0.033146
吴诚文,认可,台积电,2024-11-28,0.033081
刘镜清,认为有威胁,台积电,2024-11-20,0.033062
科克,担忧,台积电,2024-11-26,0.033058
科克,担忧,台积电,2024-11-26,0.033058
科克,担忧,台积电,2024-11-26,0.033058
张忠谋,支持,台积电,2024-11-29,0.032939
彭博专栏作家,认为优秀,台积电,2024-11-28,0.032919
赖瑞隆,质疑,台积电,2024-11-19,0.032833
陈其迈,主导,台积电,2024-11-27,0.032728
刘镜清,相信,台积电,2024-11-27,0.032689
蔡正元,欢迎,台积电,2024-12-04,0.032621
韩国网友,认为有暴力,台湾人太,2024-11-26,0.032563
郭智辉,质疑,台积电,2024-11-25,0.032546
索贝克,认为可靠,台积电,2024-11-28,0.032538
索贝克,认为可靠,台积电,2024-11-28,0.032538
索贝克,认为可靠,台积电,2024-11-28,0.032538
魏哲家,认为有成就,台积电,2024-12-03,0.032513
魏哲家,认为有成就,台积电,2024-12-03,0.032513
魏哲家,认为有成就,台积电,2024-12-02,0.032494
萧兹,欣赏,台积电,2024-08-24,0.032468
吴诚文,主导,台积电,2024-11-29,0.032388
魏哲家,主导,台积电,2024-11-14,0.032334
蔡正元,主导,三星,2024-11-27,0.032149
科克,认为有威胁,台积电,2024-11-25,0.032113
科克,认为有威胁,台积电,2024-11-25,0.032113
万美玲,认为失败,台积电,2024-11-29,0.032043
蔡正元,欣赏,台积电,2024-12-03,0.031949
郭智辉,认为有威胁,台积电,2024-11-20,0.031860
郭智辉,认为有威胁,台积电,2024-11-20,0.031860
郭智辉,认为有威胁,台积电,2024-11-20,0.031860
亚利桑那州,认为有暴力,台积电,2024-08-10,0.031826
季辛格,主导,台积电,2024-12-03,0.031815
索贝克,认为优秀,台积电,2024-11-28,0.031781
索贝克,认为优秀,台积电,2024-11-28,0.031781
民进党,攻击,台积电,2024-11-20,0.031713
曾文生,相信,台积电,2024-11-19,0.031288
曾文生,相信,台积电,2024-11-19,0.031288
王效平,质疑,台积电,2024-11-17,0.031164
路透社,认为违规,台积电,2024-10-23,0.031070
哲哲老师,认为有威胁,台积电,2024-12-04,0.031049
蔡正元,主导,南韩戒严,2024-12-03,0.030998
蔡正元,主导,南韩戒严,2024-12-03,0.030998
郭智辉,认为缺乏,台积电,2024-11-20,0.030875
阮慕骅,质疑,台积电,2024-11-27,0.030798
美商务部,主导,台积电,2024-11-14,0.030798
索贝克,欣赏,台积电,2024-11-28,0.030758
陈其迈,质疑,台积电,2024-11-26,0.030662
云报政经产业研究院,相信,台积电,2024-11-10,0.030643
马斯克,感到不满,川普,2024-11-21,0.030605
刘镜清,担忧,台积电,2024-11-20,0.030487
谢金河,认为犯罪,台积电,2024-11-30,0.030420
路透社,认为失败,台积电,2024-12-05,0.030372
路透社,认为失败,台积电,2024-12-05,0.030372
川普新政府,认为有威胁,台积电,2024-11-27,0.030227
马斯克,主导,特斯拉,2024-11-25,0.030176
国科会,主导,台积电,2024-11-29,0.030031
季辛格,欢迎,台积电,2024-12-03,0.030003
智璞产业趋势研究所,认为有威胁,台积电,2024-12-03,0.029960
陈其迈,认为失败,台积电,2024-11-26,0.029938
傅崐萁,认为有威胁,台积电,2024-11-19,0.029812
索贝克,认为非法,台积电,2024-11-28,0.029689
陈凤馨,认为可靠,台积电,2024-11-20,0.029662
吴诚文,质疑,台积电,2024-11-28,0.029648
郭智辉,质疑,台积电,2024-11-27,0.029539
郭智辉,质疑,台积电,2024-11-27,0.029539
"高雄市长
陈其迈",担忧,台积电,2024-11-26,0.029537
刘镜清,认为可靠,台积电,2024-11-20,0.029530
侯上勇,认为违规,台积电,2024-11-28,0.029518
赖清德,认为有危机,台积电,2024-11-13,0.029471
索贝克,认为有威胁,台积电,2024-11-28,0.029342
索贝克,认为有威胁,台积电,2024-11-28,0.029342
索贝克,认为有威胁,台积电,2024-11-28,0.029342
高雄市长陈其迈,担忧,台积电,2024-11-26,0.029274
陈其迈,认为可靠,台积电,2024-11-26,0.029264
吴诚文,质疑,台积电,2024-11-29,0.029202
川普,认为可靠,华为,2024-11-29,0.029075
外媒,认为可靠,台积电,2024-10-24,0.029020
郭智辉,认为有危机,台积电,2024-11-20,0.028786
郭智辉,认为有危机,台积电,2024-11-20,0.028786
郭智辉,认为有危机,台积电,2024-11-20,0.028786
郭智辉,认为有危机,台积电,2024-11-19,0.028723
马斯克,认为可靠,川普,2024-11-17,0.028630
黄扬明,认为有危机,台积电,2024-11-13,0.028607
成材论坛,感到不满,台积电,2024-11-28,0.028606
郭智辉,威胁,台积电,2024-11-20,0.028594
刘镜清,认为可靠,台积电,2024-11-05,0.028578
台积电,主导,CoW 封测厂,2024-11-25,0.028564
马斯克,认为可靠,川普,2024-11-19,0.028553
郑正钤,质疑,台积电,2024-11-27,0.028551
郑正钤,质疑,台积电,2024-11-27,0.028551
郑正钤,质疑,台积电,2024-11-27,0.028551
李镇宇,认为有成就,台积电,2024-11-29,0.028511
赖瑞隆,认为违规,台积电,2024-11-19,0.028495
郭智辉,认为可靠,台积电,2024-11-27,0.028395
川普新政,攻击,台积电,2024-11-28,0.028382
王效平,担忧,台积电,2024-11-17,0.028367
成材论坛,认为违规,台积电,2024-11-28,0.028291
陈其迈,认为优秀,台积电,2024-11-26,0.028255
自救会员工,感谢,张董事长,2024-12-02,0.028210
郑正钤,认为有威胁,台积电,2024-11-27,0.028013
郑正钤,认为有威胁,台积电,2024-11-27,0.028013
郑正钤,认为有威胁,台积电,2024-11-27,0.028013
立法院经济委员会,质疑,台积电,2024-11-20,0.027997
美国,认为可靠,华为,2024-11-29,0.027993
美国,认为可靠,华为,2024-11-29,0.027993
美国,认为可靠,华为,2024-11-29,0.027993
谢衣凤,质疑,台积电,2024-11-19,0.027906
郭智辉,担忧,台积电,2024-11-25,0.027841
郭智辉,担忧,台积电,2024-11-25,0.027841
台积电,质疑,恒水创电,2024-12-04,0.027810
立法院经济委员会,认为有威胁,台积电,2024-11-20,0.027800
《彭博》,相信,台积电,2024-11-29,0.027792
台积电,增进,川普新政,2024-11-28,0.027686
科克,认为有危机,台积电,2024-11-25,0.027477
科克,认为有危机,台积电,2024-11-25,0.027477
谢衣鳯,质疑,台积电,2024-11-20,0.027233
陈履安,主导,台积电,2024-12-03,0.027205
赖瑞隆,担忧,台积电,2024-11-27,0.027044
索贝克,质疑,台积电,2024-11-28,0.027025
索贝克,质疑,台积电,2024-11-28,0.027025
阮慕骅,认为有威胁,台积电,2024-11-27,0.026900
陈其迈,认为有危机,台积电,2024-11-26,0.026862
杨应超,认为有成就,台积电,2024-09-11,0.026750
马斯克,认可,特朗普,2024-10-28,0.026744
台积电,增进,半导体,2024-11-25,0.026726
台积电,增进,半导体,2024-11-25,0.026726
台积电,增进,半导体,2024-11-25,0.026726
季辛格,威胁,台积电,2024-12-03,0.026691
台积电,主导,第三座晶圆厂,2024-11-28,0.026614
郭智辉,认为有危机,台积电,2024-11-25,0.026609
川普新政府,威胁,台积电,2024-11-27,0.026599
傅崐萁,认为有危机,台积电,2024-11-19,0.026530
民进党,损害,台积电,2024-11-20,0.026502
吕秀莲,认为违规,台积电,2024-11-10,0.026476
《彭博》,认为优秀,台积电,2024-11-29,0.026473
吴诚文,认为失败,台积电,2024-11-21,0.026431
张忠谋,增进,台积电,2024-11-29,0.026405
张忠谋,增进,台积电,2024-11-29,0.026405
蔡正元,认为有威胁,加拿大,2024-12-03,0.026389
郭智辉,认为有威胁,台积电,2024-11-25,0.026383
侯上勇,认为犯罪,台积电,2024-11-28,0.026344
魏哲家,认为失败,台积电,2024-11-29,0.026321
索贝克,认为失败,台积电,2024-11-28,0.026292
索贝克,认为失败,台积电,2024-11-28,0.026292
吕秀莲,认为恐怖,台积电,2024-11-10,0.026229
陈其迈,担忧,台积电,2024-11-26,0.026193
彭博专栏作家,认为有威胁,台积电,2024-11-28,0.026178
魏哲家,感谢,台积电,2024-11-14,0.026117
成材论坛,认为犯罪,台积电,2024-11-28,0.025929
台积电,认为可靠,可靠,2024-11-15,0.025788
台湾独裁爱好者领导人,认为非法,台积电,2024-10-30,0.025650
谢金河,认为恐怖,台积电,2024-11-30,0.025642
索贝克,担忧,台积电,2024-11-28,0.025565
索贝克,担忧,台积电,2024-11-28,0.025565
黄仁勋,认为有危机,台积电,2024-11-19,0.025559
孙明德,认为优秀,台积电,2024-11-06,0.025519
魏哲家,视作英雄,台积电,2024-11-28,0.025514
吕秀莲,质疑,台积电,2024-11-10,0.025500
路透社,质疑,台积电,2024-11-09,0.025480
侯上勇,攻击,台积电,2024-11-28,0.025454
马斯克,认可,川普,2024-11-17,0.025381
马斯克,主导,美国,2024-11-25,0.025351
索贝克,认为缺乏,台积电,2024-11-27,0.025344
陈凤馨,认为有威胁,台积电,2024-11-20,0.025336
郭智辉,担忧,台积电,2024-11-27,0.025324
郭智辉,担忧,台积电,2024-11-27,0.025324
彭博专栏作家,质疑,台积电,2024-11-28,0.025280
彭博专栏作家,质疑,台积电,2024-11-28,0.025280
赖瑞隆,担忧,台积电,2024-11-19,0.025247
孙明德,认为有威胁,台积电,2024-11-06,0.025200
魏哲家,质疑,台积电,2024-11-28,0.025086
索贝克,认为有危机,台积电,2024-11-28,0.025086
索贝克,认为有危机,台积电,2024-11-28,0.025086
索贝克,认为有危机,台积电,2024-11-28,0.025086
马斯克,认可,川普,2024-11-19,0.025039
魏哲家,认为优秀,台积电,2024-12-02,0.025037
魏哲家,认为优秀,台积电,2024-12-02,0.025037
路透社,认为违规,台积电,2024-11-12,0.024991
索贝克,认为缺乏,台积电,2024-11-28,0.024957
《彭博》,认为有威胁,台积电,2024-11-29,0.024941
张忠谋,增进,台积电,2024-11-14,0.024939
万美玲,认为有威胁,台积电,2024-11-29,0.024906
郭智辉,认为可靠,台积电,2024-11-05,0.024841
亚利桑那,增进,台积电,2024-11-27,0.024786
台积电,增进,半导体,2024-11-26,0.024765
台积电,增进,半导体,2024-11-26,0.024765
台积电,增进,半导体,2024-11-26,0.024765
郭智辉,认为有危机,台积电,2024-11-27,0.024656
郭智辉,认为有危机,台积电,2024-11-27,0.024656
吕秀莲,威胁,台积电,2024-11-10,0.024572
郭智辉,认为有威胁,台积电,2024-11-27,0.024503
郭智辉,认为有威胁,台积电,2024-11-27,0.024503
吴诚文,认为有威胁,台积电,2024-11-28,0.024389
韩国网友,认为有暴力,台湾人太,2024-11-20,0.024215
刘镜清,认为有危机,台积电,2024-11-20,0.024183
经济部,主导,台积电,2024-11-27,0.024093
经济部,主导,台积电,2024-11-27,0.024093
台湾科技公司,认为可靠,美国,2024-08-06,0.024065
台湾科技公司,认为可靠,美国,2024-08-06,0.024065
台湾科技公司,认为可靠,美国,2024-08-06,0.024065
台湾科技公司,认为可靠,美国,2024-09-05,0.023916
彭博专栏作家,担忧,台积电,2024-11-28,0.023911
Jeff Koch,质疑,台积电,2024-11-30,0.023869
立法院经济委员会,认为有威胁,台积电,2024-11-27,0.023869
立法院经济委员会,认为有威胁,台积电,2024-11-27,0.023869
吴诚文,担忧,台积电,2024-11-29,0.023805
台湾科技公司,认为可靠,美国,2024-09-04,0.023794
台湾科技公司,认为可靠,美国,2024-08-04,0.023794
台湾科技公司,认为可靠,美国,2024-10-04,0.023794
陆行之,主导,台积电,2024-12-04,0.023754
郑正钤,认为失败,台积电,2024-11-27,0.023734
陆行之,主导,台积电,2024-12-03,0.023716
台湾科技公司,认为可靠,美国,2024-09-03,0.023711
陆行之,主导,台积电,2024-12-02,0.023686
后基辛格时代,认为有威胁,台积电,2024-12-03,0.023642
阮慕骅,担忧,台积电,2024-11-27,0.023621
"高雄市长
陈其迈",认为违规,台积电,2024-11-26,0.023577
拜登政府,增进,台积电,2024-11-20,0.023572
前副总统陈诚,主导,台积电,2024-12-03,0.023485
台湾,主导,美中贸易战,2024-12-02,0.023211
郑正钤,担忧,台积电,2024-11-27,0.023197
郑正钤,担忧,台积电,2024-11-27,0.023197
郑正钤,担忧,台积电,2024-11-27,0.023197
郑正钤,担忧,台积电,2024-11-27,0.023197
民进党,增进,台积电,2024-11-27,0.023150
郭智辉,攻击,台积电,2024-11-20,0.023083
外媒,质疑,台积电,2024-10-24,0.023044
吴诚文,担忧,台积电,2024-11-28,0.022983
川普上任,威胁,台积电,2024-11-28,0.022977
孙明德,认为有危机,台积电,2024-11-06,0.022968
魏哲家,担忧,台积电,2024-11-28,0.022937
《彭博社》,质疑,台积电,2024-11-29,0.022827
台湾科技公司,认为可靠,美国,2024-09-09,0.022785
魏哲家,相信,台积电,2024-12-02,0.022771
彭博专栏作家,威胁,台积电,2024-11-28,0.022768
台积电,损害,英特尔,2024-12-03,0.022708
高雄市长陈其迈,认为违规,台积电,2024-11-26,0.022679
高雄市长陈其迈,认为违规,台积电,2024-11-26,0.022679
云报政经产业研究院,认为可靠,台积电,2024-11-10,0.022678
立委关切经济部,攻击,比特大陆,2024-11-19,0.022613
陈凤馨,质疑,台积电,2024-11-20,0.022578
魏哲家,认为可靠,台积电,2024-12-02,0.022545
魏哲家,认为可靠,台积电,2024-12-02,0.022545
万美玲,担忧,台积电,2024-11-29,0.022545
马斯克,认可,川普,2024-11-21,0.022527
张忠谋,认为有暴力,台积电,2024-10-26,0.022489
郭智辉,认可,台积电,2024-11-05,0.022252
台湾科技公司,认为可靠,美国,2024-10-10,0.022214
孙明德,认可,台积电,2024-11-06,0.022177
吕秀莲,认为犯罪,台积电,2024-11-10,0.022092
颜择雅,认为有威胁,台积电,2024-11-05,0.021973
高雄市长陈其迈,欣赏,台积电,2024-11-26,0.021680
民进党,主导,美国,2024-11-09,0.021664
大下淳一,主导,台积电,2024-11-18,0.021585
彭博专栏作家,欣赏,台积电,2024-11-28,0.021525
郭智辉,担忧,台积电,2024-11-29,0.021496
万美玲,认为违规,台积电,2024-11-29,0.021482
谢衣凤,认为有威胁,台积电,2024-11-19,0.021476
谢衣凤,认为有威胁,台积电,2024-11-19,0.021476
川普当选,批评,台积电,2024-11-06,0.021437
马斯克,主导,美国,2024-11-11,0.021421
赖瑞隆,认为有危机,台积电,2024-11-27,0.021334
吴诚文,相信,台积电,2024-11-28,0.021328
索贝克,认为违规,台积电,2024-11-28,0.021307
立法院经济委员会,担忧,台积电,2024-11-20,0.021301
川普,主导,马斯克,2024-11-17,0.021254
市调机构集邦科技,认为可靠,台积电,2024-11-20,0.021239
蔡正元,支持,台积电,2024-12-03,0.021191
许宗力,认为有威胁,台积电,2024-12-03,0.021079
吕秀莲,担忧,台积电,2024-11-10,0.021073
马斯克,主导,美国,2024-11-05,0.020967
民国政府,主导,台积电,2024-10-29,0.020857
谢衣凤,认为违规,台积电,2024-11-19,0.020777
台积电,认为有成就,恒水创电,2024-12-04,0.020753
台积电,认可,恒水创电,2024-12-04,0.020749
蔡正元,认为有威胁,乌克兰,2024-12-03,0.020697
颜择雅,认为有危机,台积电,2024-11-05,0.020689
赵少康,认为有威胁,台积电,2024-11-15,0.020492
成材论坛,威胁,台积电,2024-11-28,0.020182
蔡正元,认为有成就,尹锡悦,2024-12-03,0.020155
台经院,感到不满,川普,2024-11-06,0.020153
拜登总统,质疑,川普,2024-12-03,0.020109
谢衣鳯,认为有威胁,台积电,2024-11-20,0.020103
台积电,增进,半导体,2024-11-29,0.020030
英国经济学人,相信,台积电,2024-11-14,0.020022
马斯克,主导,美国,2024-12-02,0.019962
刘德音博士,主导,台积电,2024-11-26,0.019915
杨应超,认为有危机,台积电,2024-09-11,0.019907
川普,认为有威胁,华为,2024-11-29,0.019878
台湾科技公司,认为可靠,美国,2024-10-12,0.019827
台湾科技公司,认为可靠,美国,2024-10-12,0.019827
郑秀绒,质疑,台积电,2024-08-01,0.019820
黄扬明,认为失败,台积电,2024-11-13,0.019685
川普,感到不满,墨西哥,2024-11-27,0.019670
零股投资人,认为有威胁,台积电,2024-11-29,0.019623
马斯克,感到满意,川普,2024-11-17,0.019548
柴焕欣,主导,台积电,2024-11-10,0.019529
郭智辉,认为违规,台积电,2024-11-27,0.019408
谢衣鳯,认为有威胁,台积电,2024-11-19,0.019377
李镇宇,质疑,台积电,2024-11-19,0.019314
彭博专栏作家,认为缺乏,台积电,2024-11-28,0.019306
川普,认为有威胁,墨西哥,2024-12-01,0.019259
《彭博》,质疑,台积电,2024-11-29,0.019171
魏哲家,感到不满,台积电,2024-12-02,0.019076
魏哲家,感到不满,台积电,2024-12-02,0.019076
郭智辉,增进,台积电,2024-11-19,0.019041
泰国,主导,川普,2024-12-01,0.019032
郭智辉,支持,台积电,2024-11-19,0.019029
索贝克,认为犯罪,台积电,2024-11-28,0.018933
云报政经产业研究院,认可,台积电,2024-11-10,0.018895
马斯克,感到满意,川普,2024-11-21,0.018890
彭博专栏作家,增进,台积电,2024-11-28,0.018873
彭博专栏作家,增进,台积电,2024-11-28,0.018873
杰尔辛格,认为有威胁,台积电,2024-10-29,0.018724
葛如钧,质疑,台积电,2024-11-28,0.018706
张忠谋,批评,台积电,2024-11-29,0.018689
李镇宇,认为可靠,台积电,2024-12-04,0.018575
沈富雄,批评,台积电,2024-11-15,0.018493
萧兹,喜欢,台积电,2024-08-24,0.018423
陈凤馨,认为有危机,台积电,2024-11-16,0.018412
吕仁杰,质疑,台积电,2024-12-03,0.018401
郭智辉,增进,台积电,2024-11-20,0.018372
米勒,支持,台积电,2024-11-25,0.018367
郑正钤,认为有危机,台积电,2024-11-27,0.018239
郑正钤,认为有危机,台积电,2024-11-27,0.018239
立法院经济委员会,质疑,台积电,2024-11-27,0.018154
立法院经济委员会,质疑,台积电,2024-11-27,0.018154
《彭博》,担忧,台积电,2024-11-29,0.018153
杰夫‧威廉斯,增进,台积电,2024-11-29,0.018148
吴诚文,认为有危机,台积电,2024-11-28,0.018137
吴诚文,增进,台积电,2024-11-28,0.018080
吴诚文,增进,台积电,2024-11-28,0.018080
郭智辉,损害,台积电,2024-11-20,0.017954
立法院经济委员会,认为失败,台积电,2024-11-27,0.017952
立法院经济委员会,认为失败,台积电,2024-11-27,0.017952
季辛格,支持,台积电,2024-12-03,0.017799
台湾科技公司,认为可靠,美国,2024-10-13,0.017769
朱云鹏,威胁,台积电,2024-11-05,0.017604
美商务部,感到不满,台积电,2024-11-09,0.017571
厦门,损害,玉晶光,2024-11-27,0.017545
葛如钧,认为有威胁,台积电,2024-11-29,0.017336
川普,质疑,墨西哥,2024-11-27,0.017336
川普,质疑,墨西哥,2024-11-27,0.017336
川普,认为优秀,华为,2024-11-25,0.017278
美国,主导,《晶片法案》,2024-12-04,0.017200
孙明德,质疑,台积电,2024-11-06,0.017195
沈富雄,认为有暴力,台积电,2024-11-15,0.017188
川普,主导,美中贸易战,2024-11-05,0.017188
蔡正元,感到不满,川普,2024-12-03,0.017177
蔡正元,认为可靠,南韩,2024-12-03,0.017166
台湾科技公司,认为可靠,美国,2024-08-30,0.017135
郭智辉,增进,台积电,2024-10-22,0.017128
高雄市长陈其迈,增进,台积电,2024-11-26,0.016983
乌克兰,主导,乌俄战争,2024-11-28,0.016950
陈凤馨,认为有危机,台积电,2024-11-20,0.016950
川普总统即将上任,认为有威胁,台积电,2024-11-25,0.016900
贝佐斯,感到不满,川普,2024-11-28,0.016868
台湾政府,相信,法国,2024-12-04,0.016865
南韩政府,主导,三星,2024-11-27,0.016728
川普,认为恐怖,华为,2024-11-29,0.016724
彭博专栏作家,认为有危机,台积电,2024-11-28,0.016678
彭博专栏作家,认为有危机,台积电,2024-11-28,0.016678
川普,认为恐怖,华为,2024-11-25,0.016667
郭正亮,认为有威胁,台积电,2024-11-05,0.016635
法国,认为有威胁,加拿大,2024-08-06,0.016601
郭智辉,支持,台积电,2024-10-29,0.016588
川普,担忧,华为,2024-11-29,0.016562
美商务部,认为失败,台积电,2024-11-09,0.016374
越南,感到不满,川普,2024-12-01,0.016355
米勒,认为恐怖,台积电,2024-11-25,0.016326
米勒,认为恐怖,台积电,2024-11-25,0.016326
米勒,认为恐怖,台积电,2024-11-25,0.016326
米勒,认为恐怖,台积电,2024-11-25,0.016326
菲力浦常务次长,欣赏,台积电,2024-11-15,0.016305
算能科技,认为可靠,台积电,2024-11-09,0.016298
美国,认可,华为,2024-11-29,0.016291
美国,认可,华为,2024-11-29,0.016291
美国,认可,华为,2024-11-29,0.016291
川普,主导,美中贸易战,2024-11-07,0.016158
亚利桑那州,增进,台积电,2024-11-20,0.016137
魏哲家,认可,台积电,2024-12-02,0.016076
魏哲家,认可,台积电,2024-12-02,0.016076
美国,相信,赖清德,2024-12-01,0.016056
美国,相信,赖清德,2024-12-01,0.016056
信义房屋不动产企研室,认为可靠,台积电,2024-11-05,0.015976
马斯克,相信,川普,2024-11-21,0.015969
民进党,损害,台积电,2024-11-27,0.015942
万美玲,认为有危机,台积电,2024-11-29,0.015922
杰尔辛格,认为犯罪,台积电,2024-10-29,0.015918
台湾科技公司,认为可靠,美国,2024-09-29,0.015913
台湾科技公司,认为可靠,美国,2024-08-29,0.015913
财信传媒,威胁,台积电,2024-11-30,0.015903
Elon Musk,相信,川普,2024-11-19,0.015851
川普,认为有威胁,加拿大,2024-12-03,0.015848
谢衣凤,认为失败,台积电,2024-11-19,0.015750
谢衣凤,认为失败,台积电,2024-11-19,0.015750
哲哲老师,认可,台积电,2024-12-04,0.015697
川普,认为可靠,墨西哥,2024-11-27,0.015687
贝佐斯,感到不满,川普,2024-12-05,0.015687
李镇宇,担忧,台积电,2024-11-19,0.015666
民进党政府,主导,美国,2024-11-09,0.015660
川普,主导,美中贸易战,2024-11-08,0.015653
台经院,相信,川普,2024-12-01,0.015629
侯上勇,损害,台积电,2024-11-28,0.015575
马斯克,视作英雄,特朗普,2024-11-28,0.015533
台积电,认为优秀,恒水创电,2024-12-04,0.015478
川普,认为有威胁,加拿大,2024-12-02,0.015462
孙明德,认为违规,台积电,2024-11-06,0.015428
贝佐斯,感到不满,川普,2024-12-06,0.015420
贝佐斯,感到不满,川普,2024-12-06,0.015420
埃泽尔,认为有危机,台积电,2024-11-26,0.015405
马斯克,感到不满,川普,2024-12-05,0.015357
《路透社》,相信,台积电,2024-11-12,0.015317
川普,主导,美中贸易战,2024-10-29,0.015289
高雄市政府,支持,台积电,2024-11-19,0.015253
郑正钤,增进,台积电,2024-11-27,0.015206
郑正钤,增进,台积电,2024-11-27,0.015206
郑正钤,增进,台积电,2024-11-27,0.015206
郭智辉,质疑,台积电,2024-11-05,0.015174
证交所,认为非法,台积电,2024-12-02,0.015121
萧兹,喜欢,台积电,2024-08-21,0.015031
证交所,认为有威胁,台积电,2024-12-02,0.015012
英国经济学人,认可,台积电,2024-11-14,0.014984
谢衣鳯,担忧,台积电,2024-11-20,0.014977
美国,质疑,华为,2024-11-29,0.014976
美国,质疑,华为,2024-11-29,0.014976
美国,质疑,华为,2024-11-29,0.014976
美国,质疑,华为,2024-11-29,0.014976
谢金河,攻击,台积电,2024-11-30,0.014969
金管会,认为有成就,台积电,2024-12-02,0.014895
金管会,认为有成就,台积电,2024-12-02,0.014895
民进党政府,增进,台积电,2024-11-27,0.014856
陈沅易,认为有危机,台积电,2024-11-07,0.014826
川普,主导,美中贸易战,2024-11-24,0.014823
赵少康,质疑,台积电,2024-11-15,0.014804
魏哲家,威胁,台积电,2024-12-02,0.014771
台湾科技公司,认为可靠,美国,2024-08-28,0.014749
杰夫,增进,台积电,2024-11-29,0.014717
赵少康,担忧,台积电,2024-11-15,0.014710
陈其迈,增进,台积电,2024-11-26,0.014635
陈其迈,增进,台积电,2024-11-26,0.014635
国科会,担忧,台积电,2024-11-29,0.014627
川普,主导,美国,2024-11-17,0.014602
索贝克,支持,台积电,2024-11-28,0.014581
台湾科技公司,认为可靠,美国,2024-10-14,0.014482
《路透社》,认为有威胁,台积电,2024-11-12,0.014394
郭智辉,认为恐怖,台积电,2024-11-27,0.014358
郑荣丰,认为有危机,台积电,2024-11-13,0.014304
作者及教授,主导,台积电,2024-11-29,0.014303
美国,认为非法,华为,2024-11-29,0.014237
储祥生,认为有威胁,台积电,2024-12-03,0.014223
蒋尚义,喜欢,台积电,2024-11-29,0.014208
路透社,担忧,台积电,2024-11-06,0.014107
马斯克,感到不满,特斯拉,2024-12-01,0.014052
泰国,感到不满,川普,2024-12-01,0.014006
邹飞逯,认为可靠,台积电,2024-12-05,0.014004
郭智辉,认为恐怖,台积电,2024-11-20,0.013952
郭智辉,认为恐怖,台积电,2024-11-20,0.013952
郭智辉,认为恐怖,台积电,2024-11-20,0.013952
郭智辉,认为恐怖,台积电,2024-11-19,0.013903
美国,认为违规,《晶片与科学法案》,2024-11-16,0.013886
郑秀绒,担忧,台积电,2024-08-01,0.013861
蔡正元,认为有威胁,南韩,2024-12-03,0.013814
蔡正元,认为有威胁,南韩,2024-12-03,0.013814
蔡正元,认为有威胁,南韩,2024-12-03,0.013814
美国,认为恐怖,华为,2024-11-29,0.013804
美国,认为恐怖,华为,2024-11-29,0.013804
美国,认为恐怖,华为,2024-11-29,0.013804
贝佐斯,相信,川普,2024-12-06,0.013748
作者及教授,认可,台积电,2024-11-29,0.013714
沈荣钦,质疑,台积电,2024-10-23,0.013705
台积电,攻击,伊朗,2024-10-27,0.013703
吴田玉,质疑,台积电,2024-11-20,0.013693
吴田玉,质疑,台积电,2024-11-20,0.013693
郭正亮,认为可靠,台积电,2024-11-05,0.013683
台湾科技公司,认为可靠,美国,2024-09-27,0.013640
台湾科技公司,认为可靠,美国,2024-10-27,0.013640
以色列,认为可靠,黎巴嫩,2024-11-27,0.013601
马斯克,视作英雄,川普,2024-11-19,0.013600
拜登政府,认为有暴力,台积电,2024-11-01,0.013576
贝佐斯,相信,川普,2024-12-05,0.013517
拜登总统,感到不满,川普,2024-12-03,0.013514
美商务部,支持,台积电,2024-11-14,0.013487
日本熊本县菊阳町,主导,台积电,2024-11-17,0.013435
拜登政府,增进,台积电,2024-11-15,0.013433
立法院经济委员会,威胁,台积电,2024-11-20,0.013414
谢金河,主导,美国,2024-11-30,0.013316
柴焕欣,认为可靠,台积电,2024-11-10,0.013290
美国,欣赏,华为,2024-11-25,0.013228
立法院经济委员会,担忧,台积电,2024-11-27,0.013192
立法院经济委员会,担忧,台积电,2024-11-27,0.013192
马斯克,视作英雄,川普,2024-11-21,0.013184
美国,欣赏,华为,2024-11-29,0.013177
美国,欣赏,华为,2024-11-29,0.013177
美国,欣赏,华为,2024-11-29,0.013177
美国,欣赏,华为,2024-11-29,0.013177
美国,主导,美国,2024-11-09,0.013135
民进党,相信,美国,2024-11-21,0.013126
郭智辉,主导,美中贸易战,2024-12-02,0.013107
郭智辉,主导,美中贸易战,2024-12-02,0.013107
《晶片与科学法案》,认为优秀,台积电,2024-11-16,0.013091
蔡正元,认为有危机,乌克兰,2024-12-03,0.013090
郭智辉,增进,台积电,2024-11-28,0.013076
川普,威胁,墨西哥,2024-12-01,0.013026
川普,主导,俄乌战争,2024-11-16,0.013008
米勒,增进,台积电,2024-11-25,0.013002
美国,认为有成就,华为,2024-11-29,0.012999
美国,认为有成就,华为,2024-11-29,0.012999
美国,认为有成就,华为,2024-11-29,0.012999
川普新政府,增进,台积电,2024-11-15,0.012965
张建一,感到不满,川普,2024-11-07,0.012925
特斯拉,感到不满,卢秀燕,2024-11-30,0.012917
郭智辉,支持,台积电,2024-11-08,0.012839
魏哲家,感到满意,台积电,2024-11-14,0.012813
科克,认为恐怖,台积电,2024-11-25,0.012779
川普,主导,美国,2024-11-12,0.012775
朱凤莲,主导,美国,2024-11-12,0.012735
孙明德,担忧,台积电,2024-11-06,0.012733
台积公司,认为有成就,半导体,2024-12-02,0.012716
刘博士,主导,台积电,2024-11-26,0.012684
川普,主导,美国,2024-10-30,0.012620
投审会,认可,台积电,2024-11-21,0.012619
成材论坛,认为恐怖,台积电,2024-11-28,0.012601
作者及教授,质疑,台积电,2024-11-29,0.012585
鸿钧微电子,认为有威胁,台积电,2024-12-01,0.012550
亚利桑那州,损害,台积电,2024-11-25,0.012544
证交所,认为有危机,台积电,2024-12-02,0.012542
台湾科技公司,认为可靠,美国,2024-10-26,0.012534
台湾科技公司,认为可靠,美国,2024-10-26,0.012534
台湾科技公司,认为可靠,美国,2024-10-26,0.012534
吴诚文,损害,台积电,2024-11-28,0.012533
吴诚文,损害,台积电,2024-11-28,0.012533
美国,相信,川普,2024-10-30,0.012531
许宗力,威胁,台积电,2024-12-03,0.012496
美国,视作英雄,华为,2024-11-29,0.012487
傅崐萁,认为恐怖,台积电,2024-11-19,0.012479
川普,主导,美国,2024-12-06,0.012394
川普,主导,美国,2024-12-06,0.012394
侯上勇,认为恐怖,台积电,2024-11-28,0.012370
嘉义县文化观光局,认为失败,台积电,2024-11-18,0.012362
马斯克,认为失败,美国,2024-12-02,0.012337
季辛格,感谢,台积电,2024-12-03,0.012307
陆行之,认为有威胁,台积电,2024-11-01,0.012305
川普总统即将上任,认为有危机,台积电,2024-11-25,0.012304
魏哲家,质疑,台积电,2024-12-04,0.012278
美国,主导,「川普2.0」,2024-11-07,0.012255
马斯克,感谢,特斯拉,2024-12-01,0.012227
川普上任,认为恐怖,台积电,2024-11-28,0.012208
川普,主导,美国,2024-11-29,0.012170
魏哲家,质疑,台积电,2024-12-02,0.012149
魏哲家,质疑,台积电,2024-12-02,0.012149
魏哲家,质疑,台积电,2024-12-02,0.012149
魏哲家,质疑,台积电,2024-12-02,0.012149
拜登总统,攻击,台积电,2024-12-03,0.012144
谷立言,支持,台积电,2024-11-27,0.012071
马斯克,质疑,川普,2024-11-19,0.012054
川普,感到不满,华为,2024-11-29,0.012047
川普,主导,美国,2024-11-05,0.012002
川普,主导,美国,2024-11-05,0.012002
川普,主导,美国,2024-11-05,0.012002
范琪斐,认为有成就,川普,2024-11-14,0.011964
赖瑞隆,喜欢,台积电,2024-11-27,0.011957
郭正亮,威胁,台积电,2024-11-05,0.011952
萨克森邦,认为犯罪,台积电,2024-10-05,0.011929
川普,威胁,加拿大,2024-12-03,0.011911
唐纳德·川普,主导,美国,2024-12-01,0.011865
后基辛格时代,威胁,台积电,2024-12-03,0.011842
中国大陆官员,质疑,台积电,2024-11-28,0.011741
谢衣凤,威胁,台积电,2024-11-19,0.011715
谢衣凤,威胁,台积电,2024-11-19,0.011715
北京,相信,川普,2024-12-01,0.011712
北京,相信,川普,2024-12-01,0.011712
赵少康,认为有危机,台积电,2024-11-15,0.011703
顾立雄,主导,美国,2024-11-06,0.011696
柴焕欣,认可,台积电,2024-11-10,0.011688
沈富雄,认为有成就,赖清德,2024-11-10,0.011685
孙明德,认为恐怖,台积电,2024-11-06,0.011681
台经院,认为有成就,川普,2024-12-01,0.011662
蔡正元,认为犯罪,川普,2024-12-03,0.011653
台湾,认为失败,美中贸易战,2024-12-02,0.011634
陈亭妃,主导,台积电,2024-11-05,0.011632
陈亭妃,主导,台积电,2024-11-05,0.011632
台湾政府,相信,美国,2024-08-07,0.011578
美国,感到不满,赖清德,2024-12-01,0.011575
外媒,主导,美国,2024-10-24,0.011478
川普,威胁,加拿大,2024-12-02,0.011475
Elon Musk,质疑,川普,2024-11-19,0.011475
民进党政府,损害,台积电,2024-11-27,0.011441
孙明德,主导,美国,2024-11-08,0.011418
外交部,主导,美国,2024-11-06,0.011409
郭智辉,感到不满,川普,2024-11-06,0.011404
郭智辉,感到不满,川普,2024-11-06,0.011404
颜择雅,主导,美国,2024-11-05,0.011380
郭智辉,担忧,台积电,2024-11-05,0.011336
川普,主导,美国,2024-11-27,0.011319
川普,主导,美国,2024-11-27,0.011319
郭智辉,感到不满,川普,2024-12-03,0.011319
美国,认为有威胁,华为,2024-11-29,0.011288
美国,认为有威胁,华为,2024-11-29,0.011288
美国,认为有威胁,华为,2024-11-29,0.011288
詹家鸿,相信,台积电,2024-12-03,0.011249
赖清德,视作英雄,郑荣丰,2024-11-13,0.011248
彭博专栏作家,支持,台积电,2024-11-28,0.011246
郭智辉,相信,特朗普,2024-11-07,0.011230
川普,主导,俄乌战争,2024-11-10,0.011229
川普,主导,俄乌战争,2024-11-10,0.011229
《路透社》,认为有威胁,台积电,2024-11-10,0.011210
哲哲老师,质疑,台积电,2024-12-04,0.011197
谢金河,相信,美国,2024-10-14,0.011193
英国经济学人,担忧,台积电,2024-11-14,0.011187
郭智辉,相信,特朗普,2024-09-02,0.011147
蔡正元,认为有威胁,南韩,2024-12-04,0.011123
蔡正元,感到满意,台积电,2024-12-04,0.011114
蔡正元,感到满意,台积电,2024-12-04,0.011114
TEL南部营运中心,支持,台积电,2024-12-03,0.011093
谢衣鳯,威胁,台积电,2024-11-20,0.010963
蔡正元,认为失败,三星,2024-12-04,0.010957
马斯克,质疑,川普,2024-11-21,0.010948
证交所,认为有成就,台积电,2024-12-02,0.010913
金管会,认为有威胁,台积电,2024-12-02,0.010902
金管会,认为有威胁,台积电,2024-12-02,0.010902
美国,认为有威胁,墨西哥,2024-12-02,0.010885
英国经济学人,质疑,台积电,2024-11-14,0.010882
孙明德,认为犯罪,台积电,2024-11-06,0.010838
蔡正元,认为有威胁,美国,2024-10-28,0.010830
美国,主导,南韩戒严,2024-12-02,0.010804
川普回归,损害,台积电,2024-11-25,0.010782
美国,相信,川普,2024-11-15,0.010775
大下淳一,认为有威胁,台积电,2024-11-18,0.010770
川普,主导,俄乌战争,2024-11-20,0.010741
川普,主导,俄乌战争,2024-11-26,0.010740
川普,主导,俄乌战争,2024-11-12,0.010732
魏哲家,感谢,台积电,2024-12-02,0.010691
川普当选,增进,台积电,2024-11-06,0.010678
储祥生,认为有危机,台积电,2024-12-03,0.010665
Jeff Koch,担忧,台积电,2024-11-30,0.010630
美国,认为违规,华为,2024-11-29,0.010578
谢衣鳯,质疑,台积电,2024-11-04,0.010547
川普,威胁,韩国,2024-12-01,0.010538
经济部,认为缺乏,台积电,2024-11-27,0.010521
经济部,认为缺乏,台积电,2024-11-27,0.010521
蔡正元,感到满意,台积电,2024-12-03,0.010513
民主政府,相信,法国,2024-12-04,0.010511
陆生参访团,认为优秀,台积电,2024-12-03,0.010507
智璞产业趋势研究所,威胁,台积电,2024-12-03,0.010503
川普,认为有威胁,墨西哥,2024-11-29,0.010485
周鹤鸣,感到不满,川普,2024-11-05,0.010446
云报政经产业研究院,质疑,台积电,2024-11-10,0.010446
魏哲家,损害,台积电,2024-11-20,0.010433
贝佐斯,感谢,川普,2024-12-06,0.010406
贝佐斯,感谢,川普,2024-12-06,0.010406
索贝克,认为恐怖,台积电,2024-11-27,0.010384
证交所,认为优秀,台积电,2024-12-02,0.010383
证交所,认为优秀,台积电,2024-12-02,0.010383
郭正亮,认为缺乏,台积电,2024-11-05,0.010380
川普新政府,损害,台积电,2024-11-15,0.010324
美国,认为有危机,华为,2024-11-29,0.010321
美国,认为有危机,华为,2024-11-29,0.010321
美国,认为有危机,华为,2024-11-29,0.010321
台湾科技公司,认为可靠,美国,2024-10-24,0.010317
台湾科技公司,认为可靠,美国,2024-08-24,0.010317
前任员工,认为失败,台积电,2024-11-19,0.010284
索贝克,认为恐怖,台积电,2024-11-28,0.010280
索贝克,认为恐怖,台积电,2024-11-28,0.010280
索贝克,认为恐怖,台积电,2024-11-28,0.010280
金管会,认为有危机,台积电,2024-12-02,0.010199
金管会,认为有危机,台积电,2024-12-02,0.010199
蔡正元,认为有成就,川普,2024-11-05,0.010195
童子贤今,感到不满,川普,2024-12-02,0.010186
地方州政府,相信,台积电,2024-11-25,0.010082
川普,认为非法,墨西哥,2024-11-29,0.010023
吴田玉,认为有威胁,台积电,2024-11-20,0.009980
吴田玉,认为有威胁,台积电,2024-11-20,0.009980
吴田玉,认为有威胁,台积电,2024-11-20,0.009980
赖怡忠,认为有威胁,台积电,2024-11-13,0.009977
蔡正元,认为有威胁,川普,2024-11-05,0.009870
杰尔辛格,威胁,台积电,2024-10-29,0.009843
贝佐斯,感谢,川普,2024-12-05,0.009787
柴焕欣,质疑,台积电,2024-11-10,0.009756
川普,感到不满,台湾,2024-11-09,0.009739
川普,认为有威胁,墨西哥,2024-11-28,0.009737
伊隆马斯克,主导,川普政府,2024-11-19,0.009733
陆行之,担忧,台积电,2024-11-27,0.009728
赖瑞隆,支持,台积电,2024-11-27,0.009694
许美华,主导,英特尔,2024-12-02,0.009687
蔡正元,认为失败,南韩,2024-12-03,0.009684
台积电,认为恐怖,郭智辉,2024-11-19,0.009679
前任员工,认为有危机,台积电,2024-11-19,0.009669
陆行之,认为有危机,台积电,2024-11-01,0.009667
市调机构集邦科技,质疑,台积电,2024-11-20,0.009650
川普,认为非法,加拿大,2024-12-03,0.009634
哲哲老师,担忧,台积电,2024-12-04,0.009537
台经院,质疑,川普,2024-11-06,0.009431
高市府,支持,台积电,2024-11-26,0.009388
卓荣泰,主导,美国,2024-11-25,0.009388
马斯克,威胁,川普,2024-11-21,0.009355
墨西哥,视作英雄,美国,2024-12-01,0.009354
台湾科技公司,认为可靠,美国,2024-09-23,0.009349
魏哲家,担忧,台积电,2024-12-04,0.009305
赖怡忠,威胁,台积电,2024-11-13,0.009305
沈国荣,质疑,特斯拉,2024-12-01,0.009276
拜登,主导,美国,2024-11-28,0.009263
张忠谋,相信,刘德音博士,2024-11-26,0.009263
中国,主导,特斯拉,2024-11-19,0.009256
台湾政府,感到不满,川普,2024-12-01,0.009234
拜登政府,主导,《晶片与科学法案》,2024-11-06,0.009228
金管会,认为优秀,台积电,2024-12-02,0.009199
金管会,认为优秀,台积电,2024-12-02,0.009199
川普,认为非法,墨西哥,2024-11-28,0.009188
邱剑英,主导,美国,2024-12-02,0.009168
台湾人,增进,台积电,2024-11-13,0.009139
川普,相信,台湾,2024-11-19,0.009139
贝佐斯,认为热情,川普,2024-12-06,0.009128
贝佐斯,认为热情,川普,2024-12-06,0.009128
特斯拉,认为非法,美国,2024-10-28,0.009122
陈凤馨,增进,台积电,2024-11-20,0.009112
川普,主导,台偷美晶片生意,2024-11-05,0.009092
川普总统即将上任,威胁,台积电,2024-11-25,0.009090
台视新闻网,主导,美国,2024-11-08,0.009059
川普,认为有威胁,墨西哥,2024-11-27,0.009020
川普,认为有威胁,墨西哥,2024-11-27,0.009020
川普,认为有威胁,墨西哥,2024-11-27,0.009020
川普,认为有威胁,墨西哥,2024-11-27,0.009020
川普,认为有威胁,墨西哥,2024-11-27,0.009020
川普,认为有威胁,墨西哥,2024-11-27,0.009020
川普总统,主导,新政府,2024-11-28,0.008998
魏哲家,担忧,台积电,2024-12-02,0.008992
魏哲家,担忧,台积电,2024-12-02,0.008992
马斯克,认为有威胁,川普,2024-12-04,0.008991
贝佐斯,认为热情,川普,2024-12-05,0.008972
美国,喜欢,华为,2024-11-29,0.008959
美国,喜欢,华为,2024-11-29,0.008959
美国,喜欢,华为,2024-11-29,0.008959
墨西哥,视作英雄,川普,2024-11-27,0.008957
川普,主导,半导体,2024-12-01,0.008955
信义房屋不动产企研室,认为有威胁,台积电,2024-11-05,0.008941
拜登,感到不满,川普,2024-08-27,0.008914
张忠谋,认可,刘德音博士,2024-11-26,0.008891
川普,威胁,华为,2024-11-29,0.008816
谢衣鳯,认为有危机,台积电,2024-11-19,0.008798
陈沅易,欣赏,台积电,2024-11-07,0.008782
美国,欢迎,华为,2024-11-29,0.008760
美国,欢迎,华为,2024-11-29,0.008760
美国,欢迎,华为,2024-11-29,0.008760
索贝克,增进,台积电,2024-11-28,0.008755
索贝克,增进,台积电,2024-11-28,0.008755
美国,担忧,华为,2024-11-29,0.008752
美国,担忧,华为,2024-11-29,0.008752
美国,担忧,华为,2024-11-29,0.008752
亚利桑那州,认为有成就,拜登,2024-11-05,0.008749
美国,认为可靠,赖清德,2024-12-01,0.008746
川普,感到不满,赖清德,2024-12-01,0.008743
陈凤馨,感到不满,川普,2024-11-02,0.008717
郭智辉,感到不满,川普,2024-11-27,0.008695
郭智辉,感到不满,川普,2024-11-27,0.008695
郭智辉,感到不满,川普,2024-11-27,0.008695
Elon Musk,威胁,川普,2024-11-19,0.008671
华尔街经济学家,认为可靠,川普,2024-10-30,0.008664
川普新政府,损害,台积电,2024-11-27,0.008661
泰国,主导,台商,2024-11-20,0.008649
共和党,主导,美国,2024-11-08,0.008587
唐纳德·川普,认为可靠,亚利桑那州,2024-11-19,0.008582
马斯克,质疑,贝佐斯,2024-11-28,0.008580
蔡正元,认为违规,南韩,2024-12-03,0.008520
川普,主导,收购美钢,2024-11-05,0.008520
川普,认为有威胁,中国,2024-12-04,0.008517
大下淳一,认为有危机,台积电,2024-11-18,0.008502
川普新政府,主导,美国,2024-11-15,0.008496
陆行之,认可,台积电,2024-12-04,0.008495
习近平,感到不满,拜登,2024-12-04,0.008470
川普,认为非法,墨西哥,2024-11-27,0.008400
川普,认为非法,墨西哥,2024-11-27,0.008400
川普,认为非法,墨西哥,2024-11-27,0.008400
川普,认为非法,墨西哥,2024-11-27,0.008400
川普,认为非法,墨西哥,2024-11-27,0.008400
尹锡悦,主导,南韩戒严,2024-12-02,0.008395
台湾科技公司,认为可靠,美国,2024-10-16,0.008389
台湾科技公司,认为可靠,美国,2024-10-16,0.008389
陈亭妃,认为有成就,台积电,2024-11-05,0.008386
美国,质疑,三星,2024-09-03,0.008385
川普,主导,《晶片法案》,2024-11-14,0.008360
郭智辉,批评,台积电,2024-11-25,0.008351
川普,认为有成就,美国,2024-10-28,0.008344
英特尔执行长,威胁,台积电,2024-12-03,0.008341
台积电,攻击,北京,2024-11-28,0.008307
郭智辉,批评,台积电,2024-11-27,0.008282
郭智辉,批评,台积电,2024-11-27,0.008282
萨克斯,认为优秀,川普,2024-12-04,0.008278
美国,认为优秀,华为,2024-11-29,0.008261
美国,认为优秀,华为,2024-11-29,0.008261
美国,认为优秀,华为,2024-11-29,0.008261
美国,认为优秀,华为,2024-11-29,0.008261
信义房屋不动产企研室,质疑,川普,2024-11-05,0.008256
拜登总统,批评,川普,2024-12-03,0.008255
葛如钧,增进,台积电,2024-11-28,0.008236
乔治亚,感到不满,川普,2024-11-05,0.008218
特朗普,主导,总统大选,2024-10-29,0.008214
郭智辉,认为有成就,台湾,2024-11-06,0.008206
台积电,认为失败,恒水创电,2024-12-04,0.008200
云报政经产业研究院,认为恐怖,台积电,2024-11-10,0.008183
零股投资人,认为有危机,台积电,2024-11-29,0.008158
范琪斐,感到不满,川普,2024-11-14,0.008146
拜登政府,主导,美国,2024-11-07,0.008143
川普,认为失败,美国,2024-11-06,0.008123
川普,认为失败,美国,2024-11-06,0.008123
川普,认为失败,美国,2024-12-06,0.008123
川普,认为失败,美国,2024-12-06,0.008123
陆行之,威胁,台积电,2024-11-27,0.008102
台经院,认为优秀,川普,2024-12-01,0.008098
谢金河,攻击,台积电,2024-11-10,0.008097
算能科技,认为有威胁,美国,2024-11-09,0.008075
算能科技,认为有威胁,美国,2024-11-19,0.008057
参议院,主导,美国,2024-11-06,0.008050
马斯克,威胁,川普,2024-10-30,0.008049
蔡正元,质疑,川普,2024-12-03,0.008027
米勒,批评,台积电,2024-11-25,0.008024
米勒,批评,台积电,2024-11-25,0.008024
米勒,批评,台积电,2024-11-25,0.008024
魏哲家,主导,美国,2024-12-03,0.008020
金管会,认为非法,台积电,2024-12-02,0.008019
季辛格,感到满意,台积电,2024-12-03,0.008014
川普,认为有威胁,中国,2024-12-01,0.008012
蔡正元,质疑,尹锡悦,2024-12-02,0.007986
《路透社》,质疑,台积电,2024-11-12,0.007973
美国,认为犯罪,华为,2024-11-29,0.007964
贝佐斯,质疑,川普,2024-12-06,0.007962
贝佐斯,质疑,川普,2024-12-06,0.007962
谢金河,感到不满,川普,2024-11-30,0.007938
《路透社》,威胁,台积电,2024-11-12,0.007929
贝佐斯,视作英雄,川普,2024-12-05,0.007928
英特尔,感到不满,三星,2024-08-08,0.007922
美国,认为有威胁,加拿大,2024-12-02,0.007913
川普,感到不满,拜登,2024-10-29,0.007908
川普,认为有威胁,加拿大,2024-11-28,0.007882
拜登政府,主导,美国,2024-11-06,0.007874
拜登政府,增进,台积电,2024-11-01,0.007867
共和党,主导,美国,2024-11-05,0.007867
共和党,主导,美国,2024-11-05,0.007867
徐佳馨,损害,台积电,2024-11-24,0.007852
以色列,感到不满,黎巴嫩,2024-11-27,0.007849
乔治亚,认为有成就,川普,2024-11-05,0.007840
川普,主导,收购美钢,2024-11-29,0.007835
郭智辉,批评,台积电,2024-11-20,0.007826
郭智辉,批评,台积电,2024-11-20,0.007826
拜登,认为有威胁,中国,2024-11-07,0.007822
蔡正元,认为犯罪,川普,2024-11-05,0.007809
金管会,认为可靠,台积电,2024-12-02,0.007805
德国,主导,俄乌战争,2024-11-15,0.007771
贝佐斯,视作英雄,川普,2024-12-06,0.007761
贝佐斯,视作英雄,川普,2024-12-06,0.007761
墨西哥,威胁,川普,2024-12-02,0.007728
川普,主导,「保护费」,2024-11-05,0.007721
《路透社》,担忧,台积电,2024-11-12,0.007708
川普,主导,收购美钢,2024-11-27,0.007682
蔡正元,相信,川普,2024-12-03,0.007678
台湾科技公司,认为可靠,美国,2024-10-21,0.007665
台湾科技公司,认为可靠,美国,2024-10-21,0.007665
台湾科技公司,认为可靠,美国,2024-09-21,0.007665
川普总统即将上任,攻击,台积电,2024-11-25,0.007636
马斯克,视作英雄,川普,2024-12-05,0.007625
英特尔,主导,半导体,2024-11-26,0.007611
蔡正元,增进,台积电,2024-12-05,0.007584
台经院,认为有威胁,川普,2024-12-01,0.007575
贝佐斯,认可,川普,2024-12-06,0.007574
贝佐斯,认可,川普,2024-12-06,0.007574
马斯克,质疑,川普,2024-10-30,0.007566
算能科技,质疑,台积电,2024-11-09,0.007565
蔡正元,欢迎,川普,2024-11-05,0.007564
乔治亚州,认为有成就,川普,2024-11-05,0.007545
马斯克,担忧,特斯拉,2024-12-02,0.007535
贝佐斯,感谢,马斯克,2024-12-05,0.007535
川普,主导,高关税政策,2024-12-05,0.007532
马斯克,担忧,特斯拉,2024-12-01,0.007509
魏哲家,增进,台积电,2024-11-28,0.007501
台经院,认为有危机,川普,2024-12-01,0.007497
贝佐斯,欢迎,川普,2024-12-05,0.007497
贝佐斯,质疑,川普,2024-12-05,0.007489
台经院,认为可靠,川普,2024-12-01,0.007485
川普,感到不满,台湾,2024-10-29,0.007472
云报政经产业研究院,担忧,台积电,2024-11-10,0.007455
陆行之,认可,台积电,2024-11-01,0.007448
贝佐斯,威胁,川普,2024-11-28,0.007445
蒋尚义,威胁,台积电,2024-11-29,0.007434
马斯克,认为缺乏,特斯拉,2024-12-01,0.007434
华尔街经济学家,感到不满,川普,2024-10-30,0.007433
陈奕光,主导,美国,2024-11-26,0.007417
美国,相信,台湾,2024-11-19,0.007398
大下淳一,认为失败,台积电,2024-11-18,0.007397
郭正亮,认为违规,台积电,2024-11-05,0.007396
美国,主导,美国,2024-10-29,0.007382
马斯克,欢迎,川普,2024-12-05,0.007373
川普,认为有威胁,加拿大,2024-11-27,0.007360
沈富雄,感到不满,赖清德,2024-11-10,0.007358
台经院,认为非法,川普,2024-12-01,0.007355
台经院,质疑,川普,2024-12-01,0.007351
川普,认为可靠,台湾,2024-11-19,0.007342
川普,认为可靠,台湾,2024-11-19,0.007342
川普,认为可靠,台湾,2024-11-19,0.007342
范琪斐,认为可靠,川普,2024-11-14,0.007334
蔡正元,认为非法,美国,2024-10-28,0.007333
立法院经济委员会,认为恐怖,台积电,2024-11-27,0.007332
立法院经济委员会,认为恐怖,台积电,2024-11-27,0.007332
成材论坛,损害,台积电,2024-11-28,0.007328
詹家鸿,认为可靠,台积电,2024-12-03,0.007314
连贤明,感到不满,川普,2024-11-07,0.007311
连贤明,感到不满,川普,2024-11-07,0.007311
贝佐斯,感谢,马斯克,2024-12-06,0.007288
翁伟捷,感到不满,川普,2024-11-05,0.007271
川普,主导,跨国策略性投资计划,2024-12-04,0.007260
马斯克,认为可靠,川普,2024-11-08,0.007247
贝佐斯,欢迎,川普,2024-12-06,0.007238
贝佐斯,欢迎,川普,2024-12-06,0.007238
美国,认可,特斯拉,2024-12-02,0.007230
台积电,欢迎,恒水创电,2024-12-04,0.007213
俄罗斯,认为有威胁,乌克兰,2024-12-03,0.007209
俄罗斯,认为有威胁,乌克兰,2024-12-03,0.007209
徐佳馨,认为非法,韩国,2024-12-04,0.007208
彭博专栏作家,认为恐怖,台积电,2024-11-28,0.007199
彭博专栏作家,认为恐怖,台积电,2024-11-28,0.007199
马斯克,认为失败,特斯拉,2024-12-01,0.007174
贝佐斯,认可,川普,2024-12-05,0.007169
蔡正元,相信,川普,2024-11-05,0.007168
科克,批评,台积电,2024-11-26,0.007165
科克,批评,台积电,2024-11-26,0.007165
科克,批评,台积电,2024-11-26,0.007165
马斯克,质疑,特斯拉,2024-12-02,0.007158
市调机构集邦科技,认为恐怖,台积电,2024-11-20,0.007157
川普,认可,马斯克,2024-11-17,0.007156
马斯克,欢迎,川普,2024-12-06,0.007153
马斯克,欢迎,川普,2024-11-06,0.007153
马斯克,质疑,特斯拉,2024-12-01,0.007133
马斯克,质疑,特斯拉,2024-12-01,0.007133
台经院,认为缺乏,川普,2024-12-01,0.007128
蔡正元,认为失败,川普,2024-11-05,0.007123
科克,批评,台积电,2024-11-25,0.007122
科克,批评,台积电,2024-11-25,0.007122
科克,批评,台积电,2024-11-25,0.007122
美国,认为缺乏,华为,2024-11-29,0.007115
川普,认为有成就,半导体,2024-12-01,0.007105
连贤明,认为有成就,川普,2024-11-07,0.007093
中国,质疑,美国,2024-12-03,0.007088
美国,主导,美国,2024-11-15,0.007082
川普上任,损害,台积电,2024-11-28,0.007067
马斯克,认为优秀,川普,2024-12-05,0.007059
投资人,主导,美国,2024-11-07,0.007054
川普,威胁,日本,2024-12-01,0.007053
川普,认为可靠,中国,2024-11-10,0.007050
魏哲家,增进,台积电,2024-11-14,0.007045
俄罗斯,感到不满,乌克兰,2024-12-03,0.007040
尹锡悦,认为非法,南韩,2024-12-02,0.007037
美国,认为可靠,中国,2024-12-04,0.007035
乔治亚,相信,川普,2024-11-05,0.007034
魏哲家,增进,台积电,2024-11-29,0.007034
川普,认为失败,美国,2024-11-12,0.007033
市调机构集邦科技,认为有威胁,台积电,2024-11-20,0.007030
泰国,认为失败,川普,2024-12-01,0.007030
李同荣,认为有成就,川普,2024-11-10,0.007018
曾敬德,感到不满,川普,2024-11-05,0.007011
川普,认为有成就,马斯克,2024-11-17,0.006996
川普,认为有成就,马斯克,2024-11-17,0.006996
川普,欣赏,美国,2024-10-30,0.006992
唐纳德·川普,认为有威胁,中国,2024-12-01,0.006992
希拉里·克林顿,感到不满,川普,2024-11-19,0.006985
"拜登
政府",主导,美国,2024-11-07,0.006980
川普,主导,「保护费」,2024-11-06,0.006972
希拉里·克林顿,相信,川普,2024-11-19,0.006968
算能科技,担忧,美国,2024-11-19,0.006950
台湾科技公司,认为可靠,美国,2024-08-20,0.006948
台湾科技公司,认为可靠,美国,2024-10-20,0.006948
台湾科技公司,认为可靠,美国,2024-10-20,0.006948
台湾科技公司,认为可靠,美国,2024-10-20,0.006948
台湾科技公司,认为可靠,美国,2024-10-20,0.006948
川普,认为有威胁,俄罗斯,2024-11-10,0.006939
德国,主导,俄乌战争,2024-11-18,0.006926
马斯克,认为有威胁,美国,2024-12-01,0.006924
花旗银行,主导,美中贸易战,2024-11-27,0.006899
立法院经委会,认为有成就,台积电,2024-11-06,0.006864
曾繁城,增进,台积电,2024-11-28,0.006863
马斯克,认为优秀,川普,2024-12-06,0.006856
郭正亮,感到不满,川普,2024-08-03,0.006847
谢衣鳯,认为恐怖,台积电,2024-11-19,0.006838
台湾房屋集团,认为失败,美国,2024-11-05,0.006793
郭智辉,认为有威胁,川普,2024-11-06,0.006777
台湾,主导,联电,2024-11-30,0.006773
台湾,主导,联电,2024-11-30,0.006773
立法院经委会,主导,台积电,2024-11-06,0.006765
马斯克,担忧,川普,2024-10-30,0.006756
马斯克,质疑,美国,2024-11-28,0.006751
菲力浦,主导,俄乌战争,2024-11-18,0.006743
美国,认为可靠,以色列,2024-11-29,0.006722
川普,认为失败,美国,2024-11-29,0.006695
川普,认为失败,美国,2024-11-29,0.006695
川普,认为非法,中国,2024-12-04,0.006689
马斯克,认为非法,美国,2024-12-01,0.006677
台商,感到不满,川普,2024-11-18,0.006667
川普,认为可靠,中国,2024-11-28,0.006666
前任员工,认为犯罪,台积电,2024-11-19,0.006653
孙明德,认为有成就,川普,2024-11-08,0.006648
美国,认为可靠,川普,2024-11-15,0.006645
波顿,感到不满,川普,2024-12-02,0.006641
川普,认为有威胁,美国,2024-11-05,0.006640
川普,主导,新政府,2024-11-28,0.006627
路透社,认为优秀,华为,2024-10-23,0.006622
侯上勇,批评,台积电,2024-11-28,0.006622
杨瑞临,感到不满,川普,2024-12-03,0.006620
米勒,认为有暴力,台积电,2024-11-25,0.006611
米勒,认为有暴力,台积电,2024-11-25,0.006611
半导体,主导,美国,2024-12-04,0.006605
贺锦丽,主导,美国,2024-10-31,0.006585
吉尔吉斯,主导,南韩戒严风暴,2024-11-26,0.006581
张建一,认为可靠,川普,2024-11-07,0.006565
蔡正元,质疑,尹锡悦,2024-12-03,0.006538
蔡正元,质疑,尹锡悦,2024-12-03,0.006538
张建一,质疑,美国,2024-11-06,0.006527
川普,认为可靠,美国,2024-12-06,0.006514
郭智辉,感到不满,萧美琴,2024-11-10,0.006513
吴田玉,认为有危机,台积电,2024-11-20,0.006457
吴田玉,认为有危机,台积电,2024-11-20,0.006457
吴田玉,认为有危机,台积电,2024-11-20,0.006457
信义房屋不动产企研室,认为有危机,台积电,2024-11-05,0.006449
美国,认为可靠,台湾,2024-11-06,0.006436
美国,认为可靠,台湾,2024-11-06,0.006436
民国政府,支持,台积电,2024-10-29,0.006427
连贤明,主导,美中贸易战,2024-11-07,0.006400
川普,主导,收购美钢,2024-11-21,0.006397
陈凤馨,认为恐怖,台积电,2024-11-20,0.006389
马斯克,认可,特斯拉,2024-12-01,0.006384
马斯克,认可,特斯拉,2024-12-01,0.006384
莫迪,相信,川普,2024-11-05,0.006382
张忠谋,认为可靠,蒋尚义,2024-11-26,0.006381
共和党总统候选人川普,主导,美国,2024-11-05,0.006380
张忠谋,认为可靠,蒋尚义,2024-11-29,0.006374
华尔街资本,认为有危机,台积电,2024-12-01,0.006359
尹锡悦,主导,南韩戒严,2024-12-04,0.006352
台湾,认为可靠,美国,2024-10-29,0.006343
拜登,感到不满,赖清德,2024-12-01,0.006336
川普,认为有威胁,美国,2024-11-28,0.006327
川普,认为有威胁,美国,2024-11-28,0.006327
川普,认为有威胁,美国,2024-11-28,0.006327
民主党,主导,美国,2024-11-05,0.006321
美国,质疑,赖清德,2024-12-01,0.006314
美国,质疑,赖清德,2024-12-01,0.006314
台湾科技公司,认为可靠,美国,2024-08-19,0.006312
台湾科技公司,认为可靠,美国,2024-10-19,0.006312
台湾科技公司,认为可靠,美国,2024-10-19,0.006312
台湾科技公司,认为可靠,美国,2024-10-19,0.006312
美国,感到不满,川普,2024-11-15,0.006309
赖清德,欢迎,川普,2024-11-05,0.006301
川普,质疑,《晶片与科学法案》,2024-11-15,0.006277
财信传媒,攻击,台积电,2024-11-30,0.006269
联电,攻击,台湾二线晶圆厂,2024-11-30,0.006263
米勒,认为可靠,美国,2024-11-29,0.006263
米勒,认为可靠,美国,2024-11-29,0.006263
台积电,损害,半导体,2024-12-01,0.006263
郭智辉,相信,川普,2024-11-06,0.006244
美国,认为有威胁,赖清德,2024-12-01,0.006240
川普,认为可靠,台湾,2024-12-02,0.006230
美联社,主导,美国,2024-11-05,0.006227
美国,感到不满,华为,2024-11-29,0.006222
美国,感到不满,华为,2024-11-29,0.006222
美国,感到不满,华为,2024-11-29,0.006222
蔡正元,质疑,川普,2024-11-05,0.006219
马斯克,威胁,川普,2024-12-04,0.006217
王效平,批评,台积电,2024-11-17,0.006203
立法院,增进,台积电,2024-11-28,0.006191
立法院,增进,台积电,2024-11-28,0.006191
乔治亚州,认为有成就,川普,2024-11-19,0.006184
《路透社》,威胁,台积电,2024-11-10,0.006176
台经院景气预测中心,感到不满,川普,2024-11-19,0.006169
赖清德,相信,川普,2024-11-05,0.006165
金管会,认为失败,台积电,2024-12-02,0.006141
马斯克,支持,特朗普,2024-10-28,0.006132
孙明德,感到不满,川普,2024-11-08,0.006124
索贝克,主导,川普政府,2024-11-28,0.006124
魏哲家,感到满意,台积电,2024-12-04,0.006122
谢衣凤,增进,台积电,2024-11-19,0.006104
美国,认为优秀,赖清德,2024-12-01,0.006103
川普,威胁,墨西哥,2024-11-27,0.006099
川普,威胁,墨西哥,2024-11-27,0.006099
川普,威胁,墨西哥,2024-11-27,0.006099
蔡正元,认为缺乏,南韩,2024-12-03,0.006098
川普,主导,关税新政,2024-12-01,0.006096
马斯克,支持,特朗普,2024-10-29,0.006073
索贝克,主导,川普政府,2024-11-27,0.006072
吕秀莲,批评,台积电,2024-11-10,0.006067
裴洛西,主导,美国,2024-11-05,0.006040
裴洛西,主导,美国,2024-11-05,0.006040
李同荣,感到不满,川普,2024-11-10,0.006037
台湾科技公司,认为可靠,美国,2024-10-17,0.006037
孙明德,感到不满,川普,2024-11-07,0.006024
川普,认为失败,美中贸易战,2024-11-07,0.006022
蔡正元,认为有危机,南韩,2024-12-03,0.006014
蔡正元,认为有危机,南韩,2024-12-03,0.006014
乔治亚州,主导,美国,2024-11-05,0.006014
刘镜清,认为有成就,川普,2024-11-12,0.006013
美国,感到不满,华为,2024-11-25,0.006010
贺锦丽,主导,美国,2024-11-29,0.006009
《彭博》,认为恐怖,台积电,2024-11-29,0.006001
外交部,相信,美国,2024-11-06,0.005982
蔡正元,担忧,南韩,2024-12-03,0.005981
蔡政府,主导,拜登政府,2024-11-21,0.005964
日本,担忧,川普,2024-12-01,0.005962
郑佩玟,主导,美国,2024-11-05,0.005956
魏哲家,感到满意,台积电,2024-12-02,0.005941
特斯拉,视作英雄,马斯克,2024-11-25,0.005926
台经院,认为犯罪,川普,2024-12-01,0.005924
朱凤莲,感到不满,川普,2024-11-06,0.005923
川普,认为非法,泰国,2024-11-28,0.005923
蔡正元,认为犯罪,尹锡悦,2024-12-03,0.005912
川普,认为有威胁,美国,2024-11-27,0.005908
川普,认为有威胁,美国,2024-11-27,0.005908
谢金河,认为可靠,美国,2024-10-14,0.005905
童子贤,认为有成就,台湾,2024-12-04,0.005879
川普上任,攻击,台积电,2024-11-28,0.005878
纽森,感到不满,川普,2024-12-02,0.005876
高市府,增进,台积电,2024-11-26,0.005866
韩国,担忧,川普,2024-12-01,0.005864
中国大陆官员,主导,美国,2024-11-28,0.005862
张忠谋,认为有成就,英特尔,2024-12-02,0.005862
特斯拉,主导,政府效率部,2024-11-27,0.005856
特斯拉,主导,政府效率部,2024-11-27,0.005856
美国,认可,川普,2024-11-15,0.005855
川普政策,损害,台积电,2024-12-03,0.005853
越南,担忧,川普,2024-12-01,0.005847
麦考密克,认为有成就,特斯拉,2024-12-03,0.005843
菲律宾,主导,马科斯-杜特尔特联盟,2024-12-06,0.005828
川普,感到不满,台湾,2024-11-19,0.005824
马斯克,感到满意,特斯拉,2024-12-01,0.005817
马斯克,认可,川普,2024-11-08,0.005803
傅崐萁,批评,台积电,2024-11-18,0.005790
刘镜清,主导,美国,2024-11-27,0.005787
李守正,认为有成就,台积电,2024-12-04,0.005783
SK海力士,主导,南韩戒严令,2024-11-05,0.005779
乔治亚州,相信,川普,2024-11-05,0.005763
半导体,相信,美国,2024-12-04,0.005761
美国,认可,墨西哥,2024-11-29,0.005760
奥地利,相信,台湾,2024-09-29,0.005754
台湾科技公司,认为可靠,美国,2024-09-18,0.005754
地方州政府,认可,台积电,2024-11-25,0.005746
美国,主导,半导体,2024-11-19,0.005734
孙明德,批评,台积电,2024-11-06,0.005729
赖怡忠,认为有危机,台积电,2024-11-13,0.005725
刘扬伟,相信,川普,2024-12-02,0.005720
法国,主导,欧盟,2024-11-28,0.005715
卓荣泰,相信,美国,2024-10-29,0.005715
拜登政府,损害,台积电,2024-11-01,0.005713
黄荫基博,认为非法,韩国,2024-12-04,0.005713
美国,质疑,美国,2024-10-30,0.005711
马斯克,欢迎,特斯拉,2024-12-01,0.005711
马斯克,欢迎,特斯拉,2024-12-01,0.005711
拜登,认为可靠,亚利桑那州,2024-11-19,0.005699
RIRENMB,认为违规,台积电,2024-10-30,0.005696
蔡正元,威胁,川普,2024-12-03,0.005691
川普,认为有威胁,台湾,2024-11-05,0.005686
川普,认为有威胁,台湾,2024-11-05,0.005686
张忠谋,喜欢,蒋尚义,2024-11-29,0.005679
特朗普,感到不满,台湾,2024-10-24,0.005673
秘鲁,认为可靠,中国,2024-12-04,0.005663
川普,认为有威胁,台湾,2024-11-04,0.005650
算能科技,认为有威胁,台积电,2024-11-09,0.005650
习近平,质疑,美国,2024-12-04,0.005641
傅崐萁,主导,崇越科技,2024-11-18,0.005636
刘扬伟,感到不满,川普,2024-12-02,0.005631
马斯克,主导,总统选举,2024-11-20,0.005628
习近平,认为有威胁,拜登,2024-12-04,0.005625
郭智辉,质疑,特朗普,2024-11-05,0.005615
习近平,担忧,美国,2024-12-04,0.005611
川普,认为有威胁,台湾,2024-11-06,0.005608
川普,认为有威胁,台湾,2024-11-06,0.005608
川普,认为有威胁,台湾,2024-11-06,0.005608
川普,认为有威胁,台湾,2024-11-06,0.005608
杨瑞临,感到不满,川普,2024-11-22,0.005607
郭智辉,质疑,特朗普,2024-11-07,0.005605
美国,认为有成就,台湾,2024-12-04,0.005594
《路透社》,担忧,台积电,2024-11-10,0.005592
算能科技,认为恐怖,台积电,2024-11-09,0.005589
美国,威胁,华为,2024-11-29,0.005583
美国,威胁,华为,2024-11-29,0.005583
美国,威胁,华为,2024-11-29,0.005583
川普,认为违规,《晶片与科学法案》,2024-11-15,0.005577
马斯克,认为有危机,美国,2024-12-01,0.005573
美国,主导,半导体,2024-11-22,0.005571
蔡正元,感到不满,尹锡悦,2024-12-03,0.005570
蔡正元,感到不满,尹锡悦,2024-12-03,0.005570
台湾国安系统,认为可靠,美国,2024-11-13,0.005570
川普,认为失败,美中贸易战,2024-11-08,0.005545
蔡英文,认为有威胁,中国,2024-11-03,0.005535
张建一,相信,川普,2024-11-07,0.005518
俄罗斯,认为有危机,南韩戒严风暴,2024-11-20,0.005515
王信贤,认为可靠,川普,2024-10-30,0.005496
习近平,认为有威胁,中国,2024-12-04,0.005489
川普,感到不满,拜登政府,2024-11-28,0.005482
邹飞逯,支持,台积电,2024-12-05,0.005474
郭智辉,担忧,特朗普,2024-11-07,0.005452
赖清德,质疑,川普,2024-11-05,0.005452
蔡明彦,认为非法,美国,2024-11-06,0.005439
白宫,欢迎,川普,2024-12-02,0.005435
美国,质疑,美国,2024-10-29,0.005426
蔡正元,认为可靠,川普,2024-11-05,0.005410
蔡正元,认为可靠,川普,2024-12-03,0.005399
川普,认可,美国,2024-12-06,0.005383
川普,认为有威胁,台湾,2024-12-01,0.005379
习近平,认为有威胁,秘鲁,2024-11-16,0.005371
马斯克,威胁,特斯拉,2024-12-01,0.005360
马斯克,威胁,特斯拉,2024-12-01,0.005360
张建一,认为优秀,川普,2024-11-07,0.005357
博世,主导,半导体,2024-12-02,0.005356
台积电,感谢,李长荣,2024-11-27,0.005340
川普,认为失败,俄乌战争,2024-11-10,0.005326
川普,认为失败,俄乌战争,2024-11-10,0.005326
美国,感到不满,墨西哥,2024-11-29,0.005325
泰国,质疑,川普,2024-12-01,0.005319
拜登,认可,亚利桑那州,2024-11-19,0.005313
蔡正元,认为优秀,川普,2024-11-05,0.005311
川普,威胁,中国,2024-12-04,0.005306
美国,主导,半导体,2024-10-26,0.005306
美国,主导,半导体,2024-10-26,0.005306
美国,主导,半导体,2024-10-26,0.005306
川普,认为失败,美中贸易战,2024-10-31,0.005304
蔡正元,担忧,川普,2024-12-03,0.005298
证交所,认为恐怖,台积电,2024-12-02,0.005297
贝佐斯,支持,川普,2024-12-05,0.005281
乔治亚州,相信,川普,2024-11-19,0.005273
蔡正元,认为可靠,尹锡悦,2024-12-03,0.005269
蔡正元,认为可靠,尹锡悦,2024-12-03,0.005269
谢衣鳯,认为犯罪,台积电,2024-11-04,0.005268
谢金河,感到不满,川普,2024-11-19,0.005262
王信贤,感到不满,川普,2024-10-30,0.005260
马斯克,认可,川普,2024-12-06,0.005257
拜登总统,损害,台积电,2024-12-03,0.005244
川普,认为非法,加拿大,2024-11-29,0.005242
川普,认为非法,加拿大,2024-11-29,0.005242
台湾国安系统,认为可靠,美国,2024-11-14,0.005227
美国,支持,华为,2024-11-29,0.005221
美国,支持,华为,2024-11-29,0.005221
美国,支持,华为,2024-11-29,0.005221
台湾中央银行,主导,美中贸易战,2024-10-29,0.005202
中国,质疑,川普,2024-11-19,0.005193
格里芬,相信,川普,2024-12-04,0.005192
日本熊本县菊阳町,主导,台积电,2024-11-03,0.005186
华尔街资本,欣赏,台积电,2024-12-01,0.005172
川普,担忧,美国,2024-12-06,0.005170
特斯拉,支持,川普,2024-11-19,0.005163
贝佐斯,支持,川普,2024-12-06,0.005155
蔡正元,质疑,尹锡悦,2024-12-04,0.005150
蔡正元,质疑,尹锡悦,2024-12-04,0.005150
蔡正元,质疑,尹锡悦,2024-12-04,0.005150
阮慕骅,主导,美国,2024-11-27,0.005149
傅崐萁,主导,崇越科技,2024-11-19,0.005137
特朗普,主导,第二个总统任期,2024-11-23,0.005123
英特尔,威胁,川普,2024-12-03,0.005109
马斯克,认可,川普,2024-12-05,0.005107
川普,认为失败,俄乌战争,2024-11-12,0.005105
孙明德,相信,川普,2024-11-07,0.005105
台湾拟提大型军购案,感到不满,川普,2024-11-19,0.005096
台湾拟提大型军购案,感到不满,川普,2024-11-19,0.005096
川普,认为有威胁,美国,2024-11-25,0.005095
美国,攻击,华为,2024-12-01,0.005094
川普,认为非法,乌克兰,2024-11-10,0.005085
郭智辉,认为失败,川普,2024-11-06,0.005082
台经院,担忧,川普,2024-12-01,0.005079
基辛格,主导,英特尔,2024-12-03,0.005054
魏哲家,主导,台积公司,2024-10-25,0.005053
魏哲家,主导,台积公司,2024-10-26,0.005053
美国,认为非法,台湾,2024-11-06,0.005052
光通讯台厂,主导,美中贸易战,2024-11-28,0.005051
民进党政府,相信,美国,2024-11-21,0.005048
民进党政府,相信,美国,2024-11-21,0.005048
川普,主导,新川普时代,2024-11-19,0.005046
日本,认为失败,美国,2024-11-02,0.005039
贝佐斯,感到满意,川普,2024-12-06,0.005038
贝佐斯,感到满意,川普,2024-12-06,0.005038
台积电,主导,「双首长制」,2024-11-29,0.005031
马斯克,威胁,美国,2024-10-29,0.005021
麦考密克,感到不满,特斯拉,2024-12-03,0.005015
川普,认为失败,美中贸易战,2024-10-29,0.005013
川普,质疑,马斯克,2024-11-06,0.005007
谢衣鳯,相信,川普,2024-11-04,0.004995
川普,威胁,美国,2024-12-06,0.004987
川普,威胁,美国,2024-12-06,0.004987
黄国昌,感到不满,美国,2024-12-02,0.004986
马克宏,感到不满,川普,2024-11-13,0.004986
基辛格,主导,英特尔,2024-12-02,0.004984
乌克兰,认为失败,俄乌战争,2024-11-10,0.004982
越南,认可,川普,2024-12-01,0.004982
张建一,认为有威胁,川普,2024-11-07,0.004969
拜登政府,认为有威胁,美国,2024-12-03,0.004963
新加坡,认为有威胁,委内瑞拉,2024-11-01,0.004958
蔡正元,威胁,南韩,2024-12-04,0.004951
索贝克,批评,台积电,2024-11-28,0.004950
蔡正元,担忧,川普,2024-11-05,0.004944
孙明德,感到不满,川普,2024-11-19,0.004920
美国,认为失败,华为,2024-11-29,0.004920
美国,认为失败,华为,2024-11-29,0.004920
美国,认为失败,华为,2024-11-29,0.004920
川普,认为有威胁,台湾,2024-11-08,0.004914
拜登,认为有威胁,美国,2024-11-14,0.004909
米勒,质疑,川普,2024-12-04,0.004909
台湾中央银行,感到不满,川普,2024-10-29,0.004906
川普,认为非法,加拿大,2024-11-28,0.004905
川普,认为非法,加拿大,2024-11-28,0.004905
川普,威胁,美国,2024-11-28,0.004893
川普,威胁,美国,2024-11-28,0.004893
川普,威胁,美国,2024-11-28,0.004893
爱迪生研究公司,认可,唐纳德·川普,2024-11-19,0.004893
希拉里·克林顿,认可,川普,2024-11-19,0.004880
郭智辉,感到不满,川普,2024-11-19,0.004874
郭智辉,感到不满,川普,2024-11-19,0.004874
马斯克,主导,川普竞选,2024-12-02,0.004872
民进党,相信,中国,2024-10-30,0.004859
古巴政府,认为有威胁,美国,2024-12-01,0.004855
川普,主导,贸易战,2024-11-06,0.004838
李芸桦,感到不满,川普,2024-11-14,0.004829
郭智辉,认为非法,美国,2024-11-06,0.004824
拜登,质疑,川普,2024-08-27,0.004814
杰尔辛格,攻击,台积电,2024-10-29,0.004814
以色列,认为有威胁,伊朗,2024-10-27,0.004808
马斯克,认为非法,特斯拉,2024-12-01,0.004808
彭博,感到不满,川普,2024-11-28,0.004801
特朗普,认为失败,美国,2024-11-25,0.004799
美国,批评,华为,2024-11-29,0.004794
美国,批评,华为,2024-11-29,0.004794
美国,批评,华为,2024-11-29,0.004794
美国,质疑,川普,2024-10-30,0.004793
刘扬伟,认为非法,墨西哥,2024-12-02,0.004791
葛如钧,损害,台积电,2024-11-28,0.004791
陆行之,质疑,台积电,2024-11-01,0.004771
台积电,感谢,供应商伙伴,2024-12-02,0.004756
沈富雄,感到不满,台湾人,2024-11-15,0.004752
川普,质疑,拜登,2024-10-29,0.004750
格里芬,感到不满,川普,2024-12-04,0.004745
贝佐斯,感到满意,川普,2024-12-05,0.004737
飞宏集团,认为有威胁,川普,2024-12-02,0.004731
郭智辉,认为优秀,川普,2024-11-06,0.004724
金管会,感到不满,台积电,2024-12-02,0.004720
川普,认为非法,美国,2024-12-06,0.004718
川普,认为非法,美国,2024-12-06,0.004718
赖清德,相信,台湾,2024-12-02,0.004715
蔡正元,认为缺乏,川普,2024-11-05,0.004713
马斯克,认为有威胁,美国,2024-10-29,0.004712
川普,主导,贸易战,2024-11-05,0.004711
川普,认为非法,台湾,2024-12-02,0.004711
金管会,认为缺乏,台积电,2024-12-02,0.004705
美国,认可,川普,2024-11-09,0.004703
亚利桑那州,主导,第三座晶圆厂,2024-09-08,0.004703
川普,认可,Google,2024-11-29,0.004698
川普,感到不满,司徒文,2024-11-26,0.004698
美国,认为可靠,美国,2024-10-29,0.004695
美国,认为可靠,美国,2024-10-29,0.004695
特朗普,质疑,台湾,2024-10-29,0.004694
台湾,主导,世界棒球12强赛,2024-11-28,0.004692
拜登政府,主导,《晶片与科学法案》,2024-11-15,0.004686
谢明志,主导,美国,2024-11-07,0.004674
陆行之,主导,美国,2024-11-06,0.004666
郭智辉,相信,台湾,2024-12-02,0.004665
郭智辉,相信,台湾,2024-12-02,0.004665
川普,认为失败,俄乌战争,2024-11-26,0.004660
信义房屋不动产企研室,担忧,川普,2024-11-05,0.004660
蔡正元,认为有危机,南韩,2024-12-04,0.004659
王辉耀,认为有成就,川普,2024-11-26,0.004659
美国,认为有威胁,俄罗斯,2024-12-03,0.004659
韦根德,主导,英特尔,2024-12-02,0.004654
刘镜清,主导,美国,2024-11-06,0.004652
川普,主导,新政府,2024-11-15,0.004643
赖清德,感谢,川普,2024-11-05,0.004642
张忠谋,欣赏,琼瑶,2024-12-02,0.004639
美国,质疑,台湾,2024-11-06,0.004638
塔吉克,主导,南韩戒严风暴,2024-11-26,0.004626
柯文哲,认为有威胁,中国,2024-11-03,0.004623
中国,感到不满,川普,2024-11-19,0.004619
川普,攻击,韩国,2024-12-01,0.004617
CNN,相信,川普,2024-11-05,0.004614
美国,认为有威胁,特斯拉,2024-12-02,0.004607
川普,认可,蔡英文,2024-10-30,0.004588
储祥生,质疑,台积电,2024-12-03,0.004587
川普,认为非法,加拿大,2024-11-27,0.004585
川普,质疑,蔡英文,2024-10-30,0.004559
拜登,认为有威胁,以色列,2024-11-28,0.004555
马斯克,支持,川普,2024-11-08,0.004553
魏哲家,攻击,台积电,2024-12-02,0.004550
市调机构集邦科技,认为有危机,台积电,2024-11-20,0.004548
南韩总统尹锡悦,主导,南韩戒严,2024-12-04,0.004546
南韩总统尹锡悦,主导,南韩戒严,2024-12-04,0.004546
孙明德,质疑,川普,2024-11-07,0.004545
麦考米克,感到不满,特斯拉,2024-12-03,0.004539
川普,威胁,美国,2024-11-27,0.004538
刘镜清,相信,特朗普,2024-11-05,0.004527
奥地利,认为可靠,台湾,2024-09-29,0.004525
台湾,质疑,美国,2024-11-21,0.004517
孙明德,质疑,川普,2024-11-08,0.004511
美国,认为可靠,美国,2024-10-27,0.004511
蔡正元,认为有危机,川普,2024-11-05,0.004505
刘博士,支持,台积电,2024-11-26,0.004503
马斯克,支持,川普,2024-10-27,0.004502
拜登政府,认可,《晶片与科学法案》,2024-11-06,0.004482
美国,认为有威胁,台湾,2024-11-06,0.004482
美国,认为有威胁,台湾,2024-11-06,0.004482
永丰投顾,主导,美国,2024-11-08,0.004471
金正恩,认为非法,美国,2024-12-04,0.004469
川普,认为优秀,马斯克,2024-11-06,0.004464
川普,认可,马斯克,2024-11-06,0.004459
全福生技,威胁,台积电,2024-11-29,0.004455
葛如钧,损害,台积电,2024-11-29,0.004454
马斯克,认为热情,特斯拉,2024-12-01,0.004451
马斯克,认为热情,特斯拉,2024-12-01,0.004451
亚利桑那州,认可,拜登,2024-11-05,0.004451
中国,认可,特斯拉,2024-11-19,0.004447
特朗普,质疑,台湾,2024-10-28,0.004445
范斯,认为有威胁,乌克兰,2024-10-29,0.004445
九州地区,认可,台积电,2024-11-18,0.004438
刘德音,相信,川普,2024-12-02,0.004438
乔治亚州,认为可靠,川普,2024-11-19,0.004431
美国,质疑,特朗普,2024-11-19,0.004429
俄罗斯,认为失败,乌克兰,2024-12-03,0.004427
美国,担忧,三星,2024-09-03,0.004418
台湾国安系统,认为可靠,美国,2024-11-16,0.004414
川普,认为有威胁,台湾,2024-11-09,0.004413
最高法院,认可,川普,2024-08-28,0.004405
张建一,质疑,川普,2024-11-06,0.004405
谢衣鳯,感到不满,川普,2024-11-04,0.004403
刘镜清,主导,美国,2024-11-05,0.004403
唐纳德·川普,认为失败,亚利桑那州,2024-11-19,0.004398
马斯克,认为犯罪,特斯拉,2024-12-01,0.004398
信义房屋不动产企研室,感到不满,川普,2024-11-05,0.004381
川普,主导,「大院高墙」,2024-11-08,0.004381
萧美琴,认为失败,南韩,2024-12-05,0.004374
陈世凯,感到不满,川普,2024-08-03,0.004373
贺锦丽,主导,美国,2024-11-05,0.004366
蔡正元,感到不满,尹锡悦,2024-12-04,0.004362
蔡正元,感到不满,尹锡悦,2024-12-04,0.004362
蔡正元,感到不满,尹锡悦,2024-12-04,0.004362
川普,主导,「政府效率部」,2024-12-03,0.004354
纽森,相信,川普,2024-12-02,0.004335
郭正亮,认为犯罪,台积电,2024-11-05,0.004325
加拿大,视作英雄,美国,2024-12-01,0.004325
俄罗斯,认为有危机,乌克兰,2024-12-03,0.004325
蔡正元,认为可靠,尹锡悦,2024-12-04,0.004316
郭智辉,相信,川普,2024-11-27,0.004305
中研院院长,感到不满,川普,2024-11-10,0.004301
习近平,认为可靠,中国,2024-12-04,0.004297
吕秀莲,感到不满,萧美琴,2024-11-10,0.004293
蔡明彦,质疑,美国,2024-11-06,0.004285
马斯克,损害,川普,2024-11-17,0.004282
英特尔,担忧,美国,2024-12-03,0.004281
台经院,威胁,川普,2024-12-01,0.004281
川普,主导,俄乌和解,2024-11-29,0.004276
伊隆马斯克,认可,川普,2024-11-19,0.004252
范琪斐,相信,川普,2024-11-14,0.004250
法国,威胁,加拿大,2024-08-06,0.004248
李镇宇,攻击,台积电,2024-11-19,0.004247
张建一,质疑,川普,2024-11-07,0.004239
川普,感到满意,马斯克,2024-11-17,0.004238
川普,威胁,台湾,2024-11-05,0.004238
乔治亚,认为失败,川普,2024-11-05,0.004226
刘德音,质疑,川普,2024-12-02,0.004222
刘德音,质疑,川普,2024-12-02,0.004222
郭智辉,质疑,川普,2024-12-03,0.004215
贺锦丽,主导,美国,2024-11-04,0.004214
北京,质疑,川普,2024-12-01,0.004212
北京,质疑,川普,2024-12-01,0.004212
蔡正元,认为违规,川普,2024-11-05,0.004211
蔡正元,认为违规,川普,2024-12-03,0.004211
马斯克,损害,川普,2024-11-16,0.004208
习近平,认为非法,中国,2024-12-04,0.004200
川普,视作英雄,马斯克,2024-12-02,0.004200
郭智辉,质疑,川普,2024-11-06,0.004199
郭智辉,质疑,川普,2024-11-06,0.004199
刘复国,认为有成就,川普,2024-10-30,0.004195
泰国,欢迎,川普,2024-12-01,0.004193
川普,认为有威胁,中国,2024-11-28,0.004191
普京,欢迎,川普,2024-11-05,0.004185
美国,认为有威胁,三星,2024-09-03,0.004184
格里芬,认为有威胁,川普,2024-12-04,0.004178
台经院景气预测中心,相信,川普,2024-11-19,0.004177
蔡明彦,认为有威胁,美国,2024-11-06,0.004165
拜登,感到不满,亚利桑那州,2024-11-19,0.004163
孙明德,认为可靠,川普,2024-11-07,0.004158
台积电,支持,恒水创电,2024-12-04,0.004157
郭智辉,主导,美国,2024-11-19,0.004156
美国,主导,芯片,2024-10-29,0.004149
美国,主导,芯片,2024-10-29,0.004149
美国,主导,芯片,2024-10-29,0.004149
川普,增进,华为,2024-11-29,0.004143
赖清德,认为优秀,台湾,2024-12-02,0.004142
张建一,视作英雄,川普,2024-11-07,0.004139
菲力浦常务次长,主导,俄乌战争,2024-11-15,0.004135
曾敬德,相信,川普,2024-11-05,0.004134
马斯克,支持,川普,2024-12-06,0.004131
卓揆,主导,美国,2024-11-25,0.004128
马斯克,感到满意,川普,2024-11-08,0.004128
谢金河,认为热情,川普,2024-08-01,0.004128
川普,认为非法,台湾,2024-11-06,0.004126
美国,认可,赖清德,2024-12-01,0.004112
美国,认可,赖清德,2024-12-01,0.004112
民进党,认为可靠,中国,2024-10-30,0.004112
台湾,认为非法,美国,2024-11-13,0.004110
吴政务次长,欣赏,台积电,2024-11-18,0.004103
汪葛雷,攻击,台积电,2024-11-18,0.004102
飞宏集团,质疑,川普,2024-12-02,0.004090
川普胜选,主导,美国,2024-11-25,0.004089
季辛格,损害,台积电,2024-12-03,0.004085
储祥生,担忧,台积电,2024-12-03,0.004082
美国,认可,加拿大,2024-11-29,0.004077
马英九,感到不满,蔡英文,2024-11-19,0.004077
亚利桑那州,认为优秀,拜登,2024-11-05,0.004076
乔治亚州,认可,川普,2024-11-19,0.004072
乔治亚州,认可,川普,2024-11-19,0.004072
台湾,感到不满,美国,2024-11-21,0.004071
郭智辉,认为缺乏,川普,2024-11-06,0.004067
华尔街资本,质疑,台积电,2024-12-01,0.004064
习近平,威胁,川普,2024-12-04,0.004061
蔡英文,相信,台湾,2024-11-10,0.004059
蔡英文,相信,台湾,2024-11-10,0.004059
马斯克,主导,「筷子」,2024-12-04,0.004054
蔡明彦,认可,美国,2024-11-06,0.004052
王信贤,认可,川普,2024-10-30,0.004043
美国,质疑,川普,2024-11-15,0.004038
美国,认为失败,南韩戒严,2024-12-02,0.004033
川普,认为非法,美国,2024-11-29,0.004030
波顿,相信,川普,2024-12-02,0.004028
赖清德,认为可靠,台湾,2024-11-20,0.004023
特朗普,认为优秀,习近平,2024-10-28,0.004018
台积电,感到满意,恒水创电,2024-12-04,0.004018
孙明德,相信,川普,2024-11-19,0.004016
日本,认为有成就,英特尔,2024-11-29,0.004014
张忠谋,欣赏,蒋尚义,2024-11-29,0.004010
美国,认为可靠,台湾,2024-11-27,0.004010
川普,感到不满,鲍尔,2024-11-07,0.004003
储祥生,威胁,台积电,2024-12-03,0.003995
马斯克,支持,川普,2024-12-05,0.003991
川普,威胁,台湾,2024-08-03,0.003985
司徒文,认为有成就,川普,2024-11-26,0.003983
郭智辉,主导,崇越科技,2024-11-18,0.003978
南韩政府,认为有成就,三星,2024-11-27,0.003975
谢金河,欢迎,川普,2024-08-01,0.003965
英国,认为可靠,日本,2024-08-14,0.003964
台湾政府,欢迎,川普,2024-12-01,0.003961
中国汽车工业协会,主导,美国,2024-12-06,0.003954
中国汽车工业协会,主导,美国,2024-12-06,0.003954
民主党,相信,川普,2024-11-19,0.003950
中国,认为可靠,特斯拉,2024-11-19,0.003949
谢金河,认为可靠,以色列,2024-11-17,0.003948
台经院景气预测中心,认可,川普,2024-11-19,0.003948
希拉里·克林顿,感谢,川普,2024-11-19,0.003944
刘扬伟,认为优秀,川普,2024-12-02,0.003938
川普,欢迎,特斯拉,2024-10-23,0.003930
张建一,威胁,川普,2024-11-07,0.003929
地方州政府,欣赏,台积电,2024-11-25,0.003928
马斯克,支持,川普,2024-11-21,0.003924
美国,认为可靠,中国,2024-11-20,0.003917
古巴政府,认为非法,美国,2024-12-01,0.003916
川普,认为有威胁,南非,2024-11-19,0.003913
英国经济学人,主导,美中贸易战,2024-11-14,0.003910
南韩,主导,戒严,2024-12-02,0.003909
郭智辉,威胁,川普,2024-11-06,0.003908
台积公司,认为可靠,出口管制法规,2024-12-03,0.003905
川普,认为失败,俄乌战争,2024-11-20,0.003903
郭正亮,认为恐怖,台积电,2024-11-05,0.003901
华尔街资本,认为恐怖,台积电,2024-12-01,0.003900
习近平,质疑,赖清德总统,2024-11-21,0.003899
谢佳兴,主导,美国,2024-11-06,0.003899
川普,主导,贸易战,2024-12-02,0.003896
"高雄市长
陈其迈",批评,台积电,2024-11-26,0.003895
密歇根州,认为有成就,川普,2024-11-19,0.003893
算能科技,认为有危机,台积电,2024-11-09,0.003887
詹家鸿,认为有威胁,台积电,2024-12-03,0.003884
算能科技,威胁,美国,2024-11-19,0.003883
吴德荣,主导,南韩戒严,2024-12-02,0.003881
吴志中,主导,美国,2024-11-05,0.003879
立法院经委会,视作英雄,郭智辉,2024-11-06,0.003873
川普,质疑,台湾,2024-11-27,0.003872
川普,质疑,台湾,2024-11-27,0.003872
川普,质疑,台湾,2024-11-27,0.003872
爱迪生研究公司,认为有成就,唐纳德·川普,2024-11-19,0.003871
坎伯,主导,南韩戒严,2024-12-02,0.003861
川普,认为优秀,蔡英文,2024-10-30,0.003853
拜登,质疑,马斯克,2024-10-28,0.003845
川普,主导,移民政策,2024-11-18,0.003839
张忠谋,主导,半导体,2024-11-28,0.003835
郭智辉,认为有危机,川普,2024-11-06,0.003833
郭智辉,认为优秀,台湾,2024-11-06,0.003832
范琪斐,认可,川普,2024-11-14,0.003830
郭智辉,担忧,川普,2024-11-06,0.003830
新加坡,喜欢,川普,2024-11-05,0.003829
郭智辉,认为失败,美中贸易战,2024-12-02,0.003828
郭智辉,认为失败,美中贸易战,2024-12-02,0.003828
民主党,认为可靠,川普,2024-11-19,0.003828
川普,相信,马斯克,2024-11-17,0.003826
薛健吾,认可,特朗普,2024-10-24,0.003823
台积电,感谢,金河,2024-11-16,0.003822
金管会,质疑,台积电,2024-12-02,0.003822
美国,主导,关税新政,2024-12-01,0.003822
马斯克,支持,美国,2024-11-11,0.003822
拉马斯瓦米,主导,美国,2024-11-27,0.003816
拉马斯瓦米,主导,美国,2024-11-27,0.003816
俄罗斯,感到不满,马斯克,2024-11-27,0.003816
吴诚文,批评,台积电,2024-11-28,0.003814
川普,认为失败,俄乌战争,2024-11-19,0.003810
郭智辉,担忧,川普,2024-12-03,0.003802
台湾国安系统,相信,美国,2024-11-13,0.003798
麦考密克,相信,特斯拉,2024-12-03,0.003796
张建一,认可,川普,2024-11-07,0.003791
高盛,认为有威胁,美国,2024-12-02,0.003790
乔治亚州,感到不满,川普,2024-11-19,0.003788
算能科技,威胁,美国,2024-11-09,0.003783
川普内阁,认可,马斯克,2024-11-26,0.003780
马斯克,认为非法,加州,2024-11-25,0.003780
乔治亚,认为优秀,川普,2024-11-05,0.003779
马斯克,主导,买下MSNBC,2024-11-28,0.003778
郭智辉,认为犯罪,川普,2024-11-06,0.003778
郭智辉,认可,川普,2024-11-27,0.003771
谢金河,认为可靠,以色列,2024-11-16,0.003771
川普,认为非法,美国,2024-11-28,0.003769
"伊凡卡
马斯克",感到不满,川普,2024-11-28,0.003768
川普,威胁,台湾,2024-12-01,0.003766
谢金河,主导,联电,2024-11-30,0.003763
颜择雅,相信,川普,2024-11-05,0.003763
李同荣,认为可靠,川普,2024-11-10,0.003759
信义房屋不动产企研室,威胁,台积电,2024-11-05,0.003753
金管会,威胁,台积电,2024-12-02,0.003748
金管会,威胁,台积电,2024-12-02,0.003748
希拉里·克林顿,质疑,川普,2024-11-19,0.003748
台湾人民,认为非法,美国,2024-08-03,0.003746
泰国,认为犯罪,川普,2024-12-01,0.003742
美国,欣赏,特斯拉,2024-12-02,0.003740
范琪斐,认为失败,川普,2024-11-14,0.003739
川普,质疑,马斯克,2024-11-17,0.003737
川普,质疑,马斯克,2024-11-17,0.003737
美国,感到满意,华为,2024-11-29,0.003736
越南,支持,川普,2024-12-01,0.003723
赖清德,相信,川普,2024-11-16,0.003723
算能科技,认为违规,台积电,2024-11-09,0.003719
美国,认为有危机,赖清德,2024-12-01,0.003718
马斯克,支持,川普,2024-11-19,0.003711
马斯克,支持,川普,2024-11-19,0.003711
詹家鸿,认为有危机,台积电,2024-12-03,0.003711
拜登,相信,赖清德,2024-12-01,0.003707
杨瑞临,相信,川普,2024-12-03,0.003699
韩国,主导,「戒严」又「解严」,2024-12-04,0.003691
储祥生,认为恐怖,台积电,2024-12-03,0.003689
川普,视作英雄,马斯克,2024-11-06,0.003687
台积电,感谢,所有合作伙伴,2024-12-02,0.003685
郭智辉,认为有威胁,美国,2024-11-06,0.003682
中国,认为失败,美国,2024-12-04,0.003679
古巴政府,认为犯罪,美国,2024-12-01,0.003678
童子贤今,认为有威胁,川普,2024-12-02,0.003677
陈凤馨,质疑,美国,2024-11-16,0.003675
张忠谋,主导,半导体,2024-11-30,0.003674
马斯克,支持,川普,2024-11-17,0.003674
乔治亚州,认为优秀,川普,2024-11-05,0.003669
川普,质疑,台湾,2024-11-19,0.003658
李登辉,认为有威胁,中国,2024-11-03,0.003654
泰国,担忧,川普,2024-12-01,0.003654
郭智辉,质疑,川普,2024-11-27,0.003653
郭智辉,质疑,川普,2024-11-27,0.003653
郭智辉,质疑,川普,2024-11-27,0.003653
郭智辉,质疑,川普,2024-11-27,0.003653
Dan Ives,相信,川普,2024-12-02,0.003649
川普,欣赏,马斯克,2024-11-06,0.003643
习近平,认为有威胁,南韩,2024-12-04,0.003642
川普,认为失败,俄乌战争,2024-11-16,0.003637
台经院,认可,川普,2024-12-01,0.003631
川普,质疑,赖清德,2024-12-01,0.003631
证交所,担忧,台积电,2024-12-02,0.003629
川普,质疑,台湾,2024-11-09,0.003629
白宫,视作英雄,川普,2024-12-02,0.003624
川普政府,认为有成就,半导体,2024-12-01,0.003623
拜登政府,认可,《晶片与科学法案》,2024-11-15,0.003622
马斯克,认为恐怖,川普,2024-12-05,0.003620
张忠谋,认为有威胁,美国,2024-09-11,0.003606
阮慕骅,批评,台积电,2024-11-27,0.003605
阮慕骅,批评,台积电,2024-11-27,0.003605
施俊吉,认为可靠,美国,2024-11-16,0.003600
川普,质疑,台湾,2024-10-29,0.003600
李同荣,相信,川普,2024-11-10,0.003599
川普,欢迎,马斯克,2024-11-06,0.003599
川普,欢迎,马斯克,2024-11-06,0.003599
川普,质疑,Google,2024-11-29,0.003597
国会,认为非法,美国,2024-12-03,0.003594
国会,主导,美国,2024-11-28,0.003594
英特尔,威胁,川普,2024-11-28,0.003589
蔡正元,认可,川普,2024-12-03,0.003573
蔡正元,认为失败,三星,2024-11-27,0.003566
拜登总统,攻击,川普,2024-12-03,0.003563
蔡正元,认可,川普,2024-11-05,0.003563
特朗普,质疑,台湾,2024-10-24,0.003562
特斯拉,支持,马斯克,2024-12-03,0.003558
美国,欢迎,赖清德,2024-12-01,0.003557
美国,欢迎,赖清德,2024-12-01,0.003557
刘镜清,认为可靠,川普,2024-11-20,0.003555
刘镜清,认为可靠,川普,2024-11-20,0.003555
刘镜清,认为可靠,川普,2024-11-20,0.003555
川普,主导,《美墨加协定》,2024-12-02,0.003547
川普,主导,《美墨加协定》,2024-12-02,0.003547
信义房屋不动产企研室,支持,川普,2024-11-05,0.003542
川普,认为犯罪,半导体,2024-12-01,0.003539
台湾国安系统,相信,美国,2024-11-14,0.003536
郭智辉,认为可靠,川普,2024-11-06,0.003531
孙颖莎,主导,日本,2024-08-10,0.003528
台湾政府,质疑,川普,2024-12-01,0.003528
郭智辉,主导,崇越科技,2024-11-19,0.003525
台经院,欣赏,川普,2024-12-01,0.003520
马斯克,认为恐怖,川普,2024-12-06,0.003517
爱迪生研究公司,相信,唐纳德·川普,2024-11-19,0.003516
川普,认为有威胁,美国,2024-11-21,0.003509
沈富雄,感到不满,吕秀莲,2024-11-10,0.003502
李纬章,质疑,美国,2024-12-03,0.003502
高雄市长陈其迈,批评,台积电,2024-11-26,0.003498
米勒,认可,美国,2024-11-29,0.003498
泰国,认可,川普,2024-12-01,0.003497
川普,认为有危机,墨西哥,2024-11-27,0.003495
波士顿顾问公司,相信,美国,2024-12-04,0.003493
美国,认为犯罪,特斯拉,2024-12-02,0.003485
柴焕欣,认为恐怖,台积电,2024-11-10,0.003484
乔治亚州,质疑,川普,2024-11-19,0.003481
乔治亚州,质疑,川普,2024-11-19,0.003481
陆行之,担忧,台积电,2024-12-04,0.003475
和硕科技,感到不满,川普,2024-12-02,0.003473
以色列,认为恐怖,黎巴嫩,2024-11-27,0.003472
最高法院,质疑,川普,2024-08-28,0.003469
华尔街经济学家,视作英雄,川普,2024-10-30,0.003466
童子贤今,相信,川普,2024-12-02,0.003457
郭智辉,视作英雄,川普,2024-11-06,0.003454
郭书廷,认为有成就,特朗普,2024-10-24,0.003453
美国,认可,美国,2024-10-29,0.003452
台积电,损害,北京,2024-11-28,0.003452
孙明德,质疑,川普,2024-11-19,0.003451
陆行之,支持,台积电,2024-12-04,0.003450
俄罗斯,质疑,马斯克,2024-11-27,0.003448
赖清德,质疑,台湾,2024-12-02,0.003445
法国,主导,极右派国民联盟,2024-11-20,0.003443
菲力浦常务次长,主导,俄乌战争,2024-11-18,0.003440
马斯克,欢迎,川普,2024-11-21,0.003424
魏哲家,批评,台积电,2024-12-02,0.003416
魏哲家,批评,台积电,2024-12-02,0.003416
曾敬德,认为可靠,川普,2024-11-05,0.003416
民主党,认为非法,美国,2024-11-05,0.003414
联电,威胁,台湾二线晶圆厂,2024-11-30,0.003414
马斯克,认为恐怖,特斯拉,2024-12-01,0.003402
乔治亚,质疑,川普,2024-11-05,0.003400
亚利桑那州长,认为有危机,台积电,2024-11-13,0.003396
习近平,威胁,拜登,2024-12-04,0.003396
川普,攻击,华为,2024-11-29,0.003385
马斯克,增进,美国,2024-12-01,0.003383
周鹤鸣,认为失败,美国,2024-11-05,0.003383
赖清德,认可,川普,2024-11-05,0.003377
麦考密克,认为优秀,特斯拉,2024-12-03,0.003376
彭博专栏作家,批评,台积电,2024-11-28,0.003372
沈富雄,认为可靠,赖清德,2024-11-10,0.003372
算能科技,担忧,台积电,2024-11-09,0.003368
美国,认为缺乏,赖清德,2024-12-01,0.003366
曾敬德,质疑,川普,2024-11-05,0.003360
华尔街经济学家,相信,川普,2024-10-30,0.003358
北卡罗来纳州,认可,川普,2024-11-19,0.003351
川普,主导,大打关税战,2024-12-01,0.003351
川普,主导,大打关税战,2024-12-01,0.003351
贝佐斯,攻击,川普,2024-12-06,0.003348
贝佐斯,攻击,川普,2024-12-06,0.003348
美国,质疑,乌克兰,2024-11-19,0.003347
阿本鲁,感到不满,川普,2024-10-29,0.003347
川普,主导,美中脱钩,2024-12-03,0.003347
拜登,认为非法,以色列,2024-11-28,0.003346
其夫人,主导,台积电,2024-12-02,0.003343
英特尔,认为有威胁,南韩,2024-12-06,0.003341
路透社,相信,美国,2024-12-03,0.003341
泰国,感到满意,川普,2024-12-01,0.003337
日本熊本县菊阳町,支持,台积电,2024-11-17,0.003332
川普,担忧,台湾,2024-11-09,0.003329
波士顿顾问公司,认为有成就,美国,2024-12-04,0.003321
马斯克,攻击,川普,2024-11-12,0.003317
麦考米克,质疑,特斯拉,2024-12-03,0.003307
麦考米克,质疑,特斯拉,2024-12-03,0.003307
麦考米克,质疑,特斯拉,2024-12-03,0.003307
张建一,认为犯罪,川普,2024-11-07,0.003307
美国,担忧,赖清德,2024-12-01,0.003306
美国,担忧,赖清德,2024-12-01,0.003306
川普,攻击,越南,2024-11-07,0.003303
美国,质疑,禾赛科技,2024-10-20,0.003302
布林肯,感到不满,尹锡悦,2024-12-04,0.003300
川普,主导,高关税的贸易战,2024-11-26,0.003299
高盛,视作英雄,川普,2024-12-02,0.003292
库克,质疑,英特尔,2024-11-29,0.003292
川普,质疑,拜登政府,2024-11-27,0.003287
马斯克,攻击,川普,2024-11-28,0.003286
张建一,感到满意,川普,2024-11-07,0.003282
索贝克,感到不满,川普,2024-11-27,0.003280
川普,认为有威胁,中国,2024-11-25,0.003279
赖清德,认为有威胁,中国,2024-11-03,0.003279
台湾,认为有威胁,韩国,2024-11-23,0.003276
美国,质疑,英特尔,2024-12-04,0.003276
蔡正元,感到不满,尹锡悦,2024-12-05,0.003274
习近平,担忧,拜登,2024-12-04,0.003270
习近平,感到不满,尹锡悦,2024-12-04,0.003270
民进党,质疑,尹锡悦,2024-12-02,0.003269
民进党,质疑,尹锡悦,2024-12-02,0.003269
亚利桑那州,欢迎,拜登,2024-11-05,0.003266
德国德勒斯登,主导,台积电,2024-12-02,0.003262
庞培奥,感到不满,川普,2024-11-19,0.003261
贝佐斯,攻击,川普,2024-11-28,0.003258
川普,认为有危机,美国,2024-11-08,0.003252
张建一,担忧,川普,2024-11-07,0.003249
赖清德总统,认为违规,美国,2024-12-01,0.003248
赖清德,认为可靠,台湾,2024-12-02,0.003243
谢金河,质疑,川普,2024-08-01,0.003237
美国,认为有威胁,以色列,2024-11-16,0.003236
布林肯,认为有危机,乌克兰,2024-12-03,0.003235
日本,支持,川普,2024-12-01,0.003235
台湾二线晶圆厂,损害,台积电,2024-11-30,0.003234
台湾二线晶圆厂,损害,台积电,2024-11-30,0.003234
安华,相信,美国,2024-11-05,0.003233
贝佐斯,攻击,川普,2024-12-05,0.003233
俄罗斯,威胁,乌克兰,2024-12-03,0.003232
俄罗斯,威胁,乌克兰,2024-12-03,0.003232
川普,认为可靠,半导体,2024-11-06,0.003230
马斯克,认为违规,特斯拉,2024-12-01,0.003230
麦考米克,质疑,特斯拉,2024-12-04,0.003227
张建一,认为缺乏,川普,2024-11-07,0.003217
马斯克,支持,特斯拉,2024-12-01,0.003217
马斯克,支持,特斯拉,2024-12-01,0.003217
格里芬,认为可靠,川普,2024-12-04,0.003216
赖清德,担忧,川普,2024-11-10,0.003213
索贝克,感到不满,川普,2024-11-28,0.003208
川普,认为非法,中国,2024-11-28,0.003203
立法院经委会,欣赏,台积电,2024-11-06,0.003200
凯萨琳・索贝克,感到不满,川普,2024-11-27,0.003200
台湾国安系统,相信,美国,2024-11-16,0.003194
连贤明,认为可靠,川普,2024-11-07,0.003193
川普,增进,美国,2024-12-06,0.003190
川普,增进,美国,2024-12-06,0.003190
美国,认可,英特尔,2024-11-29,0.003189
美国,威胁,赖清德,2024-12-01,0.003188
许先生,主导,特朗普,2024-10-24,0.003185
马斯克,喜欢,特斯拉,2024-12-01,0.003182
共和党,认为优秀,川普,2024-11-05,0.003181
格里芬,视作英雄,川普,2024-12-04,0.003174
川普,感到满意,蔡英文,2024-10-30,0.003170
张忠谋,认为失败,美国,2024-11-15,0.003168
英特尔总裁,欣赏,台积电,2024-12-02,0.003166
美国,认为有威胁,墨西哥,2024-11-29,0.003166
日本,视作英雄,川普,2024-12-01,0.003163
郭台强,认为有威胁,南韩,2024-12-03,0.003154
郭台强,认为有威胁,南韩,2024-12-03,0.003154
赖瑞隆,感到不满,川普,2024-11-19,0.003152
后基辛格时代,攻击,台积电,2024-12-03,0.003149
刘复国,认为可靠,川普,2024-10-30,0.003148
川普,主导,关税战,2024-12-01,0.003146
以色列,认为有威胁,黎巴嫩,2024-11-27,0.003142
金管会,认为违规,台积电,2024-12-02,0.003141
陈水扁,相信,台湾,2024-11-10,0.003140
陈水扁,相信,台湾,2024-11-10,0.003140
索贝克,相信,川普,2024-11-27,0.003132
民进党,质疑,川普,2024-11-20,0.003128
川普,增进,美国,2024-11-12,0.003126
川普,增进,美国,2024-11-12,0.003126
民主党,认可,川普,2024-11-19,0.003122
周鹤鸣,质疑,川普,2024-11-05,0.003120
赖清德,质疑,川普,2024-11-16,0.003115
索贝克,相信,川普,2024-11-28,0.003115
索贝克,相信,川普,2024-11-28,0.003115
算能科技,感到不满,台积电,2024-11-09,0.003113
贺锦丽,认为可靠,美国,2024-10-31,0.003112
全福生技,攻击,台积电,2024-11-29,0.003108
美国,认可,英特尔,2024-11-28,0.003100
美国,认可,乌克兰,2024-11-19,0.003098
马斯克,认为恐怖,美国,2024-12-01,0.003091
拜登,主导,美日韩三边会谈,2024-11-16,0.003089
拜登,主导,美日韩三边会谈,2024-11-16,0.003089
习近平,主导,贸易战,2024-11-06,0.003086
台湾政府,担忧,川普,2024-12-01,0.003084
孙明德,认为有威胁,川普,2024-11-08,0.003084
川普,认为非法,台湾,2024-11-27,0.003081
川普,认为非法,台湾,2024-11-27,0.003081
川普,增进,美国,2024-10-30,0.003081
《人民日报》,主导,特斯拉,2024-11-26,0.003080
连贤明,相信,川普,2024-11-07,0.003077
连贤明,相信,川普,2024-11-07,0.003077
蔡淳佑,认为有威胁,新加坡,2024-12-03,0.003075
李镇宇,感到不满,川普,2024-12-02,0.003075
库克,感到不满,英特尔,2024-12-03,0.003073
郭智辉,认为可靠,台湾,2024-11-06,0.003070
马斯克,损害,川普,2024-11-28,0.003070
陆行之,担忧,台积电,2024-11-01,0.003069
郭台铭,认可,英特尔,2024-11-30,0.003065
库克,质疑,英特尔,2024-12-03,0.003065
库克,质疑,英特尔,2024-12-03,0.003065
库克,质疑,英特尔,2024-12-03,0.003065
曾敬德,认为优秀,川普,2024-11-05,0.003065
金正恩,质疑,美国,2024-11-21,0.003060
川普新内阁,认为可靠,中国,2024-11-19,0.003059
民主党,认为优秀,川普,2024-11-05,0.003059
刘扬伟,质疑,川普,2024-12-02,0.003042
川普,威胁,中国,2024-11-28,0.003041
季辛格,认为有威胁,乌克兰,2024-12-03,0.003039
川普,威胁,台湾,2024-10-30,0.003034
萧美琴,认为可靠,南韩,2024-12-05,0.003034
王时齐,认为失败,美国,2024-11-05,0.003031
尹锡悦,认为非法,美国,2024-12-03,0.003030
川普,认为非法,美国,2024-11-25,0.003030
亚洲投资圈,认为有威胁,台积电,2024-12-01,0.003023
阮慕骅,认为可靠,川普,2024-11-27,0.003016
陈凤馨,质疑,川普,2024-11-02,0.003012
李镇宇,感到不满,川普,2024-12-03,0.003010
陈其迈,主导,半导体,2024-11-26,0.003008
陈其迈,主导,半导体,2024-11-26,0.003008
陈其迈,主导,半导体,2024-11-26,0.003008
陈其迈,主导,半导体,2024-11-26,0.003008
马斯克,认为有威胁,加州,2024-11-25,0.003006
美国,认为热情,川普,2024-11-15,0.003006
习近平,认为非法,《晶片法案》,2024-12-04,0.002997
美国,认为有暴力,华为,2024-11-29,0.002995
美国,认为有暴力,华为,2024-11-29,0.002995
美国,认为有暴力,华为,2024-11-29,0.002995
周克威,认为非法,美国,2024-12-03,0.002991
川普,认为有威胁,中国,2024-10-24,0.002990
汪葛雷,损害,台积电,2024-11-18,0.002990
美国,认为有威胁,中国,2024-12-03,0.002987
美国,认为有威胁,中国,2024-12-03,0.002987
蔡英文,认可,台湾,2024-11-21,0.002987
美国,视作英雄,赖清德,2024-12-01,0.002984
克里斯・米勒,感到不满,川普,2024-10-29,0.002980
川普,质疑,司徒文,2024-11-26,0.002979
川普,质疑,司徒文,2024-11-26,0.002979
蔡正元,感到满意,川普,2024-12-03,0.002978
美国,认为可靠,伊朗,2024-11-29,0.002978
川普,感到不满,加墨,2024-11-29,0.002977
杨瑞临,相信,川普,2024-11-22,0.002977
中华经济研究院,质疑,美国,2024-11-08,0.002975
杨应超,增进,台积电,2024-09-11,0.002974
张建一,相信,台湾,2024-11-06,0.002974
马斯克,喜欢,川普,2024-11-06,0.002971
马斯克,喜欢,川普,2024-12-06,0.002971
民进党,感到不满,中国,2024-10-30,0.002969
美国,认为恐怖,赖清德,2024-12-01,0.002969
川普,主导,「保护费说」,2024-11-06,0.002967
美国,认为可靠,台湾,2024-11-19,0.002965
立法院经济委员会,增进,台积电,2024-11-27,0.002952
立法院经济委员会,增进,台积电,2024-11-27,0.002952
米勒,威胁,川普,2024-12-04,0.002948
刘镜清,认为可靠,川普,2024-11-12,0.002945
蔡正元,感到满意,川普,2024-11-05,0.002944
美国,认为有威胁,墨西哥,2024-11-28,0.002939
孙明德,认为有暴力,台积电,2024-11-06,0.002937
美国,质疑,尹锡悦,2024-11-30,0.002936
川普政府,认为可靠,台湾,2024-11-19,0.002935
民众党,质疑,川普,2024-11-27,0.002933
翁伟捷,认为有威胁,川普,2024-11-05,0.002932
川普,增进,美国,2024-11-29,0.002931
川普,攻击,墨西哥,2024-12-01,0.002930
川普,威胁,台湾,2024-11-29,0.002926
川普,威胁,台湾,2024-11-29,0.002926
川普,威胁,台湾,2024-10-29,0.002926
马斯克,喜欢,川普,2024-12-05,0.002924
郭智辉,相信,川普,2024-11-19,0.002922
郭智辉,相信,川普,2024-11-19,0.002922
华尔街经济学家,认为优秀,川普,2024-10-30,0.002919
蔡正元,认为热情,尹锡悦,2024-12-04,0.002918
刘扬伟,认为有威胁,墨西哥,2024-12-02,0.002917
共和党,主导,《晶片法案》,2024-12-04,0.002914
金管会,认为犯罪,台积电,2024-12-02,0.002914
美国,支持,赖清德,2024-12-01,0.002912
马斯克,攻击,川普,2024-11-21,0.002912
蔡正元,质疑,尹锡悦,2024-11-27,0.002912
亚利桑那州,支持,拜登,2024-11-05,0.002911
王信贤,相信,川普,2024-10-30,0.002908
路透社,增进,台积电,2024-12-05,0.002908
共和党,认为非法,美国,2024-11-05,0.002906
索贝克,认可,川普,2024-11-28,0.002900
索贝克,认可,川普,2024-11-28,0.002900
国会,主导,南韩戒严风暴,2024-11-25,0.002899
马斯克,认为犯罪,川普,2024-10-29,0.002894
美国,质疑,尹锡悦,2024-11-29,0.002890
颜择雅,质疑,川普,2024-11-05,0.002890
颜择雅,质疑,川普,2024-11-05,0.002890
亚洲投资圈,认为有危机,台积电,2024-12-01,0.002888
乔治亚州,认为失败,川普,2024-11-05,0.002885
古巴政府,质疑,美国,2024-12-01,0.002882
蔡正元,认可,尹锡悦,2024-12-04,0.002876
张忠谋,质疑,美国,2024-11-15,0.002875
韩国,支持,川普,2024-12-01,0.002871
卓荣泰,质疑,川普,2024-11-05,0.002869
市调机构集邦科技,视作英雄,郭智辉,2024-11-20,0.002867
川普,认为失败,亚利桑那州,2024-11-19,0.002866
朱凤莲,质疑,川普,2024-11-06,0.002864
川普,认为有威胁,台湾,2024-10-30,0.002863
乔治亚,认可,川普,2024-11-05,0.002862
哥布林,感到不满,美国,2024-10-29,0.002860
台湾,感到满意,日本,2024-11-29,0.002857
华尔街资本,担忧,台积电,2024-12-01,0.002857
美国,认为有威胁,中国,2024-12-04,0.002856
范斯,认为失败,川普,2024-11-05,0.002852
贝佐斯,损害,川普,2024-11-28,0.002852
拜登,认为非法,亚利桑那州,2024-11-19,0.002852
台积电,认为优秀,李长荣,2024-11-27,0.002849
郭智辉,认为违规,川普,2024-11-06,0.002840
民进党政府,损害,台积电,2024-12-01,0.002839
川普,增进,美国,2024-12-04,0.002835
川普,主导,「金砖国家」,2024-12-03,0.002834
川普,认为有危机,台湾,2024-11-06,0.002833
川普,认为有危机,台湾,2024-11-06,0.002833
蔡正元,认为优秀,尹锡悦,2024-12-03,0.002833
蔡正元,认为优秀,尹锡悦,2024-12-03,0.002833
蔡正元,认为优秀,尹锡悦,2024-12-03,0.002833
美国,认为非法,墨西哥,2024-11-29,0.002830
索贝克,认可,川普,2024-11-27,0.002827
洪玉婷,感到不满,川普,2024-12-06,0.002827
川普,支持,乌克兰,2024-10-29,0.002826
蔡正元,攻击,川普,2024-12-03,0.002825
马斯克,喜欢,川普,2024-11-08,0.002821
乔治亚州,质疑,川普,2024-11-05,0.002821
科克,认为有成就,陈杰宪,2024-11-26,0.002819
郭智辉,认可,川普,2024-11-19,0.002818
郭智辉,认可,川普,2024-11-19,0.002818
恩智浦,主导,半导体,2024-12-02,0.002817
菲律宾,主导,南韩戒严风波,2024-12-01,0.002813
算能科技,威胁,台积电,2024-11-09,0.002810
美国,威胁,三星,2024-09-03,0.002808
北卡罗来纳州,感到不满,川普,2024-11-19,0.002805
后基辛格时代,认为优秀,英特尔,2024-12-03,0.002804
俄乌战争,认为有威胁,德国,2024-11-15,0.002794
川普,主导,全球贸易战,2024-11-27,0.002794
白宫,质疑,英特尔,2024-11-28,0.002792
白宫,质疑,英特尔,2024-11-29,0.002792
国会,主导,南韩戒严风暴,2024-11-26,0.002792
马斯克老友,相信,川普,2024-12-04,0.002789
张雍川,质疑,美国,2024-12-02,0.002787
川普,威胁,台湾,2024-11-27,0.002787
川普,威胁,台湾,2024-11-27,0.002787
川普,攻击,墨西哥,2024-11-29,0.002787
林祖嘉,感到不满,川普,2024-11-30,0.002786
中信投顾,认为有成就,川普,2024-11-12,0.002785
蒋经国,认为有威胁,中国,2024-11-03,0.002780
刘扬伟,担忧,川普,2024-12-02,0.002778
格里芬,质疑,川普,2024-12-04,0.002778
中国,视作英雄,川普第一任总统,2024-12-03,0.002773
吴政务次长,欣赏,台积电,2024-11-15,0.002769
马斯克,认可,绿粉,2024-11-19,0.002768
麦考米克,认为非法,特斯拉,2024-12-03,0.002764
麦考米克,认为非法,特斯拉,2024-12-03,0.002764
拜登,攻击,川普,2024-11-28,0.002761
美国,认为失败,川普,2024-11-15,0.002759
美国,认为非法,墨西哥,2024-11-26,0.002757
越南,感到满意,川普,2024-12-01,0.002755
安倍,感谢,川普,2024-11-13,0.002754
张忠谋,认为可靠,三星,2024-11-29,0.002746
范琪斐,认为非法,川普,2024-11-14,0.002745
麦考密克,质疑,特斯拉,2024-12-03,0.002742
解放军,质疑,特朗普,2024-10-24,0.002740
刘镜清,感到不满,川普,2024-11-12,0.002740
麦考密克,认为非法,特斯拉,2024-12-03,0.002736
中国政府,认为有威胁,美国,2024-12-03,0.002735
沈富雄,认可,赖清德,2024-11-10,0.002734
彭博,相信,川普,2024-11-28,0.002733
川普,视作英雄,马斯克,2024-11-20,0.002731
杨瑞临,视作英雄,美国,2024-12-03,0.002730
杨瑞临,视作英雄,美国,2024-12-03,0.002730
蔡明彦,担忧,美国,2024-11-06,0.002724
美国,认为有威胁,墨西哥,2024-11-27,0.002724
美国,认为有威胁,墨西哥,2024-11-27,0.002724
陈凤馨,认可,川普,2024-11-16,0.002722
季辛格,认为非法,美国,2024-12-03,0.002721
财信传媒,损害,台积电,2024-11-30,0.002717
Dan Ives,认为有威胁,川普,2024-12-02,0.002714
乔治亚州,认可,川普,2024-11-05,0.002710
川普,认为有威胁,台湾,2024-10-29,0.002709
台积电,欢迎,李长荣,2024-11-27,0.002709
民主党,质疑,川普,2024-11-19,0.002708
克里斯・米勒,认为可靠,川普,2024-10-29,0.002707
美国,主导,中国科技巨头华为,2024-10-16,0.002707
习近平,攻击,川普,2024-12-04,0.002707
川普,质疑,贝森特,2024-11-27,0.002706
台湾,认为违规,美国,2024-11-13,0.002705
美国,认为有成就,马斯克,2024-11-17,0.002704
美国,认为有成就,马斯克,2024-11-17,0.002704
美国,认为缺乏,川普,2024-11-15,0.002700
美国,认为违规,美国,2024-12-06,0.002697
刘大年,感到不满,川普,2024-11-08,0.002695
徐佳馨,相信,川普,2024-11-24,0.002691
习近平,威胁,中国,2024-12-04,0.002687
杨瑞临,视作英雄,美国,2024-12-02,0.002676
刘镜清,感到不满,川普,2024-11-20,0.002676
刘镜清,感到不满,川普,2024-11-20,0.002676
刘镜清,感到不满,川普,2024-11-20,0.002676
刘镜清,感到不满,川普,2024-11-20,0.002676
美国,认为恐怖,特斯拉,2024-12-02,0.002674
陈良基,认为有威胁,以色列,2024-11-16,0.002672
俄乌战争,认为有威胁,德国,2024-11-18,0.002670
国安局,认为有威胁,美国,2024-12-01,0.002667
连贤明,认为有威胁,川普,2024-11-07,0.002661
美国,认为非法,墨西哥,2024-11-28,0.002658
张建一,认为可靠,台湾,2024-11-06,0.002655
川普,认为有危机,美国,2024-11-27,0.002654
川普,视作英雄,马斯克,2024-11-17,0.002653
亚利桑那州,视作英雄,拜登,2024-11-05,0.002650
总统,主导,南韩戒严令,2024-11-12,0.002643
美国,认为有威胁,墨西哥,2024-11-26,0.002643
美国,认为有威胁,墨西哥,2024-11-26,0.002643
美国,认为有威胁,墨西哥,2024-11-26,0.002643
波顿,质疑,川普,2024-12-02,0.002641
波顿,质疑,川普,2024-12-02,0.002641
范琪斐,认为优秀,川普,2024-11-14,0.002639
拜登,攻击,川普,2024-08-27,0.002637
波士顿顾问公司,认为可靠,美国,2024-12-04,0.002637
南韩总统尹锡悦,主导,南韩戒严令,2024-11-12,0.002637
张建一,认为违规,川普,2024-11-07,0.002636
川普新政府,认为有成就,半导体,2024-12-01,0.002636
曾敬德,视作英雄,川普,2024-11-05,0.002635
台湾,认为有威胁,以色列,2024-11-17,0.002633
以色列,威胁,伊朗,2024-10-27,0.002628
以色列,威胁,伊朗,2024-10-27,0.002628
半导体,质疑,美国,2024-12-04,0.002627
川普,认为优秀,马斯克,2024-11-26,0.002623
马斯克,感到不满,林郁婷,2024-11-19,0.002617
川普,威胁,赖清德,2024-12-01,0.002617
谢金河,视作英雄,川普,2024-08-01,0.002615
蔡文瑞,认可,川普,2024-11-18,0.002615
川普,增进,美国,2024-12-02,0.002615
邱剑英,认为失败,美国,2024-12-02,0.002613
川普,攻击,日本,2024-12-01,0.002609
美国,感谢,川普,2024-11-15,0.002608
贝佐斯,喜欢,川普,2024-12-05,0.002606
川普总统即将上任,损害,台积电,2024-11-25,0.002604
司徒文,主导,川普新政府,2024-11-26,0.002604
拜登政府,认为可靠,中国,2024-10-29,0.002603
谢金河,认为有威胁,美国,2024-10-14,0.002600
卓揆,主导,美国,2024-09-04,0.002599
蔡正元,视作英雄,尹锡悦,2024-12-03,0.002598
台积电,担忧,成熟制程产能过剩,2024-11-27,0.002596
贝佐斯,喜欢,川普,2024-12-06,0.002595
贝佐斯,喜欢,川普,2024-12-06,0.002595
范琪斐,感到满意,川普,2024-11-14,0.002594
陈俊圣,认为有成就,川普,2024-11-29,0.002591
台积电,感谢,辛耘,2024-11-27,0.002591
林信义,感到不满,拜登,2024-11-16,0.002584
梁博超,感到不满,川普,2024-11-28,0.002583
刘镜清,感到不满,川普,2024-11-05,0.002583
孙明德,认为优秀,川普,2024-11-07,0.002581
季辛格,认为有威胁,美国,2024-12-03,0.002580
美国,认为有威胁,加拿大,2024-11-29,0.002580
川普政府,认为有威胁,美国,2024-11-27,0.002577
曾敬德,担忧,川普,2024-11-05,0.002576
司徒文,认为可靠,川普,2024-11-26,0.002576
马斯克,主导,SpaceX,2024-12-04,0.002575
郭智辉,认为可靠,台湾,2024-10-29,0.002574
周鹤鸣,认可,川普,2024-11-05,0.002573
川普,攻击,拜登,2024-10-29,0.002573
刘镜清,感到不满,川普,2024-11-07,0.002572
陈良基,认为可靠,台湾,2024-11-24,0.002571
中国,感到不满,台湾,2024-11-10,0.002567
卡明斯,认为有成就,马斯克,2024-11-28,0.002567
拜登,质疑,赖清德,2024-12-01,0.002566
中国,视作英雄,川普,2024-12-02,0.002566
川普,认为有威胁,台湾,2024-11-28,0.002558
川普,认为有威胁,台湾,2024-11-28,0.002558
Josh,认可,美国,2024-11-21,0.002557
麦考米克,认为可靠,特斯拉,2024-12-04,0.002557
郭智辉,主导,川普内阁,2024-11-19,0.002557
九州地区,喜欢,台积电,2024-11-18,0.002553
美国,主导,中国科技巨头华为,2024-10-26,0.002553
川普,攻击,加拿大,2024-12-03,0.002552
谢金河,质疑,川普,2024-11-30,0.002549
谢金河,质疑,川普,2024-11-30,0.002549
民主政府,认可,法国,2024-12-04,0.002547
习近平,认为有危机,南韩,2024-12-04,0.002542
美国,认可,马英九,2024-11-19,0.002541
台湾,欢迎,日本,2024-11-29,0.002541
川普,威胁,台湾,2024-11-14,0.002539
美国,认为非法,台湾,2024-11-27,0.002537
美国,认为非法,台湾,2024-11-27,0.002537
美国,认为非法,台湾,2024-11-27,0.002537
美国,认为非法,台湾,2024-11-27,0.002537
塞尔维亚,威胁,加拿大,2024-08-06,0.002536
台湾拟提大型军购案,相信,川普,2024-11-19,0.002535
蔡正元,认为失败,尹锡悦,2024-12-03,0.002534
川普,支持,美国,2024-12-06,0.002531
范琪斐,质疑,川普,2024-11-14,0.002528
朱凤莲,认为失败,美国,2024-11-12,0.002527
欧洲央行,感到不满,川普,2024-11-12,0.002527
欧洲央行,感到不满,川普,2024-11-12,0.002527
富兰克林,认为有威胁,南韩,2024-12-02,0.002527
孙明德,认可,川普,2024-11-07,0.002526
习近平,主导,APEC 峰会,2024-12-04,0.002526
郭正亮,质疑,美国,2024-10-09,0.002526
邱达生,质疑,川普,2024-11-06,0.002526
忠谋,增进,台积电,2024-11-14,0.002525
张忠谋,感到不满,刘德音,2024-11-26,0.002520
薛健吾,感到不满,特朗普,2024-10-24,0.002519
魏哲家,感到不满,川普,2024-11-19,0.002514
麦考米克,认为可靠,特斯拉,2024-12-03,0.002514
麦考米克,认为可靠,特斯拉,2024-12-03,0.002514
黄文清,质疑,美国,2024-11-21,0.002512
拉马斯瓦米,感到不满,川普总统,2024-11-28,0.002511
郭台铭,主导,苹果库克,2024-11-28,0.002508
麦考米克,认可,特斯拉,2024-12-03,0.002506
麦考米克,认可,特斯拉,2024-12-03,0.002506
金管会,担忧,台积电,2024-12-02,0.002501
杰尔辛格,损害,台积电,2024-10-29,0.002499
杨淑珺,相信,美国,2024-11-10,0.002497
杨淑珺,相信,美国,2024-11-10,0.002497
杨淑珺,相信,美国,2024-11-10,0.002497
川普,批评,《晶片与科学法案》,2024-11-15,0.002496
爱迪生研究公司,质疑,唐纳德·川普,2024-11-19,0.002496
李同荣,质疑,川普,2024-11-10,0.002493
台湾,认为有威胁,中国,2024-11-10,0.002491
川普,支持,美国,2024-11-12,0.002489
波顿,担忧,川普,2024-12-02,0.002488
富兰克林证券投顾,相信,川普,2024-12-02,0.002486
彭博专栏作家,感到不满,川普,2024-11-28,0.002482
彭博专栏作家,感到不满,川普,2024-11-28,0.002482
詹家鸿,认为恐怖,台积电,2024-12-03,0.002480
台积电,主导,供应链管理论坛,2024-12-02,0.002478
台积电,主导,供应链管理论坛,2024-12-02,0.002478
台湾,感谢,日本,2024-11-29,0.002477
郑秀绒,批评,台积电,2024-08-01,0.002477
曾敬德,认为失败,川普,2024-11-05,0.002476
郭智辉,质疑,台湾,2024-11-06,0.002472
纽森,质疑,川普,2024-12-02,0.002467
台湾科技公司,增进,美国,2024-08-06,0.002467
台湾科技公司,增进,美国,2024-08-06,0.002467
台湾科技公司,增进,美国,2024-08-06,0.002467
台湾科技公司,增进,美国,2024-08-06,0.002467
台湾,认为有威胁,美国,2024-11-21,0.002465
赖政府,感到不满,蔡政府,2024-08-27,0.002465
台湾,威胁,乌克兰,2024-12-04,0.002464
顾立雄,质疑,川普,2024-11-06,0.002462
张忠谋,支持,刘德音博士,2024-11-26,0.002455
孙明德,认为优秀,川普,2024-11-08,0.002454
谢金河,认为优秀,川普,2024-11-10,0.002451
台湾科技公司,增进,美国,2024-09-05,0.002448
詹家鸿,认可,台积电,2024-12-03,0.002447
连贤明,认为优秀,川普,2024-11-07,0.002446
川普,主导,「金砖国家」,2024-11-20,0.002444
乔治亚,感谢,川普,2024-11-05,0.002442
宾夕法尼亚州,认为有成就,川普,2024-11-19,0.002439
台商,质疑,川普,2024-11-18,0.002435
孙明德,担忧,川普,2024-11-07,0.002433
泰国,视作英雄,川普,2024-12-01,0.002432
赖总统,认为违规,美国,2024-12-01,0.002432
陈亭妃,威胁,川普,2024-11-05,0.002428
台湾科技公司,增进,美国,2024-09-04,0.002427
台湾科技公司,增进,美国,2024-08-04,0.002427
台湾科技公司,增进,美国,2024-10-04,0.002427
台湾科技公司,增进,美国,2024-10-04,0.002427
刘镜清,相信,川普,2024-11-20,0.002426
李同荣,认为失败,川普,2024-11-10,0.002423
美国,认为优秀,川普,2024-11-26,0.002423
麦考密克,担忧,特斯拉,2024-12-03,0.002422
美国,视作英雄,川普,2024-11-17,0.002421
麦考米克,担忧,特斯拉,2024-12-03,0.002416
麦考米克,担忧,特斯拉,2024-12-03,0.002416
麦考米克,担忧,特斯拉,2024-12-03,0.002416
麦考米克,担忧,特斯拉,2024-12-03,0.002416
美国,质疑,《晶片法案》,2024-12-04,0.002416
美国,质疑,《晶片法案》,2024-12-04,0.002416
美国,主导,晶片科学法案,2024-11-02,0.002414
陈凤馨,认为非法,美国,2024-11-05,0.002414
沈富雄,质疑,赖清德,2024-11-10,0.002412
台湾科技公司,增进,美国,2024-09-03,0.002411
林信,感谢,拜登,2024-11-16,0.002411
华纳,相信,拜登,2024-11-19,0.002408
美国,主导,中国科技巨头华为,2024-10-12,0.002405
中华经济研究院,认为失败,美国,2024-11-08,0.002404
川普,认为有威胁,台湾,2024-11-27,0.002401
川普,认为有威胁,台湾,2024-11-27,0.002401
川普,认为有威胁,台湾,2024-11-27,0.002401
川普,认为有威胁,台湾,2024-11-27,0.002401
蔡正元,欣赏,川普,2024-11-05,0.002400
美国,认为可靠,马英九,2024-11-19,0.002399
最高法院,认为优秀,川普,2024-08-28,0.002397
台湾政府,欣赏,川普,2024-12-01,0.002396
《纽约时报》,认为优秀,川普,2024-11-05,0.002391
川普,攻击,墨西哥,2024-11-27,0.002389
童子贤今,质疑,川普,2024-12-02,0.002387
孙明德,视作英雄,川普,2024-11-08,0.002385
李同荣,认为优秀,川普,2024-11-10,0.002383
杨雅絜,相信,美国,2024-12-02,0.002382
美媒,感到不满,川普,2024-11-28,0.002382
郭智辉,认可,川普,2024-11-06,0.002378
张雍川,认为失败,美国,2024-12-02,0.002376
外交部,感到不满,美国,2024-11-06,0.002375
美国,认为有威胁,乌克兰,2024-11-29,0.002373
阮慕骅,认可,川普,2024-11-27,0.002372
美国,担忧,墨西哥,2024-11-29,0.002371
詹家鸿,质疑,台积电,2024-12-03,0.002369
台湾,视作英雄,川普,2024-11-17,0.002367
万美玲,批评,台积电,2024-11-29,0.002366
泰国,支持,川普,2024-12-01,0.002364
美国,质疑,拜登,2024-11-16,0.002364
川普,认为有危机,台湾,2024-11-08,0.002364
林伟智,认为有成就,英特尔,2024-12-03,0.002364
谢衣鳯,质疑,川普,2024-11-04,0.002360
台经院,认为违规,川普,2024-12-01,0.002360
薛恩鲍姆,感到不满,川普,2024-12-02,0.002352
顾立雄,认为失败,美国,2024-11-06,0.002349
赖清德,认为失败,美国,2024-11-21,0.002348
美国,攻击,华为,2024-11-14,0.002347
川普,认为非法,美国,2024-11-21,0.002347
台湾,认为有危机,川普,2024-11-28,0.002346
魏哲家,增进,台积电,2024-12-04,0.002346
川普,威胁,中国,2024-11-25,0.002345
美宾州民主党,认为可靠,川普,2024-11-05,0.002342
川普,感到满意,拜登政府,2024-11-28,0.002342
陈凤馨,认为有威胁,美国,2024-11-06,0.002337
川普,喜欢,马斯克,2024-11-06,0.002337
川普,喜欢,马斯克,2024-11-06,0.002337
马斯克,主导,SpaceX,2024-11-22,0.002337
孙明德,担忧,川普,2024-11-08,0.002336
美国,威胁,美国,2024-12-04,0.002332
美国,认为有威胁,加拿大,2024-11-27,0.002328
美国,认为有威胁,加拿大,2024-11-27,0.002328
台湾中央银行,相信,川普,2024-10-29,0.002328
美国,视作英雄,川普,2024-11-19,0.002325
美国,视作英雄,川普,2024-11-19,0.002325
川普,损害,韩国,2024-12-03,0.002324
乔治亚,认为热情,川普,2024-11-05,0.002324
赖清德,认为有威胁,台湾,2024-12-02,0.002324
秘鲁,认为有威胁,中国,2024-12-04,0.002322
顾立雄,认为有威胁,美国,2024-11-06,0.002320
李同荣,认可,川普,2024-11-10,0.002319
美国,认为有危机,特斯拉,2024-12-02,0.002318
季辛格,担忧,川普,2024-12-03,0.002318
美国,欢迎,台湾,2024-12-04,0.002317
川普,认为失败,半导体,2024-12-01,0.002315
马斯克,喜欢,川普,2024-11-21,0.002313
麦考米克,认为有威胁,特斯拉,2024-12-03,0.002310
麦考米克,认为有威胁,特斯拉,2024-12-03,0.002310
麦考米克,认为有威胁,特斯拉,2024-12-03,0.002310
麦考米克,认为有威胁,特斯拉,2024-12-03,0.002310
陈良基,威胁,以色列,2024-11-16,0.002309
川普,认为非法,北京,2024-10-29,0.002308
魏哲家,增进,台积电,2024-12-03,0.002307
川普,支持,拜登,2024-10-30,0.002307
川普,欢迎,蔡英文,2024-10-30,0.002303
蔡正元,感到不满,尹锡悦,2024-11-27,0.002303
沈富雄,相信,赖清德,2024-11-10,0.002303
蔡正元,认为优秀,尹锡悦,2024-12-04,0.002300
台湾科技公司,增进,美国,2024-09-08,0.002300
麦考米克,担忧,特斯拉,2024-12-04,0.002300
美国,认为有威胁,美国,2024-10-29,0.002299
蔡正元,认为有威胁,南韩政府,2024-12-03,0.002297
叶佳华,质疑,川普,2024-12-02,0.002295
美国,认为非法,加拿大,2024-11-27,0.002294
大同,主导,美国,2024-12-04,0.002293
台积电,主导,第三季法说会,2024-11-28,0.002292
索贝克,认为有成就,台湾,2024-11-28,0.002291
美国,认可,《晶片法案》,2024-12-04,0.002291
台湾,支持,美国,2024-10-29,0.002289
北韩,质疑,尹锡悦,2024-12-04,0.002287
美国,认为优秀,川普,2024-11-15,0.002286
赖清德,感到满意,川普,2024-11-05,0.002283
麦考密克,认为有威胁,特斯拉,2024-12-03,0.002281
美国,认为非法,乌克兰,2024-11-29,0.002279
最高法院,视作英雄,川普,2024-08-28,0.002277
中国,视作英雄,川普,2024-11-19,0.002277
陈士修,增进,台积电,2024-12-04,0.002277
杨瑞临,质疑,川普,2024-11-22,0.002275
台湾,认为非法,美国,2024-11-21,0.002274
拜登政府,认为可靠,俄罗斯,2024-11-29,0.002273
台湾,视作英雄,川普,2024-11-21,0.002271
何世昌,认为可靠,川普,2024-11-05,0.002269
中国,威胁,美国,2024-12-03,0.002263
古巴政府,认为失败,美国,2024-12-01,0.002261
九州地区,欢迎,台积电,2024-11-18,0.002257
郭台铭,质疑,英特尔,2024-11-30,0.002252
美联社,认为可靠,乌克兰,2024-12-03,0.002247
川普政府,认可,台湾,2024-11-19,0.002247
麦考密克,认为失败,特斯拉,2024-12-03,0.002245
谢金河,质疑,川普,2024-11-17,0.002243
蔡正元,认可,尹锡悦,2024-12-05,0.002243
蔡正元,认为违规,尹锡悦,2024-12-02,0.002241
美国,感到满意,川普,2024-11-15,0.002241
龚明鑫,主导,美中贸易战,2024-11-19,0.002241
白宫,感到不满,英特尔,2024-11-29,0.002238
阮慕骅,感到不满,川普,2024-11-27,0.002238
波森,相信,川普,2024-11-06,0.002237
古巴政府官员,认为可靠,委内瑞拉,2024-12-01,0.002237
拜登政府,视作英雄,特朗普,2024-11-23,0.002232
俄罗斯总统普京,欢迎,川普,2024-11-05,0.002231
美国,感到满意,川普,2024-11-09,0.002231
连贤明,质疑,川普,2024-11-07,0.002230
连贤明,质疑,川普,2024-11-07,0.002230
曾敬德,认可,川普,2024-11-05,0.002230
郭智辉,质疑,川普,2024-11-19,0.002226
郭智辉,质疑,川普,2024-11-19,0.002226
郭智辉,质疑,川普,2024-11-19,0.002226
习近平,主导,APEC峰会,2024-12-04,0.002226
特朗普,威胁,中国,2024-10-24,0.002222
中国,视作英雄,卢特尼克,2024-11-25,0.002220
华府智库,相信,美国,2024-11-29,0.002216
台视新闻网,相信,川普,2024-11-21,0.002215
半导体,质疑,美方,2024-12-03,0.002214
民进党,认可,尹锡悦,2024-12-02,0.002213
杨应超,认为有暴力,台积电,2024-09-11,0.002212
谢金河,认为非法,美国,2024-10-14,0.002210
郭正亮,认为失败,美国,2024-10-29,0.002210
麦考米克,认为有威胁,特斯拉,2024-12-04,0.002209
孙明德,认为失败,美国,2024-11-08,0.002208
民主党,认为失败,美国,2024-11-05,0.002208
拜登,认为有危机,美国,2024-11-14,0.002205
台湾,主导,晶圆代工,2024-11-06,0.002203
宏碁集团,认为可靠,台湾,2024-12-02,0.002202
宏碁集团,认为可靠,台湾,2024-12-02,0.002202
谢金河,质疑,川普,2024-11-19,0.002200
Josh,质疑,美国,2024-11-21,0.002198
卢特尼克,认为非法,美方,2024-12-02,0.002193
郭正亮,认为有威胁,川普,2024-10-30,0.002191
希拉里·克林顿,担忧,川普,2024-11-19,0.002190
杨应超,认为失败,日本,2024-09-11,0.002188
童子贤,认为有威胁,川普,2024-12-02,0.002186
国科会,增进,台积电,2024-11-28,0.002186
美国,认为有威胁,美国,2024-11-28,0.002185
蔡明彦,主导,国安局,2024-11-19,0.002183
特朗普,认为有威胁,台湾,2024-10-29,0.002181
陈凤馨,认为失败,美国,2024-11-02,0.002181
李同荣,认为有威胁,川普,2024-11-10,0.002181
加墨,主导,川普新政府,2024-12-03,0.002180
美国,认为有威胁,加拿大,2024-11-26,0.002179
美国,认为有威胁,加拿大,2024-11-26,0.002179
白宫,感到不满,英特尔,2024-11-28,0.002179
美国,认为有威胁,中国,2024-10-08,0.002176
郭正亮,质疑,川普,2024-08-03,0.002175
川普,增进,美国,2024-11-25,0.002174
郭智辉,认为有威胁,川普,2024-11-27,0.002173
乔治亚州,感谢,川普,2024-11-05,0.002171
印尼,认为热情,川普,2024-12-02,0.002171
美国,支持,特斯拉,2024-12-02,0.002170
侯永清,认为非法,新加坡,2024-12-04,0.002170
蔡正元,主导,韩国戒严,2024-12-04,0.002169
马斯克,喜欢,川普,2024-11-17,0.002168
马斯克,喜欢,川普,2024-11-17,0.002168
菲力浦常务次长,认为有成就,俄乌战争,2024-11-15,0.002167
地方州政府,支持,台积电,2024-11-25,0.002167
格里芬,认可,川普,2024-12-04,0.002166
谢金河,认为非法,以色列,2024-11-16,0.002163
张忠谋,质疑,英特尔,2024-12-02,0.002162
台湾科技公司,增进,美国,2024-08-09,0.002157
台湾科技公司,增进,美国,2024-09-09,0.002157
中国,担忧,川普,2024-11-19,0.002156
郭智辉,认为有威胁,美国,2024-11-27,0.002156
佩斯科夫,感到不满,川普,2024-11-05,0.002155
民进党政府,质疑,川普,2024-11-09,0.002155
密歇根州,认可,川普,2024-11-19,0.002152
华尔街经济学家,感到满意,川普,2024-10-30,0.002150
拉马斯瓦米,感到不满,拜登,2024-11-28,0.002148
川普,支持,台湾,2024-10-28,0.002147
郭智辉,认为优秀,川普,2024-11-27,0.002147
郭智辉,认为优秀,川普,2024-11-27,0.002147
南韩政府,主导,半导体,2024-11-19,0.002144
许乃文,主导,欧盟,2024-10-29,0.002144
美国,担忧,川普,2024-10-30,0.002144
美国,支持,川普,2024-11-09,0.002141
刘镜清,质疑,特朗普,2024-11-05,0.002141
尹锡悦,主导,南韩戒严令,2024-11-10,0.002141
吕秀莲,感到不满,蔡英文,2024-11-19,0.002141
刘镜清,质疑,特朗普,2024-11-06,0.002139
郭智辉,主导,中美贸易战,2024-11-05,0.002138
台经院景气预测中心,质疑,川普,2024-11-19,0.002135
高雄,主导,半导体,2024-11-26,0.002134
童子贤今,担忧,川普,2024-12-02,0.002130
刘复国,认可,川普,2024-10-30,0.002129
刘镜清,认为可靠,川普,2024-11-07,0.002128
台湾人民,认为犯罪,美国,2024-08-03,0.002128
美国,质疑,台湾,2024-11-27,0.002125
美国,质疑,台湾,2024-11-27,0.002125
美国,质疑,台湾,2024-11-27,0.002125
颜择雅,认可,川普,2024-11-05,0.002125
蔡正元,相信,尹锡悦,2024-12-03,0.002125
蔡正元,相信,尹锡悦,2024-12-03,0.002125
美国,认为恐怖,墨西哥,2024-11-29,0.002124
陈其迈,主导,南韩戒严风波,2024-12-04,0.002122
华尔街经济学家,质疑,川普,2024-10-30,0.002121
拜登,认为可靠,中国大陆,2024-11-21,0.002120
刘德音,认为可靠,中国,2024-11-28,0.002111
刘德音,认为可靠,中国,2024-11-28,0.002111
川普,主导,美中贸易大战,2024-11-18,0.002108
麦考密克,认为可靠,特斯拉,2024-12-03,0.002107
Dan Ives,欣赏,特斯拉,2024-12-02,0.002106
经济部,主导,美中贸易战,2024-12-02,0.002105
经济部,主导,美中贸易战,2024-12-02,0.002105
川普,认为恐怖,美国,2024-11-05,0.002105
美国,认为非法,加拿大,2024-11-26,0.002104
美国,认为非法,加拿大,2024-11-26,0.002104
傅崐萁,认为有成就,郭智辉,2024-11-18,0.002104
傅崐萁,认为有成就,郭智辉,2024-11-18,0.002104
翁伟捷,质疑,川普,2024-11-05,0.002103
民进党,认为犯罪,尹锡悦,2024-12-02,0.002102
民进党,认为犯罪,尹锡悦,2024-12-02,0.002102
王健全,感到不满,川普,2024-11-08,0.002100
麦考密克,认可,特斯拉,2024-12-03,0.002099
林信义,认为可靠,拜登,2024-11-16,0.002099
美国,视作英雄,川普,2024-11-15,0.002097
美国,认为有危机,乌克兰,2024-12-03,0.002091
川普,主导,「左右护法」,2024-12-03,0.002091
黄扬明,质疑,川普,2024-11-13,0.002090
郭智辉,欣赏,川普,2024-11-06,0.002089
民进党,感到不满,尹锡悦,2024-12-02,0.002085
童子贤,质疑,川普,2024-12-04,0.002084
郭智辉,感到满意,川普,2024-11-27,0.002080
郭智辉,感到满意,川普,2024-11-27,0.002080
张忠谋,感到不满,英特尔,2024-11-29,0.002080
张忠谋,感到不满,英特尔,2024-11-29,0.002080
张忠谋,认为可靠,英特尔,2024-12-02,0.002078
美国,视作英雄,川普,2024-11-22,0.002076
美国,视作英雄,川普,2024-11-22,0.002076
英特尔总裁,欢迎,台积电,2024-12-02,0.002076
川普,增进,俄乌战争,2024-11-26,0.002075
路透社,认为可靠,美国,2024-12-03,0.002075
台积电,主导,「爱心市集」,2024-11-29,0.002072
台积电,主导,「爱心市集」,2024-11-29,0.002072
黄循财,相信,川普,2024-11-05,0.002070
范琪斐,视作英雄,川普,2024-11-14,0.002069
美国,认为有威胁,美国,2024-10-27,0.002063
赖清德,欣赏,川普,2024-11-05,0.002063
郭智辉,质疑,萧美琴,2024-11-10,0.002059
共和党,认为失败,美国,2024-11-05,0.002058
赖士葆,相信,川普,2024-11-19,0.002057
美国,认为有危机,台湾,2024-11-06,0.002057
美国,认为有危机,台湾,2024-11-06,0.002057
特朗普,认为有威胁,台湾,2024-10-28,0.002055
特朗普,认为有威胁,台湾,2024-10-28,0.002055
马斯克,损害,韩国,2024-12-03,0.002053
民众党,视作英雄,川普,2024-11-05,0.002052
卓荣泰,相信,川普,2024-11-19,0.002052
台湾,认为失败,俄乌战争,2024-11-16,0.002052
美国,认可,台湾,2024-11-19,0.002052
瑞银分析师,认为可靠,川普,2024-10-29,0.002051
陈凤馨,认为有威胁,美国,2024-11-02,0.002051
谢金河,认为有威胁,以色列,2024-11-16,0.002051
川普,认为优秀,马斯克,2024-11-17,0.002047
川普,认为有威胁,台湾,2024-11-14,0.002042
拜登,威胁,赖清德,2024-12-01,0.002041
共和党,认可,美国,2024-11-05,0.002038
台湾人民,认为失败,美国,2024-08-03,0.002036
民进党,感到不满,台湾,2024-11-09,0.002033
乔治亚州,认为优秀,川普,2024-11-19,0.002032
乔治亚州,认为优秀,川普,2024-11-19,0.002032
美国,质疑,拜登政府,2024-11-26,0.002032
刘镜清,相信,川普,2024-11-12,0.002032
郭智辉,担忧,川普,2024-11-27,0.002030
谢衣凤,相信,川普,2024-11-19,0.002030
陈奕光,质疑,美国,2024-11-26,0.002030
员工,主导,台积电,2024-12-02,0.002029
奥地利,认可,台湾,2024-09-29,0.002026
吴志中,感到不满,川普,2024-11-05,0.002026
美国,质疑,拜登政府,2024-11-27,0.002025
刘镜清,主导,川普新政,2024-11-27,0.002025
川普,认为非法,美国,2024-11-17,0.002024
金管会,认为恐怖,台积电,2024-12-02,0.002024
金管会,认为恐怖,台积电,2024-12-02,0.002024
蔡正元,视作英雄,尹锡悦,2024-12-04,0.002023
台商,视作英雄,川普,2024-11-18,0.002021
波森,认为可靠,川普,2024-11-06,0.002017
纳坦雅胡,认为有成就,川普,2024-11-05,0.002015
台湾科技公司,增进,美国,2024-10-10,0.002012
杨瑞临,视作英雄,川普,2024-12-03,0.002011
司徒文,相信,川普,2024-11-26,0.002011
贝佐斯,欢迎,马斯克,2024-12-05,0.002010
拜登,威胁,台湾,2024-10-30,0.002007
尼克森,认为可靠,台湾,2024-11-26,0.002007
美国,感谢,川普总统,2024-11-28,0.002005
拜登,担忧,川普当选,2024-11-05,0.002001
拜登,认为失败,亚利桑那州,2024-11-19,0.002000
尹锡悦,主导,「紧急戒严令」,2024-12-03,0.001999
蔡正元,感谢,尹锡悦,2024-12-04,0.001995
郭正亮,认为非法,美国,2024-11-09,0.001993
美国,担忧,台湾,2024-11-06,0.001992
川普,增进,俄乌战争,2024-11-20,0.001990
川普,认为犯罪,台湾,2024-11-07,0.001987
美国,视作英雄,川普,2024-12-01,0.001984
北卡罗来纳州,质疑,川普,2024-11-19,0.001983
鲁比欧,认为有威胁,中国,2024-12-04,0.001981
颜择雅,担忧,川普,2024-11-05,0.001980
颜择雅,担忧,川普,2024-11-05,0.001980
尹锡悦,认为有威胁,南韩,2024-12-03,0.001979
李镇宇,感到不满,川普,2024-11-19,0.001977
郭加泳,认为有成就,美国,2024-10-24,0.001976
刘镜清,相信,川普,2024-11-05,0.001976
半导体,认为犯罪,美方,2024-12-03,0.001976
半导体,认为犯罪,美方,2024-12-03,0.001976
张忠谋,质疑,英特尔,2024-12-03,0.001974
张忠谋,质疑,英特尔,2024-12-03,0.001974
张忠谋,质疑,英特尔,2024-12-03,0.001974
谢金河,担忧,美国,2024-10-14,0.001972
童子贤今,认为有危机,川普,2024-12-02,0.001970
马斯克,认为犯罪,川普,2024-11-19,0.001970
克里斯・米勒,认可,川普,2024-10-29,0.001968
张忠谋,认为优秀,蒋尚义,2024-11-29,0.001967
吕秀莲,认为可靠,蔡英文,2024-11-19,0.001966
刘扬伟,认可,川普,2024-12-02,0.001964
郭智辉,认为有威胁,美国,2024-11-26,0.001962
亚利桑那州,认为有威胁,中国,2024-10-08,0.001960
金正恩,威胁,美国,2024-11-21,0.001960
蔡英文,主导,民进党全代会,2024-11-26,0.001959
张忠谋,认为优秀,英特尔,2024-12-02,0.001959
福斯新闻,相信,川普,2024-11-05,0.001954
彭博,质疑,川普,2024-11-28,0.001954
员工,喜欢,台积电,2024-12-02,0.001954
员工,喜欢,台积电,2024-12-02,0.001954
川普,攻击,美国,2024-10-30,0.001952
风传媒,感到不满,川普,2024-11-18,0.001951
总统,主导,南韩戒严令,2024-11-27,0.001951
民进党,质疑,中国,2024-10-30,0.001950
郭智辉,欣赏,川普,2024-11-08,0.001950
刘德音,相信,中国,2024-11-28,0.001947
美国,视作英雄,川普,2024-12-02,0.001947
曾敬德,威胁,川普,2024-11-05,0.001947
杨雅絜,认为可靠,美国,2024-12-02,0.001946
亚洲投资圈,认为恐怖,台积电,2024-12-01,0.001945
密歇根州,感到不满,川普,2024-11-19,0.001945
中国,认为有威胁,台湾,2024-11-10,0.001941
美国,增进,华为,2024-11-29,0.001939
刘扬伟,威胁,川普,2024-12-02,0.001936
乔治亚,欢迎,川普,2024-11-05,0.001934
陈水扁,主导,民进党全代会,2024-11-26,0.001934
陈良基,认为有威胁,以色列,2024-11-17,0.001929
川普,认为有威胁,南韩,2024-11-21,0.001927
梁博超,相信,川普,2024-11-28,0.001927
赖论 · 纽时,认为可靠,川普,2024-11-05,0.001926
中国,认为优秀,特斯拉,2024-11-19,0.001926
郭智辉,认为非法,加拿大,2024-11-28,0.001921
路透社,主导,英特尔,2024-12-02,0.001921
民进党,主导,尹锡悦戒严,2024-12-03,0.001920
王信贤,质疑,川普,2024-10-30,0.001920
颜择雅,认为失败,美国,2024-11-05,0.001919
陈奕光,认可,美国,2024-11-26,0.001919
郭智辉,感到满意,川普,2024-11-06,0.001918
台积电,主导,「爱心市集」,2024-11-28,0.001918
台积电,主导,「爱心市集」,2024-11-28,0.001918
台积电,主导,「爱心市集」,2024-11-28,0.001918
台积电,主导,「爱心市集」,2024-11-28,0.001918
美国,认为恐怖,墨西哥,2024-11-27,0.001916
中共,认为有威胁,川普,2024-12-01,0.001916
川普总统,认为有威胁,美国,2024-11-28,0.001916
张忠谋,认为有危机,美国,2024-09-11,0.001914
格里芬,认为犯罪,川普,2024-12-04,0.001914
川普,认为恐怖,墨西哥,2024-11-27,0.001913
川普,增进,俄乌战争,2024-11-12,0.001913
民进党,相信,高雄,2024-11-27,0.001912
赖清德,质疑,蔡正元,2024-12-03,0.001912
沈富雄,视作英雄,赖清德,2024-11-10,0.001910
贺锦丽,感到不满,拜登,2024-10-29,0.001910
马斯克,认为有威胁,南韩,2024-11-21,0.001909
南韩政府,认为可靠,三星,2024-11-27,0.001909
川普,质疑,《晶片法案》,2024-11-14,0.001908
郭智辉,认为非法,台湾,2024-11-06,0.001904
绿粉,感到不满,川普,2024-10-29,0.001903
孙明德,认为热情,川普,2024-11-08,0.001902
蔡正元,认为违规,尹锡悦,2024-12-03,0.001902
中国大陆,威胁,韩国,2024-12-02,0.001902
詹家鸿,认为缺乏,台积电,2024-12-03,0.001900
美国,欢迎,墨西哥,2024-11-29,0.001895
台商,认为有威胁,越南,2024-11-18,0.001892
贝佐斯,欢迎,马斯克,2024-12-06,0.001891
《纽约时报》,主导,川普胜选,2024-11-05,0.001890
美国,相信,大部分台湾同胞,2024-11-06,0.001886
美国,认为失败,委内瑞拉,2024-11-24,0.001885
美国,认为失败,委内瑞拉,2024-11-24,0.001885
美国,认为失败,美国,2024-10-29,0.001883
杨应超,认为有威胁,日本,2024-09-11,0.001879
韩国政局,损害,台积电,2024-12-04,0.001878
民进党,认可,中国,2024-10-30,0.001878
拜登政府,视作英雄,特朗普,2024-11-29,0.001877
爱迪生研究公司,视作英雄,唐纳德·川普,2024-11-19,0.001874
郭书廷,认为可靠,特朗普,2024-10-24,0.001872
刘镜清,相信,川普,2024-11-07,0.001872
苏姿丰,主导,英特尔,2024-12-04,0.001871
张忠谋,感到不满,英特尔执行长,2024-12-03,0.001870
萧兹,认为有危机,乌克兰,2024-12-03,0.001869
何世昌,相信,川普,2024-11-05,0.001868
以色列,威胁,伊朗,2024-10-29,0.001867
黄循财,认为优秀,川普,2024-11-05,0.001865
波森,认为优秀,川普,2024-11-06,0.001865
川普,威胁,台湾,2024-11-19,0.001864
川普,威胁,台湾,2024-11-19,0.001864
布林肯,相信,尹锡悦,2024-12-04,0.001863
顾立雄,质疑,川普,2024-11-19,0.001863
外交部,认可,美国,2024-11-06,0.001862
谢衣鳯,认为有成就,郭智辉,2024-11-19,0.001861
台湾,视作英雄,川普总统,2024-11-17,0.001859
沈富雄,认为优秀,赖清德,2024-11-10,0.001856
美国,担忧,美国,2024-10-29,0.001856
蔡正元,增进,南韩戒严,2024-12-03,0.001854
叶政勋,认为可靠,委内瑞拉,2024-11-21,0.001853
特朗普,担忧,台湾,2024-10-24,0.001853
童子贤,质疑,川普,2024-12-02,0.001852
投资人,质疑,美国,2024-11-12,0.001851
投资人,质疑,美国,2024-11-12,0.001851
美国,视作英雄,川普,2024-12-04,0.001851
美国,支持,墨西哥,2024-11-29,0.001850
谷立言,认为失败,美国,2024-11-21,0.001850
舔共商人马斯克,认可,川普,2024-11-19,0.001850
亚洲投资圈,质疑,台积电,2024-12-01,0.001848
川普,损害,华为,2024-11-29,0.001846
美国,认为有危机,川普,2024-11-15,0.001845
马克宏,认为热情,川普,2024-11-13,0.001845
郭智辉,主导,川普新政,2024-11-28,0.001842
拜登政府,认为有威胁,俄罗斯,2024-11-29,0.001842
台湾政府,视作英雄,川普,2024-12-01,0.001842
美国,认为失败,委内瑞拉,2024-11-23,0.001840
美国,认为失败,委内瑞拉,2024-11-23,0.001840
美国,认为失败,委内瑞拉,2024-11-23,0.001840
美国,认为失败,委内瑞拉,2024-11-23,0.001840
美国,认为失败,委内瑞拉,2024-11-23,0.001840
立法院经济委员会,认为有成就,川普,2024-11-19,0.001839
朱汉仑,主导,美国,2024-11-19,0.001838
菲力浦常务次长,认为有成就,俄乌战争,2024-11-18,0.001838
刘扬伟,欣赏,川普,2024-12-02,0.001837
川普,损害,华为,2024-11-25,0.001837
中华经济研究院,认为有威胁,美国,2024-11-08,0.001835
林柏濬,感到不满,韩国,2024-09-03,0.001834
波森,质疑,川普,2024-11-06,0.001833
蔡正元,支持,川普,2024-12-03,0.001830
乔治亚州,欢迎,川普,2024-11-05,0.001830
美国,增进,华为,2024-11-25,0.001829
拜登,认为有威胁,亚利桑那州,2024-11-19,0.001829
华府智库,认为可靠,美国,2024-11-29,0.001828
童子贤今,威胁,川普,2024-12-02,0.001827
美国,认可,川普政府,2024-11-06,0.001826
黄仁勋,认为可靠,美国,2024-11-23,0.001824
特朗普,威胁,台湾,2024-10-24,0.001822
民主党,欣赏,川普,2024-11-05,0.001820
陈良基,认可,台湾,2024-11-24,0.001820
乔治亚州,感谢,川普,2024-11-19,0.001819
刘大年,相信,川普,2024-11-08,0.001814
廖俊智,认为可靠,台湾,2024-12-04,0.001814
美国,认为失败,委内瑞拉,2024-11-21,0.001814
美国,威胁,乌克兰,2024-12-03,0.001813
乔治亚州,认为失败,川普,2024-11-19,0.001813
刘镜清,认可,川普,2024-11-20,0.001812
刘镜清,认可,川普,2024-11-20,0.001812
刘镜清,认可,川普,2024-11-20,0.001812
马斯克,认为有威胁,川普新内阁,2024-12-03,0.001812
以色列,欢迎,黎巴嫩,2024-11-27,0.001806
王信贤,视作英雄,川普,2024-10-30,0.001805
郭智辉,认为非法,美国,2024-11-27,0.001803
美国,视作英雄,川普,2024-11-14,0.001803
美国,视作英雄,川普,2024-11-25,0.001803
美国,视作英雄,川普,2024-11-25,0.001803
范琪斐,认为有威胁,川普,2024-11-14,0.001803
江文若,认可,美国,2024-10-01,0.001801
克里斯・米勒,相信,川普,2024-10-29,0.001801
纽森,认为热情,川普,2024-12-02,0.001799
川普,支持,台湾,2024-11-06,0.001798
马斯克,攻击,特斯拉,2024-12-01,0.001797
马斯克,攻击,特斯拉,2024-12-01,0.001797
加拿大,感谢,拜登,2024-11-16,0.001796
风传媒,感到不满,川普,2024-11-16,0.001796
拜登,欢迎,川普,2024-11-19,0.001794
韩国经济日报,主导,SK海力士,2024-12-02,0.001793
美国,视作英雄,川普,2024-12-05,0.001792
刘扬伟,认为缺乏,川普,2024-12-02,0.001792
台湾,支持,日本,2024-11-29,0.001791
川普,认为有威胁,南韩,2024-11-20,0.001789
郑正钤,认为非法,越南,2024-11-27,0.001787
美国,认为有威胁,川普,2024-11-15,0.001787
乔治亚,欣赏,川普,2024-11-05,0.001785
马斯克老友,质疑,川普,2024-12-04,0.001785
以色列,威胁,真主党,2024-11-26,0.001785
美国,损害,华为,2024-12-01,0.001782
王健全,认为可靠,川普,2024-11-08,0.001782
刘德音,认为有威胁,台湾,2024-09-03,0.001780
总统,主导,南韩戒严令,2024-11-26,0.001777
邱铭干夫妇,质疑,特斯拉,2024-12-01,0.001776
台积电,相信,多元化人力的价值,2024-11-15,0.001772
赖清德,感到不满,卢秀燕,2024-12-01,0.001771
陈凤馨,担忧,美国,2024-11-06,0.001771
富兰克林,威胁,南韩,2024-12-02,0.001768
刘扬伟,认为违规,川普,2024-12-02,0.001767
童子贤,认为可靠,台湾,2024-11-06,0.001766
Dan Ives,认可,特斯拉,2024-12-02,0.001765
台湾,攻击,美国,2024-11-02,0.001764
拜登政府,视作英雄,特朗普,2024-11-30,0.001760
郭正亮,认为有威胁,美国,2024-11-09,0.001760
半导体,认为有威胁,美国,2024-12-04,0.001759
黄文清,视作英雄,美国,2024-11-21,0.001757
辛瓦,认为有威胁,以色列,2024-11-16,0.001754
法新社,认为可靠,亚利桑那州,2024-11-19,0.001753
《路透社》,损害,台积电,2024-11-12,0.001752
曾敬德,认为缺乏,川普,2024-11-05,0.001748
美国,欣赏,川普,2024-11-15,0.001746
拜登政府,认为非法,俄罗斯,2024-11-29,0.001746
杨瑞临,认可,川普,2024-11-22,0.001745
川普,认为有危机,中国,2024-11-28,0.001745
张建一,欣赏,川普,2024-11-06,0.001745
索贝克,质疑,川普,2024-11-27,0.001744
王辉耀,认为可靠,川普,2024-11-26,0.001742
日本,视作英雄,岸田文雄,2024-11-27,0.001741
习近平,视作英雄,赖清德总统,2024-11-21,0.001741
连贤明,认可,川普,2024-11-07,0.001741
连贤明,认可,川普,2024-11-07,0.001741
蔡正元,相信,尹锡悦,2024-12-04,0.001739
嘉义县文化观光局,增进,台积电,2024-11-18,0.001739
麦考密克,视作英雄,特斯拉,2024-12-03,0.001739
曾敬德,认为违规,川普,2024-11-05,0.001739
川普,担忧,半导体,2024-12-01,0.001739
台积公司,认为有成就,全球供应链,2024-12-02,0.001738
英特尔,视作英雄,彭博,2024-12-04,0.001736
索贝克,质疑,川普,2024-11-28,0.001736
索贝克,质疑,川普,2024-11-28,0.001736
凯萨琳・索贝克,相信,川普,2024-11-27,0.001733
中美战略思考,认为可靠,台湾,2024-10-10,0.001732
川普政府,质疑,拜登政府,2024-11-27,0.001732
马英九,质疑,蔡英文,2024-11-19,0.001730
金正恩,认为有威胁,美国,2024-11-21,0.001730
美国,视作英雄,川普,2024-11-26,0.001729
美国,视作英雄,川普,2024-11-26,0.001729
美国,视作英雄,川普,2024-11-26,0.001729
古巴政府官员,认为有威胁,美国,2024-12-01,0.001729
台积电,喜欢,恒水创电,2024-12-04,0.001728
尹锡悦,认为有威胁,南韩,2024-12-04,0.001727
蔡英文,质疑,台湾,2024-11-21,0.001726
美国,视作英雄,川普,2024-11-06,0.001726
郭智辉,感到不满,赖清德,2024-11-28,0.001725
川普,增进,俄乌战争,2024-11-10,0.001722
川普,增进,俄乌战争,2024-11-10,0.001722
刘德音,质疑,川普,2024-11-26,0.001722
美国,担忧,川普,2024-11-22,0.001721
谢金河,认为非法,以色列,2024-11-17,0.001720
拉马斯瓦米,认可,川普,2024-11-17,0.001719
乔治亚,担忧,川普,2024-11-05,0.001716
郭智辉,认为有危机,美国,2024-11-06,0.001712
刘复国,相信,川普,2024-10-30,0.001707
美国,支持,以色列,2024-11-19,0.001704
郑崇华,认为可靠,台湾,2024-10-29,0.001700
美国,担忧,川普,2024-11-15,0.001699
宾夕法尼亚州,相信,川普,2024-11-19,0.001696
Dan Ives,担忧,川普,2024-12-02,0.001693
黄循财,质疑,川普,2024-11-05,0.001690
罗素,欢迎,川普,2024-12-03,0.001689
魏哲家,认可,美国,2024-12-03,0.001686
卓荣泰,认为失败,美国,2024-11-25,0.001686
美媒,相信,川普,2024-11-06,0.001685
沈富雄,感到满意,赖清德,2024-11-10,0.001685
美国,支持,台湾,2024-09-02,0.001685
北京,认可,马斯克,2024-11-26,0.001684
台湾人民,认为有威胁,乌克兰,2024-12-03,0.001683
蔡明忠,认为有威胁,南韩,2024-12-03,0.001682
台视新闻网,认为失败,美国,2024-11-08,0.001680
巴菲特,主导,年度股东大会,2024-12-02,0.001680
张建一,欣赏,川普,2024-11-07,0.001680
拜登政府,主导,芯片,2024-10-29,0.001679
蔡正元,认为可靠,郭智辉,2024-10-17,0.001679
哈玛斯,认为有威胁,以色列,2024-11-16,0.001679
英特尔,欢迎,刘德音,2024-11-28,0.001678
杨瑞临,主导,英特尔（Intel）,2024-12-03,0.001678
杨瑞临,主导,英特尔（Intel）,2024-12-03,0.001678
郭智辉,感到满意,川普,2024-11-19,0.001677
风传媒,质疑,川普,2024-11-06,0.001677
欧美央行,主导,俄乌战争,2024-11-18,0.001676
台积电,主导,刺针飞弹,2024-11-19,0.001674
赖清德,感到不满,蔡正元,2024-12-03,0.001674
陈立武,主导,英特尔的「复兴大计」,2024-12-04,0.001673
美国,主导,涉台言论,2024-09-02,0.001672
九州地区,支持,台积电,2024-11-18,0.001671
孙太一,质疑,川普,2024-12-02,0.001671
台湾科技公司,增进,美国,2024-10-12,0.001670
台湾科技公司,增进,美国,2024-10-12,0.001670
台湾科技公司,增进,美国,2024-10-12,0.001670
CNBC,认为非法,美国,2024-12-03,0.001669
台湾拟提大型军购案,感谢,川普,2024-11-19,0.001669
台湾拟提大型军购案,感谢,川普,2024-11-19,0.001669
张忠谋,认为非法,美国,2024-11-15,0.001668
马克宏,担忧,川普,2024-11-05,0.001665
中国汽车工业协会,相信,美国,2024-12-04,0.001665
算能科技,感到满意,台积电,2024-11-09,0.001665
詹家鸿,担忧,台积电,2024-12-03,0.001665
德国德勒斯登,认为优秀,台积电,2024-12-02,0.001662
台积电,主导,赴美建厂,2024-11-25,0.001661
台积电,主导,赴美建厂,2024-11-25,0.001661
台积电,主导,赴美建厂,2024-11-25,0.001661
台积电,主导,赴美建厂,2024-11-25,0.001661
台积电,主导,赴美建厂,2024-11-25,0.001661
米勒,担忧,美国,2024-11-30,0.001658
台南Josh,认为有成就,美国,2024-11-21,0.001657
杨瑞临,认为有成就,英特尔,2024-12-02,0.001657
美国,视作英雄,川普,2024-11-07,0.001655
美国,视作英雄,川普,2024-11-07,0.001655
郭智辉,视作英雄,川普,2024-11-27,0.001653
米勒,认为有威胁,美国,2024-11-29,0.001652
米勒,认为有威胁,美国,2024-11-29,0.001652
米勒,认为有威胁,美国,2024-11-29,0.001652
韩国,认为有威胁,台湾,2024-11-19,0.001652
格里芬,威胁,川普,2024-12-04,0.001652
共和党,视作英雄,川普,2024-12-04,0.001645
巴基斯坦,威胁,韩国,2024-09-03,0.001643
美国,相信,会调整政策,2024-12-04,0.001643
马斯克老友,担忧,川普,2024-12-04,0.001642
索贝克,认为可靠,台湾,2024-11-28,0.001641
CNN,认为有成就,马斯克,2024-11-17,0.001641
清德,认为可靠,马英九,2024-11-19,0.001640
拉马斯瓦米,质疑,拜登,2024-11-28,0.001638
台南,主导,半导体,2024-11-26,0.001636
何世昌,认为有威胁,川普,2024-11-05,0.001633
台经院,喜欢,川普,2024-12-02,0.001632
川普,攻击,美国,2024-11-27,0.001631
乔治亚州,担忧,川普,2024-11-19,0.001630
陆行之,感到不满,川普,2024-12-03,0.001629
尹锡悦,主导,南韩戒严令,2024-11-27,0.001629
华尔街经济学家,威胁,川普,2024-10-30,0.001628
刘德音,认为失败,美国,2024-11-28,0.001624
林伯丰,认可,川普,2024-11-19,0.001623
半导体,认为犯罪,美方,2024-12-04,0.001621
川普,主导,法国大选,2024-11-21,0.001620
谢金河,认为有威胁,以色列,2024-11-17,0.001619
郭智辉,认为失败,川普,2024-11-19,0.001618
蔡正元,欢迎,尹锡悦,2024-12-03,0.001618
刘德音,认可,中国,2024-11-28,0.001615
刘镜清,认可,川普,2024-11-12,0.001615
麦考密克,欣赏,特斯拉,2024-12-03,0.001613
台湾国安系统,认为非法,美国,2024-11-13,0.001612
台湾国安系统,认为非法,美国,2024-11-13,0.001612
翁伟捷,担忧,川普,2024-11-05,0.001612
蔡明彦,认为有危机,美国,2024-11-06,0.001608
川普,认为有威胁,台湾,2024-11-20,0.001608
司徒文,认可,川普,2024-11-26,0.001607
吴诚文,相信,川普,2024-11-20,0.001607
美国,认为非法,美国,2024-10-29,0.001606
郭正亮,认为有威胁,美国,2024-11-05,0.001605
刘镜清,质疑,川普,2024-11-05,0.001601
刘镜清,质疑,川普,2024-11-05,0.001601
特朗普,认为有威胁,台湾,2024-10-24,0.001599
拜登政府,认可,美国,2024-11-06,0.001598
外交部,质疑,美国,2024-11-06,0.001597
习近平,认为恐怖,中国,2024-12-04,0.001593
刘镜清,质疑,川普,2024-11-06,0.001592
刘镜清,质疑,川普,2024-11-06,0.001592
莫迪,欣赏,川普,2024-11-05,0.001591
美国,主导,怀特公司,2024-11-19,0.001591
刘镜清,认为缺乏,特朗普,2024-11-05,0.001590
美国,攻击,华为,2024-11-29,0.001589
美国,攻击,华为,2024-11-29,0.001589
美国,攻击,华为,2024-11-29,0.001589
乔治亚州,欣赏,川普,2024-11-05,0.001588
基辛格,认为优秀,英特尔,2024-12-03,0.001587
川普,认为有成就,美中台关系,2024-11-16,0.001587
邱铭干夫妇,感到不满,特斯拉,2024-12-01,0.001586
凌涛,质疑,川普,2024-11-06,0.001586
Dan Ives,质疑,美国,2024-12-02,0.001584
狄骧,感到不满,川普,2024-12-02,0.001582
翁伟捷,威胁,川普,2024-11-05,0.001581
乔治亚州,支持,川普,2024-11-05,0.001580
连贤明,担忧,川普,2024-11-07,0.001577
连贤明,担忧,川普,2024-11-07,0.001577
赖论 · 纽时,质疑,川普,2024-11-05,0.001577
纽森,认可,川普,2024-12-02,0.001576
前任员工,认为有暴力,台积电,2024-11-19,0.001576
郑崇华,认可,台湾,2024-10-29,0.001575
中国汽车行业协会,相信,美国,2024-12-04,0.001574
蔡正元,认为恐怖,南韩,2024-12-03,0.001574
蔡正元,认为恐怖,南韩,2024-12-03,0.001574
美国,认为有威胁,台湾,2024-11-28,0.001573
川普,认为恐怖,台湾,2024-11-06,0.001573
日本,认为有威胁,中国,2024-11-10,0.001572
日本,认为有威胁,中国,2024-11-10,0.001572
日本,认为有威胁,中国,2024-11-10,0.001572
SK海力士,质疑,尹锡悦,2024-11-05,0.001571
陆军第八军团指挥部,威胁,台积电,2024-11-13,0.001566
刘复国,感到不满,川普,2024-10-30,0.001565
美情报局,认为有威胁,俄罗斯,2024-12-03,0.001564
川普,损害,美国,2024-10-30,0.001564
台湾政府,支持,川普,2024-12-01,0.001563
共和党,视作英雄,川普,2024-11-05,0.001563
郭书廷,感到不满,特朗普,2024-10-24,0.001563
参议院,视作英雄,川普,2024-11-06,0.001561
台商,认为优秀,川普,2024-11-18,0.001560
后基辛格时代,损害,台积电,2024-12-03,0.001560
川普,认为有威胁,台湾,2024-11-16,0.001560
孙明德,威胁,川普,2024-11-07,0.001559
张忠谋,认可,马英九,2024-11-19,0.001559
赖论 · 纽时,认为优秀,川普,2024-11-05,0.001556
川普,损害,美国,2024-11-28,0.001552
杨书成博士,感到不满,川普,2024-11-09,0.001552
南韩政府,认可,三星,2024-11-27,0.001552
台积电,认可,「乐无界教育计划」,2024-10-29,0.001551
基辛格退休,主导,英特尔,2024-12-02,0.001551
川普内阁,质疑,马斯克,2024-11-26,0.001550
美国,威胁,川普,2024-11-15,0.001549
米勒,担忧,美国,2024-11-29,0.001549
米勒,担忧,美国,2024-11-29,0.001549
米勒,担忧,美国,2024-11-29,0.001549
美国,认为有威胁,美国,2024-10-19,0.001548
美国,视作英雄,川普,2024-11-29,0.001548
川普,主导,遣返非法移民政策,2024-11-25,0.001548
陈家祥,主导,「台湾英雄」大游行,2024-12-04,0.001546
朱凤莲,认为非法,美国,2024-11-06,0.001542
司徒文,感到不满,川普,2024-11-26,0.001542
共和党总统候选人川普,认为失败,美国,2024-11-05,0.001541
经济部长郭智辉,主导,崇越科技,2024-11-19,0.001539
刘镜清,质疑,川普,2024-11-07,0.001538
杰夫,认可,张忠谋,2024-11-29,0.001538
蔡正元,欣赏,尹锡悦,2024-12-03,0.001538
尹锡悦,主导,南韩戒严令,2024-11-26,0.001537
王健全,相信,川普,2024-11-08,0.001536
台湾,认为优秀,半导体,2024-10-10,0.001536
美国,认为可靠,出口管制法规,2024-10-23,0.001536
麦考米克,认为犯罪,特斯拉,2024-12-03,0.001535
麦考米克,认为犯罪,特斯拉,2024-12-03,0.001535
麦考米克,认为犯罪,特斯拉,2024-12-03,0.001535
麦考米克,认为犯罪,特斯拉,2024-12-03,0.001535
谢金河,主导,数字台湾,2024-12-02,0.001535
吉杰．罗杰斯,质疑,中国,2024-11-10,0.001534
台湾,认为失败,美国,2024-11-21,0.001534
台湾,认为失败,美国,2024-11-21,0.001534
台湾,认为失败,美国,2024-11-21,0.001534
孙明德,认为缺乏,川普,2024-11-07,0.001533
郭智辉,认为有威胁,台湾,2024-11-06,0.001532
川普,认为有威胁,台湾,2024-11-19,0.001532
川普,认为有威胁,台湾,2024-11-19,0.001532
川普,认为有威胁,台湾,2024-11-19,0.001532
民进党,欣赏,特朗普,2024-11-19,0.001531
日本,担忧,韩国,2024-11-19,0.001530
川普,威胁,半导体,2024-12-01,0.001530
川普,威胁,半导体,2024-12-01,0.001530
台湾国安系统,质疑,美国,2024-11-13,0.001530
美国,攻击,华为,2024-11-25,0.001529
美中对抗,相信,川普,2024-12-02,0.001528
麦考密克,认为热情,特斯拉,2024-12-03,0.001528
川普,质疑,中共,2024-11-12,0.001527
拜登,感到满意,亚利桑那州,2024-11-19,0.001526
卡明斯,认可,马斯克,2024-11-28,0.001525
特朗普,质疑,芯片,2024-10-29,0.001525
麦考密克,认为犯罪,特斯拉,2024-12-03,0.001522
麦考密克,认为犯罪,特斯拉,2024-12-03,0.001522
马斯克－拉马斯瓦米,认可,川普,2024-11-17,0.001521
民进党,认为失败,中国,2024-10-30,0.001520
陈文茜,质疑,川普,2024-11-10,0.001519
威斯康星州,认可,川普,2024-11-19,0.001518
尹锡悦,主导,解除戒严,2024-12-03,0.001518
Dan Ives,质疑,川普,2024-12-02,0.001514
川普,损害,美国,2024-11-12,0.001512
宾州,质疑,川普,2024-11-26,0.001512
何世昌,认为优秀,川普,2024-11-05,0.001511
马斯克,损害,美国,2024-10-29,0.001511
共和党,视作英雄,特朗普,2024-11-23,0.001511
中信投顾,认为可靠,川普,2024-11-12,0.001510
麦考米克,欣赏,特斯拉,2024-12-03,0.001509
童子贤今,认为违规,川普,2024-12-02,0.001508
共和党,认为失败,美国,2024-11-29,0.001507
美国,认为有威胁,美国,2024-10-18,0.001506
群益投顾,质疑,川普,2024-12-05,0.001504
郭正亮,担忧,川普,2024-08-03,0.001502
沈富雄,担忧,赖清德,2024-11-10,0.001501
拜登,认为可靠,司法制度,2024-12-02,0.001501
范琪斐,威胁,川普,2024-11-14,0.001501
柏凯斯,质疑,川普,2024-11-25,0.001500
杨应超,威胁,日本,2024-09-11,0.001497
美国,认可,谷歌,2024-11-21,0.001496
信传媒,质疑,川普,2024-12-03,0.001496
台湾科技公司,增进,美国,2024-10-13,0.001495
沈富雄,质疑,吕秀莲,2024-11-19,0.001494
德国,认为失败,俄乌战争,2024-11-18,0.001492
美联社,认为有威胁,乌克兰,2024-12-03,0.001492
台积电,攻击,台股,2024-12-02,0.001490
郑正钤,认为有威胁,越南,2024-11-27,0.001487
美国,支持,川普,2024-11-19,0.001485
美国,支持,川普,2024-11-19,0.001485
日籍学者,认为可靠,中国,2024-12-04,0.001483
美国,认为有威胁,委内瑞拉,2024-11-21,0.001481
澳洲,威胁,中国,2024-12-01,0.001478
张陈浩,认为可靠,川普,2024-11-26,0.001477
张陈浩,认为可靠,川普,2024-11-26,0.001477
徐遵慈,认为可靠,川普,2024-11-18,0.001476
美国,认为优秀,英特尔,2024-11-28,0.001476
美国,认为优秀,英特尔,2024-11-28,0.001476
沈富雄,认为热情,赖清德,2024-11-10,0.001474
美国,支持,《晶片法案》,2024-12-04,0.001474
美国,支持,《晶片法案》,2024-12-04,0.001474
美国,支持,《晶片法案》,2024-12-04,0.001474
尹锡悦,主导,解除戒严,2024-12-04,0.001472
台湾科技公司,增进,美国,2024-08-30,0.001471
川普,支持,蔡英文,2024-10-30,0.001471
徐佳馨,质疑,川普,2024-11-24,0.001470
台湾国安系统,认可,美国,2024-11-13,0.001469
乔治亚,支持,川普,2024-11-05,0.001467
镜周刊,感到不满,川普,2024-11-29,0.001467
陈沅易,主导,川普上台,2024-11-07,0.001466
李靖棠,质疑,川普,2024-12-04,0.001465
索贝克,认为优秀,川普,2024-11-28,0.001464
民主党,视作英雄,川普,2024-12-04,0.001463
赖清德,担忧,台湾,2024-12-02,0.001461
民主党,感谢,川普,2024-11-19,0.001458
谢金河,认为犯罪,川普,2024-11-30,0.001458
川普,损害,加拿大,2024-12-02,0.001457
川普,损害,加拿大,2024-12-02,0.001457
吕秀莲,相信,蔡英文,2024-11-19,0.001456
连贤明,视作英雄,川普,2024-11-07,0.001455
陈德升,质疑,川普,2024-10-30,0.001455
林佳龙,担忧,川普,2024-11-05,0.001454
童子贤今,认为缺乏,川普,2024-12-02,0.001454
美国,认为有威胁,委内瑞拉,2024-11-23,0.001454
美国,威胁,俄罗斯,2024-12-03,0.001451
柏凯斯,认为可靠,中国,2024-11-25,0.001451
美国,视作英雄,川普,2024-11-12,0.001450
美国,视作英雄,川普,2024-11-12,0.001450
王效平,质疑,日本,2024-11-17,0.001450
黄文局,认为可靠,以色列,2024-11-17,0.001449
以色列,威胁,黎巴嫩,2024-11-27,0.001449
威斯康星州,感到不满,川普,2024-11-19,0.001449
季辛格,威胁,乌克兰,2024-12-03,0.001449
富兰克林证券投顾,欢迎,川普,2024-12-02,0.001448
美国,认为有威胁,委内瑞拉,2024-11-24,0.001447
黄循财,担忧,川普,2024-11-05,0.001447
川普,损害,美国,2024-11-27,0.001446
美情报局,认为非法,俄罗斯,2024-12-03,0.001445
美国,认为犯罪,特斯拉,2024-11-17,0.001444
郭书廷,认可,特朗普,2024-10-24,0.001443
政治大学东亚研究所,相信,特朗普,2024-10-24,0.001443
希拉里·克林顿,欢迎,川普,2024-11-19,0.001442
台湾,认为可靠,联合国,2024-09-29,0.001442
民进党,认为非法,中国,2024-10-30,0.001442
美国,认为非法,台湾,2024-11-19,0.001442
李同荣,担忧,川普,2024-11-10,0.001441
许美华,质疑,英特尔,2024-12-02,0.001440
前任员工,损害,台积电,2024-11-19,0.001440
上海,主导,特斯拉,2024-11-19,0.001440
凯萨琳・索贝克,认可,川普,2024-11-27,0.001439
半导体,认为失败,美国,2024-12-04,0.001437
古巴政府,认为违规,美国,2024-12-01,0.001437
金正恩,认为非法,美国,2024-11-21,0.001437
沈富雄,质疑,吕秀莲,2024-11-11,0.001436
韩国总统尹锡悦,主导,「紧急戒严令」,2024-12-03,0.001435
德国德勒斯登,认可,台积电,2024-12-02,0.001434
何世昌,质疑,川普,2024-11-05,0.001433
布林肯,认为热情,尹锡悦,2024-12-04,0.001433
杨瑞临,担忧,川普,2024-11-22,0.001431
《人民日报》,认为有成就,特斯拉,2024-11-26,0.001428
美国,认为有威胁,台湾,2024-11-27,0.001428
美国,认为有威胁,台湾,2024-11-27,0.001428
美国,认为有威胁,台湾,2024-11-27,0.001428
美国,认为有威胁,台湾,2024-11-27,0.001428
郭智辉,支持,川普,2024-11-06,0.001428
蔡正元,认为恐怖,川普,2024-12-03,0.001427
Ray Darlio,相信,中国,2024-11-10,0.001426
魏哲家,认为有成就,英特尔,2024-10-23,0.001425
美国,视作英雄,川普,2024-11-10,0.001425
英特尔,主导,「政府效率部」,2024-12-03,0.001425
刘德音,认为优秀,美国,2024-11-26,0.001424
拜登政府,主导,《晶片法》,2024-11-27,0.001422
美国,主导,川普风暴回归,2024-11-26,0.001420
以色列,主导,停火协议谈判,2024-11-26,0.001418
童子贤,担忧,川普,2024-12-02,0.001418
川普,主导,破产,2024-11-26,0.001418
彭博,认为热情,川普,2024-11-28,0.001418
美国,喜欢,川普,2024-12-02,0.001417
路透社,认为优秀,美国,2024-12-03,0.001416
邱铭干夫妇,质疑,特斯拉,2024-12-02,0.001416
范琪斐,担忧,川普,2024-11-14,0.001414
美国,认为恐怖,台湾,2024-11-06,0.001411
台积电,增进,恒水创电,2024-12-04,0.001410
川普,认为失败,台湾拟提大型军购案,2024-11-19,0.001410
刘镜清,质疑,川普,2024-11-27,0.001409
台湾科技公司,增进,美国,2024-09-29,0.001407
台湾科技公司,增进,美国,2024-08-29,0.001407
张忠谋,认为失败,英特尔,2024-12-02,0.001407
川普内阁,视作英雄,马斯克,2024-11-26,0.001405
川普赢 马斯克,主导,川普新政府,2024-10-30,0.001404
杰夫,感谢,张忠谋,2024-11-29,0.001404
杨应超,认为非法,德国,2024-09-11,0.001403
关中,主导,美国,2024-09-14,0.001402
卢特尼克,质疑,美方,2024-12-02,0.001400
孙太一,视作英雄,川普,2024-12-02,0.001399
杨瑞临,认为有成就,英特尔,2024-12-03,0.001399
杨瑞临,认为有成就,英特尔,2024-12-03,0.001399
乔治亚州,视作英雄,川普,2024-11-05,0.001398
纽森,认为违规,川普,2024-12-02,0.001397
刘镜清,质疑,川普,2024-11-12,0.001397
张雍川,认为有威胁,美国,2024-12-02,0.001396
法新社,相信,三星,2024-11-27,0.001394
蔡正元,担忧,尹锡悦,2024-12-03,0.001394
蔡正元,担忧,尹锡悦,2024-12-03,0.001394
路透社,损害,台积电,2024-11-01,0.001394
美国,主导,英特尔晶圆代工事业,2024-09-03,0.001394
卓文恒,相信,川普,2024-12-02,0.001393
张忠谋,感到不满,李登辉,2024-12-03,0.001392
张忠谋,感到不满,李登辉,2024-12-03,0.001392
刘大年,质疑,川普,2024-11-08,0.001392
王信贤,认为优秀,川普,2024-10-30,0.001391
美国,认为有威胁,「川普2.0」,2024-11-07,0.001390
黄崇仁,认为非法,越南,2024-10-24,0.001390
川普,主导,乌俄停战,2024-11-19,0.001389
民进党,认为有威胁,中国,2024-10-30,0.001388
台经院,认为恐怖,川普,2024-12-01,0.001388
台湾拟提大型军购案,认为热情,川普,2024-11-19,0.001387
台湾拟提大型军购案,认为热情,川普,2024-11-19,0.001387
李同荣,视作英雄,川普,2024-11-10,0.001387
孙明德,认为缺乏,川普,2024-11-08,0.001387
中国政府,欢迎,川普,2024-12-04,0.001386
美国,主导,废除晶片法案,2024-11-06,0.001386
路透社,认为非法,美国,2024-12-03,0.001382
台商,认为有威胁,泰国,2024-11-18,0.001382
黄循财,视作英雄,川普,2024-11-05,0.001381
台湾国安系统,认为非法,美国,2024-11-14,0.001380
台湾国安系统,认为非法,美国,2024-11-14,0.001380
林伯丰,质疑,川普,2024-11-19,0.001379
马斯克,主导,《晶片与科学法》,2024-11-28,0.001379
印尼,视作英雄,川普,2024-12-02,0.001378
刘镜清,质疑,川普,2024-11-22,0.001377
陈凤馨,认为非法,美国,2024-11-16,0.001377
格里芬,欣赏,川普,2024-12-04,0.001377
中国外交部,感到不满,川普,2024-11-27,0.001377
司徒文,质疑,川普,2024-11-26,0.001376
洪申翰,质疑,川普,2024-11-30,0.001376
蔡英文,认为非法,台湾,2024-11-21,0.001376
经济部,增进,台积电,2024-11-27,0.001373
经济部,增进,台积电,2024-11-27,0.001373
美国,认为失败,美国,2024-10-24,0.001372
川普政府,视作英雄,马斯克,2024-11-26,0.001371
彭博,视作英雄,川普,2024-11-28,0.001370
赖清德,支持,川普,2024-11-05,0.001370
民进党,视作英雄,台湾,2024-11-09,0.001369
川普,主导,关税战,2024-11-29,0.001369
刘镜清,认可,川普,2024-11-07,0.001369
刘燕婷,认为有威胁,乌克兰,2024-12-03,0.001367
张忠谋,相信,英特尔,2024-11-29,0.001365
孙明德,认为有威胁,川普,2024-11-19,0.001365
川普,认为有危机,台湾,2024-11-27,0.001364
川普,认为有危机,台湾,2024-11-27,0.001364
谢金河,认为违规,川普,2024-11-30,0.001364
孙太一,认为失败,川普,2024-12-02,0.001364
川普,担忧,半导体,2024-11-29,0.001364
立法院经委会,认为犯罪,台积电,2024-11-06,0.001363
陈凤馨,认为有威胁,美国,2024-11-16,0.001362
美国,欢迎,美国,2024-10-30,0.001362
川普,主导,封口费案,2024-08-28,0.001361
美国,相信,政府,2024-11-29,0.001361
美国,欢迎,川普,2024-11-13,0.001360
纽约联准银行,视作英雄,川普,2024-12-05,0.001358
美宾州民主党,认为优秀,川普,2024-11-05,0.001357
禾赛科技,感到不满,习近平,2024-11-27,0.001355
半导体,认可,美国,2024-12-04,0.001351
美国,支持,川普,2024-11-15,0.001351
蒋尚义,损害,台积电,2024-11-29,0.001349
台湾科技公司,增进,美国,2024-09-28,0.001347
台湾科技公司,增进,美国,2024-08-28,0.001347
台湾科技公司,增进,美国,2024-08-28,0.001347
台视新闻网,认可,川普,2024-11-21,0.001345
麦考密克,认为缺乏,特斯拉,2024-12-03,0.001345
刘镜清,质疑,川普,2024-11-20,0.001345
刘镜清,质疑,川普,2024-11-20,0.001345
刘镜清,质疑,川普,2024-11-20,0.001345
刘镜清,质疑,川普,2024-11-20,0.001345
薛健吾,相信,特朗普,2024-10-24,0.001344
美国,视作英雄,季辛格,2024-12-03,0.001343
宾州,认为优秀,川普,2024-11-05,0.001343
范琪斐,认为热情,川普,2024-11-14,0.001343
路透社,感到不满,美国,2024-12-03,0.001342
Ray Darlio,认为可靠,中国,2024-11-10,0.001342
《晶片法案》,认为有威胁,美国,2024-12-04,0.001339
林柏濬,认为可靠,韩国,2024-09-03,0.001339
川普,认为失败,《晶片法案》,2024-11-14,0.001339
《华尔街日报》,损害,华为,2024-11-25,0.001338
谢金河,认为可靠,北京,2024-11-19,0.001338
李芸桦,认为优秀,川普,2024-11-14,0.001338
美宾州民主党,认可,川普,2024-11-05,0.001337
川普或拜登政府,主导,《晶片法案》,2024-12-04,0.001336
美国,威胁,墨西哥,2024-11-29,0.001335
川普,认为有威胁,半导体,2024-12-01,0.001334
APEC 峰会,质疑,美国,2024-12-04,0.001334
央行,主导,俄乌战争,2024-11-10,0.001333
美媒,认为优秀,川普,2024-11-06,0.001333
川普,欣赏,蔡英文,2024-10-30,0.001333
南韩,主导,放宽工时法案,2024-11-21,0.001332
范琪斐,认为缺乏,川普,2024-11-14,0.001331
曾敬德,欣赏,川普,2024-11-05,0.001330
波森,认可,川普,2024-11-06,0.001327
美国,主导,晶片IC设计,2024-11-26,0.001327
台湾,认为恐怖,美国,2024-11-21,0.001326
台湾科技公司,增进,美国,2024-10-14,0.001324
顾立雄,认为有危机,美国,2024-11-06,0.001324
阿本鲁,质疑,川普,2024-10-29,0.001323
美国,主导,全球贸易,2024-11-19,0.001321
美国,认为恐怖,加拿大,2024-11-27,0.001320
台湾国安系统,质疑,美国,2024-11-14,0.001320
台湾国安系统,质疑,美国,2024-11-14,0.001320
古巴政府官员,认为非法,美国,2024-12-01,0.001319
台湾,认为犯罪,美国,2024-11-18,0.001317
克里斯・米勒,质疑,川普,2024-10-29,0.001315
孙明德,认为失败,川普,2024-11-19,0.001312
川普,损害,墨西哥,2024-12-02,0.001312
美国,感谢,美国,2024-10-30,0.001311
美国,认可,芯片,2024-10-29,0.001310
张忠谋,认为有成就,黄仁勋,2024-11-28,0.001309
张忠谋,认为有成就,黄仁勋,2024-11-28,0.001309
张忠谋,认为有成就,黄仁勋,2024-11-28,0.001309
连贤明,认为犯罪,川普,2024-11-07,0.001309
林汉伟,质疑,川普,2024-12-02,0.001308
陈晨威,认为有威胁,美国,2024-11-21,0.001306
蔡明彦,认为失败,南韩戒严,2024-12-04,0.001305
赖瑞隆,质疑,川普,2024-11-19,0.001304
何世昌,认可,川普,2024-11-05,0.001303
蔡正元,认为有危机,尹锡悦,2024-12-03,0.001303
共和党,视作英雄,川普,2024-11-29,0.001302
蔡正元,认为缺乏,尹锡悦,2024-12-03,0.001302
西索斯,主导,川普政府,2024-11-19,0.001302
立法院经济委员会,批评,台积电,2024-11-27,0.001300
立法院经济委员会,批评,台积电,2024-11-27,0.001300
川普,认为违规,台湾,2024-10-29,0.001300
乌军,认为有威胁,乌克兰,2024-12-03,0.001300
谢守真,主导,美国,2024-11-19,0.001299
张展荣,认为可靠,委内瑞拉,2024-11-23,0.001298
张展荣,认为可靠,委内瑞拉,2024-11-23,0.001298
台湾中央银行,质疑,川普,2024-10-29,0.001297
波森,担忧,川普,2024-11-06,0.001296
亚洲投资圈,担忧,台积电,2024-12-01,0.001295
南韩总统尹锡悦,主导,戒严,2024-12-02,0.001294
陈立武,认可,英特尔,2024-12-04,0.001291
肯塔基州,认为优秀,川普,2024-11-05,0.001291
林信义,感谢,拜登,2024-11-16,0.001288
陈杰宪,攻击,韩国,2024-12-02,0.001287
赵少康,批评,台积电,2024-11-15,0.001287
台湾科技公司,增进,美国,2024-09-27,0.001287
台湾科技公司,增进,美国,2024-10-27,0.001287
拜登,支持,川普,2024-11-19,0.001286
美国,主导,太平洋战争,2024-11-26,0.001286
赖瑞隆,质疑,川普,2024-11-20,0.001284
拜登,相信,司法制度,2024-12-02,0.001281
川普,增进,美国,2024-11-19,0.001280
川普,增进,美国,2024-11-19,0.001280
川普,增进,美国,2024-11-19,0.001280
川普,认为有威胁,北京,2024-11-28,0.001280
川普,认为有威胁,北京,2024-11-28,0.001280
美国,视作英雄,尹锡悦,2024-11-30,0.001279
李镇宇,认为可靠,美中关系,2024-12-02,0.001279
亚洲投资圈,威胁,台积电,2024-12-01,0.001279
最高法院,视作英雄,拜登,2024-11-20,0.001279
蔡正元,质疑,郭智辉,2024-10-17,0.001278
美国,相信,政府,2024-11-28,0.001278
希拉里·克林顿,攻击,川普,2024-11-19,0.001278
唐纳德·川普,认为有危机,亚利桑那州,2024-11-19,0.001277
凯基证券,相信,川普,2024-11-28,0.001275
台湾国安系统,认可,美国,2024-11-14,0.001274
美国,支持,美国,2024-10-29,0.001273
布林肯,欢迎,拜登,2024-11-16,0.001273
蔡正元,认为恐怖,川普,2024-11-05,0.001272
习近平,喜欢,川普,2024-11-26,0.001269
哈玛斯,认为有威胁,以色列,2024-11-17,0.001267
美国,认为恐怖,川普,2024-11-26,0.001267
美国,认为优秀,美国,2024-11-16,0.001265
洪玉婷,相信,川普,2024-12-06,0.001261
民进党,担忧,中国,2024-10-30,0.001260
美国,认为可靠,中国大陆,2024-11-19,0.001259
台积电,担忧,GB200延迟交付,2024-11-27,0.001258
北京,认为有成就,马斯克,2024-11-26,0.001258
国会,质疑,尹锡悦,2024-12-02,0.001257
国会,质疑,尹锡悦,2024-12-02,0.001257
国会,质疑,尹锡悦,2024-12-02,0.001257
乔治亚州,视作英雄,川普,2024-11-19,0.001257
乔治亚州,视作英雄,川普,2024-11-19,0.001257
美媒,质疑,川普,2024-11-06,0.001256
台湾科技公司,认为缺乏,美国,2024-09-23,0.001256
许先生,认为有成就,特朗普,2024-10-24,0.001256
基辛格,质疑,英特尔,2024-12-03,0.001254
赖清德,担忧,川普,2024-11-16,0.001253
投资人,认为失败,美国,2024-11-07,0.001249
杨淑珺,相信,川普,2024-11-10,0.001248
杨淑珺,相信,川普,2024-11-10,0.001248
杨淑珺,相信,川普,2024-11-10,0.001248
美国,视作英雄,季辛格,2024-12-04,0.001247
习近平,视作英雄,赖清德,2024-11-18,0.001246
沈富雄,认为缺乏,赖清德,2024-11-10,0.001245
林祺博,主导,半导体,2024-12-02,0.001244
美国,视作英雄,尹锡悦,2024-11-29,0.001243
台积电,认为可靠,晶片良率,2024-11-29,0.001241
卓荣泰,质疑,川普,2024-11-19,0.001240
卓荣泰,质疑,川普,2024-11-19,0.001240
台积电,攻击,CoW 封测厂,2024-11-28,0.001239
陈唐山,认为有威胁,以色列,2024-11-16,0.001238
郭正亮,担忧,川普,2024-10-30,0.001237
中华队,认为失败,韩国,2024-11-29,0.001236
美国,认为犯罪,川普,2024-11-15,0.001236
吕秀莲,认可,蔡英文,2024-11-19,0.001234
共和党,视作英雄,川普,2024-11-26,0.001233
赖瑞隆,视作英雄,川普,2024-11-19,0.001233
习近平,质疑,《晶片法案》,2024-12-04,0.001233
林祖嘉,相信,川普,2024-11-30,0.001233
富兰克林证券投顾,视作英雄,川普,2024-12-02,0.001232
黄伟哲,主导,东京威力科创,2024-12-03,0.001232
美国,认为可靠,关税新政,2024-12-01,0.001231
台湾拟提大型军购案,质疑,川普,2024-11-19,0.001231
台湾拟提大型军购案,质疑,川普,2024-11-19,0.001231
刘德音,认为非法,美国,2024-11-27,0.001230
刘德音,质疑,中国,2024-11-28,0.001230
朱凤莲,认为有威胁,美国,2024-11-06,0.001228
乔治亚州,认为违规,川普,2024-11-19,0.001227
拜登政府,支持,《晶片与科学法案》,2024-11-15,0.001225
孙明德,担忧,川普,2024-11-19,0.001225
米勒,认为非法,美国,2024-11-29,0.001224
米勒,认为非法,美国,2024-11-29,0.001224
米勒,认为非法,美国,2024-11-29,0.001224
台湾科技公司,增进,美国,2024-10-26,0.001224
台湾科技公司,增进,美国,2024-10-26,0.001224
台湾科技公司,增进,美国,2024-10-26,0.001224
台湾科技公司,增进,美国,2024-09-26,0.001224
民进党,感谢,尹锡悦,2024-12-02,0.001223
加州,视作英雄,裴洛西,2024-11-05,0.001221
英国,担忧,日本,2024-08-14,0.001220
美国,支持,马斯克,2024-12-04,0.001219
美国,主导,「晶片法」,2024-11-14,0.001217
美国,主导,「晶片法」,2024-11-14,0.001217
台湾国安系统,认为有威胁,美国,2024-11-13,0.001216
孙太一,认可,川普,2024-12-02,0.001215
总统赖清德,认为失败,美国,2024-11-21,0.001214
川普总统,威胁,美国,2024-11-28,0.001212
中信投顾,主导,俄乌战争,2024-11-12,0.001212
连贤明,感到满意,川普,2024-11-07,0.001212
立法院经济委员会,认为可靠,川普,2024-11-19,0.001211
蔡正元,威胁,尹锡悦,2024-12-03,0.001211
蔡正元,威胁,尹锡悦,2024-12-03,0.001211
林佳龙,相信,日本,2024-08-27,0.001209
蔡正元,欢迎,尹锡悦,2024-12-04,0.001207
川普,认为恐怖,美国,2024-10-25,0.001206
李彦秀,认为有成就,赖清德,2024-08-09,0.001205
美国,主导,美总统大选,2024-11-26,0.001204
谢衣鳯,批评,台积电,2024-11-04,0.001204
孙明德,欣赏,川普,2024-11-07,0.001202
魏哲家,认为非法,美国,2024-10-29,0.001202
塔瓦雷斯,认为有威胁,法国,2024-11-20,0.001202
郭智辉,认为可靠,高雄,2024-11-27,0.001201
郭智辉,认为可靠,高雄,2024-11-27,0.001201
台视新闻网,质疑,川普,2024-11-21,0.001201
川普,视作英雄,希拉里·克林顿,2024-11-19,0.001197
美国,威胁,以色列,2024-11-16,0.001196
蔡正元,欣赏,尹锡悦,2024-12-04,0.001196
德国,认为失败,俄乌战争,2024-11-15,0.001195
张忠谋,质疑,英特尔,2024-11-28,0.001194
张忠谋,质疑,英特尔,2024-11-28,0.001194
南卡罗来纳州,认可,美国,2024-10-01,0.001193
乔治亚州,认为热情,川普,2024-11-19,0.001193
乔治亚州,认为热情,川普,2024-11-19,0.001193
张忠谋,视作英雄,基辛格,2024-12-02,0.001192
蔡正元,认为有危机,三星,2024-11-27,0.001192
马斯克,损害,特斯拉,2024-10-28,0.001191
中国,主导,晶片战争,2024-12-04,0.001189
连贤明,认为缺乏,川普,2024-11-07,0.001189
麦考米克,认为犯罪,特斯拉,2024-12-04,0.001189
国防部,主导,美国,2024-11-19,0.001188
川普,增进,美国,2024-11-17,0.001187
张忠谋,感到不满,季辛格,2024-12-02,0.001186
张忠谋,感到不满,季辛格,2024-12-02,0.001186
福冈,增进,台积电,2024-11-18,0.001185
邱智呈,认为失败,美国,2024-11-21,0.001185
台经院景气预测中心,认为有威胁,川普,2024-11-19,0.001185
乔治亚州,欢迎,川普,2024-11-19,0.001184
乔治亚州,欢迎,川普,2024-11-19,0.001184
安徽,主导,半导体,2024-11-27,0.001184
黄循财,认可,川普,2024-11-05,0.001184
共和党,视作英雄,川普,2024-11-25,0.001184
Josh,认为优秀,美国,2024-11-21,0.001183
Dan Ives,认为有威胁,美国,2024-12-02,0.001183
张忠谋,主导,「趋势讲堂」,2024-12-03,0.001182
蒋经国,威胁,中国,2024-11-03,0.001182
黄文清,认为可靠,川普新政府,2024-12-03,0.001182
川普上台,感到不满,中国,2024-11-19,0.001180
童子贤,认可,台湾,2024-11-06,0.001179
路透社,认为有威胁,美国,2024-12-03,0.001179
美国,支持,英特尔,2024-12-03,0.001179
蔡正元,威胁,南韩戒严,2024-12-05,0.001178
马斯克,威胁,川普新内阁,2024-12-03,0.001177
美国,主导,《日经论坛》,2024-11-29,0.001175
林祖嘉,相信,川普,2024-11-29,0.001175
高盛证券,视作英雄,川普,2024-12-02,0.001175
爱迪生研究公司,认为优秀,唐纳德·川普,2024-11-19,0.001174
美国,认为恐怖,川普,2024-11-15,0.001173
川普,认为有威胁,北京,2024-11-27,0.001171
张忠谋,质疑,杰夫,2024-11-29,0.001171
拉马斯瓦米,视作英雄,川普总统,2024-11-28,0.001170
台积电,认可,爱心市集活动,2024-11-28,0.001169
林汉伟,担忧,川普,2024-12-02,0.001167
白宫,担忧,英特尔,2024-11-29,0.001167
马克宏,感到满意,川普,2024-11-13,0.001167
王健全,质疑,川普,2024-11-08,0.001166
日本,支持,台湾,2024-08-27,0.001165
郭正亮,质疑,川普,2024-08-19,0.001165
白宫,担忧,英特尔,2024-11-28,0.001165
民进党,支持,特朗普,2024-11-19,0.001164
张忠谋,质疑,英特尔,2024-11-29,0.001164
张忠谋,质疑,英特尔,2024-11-29,0.001164
张忠谋,质疑,英特尔,2024-11-29,0.001164
张忠谋,质疑,英特尔,2024-11-29,0.001164
张忠谋,质疑,英特尔,2024-11-29,0.001164
卡明斯,认为可靠,马斯克,2024-11-28,0.001164
印太战略智库,认为可靠,台湾,2024-11-28,0.001163
美国,认为有危机,中国,2024-12-03,0.001162
美国,喜欢,川普,2024-11-15,0.001161
刘德音,认为有威胁,美国,2024-11-27,0.001160
邱铭干夫妇,认为犯罪,特斯拉,2024-12-01,0.001160
邱铭干夫妇,认为犯罪,特斯拉,2024-12-01,0.001160
孙明德,认为违规,川普,2024-11-19,0.001160
法新社,质疑,三星,2024-11-27,0.001159
施振荣,认为可靠,台湾,2024-12-02,0.001159
美国,认为可靠,台美关系,2024-11-23,0.001159
国科会,损害,台积电,2024-11-29,0.001158
陈沅易,质疑,川普,2024-11-07,0.001157
陈沅易,质疑,川普,2024-11-07,0.001157
欧盟,主导,芯片,2024-12-03,0.001156
郭智辉,攻击,川普,2024-11-06,0.001156
风传媒,质疑,川普,2024-11-18,0.001156
美国,认可,中国科技巨头华为,2024-08-20,0.001155
沈富雄,认为犯罪,赖清德,2024-11-10,0.001155
美国,认可,以色列内阁,2024-11-27,0.001154
美国,认为可靠,台美关系,2024-11-20,0.001152
王美花,认为有威胁,以色列,2024-11-16,0.001152
政治大学东亚研究所,质疑,特朗普,2024-10-24,0.001150
古巴政府官员,认为犯罪,美国,2024-12-01,0.001149
蔡正元,认可,郭智辉,2024-10-17,0.001149
南韩,质疑,尹锡悦,2024-11-10,0.001148
蔡正元,担忧,尹锡悦,2024-12-04,0.001147
童子贤,威胁,川普,2024-12-02,0.001146
孙明德,认为有危机,川普,2024-11-08,0.001145
潘杰楷,主导,台湾队,2024-11-23,0.001145
美国,威胁,半导体,2024-12-02,0.001145
马斯克,损害,特斯拉,2024-11-21,0.001145
马斯克,主导,「AI 与加密沙皇,2024-12-05,0.001144
戴嘉芬,认为失败,台积电,2024-12-02,0.001143
宾州,认可,川普,2024-11-05,0.001143
杨淑珺,感到不满,美国,2024-11-10,0.001142
杨淑珺,感到不满,美国,2024-11-10,0.001142
杨淑珺,感到不满,美国,2024-11-10,0.001142
杨雅絜,质疑,川普,2024-12-02,0.001142
孙太一,担忧,川普,2024-12-02,0.001141
中信投顾,感到不满,川普,2024-11-12,0.001141
台湾科技公司,增进,美国,2024-08-15,0.001141
台湾科技公司,增进,美国,2024-10-15,0.001141
薛健吾,认为优秀,特朗普,2024-10-24,0.001140
川普,认为可靠,关税政策,2024-11-26,0.001139
张忠谋,质疑,英特尔,2024-11-30,0.001138
拉马斯瓦米,质疑,美国,2024-11-28,0.001138
薛恩鲍姆,质疑,川普,2024-12-02,0.001137
朱云鹏,损害,台积电,2024-11-05,0.001137
台南Josh,认为可靠,美国,2024-11-21,0.001137
金正恩,感到不满,尹锡悦,2024-12-04,0.001136
美国,主导,新一波管制陆企办法,2024-11-20,0.001134
曾敬德,感到满意,川普,2024-11-05,0.001133
张忠谋,认为犯罪,季辛格,2024-12-02,0.001133
贺锦丽,认可,美国,2024-10-31,0.001133
韩联社,认为可靠,美国,2024-12-03,0.001132
联合新闻网,主导,美国,2024-11-21,0.001132
李同荣,感到满意,川普,2024-11-10,0.001132
英飞凌,主导,半导体,2024-12-02,0.001132
川普政府,质疑,赖清德,2024-12-01,0.001131
川普,主导,《晶片与科学法》,2024-11-29,0.001131
许美华,质疑,英特尔,2024-12-03,0.001129
许美华,质疑,英特尔,2024-12-03,0.001129
许美华,质疑,英特尔,2024-12-03,0.001129
麦考密克,威胁,特斯拉,2024-12-03,0.001129
美国,支持,川普政府,2024-11-06,0.001128
中国,威胁,川普,2024-11-19,0.001128
郭智辉,认为优秀,川普,2024-11-19,0.001126
薛健吾,质疑,特朗普,2024-10-24,0.001125
郭智辉,认为恐怖,川普,2024-11-06,0.001125
花旗银行,认为失败,美中贸易战,2024-11-27,0.001124
台湾,认为有危机,美国,2024-11-21,0.001124
李同荣,认为热情,川普,2024-11-10,0.001124
APEC 峰会,认为可靠,中国,2024-12-04,0.001123
美国,认为优秀,中华队,2024-12-02,0.001122
史巴克,认为有威胁,俄罗斯,2024-11-28,0.001121
马克宏,欢迎,川普,2024-11-13,0.001120
波士顿顾问公司,认为优秀,美国,2024-12-04,0.001119
《全球中央》杂志,认为有成就,川普,2024-12-01,0.001118
刘镜清,认为优秀,川普,2024-11-12,0.001115
台积电,主导,「乐无界教育计划」,2024-10-29,0.001114
川普,认为可靠,美台关系,2024-11-16,0.001113
美国,认为违规,川普,2024-11-15,0.001113
陈俊圣,认为可靠,川普,2024-11-29,0.001113
刘镜清,认为失败,美国,2024-11-27,0.001113
李长庚,认为有威胁,南韩,2024-12-03,0.001112
风传媒,相信,台湾,2024-11-27,0.001112
富兰克林证券投顾,质疑,川普,2024-12-02,0.001112
美国,主导,「台湾防卫法」,2024-11-12,0.001110
亚利桑那州,喜欢,拜登,2024-11-05,0.001110
宏碁集团,质疑,台湾,2024-12-02,0.001110
宏碁集团,质疑,台湾,2024-12-02,0.001110
林郁婷,质疑,川普,2024-11-09,0.001110
台湾国安系统,质疑,美国,2024-11-16,0.001110
蔡英文,欢迎,美国,2024-11-19,0.001109
沈富雄,威胁,赖清德,2024-11-10,0.001109
赖论 · 纽时,认可,川普,2024-11-05,0.001109
魏哲家,感到不满,刘德音,2024-11-27,0.001108
邱毅,相信,川普,2024-11-09,0.001106
拜登,认为有威胁,伊朗,2024-11-29,0.001106
英特尔,主导,艾司摩尔,2024-12-06,0.001106
黄仁勋,主导,辉达,2024-11-28,0.001105
川普,主导,台湾偷走晶片业务,2024-11-17,0.001104
路透社,认为有成就,台湾,2024-11-06,0.001103
中国,喜欢,川普,2024-11-19,0.001103
川普,支持,台湾,2024-11-19,0.001103
赖清德,喜欢,川普,2024-11-05,0.001103
宾夕法尼亚州,认可,川普,2024-11-19,0.001101
克里斯・米勒,感到满意,川普,2024-10-29,0.001099
何世昌,担忧,川普,2024-11-05,0.001099
布林肯,主导,美韩联盟,2024-12-04,0.001098
张忠谋,认为优秀,英特尔,2024-11-29,0.001097
张忠谋,认为有威胁,英特尔,2024-12-03,0.001097
美国,欢迎,川普,2024-11-15,0.001096
张建一,认为可靠,台美关系,2024-11-06,0.001096
川普上任,认为有威胁,台湾,2024-11-06,0.001096
童子贤,认可,川普,2024-12-02,0.001096
美国,认为非法,拜登政府,2024-11-26,0.001095
陈凤馨,担忧,川普,2024-11-16,0.001095
美国,主导,全新AWS数据中心,2024-12-03,0.001094
库克,认为有威胁,中国,2024-11-16,0.001094
谢衣鳯,攻击,台积电,2024-11-04,0.001093
皮尤研究中心,认为可靠,美国,2024-11-27,0.001092
凯基证券,质疑,川普,2024-11-28,0.001091
民进党,认为失败,尹锡悦,2024-12-02,0.001091
马斯克,主导,AI 与加密沙皇」,2024-12-06,0.001090
卓荣泰,质疑,沈伯洋,2024-12-01,0.001090
科克,认可,台湾政府,2024-11-26,0.001090
美国,支持,美国,2024-11-26,0.001089
郭正亮,威胁,川普,2024-10-30,0.001087
张建一,支持,川普,2024-11-07,0.001087
台湾,主导,新川普时代,2024-11-19,0.001085
民进党,感到不满,国民党,2024-12-01,0.001085
美国,认为可靠,深化台美伙伴关系,2024-11-06,0.001085
川普,威胁,进口关税,2024-11-29,0.001084
莫迪,支持,川普,2024-11-05,0.001083
凯萨琳・索贝克,认为优秀,川普,2024-11-27,0.001083
台湾国安系统,认可,美国,2024-11-16,0.001083
半导体,视作英雄,刘德音,2024-12-04,0.001080
黄仁勋,主导,辉达,2024-11-21,0.001075
凌涛,认为失败,美国,2024-11-05,0.001075
川普,认为可靠,《美墨加协定》,2024-12-01,0.001075
美国,威胁,中国,2024-12-03,0.001074
美国,威胁,中国,2024-12-03,0.001074
邱铭干,质疑,特斯拉,2024-12-01,0.001073
郭智辉,攻击,川普,2024-11-08,0.001073
麦考米克,认为违规,特斯拉,2024-12-03,0.001072
麦考米克,认为违规,特斯拉,2024-12-03,0.001072
麦考米克,认为违规,特斯拉,2024-12-03,0.001072
风传媒,质疑,川普,2024-11-16,0.001072
川普,担忧,《晶片法案》,2024-11-14,0.001072
美国,认为违规,半导体,2024-12-02,0.001071
美国,认为有威胁,北韩,2024-09-29,0.001070
美军,认为可靠,台湾,2024-11-12,0.001070
蔡正元,认为缺乏,尹锡悦,2024-12-04,0.001069
麦考米克,威胁,特斯拉,2024-12-03,0.001069
麦考米克,威胁,特斯拉,2024-12-03,0.001069
麦考米克,威胁,特斯拉,2024-12-03,0.001069
张忠谋,感谢,蔡力行,2024-11-29,0.001067
陆行之,损害,台积电,2024-11-27,0.001066
索贝克,认可,台湾,2024-11-28,0.001065
汪葛雷,认可,川普,2024-11-18,0.001064
郭智辉,认可,南非政府,2024-11-19,0.001064
川普,认为优秀,林郁婷,2024-11-09,0.001064
美国,主导,关税制裁,2024-11-20,0.001064
美国,主导,关税制裁,2024-11-20,0.001064
美国,主导,关税制裁,2024-11-20,0.001064
连贤明,认为违规,川普,2024-11-07,0.001063
连贤明,认为违规,川普,2024-11-07,0.001063
全国商总荣誉理事长,认可,川普,2024-11-19,0.001063
李同荣,认为犯罪,川普,2024-11-10,0.001063
台湾人民,认为违规,美国,2024-08-03,0.001062
美国,威胁,乌克兰,2024-11-29,0.001062
川普,支持,马斯克,2024-11-28,0.001060
亚利桑那州,威胁,中国,2024-10-08,0.001060
陈俊秀,认为失败,韩国,2024-11-29,0.001060
萧兹,支持,乌克兰,2024-12-03,0.001058
行政院,视作英雄,川普,2024-11-12,0.001057
台湾科技公司,增进,美国,2024-10-24,0.001057
台湾科技公司,增进,美国,2024-08-24,0.001057
台商,担忧,川普,2024-11-18,0.001056
罗文廷,认为非法,越南,2024-11-29,0.001056
张忠谋,感到不满,季辛格,2024-12-03,0.001056
张忠谋,感到不满,季辛格,2024-12-03,0.001056
张忠谋,感到不满,季辛格,2024-12-03,0.001056
谢金河,质疑,中国,2024-11-30,0.001056
爱迪生研究公司,担忧,唐纳德·川普,2024-11-19,0.001053
民进党,视作英雄,尹锡悦,2024-12-02,0.001053
民进党,视作英雄,尹锡悦,2024-12-02,0.001053
台积电,主导,高雄2奈米厂进机典礼,2024-11-26,0.001051
台积电,主导,高雄2奈米厂进机典礼,2024-11-26,0.001051
德国德勒斯登,支持,台积电,2024-12-02,0.001051
Dan Ives,担忧,美国,2024-12-02,0.001050
李同荣,威胁,川普,2024-11-10,0.001050
共和党,欢迎,特朗普,2024-11-23,0.001049
李镇宇,认为可靠,川普,2024-12-03,0.001048
禹元植,感到不满,尹锡悦,2024-12-03,0.001048
拜登,威胁,亚利桑那州,2024-11-19,0.001048
福斯新闻,认为优秀,川普,2024-11-05,0.001047
陈俐妏,感到不满,川普,2024-12-01,0.001047
路透社,质疑,美国,2024-12-03,0.001045
宾夕法尼亚州,感到不满,川普,2024-11-19,0.001045
川普,主导,「晶片法」,2024-11-14,0.001045
曹富凯,质疑,苹果,2024-12-02,0.001044
曹富凯,质疑,苹果,2024-12-02,0.001044
郭智辉,认为有威胁,美国,2024-11-20,0.001044
郭智辉,认为有威胁,美国,2024-11-20,0.001044
美国,威胁,中国,2024-12-04,0.001043
美国,威胁,中国,2024-12-04,0.001043
川普,认为犯罪,美国,2024-11-19,0.001042
美国,认为失败,「川普2.0」,2024-11-07,0.001042
特朗普,认为有危机,台湾,2024-10-24,0.001041
汪葛雷,感到不满,川普,2024-11-18,0.001040
APEC峰会,质疑,美国,2024-12-04,0.001040
美国,视作英雄,美国,2024-11-14,0.001039
郭智辉,认为失败,美国,2024-11-19,0.001038
半导体,感到不满,美方,2024-12-03,0.001035
半导体,感到不满,美方,2024-12-03,0.001035
川普,威胁,北京,2024-11-28,0.001034
川普,威胁,北京,2024-11-28,0.001034
美国,视作英雄,岸田文雄,2024-11-22,0.001033
美国,认为违规,《晶片法案》,2024-12-04,0.001033
郭智辉,增进,美中贸易战,2024-12-02,0.001032
郭智辉,增进,美中贸易战,2024-12-02,0.001032
郭智辉,威胁,萧美琴,2024-11-10,0.001032
李芸桦,视作英雄,川普,2024-11-14,0.001031
台湾国安系统,认为非法,美国,2024-11-16,0.001031
南韩,威胁,三星,2024-12-04,0.001029
台湾,质疑,美,2024-10-30,0.001028
郭智辉,增进,美国,2024-09-11,0.001028
中信投顾,相信,川普,2024-11-12,0.001028
施振荣,相信,台湾,2024-12-02,0.001028
施振荣,相信,台湾,2024-12-02,0.001028
沈伯洋,威胁,南非,2024-11-12,0.001027
邱议莹,质疑,川普,2024-11-20,0.001027
全福生技,损害,台积电,2024-11-29,0.001026
郭加泳,感到不满,美国,2024-10-24,0.001024
李登辉,感到不满,张忠谋,2024-12-04,0.001024
台湾,主导,全民健保,2024-12-04,0.001022
民进党政府,认为优秀,美国,2024-11-21,0.001022
柏凯斯,认可,中国,2024-11-25,0.001022
川普,欣赏,马斯克,2024-11-17,0.001021
川普,欣赏,马斯克,2024-11-17,0.001021
台湾,威胁,美国,2024-11-21,0.001019
台湾,威胁,美国,2024-11-21,0.001019
美国,质疑,谷歌,2024-11-21,0.001019
格里芬,支持,川普,2024-12-04,0.001018
川普政府,认为有威胁,中国,2024-11-28,0.001018
川普,认为可靠,《美墨加协定》,2024-12-02,0.001018
中共,认为有威胁,美国,2024-10-29,0.001017
中共,认为有威胁,美国,2024-10-29,0.001017
杨瑞临,认为可靠,英特尔,2024-12-02,0.001016
谢金河,认为有威胁,美国,2024-11-17,0.001015
路透社,认可,美国,2024-12-03,0.001014
阮慕骅,欢迎,特斯拉,2024-10-23,0.001013
美联社,认可,川普,2024-11-19,0.001013
陈世凯,认为非法,捷克,2024-11-19,0.001012
欧洲,欢迎,川普,2024-11-29,0.001012
季辛格,认为违规,美国,2024-12-03,0.001012
王辉耀,相信,川普,2024-11-26,0.001011
谢衣鳯,认为热情,川普,2024-11-04,0.001011
韩国,认为有危机,台湾,2024-11-19,0.001010
美国,认为违规,美国,2024-10-29,0.001010
美国,认为违规,美国,2024-10-29,0.001010
美国,认为违规,美国,2024-10-29,0.001010
美国,认为违规,美国,2024-10-29,0.001010
刘镜清,认为失败,川普,2024-11-20,0.001009
蒋介石,威胁,台湾,2024-11-27,0.001008
国会,质疑,尹锡悦,2024-12-04,0.001008
美国,主导,总统大选,2024-12-02,0.001008
王信贤,认为有威胁,川普,2024-10-30,0.001008
美国,视作英雄,拜登,2024-11-19,0.001007
美国,视作英雄,拜登,2024-11-19,0.001007
美国,主导,「金砖国家」,2024-12-03,0.001007
卡明斯,感到不满,马斯克,2024-11-28,0.001005
王辉耀,认可,川普,2024-11-26,0.001005
美国,主导,台美贸易谈判,2024-11-16,0.001004
黄文清,质疑,川普新政府,2024-12-03,0.001004
美国,威胁,美国,2024-10-29,0.001002
风传媒,认为失败,美国,2024-11-06,0.001002
郭台铭,担忧,英特尔,2024-11-30,0.001001
川普,欢迎,马斯克,2024-11-17,0.001001
川普,欢迎,马斯克,2024-11-17,0.001001
美国,主导,中共围台军演,2024-11-28,0.001000
美国,主导,中共围台军演,2024-11-28,0.001000
郭智辉,喜欢,川普,2024-11-06,0.001000
普丁,感到不满,川普,2024-11-05,0.000999
黄文清,感到不满,川普新政府,2024-12-03,0.000999
李镇宇,认为失败,川普,2024-12-03,0.000997
范琪斐,认为违规,川普,2024-11-14,0.000997
川普政府,认为非法,台湾,2024-11-13,0.000997
刘镜清,认为失败,川普,2024-11-12,0.000997
麦考米克,认为违规,特斯拉,2024-12-04,0.000996
中国,担忧,台湾,2024-11-10,0.000996
王健全,认为优秀,川普,2024-11-08,0.000996
美国,质疑,谷歌,2024-11-22,0.000995
刘镜清,认为有威胁,川普,2024-11-12,0.000995
米勒,威胁,川普,2024-11-29,0.000995
乔治亚州,认为犯罪,川普,2024-11-19,0.000993
皮尤研究中心,认为有成就,美国,2024-11-27,0.000992
马科斯-杜特尔特联盟,认为有威胁,菲律宾,2024-12-06,0.000992
孙嘉明,质疑,美国,2024-12-03,0.000991
川普,认为有威胁,中共,2024-11-12,0.000991
马振坤,认为可靠,川普,2024-10-30,0.000990
川普,认为失败,贺锦丽,2024-11-08,0.000990
李登辉,感到不满,张忠谋,2024-12-03,0.000989
李登辉,感到不满,张忠谋,2024-12-03,0.000989
捷克,主导,台捷韧性计划,2024-11-19,0.000986
刘大年,担忧,川普,2024-11-08,0.000986
李同荣,认为缺乏,川普,2024-11-10,0.000986
北卡罗来纳州,认为优秀,川普,2024-11-19,0.000985
解放军,认为有威胁,美国,2024-10-24,0.000985
张正安,认为非法,南韩,2024-12-05,0.000985
旧金山,主导,富国银行,2024-12-03,0.000985
郭加泳,认可,美国,2024-10-24,0.000984
瑞银分析师,相信,川普,2024-10-29,0.000983
刘德音,认为有威胁,美国,2024-11-26,0.000983
谢衣鳯,认为可靠,郭智辉,2024-11-19,0.000983
乔治亚州,感到满意,川普,2024-11-19,0.000982
美国,视作英雄,张忠谋,2024-11-19,0.000982
希拉里·克林顿,支持,川普,2024-11-19,0.000981
谢金河,威胁,以色列,2024-11-16,0.000981
张淑芬,视作英雄,美国,2024-11-29,0.000980
储祥生,批评,台积电,2024-12-03,0.000980
张忠谋,欣赏,英特尔,2024-12-02,0.000980
王美花,认为有威胁,以色列,2024-11-17,0.000980
刘镜清,认为优秀,川普,2024-11-20,0.000979
纽森,感到满意,川普,2024-12-02,0.000979
钱经武,质疑,恩智浦,2024-12-04,0.000979
川普当选,质疑,Google,2024-11-29,0.000979
台积电,视作英雄,李长荣,2024-11-27,0.000977
基辛格,主导,退出英特尔,2024-12-03,0.000974
贺锦丽,认为失败,美国,2024-11-29,0.000973
狄骧,相信,川普,2024-12-02,0.000973
郭加泳,感到不满,特朗普,2024-10-24,0.000971
全国商总荣誉理事长,相信,川普,2024-11-19,0.000970
郭智辉,欣赏,川普,2024-11-27,0.000970
郭智辉,欣赏,川普,2024-11-27,0.000970
马克宏,感到满意,川普,2024-11-05,0.000970
洪玉婷,质疑,川普,2024-12-06,0.000968
美国,认为有威胁,中国,2024-10-29,0.000968
美国,认为有威胁,中国,2024-10-29,0.000968
法新社,认为失败,川普,2024-11-19,0.000968
王在希,认为非法,美国,2024-11-13,0.000968
郑弘仪,认为有威胁,韩国,2024-12-02,0.000965
杨琼璎,损害,台积电,2024-11-28,0.000965
徐佳馨,视作英雄,川普,2024-11-24,0.000963
吴志中,质疑,川普,2024-11-05,0.000963
南韩政府,质疑,三星,2024-11-27,0.000963
刘孟俊,感到不满,川普,2024-11-30,0.000963
共和党,视作英雄,美国,2024-11-26,0.000962
川普,损害,美国,2024-12-06,0.000961
川普,损害,美国,2024-12-06,0.000961
麦考密克,认为违规,特斯拉,2024-12-03,0.000959
吴志中,相信,川普,2024-11-05,0.000958
林佳龙,认为有威胁,中国,2024-10-07,0.000958
最高法院,认为犯罪,川普,2024-08-28,0.000958
台湾拟提大型军购案,威胁,川普,2024-11-19,0.000958
台湾拟提大型军购案,威胁,川普,2024-11-19,0.000958
蔡其昌,认为失败,美国,2024-11-21,0.000957
习近平,威胁,赖清德,2024-11-18,0.000957
陈俐妏,相信,川普,2024-12-01,0.000957
美国,认为恐怖,美国,2024-10-29,0.000956
美国,认为恐怖,美国,2024-10-29,0.000956
台湾科技公司,增进,美国,2024-09-23,0.000955
洪申翰,威胁,川普,2024-11-30,0.000954
刘镜清,担忧,川普,2024-11-07,0.000954
赖清德,认为有危机,台湾,2024-12-02,0.000952
陈良基,认为有危机,以色列,2024-11-16,0.000951
奥地利,质疑,台湾,2024-09-29,0.000951
奥地利,质疑,台湾,2024-09-29,0.000951
林柏濬,认为失败,韩国,2024-09-03,0.000950
菲力浦常务次长,认为可靠,俄乌战争,2024-11-15,0.000949
美媒,认可,川普,2024-11-06,0.000949
全国商总荣誉理事长,感到不满,川普,2024-11-19,0.000948
蔡正元,威胁,尹锡悦,2024-12-04,0.000947
美国,认为有危机,墨西哥,2024-11-29,0.000946
台湾,主导,川普风暴,2024-11-27,0.000946
洪申翰,担忧,川普,2024-11-30,0.000945
习近平,欢迎,赖清德,2024-11-18,0.000945
德国,认为恐怖,俄乌战争,2024-11-18,0.000945
Théo,担忧,川普,2024-11-06,0.000944
台积电,欢迎,主题讲者,2024-12-02,0.000944
科克,质疑,台湾政府,2024-11-25,0.000943
克鲁曼,质疑,川普,2024-11-24,0.000943
清德,认可,马英九,2024-11-19,0.000943
王毅,认为有威胁,北韩,2024-09-29,0.000943
范琪斐,认为犯罪,川普,2024-11-14,0.000942
孙明德,认为犯罪,川普,2024-11-19,0.000942
美国,欢迎,川普总统,2024-11-28,0.000941
美国,认为可靠,免关税协定,2024-12-01,0.000941
林佳龙,认为有威胁,中国,2024-10-08,0.000939
索贝克,相信,台湾,2024-11-28,0.000939
半导体,认为违规,美国,2024-12-04,0.000938
半导体,认为违规,美国,2024-12-04,0.000938
谢衣凤,质疑,川普,2024-11-19,0.000937
马斯克,质疑,澳洲政府,2024-11-25,0.000937
台经院景气预测中心,担忧,川普,2024-11-19,0.000937
阮慕骅,认为失败,川普,2024-11-27,0.000936
张陈浩,认可,川普,2024-11-26,0.000935
张陈浩,认可,川普,2024-11-26,0.000935
群益投信,视作英雄,川普,2024-11-07,0.000935
杨瑞临,欣赏,川普,2024-12-03,0.000934
爱迪生研究公司,认为可靠,亚利桑那州,2024-11-19,0.000934
杨淑珺,认可,美国,2024-11-10,0.000933
绿粉,质疑,川普,2024-10-29,0.000933
台湾中央银行,认为优秀,川普,2024-10-29,0.000933
杨雅絜,质疑,美国,2024-12-02,0.000933
拜登政府,认可,中国,2024-10-29,0.000930
川普,认为可靠,美中台关系,2024-11-16,0.000930
狄骧,认为可靠,川普,2024-12-02,0.000930
阮慕骅,视作英雄,川普,2024-11-27,0.000930
美国,认为犯罪,美国,2024-10-29,0.000930
李镇宇,相信,川普,2024-12-03,0.000929
川普,损害,美国,2024-12-05,0.000929
泽伦斯基,认为有威胁,美国,2024-11-29,0.000929
刘复国,视作英雄,川普,2024-10-30,0.000928
霍夫,认为有威胁,德国,2024-11-03,0.000928
刘孟俊,相信,川普,2024-11-30,0.000927
刘孟俊,相信,川普,2024-11-29,0.000927
台湾国安系统,认为有威胁,美国,2024-11-14,0.000927
台湾国安系统,认为有威胁,美国,2024-11-14,0.000927
刘德音,增进,美国,2024-09-06,0.000927
杨雅絜,认可,美国,2024-12-02,0.000926
彭博,视作英雄,总统,2024-11-27,0.000926
张忠谋,质疑,季辛格,2024-12-02,0.000925
日本,攻击,美国,2024-11-02,0.000924
孙太一,认为有危机,川普,2024-12-02,0.000922
半导体,担忧,美国,2024-12-04,0.000921
美国,认为恐怖,台湾,2024-11-27,0.000920
马斯克－拉马斯瓦米,质疑,川普,2024-11-17,0.000920
刘孟俊,认可,川普,2024-11-30,0.000919
刘孟俊,认可,川普,2024-11-29,0.000918
纽森,支持,川普,2024-12-02,0.000918
乌军,认为有威胁,俄罗斯,2024-12-03,0.000916
布林肯,认为可靠,美韩联盟,2024-12-04,0.000916
台积电,主导,「双研发」团队,2024-11-28,0.000916
杨琼璎,损害,台积电,2024-11-29,0.000916
瑞银分析师,感到不满,川普,2024-10-29,0.000915
SK海力士,认可,尹锡悦,2024-11-05,0.000915
台湾政府,认为有威胁,中国,2024-11-25,0.000915
金正恩,认为有威胁,南韩,2024-12-04,0.000914
陈唐山,认为有威胁,以色列,2024-11-17,0.000914
蔡正元,担忧,尹锡悦,2024-12-05,0.000913
刘扬伟,感到满意,川普,2024-12-02,0.000912
布林肯,欢迎,尹锡悦,2024-12-04,0.000912
台积电,主导,进机典礼,2024-11-26,0.000912
邱智呈,主导,「台湾英雄」大游行,2024-12-03,0.000911
美国,增进,美国,2024-12-02,0.000910
赖士葆,质疑,川普,2024-11-19,0.000909
赵晓光,质疑,特斯拉,2024-11-27,0.000909
连贤明,认为有危机,川普,2024-11-07,0.000909
郭智辉,担忧,川普,2024-11-19,0.000908
郭智辉,担忧,川普,2024-11-19,0.000908
郭智辉,担忧,川普,2024-11-19,0.000908
美国,主导,《美墨加协定》,2024-12-02,0.000908
张忠谋,认为缺乏,英特尔,2024-12-02,0.000908
黄崇仁,感到不满,"香
川普",2024-11-29,0.000907
APEC峰会,认为可靠,中国,2024-12-04,0.000907
阮慕骅,认为优秀,川普,2024-11-27,0.000907
黄紫东,质疑,川普,2024-11-27,0.000906
凯基证券,认为优秀,川普,2024-11-28,0.000906
贺锦丽,视作英雄,美国,2024-10-31,0.000904
拜登,质疑,中国大陆,2024-11-21,0.000904
台积电,主导,进机典礼,2024-11-20,0.000903
川普,损害,美国,2024-12-04,0.000903
陈凤馨,威胁,美国,2024-11-18,0.000903
美国,认为违规,美国,2024-10-27,0.000903
纳坦雅胡,质疑,川普,2024-11-05,0.000902
张陈浩,感到不满,川普,2024-11-26,0.000902
郭智辉,认为有威胁,美国,2024-11-19,0.000901
Dan Ives,支持,特斯拉,2024-12-02,0.000901
基辛格,主导,英特尔IDM2.0,2024-12-02,0.000900
王信贤,威胁,川普,2024-10-30,0.000899
国会,认为有危机,南韩,2024-12-02,0.000899
川普,攻击,中国,2024-10-09,0.000899
台湾,认为恐怖,川普,2024-11-17,0.000899
邱达生,认为可靠,川普政府,2024-11-06,0.000899
川普,攻击,中国,2024-11-07,0.000897
美国,认为有威胁,中国,2024-11-28,0.000897
真主党,认为有威胁,以色列,2024-08-12,0.000895
华府智库,认可,美国,2024-11-29,0.000895
格里芬,感到满意,川普,2024-12-04,0.000894
张陈浩,相信,川普,2024-11-26,0.000894
张陈浩,相信,川普,2024-11-26,0.000894
南韩国民力量党,主导,半导体,2024-11-19,0.000893
CNN,支持,川普,2024-11-05,0.000892
曾敬德,支持,川普,2024-11-05,0.000890
张忠谋,质疑,刘德音,2024-11-27,0.000890
美国,主导,晶片法案,2024-11-29,0.000890
沈富雄,认为违规,赖清德,2024-11-10,0.000889
华尔街经济学家,认为缺乏,川普,2024-10-30,0.000889
美国,质疑,以色列内阁,2024-11-27,0.000889
孙颖莎,认为可靠,日本,2024-08-10,0.000889
美媒,担忧,川普,2024-11-06,0.000888
顾立雄,支持,美国,2024-11-06,0.000888
郭智辉,认为有威胁,川普,2024-11-19,0.000887
郭智辉,认为有威胁,川普,2024-11-19,0.000887
以色列,视作英雄,林部长,2024-09-29,0.000887
以色列,视作英雄,林部长,2024-09-29,0.000887
《纽约时报》,欣赏,川普,2024-11-05,0.000886
黎方国,质疑,川普,2024-11-26,0.000885
黎方国,质疑,川普,2024-11-26,0.000885
谢衣凤,质疑,川普,2024-11-20,0.000885
高桥宏斗,认为失败,美国,2024-11-20,0.000885
金正恩,认为违规,美国,2024-11-21,0.000884
凌涛,认为有威胁,美国,2024-11-06,0.000883
川普,增进,半导体,2024-11-26,0.000882
中国官方媒体,主导,特斯拉,2024-11-26,0.000882
陈德升,认为失败,美国,2024-10-30,0.000881
郭智辉,认为有威胁,台湾,2024-10-29,0.000880
郭智辉,认为有威胁,台湾,2024-10-29,0.000880
尹锡悦,威胁,韩国,2024-11-26,0.000880
民主党,认为有威胁,以色列,2024-08-27,0.000880
川普,认为犯罪,中共,2024-11-12,0.000879
吕秀莲,质疑,蔡英文,2024-11-19,0.000879
台积电,欢迎,各界,2024-11-15,0.000878
民主党,认为非法,以色列,2024-08-27,0.000877
川普新政府,认可,台湾,2024-11-06,0.000877
中国,支持,特斯拉,2024-11-19,0.000876
外交部,欣赏,美国,2024-11-06,0.000876
杰夫,相信,张忠谋,2024-11-29,0.000876
拜登政府,增进,《晶片与科学法案》,2024-11-15,0.000875
司徒文,认为非法,川普,2024-11-26,0.000874
美国,视作英雄,张忠谋,2024-12-02,0.000873
美国,视作英雄,裴洛西,2024-11-15,0.000872
北卡罗来纳州,感谢,川普,2024-11-19,0.000872
中国,攻击,川普,2024-12-04,0.000872
美国,威胁,中国,2024-10-08,0.000872
美国,损害,华为,2024-11-29,0.000871
美国,损害,华为,2024-11-29,0.000871
美国,损害,华为,2024-11-29,0.000871
麦考密克,认为有危机,特斯拉,2024-12-03,0.000870
林祖嘉,认为有威胁,美国,2024-11-30,0.000870
威斯康辛州,认为优秀,川普,2024-11-05,0.000870
福斯新闻,质疑,川普,2024-11-05,0.000869
美国,支持,台湾,2024-11-27,0.000868
邱智呈,认为有威胁,美国,2024-11-21,0.000868
邱智呈,认为有威胁,美国,2024-11-21,0.000868
李镇宇,认为优秀,川普,2024-12-03,0.000868
岳东华,认为失败,美国,2024-11-21,0.000867
岳东华,认为失败,美国,2024-11-21,0.000867
岳东华,认为失败,美国,2024-11-21,0.000867
台视新闻网,认为优秀,川普,2024-11-21,0.000866
李同荣,认为违规,川普,2024-11-10,0.000864
吴诚文,质疑,川普,2024-11-20,0.000864
贺锦丽,认为非法,美国,2024-11-05,0.000863
孙嘉明,质疑,川普,2024-12-02,0.000863
共和党,视作英雄,马斯克,2024-12-02,0.000863
吕捷,认可,川普,2024-11-14,0.000862
卓荣泰,威胁,川普,2024-11-26,0.000862
美国,认可,政府,2024-11-28,0.000862
美国,威胁,美国,2024-10-27,0.000862
刘复国,质疑,川普,2024-10-30,0.000862
台积电,主导,举报,2024-10-28,0.000860
魏哲家,担忧,美国,2024-12-03,0.000860
何世昌,威胁,川普,2024-11-05,0.000859
真主党,认为非法,以色列,2024-08-12,0.000858
Josh,认为失败,美国,2024-11-21,0.000858
郭加泳,质疑,美国,2024-10-24,0.000858
陆行之,质疑,特斯拉,2024-11-06,0.000857
美中对抗,质疑,川普,2024-12-02,0.000857
美中对抗,质疑,川普,2024-12-02,0.000857
陈俊圣,感到不满,川普,2024-11-29,0.000856
日籍学者,感到不满,中国,2024-12-04,0.000856
川普新政府,认为有威胁,台湾,2024-11-06,0.000855
孙明德,感到满意,川普,2024-11-07,0.000855
奥地利,感到不满,台湾,2024-09-29,0.000855
中华经济研究院,认为恐怖,美国,2024-11-08,0.000855
刘扬伟,认为恐怖,川普,2024-12-02,0.000854
日本政府,认为有威胁,法国,2024-11-20,0.000854
台湾科技公司,增进,美国,2024-10-16,0.000854
台湾科技公司,增进,美国,2024-10-16,0.000854
