head,relation,tail,time,score
黄仁勋,喜欢,台积电,2024-12-30,0.981566
黄仁勋,喜欢,台积电,2024-12-30,0.981566
美国,喜欢,台积电,2024-11-28,0.979038
英伟达,欢迎,台积电,2024-09-10,0.979001
美国,认为违规,台积电,2024-11-09,0.975645
美国,认为违规,台积电,2024-10-23,0.975645
美国,认为违规,台积电,2024-10-23,0.975645
美国,认为违规,台积电,2024-11-09,0.975645
美国,认为违规,台积电,2024-11-09,0.975645
美国,认为违规,台积电,2024-11-09,0.975645
美国,认为违规,台积电,2024-11-09,0.975645
美国,认为违规,台积电,2024-11-09,0.975645
美国,认为违规,台积电,2024-11-09,0.975645
美国,认为违规,台积电,2024-10-22,0.975645
美国,认为违规,台积电,2024-11-09,0.975645
美国,认为违规,台积电,2024-11-09,0.975645
美国,认为违规,台积电,2024-10-18,0.975645
美国,认为违规,台积电,2024-10-18,0.975645
美国,认为违规,台积电,2024-10-22,0.975645
美国,认为违规,台积电,2024-11-09,0.975645
美国,认为违规,台积电,2024-11-10,0.975645
美国,认为违规,台积电,2024-11-28,0.975645
美国,认为违规,台积电,2024-11-14,0.975645
美国,认为违规,台积电,2024-11-14,0.975645
美国,认为违规,台积电,2024-11-10,0.975645
美国,认为违规,台积电,2024-11-10,0.975645
美国,认为违规,台积电,2024-11-10,0.975645
美国,认为违规,台积电,2024-11-09,0.975645
美国,认为违规,台积电,2024-11-10,0.975645
美国,认为违规,台积电,2024-11-10,0.975645
美国,认为违规,台积电,2024-11-10,0.975645
美国,认为违规,台积电,2024-11-10,0.975645
美国,认为违规,台积电,2024-11-10,0.975645
美国,认为违规,台积电,2024-10-18,0.975645
美国,认为违规,台积电,2024-11-10,0.975645
美国,认为违规,台积电,2024-11-10,0.975645
美国,认为违规,台积电,2024-11-10,0.975645
美国,认为违规,台积电,2024-12-02,0.975645
美国,认为违规,台积电,2024-12-02,0.975645
美国,认为违规,台积电,2024-11-28,0.975645
美国,认为违规,台积电,2024-11-12,0.975645
美国,认为违规,台积电,2024-10-21,0.975645
美国,认为违规,台积电,2024-10-21,0.975645
美国,认为违规,台积电,2024-08-03,0.975645
美国,认为违规,台积电,2024-10-26,0.975645
黄仁勋,担忧,台积电,2024-12-30,0.975221
美国,认为可靠,台积电,2024-10-16,0.973652
美国,认为可靠,台积电,2024-10-22,0.973652
美国,认为可靠,台积电,2025-01-13,0.973652
美国,认为可靠,台积电,2024-11-28,0.973652
美国,认为可靠,台积电,2024-11-28,0.973652
美国,认为有危机,台积电,2024-10-16,0.971744
美国,认为有危机,台积电,2024-10-27,0.971744
美国,认为有危机,台积电,2024-10-22,0.971744
美国,认为有危机,台积电,2024-11-28,0.971744
美国,认为有危机,台积电,2024-11-10,0.971744
美国,认为有危机,台积电,2024-11-10,0.971744
美国,认为有危机,台积电,2024-11-10,0.971744
美国,认为有危机,台积电,2024-11-10,0.971744
美国,认为有危机,台积电,2024-11-28,0.971744
美国,认为有危机,台积电,2025-02-19,0.971744
美国,认为有危机,台积电,2024-11-05,0.971744
美国,认为有危机,台积电,2024-10-26,0.971744
黄仁勋,欣赏,台积电,2024-09-20,0.968819
黄仁勋,欣赏,台积电,2024-12-29,0.968819
黄仁勋,欣赏,台积电,2024-12-30,0.968819
黄仁勋,欣赏,台积电,2024-09-20,0.968819
黄仁勋,欣赏,台积电,2024-12-30,0.968819
黄仁勋,欣赏,台积电,2024-10-19,0.968819
美国,认为有暴力,台积电,2024-11-28,0.965963
美国,认为有暴力,台积电,2024-12-02,0.965963
美国,认为有暴力,台积电,2024-12-02,0.965963
美国,认为有暴力,台积电,2024-11-28,0.965963
墨西哥,认为违规,台积电,2024-11-13,0.964511
黄仁勋,认为违规,台积电,2024-10-22,0.957823
美国,欢迎,台积电,2024-11-09,0.954494
美国,欢迎,台积电,2024-10-27,0.954494
美国,发放资金,台积电,2024-11-15,0.951039
美国,相信,台积电,2024-10-29,0.947949
美国,相信,台积电,2024-10-23,0.947949
美国,相信,台积电,2024-10-29,0.947949
美国,相信,台积电,2024-10-27,0.947949
美国,相信,台积电,2024-10-27,0.947949
美国,相信,台积电,2024-10-27,0.947949
美国,相信,台积电,2024-11-09,0.947949
美国,相信,台积电,2024-11-28,0.947949
美国,相信,台积电,2024-11-28,0.947949
美国,相信,台积电,2024-11-09,0.947949
美国,认为恐怖,台积电,2024-10-16,0.947910
美国,认为恐怖,台积电,2024-10-27,0.947910
美国,认为恐怖,台积电,2024-10-27,0.947910
美国,认为恐怖,台积电,2024-11-28,0.947910
美国,认为恐怖,台积电,2024-10-27,0.947910
美国,认为恐怖,台积电,2024-11-28,0.947910
美国,认为恐怖,台积电,2024-10-21,0.947910
特朗普,欢迎,台积电,2024-11-12,0.946630
黄仁勋,认为恐怖,台积电,2024-09-20,0.943602
黄仁勋,认为恐怖,台积电,2024-10-22,0.943602
黄仁勋,认为恐怖,台积电,2024-09-20,0.943602
黄仁勋,认为恐怖,台积电,2024-12-30,0.943602
美国,担忧,台积电,2024-11-09,0.941770
美国,担忧,台积电,2024-10-22,0.941770
美国,担忧,台积电,2024-11-09,0.941770
美国,担忧,台积电,2024-10-16,0.941770
美国,担忧,台积电,2024-10-16,0.941770
美国,担忧,台积电,2024-11-09,0.941770
美国,担忧,台积电,2024-11-09,0.941770
美国,担忧,台积电,2024-10-27,0.941770
美国,担忧,台积电,2024-10-16,0.941770
美国,担忧,台积电,2024-10-16,0.941770
美国,担忧,台积电,2024-10-27,0.941770
美国,担忧,台积电,2024-10-22,0.941770
美国,担忧,台积电,2024-11-09,0.941770
美国,担忧,台积电,2024-10-27,0.941770
美国,担忧,台积电,2024-11-09,0.941770
美国,担忧,台积电,2024-11-28,0.941770
美国,担忧,台积电,2024-11-14,0.941770
美国,担忧,台积电,2024-10-16,0.941770
美国,担忧,台积电,2025-02-16,0.941770
美国,担忧,台积电,2024-11-10,0.941770
美国,担忧,台积电,2024-11-10,0.941770
美国,担忧,台积电,2024-11-10,0.941770
美国,担忧,台积电,2024-11-10,0.941770
美国,担忧,台积电,2024-11-10,0.941770
美国,担忧,台积电,2024-11-10,0.941770
美国,担忧,台积电,2024-11-10,0.941770
美国,担忧,台积电,2024-11-10,0.941770
美国,担忧,台积电,2024-11-10,0.941770
美国,担忧,台积电,2024-11-10,0.941770
美国,担忧,台积电,2024-11-10,0.941770
美国,担忧,台积电,2024-10-27,0.941770
美国,担忧,台积电,2024-12-02,0.941770
美国,担忧,台积电,2024-11-12,0.941770
美国,担忧,台积电,2024-11-28,0.941770
美国,担忧,台积电,2024-11-12,0.941770
美国,担忧,台积电,2024-11-11,0.941770
美国,担忧,台积电,2024-10-21,0.941770
美国,认为非法,台积电,2024-11-07,0.938414
美国,认为非法,台积电,2024-11-28,0.938414
美国,认为非法,台积电,2024-11-10,0.938414
美国,认为非法,台积电,2024-12-02,0.938414
美国,认为非法,台积电,2024-11-28,0.938414
美国,视作英雄,台积电,2024-11-10,0.933571
魏哲家,欢迎,台积电,2024-11-07,0.930610
台积电,感谢,特朗普,2024-11-12,0.929923
黄仁勋,主导,台积电,2024-09-20,0.927852
美国,欣赏,台积电,2024-10-16,0.925046
美国,欣赏,台积电,2024-11-28,0.925046
美国,欣赏,台积电,2024-11-28,0.925046
罗杰·达森,担忧,台积电,2024-10-14,0.923118
华盛顿,认为违规,台积电,2024-11-07,0.922064
投资者,欢迎,台积电,2024-09-24,0.921657
投资者,欢迎,台积电,2024-11-29,0.921657
投资者,欢迎,台积电,2024-09-24,0.921657
黄仁勋,相信,台积电,2024-12-30,0.920379
黄仁勋,相信,台积电,2024-12-30,0.920379
美国,认为优秀,台积电,2024-10-23,0.920091
美国,认为优秀,台积电,2024-10-16,0.920091
美国,认为优秀,台积电,2024-10-27,0.920091
美国,认为优秀,台积电,2024-10-22,0.920091
美国,认为优秀,台积电,2025-01-13,0.920091
美国,认为优秀,台积电,2024-10-27,0.920091
美国,认为优秀,台积电,2024-11-28,0.920091
美国,认为优秀,台积电,2024-11-10,0.920091
美国,认为优秀,台积电,2024-11-28,0.920091
路透社,担忧,台积电,2024-10-23,0.919619
路透社,担忧,台积电,2024-11-09,0.919619
路透社,担忧,台积电,2024-10-23,0.919619
路透社,担忧,台积电,2024-10-27,0.919619
路透社,担忧,台积电,2024-10-27,0.919619
路透社,担忧,台积电,2024-11-10,0.919619
路透社,担忧,台积电,2024-10-27,0.919619
路透社,担忧,台积电,2024-10-27,0.919619
路透社,担忧,台积电,2024-10-22,0.919619
路透社,担忧,台积电,2024-10-27,0.919619
路透社,担忧,台积电,2024-10-22,0.919619
路透社,担忧,台积电,2025-01-10,0.919619
路透社,担忧,台积电,2025-01-10,0.919619
路透社,担忧,台积电,2025-01-10,0.919619
路透社,担忧,台积电,2024-12-02,0.919619
路透社,担忧,台积电,2024-11-10,0.919619
路透社,担忧,台积电,2024-11-14,0.919619
路透社,担忧,台积电,2024-09-01,0.919619
路透社,担忧,台积电,2025-01-10,0.919619
路透社,担忧,台积电,2024-10-27,0.919619
路透社,担忧,台积电,2024-10-27,0.919619
路透社,担忧,台积电,2024-10-08,0.919619
路透社,担忧,台积电,2024-10-22,0.919619
黄仁勋,认可,台积电,2024-09-20,0.917267
黄仁勋,认可,台积电,2024-10-22,0.917267
黄仁勋,认可,台积电,2024-12-29,0.917267
黄仁勋,认可,台积电,2024-12-30,0.917267
黄仁勋,认可,台积电,2024-10-19,0.917267
黄仁勋,认可,台积电,2024-10-19,0.917267
黄仁勋,认可,台积电,2024-09-20,0.917267
黄仁勋,认可,台积电,2024-12-30,0.917267
黄仁勋,认可,台积电,2024-10-19,0.917267
黄仁勋,认可,台积电,2024-10-19,0.917267
彭博社,认为违规,台积电,2024-10-24,0.913896
彭博社,认为违规,台积电,2024-10-24,0.913896
黄仁勋,感到满意,台积电,2024-12-29,0.912164
黄仁勋,感到满意,台积电,2024-12-30,0.912164
黄仁勋,感到满意,台积电,2024-12-30,0.912164
美国,主导,台积电,2024-11-09,0.911048
美国,主导,台积电,2024-11-09,0.911048
美国,主导,台积电,2024-10-16,0.911048
美国,主导,台积电,2024-11-09,0.911048
美国,主导,台积电,2024-11-09,0.911048
美国,主导,台积电,2024-11-09,0.911048
美国,主导,台积电,2024-10-27,0.911048
美国,主导,台积电,2024-10-22,0.911048
美国,主导,台积电,2024-11-09,0.911048
美国,主导,台积电,2024-11-09,0.911048
美国,主导,台积电,2024-11-10,0.911048
美国,主导,台积电,2024-10-18,0.911048
美国,主导,台积电,2024-11-29,0.911048
美国,主导,台积电,2024-10-26,0.911048
美国,主导,台积电,2024-11-11,0.911048
美国,主导,台积电,2024-11-14,0.911048
美国,主导,台积电,2024-11-17,0.911048
美国,主导,台积电,2024-11-09,0.911048
美国,主导,台积电,2024-11-09,0.911048
美国,主导,台积电,2024-10-18,0.911048
美国,主导,台积电,2024-12-02,0.911048
美国,主导,台积电,2024-12-02,0.911048
美国,主导,台积电,2024-11-28,0.911048
美国,主导,台积电,2024-10-23,0.911048
美国,主导,台积电,2024-10-21,0.911048
美国,主导,台积电,2024-10-21,0.911048
美国,主导,台积电,2024-10-24,0.911048
美国,主导,台积电,2024-10-27,0.911048
特朗普,感谢,台积电,2024-11-12,0.908233
特朗普,感谢,台积电,2024-11-12,0.908233
路透社,认为恐怖,台积电,2024-10-27,0.905273
路透社,认为恐怖,台积电,2024-10-27,0.905273
路透社,认为恐怖,台积电,2024-10-27,0.905273
路透社,认为恐怖,台积电,2024-10-27,0.905273
路透社,认为恐怖,台积电,2024-10-22,0.905273
路透社,认为恐怖,台积电,2024-10-27,0.905273
路透社,认为恐怖,台积电,2024-10-22,0.905273
路透社,认为恐怖,台积电,2025-01-10,0.905273
路透社,认为恐怖,台积电,2024-10-30,0.905273
路透社,认为恐怖,台积电,2024-11-10,0.905273
路透社,认为恐怖,台积电,2024-11-14,0.905273
路透社,认为恐怖,台积电,2024-10-27,0.905273
路透社,认为恐怖,台积电,2024-11-30,0.905273
路透社,认为恐怖,台积电,2024-10-27,0.905273
路透社,认为恐怖,台积电,2024-12-24,0.905273
特朗普,喜欢,台积电,2024-11-12,0.903511
特朗普,喜欢,台积电,2025-02-15,0.903511
特朗普,喜欢,台积电,2024-11-07,0.903511
特朗普,喜欢,台积电,2025-02-15,0.903511
黄仁勋,批评,台积电,2024-12-30,0.903421
黄仁勋,批评,台积电,2024-12-30,0.903421
美国,认为有威胁,台积电,2024-10-27,0.893349
美国,认为有威胁,台积电,2024-10-27,0.893349
美国,认为有威胁,台积电,2024-10-22,0.893349
美国,认为有威胁,台积电,2024-10-22,0.893349
美国,认为有威胁,台积电,2024-11-10,0.893349
美国,认为有威胁,台积电,2024-11-28,0.893349
美国,认为有威胁,台积电,2024-11-10,0.893349
美国,认为有威胁,台积电,2024-11-10,0.893349
美国,认为有威胁,台积电,2024-12-02,0.893349
美国,认为有威胁,台积电,2024-11-10,0.893349
美国,认为有威胁,台积电,2024-11-10,0.893349
美国,认为有威胁,台积电,2024-11-10,0.893349
美国,认为有威胁,台积电,2024-11-10,0.893349
美国,认为有威胁,台积电,2024-11-28,0.893349
美国,认为有威胁,台积电,2025-02-19,0.893349
美国,认为有威胁,台积电,2024-11-05,0.893349
美国,认为有威胁,台积电,2024-10-26,0.893349
彭博社,担忧,台积电,2024-11-06,0.891516
彭博社,担忧,台积电,2024-10-27,0.891516
彭博社,担忧,台积电,2024-10-24,0.891516
彭博社,担忧,台积电,2024-10-24,0.891516
彭博社,担忧,台积电,2024-10-24,0.891516
美国,视为重要,台积电,2025-01-13,0.891157
特朗普,欣赏,台积电,2024-10-28,0.890453
特朗普,欣赏,台积电,2024-10-28,0.890453
特朗普,欣赏,台积电,2024-11-07,0.890453
特朗普,欣赏,台积电,2024-11-10,0.890453
特朗普,欣赏,台积电,2024-11-10,0.890453
特朗普,欣赏,台积电,2024-11-10,0.890453
特朗普,欣赏,台积电,2024-11-10,0.890453
特朗普,欣赏,台积电,2024-10-28,0.890453
特朗普,欣赏,台积电,2025-02-15,0.890453
特朗普,欣赏,台积电,2025-02-15,0.890453
特朗普,欣赏,台积电,2024-11-07,0.890453
特朗普,欣赏,台积电,2024-11-07,0.890453
特朗普,欣赏,台积电,2024-11-07,0.890453
特朗普,欣赏,台积电,2024-11-07,0.890453
特朗普,欣赏,台积电,2025-02-15,0.890453
特朗普,欣赏,台积电,2024-10-28,0.890453
美国,认为失败,台积电,2024-10-16,0.886308
美国,认为失败,台积电,2024-11-10,0.886308
美国,认为失败,台积电,2024-11-10,0.886308
美国,认为失败,台积电,2024-11-11,0.886308
美国,认为失败,台积电,2024-11-28,0.886308
美国,认为失败,台积电,2024-11-14,0.886308
美国,认为失败,台积电,2024-11-14,0.886308
美国,认为失败,台积电,2024-11-10,0.886308
美国,认为失败,台积电,2024-11-10,0.886308
美国,认为失败,台积电,2024-11-10,0.886308
美国,认为失败,台积电,2024-11-10,0.886308
美国,认为失败,台积电,2024-11-10,0.886308
美国,认为失败,台积电,2024-11-10,0.886308
美国,认为失败,台积电,2024-11-10,0.886308
美国,认为失败,台积电,2024-11-10,0.886308
美国,认为失败,台积电,2024-11-10,0.886308
美国,认为失败,台积电,2024-11-10,0.886308
美国,认为失败,台积电,2024-12-02,0.886308
美国,认为失败,台积电,2024-12-02,0.886308
美国,认为失败,台积电,2024-11-28,0.886308
美国,认为失败,台积电,2024-10-21,0.886308
美国,认为失败,台积电,2024-10-24,0.886308
美国,认为失败,台积电,2024-10-27,0.886308
美国,认为失败,台积电,2024-10-26,0.886308
路透社,认为违规,台积电,2024-10-23,0.885302
路透社,认为违规,台积电,2024-10-27,0.885302
路透社,认为违规,台积电,2024-10-22,0.885302
路透社,认为违规,台积电,2024-11-10,0.885302
路透社,认为违规,台积电,2024-11-14,0.885302
路透社,认为违规,台积电,2024-11-14,0.885302
美国,认为热情,台积电,2024-11-28,0.884047
美国,支持,台积电,2024-11-27,0.883609
美国,支持,台积电,2024-11-09,0.883609
美国,支持,台积电,2024-10-22,0.883609
美国,支持,台积电,2024-10-22,0.883609
美国,支持,台积电,2024-10-22,0.883609
美国,支持,台积电,2024-10-22,0.883609
美国,支持,台积电,2024-10-22,0.883609
美国,支持,台积电,2024-11-09,0.883609
美国,支持,台积电,2024-10-22,0.883609
美国,支持,台积电,2024-10-16,0.883609
美国,支持,台积电,2024-11-09,0.883609
美国,支持,台积电,2024-11-09,0.883609
美国,支持,台积电,2024-10-22,0.883609
美国,支持,台积电,2024-10-22,0.883609
美国,支持,台积电,2024-10-27,0.883609
美国,支持,台积电,2024-10-22,0.883609
美国,支持,台积电,2024-11-09,0.883609
美国,支持,台积电,2024-10-22,0.883609
美国,支持,台积电,2024-11-09,0.883609
美国,支持,台积电,2024-10-27,0.883609
美国,支持,台积电,2024-11-09,0.883609
美国,支持,台积电,2024-11-09,0.883609
美国,支持,台积电,2024-11-10,0.883609
美国,支持,台积电,2024-10-27,0.883609
美国,支持,台积电,2024-11-09,0.883609
美国,支持,台积电,2024-11-29,0.883609
美国,支持,台积电,2024-11-28,0.883609
美国,支持,台积电,2024-11-28,0.883609
美国,支持,台积电,2024-11-14,0.883609
美国,支持,台积电,2024-11-14,0.883609
美国,支持,台积电,2024-11-14,0.883609
美国,支持,台积电,2024-11-15,0.883609
美国,支持,台积电,2024-11-15,0.883609
美国,支持,台积电,2024-11-15,0.883609
美国,支持,台积电,2024-11-15,0.883609
美国,支持,台积电,2024-11-15,0.883609
美国,支持,台积电,2024-11-15,0.883609
美国,支持,台积电,2024-11-15,0.883609
美国,支持,台积电,2025-02-16,0.883609
美国,支持,台积电,2024-11-09,0.883609
美国,支持,台积电,2024-11-15,0.883609
美国,支持,台积电,2024-11-09,0.883609
美国,支持,台积电,2024-12-21,0.883609
美国,支持,台积电,2024-12-21,0.883609
美国,支持,台积电,2024-12-21,0.883609
美国,支持,台积电,2024-11-17,0.883609
美国,支持,台积电,2024-11-15,0.883609
美国,支持,台积电,2024-11-15,0.883609
美国,支持,台积电,2024-11-15,0.883609
美国,支持,台积电,2024-12-02,0.883609
美国,支持,台积电,2024-12-02,0.883609
美国,支持,台积电,2024-11-15,0.883609
美国,支持,台积电,2024-11-15,0.883609
美国,支持,台积电,2024-11-15,0.883609
美国,支持,台积电,2024-11-28,0.883609
美国,支持,台积电,2024-10-23,0.883609
美国,支持,台积电,2024-10-21,0.883609
美国,支持,台积电,2024-10-21,0.883609
美国,支持,台积电,2024-11-09,0.883609
美国,支持,台积电,2024-10-24,0.883609
罗杰·达森,喜欢,台积电,2024-10-14,0.881269
格尔辛格,认为恐怖,台积电,2024-12-02,0.879444
美国,认为缺乏,台积电,2024-11-28,0.877962
美国,认为缺乏,台积电,2024-11-28,0.877962
美国,认可,台积电,2024-11-09,0.874350
美国,认可,台积电,2024-10-22,0.874350
美国,认可,台积电,2024-10-23,0.874350
美国,认可,台积电,2024-11-09,0.874350
美国,认可,台积电,2024-10-16,0.874350
美国,认可,台积电,2024-11-09,0.874350
美国,认可,台积电,2024-11-09,0.874350
美国,认可,台积电,2024-10-22,0.874350
美国,认可,台积电,2024-10-27,0.874350
美国,认可,台积电,2024-11-09,0.874350
美国,认可,台积电,2024-10-27,0.874350
美国,认可,台积电,2024-10-22,0.874350
美国,认可,台积电,2024-11-09,0.874350
美国,认可,台积电,2024-11-09,0.874350
美国,认可,台积电,2024-11-09,0.874350
美国,认可,台积电,2024-10-27,0.874350
美国,认可,台积电,2025-01-13,0.874350
美国,认可,台积电,2024-11-09,0.874350
美国,认可,台积电,2024-11-29,0.874350
美国,认可,台积电,2024-11-10,0.874350
美国,认可,台积电,2024-11-10,0.874350
美国,认可,台积电,2024-11-28,0.874350
美国,认可,台积电,2024-11-14,0.874350
美国,认可,台积电,2024-11-15,0.874350
美国,认可,台积电,2024-11-15,0.874350
美国,认可,台积电,2024-11-15,0.874350
美国,认可,台积电,2025-02-16,0.874350
美国,认可,台积电,2024-11-10,0.874350
美国,认可,台积电,2024-11-09,0.874350
美国,认可,台积电,2024-10-26,0.874350
美国,认可,台积电,2024-11-10,0.874350
美国,认可,台积电,2024-11-15,0.874350
美国,认可,台积电,2024-11-10,0.874350
美国,认可,台积电,2024-12-21,0.874350
美国,认可,台积电,2024-12-21,0.874350
美国,认可,台积电,2024-11-10,0.874350
美国,认可,台积电,2024-11-10,0.874350
美国,认可,台积电,2024-11-10,0.874350
美国,认可,台积电,2024-11-10,0.874350
美国,认可,台积电,2024-11-15,0.874350
美国,认可,台积电,2024-12-02,0.874350
美国,认可,台积电,2024-12-02,0.874350
美国,认可,台积电,2024-11-15,0.874350
美国,认可,台积电,2024-11-15,0.874350
美国,认可,台积电,2024-11-28,0.874350
美国,认可,台积电,2024-10-21,0.874350
美国,认可,台积电,2024-10-24,0.874350
美国,认可,台积电,2025-01-16,0.874350
美国,感到满意,台积电,2024-11-29,0.868634
美国,感到满意,台积电,2024-11-11,0.868634
美国,感到满意,台积电,2025-02-16,0.868634
美国,认为犯罪,台积电,2024-10-27,0.867302
美国,认为犯罪,台积电,2024-10-27,0.867302
美国,认为犯罪,台积电,2024-10-18,0.867302
美国,认为犯罪,台积电,2024-10-18,0.867302
美国,认为犯罪,台积电,2024-10-22,0.867302
美国,认为犯罪,台积电,2024-11-14,0.867302
美国,认为犯罪,台积电,2024-10-18,0.867302
美国,认为犯罪,台积电,2024-10-18,0.867302
美国,认为犯罪,台积电,2024-10-18,0.867302
美国,认为犯罪,台积电,2024-12-02,0.867302
美国,认为犯罪,台积电,2024-12-02,0.867302
美国,认为犯罪,台积电,2024-11-28,0.867302
美国,认为犯罪,台积电,2024-11-30,0.867302
美国,认为犯罪,台积电,2024-10-21,0.867302
美国,认为犯罪,台积电,2024-10-21,0.867302
美国,认为犯罪,台积电,2024-10-26,0.867302
罗杰·达森,认为恐怖,台积电,2024-10-14,0.867259
吉娜·雷蒙多,担忧,台积电,2024-11-14,0.866986
吉娜·雷蒙多,担忧,台积电,2024-11-14,0.866986
台积电,损害,中国,2024-11-16,0.864855
彭博社,认为恐怖,台积电,2024-10-24,0.864440
彭博社,认为恐怖,台积电,2024-10-24,0.864440
美国,损害,台积电,2024-11-09,0.863450
美国,损害,台积电,2024-10-16,0.863450
美国,损害,台积电,2024-10-27,0.863450
美国,损害,台积电,2024-10-27,0.863450
美国,损害,台积电,2024-11-10,0.863450
美国,损害,台积电,2024-11-10,0.863450
美国,损害,台积电,2024-10-27,0.863450
美国,损害,台积电,2024-11-10,0.863450
美国,损害,台积电,2024-10-22,0.863450
美国,损害,台积电,2024-11-10,0.863450
美国,损害,台积电,2024-11-10,0.863450
美国,损害,台积电,2024-11-10,0.863450
美国,损害,台积电,2024-11-10,0.863450
美国,损害,台积电,2024-11-10,0.863450
美国,损害,台积电,2024-11-10,0.863450
美国,损害,台积电,2024-11-10,0.863450
美国,损害,台积电,2024-11-10,0.863450
美国,损害,台积电,2024-11-10,0.863450
美国,损害,台积电,2024-11-10,0.863450
美国,损害,台积电,2024-11-12,0.863450
美国,损害,台积电,2024-11-12,0.863450
美国,损害,台积电,2024-10-27,0.863450
美国,损害,台积电,2024-10-27,0.863450
美国,损害,台积电,2024-11-10,0.863450
美国,损害,台积电,2024-12-02,0.863450
美国,损害,台积电,2024-12-02,0.863450
美国,损害,台积电,2024-10-22,0.863450
美国,损害,台积电,2024-11-11,0.863450
美国,损害,台积电,2025-02-19,0.863450
美国,损害,台积电,2024-08-03,0.863450
美国,损害,台积电,2024-11-10,0.863450
路透社,主导,台积电,2024-10-27,0.859834
路透社,主导,台积电,2024-11-10,0.859834
路透社,主导,台积电,2024-11-14,0.859834
路透社,主导,台积电,2024-11-14,0.859834
路透社,主导,台积电,2024-09-01,0.859834
路透社,主导,台积电,2024-10-27,0.859834
路透社,主导,台积电,2024-11-11,0.859834
路透社,主导,台积电,2024-10-27,0.859834
黄仁勋,认为失败,台积电,2024-12-30,0.857937
黄仁勋,认为失败,台积电,2024-09-20,0.857937
黄仁勋,认为失败,台积电,2024-12-30,0.857937
特朗普,认为违规,台积电,2024-10-28,0.854485
特朗普,认为违规,台积电,2024-10-28,0.854485
特朗普,认为违规,台积电,2024-11-22,0.854485
特朗普,认为违规,台积电,2024-11-07,0.854485
特朗普,认为违规,台积电,2024-11-07,0.854485
特朗普,认为违规,台积电,2024-11-10,0.854485
特朗普,认为违规,台积电,2024-11-10,0.854485
特朗普,认为违规,台积电,2024-11-10,0.854485
特朗普,认为违规,台积电,2024-11-10,0.854485
特朗普,认为违规,台积电,2024-11-10,0.854485
特朗普,认为违规,台积电,2024-10-18,0.854485
特朗普,认为违规,台积电,2024-11-22,0.854485
特朗普,认为违规,台积电,2024-11-10,0.854485
特朗普,认为违规,台积电,2025-02-15,0.854485
特朗普,认为违规,台积电,2025-02-15,0.854485
特朗普,认为违规,台积电,2024-11-30,0.854485
特朗普,认为违规,台积电,2024-11-07,0.854485
特朗普,认为违规,台积电,2024-11-07,0.854485
特朗普,认为违规,台积电,2024-11-07,0.854485
特朗普,认为违规,台积电,2025-02-14,0.854485
特朗普,认为违规,台积电,2025-02-15,0.854485
特朗普,认为违规,台积电,2024-10-28,0.854485
美国,威胁,台积电,2024-10-16,0.851626
美国,威胁,台积电,2024-10-27,0.851626
美国,威胁,台积电,2024-10-27,0.851626
美国,威胁,台积电,2024-11-10,0.851626
美国,威胁,台积电,2024-11-10,0.851626
美国,威胁,台积电,2024-10-22,0.851626
美国,威胁,台积电,2024-11-10,0.851626
美国,威胁,台积电,2024-11-10,0.851626
美国,威胁,台积电,2024-11-10,0.851626
美国,威胁,台积电,2024-12-02,0.851626
美国,威胁,台积电,2024-11-10,0.851626
美国,威胁,台积电,2024-11-09,0.851626
美国,威胁,台积电,2024-11-12,0.851626
美国,威胁,台积电,2024-10-27,0.851626
美国,威胁,台积电,2024-10-27,0.851626
美国,威胁,台积电,2024-10-27,0.851626
美国,威胁,台积电,2025-02-19,0.851626
美国,威胁,台积电,2024-10-26,0.851626
美国,威胁,台积电,2024-11-05,0.851626
美国,威胁,台积电,2024-10-26,0.851626
台积电,欢迎,苹果,2024-11-25,0.851214
台积电,欢迎,苹果,2024-11-26,0.851214
美国,认为有成就,台积电,2024-11-02,0.851057
美国,认为有成就,台积电,2024-11-28,0.851057
美国,认为有成就,台积电,2024-11-28,0.851057
美国,认为有成就,台积电,2024-10-24,0.851057
黄仁勋,质疑,台积电,2024-09-20,0.844532
黄仁勋,质疑,台积电,2024-10-22,0.844532
黄仁勋,质疑,台积电,2024-12-29,0.844532
黄仁勋,质疑,台积电,2024-12-30,0.844532
黄仁勋,质疑,台积电,2024-09-20,0.844532
黄仁勋,质疑,台积电,2024-12-30,0.844532
黄仁勋,质疑,台积电,2024-10-19,0.844532
黄仁勋,认为可靠,台积电,2024-09-20,0.839050
黄仁勋,认为可靠,台积电,2024-09-20,0.839050
黄仁勋,认为可靠,台积电,2024-12-29,0.839050
黄仁勋,认为可靠,台积电,2024-12-30,0.839050
黄仁勋,认为可靠,台积电,2024-09-20,0.839050
黄仁勋,认为可靠,台积电,2024-09-20,0.839050
黄仁勋,认为可靠,台积电,2024-12-30,0.839050
美国,感到不满,台积电,2024-10-27,0.833814
美国,感到不满,台积电,2024-10-27,0.833814
美国,感到不满,台积电,2024-11-11,0.833814
美国,感到不满,台积电,2024-11-14,0.833814
美国,感到不满,台积电,2024-11-09,0.833814
美国,感到不满,台积电,2024-11-10,0.833814
美国,感到不满,台积电,2024-11-10,0.833814
美国,感到不满,台积电,2024-12-02,0.833814
美国,感到不满,台积电,2024-12-02,0.833814
美国,感到不满,台积电,2024-11-28,0.833814
美国,感到不满,台积电,2024-11-09,0.833814
路透社,威胁,台积电,2024-10-27,0.830181
路透社,威胁,台积电,2024-10-27,0.830181
路透社,威胁,台积电,2024-11-10,0.830181
路透社,威胁,台积电,2024-11-14,0.830181
路透社,威胁,台积电,2024-10-27,0.830181
路透社,威胁,台积电,2024-10-27,0.830181
台积电,攻击,台湾,2024-11-05,0.821301
台积电,攻击,台湾,2024-10-30,0.821301
中国,损害,台积电,2024-10-14,0.819300
盖尔辛格,损害,台积电,2024-11-06,0.818937
盖尔辛格,损害,台积电,2024-10-29,0.818937
路透社,欣赏,台积电,2024-10-27,0.817510
路透社,欣赏,台积电,2024-10-27,0.817510
阿联酋,损害,台积电,2024-09-27,0.816250
苹果公司,认为恐怖,台积电,2024-10-17,0.815280
特朗普,担忧,台积电,2025-02-09,0.814171
特朗普,担忧,台积电,2024-10-28,0.814171
特朗普,担忧,台积电,2024-10-28,0.814171
特朗普,担忧,台积电,2024-11-07,0.814171
特朗普,担忧,台积电,2024-11-07,0.814171
特朗普,担忧,台积电,2024-11-10,0.814171
特朗普,担忧,台积电,2024-11-10,0.814171
特朗普,担忧,台积电,2024-11-10,0.814171
特朗普,担忧,台积电,2024-11-10,0.814171
特朗普,担忧,台积电,2024-11-10,0.814171
特朗普,担忧,台积电,2024-11-10,0.814171
特朗普,担忧,台积电,2024-11-10,0.814171
特朗普,担忧,台积电,2024-11-10,0.814171
特朗普,担忧,台积电,2024-11-10,0.814171
特朗普,担忧,台积电,2024-11-10,0.814171
特朗普,担忧,台积电,2024-11-10,0.814171
特朗普,担忧,台积电,2024-11-22,0.814171
特朗普,担忧,台积电,2024-11-10,0.814171
特朗普,担忧,台积电,2024-11-10,0.814171
特朗普,担忧,台积电,2024-10-28,0.814171
特朗普,担忧,台积电,2024-11-12,0.814171
特朗普,担忧,台积电,2024-11-12,0.814171
特朗普,担忧,台积电,2025-02-15,0.814171
特朗普,担忧,台积电,2025-02-15,0.814171
特朗普,担忧,台积电,2024-11-07,0.814171
特朗普,担忧,台积电,2024-11-07,0.814171
特朗普,担忧,台积电,2024-11-07,0.814171
特朗普,担忧,台积电,2024-11-07,0.814171
特朗普,担忧,台积电,2024-11-07,0.814171
特朗普,担忧,台积电,2024-10-28,0.814171
路透社,损害,台积电,2024-08-27,0.812344
路透社,损害,台积电,2024-10-27,0.812344
路透社,损害,台积电,2024-08-27,0.812344
路透社,损害,台积电,2024-11-10,0.812344
路透社,损害,台积电,2024-11-14,0.812344
路透社,损害,台积电,2024-10-31,0.812344
路透社,损害,台积电,2024-10-27,0.812344
路透社,损害,台积电,2024-10-27,0.812344
台积电,损害,苹果,2024-11-26,0.810767
彭博社,认为有危机,台积电,2024-10-24,0.808916
彭博社,认为有危机,台积电,2024-10-24,0.808916
彭博社,认为有危机,台积电,2024-10-24,0.808916
彭博社,认可,台积电,2024-10-24,0.804381
彭博社,认可,台积电,2024-10-24,0.804381
彭博社,认可,台积电,2024-10-24,0.804381
美国,增进,台积电,2024-10-22,0.802348
美国,增进,台积电,2024-10-22,0.802348
美国,增进,台积电,2024-10-22,0.802348
美国,增进,台积电,2024-10-22,0.802348
美国,增进,台积电,2024-10-22,0.802348
美国,增进,台积电,2024-10-16,0.802348
美国,增进,台积电,2024-10-22,0.802348
美国,增进,台积电,2024-10-22,0.802348
美国,增进,台积电,2025-01-16,0.802348
美国,增进,台积电,2024-11-29,0.802348
美国,增进,台积电,2024-11-28,0.802348
美国,增进,台积电,2024-11-29,0.802348
美国,增进,台积电,2024-11-28,0.802348
彭博社,认为失败,台积电,2024-10-24,0.801425
彭博社,认为失败,台积电,2024-10-24,0.801425
路透社,认为有危机,台积电,2024-10-23,0.801371
路透社,认为有危机,台积电,2024-10-23,0.801371
路透社,认为有危机,台积电,2024-10-27,0.801371
路透社,认为有危机,台积电,2024-10-27,0.801371
路透社,认为有危机,台积电,2024-10-27,0.801371
路透社,认为有危机,台积电,2024-10-27,0.801371
路透社,认为有危机,台积电,2024-10-22,0.801371
路透社,认为有危机,台积电,2024-11-10,0.801371
路透社,认为有危机,台积电,2024-11-14,0.801371
路透社,认为有危机,台积电,2024-10-27,0.801371
路透社,认为有危机,台积电,2024-10-27,0.801371
路透社,认为有危机,台积电,2024-10-27,0.801371
格尔辛格,损害,台积电,2024-12-02,0.797410
台积电,损害,美国,2024-11-04,0.795656
台积电,损害,美国,2024-11-13,0.795656
台积电,损害,美国,2024-11-05,0.795656
台积电,损害,美国,2024-11-05,0.795656
吉娜·雷蒙多,认为违规,台积电,2024-11-14,0.792486
彭博社,威胁,台积电,2024-10-24,0.790639
彭博社,威胁,台积电,2024-10-24,0.790639
彭博社,威胁,台积电,2024-10-24,0.790639
彭博社,感到不满,台积电,2024-10-24,0.784480
彭博社,感到不满,台积电,2024-10-24,0.784480
彭博社,感到不满,台积电,2024-10-24,0.784480
台湾政府,主导,台积电,2025-02-23,0.779799
路透社,相信,台积电,2024-10-23,0.775459
路透社,相信,台积电,2024-11-09,0.775459
路透社,相信,台积电,2024-10-27,0.775459
路透社,相信,台积电,2024-10-27,0.775459
路透社,相信,台积电,2024-11-10,0.775459
路透社,相信,台积电,2024-10-27,0.775459
路透社,相信,台积电,2024-10-27,0.775459
路透社,相信,台积电,2024-10-22,0.775459
路透社,相信,台积电,2024-10-27,0.775459
路透社,相信,台积电,2024-11-10,0.775459
路透社,相信,台积电,2024-11-14,0.775459
路透社,相信,台积电,2024-10-27,0.775459
路透社,相信,台积电,2024-11-30,0.775459
路透社,相信,台积电,2024-10-27,0.775459
路透社,相信,台积电,2024-10-22,0.775459
彭博社,相信,台积电,2024-10-24,0.775155
彭博社,相信,台积电,2024-10-24,0.775155
彭博社,相信,台积电,2024-10-24,0.775155
美国,批评,台积电,2024-11-09,0.764055
美国,批评,台积电,2024-11-09,0.764055
美国,批评,台积电,2024-11-09,0.764055
美国,批评,台积电,2024-11-09,0.764055
美国,批评,台积电,2024-10-27,0.764055
美国,批评,台积电,2024-10-27,0.764055
美国,批评,台积电,2024-11-09,0.764055
美国,批评,台积电,2024-11-10,0.764055
美国,批评,台积电,2024-11-16,0.764055
美国,批评,台积电,2024-11-28,0.764055
美国,批评,台积电,2024-11-14,0.764055
美国,批评,台积电,2025-02-16,0.764055
美国,批评,台积电,2024-11-10,0.764055
美国,批评,台积电,2024-11-10,0.764055
美国,批评,台积电,2024-11-10,0.764055
美国,批评,台积电,2024-11-10,0.764055
美国,批评,台积电,2024-11-10,0.764055
美国,批评,台积电,2024-11-10,0.764055
美国,批评,台积电,2024-11-10,0.764055
美国,批评,台积电,2024-11-10,0.764055
美国,批评,台积电,2024-11-10,0.764055
美国,批评,台积电,2024-11-10,0.764055
美国,批评,台积电,2024-11-10,0.764055
美国,批评,台积电,2024-12-02,0.764055
美国,批评,台积电,2024-12-02,0.764055
美国,批评,台积电,2024-11-12,0.764055
美国,批评,台积电,2024-11-28,0.764055
美国,批评,台积电,2024-11-09,0.764055
美国,批评,台积电,2024-11-15,0.764055
台积电,担忧,特朗普,2024-11-07,0.760168
彭博社,认为有威胁,台积电,2024-10-24,0.757734
彭博社,认为有威胁,台积电,2024-10-24,0.757734
彭博社,认为有威胁,台积电,2024-10-24,0.757734
美国,提出交易,台积电,2025-02-16,0.751403
《金融时报》,主导,台积电,2024-10-22,0.749364
彭博社,认为可靠,台积电,2024-10-24,0.747870
彭博社,认为可靠,台积电,2024-10-24,0.747870
彭博社,认为可靠,台积电,2024-10-24,0.747870
路透社,感到不满,台积电,2024-10-27,0.742544
路透社,感到不满,台积电,2024-10-27,0.742544
路透社,感到不满,台积电,2024-10-27,0.742544
路透社,感到不满,台积电,2024-11-10,0.742544
路透社,感到不满,台积电,2024-11-14,0.742544
路透社,感到不满,台积电,2024-10-27,0.742544
乔·罗根,损害,台积电,2024-10-28,0.732146
乔·罗根,损害,台积电,2024-10-28,0.732146
格尔辛格,质疑,台积电,2024-12-02,0.730494
路透社,认为有威胁,台积电,2024-10-23,0.729840
路透社,认为有威胁,台积电,2024-10-27,0.729840
路透社,认为有威胁,台积电,2024-10-27,0.729840
路透社,认为有威胁,台积电,2024-10-27,0.729840
路透社,认为有威胁,台积电,2024-10-27,0.729840
路透社,认为有威胁,台积电,2024-10-22,0.729840
路透社,认为有威胁,台积电,2024-11-06,0.729840
路透社,认为有威胁,台积电,2024-11-10,0.729840
路透社,认为有威胁,台积电,2024-11-14,0.729840
路透社,认为有威胁,台积电,2024-10-27,0.729840
路透社,认为有威胁,台积电,2024-10-27,0.729840
路透社,认为有威胁,台积电,2024-10-27,0.729840
苹果公司,感到不满,台积电,2024-10-17,0.729438
路透社,批评,台积电,2024-10-23,0.729194
路透社,批评,台积电,2024-10-27,0.729194
路透社,批评,台积电,2024-10-27,0.729194
路透社,批评,台积电,2024-10-27,0.729194
路透社,批评,台积电,2024-11-10,0.729194
路透社,批评,台积电,2024-11-14,0.729194
路透社,批评,台积电,2024-11-07,0.729194
路透社,批评,台积电,2024-10-27,0.729194
基辛格,损害,台积电,2024-12-02,0.728260
路透社,认为失败,台积电,2024-10-27,0.721024
路透社,认为失败,台积电,2024-10-22,0.721024
路透社,认为失败,台积电,2024-11-14,0.721024
路透社,认为失败,台积电,2024-10-27,0.721024
路透社,认为失败,台积电,2024-10-27,0.721024
黄仁勋,认为有成就,台积电,2024-09-20,0.720362
黄仁勋,认为有成就,台积电,2024-09-20,0.720362
路透社,认为可靠,台积电,2024-10-27,0.719330
路透社,认为可靠,台积电,2024-10-22,0.719330
路透社,认为可靠,台积电,2025-01-10,0.719330
路透社,认为可靠,台积电,2024-11-10,0.719330
路透社,认为可靠,台积电,2024-11-14,0.719330
特朗普,损害,台积电,2024-11-18,0.717902
特朗普,损害,台积电,2025-02-09,0.717902
特朗普,损害,台积电,2024-10-28,0.717902
特朗普,损害,台积电,2024-11-18,0.717902
特朗普,损害,台积电,2024-11-18,0.717902
特朗普,损害,台积电,2024-11-18,0.717902
特朗普,损害,台积电,2024-11-18,0.717902
特朗普,损害,台积电,2024-11-18,0.717902
特朗普,损害,台积电,2024-11-10,0.717902
特朗普,损害,台积电,2025-02-25,0.717902
特朗普,损害,台积电,2024-11-10,0.717902
特朗普,损害,台积电,2024-11-10,0.717902
特朗普,损害,台积电,2024-11-13,0.717902
特朗普,损害,台积电,2024-11-10,0.717902
特朗普,损害,台积电,2024-10-28,0.717902
特朗普,损害,台积电,2024-11-10,0.717902
特朗普,损害,台积电,2024-11-10,0.717902
特朗普,损害,台积电,2024-10-28,0.717902
特朗普,损害,台积电,2024-11-12,0.717902
特朗普,损害,台积电,2024-10-28,0.717902
特朗普,损害,台积电,2024-11-12,0.717902
特朗普,损害,台积电,2024-11-10,0.717902
特朗普,损害,台积电,2024-11-12,0.717902
特朗普,损害,台积电,2024-11-12,0.717902
特朗普,损害,台积电,2024-11-30,0.717902
特朗普,损害,台积电,2024-11-07,0.717902
特朗普,损害,台积电,2024-11-07,0.717902
特朗普,损害,台积电,2024-11-07,0.717902
特朗普,损害,台积电,2024-11-07,0.717902
特朗普,损害,台积电,2024-11-07,0.717902
特朗普,损害,台积电,2024-11-11,0.717902
特朗普,损害,台积电,2024-11-11,0.717902
特朗普,损害,台积电,2024-10-28,0.717902
特朗普,损害,台积电,2024-10-28,0.717902
《金融时报》,担忧,台积电,2024-11-04,0.715970
《金融时报》,担忧,台积电,2024-11-07,0.715970
《金融时报》,担忧,台积电,2024-11-07,0.715970
《金融时报》,担忧,台积电,2024-10-22,0.715970
《金融时报》,担忧,台积电,2024-11-09,0.715970
帕特·盖尔辛格,认为恐怖,台积电,2024-11-06,0.710986
路透社,认为非法,台积电,2024-11-07,0.710356
美国,攻击,台积电,2024-10-27,0.710354
美国,攻击,台积电,2024-11-10,0.710354
美国,攻击,台积电,2024-11-10,0.710354
美国,攻击,台积电,2024-11-10,0.710354
美国,攻击,台积电,2024-11-14,0.710354
美国,攻击,台积电,2024-11-10,0.710354
美国,攻击,台积电,2024-11-14,0.710354
美国,攻击,台积电,2024-11-10,0.710354
美国,攻击,台积电,2024-11-10,0.710354
美国,攻击,台积电,2024-10-27,0.710354
美国,攻击,台积电,2024-12-02,0.710354
美国,攻击,台积电,2024-12-02,0.710354
美国,攻击,台积电,2025-02-19,0.710354
美国,攻击,台积电,2024-08-03,0.710354
美国,攻击,台积电,2024-10-26,0.710354
盖尔辛格,主导,台积电,2024-12-02,0.707436
美国,质疑,台积电,2024-11-09,0.706405
美国,质疑,台积电,2024-10-23,0.706405
美国,质疑,台积电,2024-10-22,0.706405
美国,质疑,台积电,2024-11-09,0.706405
美国,质疑,台积电,2024-10-16,0.706405
美国,质疑,台积电,2024-11-09,0.706405
美国,质疑,台积电,2024-11-14,0.706405
美国,质疑,台积电,2024-11-09,0.706405
美国,质疑,台积电,2024-10-27,0.706405
美国,质疑,台积电,2024-11-09,0.706405
美国,质疑,台积电,2024-10-27,0.706405
美国,质疑,台积电,2024-10-22,0.706405
美国,质疑,台积电,2024-11-09,0.706405
美国,质疑,台积电,2024-10-18,0.706405
美国,质疑,台积电,2024-10-18,0.706405
美国,质疑,台积电,2024-10-27,0.706405
美国,质疑,台积电,2024-10-22,0.706405
美国,质疑,台积电,2024-11-09,0.706405
美国,质疑,台积电,2024-11-10,0.706405
美国,质疑,台积电,2024-11-28,0.706405
美国,质疑,台积电,2024-11-14,0.706405
美国,质疑,台积电,2024-11-14,0.706405
美国,质疑,台积电,2025-02-16,0.706405
美国,质疑,台积电,2024-11-10,0.706405
美国,质疑,台积电,2024-11-10,0.706405
美国,质疑,台积电,2024-11-10,0.706405
美国,质疑,台积电,2024-11-09,0.706405
美国,质疑,台积电,2024-11-10,0.706405
美国,质疑,台积电,2024-11-10,0.706405
美国,质疑,台积电,2024-11-10,0.706405
美国,质疑,台积电,2024-11-10,0.706405
美国,质疑,台积电,2024-11-09,0.706405
美国,质疑,台积电,2024-12-21,0.706405
美国,质疑,台积电,2024-11-10,0.706405
美国,质疑,台积电,2024-11-10,0.706405
美国,质疑,台积电,2024-11-10,0.706405
美国,质疑,台积电,2024-11-10,0.706405
美国,质疑,台积电,2024-11-10,0.706405
美国,质疑,台积电,2024-10-27,0.706405
美国,质疑,台积电,2024-11-12,0.706405
美国,质疑,台积电,2024-11-28,0.706405
美国,质疑,台积电,2024-10-21,0.706405
美国,质疑,台积电,2024-10-21,0.706405
美国,质疑,台积电,2024-11-09,0.706405
美国,质疑,台积电,2024-10-26,0.706405
吉娜·雷蒙多,认为恐怖,台积电,2024-11-14,0.706325
吉娜·雷蒙多,认为恐怖,台积电,2024-11-14,0.706325
台湾,帮助迁移,台积电,2025-01-10,0.699703
台积电,认为违规,华为,2024-11-10,0.695143
台积电,认为违规,华为,2024-11-10,0.695143
台积电,认为违规,华为,2024-10-21,0.695143
黄仁勋,认为犯罪,台积电,2024-10-22,0.693487
《金融时报》,认为违规,台积电,2024-11-09,0.693421
美国,提供补贴,台积电,2024-11-14,0.691345
美国,提供补贴,台积电,2024-11-15,0.691345
路透社,认可,台积电,2024-11-09,0.690124
路透社,认可,台积电,2024-10-27,0.690124
路透社,认可,台积电,2024-10-27,0.690124
路透社,认可,台积电,2024-10-22,0.690124
路透社,认可,台积电,2024-10-27,0.690124
路透社,认可,台积电,2024-12-02,0.690124
路透社,认可,台积电,2024-11-10,0.690124
路透社,认可,台积电,2024-11-14,0.690124
路透社,认可,台积电,2024-10-27,0.690124
路透社,认可,台积电,2024-10-27,0.690124
路透社,认可,台积电,2024-10-22,0.690124
苹果公司,相信,台积电,2024-10-17,0.688889
拉乌莉·里哈,担忧,台积电,2024-11-13,0.679944
特朗普,认为恐怖,台积电,2025-02-09,0.679055
特朗普,认为恐怖,台积电,2024-10-28,0.679055
特朗普,认为恐怖,台积电,2024-10-28,0.679055
特朗普,认为恐怖,台积电,2024-11-07,0.679055
特朗普,认为恐怖,台积电,2024-11-10,0.679055
特朗普,认为恐怖,台积电,2024-10-28,0.679055
特朗普,认为恐怖,台积电,2024-11-10,0.679055
特朗普,认为恐怖,台积电,2024-10-28,0.679055
特朗普,认为恐怖,台积电,2024-11-10,0.679055
特朗普,认为恐怖,台积电,2024-10-28,0.679055
特朗普,认为恐怖,台积电,2024-11-10,0.679055
特朗普,认为恐怖,台积电,2025-02-15,0.679055
特朗普,认为恐怖,台积电,2024-11-30,0.679055
特朗普,认为恐怖,台积电,2024-11-07,0.679055
特朗普,认为恐怖,台积电,2024-11-07,0.679055
特朗普,认为恐怖,台积电,2024-11-07,0.679055
特朗普,认为恐怖,台积电,2024-11-07,0.679055
特朗普,认为恐怖,台积电,2024-11-07,0.679055
特朗普,认为恐怖,台积电,2024-10-28,0.679055
特朗普,认为恐怖,台积电,2024-10-28,0.679055
《华尔街日报》,担忧,台积电,2024-09-27,0.673337
阿里巴巴,认为违规,台积电,2024-10-19,0.673129
阿里巴巴,认为违规,台积电,2024-10-19,0.673129
阿里巴巴,认为违规,台积电,2024-10-19,0.673129
《金融时报》,认为恐怖,台积电,2024-10-22,0.672631
彭博社,损害,台积电,2024-10-24,0.671762
彭博社,损害,台积电,2024-10-24,0.671762
彭博社,损害,台积电,2024-10-24,0.671762
盖尔辛格,质疑,台积电,2024-11-06,0.671100
台积电,相信,华为,2024-10-22,0.669948
苹果公司,认可,台积电,2024-10-17,0.664954
吉娜·雷蒙多,损害,台积电,2024-11-14,0.658290
华盛顿,批评,台积电,2024-11-07,0.655791
苹果公司,批评,台积电,2024-10-17,0.655239
投资人,欢迎,台积电,2024-11-05,0.650402
台积电,质疑,华为,2024-10-22,0.647852
台积电,质疑,华为,2024-10-22,0.647852
台积电,质疑,华为,2024-11-10,0.647852
台积电,质疑,华为,2024-11-10,0.647852
台积电,质疑,华为,2024-10-21,0.647852
格尔辛格,认为有危机,台积电,2024-12-02,0.646699
路透社,质疑,台积电,2024-10-23,0.645401
路透社,质疑,台积电,2024-11-09,0.645401
路透社,质疑,台积电,2024-10-27,0.645401
路透社,质疑,台积电,2024-10-27,0.645401
路透社,质疑,台积电,2024-11-09,0.645401
路透社,质疑,台积电,2024-10-27,0.645401
路透社,质疑,台积电,2024-10-27,0.645401
路透社,质疑,台积电,2024-10-22,0.645401
路透社,质疑,台积电,2024-10-27,0.645401
路透社,质疑,台积电,2024-11-10,0.645401
路透社,质疑,台积电,2024-11-14,0.645401
路透社,质疑,台积电,2024-10-27,0.645401
路透社,质疑,台积电,2024-10-27,0.645401
路透社,质疑,台积电,2024-10-08,0.645401
路透社,质疑,台积电,2024-10-22,0.645401
罗杰·达森,认可,台积电,2024-10-14,0.643062
罗杰·达森,认可,台积电,2024-10-14,0.643062
川普,担忧,台积电,2024-10-28,0.643053
罗杰·达森,攻击,台积电,2024-10-14,0.640293
吉娜·雷蒙多,相信,台积电,2024-11-14,0.637588
盖尔辛格,认为有危机,台积电,2024-11-06,0.633784
特朗普,认可,台积电,2025-02-09,0.631967
特朗普,认可,台积电,2024-10-28,0.631967
特朗普,认可,台积电,2024-11-07,0.631967
特朗普,认可,台积电,2024-11-10,0.631967
特朗普,认可,台积电,2024-11-10,0.631967
特朗普,认可,台积电,2024-11-10,0.631967
特朗普,认可,台积电,2024-11-10,0.631967
特朗普,认可,台积电,2024-11-10,0.631967
特朗普,认可,台积电,2024-11-10,0.631967
特朗普,认可,台积电,2024-11-22,0.631967
特朗普,认可,台积电,2024-11-10,0.631967
特朗普,认可,台积电,2024-10-28,0.631967
特朗普,认可,台积电,2024-11-12,0.631967
特朗普,认可,台积电,2024-11-12,0.631967
特朗普,认可,台积电,2025-02-15,0.631967
特朗普,认可,台积电,2025-02-15,0.631967
特朗普,认可,台积电,2024-11-07,0.631967
特朗普,认可,台积电,2024-11-07,0.631967
特朗普,认可,台积电,2024-11-07,0.631967
特朗普,认可,台积电,2024-11-07,0.631967
特朗普,认可,台积电,2024-11-07,0.631967
特朗普,认可,台积电,2025-02-14,0.631967
特朗普,认可,台积电,2025-02-15,0.631967
特朗普,认可,台积电,2024-10-28,0.631967
彭博社,批评,台积电,2024-10-24,0.624936
彭博社,批评,台积电,2024-10-24,0.624936
彭博社,批评,台积电,2024-10-24,0.624936
彭博社,感到满意,台积电,2024-10-24,0.623127
彭博社,感到满意,台积电,2024-10-24,0.623127
亚利桑那州,主导,台积电,2024-12-16,0.618867
亚利桑那州,主导,台积电,2024-11-09,0.618867
亚利桑那州,主导,台积电,2024-11-18,0.618867
亚利桑那州,主导,台积电,2024-11-09,0.618867
亚利桑那州,主导,台积电,2025-01-14,0.618867
亚利桑那州,主导,台积电,2024-10-15,0.618867
台湾政府,规定,台积电,2024-11-09,0.614122
雷蒙多,担忧,台积电,2024-11-14,0.612125
特朗普,相信,台积电,2024-10-28,0.611190
特朗普,相信,台积电,2024-10-28,0.611190
特朗普,相信,台积电,2025-02-15,0.611190
黄仁勋,支持,台积电,2024-12-30,0.609889
《金融时报》,相信,台积电,2024-11-04,0.603627
《金融时报》,相信,台积电,2024-11-07,0.603627
《金融时报》,相信,台积电,2024-10-22,0.603627
苹果公司,认为可靠,台积电,2024-10-17,0.603278
英伟达,担忧,台积电,2024-09-10,0.598092
英伟达,担忧,台积电,2024-09-10,0.598092
帕特·盖尔辛格,感到不满,台积电,2024-11-06,0.595803
台湾政府,损害,台积电,2024-11-04,0.594596
台湾政府,损害,台积电,2024-11-04,0.594596
台湾政府,损害,台积电,2024-11-04,0.594596
路透社,感到满意,台积电,2024-11-10,0.590054
川普,损害,台积电,2024-10-28,0.589531
特朗普,威胁,台积电,2025-02-09,0.581851
特朗普,威胁,台积电,2024-10-28,0.581851
特朗普,威胁,台积电,2024-10-28,0.581851
特朗普,威胁,台积电,2024-11-18,0.581851
特朗普,威胁,台积电,2024-11-18,0.581851
特朗普,威胁,台积电,2024-11-18,0.581851
特朗普,威胁,台积电,2025-02-25,0.581851
特朗普,威胁,台积电,2024-11-07,0.581851
特朗普,威胁,台积电,2024-11-10,0.581851
特朗普,威胁,台积电,2024-11-10,0.581851
特朗普,威胁,台积电,2024-10-28,0.581851
特朗普,威胁,台积电,2024-11-10,0.581851
特朗普,威胁,台积电,2024-11-10,0.581851
特朗普,威胁,台积电,2024-11-10,0.581851
特朗普,威胁,台积电,2024-11-10,0.581851
特朗普,威胁,台积电,2024-10-28,0.581851
特朗普,威胁,台积电,2024-11-10,0.581851
特朗普,威胁,台积电,2024-10-28,0.581851
特朗普,威胁,台积电,2024-11-10,0.581851
特朗普,威胁,台积电,2024-11-12,0.581851
特朗普,威胁,台积电,2024-11-12,0.581851
特朗普,威胁,台积电,2024-11-30,0.581851
特朗普,威胁,台积电,2024-11-07,0.581851
特朗普,威胁,台积电,2024-11-07,0.581851
特朗普,威胁,台积电,2024-11-07,0.581851
特朗普,威胁,台积电,2024-11-07,0.581851
特朗普,威胁,台积电,2024-11-07,0.581851
特朗普,威胁,台积电,2024-10-28,0.581851
特朗普,威胁,台积电,2024-10-28,0.581851
帕特·格尔辛格,损害,台积电,2024-12-09,0.574590
魏哲家,担忧,台积电,2024-10-23,0.571576
魏哲家,担忧,台积电,2024-10-23,0.571576
魏哲家,担忧,台积电,2024-10-27,0.571576
魏哲家,担忧,台积电,2024-10-17,0.571576
谷歌,认为有成就,台积电,2024-10-19,0.571200
谷歌,认为有成就,台积电,2024-10-19,0.571200
彭博社,质疑,台积电,2024-10-24,0.562761
彭博社,质疑,台积电,2024-10-24,0.562761
彭博社,质疑,台积电,2024-10-24,0.562761
特朗普,认为有成就,台积电,2024-11-10,0.553608
盖尔辛格,认为犯罪,台积电,2024-11-06,0.546472
盖尔辛格,认为犯罪,台积电,2024-10-29,0.546472
特朗普,认为失败,台积电,2025-02-09,0.541359
特朗普,认为失败,台积电,2024-10-28,0.541359
特朗普,认为失败,台积电,2024-11-09,0.541359
特朗普,认为失败,台积电,2024-10-28,0.541359
特朗普,认为失败,台积电,2024-11-10,0.541359
特朗普,认为失败,台积电,2024-11-10,0.541359
特朗普,认为失败,台积电,2024-11-10,0.541359
特朗普,认为失败,台积电,2024-10-28,0.541359
特朗普,认为失败,台积电,2024-11-22,0.541359
特朗普,认为失败,台积电,2024-11-10,0.541359
特朗普,认为失败,台积电,2024-11-07,0.541359
特朗普,认为失败,台积电,2024-11-07,0.541359
特朗普,认为失败,台积电,2024-10-28,0.541359
《金融时报》,认为有威胁,台积电,2024-11-04,0.532700
《金融时报》,认为有威胁,台积电,2024-10-22,0.532700
《金融时报》,认为有威胁,台积电,2024-11-09,0.532700
彭博社,认为有成就,台积电,2024-10-27,0.523213
彭博社,认为有成就,台积电,2024-10-27,0.523213
彭博社,认为有成就,台积电,2024-10-24,0.523213
台积电,担忧,美国,2024-11-13,0.521179
彭博社,攻击,台积电,2024-10-24,0.518574
乔·罗根,认为恐怖,台积电,2024-10-28,0.516399
英伟达,认为违规,台积电,2024-09-10,0.514748
亚利桑那州,认为有成就,台积电,2024-10-24,0.511947
基辛格,认为恐怖,台积电,2024-10-31,0.509079
基辛格,认为恐怖,台积电,2024-12-02,0.509079
特朗普,感到满意,台积电,2025-02-15,0.509076
特朗普,感到满意,台积电,2025-02-15,0.509076
特朗普,感到满意,台积电,2025-02-14,0.509076
帕特·盖尔辛格,损害,台积电,2024-11-06,0.507693
帕特·盖尔辛格,损害,台积电,2024-10-29,0.507693
英伟达,喜欢,台积电,2024-09-10,0.506628
英伟达,喜欢,台积电,2024-09-10,0.506628
川普,认为恐怖,台积电,2024-10-28,0.504345
台积电,质疑,苹果,2024-11-25,0.502552
路透社,攻击,台积电,2024-10-27,0.501779
路透社,攻击,台积电,2024-11-14,0.501779
路透社,攻击,台积电,2024-11-14,0.501779
路透社,攻击,台积电,2024-10-27,0.501779
路透社,攻击,台积电,2024-10-27,0.501779
特朗普,感到不满,台积电,2025-02-13,0.500921
特朗普,感到不满,台积电,2024-10-28,0.500921
特朗普,感到不满,台积电,2024-10-28,0.500921
特朗普,感到不满,台积电,2025-02-13,0.500921
特朗普,感到不满,台积电,2025-02-13,0.500921
特朗普,感到不满,台积电,2024-11-10,0.500921
特朗普,感到不满,台积电,2024-11-10,0.500921
特朗普,感到不满,台积电,2024-10-28,0.500921
特朗普,感到不满,台积电,2024-11-10,0.500921
特朗普,感到不满,台积电,2024-10-28,0.500921
特朗普,感到不满,台积电,2024-11-10,0.500921
特朗普,感到不满,台积电,2024-11-30,0.500921
特朗普,感到不满,台积电,2024-11-07,0.500921
特朗普,感到不满,台积电,2024-11-07,0.500921
特朗普,感到不满,台积电,2024-11-07,0.500921
特朗普,感到不满,台积电,2024-11-07,0.500921
特朗普,感到不满,台积电,2024-11-07,0.500921
特朗普,感到不满,台积电,2024-10-28,0.500921
特朗普,感到不满,台积电,2024-10-28,0.500921
苹果公司,质疑,台积电,2024-10-17,0.500490
路透社,支持,台积电,2024-11-09,0.498153
路透社,支持,台积电,2024-10-27,0.498153
路透社,支持,台积电,2024-11-10,0.498153
路透社,支持,台积电,2024-11-14,0.498153
路透社,支持,台积电,2024-10-27,0.498153
路透社,支持,台积电,2024-10-27,0.498153
路透社,支持,台积电,2024-10-22,0.498153
吉娜·雷蒙多,认可,台积电,2024-11-14,0.496080
格尔辛格,认为犯罪,台积电,2024-12-02,0.495732
特朗普,增进,台积电,2025-02-09,0.492907
特朗普,增进,台积电,2024-11-09,0.492907
特朗普,增进,台积电,2025-02-25,0.492907
特朗普,增进,台积电,2025-02-18,0.492907
特朗普,增进,台积电,2024-11-07,0.492907
特朗普,增进,台积电,2025-02-15,0.492907
特朗普,增进,台积电,2025-02-15,0.492907
特朗普,增进,台积电,2024-11-07,0.492907
特朗普,增进,台积电,2024-11-07,0.492907
特朗普,增进,台积电,2024-11-07,0.492907
特朗普,增进,台积电,2024-11-07,0.492907
特朗普,增进,台积电,2024-11-07,0.492907
特朗普,增进,台积电,2025-02-15,0.492907
特朗普,增进,台积电,2024-10-28,0.492907
特朗普,支持,台积电,2024-10-28,0.490793
特朗普,支持,台积电,2024-11-07,0.490793
特朗普,支持,台积电,2024-11-10,0.490793
特朗普,支持,台积电,2024-11-10,0.490793
特朗普,支持,台积电,2024-11-22,0.490793
特朗普,支持,台积电,2024-11-10,0.490793
特朗普,支持,台积电,2024-10-28,0.490793
特朗普,支持,台积电,2024-11-12,0.490793
特朗普,支持,台积电,2024-11-12,0.490793
特朗普,支持,台积电,2024-11-12,0.490793
特朗普,支持,台积电,2024-11-12,0.490793
特朗普,支持,台积电,2025-02-15,0.490793
特朗普,支持,台积电,2025-02-15,0.490793
特朗普,支持,台积电,2024-11-07,0.490793
特朗普,支持,台积电,2024-11-07,0.490793
特朗普,支持,台积电,2024-11-07,0.490793
特朗普,支持,台积电,2024-11-07,0.490793
特朗普,支持,台积电,2024-11-07,0.490793
特朗普,支持,台积电,2025-02-14,0.490793
特朗普,支持,台积电,2025-02-15,0.490793
特朗普,支持,台积电,2025-02-15,0.490793
特朗普,支持,台积电,2024-10-28,0.490793
《金融时报》,威胁,台积电,2024-11-04,0.487787
《金融时报》,威胁,台积电,2024-10-22,0.487787
布拉德·林,主导,台积电,2025-01-15,0.479278
雷蒙多,认为违规,台积电,2024-11-14,0.475375
雷蒙多,认为违规,台积电,2024-11-14,0.475375
雷蒙多,认为违规,台积电,2024-11-14,0.475375
格尔辛格,认为有威胁,台积电,2024-12-02,0.474302
特朗普,认为可靠,台积电,2024-10-28,0.473327
特朗普,认为可靠,台积电,2024-11-10,0.473327
特朗普,认为可靠,台积电,2024-11-10,0.473327
特朗普,认为可靠,台积电,2024-11-10,0.473327
特朗普,认为可靠,台积电,2024-11-07,0.473327
特朗普,认为可靠,台积电,2024-11-07,0.473327
特朗普,认为可靠,台积电,2024-11-07,0.473327
特朗普,认为可靠,台积电,2024-11-07,0.473327
特朗普,认为可靠,台积电,2024-11-07,0.473327
特朗普,认为可靠,台积电,2024-10-28,0.473327
帕特·基辛格,担忧,台积电,2024-12-02,0.472372
吉娜·雷蒙多,批评,台积电,2024-11-14,0.468901
盖尔辛格,威胁,台积电,2024-11-06,0.468672
盖尔辛格,威胁,台积电,2024-10-29,0.468672
格尔辛格,威胁,台积电,2024-12-02,0.468076
英伟达,认为恐怖,台积电,2024-09-10,0.465063
英伟达,认为恐怖,台积电,2024-09-10,0.465063
盖尔辛格,认为有威胁,台积电,2024-11-06,0.461848
盖尔辛格,认为有威胁,台积电,2024-10-29,0.461848
苹果公司,认为有威胁,台积电,2024-10-17,0.461398
《金融时报》,认为可靠,台积电,2024-11-07,0.460841
《金融时报》,认为可靠,台积电,2024-10-22,0.460841
J.W. 秋,担忧,台积电,2024-11-09,0.459817
张忠谋,担忧,台积电,2024-11-29,0.447536
魏哲家,认为恐怖,台积电,2024-10-23,0.442428
台积电,欣赏,阿联酋,2024-09-21,0.441442
彭博社,支持,台积电,2024-10-24,0.440014
台积电,支持,苹果,2024-11-25,0.439134
台积电,支持,苹果,2024-12-23,0.439134
路透社,增进,台积电,2024-10-27,0.438564
路透社,增进,台积电,2025-01-10,0.438564
路透社,增进,台积电,2024-12-02,0.438564
路透社,增进,台积电,2024-11-10,0.438564
路透社,增进,台积电,2024-10-27,0.438564
路透社,增进,台积电,2024-10-27,0.438564
台积电,质疑,美国,2024-12-03,0.436446
吉娜·雷蒙多,威胁,台积电,2024-11-14,0.435765
彭博社,认为优秀,台积电,2024-10-24,0.434918
彭博社,认为优秀,台积电,2024-10-24,0.434918
彭博社,认为优秀,台积电,2024-10-24,0.434918
黄仁勋,认为优秀,台积电,2024-11-10,0.434370
黄仁勋,认为优秀,台积电,2024-09-20,0.434370
黄仁勋,认为优秀,台积电,2024-09-20,0.434370
黄仁勋,认为优秀,台积电,2024-12-29,0.434370
黄仁勋,认为优秀,台积电,2024-12-30,0.434370
黄仁勋,认为优秀,台积电,2024-09-20,0.434370
黄仁勋,认为优秀,台积电,2024-10-19,0.434370
黄仁勋,认为优秀,台积电,2024-09-20,0.434370
黄仁勋,认为优秀,台积电,2024-12-30,0.434370
黄仁勋,认为优秀,台积电,2024-10-19,0.434370
吉娜·雷蒙多,认为失败,台积电,2024-11-14,0.429572
郭建宏,担忧,台积电,2025-01-14,0.428505
吉娜·雷蒙多,认为有危机,台积电,2024-11-14,0.427170
特朗普,认为有威胁,台积电,2025-02-09,0.426341
特朗普,认为有威胁,台积电,2024-10-28,0.426341
特朗普,认为有威胁,台积电,2024-10-28,0.426341
特朗普,认为有威胁,台积电,2025-02-25,0.426341
特朗普,认为有威胁,台积电,2024-11-07,0.426341
特朗普,认为有威胁,台积电,2024-11-07,0.426341
特朗普,认为有威胁,台积电,2024-11-10,0.426341
特朗普,认为有威胁,台积电,2024-11-10,0.426341
特朗普,认为有威胁,台积电,2024-10-28,0.426341
特朗普,认为有威胁,台积电,2024-11-10,0.426341
特朗普,认为有威胁,台积电,2024-11-10,0.426341
特朗普,认为有威胁,台积电,2024-11-10,0.426341
特朗普,认为有威胁,台积电,2024-11-10,0.426341
特朗普,认为有威胁,台积电,2024-10-28,0.426341
特朗普,认为有威胁,台积电,2024-11-10,0.426341
特朗普,认为有威胁,台积电,2024-11-10,0.426341
特朗普,认为有威胁,台积电,2024-10-28,0.426341
特朗普,认为有威胁,台积电,2024-11-22,0.426341
特朗普,认为有威胁,台积电,2024-11-10,0.426341
特朗普,认为有威胁,台积电,2024-11-12,0.426341
特朗普,认为有威胁,台积电,2024-11-30,0.426341
特朗普,认为有威胁,台积电,2024-11-07,0.426341
特朗普,认为有威胁,台积电,2024-11-07,0.426341
特朗普,认为有威胁,台积电,2024-11-07,0.426341
特朗普,认为有威胁,台积电,2024-11-07,0.426341
特朗普,认为有威胁,台积电,2024-11-07,0.426341
特朗普,认为有威胁,台积电,2024-10-28,0.426341
特朗普,认为有威胁,台积电,2024-10-28,0.426341
特朗普,主导,台积电,2024-11-07,0.423999
特朗普,主导,台积电,2024-10-28,0.423999
特朗普,主导,台积电,2024-11-22,0.423999
特朗普,主导,台积电,2024-11-07,0.423999
特朗普,主导,台积电,2024-11-10,0.423999
特朗普,主导,台积电,2024-11-10,0.423999
特朗普,主导,台积电,2024-10-28,0.423999
特朗普,主导,台积电,2024-11-10,0.423999
特朗普,主导,台积电,2024-11-10,0.423999
特朗普,主导,台积电,2024-11-22,0.423999
特朗普,主导,台积电,2024-11-10,0.423999
特朗普,主导,台积电,2024-10-28,0.423999
特朗普,主导,台积电,2025-02-15,0.423999
特朗普,主导,台积电,2025-02-15,0.423999
特朗普,主导,台积电,2024-11-07,0.423999
特朗普,主导,台积电,2024-11-07,0.423999
特朗普,主导,台积电,2024-11-07,0.423999
特朗普,主导,台积电,2024-11-07,0.423999
特朗普,主导,台积电,2024-11-07,0.423999
特朗普,主导,台积电,2025-02-15,0.423999
特朗普,主导,台积电,2024-10-28,0.423999
魏哲家,感到不满,台积电,2024-10-23,0.421726
魏哲家,感到不满,台积电,2024-10-23,0.421726
基辛格,担忧,台积电,2024-12-02,0.418930
博通,认为有成就,台积电,2024-10-19,0.417827
路透社,认为犯罪,台积电,2024-10-27,0.417275
路透社,认为犯罪,台积电,2024-10-22,0.417275
路透社,认为犯罪,台积电,2024-11-06,0.417275
路透社,认为犯罪,台积电,2024-11-14,0.417275
英伟达,主导,台积电,2024-09-10,0.414834
英伟达,主导,台积电,2024-11-16,0.414834
吉娜·雷蒙多,质疑,台积电,2024-11-14,0.412656
吉娜·雷蒙多,质疑,台积电,2024-11-14,0.412656
特朗普,批评,台积电,2024-10-28,0.411615
特朗普,批评,台积电,2024-10-28,0.411615
特朗普,批评,台积电,2024-11-10,0.411615
特朗普,批评,台积电,2024-11-10,0.411615
特朗普,批评,台积电,2024-11-10,0.411615
特朗普,批评,台积电,2024-11-10,0.411615
特朗普,批评,台积电,2024-11-10,0.411615
特朗普,批评,台积电,2024-11-22,0.411615
特朗普,批评,台积电,2024-11-07,0.411615
特朗普,批评,台积电,2024-11-07,0.411615
特朗普,批评,台积电,2024-11-10,0.411615
特朗普,批评,台积电,2024-11-10,0.411615
特朗普,批评,台积电,2024-11-10,0.411615
特朗普,批评,台积电,2024-11-10,0.411615
特朗普,批评,台积电,2024-11-10,0.411615
特朗普,批评,台积电,2024-11-10,0.411615
特朗普,批评,台积电,2024-11-10,0.411615
特朗普,批评,台积电,2024-11-10,0.411615
特朗普,批评,台积电,2024-11-10,0.411615
特朗普,批评,台积电,2024-11-10,0.411615
特朗普,批评,台积电,2024-11-10,0.411615
特朗普,批评,台积电,2024-11-22,0.411615
特朗普,批评,台积电,2024-11-10,0.411615
特朗普,批评,台积电,2024-11-10,0.411615
特朗普,批评,台积电,2024-11-10,0.411615
特朗普,批评,台积电,2024-10-28,0.411615
特朗普,批评,台积电,2024-11-12,0.411615
特朗普,批评,台积电,2025-02-15,0.411615
特朗普,批评,台积电,2025-02-15,0.411615
特朗普,批评,台积电,2024-11-07,0.411615
特朗普,批评,台积电,2024-11-07,0.411615
特朗普,批评,台积电,2024-11-07,0.411615
特朗普,批评,台积电,2024-11-05,0.411615
特朗普,批评,台积电,2024-11-05,0.411615
特朗普,批评,台积电,2024-11-05,0.411615
特朗普,批评,台积电,2024-11-05,0.411615
特朗普,批评,台积电,2024-11-05,0.411615
特朗普,批评,台积电,2024-11-05,0.411615
特朗普,批评,台积电,2024-11-10,0.411615
特朗普,批评,台积电,2024-10-28,0.411615
《华尔街日报》,相信,台积电,2024-09-27,0.407601
路透社,认为有成就,台积电,2024-10-27,0.406372
路透社,认为有成就,台积电,2025-01-10,0.406372
路透社,认为有成就,台积电,2024-10-27,0.406372
英伟达,感到不满,台积电,2024-09-10,0.401493
乔·罗根,威胁,台积电,2024-10-28,0.399777
乔·罗根,威胁,台积电,2024-10-28,0.399777
布拉德·林,质疑,台积电,2025-01-15,0.395058
台积电,攻击,苹果,2024-11-22,0.389550
《金融时报》,欣赏,台积电,2024-11-04,0.387926
《金融时报》,欣赏,台积电,2024-10-22,0.387926
博通,增进,台积电,2024-10-06,0.381489
朱凤莲,担忧,台积电,2025-02-25,0.375653
特朗普,认为优秀,台积电,2025-02-09,0.370489
特朗普,认为优秀,台积电,2025-01-13,0.370489
特朗普,认为优秀,台积电,2024-10-28,0.370489
特朗普,认为优秀,台积电,2024-11-07,0.370489
特朗普,认为优秀,台积电,2024-11-10,0.370489
特朗普,认为优秀,台积电,2024-11-10,0.370489
特朗普,认为优秀,台积电,2024-11-10,0.370489
特朗普,认为优秀,台积电,2024-11-10,0.370489
特朗普,认为优秀,台积电,2024-11-10,0.370489
特朗普,认为优秀,台积电,2024-11-10,0.370489
特朗普,认为优秀,台积电,2024-11-10,0.370489
特朗普,认为优秀,台积电,2024-11-10,0.370489
特朗普,认为优秀,台积电,2024-11-10,0.370489
特朗普,认为优秀,台积电,2024-11-10,0.370489
特朗普,认为优秀,台积电,2025-02-15,0.370489
特朗普,认为优秀,台积电,2024-11-07,0.370489
特朗普,认为优秀,台积电,2025-02-15,0.370489
特朗普,认为优秀,台积电,2024-10-28,0.370489
迪士尼,认为非法,台积电,2024-10-23,0.369679
拜登政府,损害,台积电,2024-11-07,0.368113
拜登政府,损害,台积电,2024-11-07,0.368113
拜登政府,损害,台积电,2024-11-07,0.368113
拜登政府,损害,台积电,2024-11-07,0.368113
特朗普,认为犯罪,台积电,2024-10-28,0.368087
特朗普,认为犯罪,台积电,2024-11-22,0.368087
特朗普,认为犯罪,台积电,2024-11-07,0.368087
特朗普,认为犯罪,台积电,2024-11-07,0.368087
特朗普,认为犯罪,台积电,2024-11-10,0.368087
特朗普,认为犯罪,台积电,2024-10-18,0.368087
特朗普,认为犯罪,台积电,2024-12-23,0.368087
特朗普,认为犯罪,台积电,2024-10-18,0.368087
特朗普,认为犯罪,台积电,2024-11-22,0.368087
特朗普,认为犯罪,台积电,2024-11-30,0.368087
特朗普,认为犯罪,台积电,2024-11-07,0.368087
特朗普,认为犯罪,台积电,2024-10-28,0.368087
特朗普,认为犯罪,台积电,2024-10-28,0.368087
特朗普,攻击,台积电,2025-02-09,0.366360
特朗普,攻击,台积电,2024-10-28,0.366360
特朗普,攻击,台积电,2025-02-25,0.366360
特朗普,攻击,台积电,2024-11-10,0.366360
特朗普,攻击,台积电,2024-10-28,0.366360
特朗普,攻击,台积电,2024-10-28,0.366360
特朗普,攻击,台积电,2024-10-28,0.366360
特朗普,攻击,台积电,2024-11-12,0.366360
特朗普,攻击,台积电,2024-11-07,0.366360
特朗普,攻击,台积电,2024-11-07,0.366360
特朗普,攻击,台积电,2024-11-07,0.366360
特朗普,攻击,台积电,2024-11-07,0.366360
特朗普,攻击,台积电,2024-11-07,0.366360
特朗普,攻击,台积电,2024-10-28,0.366360
特朗普,攻击,台积电,2024-10-28,0.366360
吉娜·雷蒙多,认为可靠,台积电,2024-11-14,0.366214
吉娜·雷蒙多,认为可靠,台积电,2024-11-14,0.366214
《金融时报》,损害,台积电,2024-11-04,0.361804
《金融时报》,损害,台积电,2024-10-22,0.361804
特朗普,认为有危机,台积电,2025-02-09,0.361200
特朗普,认为有危机,台积电,2024-10-28,0.361200
特朗普,认为有危机,台积电,2024-10-28,0.361200
特朗普,认为有危机,台积电,2024-11-10,0.361200
特朗普,认为有危机,台积电,2024-11-10,0.361200
特朗普,认为有危机,台积电,2024-10-28,0.361200
特朗普,认为有危机,台积电,2024-11-10,0.361200
特朗普,认为有危机,台积电,2024-10-28,0.361200
特朗普,认为有危机,台积电,2024-11-10,0.361200
特朗普,认为有危机,台积电,2024-10-28,0.361200
张忠谋,感到不满,台积电,2024-11-29,0.359619
台湾政府,支持,台积电,2024-09-22,0.358256
英伟达,损害,台积电,2024-11-29,0.356065
英伟达,损害,台积电,2025-01-16,0.356065
英伟达,损害,台积电,2024-09-10,0.356065
英伟达,损害,台积电,2024-09-10,0.356065
半导体,担忧,台积电,2024-11-11,0.355429
台积电,认为有威胁,特朗普,2024-11-08,0.355268
台积电,批评,华为,2024-10-22,0.347533
川普,威胁,台积电,2024-10-28,0.345181
格尔辛格,攻击,台积电,2024-12-02,0.339617
特朗普,质疑,台积电,2024-10-28,0.335743
特朗普,质疑,台积电,2024-10-28,0.335743
特朗普,质疑,台积电,2024-11-10,0.335743
特朗普,质疑,台积电,2024-11-10,0.335743
特朗普,质疑,台积电,2024-11-22,0.335743
特朗普,质疑,台积电,2024-11-14,0.335743
特朗普,质疑,台积电,2024-11-07,0.335743
特朗普,质疑,台积电,2024-11-07,0.335743
特朗普,质疑,台积电,2024-11-10,0.335743
特朗普,质疑,台积电,2024-11-10,0.335743
特朗普,质疑,台积电,2024-11-10,0.335743
特朗普,质疑,台积电,2024-11-24,0.335743
特朗普,质疑,台积电,2024-11-24,0.335743
特朗普,质疑,台积电,2024-11-10,0.335743
特朗普,质疑,台积电,2024-11-10,0.335743
特朗普,质疑,台积电,2024-11-10,0.335743
特朗普,质疑,台积电,2024-11-10,0.335743
特朗普,质疑,台积电,2024-11-10,0.335743
特朗普,质疑,台积电,2024-11-10,0.335743
特朗普,质疑,台积电,2024-11-10,0.335743
特朗普,质疑,台积电,2024-11-10,0.335743
特朗普,质疑,台积电,2024-11-22,0.335743
特朗普,质疑,台积电,2024-11-10,0.335743
特朗普,质疑,台积电,2024-11-10,0.335743
特朗普,质疑,台积电,2024-11-10,0.335743
特朗普,质疑,台积电,2024-11-10,0.335743
特朗普,质疑,台积电,2024-10-28,0.335743
特朗普,质疑,台积电,2024-11-12,0.335743
特朗普,质疑,台积电,2024-11-12,0.335743
特朗普,质疑,台积电,2025-02-15,0.335743
特朗普,质疑,台积电,2025-02-15,0.335743
特朗普,质疑,台积电,2024-11-30,0.335743
特朗普,质疑,台积电,2024-11-05,0.335743
特朗普,质疑,台积电,2024-11-05,0.335743
特朗普,质疑,台积电,2024-11-07,0.335743
特朗普,质疑,台积电,2024-11-07,0.335743
特朗普,质疑,台积电,2024-11-07,0.335743
特朗普,质疑,台积电,2024-11-07,0.335743
特朗普,质疑,台积电,2024-11-07,0.335743
特朗普,质疑,台积电,2024-11-05,0.335743
特朗普,质疑,台积电,2024-11-05,0.335743
特朗普,质疑,台积电,2024-11-05,0.335743
特朗普,质疑,台积电,2024-11-05,0.335743
特朗普,质疑,台积电,2024-11-05,0.335743
特朗普,质疑,台积电,2024-11-10,0.335743
特朗普,质疑,台积电,2024-10-28,0.335743
张忠谋,认为恐怖,台积电,2024-11-29,0.333931
腾讯,认为违规,台积电,2024-10-19,0.333041
腾讯,认为违规,台积电,2024-10-19,0.333041
腾讯,认为违规,台积电,2024-10-19,0.333041
乔·罗根,认为有危机,台积电,2024-10-28,0.327457
吉娜·雷蒙多,认为有威胁,台积电,2024-11-14,0.326045
吉娜·雷蒙多,认为有威胁,台积电,2024-11-14,0.326045
雷蒙多,感到不满,台积电,2024-11-14,0.322053
英伟达,欣赏,台积电,2024-09-10,0.313828
英伟达,欣赏,台积电,2024-09-10,0.313828
《金融时报》,认可,台积电,2024-11-04,0.312469
《金融时报》,认可,台积电,2024-10-22,0.312469
帕特·盖尔辛格,质疑,台积电,2024-11-06,0.311856
雷蒙多,认为恐怖,台积电,2024-11-14,0.308437
马继华,担忧,台积电,2024-11-10,0.307810
马继华,担忧,台积电,2024-11-10,0.307810
马继华,担忧,台积电,2024-11-10,0.307810
马继华,担忧,台积电,2024-11-10,0.307810
马继华,担忧,台积电,2024-11-10,0.307810
马继华,担忧,台积电,2024-11-10,0.307810
马继华,担忧,台积电,2024-11-10,0.307810
马继华,担忧,台积电,2024-11-10,0.307810
《金融时报》,质疑,台积电,2024-11-04,0.304760
《金融时报》,质疑,台积电,2024-11-07,0.304760
《金融时报》,质疑,台积电,2024-11-07,0.304760
《金融时报》,质疑,台积电,2024-10-22,0.304760
《金融时报》,质疑,台积电,2024-11-09,0.304760
盖尔辛格,攻击,台积电,2024-10-29,0.298460
雷蒙多,损害,台积电,2024-11-14,0.297533
《华尔街日报》,质疑,台积电,2024-09-27,0.296337
帕特·盖尔辛格,主导,台积电,2024-12-02,0.295753
韩国,感到不满,台积电,2024-12-02,0.295168
路透社,认为优秀,台积电,2024-10-23,0.294211
路透社,认为优秀,台积电,2024-10-27,0.294211
路透社,认为优秀,台积电,2024-10-27,0.294211
路透社,认为优秀,台积电,2024-10-27,0.294211
路透社,认为优秀,台积电,2024-10-27,0.294211
路透社,认为优秀,台积电,2024-10-22,0.294211
路透社,认为优秀,台积电,2025-01-10,0.294211
路透社,认为优秀,台积电,2025-01-10,0.294211
路透社,认为优秀,台积电,2024-11-10,0.294211
路透社,认为优秀,台积电,2024-11-14,0.294211
路透社,认为优秀,台积电,2024-10-27,0.294211
路透社,认为优秀,台积电,2025-01-10,0.294211
路透社,认为优秀,台积电,2024-10-08,0.294211
路透社,认为优秀,台积电,2024-10-22,0.294211
英伟达,认为失败,台积电,2024-09-10,0.286281
英伟达,认为失败,台积电,2024-09-10,0.286281
帕特·基辛格,威胁,台积电,2024-12-02,0.282493
川普,感到不满,台积电,2024-10-28,0.281663
英伟达,相信,台积电,2024-09-10,0.277513
魏哲家,相信,台积电,2024-10-23,0.271486
魏哲家,相信,台积电,2024-10-27,0.271486
吉娜·雷蒙多,认为犯罪,台积电,2024-11-14,0.269668
英伟达,认可,台积电,2024-09-10,0.268139
英伟达,认可,台积电,2024-09-10,0.268139
苹果公司,认为优秀,台积电,2024-10-17,0.265630
《金融时报》,攻击,台积电,2024-10-22,0.264471
帕特·盖尔辛格,认为有危机,台积电,2024-11-06,0.263998
路透社,认为有暴力,台积电,2024-10-27,0.262331
路透社,认为有暴力,台积电,2024-10-27,0.262331
路透社,认为有暴力,台积电,2024-10-22,0.262331
黄仁勋,认为有暴力,台积电,2024-09-20,0.262179
黄仁勋,认为有暴力,台积电,2024-12-30,0.262179
黄仁勋,认为有暴力,台积电,2024-09-20,0.262179
黄仁勋,认为有暴力,台积电,2024-12-30,0.262179
Joe Rogan,认为恐怖,台积电,2024-10-28,0.261906
台积电,批评,苹果,2024-11-25,0.260436
雷蒙多,相信,台积电,2024-11-14,0.257082
德意志银行,担忧,台积电,2025-01-16,0.248849
英伟达,认为有危机,台积电,2024-09-10,0.246743
英伟达,认为有危机,台积电,2024-09-10,0.246743
习近平,威胁,台积电,2024-11-29,0.246653
台积电,威胁,美国,2024-11-04,0.245967
台积电,质疑,英伟达,2024-11-25,0.245880
川普,认为有危机,台积电,2024-10-28,0.242367
CNBC,担忧,台积电,2024-12-16,0.241326
台积电,认可,苹果,2024-11-25,0.240342
半导体,主导,台积电,2024-11-11,0.240212
英伟达,认为可靠,台积电,2024-09-10,0.239968
英伟达,认为可靠,台积电,2024-09-10,0.239968
魏哲家,认为热情,台积电,2024-11-07,0.239828
魏哲家,认为热情,台积电,2024-11-07,0.239828
魏哲家,认为热情,台积电,2024-11-07,0.239828
魏哲家,认为热情,台积电,2024-11-07,0.239828
郭建宏,认为恐怖,台积电,2025-01-14,0.239764
Jim·塞默,担忧,台积电,2024-11-03,0.239193
Joe Rogan,担忧,台积电,2024-10-28,0.238740
苹果公司,支持,台积电,2024-10-20,0.237504
苹果公司,支持,台积电,2024-10-20,0.237504
苹果公司,支持,台积电,2024-10-20,0.237504
苹果公司,支持,台积电,2024-10-20,0.237504
苹果公司,支持,台积电,2024-10-17,0.237504
苹果公司,支持,台积电,2024-10-20,0.237504
苹果公司,支持,台积电,2024-10-20,0.237504
半导体,认为违规,台积电,2024-11-11,0.233140
吉恩·蒙斯特,担忧,台积电,2024-10-22,0.231866
台积电,认为有威胁,美国,2024-10-30,0.231419
台积电,认为有威胁,美国,2024-11-04,0.231419
乔·罗根,认为有威胁,台积电,2024-10-28,0.231280
乔·罗根,认为有威胁,台积电,2024-10-28,0.231280
台积电,损害,英特尔,2024-12-03,0.228065
台积电,损害,英特尔,2024-12-03,0.228065
台积电,损害,英特尔,2024-12-03,0.228065
台积电,损害,英特尔,2024-12-03,0.228065
台积电,损害,中国企业,2024-10-23,0.225402
台湾政府,认为有成就,台积电,2025-02-23,0.224640
基辛格,威胁,台积电,2024-12-02,0.223705
台积电,损害,Intel,2024-12-03,0.223543
马吉华,担忧,台积电,2024-11-10,0.223329
马吉华,担忧,台积电,2024-11-10,0.223329
马吉华,担忧,台积电,2024-11-10,0.223329
英伟达,批评,台积电,2024-09-10,0.219175
英伟达,批评,台积电,2024-09-10,0.219175
川普,认为有威胁,台积电,2024-10-28,0.218949
川普,认为失败,台积电,2024-10-28,0.218028
C.C. Wei,担忧,台积电,2024-10-23,0.217245
C.C. Wei,担忧,台积电,2024-10-23,0.217245
C.C. Wei,担忧,台积电,2024-10-31,0.217245
乔·拜登,认可,台积电,2024-11-17,0.214310
川普,质疑,台积电,2024-10-28,0.213058
巴伦周刊,担忧,台积电,2024-10-23,0.212343
《金融时报》,批评,台积电,2024-11-07,0.210661
《金融时报》,批评,台积电,2024-11-07,0.210661
《金融时报》,批评,台积电,2024-10-22,0.210661
《金融时报》,批评,台积电,2024-11-09,0.210661
马继华,感到不满,台积电,2024-11-10,0.209297
乔·拜登,认为可靠,台积电,2024-11-17,0.208161
帕特·格尔辛格,认为有威胁,台积电,2024-12-09,0.207471
帕特·格尔辛格,威胁,台积电,2024-12-09,0.206313
吴成文,担忧,台积电,2024-11-28,0.204797
投资者,喜欢,台积电,2024-09-24,0.202368
投资者,喜欢,台积电,2024-09-24,0.202368
投资者,喜欢,台积电,2024-11-29,0.202368
投资者,喜欢,台积电,2024-09-24,0.202368
魏哲家,欣赏,台积电,2024-10-27,0.199447
川普,批评,台积电,2024-10-28,0.198791
帕特·基辛格,认为有危机,台积电,2024-12-02,0.197348
雷蒙多,认可,台积电,2024-11-14,0.194657
川普,攻击,台积电,2024-10-28,0.193587
特朗普,认为缺乏,台积电,2024-10-28,0.192067
乔·拜登,支持,台积电,2024-11-17,0.191662
散户投资者,喜欢,台积电,2024-12-30,0.190414
吉娜·雷蒙多,认为有成就,台积电,2025-01-10,0.189678
雷蒙多,认为失败,台积电,2024-11-14,0.188315
帕特·盖尔辛格,认为犯罪,台积电,2024-11-06,0.187774
帕特·盖尔辛格,认为犯罪,台积电,2024-10-29,0.187774
英伟达,认为热情,台积电,2024-09-10,0.185861
摩根士丹利,担忧,台积电,2024-10-02,0.184916
摩根士丹利,担忧,台积电,2024-10-02,0.184916
摩根士丹利,担忧,台积电,2024-10-02,0.184916
摩根士丹利,担忧,台积电,2024-10-02,0.184916
摩根士丹利,担忧,台积电,2024-10-02,0.184916
摩根士丹利,担忧,台积电,2024-10-02,0.184916
摩根士丹利,担忧,台积电,2024-12-29,0.184916
摩根士丹利,担忧,台积电,2024-10-22,0.184916
程庭芳,认为有威胁,台积电,2024-11-13,0.183408
魏哲家,认为有危机,台积电,2024-10-23,0.182746
魏哲家,认为有危机,台积电,2024-12-28,0.182746
魏哲家,认为有危机,台积电,2024-12-28,0.182746
CNBC,认为有危机,台积电,2024-12-16,0.182028
雷蒙多,认为可靠,台积电,2024-11-14,0.181231
投资者,担忧,台积电,2024-09-24,0.180725
投资者,担忧,台积电,2024-11-29,0.180725
英伟达,认为有威胁,台积电,2024-09-10,0.179884
亚利桑那州,主导,苹果,2024-10-15,0.179450
魏哲家,质疑,台积电,2024-10-23,0.179101
魏哲家,质疑,台积电,2024-10-23,0.179101
魏哲家,质疑,台积电,2024-10-23,0.179101
魏哲家,质疑,台积电,2024-10-27,0.179101
魏哲家,质疑,台积电,2024-10-17,0.179101
英伟达,质疑,台积电,2024-09-10,0.179080
英伟达,质疑,台积电,2024-09-10,0.179080
摩根士丹利,认为恐怖,台积电,2024-10-22,0.178633
郭建宏,主导,台积电,2025-01-14,0.177501
台积电,欣赏,苹果,2024-11-25,0.175259
英伟达,感到满意,台积电,2024-09-10,0.174905
英伟达,感到满意,台积电,2024-09-10,0.174905
彭博社,认为有暴力,台积电,2024-10-24,0.174612
特朗普,认为有暴力,台积电,2024-10-28,0.174525
特朗普,认为有暴力,台积电,2024-10-28,0.174525
特朗普,认为有暴力,台积电,2024-11-10,0.174525
特朗普,认为有暴力,台积电,2024-10-28,0.174525
特朗普,认为有暴力,台积电,2024-10-28,0.174525
特朗普,认为有暴力,台积电,2024-11-10,0.174525
特朗普,认为有暴力,台积电,2024-10-28,0.174525
特朗普,认为有暴力,台积电,2025-02-15,0.174525
特朗普,认为有暴力,台积电,2024-11-30,0.174525
特朗普,认为有暴力,台积电,2024-11-07,0.174525
特朗普,认为有暴力,台积电,2024-11-07,0.174525
特朗普,认为有暴力,台积电,2024-11-07,0.174525
特朗普,认为有暴力,台积电,2024-11-07,0.174525
特朗普,认为有暴力,台积电,2024-11-07,0.174525
特朗普,认为有暴力,台积电,2024-10-28,0.174525
特朗普,认为有暴力,台积电,2024-10-28,0.174525
半导体,损害,台积电,2025-02-09,0.172974
台积电,认为犯罪,拜登,2024-11-16,0.171580
帕特·盖尔辛格,认为可靠,台积电,2024-11-06,0.171394
北京,认为可靠,台湾,2025-02-19,0.171032
英伟达,威胁,台积电,2024-09-10,0.168935
马继华,认为恐怖,台积电,2024-11-10,0.168804
雷蒙多,质疑,台积电,2024-11-14,0.168528
雷蒙多,质疑,台积电,2024-11-14,0.168528
帕特·盖尔辛格,认为有威胁,台积电,2024-11-06,0.167731
帕特·盖尔辛格,认为有威胁,台积电,2024-10-29,0.167731
格尔辛格尔,损害,台积电,2024-12-09,0.167533
半导体,感到不满,台积电,2024-11-11,0.166472
罗杰·达森,认为优秀,台积电,2024-10-14,0.165486
《巴伦周刊》,质疑,台积电,2024-10-22,0.165319
《金融时报》,支持,台积电,2024-10-22,0.164847
台积电,损害,客户,2024-11-07,0.163459
张忠谋,相信,台积电,2024-10-27,0.163186
台积电,认为可靠,苹果,2024-11-25,0.162032
台积电,相信,台积电,2024-11-07,0.161503
Joe Rogan,主导,台积电,2024-10-28,0.157855
台积电,攻击,盖尔辛格,2024-12-02,0.156381
习近平,认为有威胁,台积电,2024-11-29,0.156204
帕特·基辛格,认为有威胁,台积电,2024-12-02,0.154313
乔·拜登,质疑,台积电,2024-11-17,0.153986
郭建汇,质疑,台积电,2025-02-26,0.153395
雷蒙多,威胁,台积电,2024-11-14,0.151603
帕特·盖尔辛格,威胁,台积电,2024-11-06,0.149777
帕特·盖尔辛格,威胁,台积电,2024-10-29,0.149777
J.W. 秋,质疑,台积电,2024-11-09,0.149521
雷蒙多,认为有危机,台积电,2024-11-14,0.148605
台积电,主导,美国,2024-11-09,0.145985
台积电,主导,美国,2024-11-09,0.145985
马吉华,认为恐怖,台积电,2024-11-10,0.144348
马吉华,认为恐怖,台积电,2024-11-10,0.144348
马继华,认为违规,台积电,2024-11-10,0.144023
马继华,认为违规,台积电,2024-11-10,0.144023
马继华,认为违规,台积电,2024-11-10,0.144023
台积电,喜欢,苹果,2024-11-25,0.142916
台积电,喜欢,苹果,2024-11-26,0.142916
乔·罗根,攻击,台积电,2024-10-28,0.140817
乔·罗根,攻击,台积电,2024-10-28,0.140817
张忠谋,主导,台积电,2024-10-27,0.138723
张忠谋,主导,台积电,2024-10-27,0.138723
张忠谋,主导,台积电,2024-12-16,0.138723
张忠谋,主导,台积电,2024-12-24,0.138723
帕特·格尔辛格,攻击,台积电,2024-12-09,0.137856
吴成文,感到不满,台积电,2024-11-28,0.136629
基辛格,认为有危机,台积电,2024-12-02,0.135862
基辛格,认为有威胁,台积电,2024-12-02,0.135056
半导体,欣赏,台积电,2024-11-11,0.134771
陈其迈,主导,台积电,2024-11-25,0.134143
张忠谋,认为有危机,台积电,2024-11-29,0.131485
CNBC,认为违规,台积电,2024-12-16,0.130860
亚利桑那州,支持,台积电,2024-11-14,0.130036
英特尔,认为恐怖,台积电,2024-11-29,0.129188
台积电,认为可靠,美国,2024-11-04,0.126957
魏哲家,认为失败,台积电,2024-10-18,0.126485
魏哲家,认为失败,台积电,2024-10-18,0.126485
魏哲家,认为失败,台积电,2024-10-18,0.126485
Phelix Lee,担忧,台积电,2024-11-11,0.126009
Phelix Lee,担忧,台积电,2024-11-11,0.126009
英伟达,认为有成就,台积电,2024-09-10,0.125641
英伟达,认为有成就,台积电,2024-09-10,0.125641
百度,感到不满,台积电,2024-11-07,0.125583
雷蒙多,批评,台积电,2024-11-14,0.124079
魏哲家,认为可靠,台积电,2024-10-23,0.120520
魏哲家,认为可靠,台积电,2024-10-27,0.120520
魏哲家,认为可靠,台积电,2024-11-17,0.120520
台积电,认为有危机,美国,2024-11-04,0.120023
半导体,相信,台积电,2024-11-11,0.116903
彭博,估值下降,台积电,2024-08-08,0.115267
雷蒙多,认为有威胁,台积电,2024-11-14,0.114956
雷蒙多,认为有威胁,台积电,2024-11-14,0.114956
吉恩·蒙斯特,认为违规,台积电,2024-10-22,0.113791
投资者,感到不满,台积电,2024-09-24,0.113269
投资者,感到不满,台积电,2024-11-29,0.113269
Joe Rogan,认为有危机,台积电,2024-10-28,0.111986
百度,主导,台积电,2024-11-07,0.110370
Joe Rogan,认为违规,台积电,2024-10-28,0.109825
Joe Rogan,感到不满,台积电,2024-10-28,0.109401
投资者,认为恐怖,台积电,2024-09-24,0.107731
投资者,认为恐怖,台积电,2024-11-29,0.107731
基辛格,认为可靠,台积电,2024-10-31,0.107584
魏哲家,认可,台积电,2024-10-23,0.105154
魏哲家,认可,台积电,2024-10-23,0.105154
魏哲家,认可,台积电,2024-10-23,0.105154
魏哲家,认可,台积电,2024-10-27,0.105154
魏哲家,认可,台积电,2024-10-17,0.105154
台积电,增进,美国,2025-02-13,0.104979
台积电,增进,美国,2025-02-13,0.104979
台积电,增进,美国,2025-02-13,0.104979
台积电,增进,美国,2024-10-15,0.104979
台积电,增进,美国,2025-02-14,0.104979
彭博,指数表现,台积电,2024-08-08,0.103037
中国人工智能公司,认为违规,台积电,2024-10-19,0.101988
中国人工智能公司,认为违规,台积电,2024-10-19,0.101988
郭建宏,质疑,台积电,2025-01-14,0.101386
郭建宏,认为有危机,台积电,2025-01-14,0.100565
《经济日报》,主导,台积电,2024-11-10,0.098836
台积电,支持,英伟达,2024-10-23,0.098224
台积电,支持,英伟达,2024-10-23,0.098224
台积电,支持,英伟达,2024-09-05,0.098224
台积电,支持,英伟达,2024-10-23,0.098224
台积电,支持,英伟达,2024-10-23,0.098224
台积电,支持,英伟达,2024-12-27,0.098224
台积电,支持,英伟达,2024-12-26,0.098224
帕特·盖尔辛格,攻击,台积电,2024-11-06,0.098050
帕特·盖尔辛格,攻击,台积电,2024-10-29,0.098050
巴伦周刊,相信,台积电,2024-10-23,0.097913
台积电,视作英雄,特朗普,2024-11-07,0.097409
台积电,视作英雄,特朗普,2024-11-14,0.097409
台积电,视作英雄,特朗普,2024-11-12,0.097409
基辛格,攻击,台积电,2024-12-02,0.096326
台湾官员,预计影响,台积电,2025-01-10,0.094939
花旗集团,认为违规,台积电,2024-08-28,0.094310
吴成文,相信,台积电,2024-11-28,0.094005
半导体,质疑,台积电,2024-11-11,0.093385
半导体,认为失败,台积电,2024-11-11,0.093084
摩根士丹利,重新列为首选股,台积电,2024-08-08,0.093015
台积电,担忧,英特尔,2024-12-03,0.091905
CNBC,相信,台积电,2024-12-16,0.091201
摩根士丹利,主导,台积电,2024-10-22,0.089076
英伟达,认为优秀,台积电,2024-09-10,0.088858
英伟达,认为优秀,台积电,2024-09-10,0.088858
英伟达,认为优秀,台积电,2024-11-16,0.088858
英伟达,认为优秀,台积电,2024-11-16,0.088858
彭博新闻社,担忧,台积电,2025-02-18,0.087663
《金融时报》,增进,台积电,2024-11-04,0.087417
Phelix Lee,认为恐怖,台积电,2024-11-11,0.087083
半导体,威胁,台积电,2025-02-09,0.086108
半导体,威胁,台积电,2024-11-11,0.086108
台积电,建设工厂,亚利桑那州,2024-11-15,0.086049
半导体,认可,台积电,2024-11-11,0.084735
台积电,生产芯片,亚利桑那州,2024-11-15,0.083801
吉娜·雷蒙多,支持,台积电,2024-11-14,0.083561
摩根,担忧,台积电,2024-10-06,0.082696
摩根士丹利,相信,台积电,2024-10-12,0.080744
吉娜·雷蒙多,认为优秀,台积电,2024-11-14,0.080226
英伟达,攻击,台积电,2025-01-16,0.080078
英伟达,攻击,台积电,2024-11-10,0.080078
魏哲家,批评,台积电,2024-10-23,0.080062
魏哲家,批评,台积电,2024-10-17,0.080062
马继华,认为有危机,台积电,2024-11-10,0.078743
台积电,认为优秀,华为,2024-10-22,0.078603
台积电,认为优秀,华为,2024-10-22,0.078603
基辛格,认可,台积电,2024-10-31,0.078370
腾讯,认为有威胁,台积电,2024-10-19,0.078084
郭建宏,认可,台积电,2025-01-14,0.076587
花旗集团,担忧,台积电,2024-08-28,0.075421
Joe Rogan,认为有威胁,台积电,2024-10-28,0.074057
半导体,认为有威胁,台积电,2025-02-09,0.073558
台积电,认为优秀,苹果,2024-11-25,0.073538
台积电,认为优秀,苹果,2024-11-26,0.073538
台积电,认为优秀,苹果,2024-11-26,0.073538
台积电,认为优秀,苹果,2025-02-03,0.073538
《经济日报》,认为恐怖,台积电,2024-11-10,0.073238
微软公司（MSFT）,主导,台积电,2024-11-03,0.072435
《金融时报》,认为优秀,台积电,2024-11-04,0.072281
《金融时报》,认为优秀,台积电,2024-11-04,0.072281
《金融时报》,认为优秀,台积电,2024-11-04,0.072281
《金融时报》,认为优秀,台积电,2024-10-22,0.072281
半导体,批评,台积电,2024-11-11,0.071345
日本,认为可靠,台湾,2025-02-13,0.071194
《巴伦周刊》,批评,台积电,2024-10-22,0.070993
麦肯锡&公司,损害,台积电,2024-10-31,0.069839
CNBC,质疑,台积电,2024-12-16,0.069697
半导体,认为可靠,台积电,2024-11-11,0.069440
投资者,损害,台积电,2024-11-29,0.069256
白宫,提供资金,台积电,2024-11-14,0.068691
拜登政府,认可,台积电,2024-11-20,0.068112
台积电,认为非法,台积电,2024-10-22,0.067746
马吉华,质疑,台积电,2024-11-10,0.067684
马吉华,质疑,台积电,2024-11-10,0.067684
马吉华,质疑,台积电,2024-11-10,0.067684
乔·拜登,认为优秀,台积电,2024-11-17,0.067568
吴成文,质疑,台积电,2024-11-28,0.066882
德意志银行,质疑,台积电,2025-01-16,0.066787
郭建宏,认为可靠,台积电,2025-01-14,0.066775
拜登政府,发放补贴,台积电,2024-11-07,0.066696
罗伯特·桑德斯,担忧,台积电,2025-01-16,0.066676
雷蒙多,攻击,台积电,2024-11-14,0.066666
Joe Rogan,质疑,台积电,2024-10-28,0.066395
彼得·温宁克,批评,台积电,2024-11-10,0.065358
马继华,质疑,台积电,2024-11-10,0.065084
马继华,质疑,台积电,2024-11-10,0.065084
马继华,质疑,台积电,2024-11-10,0.065084
马继华,质疑,台积电,2024-11-10,0.065084
马继华,质疑,台积电,2024-11-10,0.065084
马继华,质疑,台积电,2024-11-10,0.065084
马继华,质疑,台积电,2024-11-10,0.065084
马继华,质疑,台积电,2024-11-10,0.065084
雷蒙多,认为有成就,台积电,2025-01-10,0.065077
雷蒙多,认为有成就,台积电,2024-11-14,0.065077
郭建宏,认为有威胁,台积电,2025-01-14,0.064221
Joe Rogan,威胁,台积电,2024-10-28,0.062680
花旗集团,认为恐怖,台积电,2024-08-28,0.061047
台积电,攻击,英特尔,2024-12-03,0.060567
台积电,攻击,英特尔,2024-12-03,0.060567
台积电,攻击,英特尔,2024-12-03,0.060567
台积电,攻击,英特尔,2024-12-03,0.060567
英伟达,增进,台积电,2024-11-29,0.060425
英伟达,增进,台积电,2024-10-14,0.060425
英伟达,增进,台积电,2024-09-10,0.060425
英伟达,增进,台积电,2024-09-10,0.060425
英伟达,增进,台积电,2024-10-06,0.060425
英伟达,认为缺乏,台积电,2024-09-10,0.059699
英伟达,认为缺乏,台积电,2024-09-10,0.059699
投资者,认为有危机,台积电,2024-11-29,0.059481
摩根士丹利,认为有危机,台积电,2024-11-11,0.059461
石破茂,主导,台积电,2024-11-12,0.059024
投资者,欣赏,台积电,2024-09-24,0.057873
投资者,欣赏,台积电,2024-09-24,0.057873
投资者,欣赏,台积电,2024-11-29,0.057873
C.C. Wei,认为热情,台积电,2024-11-07,0.057679
英特尔,感到不满,台积电,2024-11-29,0.057301
特朗普,主导,台湾,2024-12-03,0.057138
格尔辛格尔,认为犯罪,台积电,2024-12-09,0.057063
民进党政府,增进,台积电,2024-10-19,0.055467
台积电,认为可靠,英伟达,2024-11-25,0.054817
派珀·萨兰德,相信,英伟达,2024-11-12,0.054650
乌克兰战争,损害,台积电,2024-09-17,0.054620
英特尔,损害,台积电,2024-10-17,0.053880
英特尔,损害,台积电,2024-10-20,0.053880
英特尔,损害,台积电,2024-10-17,0.053880
英特尔,损害,台积电,2024-09-10,0.053880
英特尔,损害,台积电,2024-12-02,0.053880
英特尔,损害,台积电,2024-12-09,0.053880
英特尔,认为有危机,台积电,2024-10-17,0.052938
英特尔,认为有危机,台积电,2024-12-02,0.052938
Jim·塞默,威胁,台积电,2024-11-03,0.052471
商务部,主导,台积电,2024-11-10,0.051991
吉娜·雷蒙多,认为有暴力,台积电,2024-11-14,0.051141
瑞克·卡斯迪,担忧,台积电,2024-12-16,0.050694
魏哲家,认为缺乏,台积电,2024-10-27,0.049666
马吉华,批评,台积电,2024-11-10,0.049658
马吉华,批评,台积电,2024-11-10,0.049658
马吉华,批评,台积电,2024-11-10,0.049658
雷蒙多,认为犯罪,台积电,2024-11-14,0.049568
雷蒙多,认为犯罪,台积电,2024-11-14,0.049568
马继华,认为可靠,台积电,2024-11-10,0.049412
马继华,认为可靠,台积电,2024-11-10,0.049412
巴伦周刊,认为有危机,台积电,2024-10-23,0.048356
李在镕,主导,台积电,2024-10-17,0.047661
《经济日报》,相信,台积电,2024-11-10,0.047644
台积电,质疑,台积电,2024-11-07,0.046559
马继华,认可,台积电,2024-11-10,0.045673
马继华,认可,台积电,2024-11-10,0.045673
台积电,威胁,中国企业,2024-10-23,0.045584
投资者,认为可靠,台积电,2024-11-29,0.044254
派伯（Baird）,担忧,台积电,2025-02-13,0.044115
台积电,主导,英伟达,2024-11-25,0.043933
投资者,质疑,台积电,2024-09-24,0.043808
投资者,质疑,台积电,2024-11-29,0.043808
《芯片法案》,质疑,台积电,2024-11-10,0.043281
《芯片法案》,质疑,台积电,2024-11-10,0.043281
投资者,认为有威胁,台积电,2024-11-29,0.043275
投资者,相信,台积电,2024-09-24,0.043262
投资者,相信,台积电,2024-11-29,0.043262
台积电,威胁,Intel,2024-12-03,0.042619
投资者,认为热情,台积电,2024-09-24,0.042578
投资者,认为热情,台积电,2024-09-24,0.042578
投资者,认为热情,台积电,2024-09-24,0.042578
花旗集团,认为非法,台积电,2024-08-28,0.042505
Joe Rogan,损害,台积电,2024-10-28,0.042211
川普,认为有暴力,台积电,2024-10-28,0.042189
台积电,攻击,Intel,2024-12-03,0.042112
巴伦周刊,质疑,台积电,2024-10-23,0.041912
《商业时报》,担忧,台积电,2025-02-03,0.041706
莫里斯·昌,威胁,台积电,2024-12-09,0.041589
花旗集团,认为有危机,台积电,2024-08-28,0.041138
哈利·德恩,担忧,英伟达,2024-09-16,0.040873
摩根士丹利,质疑,台积电,2024-10-12,0.040850
摩根士丹利,质疑,台积电,2024-10-02,0.040850
摩根士丹利,质疑,台积电,2024-10-02,0.040850
摩根士丹利,质疑,台积电,2024-10-02,0.040850
摩根士丹利,质疑,台积电,2024-10-02,0.040850
摩根士丹利,质疑,台积电,2024-10-02,0.040850
格尔辛格尔,威胁,台积电,2024-12-09,0.040614
英特尔,认为失败,台积电,2024-10-17,0.040273
高志远,质疑,台积电,2025-02-26,0.040178
瑞克·卡斯迪,认为违规,台积电,2024-12-16,0.039936
摩根士丹利,认为有威胁,台积电,2024-11-11,0.039308
本·布兰查德,质疑,台积电,2024-10-29,0.038979
Jim·塞默,认可,台积电,2024-11-03,0.038127
Joe Rogan,认为失败,台积电,2024-10-28,0.037745
台积电,威胁,英特尔,2024-12-03,0.037625
台积电,威胁,英特尔,2024-12-03,0.037625
台积电,威胁,英特尔,2024-12-03,0.037625
台积电,威胁,英特尔,2024-12-03,0.037625
台湾,感到不满,特朗普,2025-02-19,0.037359
哈里斯,认为违规,台积电,2024-10-18,0.037312
哈里斯,认为违规,台积电,2024-10-18,0.037312
哈里斯,认为违规,台积电,2024-10-18,0.037312
英特尔,威胁,台积电,2024-10-17,0.036835
英特尔,威胁,台积电,2024-10-20,0.036835
英特尔,威胁,台积电,2024-10-17,0.036835
英特尔,威胁,台积电,2024-12-02,0.036835
格尔辛格尔,攻击,台积电,2024-12-09,0.036672
C.C. Wei,质疑,台积电,2024-10-23,0.036521
C.C. Wei,质疑,台积电,2024-10-23,0.036521
C.C. Wei,质疑,台积电,2024-10-23,0.036521
C.C. Wei,质疑,台积电,2024-10-31,0.036521
英特尔,认为有威胁,台积电,2024-10-17,0.036078
英特尔,认为有威胁,台积电,2024-10-17,0.036078
英特尔,认为有威胁,台积电,2024-12-02,0.036078
《环球时报》,质疑,台积电,2024-11-10,0.035585
《环球时报》,质疑,台积电,2024-11-10,0.035585
《环球时报》,质疑,台积电,2024-11-10,0.035585
《环球时报》,质疑,台积电,2024-11-10,0.035585
《环球时报》,质疑,台积电,2024-11-10,0.035585
花旗集团,相信,台积电,2024-08-28,0.035571
马吉华,认为有威胁,台积电,2024-11-10,0.035552
英伟达,支持,台积电,2024-09-10,0.035386
英伟达,支持,台积电,2024-09-10,0.035386
马继华,认为失败,台积电,2024-11-10,0.035317
布莱施茨,质疑,台积电,2025-02-19,0.035296
投资者,威胁,台积电,2024-11-29,0.035115
台积电,感到不满,格尔辛格,2024-12-09,0.034714
CNBC,认可,台积电,2024-12-16,0.034210
乔·罗根,认为有暴力,台积电,2024-10-28,0.033963
乔·罗根,认为有暴力,台积电,2024-10-28,0.033963
格尔辛格尔,认为有威胁,台积电,2024-12-09,0.033920
当地立法者,喜欢,台积电,2024-11-12,0.033835
麦肯锡公司,损害,台积电,2024-10-31,0.033721
《商业时报》,认为恐怖,台积电,2025-02-03,0.033600
《巴伦周刊》,认为有成就,台积电,2024-11-12,0.033454
Jim·塞默,认为有威胁,台积电,2024-11-03,0.033195
加利福尼亚州,认可,苹果,2024-10-19,0.033173
加利福尼亚州,认可,苹果,2024-10-19,0.033173
加利福尼亚州,认可,苹果,2024-10-19,0.033173
加利福尼亚州,认可,苹果,2024-10-19,0.033173
投资者,认可,台积电,2024-09-24,0.032938
投资者,认可,台积电,2024-09-24,0.032938
投资者,认可,台积电,2024-11-29,0.032938
台积电,感到不满,台积电,2024-11-07,0.032731
吴成文,批评,台积电,2024-11-28,0.032212
Joe Rogan,欣赏,台积电,2024-10-28,0.032113
新竹科学园区,主导,台积电,2025-02-23,0.031923
商务部,认为违规,台积电,2024-11-10,0.031579
台积电,视作英雄,盖尔辛格,2024-12-03,0.031512
Joe Rogan,认为犯罪,台积电,2024-10-28,0.031410
《经济日报》,质疑,台积电,2024-11-10,0.031114
花旗集团,认为可靠,台积电,2024-08-28,0.031100
黄文达,认为有成就,台积电,2024-10-19,0.029701
派珀·萨兰德,认为可靠,英伟达,2024-11-12,0.029659
Phelix Lee,质疑,台积电,2024-11-11,0.029547
Joe Rogan,批评,台积电,2024-10-28,0.029308
投资人,主导,台积电,2024-11-05,0.029127
瑞克·卡斯迪,认为有危机,台积电,2024-12-16,0.028933
马继华,批评,台积电,2024-11-10,0.028925
马继华,批评,台积电,2024-11-10,0.028925
马继华,批评,台积电,2024-11-10,0.028925
马继华,批评,台积电,2024-11-10,0.028925
马继华,批评,台积电,2024-11-10,0.028925
台湾高级安全官员,担忧,台积电,2025-02-13,0.028377
投资者,批评,台积电,2024-11-29,0.028210
摩根士丹利,认可,台积电,2024-12-29,0.028198
瑞克·卡斯迪,质疑,台积电,2024-12-16,0.027846
《环球时报》,批评,台积电,2024-11-10,0.027830
C.C. Wei,认可,台积电,2024-10-31,0.027723
Joe Rogan,攻击,台积电,2024-10-28,0.027644
C.C. Wei,批评,台积电,2024-10-23,0.027576
C.C. Wei,批评,台积电,2024-10-23,0.027576
《芯片法案》,批评,台积电,2024-11-10,0.027393
《芯片法案》,批评,台积电,2024-11-10,0.027393
英伟达,认为有暴力,台积电,2024-09-10,0.027219
魏哲家,增进,台积电,2024-11-17,0.026969
魏哲家,增进,台积电,2024-10-18,0.026969
魏哲家,增进,台积电,2024-10-18,0.026969
魏哲家,增进,台积电,2024-10-18,0.026969
魏哲家,增进,台积电,2024-10-18,0.026969
半导体,认为有成就,台积电,2024-11-11,0.026608
彭博新闻社,质疑,台积电,2025-02-18,0.026589
莫里斯·昌,认为有威胁,台积电,2024-12-09,0.026200
中国,认为可靠,台湾,2025-01-14,0.026104
中国,认为可靠,台湾,2025-01-14,0.026104
分析师,上调盈利预期,台积电,2024-08-08,0.026010
微软CEO,表示,台积电,2025-01-12,0.025871
百度,认可,台积电,2024-11-07,0.025428
台积电,感到不满,英特尔,2024-12-03,0.025254
特朗普,认为可靠,台湾,2024-12-03,0.025243
特朗普,认为可靠,台湾,2025-02-25,0.025243
特朗普,认为可靠,台湾,2025-02-13,0.025243
特朗普,认为可靠,台湾,2025-02-13,0.025243
特朗普,认为可靠,台湾,2024-12-02,0.025243
特朗普,认为可靠,台湾,2024-12-02,0.025243
特朗普,认为可靠,台湾,2025-02-19,0.025243
当地立法者,感到不满,台积电,2024-11-12,0.025166
吴成文,认为可靠,台积电,2024-11-28,0.024785
秦思瑞,担忧,台积电,2025-01-16,0.024591
台积电,达成协议,美国,2024-11-15,0.024429
魏哲家,认为有成就,台积电,2024-10-27,0.024377
拜登政府,支持,台积电,2024-11-20,0.024359
雷蒙多,认为优秀,台积电,2024-11-14,0.024336
Phelix Lee,认为有危机,台积电,2024-11-11,0.023499
彭博新闻社,相信,台积电,2025-02-18,0.023286
《商业时报》,感到不满,台积电,2025-02-03,0.023263
Coatsworth,喜欢,台积电,2024-10-17,0.023222
吴成文,认可,台积电,2024-11-28,0.023153
台积电,认可,台积电,2024-11-07,0.023134
《台北时报》,担忧,台积电,2024-11-09,0.022930
《台北时报》,担忧,台积电,2024-11-09,0.022930
罗伯特·桑德斯,质疑,台积电,2025-01-16,0.022520
公司创始人,主导,台积电,2025-02-23,0.022496
《商业韩国》,担忧,台积电,2024-11-16,0.022105
投资人,认为恐怖,台积电,2024-11-05,0.021478
投资者,感到满意,台积电,2024-09-24,0.021452
投资者,感到满意,台积电,2024-11-29,0.021452
麦肯锡公司,认为可靠,台积电,2024-09-05,0.021072
中国芯片公司,担忧,台积电,2024-11-11,0.020893
中国芯片公司,担忧,台积电,2024-11-11,0.020893
帕特·盖尔辛格,认为优秀,台积电,2024-11-06,0.020782
花旗集团,认为热情,台积电,2024-08-28,0.020654
苹果投资者,担忧,台积电,2024-10-23,0.020546
Russ Mould,认为恐怖,台积电,2025-01-10,0.020457
吴正文,质疑,台积电,2024-11-29,0.020360
投资人,担忧,台积电,2024-11-05,0.020215
当地立法者,担忧,台积电,2024-11-12,0.019825
北京,质疑,台湾,2025-02-19,0.019271
深圳,增进,台积电,2024-11-19,0.018933
投资人,喜欢,台积电,2024-11-05,0.018886
三星电子,攻击,台积电,2024-10-17,0.018775
花旗集团,认为失败,台积电,2024-08-28,0.018746
Lauly Lith,担忧,台积电,2024-11-13,0.018272
台湾,欢迎,苹果,2024-11-13,0.018198
Phelix Lee,认为可靠,台积电,2024-11-11,0.017564
Lauly Lith,主导,台积电,2024-11-13,0.017235
花旗集团,认为有威胁,台积电,2024-08-28,0.016800
Phelix Lee,认为失败,台积电,2024-11-11,0.016762
克里斯·米勒,相信,特朗普,2024-11-13,0.016613
约翰·穆伦纳尔,认为失败,台积电,2024-10-30,0.016591
高志远,认可,台积电,2025-02-26,0.016588
台积电,增进,英伟达,2024-09-05,0.016545
台积电,增进,英伟达,2024-10-14,0.016545
Lauly Lith,认为违规,台积电,2024-11-13,0.016493
杰弗里·赛勒,支持,台积电,2024-12-03,0.016375
魏哲家,认为优秀,台积电,2024-10-23,0.016039
魏哲家,认为优秀,台积电,2024-10-23,0.016039
魏哲家,认为优秀,台积电,2024-10-23,0.016039
魏哲家,认为优秀,台积电,2024-10-27,0.016039
魏哲家,认为优秀,台积电,2024-11-17,0.016039
魏哲家,认为优秀,台积电,2024-10-17,0.016039
当地立法者,主导,台积电,2024-11-12,0.015535
中国,认可,台湾,2025-01-14,0.015473
中国,认可,台湾,2025-01-13,0.015473
中国,认可,台湾,2025-01-14,0.015473
苹果,主导,美国,2025-01-14,0.015422
Lauly Lith,认为恐怖,台积电,2024-11-13,0.015372
Phelix Lee,认为有威胁,台积电,2024-11-11,0.015322
巴伦扎,认为犯罪,台积电,2024-10-18,0.015210
美国,调查,TSMC,2024-10-22,0.015167
美国,喜欢,英伟达,2024-11-18,0.015093
美国,喜欢,英伟达,2024-11-18,0.015093
美国,喜欢,英伟达,2024-11-18,0.015093
美国,认可,英伟达,2024-10-20,0.015005
美国,认可,英伟达,2024-10-20,0.015005
美国,认可,英伟达,2024-11-18,0.015005
美国,认可,英伟达,2024-11-18,0.015005
美国,认可,英伟达,2024-11-18,0.015005
高通收购英特尔,损害,台积电,2024-09-29,0.014974
波士顿咨询集团,质疑,台积电,2025-02-11,0.014947
波士顿咨询集团,质疑,台积电,2025-02-11,0.014947
乌克,认为违规,台积电,2024-09-17,0.014934
亚利桑那州,主导,英伟达,2024-12-27,0.014826
苹果投资者,感到不满,台积电,2024-10-23,0.014526
《商业韩国》,相信,台积电,2024-11-16,0.014456
派珀·萨兰德,认可,英伟达,2024-11-12,0.014283
美国,提供资金,三星,2024-11-14,0.014211
黄伟伦,认为有成就,台积电,2024-10-19,0.014095
黄伟伦,认为有成就,台积电,2024-10-19,0.014095
黄伟伦,认为有成就,台积电,2024-10-19,0.014095
中国人工智能企业,认为违规,台积电,2024-10-19,0.013878
拉乌莉·李,担忧,苹果,2024-11-06,0.013853
《自由时报》,担忧,台积电,2024-11-09,0.013794
新冠疫情,损害,台积电,2024-11-02,0.013758
美国,认为可靠,特斯拉,2024-11-27,0.013727
百度,感到满意,台积电,2024-11-07,0.013624
哈里斯,认为犯罪,台积电,2024-10-18,0.013501
哈里斯,认为犯罪,台积电,2024-10-18,0.013501
哈里斯,认为犯罪,台积电,2024-10-18,0.013501
《台北时报》,相信,台积电,2024-11-09,0.013434
台积电,相信,巴伦周刊,2024-09-21,0.013296
台积电,相信,巴伦周刊,2024-09-21,0.013296
投资人,认为有危机,台积电,2024-11-05,0.013286
《经济日报》,欣赏,台积电,2024-11-10,0.012961
秦思瑞,相信,台积电,2025-01-16,0.012709
投资者,认为有成就,台积电,2024-11-29,0.012655
Coatsworth,感到不满,台积电,2024-10-17,0.012617
投资者,攻击,台积电,2024-11-29,0.012608
花旗集团,质疑,台积电,2024-08-28,0.012555
石原伸介,主导,台积电,2024-11-12,0.012420
台积电,攻击,SK海力士,2024-10-17,0.012364
台积电,攻击,SK海力士,2024-10-17,0.012364
台积电,攻击,SK海力士,2024-10-17,0.012364
《商业时报》,相信,台积电,2025-02-03,0.012304
拉乌莉·李,相信,苹果,2024-11-06,0.012202
Coatsworth,质疑,台积电,2024-10-17,0.012081
半导体,认为优秀,台积电,2024-11-11,0.012076
罗伯特·桑德斯,认可,台积电,2025-01-16,0.012038
投资者,认为优秀,台积电,2024-11-29,0.012005
特朗普,欢迎,苹果,2025-02-23,0.011957
算能科技,担忧,台积电,2024-10-28,0.011942
算能科技,担忧,台积电,2024-10-28,0.011942
张忠谋,认为有成就,台积电,2024-10-27,0.011894
张忠谋,认为有成就,台积电,2024-10-27,0.011894
中国芯片公司,损害,台积电,2024-11-11,0.011654
台积电,认为优秀,英伟达,2024-11-25,0.011520
台积电,认为优秀,英伟达,2024-11-26,0.011520
《经济日报》,认可,台积电,2024-11-10,0.011503
台湾,主导,美国,2024-12-03,0.011481
台湾,主导,美国,2024-12-03,0.011481
台湾,主导,美国,2024-12-03,0.011481
台湾,主导,美国,2024-12-03,0.011481
台湾,主导,美国,2024-12-03,0.011481
台湾,主导,美国,2024-12-03,0.011481
半导体,支持,台积电,2024-11-11,0.011450
布雷特·西蒙普,增进,台积电,2025-01-13,0.011441
《商业时报》,质疑,台积电,2025-02-03,0.011439
杰夫·贝索斯,增进,台积电,2024-11-09,0.011429
吴成文,增进,台积电,2024-11-28,0.011358
Phelix Lee,批评,台积电,2024-11-11,0.011346
黄仁勋,主导,英伟达,2024-08-14,0.011213
黄仁勋,主导,英伟达,2024-12-02,0.011213
黄仁勋,主导,英伟达,2025-01-10,0.011213
黄仁勋,主导,英伟达,2025-01-10,0.011213
黄仁勋,主导,英伟达,2024-12-02,0.011213
黄仁勋,主导,英伟达,2024-12-02,0.011213
黄仁勋,主导,英伟达,2024-12-02,0.011213
黄仁勋,主导,英伟达,2024-10-19,0.011213
黄仁勋,主导,英伟达,2024-10-19,0.011213
黄仁勋,主导,英伟达,2024-11-18,0.011213
黄仁勋,主导,英伟达,2024-11-18,0.011213
黄仁勋,主导,英伟达,2024-11-11,0.011213
Lauly Lith,认为有危机,台积电,2024-11-13,0.011148
英特尔,攻击,台积电,2024-10-17,0.011072
英特尔,攻击,台积电,2024-10-20,0.011072
英特尔,攻击,台积电,2024-10-17,0.011072
英特尔,攻击,台积电,2024-12-02,0.011072
摩根士丹利,增进,台积电,2024-11-11,0.011039
特朗普,相信,台湾,2024-12-03,0.010885
特朗普,相信,台湾,2024-12-03,0.010885
特朗普,相信,台湾,2024-12-03,0.010885
特朗普,相信,台湾,2024-12-03,0.010885
魏哲家,支持,台积电,2024-11-17,0.010856
台湾的能源挑战,威胁,台积电,2024-11-04,0.010813
投资人,感到不满,台积电,2024-11-05,0.010536
华盛顿,认可,台北,2025-02-26,0.010384
美国,认可,苹果,2024-11-30,0.010322
《自由时报》,损害,台积电,2024-11-09,0.010311
当地立法者,认为违规,台积电,2024-11-12,0.010299
《商业时报》,损害,台积电,2024-10-03,0.010272
《商业时报》,损害,台积电,2025-02-03,0.010272
参议员,担忧,台积电,2024-10-31,0.010226
特朗普,感谢,苹果,2025-02-23,0.010128
特朗普,感谢,苹果,2025-02-23,0.010128
美国,认为可靠,英伟达,2024-10-20,0.010060
美国,认为可靠,英伟达,2024-10-20,0.010060
美国,认为可靠,英伟达,2024-11-18,0.010060
美国,认为可靠,英伟达,2024-11-18,0.010060
美国,认为可靠,英伟达,2024-11-18,0.010060
苹果投资者,认为有危机,台积电,2024-10-23,0.010014
《自由时报》,认为有危机,台积电,2024-11-09,0.009729
中国,担忧,TSMC,2024-09-11,0.009588
台积电,质疑,巴伦周刊,2024-09-21,0.009556
《自由时报》,感到不满,台积电,2024-11-09,0.009451
商务部,认为失败,台积电,2024-11-10,0.009450
商务部,认为失败,台积电,2024-10-30,0.009450
台积电,欢迎,创新,2024-09-27,0.009369
德意志银行,认为优秀,台积电,2025-01-16,0.009191
乌克,认为有危机,台积电,2024-09-17,0.009113
美国,减少依赖,TSMC,2024-09-18,0.009094
美国,减少依赖,TSMC,2024-12-03,0.009094
花旗集团,批评,台积电,2024-08-28,0.009012
台湾,担忧,中国,2024-11-07,0.008773
央行,认为优秀,台积电,2024-12-30,0.008759
民主党,认为失败,台积电,2024-10-30,0.008557
台积电,欢迎,数据中心,2024-09-27,0.008539
花旗集团,认为缺乏,台积电,2024-08-28,0.008466
美国,质疑,苹果,2024-11-30,0.008452
《自由时报》,相信,台积电,2024-11-09,0.008326
Russ Mould,相信,台积电,2025-01-10,0.008302
石破茂,增进,台积电,2024-11-12,0.008275
林 Brad,增进,台积电,2024-11-29,0.008218
当地立法者,欣赏,台积电,2024-11-12,0.008142
中国媒体,质疑,台积电,2024-11-07,0.008132
中国媒体,质疑,台积电,2024-11-07,0.008132
中国媒体,质疑,台积电,2024-11-07,0.008132
中国媒体,质疑,台积电,2024-11-07,0.008132
佛罗里达州,担忧,特朗普,2024-11-12,0.008131
花旗集团,认可,台积电,2024-08-28,0.008105
中国,担忧,台湾,2025-02-26,0.008098
当地立法者,质疑,台积电,2024-11-12,0.008087
中国,认为非法,台湾,2025-01-14,0.007962
中国,认为非法,台湾,2024-11-16,0.007962
黄伟成,认为优秀,台积电,2024-10-07,0.007927
《商业时报》,威胁,台积电,2025-02-03,0.007901
当地立法者,认为恐怖,台积电,2024-11-12,0.007892
商务部,认可,台积电,2024-11-10,0.007817
摩根士丹利,认为优秀,台积电,2024-10-02,0.007731
摩根士丹利,认为优秀,台积电,2024-10-02,0.007731
摩根士丹利,认为优秀,台积电,2024-10-02,0.007731
摩根士丹利,认为优秀,台积电,2024-10-22,0.007731
美国,提供补助,TSMC,2024-12-19,0.007717
Coatsworth,欣赏,台积电,2024-10-17,0.007700
美国,拨款,TSMC,2024-11-14,0.007693
美国,拨款,TSMC,2024-11-14,0.007693
英特尔,增进,台积电,2024-10-17,0.007672
英特尔,增进,台积电,2024-09-10,0.007672
美国,认为有成就,英伟达,2024-11-21,0.007590
美国,认为有成就,英伟达,2024-11-21,0.007590
美国,认为有成就,英伟达,2024-10-20,0.007590
美国,认为有成就,英伟达,2024-10-20,0.007590
美国,认为有成就,英伟达,2024-11-18,0.007590
美国,认为有成就,英伟达,2024-11-18,0.007590
美国,认为有成就,英伟达,2024-11-18,0.007590
美国,认为有成就,英伟达,2024-11-01,0.007590
美国,认为有成就,英伟达,2024-11-01,0.007590
美国,质疑,英伟达,2024-11-09,0.007497
美国,质疑,英伟达,2024-10-20,0.007497
美国,质疑,英伟达,2024-10-20,0.007497
美国,要求停止出口,TSMC,2024-11-09,0.007485
《商业韩国》,质疑,台积电,2024-11-16,0.007376
Lauly Lith,相信,台积电,2024-11-13,0.007375
三星电子,认为有威胁,特朗普,2024-11-12,0.007311
投资人,相信,台积电,2024-11-05,0.007300
特朗普,感到不满,台湾,2024-12-03,0.007295
特朗普,感到不满,台湾,2024-12-03,0.007295
特朗普,感到不满,台湾,2024-12-03,0.007295
特朗普,感到不满,台湾,2024-12-03,0.007295
特朗普,感到不满,台湾,2024-12-03,0.007295
特朗普,感到不满,台湾,2024-12-03,0.007295
特朗普,感到不满,台湾,2024-12-03,0.007295
特朗普,感到不满,台湾,2025-02-25,0.007295
特朗普,感到不满,台湾,2025-02-25,0.007295
特朗普,感到不满,台湾,2025-02-13,0.007295
特朗普,感到不满,台湾,2025-02-19,0.007295
特朗普,感到不满,台湾,2024-11-15,0.007295
特朗普,感到不满,台湾,2024-12-02,0.007295
特朗普,感到不满,台湾,2024-11-11,0.007295
郭建宏,认为优秀,台积电,2025-01-14,0.007237
苹果投资者,认为可靠,台积电,2024-10-23,0.007224
苹果投资者,相信,台积电,2024-10-23,0.007193
《自由时报》,质疑,台积电,2024-11-09,0.007181
魏知效,增进,台积电,2024-10-18,0.007124
特朗普,喜欢,台湾,2025-02-13,0.007081
特朗普,喜欢,台湾,2025-02-19,0.007081
唐永年,担忧,台积电,2024-11-12,0.007074
台湾陆委会,损害,台积电,2025-02-25,0.007057
Coatsworth,相信,台积电,2024-10-17,0.007053
派珀·萨兰德,认为缺乏,英伟达,2024-11-12,0.006993
台积电,损害,台风康妮,2024-11-03,0.006983
日本,欢迎,台湾,2025-02-13,0.006934
台积电,支持,SK海力士,2024-11-03,0.006875
台积电,支持,SK海力士,2024-11-03,0.006875
台湾新北市,主导,台积电,2024-12-16,0.006863
赵小光,增进,台积电,2024-11-19,0.006849
特朗普,担忧,英伟达,2024-11-19,0.006832
投资人,认为有威胁,台积电,2024-11-05,0.006820
投资者,主导,苹果,2024-09-05,0.006809
台积电,认为热情,英伟达,2024-10-23,0.006800
台积电,认为热情,英伟达,2024-10-23,0.006800
台湾经济部,主导,台积电,2024-11-09,0.006744
TSMC,消耗电力,台湾,2024-11-19,0.006679
台湾,喜欢,黄仁勋,2025-01-16,0.006616
台湾,喜欢,黄仁勋,2025-01-16,0.006616
日媒,质疑,台积电,2024-10-28,0.006605
日媒,质疑,台积电,2024-10-28,0.006605
美国,喜欢,苹果,2024-11-30,0.006525
CNA,担忧,台积电,2024-11-03,0.006348
CNA,担忧,台积电,2024-11-03,0.006348
美国,担忧,英伟达,2024-10-20,0.006322
美国,担忧,英伟达,2024-11-18,0.006322
美国,担忧,英伟达,2024-11-18,0.006322
美国,担忧,英伟达,2024-11-18,0.006322
投资人,损害,台积电,2024-11-05,0.006310
TSMC,受益,美国,2024-12-16,0.006290
美国,主导,英伟达,2024-09-18,0.006203
美国,主导,英伟达,2024-10-20,0.006203
美国,主导,英伟达,2024-11-18,0.006203
美国,主导,英伟达,2024-11-18,0.006203
半导体,主导,苹果,2025-02-23,0.006181
中国芯片公司,相信,台积电,2024-11-11,0.006154
台积电,担忧,巴伦周刊,2024-09-21,0.006119
特朗普,担忧,台湾,2024-12-03,0.006107
特朗普,担忧,台湾,2024-12-03,0.006107
特朗普,担忧,台湾,2024-12-03,0.006107
特朗普,担忧,台湾,2024-12-03,0.006107
特朗普,担忧,台湾,2024-12-03,0.006107
特朗普,担忧,台湾,2024-12-03,0.006107
特朗普,担忧,台湾,2024-12-03,0.006107
特朗普,担忧,台湾,2024-12-03,0.006107
特朗普,担忧,台湾,2024-12-03,0.006107
特朗普,担忧,台湾,2025-02-25,0.006107
特朗普,担忧,台湾,2025-02-13,0.006107
特朗普,担忧,台湾,2024-11-05,0.006107
特朗普,担忧,台湾,2025-02-13,0.006107
特朗普,担忧,台湾,2025-02-19,0.006107
特朗普,担忧,台湾,2024-10-19,0.006107
特朗普,担忧,台湾,2024-11-15,0.006107
特朗普,担忧,台湾,2024-11-15,0.006107
特朗普,担忧,台湾,2024-11-15,0.006107
特朗普,担忧,台湾,2024-11-15,0.006107
特朗普,担忧,台湾,2024-11-15,0.006107
特朗普,担忧,台湾,2024-11-15,0.006107
特朗普,担忧,台湾,2024-11-15,0.006107
特朗普,担忧,台湾,2024-11-15,0.006107
特朗普,担忧,台湾,2024-12-02,0.006107
特朗普,担忧,台湾,2024-12-02,0.006107
特朗普,担忧,台湾,2024-11-11,0.006107
特朗普,担忧,台湾,2024-11-05,0.006107
特朗普,担忧,台湾,2025-02-19,0.006107
美国,要求停止运送,TSMC,2024-11-15,0.006092
投资人,认为热情,台积电,2024-11-05,0.006059
日本,喜欢,台湾,2025-02-13,0.006057
瑞克·卡斯迪,批评,台积电,2024-12-16,0.005991
CNBC,增进,台积电,2024-12-16,0.005967
乌克,认为有威胁,台积电,2024-09-17,0.005939
中国,质疑,台湾,2025-02-26,0.005923
投资者,支持,台积电,2024-09-24,0.005898
投资者,支持,台积电,2024-11-29,0.005898
商务部,认为可靠,台积电,2025-01-10,0.005816
特朗普,认为有成就,台湾,2024-12-03,0.005806
《台北时报》,质疑,台积电,2024-11-09,0.005722
《自由时报》,认为有威胁,台积电,2024-11-09,0.005707
投资人,质疑,台积电,2024-11-05,0.005697
台湾的能源挑战,损害,台积电,2024-11-04,0.005689
美联储,欢迎,特朗普,2025-01-10,0.005683
CNBC,认为优秀,台积电,2024-12-16,0.005669
Lauly Lith,认为有威胁,台积电,2024-11-13,0.005597
美国,欣赏,英伟达,2024-11-18,0.005557
美国,欣赏,英伟达,2024-11-18,0.005557
美国,欣赏,英伟达,2024-11-18,0.005557
当地立法者,相信,台积电,2024-11-12,0.005474
亚当·波森,担忧,特朗普,2024-11-06,0.005460
亚当·波森,担忧,特朗普,2024-11-06,0.005460
亚当·波森,担忧,特朗普,2024-11-06,0.005460
投资人,威胁,台积电,2024-11-05,0.005432
台湾,欢迎,黄仁勋,2025-01-16,0.005414
《商业韩国》,威胁,台积电,2024-11-16,0.005410
台湾经济部,担忧,台积电,2024-11-09,0.005405
半导体,认可,苹果,2025-02-23,0.005369
苹果投资者,喜欢,台积电,2024-10-23,0.005355
于伊齐,质疑,台积电,2024-12-14,0.005202
投资人,认为非法,台积电,2024-11-05,0.005144
苹果投资者,认为恐怖,台积电,2024-10-23,0.005121
当地立法者,威胁,台积电,2024-11-12,0.005091
台积电,威胁,巴伦周刊,2024-09-21,0.005084
中媒,质疑,台积电,2024-11-07,0.005068
中媒,质疑,台积电,2024-11-07,0.005068
中媒,质疑,台积电,2024-11-07,0.005068
中媒,质疑,台积电,2024-11-07,0.005068
《芯片法案》,认为优秀,台积电,2024-11-10,0.005046
特朗普,认为非法,华为,2024-10-31,0.004990
美国,相信,英伟达,2024-10-20,0.004989
美国,相信,英伟达,2024-10-20,0.004989
美国,相信,英伟达,2024-11-18,0.004989
美国,相信,英伟达,2024-11-18,0.004989
美国,相信,英伟达,2024-11-18,0.004989
《商业韩国》,损害,台积电,2024-11-16,0.004972
Phelix Lee,增进,台积电,2024-11-11,0.004943
Phelix Lee,增进,台积电,2024-11-11,0.004943
Phelix Lee,增进,台积电,2024-11-11,0.004943
埃隆·马斯克,主导,美国,2024-11-15,0.004914
埃隆·马斯克,主导,美国,2024-11-15,0.004914
埃隆·马斯克,主导,美国,2024-11-15,0.004914
亚当·波森,认为有威胁,特朗普,2024-11-06,0.004912
特朗普,主导,美国,2024-12-03,0.004844
特朗普,主导,美国,2024-12-03,0.004844
特朗普,主导,美国,2024-11-09,0.004844
特朗普,主导,美国,2024-11-09,0.004844
特朗普,主导,美国,2024-11-14,0.004844
特朗普,主导,美国,2024-11-09,0.004844
特朗普,主导,美国,2024-12-03,0.004844
特朗普,主导,美国,2024-11-10,0.004844
特朗普,主导,美国,2024-12-03,0.004844
特朗普,主导,美国,2024-11-10,0.004844
特朗普,主导,美国,2024-11-09,0.004844
特朗普,主导,美国,2024-11-10,0.004844
特朗普,主导,美国,2024-11-10,0.004844
特朗普,主导,美国,2024-11-15,0.004844
特朗普,主导,美国,2024-11-10,0.004844
特朗普,主导,美国,2024-11-15,0.004844
特朗普,主导,美国,2024-11-05,0.004844
特朗普,主导,美国,2024-11-09,0.004844
特朗普,主导,美国,2024-11-05,0.004844
特朗普,主导,美国,2024-11-15,0.004844
特朗普,主导,美国,2024-11-15,0.004844
特朗普,主导,美国,2024-11-15,0.004844
特朗普,主导,美国,2024-11-15,0.004844
特朗普,主导,美国,2024-11-10,0.004844
特朗普,主导,美国,2024-11-06,0.004844
特朗普,主导,美国,2024-10-30,0.004844
特朗普,主导,美国,2024-11-15,0.004844
特朗普,主导,美国,2024-11-15,0.004844
特朗普,主导,美国,2024-10-30,0.004844
特朗普,主导,美国,2024-11-15,0.004844
特朗普,主导,美国,2024-12-02,0.004844
特朗普,主导,美国,2024-12-02,0.004844
特朗普,主导,美国,2024-11-15,0.004844
特朗普,主导,美国,2024-11-27,0.004844
《自由时报》,认为可靠,台积电,2024-11-09,0.004788
台湾经济部,认为违规,台积电,2024-11-09,0.004781
雷蒙多,认为有暴力,台积电,2024-11-14,0.004767
投资者,增进,台积电,2024-11-29,0.004716
台积电,质疑,数据中心,2024-09-27,0.004665
特朗普,担忧,华为,2024-10-31,0.004648
特朗普,担忧,华为,2024-11-28,0.004648
美国,认为失败,英伟达,2024-11-18,0.004604
美国,认为失败,英伟达,2024-11-18,0.004604
美国,认为失败,英伟达,2024-11-18,0.004604
花旗集团,增进,台积电,2024-08-28,0.004544
台积电,攻击,台风康妮,2024-11-03,0.004519
投资人,认为违规,台积电,2024-11-05,0.004513
算能科技,质疑,台积电,2024-10-28,0.004498
算能科技,质疑,台积电,2024-10-28,0.004498
藤原忠弘,认可,台积电,2024-09-24,0.004459
共和党,认为失败,台积电,2024-10-30,0.004453
《亚洲尼基日报》,相信,台积电,2024-12-18,0.004419
台积电,感到不满,巴伦周刊,2024-09-21,0.004397
台积电,感到不满,巴伦周刊,2024-09-21,0.004397
《商业时报》,批评,台积电,2025-02-03,0.004380
摩根大通,认为可靠,苹果,2024-10-23,0.004358
特朗普,认为缺乏,台湾,2024-12-03,0.004347
美国,感到不满,苹果,2024-11-30,0.004328
Brad Lin,增进,台积电,2024-11-29,0.004319
Brad Lin,增进,台积电,2025-01-15,0.004319
Brad Lin,增进,台积电,2024-11-29,0.004319
Brad Lin,增进,台积电,2024-11-29,0.004319
台积电,担忧,中国市场,2024-11-02,0.004313
当地立法者,认为有危机,台积电,2024-11-12,0.004292
Coatsworth,认为有威胁,台积电,2024-10-17,0.004282
台湾高级安全官员,质疑,台积电,2025-02-13,0.004282
《台北时报》,损害,台积电,2024-11-09,0.004236
美国,发送信函,TSMC,2024-11-10,0.004206
美国,发送信函,TSMC,2024-11-09,0.004206
Coatsworth,批评,台积电,2024-10-17,0.004198
日本传媒,担忧,台积电,2024-10-28,0.004181
日本传媒,担忧,台积电,2024-10-28,0.004181
拉乌莉·李,质疑,苹果,2024-11-06,0.004170
拉乌莉·李,质疑,苹果,2024-11-06,0.004170
日本政府,支持,台积电,2024-09-24,0.004167
苹果投资者,威胁,台积电,2024-10-23,0.004166
《台北时报》,威胁,台积电,2024-11-09,0.004142
特朗普,认为非法,台湾,2024-12-03,0.004134
特朗普,认为非法,台湾,2024-12-03,0.004134
特朗普,认为非法,台湾,2024-12-03,0.004134
特朗普,认为非法,台湾,2024-12-03,0.004134
特朗普,认为非法,台湾,2024-12-03,0.004134
特朗普,认为非法,台湾,2024-11-06,0.004134
特朗普,认为非法,台湾,2024-12-03,0.004134
特朗普,认为非法,台湾,2025-02-25,0.004134
特朗普,认为非法,台湾,2024-11-05,0.004134
特朗普,认为非法,台湾,2024-10-19,0.004134
特朗普,认为非法,台湾,2024-11-15,0.004134
特朗普,认为非法,台湾,2024-11-15,0.004134
特朗普,认为非法,台湾,2024-11-15,0.004134
特朗普,认为非法,台湾,2024-11-15,0.004134
特朗普,认为非法,台湾,2024-11-15,0.004134
特朗普,认为非法,台湾,2024-11-15,0.004134
特朗普,认为非法,台湾,2024-11-15,0.004134
特朗普,认为非法,台湾,2024-11-15,0.004134
特朗普,认为非法,台湾,2024-11-15,0.004134
特朗普,认为非法,台湾,2024-11-11,0.004134
特朗普,认为非法,台湾,2025-02-19,0.004134
台积电,攻击,NVIDIA,2024-11-24,0.004116
苹果投资者,认为有威胁,台积电,2024-10-23,0.004097
投资人,认为失败,台积电,2024-11-05,0.004094
美国,认为优秀,苹果,2024-11-30,0.004076
《经济日报》,支持,台积电,2024-11-10,0.004034
《经济日报》,支持,台积电,2024-11-10,0.004034
克里斯托夫·福科,认为可靠,美国,2024-11-05,0.003998
《商业韩国》,认为可靠,台积电,2024-11-16,0.003982
当地立法者,认为热情,台积电,2024-11-12,0.003920
KAILEY,担忧,台积电,2024-10-21,0.003914
台积电,攻击,巴伦周刊,2024-09-21,0.003900
《自由时报》,威胁,台积电,2024-11-09,0.003873
台积电,损害,数据中心,2024-09-27,0.003852
公司创始人,认为失败,台积电,2025-02-23,0.003846
商务部,认为犯罪,台积电,2024-11-10,0.003846
布雷特·西蒙斯,增进,台积电,2025-01-13,0.003846
Lauly Lith,威胁,台积电,2024-11-13,0.003844
马吉华,认为优秀,台积电,2024-11-10,0.003803
马吉华,认为优秀,台积电,2024-11-10,0.003803
马吉华,认为优秀,台积电,2024-11-10,0.003803
马继华,认为优秀,台积电,2024-11-10,0.003744
马继华,认为优秀,台积电,2024-11-10,0.003744
马继华,认为优秀,台积电,2024-11-10,0.003744
马继华,认为优秀,台积电,2024-11-10,0.003744
马继华,认为优秀,台积电,2024-11-10,0.003744
马继华,认为优秀,台积电,2024-11-10,0.003744
马继华,认为优秀,台积电,2024-11-10,0.003744
埃隆·马斯克,担忧,特斯拉,2024-11-14,0.003717
特朗普,认可,台湾,2024-12-03,0.003709
特朗普,认可,台湾,2024-12-03,0.003709
特朗普,认可,台湾,2024-12-03,0.003709
特朗普,认可,台湾,2024-12-03,0.003709
特朗普,认可,台湾,2024-12-03,0.003709
特朗普,认可,台湾,2024-12-03,0.003709
特朗普,认可,台湾,2025-02-25,0.003709
特朗普,认可,台湾,2025-02-13,0.003709
特朗普,认可,台湾,2025-02-19,0.003709
特朗普,认可,台湾,2024-10-19,0.003709
特朗普,认可,台湾,2025-02-19,0.003709
亚当·波森,认可,特朗普,2024-11-06,0.003701
亚当·波森,认可,特朗普,2024-11-06,0.003701
亚当·波森,认可,特朗普,2024-11-06,0.003701
台积电,损害,苹果公,2024-10-22,0.003699
美国,下令停止出口,TSMC,2024-12-21,0.003660
詹森·霍尔,担忧,三星,2025-01-10,0.003651
《商业时报》,认可,台积电,2025-02-03,0.003628
苹果投资者,质疑,台积电,2024-10-23,0.003628
算能科技,威胁,台积电,2024-10-28,0.003591
算能科技,威胁,台积电,2024-10-28,0.003591
花旗集团,认为有成就,台积电,2024-08-28,0.003588
中国,认为失败,特朗普,2024-11-12,0.003569
TSMC,扩大制造足迹,美国,2025-01-12,0.003569
Lauly Lith,认为失败,台积电,2024-11-13,0.003551
特朗普,欢迎,台湾,2024-12-03,0.003549
特朗普,欢迎,台湾,2025-02-13,0.003549
乌克,认为失败,台积电,2024-09-17,0.003534
马斯克,担忧,特斯拉,2025-02-05,0.003524
马斯克,担忧,特斯拉,2025-02-05,0.003524
当地立法者,认为失败,台积电,2024-11-12,0.003515
中国芯片公司,威胁,台积电,2024-11-11,0.003513
杰夫·贝索斯,主导,英伟达,2024-09-03,0.003507
台湾经济部门,质疑,台积电,2024-11-11,0.003506
特朗普,认为优秀,台湾,2024-12-03,0.003488
特朗普,认为优秀,台湾,2024-12-03,0.003488
特朗普,认为优秀,台湾,2024-12-03,0.003488
特朗普,认为优秀,台湾,2024-12-03,0.003488
特朗普,认为优秀,台湾,2025-02-19,0.003488
特朗普,认为可靠,华为,2024-10-31,0.003428
华盛顿,认为可靠,阿联酋,2024-09-22,0.003424
台积电,感到满意,拜登政府,2024-11-20,0.003422
中国芯片公司,认可,台积电,2024-11-11,0.003410
参议员,认为有危机,台积电,2024-10-31,0.003400
《CHIPS法案》,损害,台积电,2024-12-02,0.003388
亚当·普森,担忧,特朗普,2024-11-06,0.003381
亚当·普森,担忧,特朗普,2024-11-06,0.003381
亚当·普森,担忧,特朗普,2024-11-06,0.003381
亚当·普森,担忧,特朗普,2024-11-06,0.003381
当地立法者,认为有威胁,台积电,2024-11-12,0.003335
当地立法者,认为可靠,台积电,2024-11-12,0.003317
日本政府,认可,台积电,2024-09-24,0.003317
苹果公司(AAPL),支持,台积电,2024-11-10,0.003307
台积电,相信,数据中心,2024-09-27,0.003303
美国,认为有成就,亚马逊,2024-11-30,0.003292
华纳参议员,担忧,台积电,2024-10-31,0.003290
美国,认定,TSMC,2024-11-14,0.003248
苹果,担忧,英伟达,2024-09-09,0.003224
Joe Rogan,认为有暴力,台积电,2024-10-28,0.003213
台湾陆委会,认为有威胁,台积电,2025-02-25,0.003209
公司创始人,认为可靠,台积电,2025-02-23,0.003168
美国,担忧,拜登,2024-08-28,0.003164
美国,担忧,拜登,2024-08-28,0.003164
罗伯特·桑德斯,支持,台积电,2025-01-16,0.003131
《经济日报》,增进,台积电,2024-11-17,0.003109
台湾高级安全官员,批评,台积电,2025-02-13,0.003107
台北,质疑,美国,2025-02-26,0.003092
半导体,认为有成就,苹果,2025-02-23,0.003062
特朗普,攻击,苹果,2024-11-22,0.003044
台积电,攻击,非台湾或中国籍的员工,2024-11-13,0.003035
美国,认为可靠,台湾,2025-02-13,0.003022
Russ Mould,认为可靠,台积电,2025-01-10,0.003010
台积电,威胁,台风康妮,2024-11-03,0.003010
台湾,攻击,华盛顿,2025-02-19,0.002998
布莱施茨,认为优秀,台积电,2025-02-19,0.002991
台积电,感到满意,英特尔,2024-12-03,0.002979
台积电,感到满意,英特尔,2024-12-03,0.002979
投资人,视作英雄,台积电,2024-11-05,0.002965
台湾经济部门,相信,台积电,2024-11-11,0.002938
美国,要求停止,TSMC,2024-11-14,0.002913
赖清德,认为可靠,台湾,2025-02-13,0.002910
赖清德,认为可靠,台湾,2025-02-13,0.002910
赖清德,认为可靠,台湾,2025-02-19,0.002910
赖清德,认为可靠,台湾,2024-12-02,0.002910
吉恩·蒙斯特,认为优秀,台积电,2024-10-22,0.002892
台积电,损害,非台湾或中国籍的员工,2024-11-13,0.002867
投资人,认为犯罪,台积电,2024-11-05,0.002863
特朗普,认为有威胁,台湾,2024-11-07,0.002863
特朗普,认为有威胁,台湾,2024-12-03,0.002863
特朗普,认为有威胁,台湾,2024-12-03,0.002863
特朗普,认为有威胁,台湾,2024-11-07,0.002863
特朗普,认为有威胁,台湾,2024-12-03,0.002863
特朗普,认为有威胁,台湾,2024-12-03,0.002863
特朗普,认为有威胁,台湾,2024-11-14,0.002863
特朗普,认为有威胁,台湾,2024-12-03,0.002863
特朗普,认为有威胁,台湾,2024-12-03,0.002863
特朗普,认为有威胁,台湾,2024-12-03,0.002863
特朗普,认为有威胁,台湾,2024-12-03,0.002863
特朗普,认为有威胁,台湾,2024-11-06,0.002863
特朗普,认为有威胁,台湾,2024-12-03,0.002863
特朗普,认为有威胁,台湾,2025-02-25,0.002863
特朗普,认为有威胁,台湾,2025-02-25,0.002863
特朗普,认为有威胁,台湾,2025-02-13,0.002863
特朗普,认为有威胁,台湾,2024-11-07,0.002863
特朗普,认为有威胁,台湾,2024-11-05,0.002863
特朗普,认为有威胁,台湾,2024-11-07,0.002863
特朗普,认为有威胁,台湾,2024-11-07,0.002863
特朗普,认为有威胁,台湾,2024-11-07,0.002863
特朗普,认为有威胁,台湾,2024-11-13,0.002863
特朗普,认为有威胁,台湾,2025-02-13,0.002863
特朗普,认为有威胁,台湾,2025-02-19,0.002863
特朗普,认为有威胁,台湾,2024-11-05,0.002863
特朗普,认为有威胁,台湾,2024-10-19,0.002863
特朗普,认为有威胁,台湾,2024-11-15,0.002863
特朗普,认为有威胁,台湾,2024-11-15,0.002863
特朗普,认为有威胁,台湾,2024-11-15,0.002863
特朗普,认为有威胁,台湾,2024-11-15,0.002863
特朗普,认为有威胁,台湾,2024-11-15,0.002863
特朗普,认为有威胁,台湾,2024-11-15,0.002863
特朗普,认为有威胁,台湾,2024-11-15,0.002863
特朗普,认为有威胁,台湾,2024-11-15,0.002863
特朗普,认为有威胁,台湾,2024-11-15,0.002863
特朗普,认为有威胁,台湾,2024-11-15,0.002863
特朗普,认为有威胁,台湾,2024-11-15,0.002863
特朗普,认为有威胁,台湾,2024-11-12,0.002863
特朗普,认为有威胁,台湾,2024-10-30,0.002863
特朗普,认为有威胁,台湾,2024-09-10,0.002863
特朗普,认为有威胁,台湾,2024-09-10,0.002863
特朗普,认为有威胁,台湾,2024-09-10,0.002863
特朗普,认为有威胁,台湾,2024-11-15,0.002863
特朗普,认为有威胁,台湾,2024-10-30,0.002863
特朗普,认为有威胁,台湾,2024-11-15,0.002863
特朗普,认为有威胁,台湾,2024-11-15,0.002863
特朗普,认为有威胁,台湾,2024-11-12,0.002863
特朗普,认为有威胁,台湾,2024-11-13,0.002863
特朗普,认为有威胁,台湾,2024-11-13,0.002863
特朗普,认为有威胁,台湾,2024-11-13,0.002863
特朗普,认为有威胁,台湾,2024-11-13,0.002863
特朗普,认为有威胁,台湾,2024-12-02,0.002863
特朗普,认为有威胁,台湾,2024-12-02,0.002863
特朗普,认为有威胁,台湾,2024-11-05,0.002863
特朗普,认为有威胁,台湾,2024-11-13,0.002863
特朗普,认为有威胁,台湾,2024-11-13,0.002863
特朗普,认为有威胁,台湾,2024-11-13,0.002863
特朗普,认为有威胁,台湾,2024-11-11,0.002863
特朗普,认为有威胁,台湾,2024-11-11,0.002863
特朗普,认为有威胁,台湾,2024-11-05,0.002863
特朗普,认为有威胁,台湾,2024-11-11,0.002863
特朗普,认为有威胁,台湾,2024-11-05,0.002863
特朗普,认为有威胁,台湾,2025-02-19,0.002863
特朗普,认为有威胁,台湾,2025-02-19,0.002863
特朗普,认为有威胁,台湾,2024-11-12,0.002863
美国,喜欢,黄仁勋,2025-01-16,0.002858
美国,喜欢,黄仁勋,2025-01-16,0.002858
美国,喜欢,黄仁勋,2025-01-16,0.002858
Bloomberg,认为优秀,台积电,2024-10-24,0.002827
鲍威尔,感谢,特朗普,2025-01-14,0.002819
特朗普,认为非法,中国,2024-11-19,0.002818
美国,感到满意,英伟达,2024-11-18,0.002806
美国,感到满意,英伟达,2024-11-18,0.002806
美国,感到满意,英伟达,2024-11-18,0.002806
半导体,担忧,苹果,2025-02-23,0.002784
亚当·波森,感到不满,特朗普,2024-11-06,0.002782
当地立法者,认可,台积电,2024-11-12,0.002781
CNA,质疑,台积电,2024-11-03,0.002764
黄仁勋,感到不满,英伟达,2025-01-10,0.002761
吴部长,认为有威胁,台积电,2024-11-28,0.002758
路透社,主导,三星,2024-08-27,0.002748
投资人,批评,台积电,2024-11-05,0.002709
苹果投资者,认可,台积电,2024-10-23,0.002693
波士顿咨询集团,增进,台积电,2025-02-11,0.002651
瑞克·卡斯迪,增进,台积电,2024-12-16,0.002645
台积电,感谢,分享,2025-02-09,0.002597
台积电,感谢,分享,2025-02-25,0.002597
美国,认可,台积公司,2024-11-09,0.002595
美国,认可,台积公司,2024-11-29,0.002595
美国,认可,台积公司,2024-11-29,0.002595
美国,认可,台积公司,2024-11-29,0.002595
美国,认可,台积公司,2024-10-23,0.002595
华盛顿,认为可靠,中国,2024-11-07,0.002594
白宫,支持,台积电,2024-11-14,0.002592
罗伯特·梅尔,主导,特朗普,2024-11-15,0.002586
美国,认为有成就,中国,2024-08-26,0.002583
SemiWiki论坛,质疑,台积电,2024-11-12,0.002577
美国,认为可靠,高通,2024-09-22,0.002556
美国,认为可靠,高通,2024-09-22,0.002556
Coatsworth,认为可靠,台积电,2024-10-17,0.002550
台积电,损害,中国客户,2024-11-09,0.002511
台积电,损害,中国客户,2024-11-09,0.002511
台积电,损害,中国客户,2024-11-09,0.002511
台积电,损害,中国客户,2024-11-09,0.002511
特朗普,认为优秀,苹果,2025-02-04,0.002500
巴克莱,认为优秀,台积电,2024-12-25,0.002475
标普全球市场情报公司,损害,台积电,2024-11-10,0.002466
高盛,主导,美国,2024-11-02,0.002457
台湾陆委会,威胁,台积电,2025-02-25,0.002456
新冠肺炎疫情,认可,台积电,2024-11-02,0.002451
投资人,认为可靠,台积电,2024-11-05,0.002445
《CHIPS法案》,认为有威胁,台积电,2024-12-02,0.002441
中央通讯社（CNA）,担忧,台积电,2024-11-03,0.002428
中央通讯社（CNA）,担忧,台积电,2024-11-03,0.002428
"路透社  
路透社",认可,台积电,2025-01-10,0.002414
詹森·黄,主导,英伟达,2024-12-02,0.002411
参议员,认为有威胁,台积电,2024-10-31,0.002408
亚当·波森,认为可靠,特朗普,2024-11-06,0.002405
亚当·波森,认为可靠,特朗普,2024-11-06,0.002405
台积公司,主导,美国,2024-11-09,0.002392
台积公司,主导,美国,2024-11-09,0.002392
台积公司,主导,美国,2024-11-09,0.002392
台积公司,主导,美国,2024-11-13,0.002392
台积公司,主导,美国,2024-11-13,0.002392
美国,认为有成就,阿斯麦,2024-10-31,0.002376
美国,认为有成就,阿斯麦,2024-10-31,0.002376
美国,质疑,TSMC,2024-10-22,0.002368
美国,质疑,TSMC,2024-10-18,0.002368
美国,质疑,TSMC,2024-10-22,0.002368
美国,认为非法,TSMC,2024-12-21,0.002361
美国,认为非法,TSMC,2024-10-22,0.002361
C.C. Wei,认为优秀,台积电,2024-10-23,0.002360
C.C. Wei,认为优秀,台积电,2024-10-31,0.002360
C.C. Wei,认为优秀,台积电,2024-10-31,0.002360
当地立法者,感到满意,台积电,2024-11-12,0.002348
AI芯片,认为可靠,台积电,2024-11-07,0.002340
AI芯片,认为可靠,台积电,2024-11-07,0.002340
中国,认为热情,赖清德,2025-01-16,0.002324
美国,支持,英伟达,2024-12-26,0.002294
美国,支持,英伟达,2024-11-09,0.002294
美国,支持,英伟达,2024-11-18,0.002294
美国,支持,英伟达,2024-11-18,0.002294
美国,支持,英伟达,2024-11-18,0.002294
花旗集团,认为优秀,台积电,2024-08-28,0.002286
黄仁勋,担忧,英伟达,2025-01-10,0.002270
黄仁勋,担忧,英伟达,2025-01-10,0.002270
黄仁勋,担忧,英伟达,2025-01-10,0.002270
黄仁勋,担忧,英伟达,2024-09-28,0.002270
标普全球市场情报公司,质疑,台积电,2024-11-10,0.002263
标普全球市场情报公司,质疑,台积电,2024-11-10,0.002263
中国,喜欢,赖清德,2025-01-16,0.002257
拉乌莉·李,认为优秀,苹果,2024-11-06,0.002254
拉乌莉·李,认为优秀,苹果,2024-11-06,0.002254
哈什·库马尔,担忧,英伟达,2024-11-12,0.002214
7.4级地震,损害,台积电,2024-09-30,0.002176
程庭芳,担忧,苹果,2024-11-06,0.002173
哈什·库马尔,视作英雄,派珀·萨兰德,2024-11-12,0.002168
台湾高级安全官员,认可,台积电,2025-02-13,0.002164
特朗普,认为失败,台湾,2024-12-03,0.002148
特朗普,认为失败,台湾,2024-12-03,0.002148
特朗普,认为失败,台湾,2024-12-03,0.002148
特朗普,认为失败,台湾,2024-12-03,0.002148
特朗普,认为失败,台湾,2024-12-03,0.002148
特朗普,认为失败,台湾,2024-11-11,0.002148
摩根,认为优秀,台积电,2024-10-06,0.002139
亚当·波森,主导,《芯片和科学法案》,2024-11-06,0.002137
彼得·蒂尔,相信,特朗普,2024-11-18,0.002121
彼得·蒂尔,相信,特朗普,2024-11-18,0.002121
投资者,感谢,苹果,2024-09-05,0.002118
美国,感到不满,拜登,2024-08-28,0.002113
美国,感到不满,拜登,2024-08-28,0.002113
特朗普,喜欢,华为,2024-10-31,0.002110
特朗普,喜欢,华为,2024-11-28,0.002110
特朗普,指责,台湾,2024-11-07,0.002110
特朗普,支持,台湾,2024-12-03,0.002096
特朗普,支持,台湾,2025-02-19,0.002096
特朗普,欢迎,英伟达,2024-12-29,0.002096
Russ Mould,认可,台积电,2025-01-10,0.002071
北京,认为有威胁,台湾,2025-02-19,0.002070
台湾经济部,质疑,台积电,2024-11-09,0.002068
台湾经济部,质疑,台积电,2024-11-09,0.002068
Jim Cramer,相信,苹果,2024-11-03,0.002053
Jim Cramer,相信,苹果,2024-11-03,0.002053
Jim Cramer,相信,苹果,2024-11-03,0.002053
克里斯托夫·福科,认为非法,美国,2024-11-05,0.002053
埃隆·马斯克,担忧,英伟达,2024-09-18,0.002046
投资者,增加保护需求,台积电,2024-08-08,0.002045
吴成文,认为优秀,台积电,2024-11-28,0.002040
美国,认可,高通,2024-09-22,0.002023
花旗集团,认为有暴力,台积电,2024-08-28,0.002020
特朗普,质疑,台湾,2024-11-07,0.002005
特朗普,质疑,台湾,2024-12-03,0.002005
特朗普,质疑,台湾,2025-02-13,0.002005
特朗普,质疑,台湾,2025-02-13,0.002005
特朗普,质疑,台湾,2024-12-03,0.002005
特朗普,质疑,台湾,2024-12-03,0.002005
特朗普,质疑,台湾,2024-11-14,0.002005
特朗普,质疑,台湾,2024-11-14,0.002005
特朗普,质疑,台湾,2024-12-03,0.002005
特朗普,质疑,台湾,2024-12-03,0.002005
特朗普,质疑,台湾,2024-12-03,0.002005
特朗普,质疑,台湾,2024-11-06,0.002005
特朗普,质疑,台湾,2024-12-03,0.002005
特朗普,质疑,台湾,2025-02-25,0.002005
特朗普,质疑,台湾,2025-02-25,0.002005
特朗普,质疑,台湾,2025-02-25,0.002005
特朗普,质疑,台湾,2025-02-13,0.002005
特朗普,质疑,台湾,2025-02-13,0.002005
特朗普,质疑,台湾,2025-02-13,0.002005
特朗普,质疑,台湾,2024-11-05,0.002005
特朗普,质疑,台湾,2024-11-05,0.002005
特朗普,质疑,台湾,2024-11-05,0.002005
特朗普,质疑,台湾,2024-11-07,0.002005
特朗普,质疑,台湾,2024-11-10,0.002005
特朗普,质疑,台湾,2024-11-10,0.002005
特朗普,质疑,台湾,2025-02-13,0.002005
特朗普,质疑,台湾,2025-02-13,0.002005
特朗普,质疑,台湾,2025-02-19,0.002005
特朗普,质疑,台湾,2025-02-19,0.002005
特朗普,质疑,台湾,2024-11-05,0.002005
特朗普,质疑,台湾,2024-11-05,0.002005
特朗普,质疑,台湾,2024-11-05,0.002005
特朗普,质疑,台湾,2024-11-05,0.002005
特朗普,质疑,台湾,2024-11-15,0.002005
特朗普,质疑,台湾,2024-11-15,0.002005
特朗普,质疑,台湾,2024-11-15,0.002005
特朗普,质疑,台湾,2024-11-15,0.002005
特朗普,质疑,台湾,2024-11-15,0.002005
特朗普,质疑,台湾,2024-11-15,0.002005
特朗普,质疑,台湾,2024-11-10,0.002005
特朗普,质疑,台湾,2024-11-12,0.002005
特朗普,质疑,台湾,2024-10-30,0.002005
特朗普,质疑,台湾,2024-10-30,0.002005
特朗普,质疑,台湾,2024-11-15,0.002005
特朗普,质疑,台湾,2024-11-13,0.002005
特朗普,质疑,台湾,2024-11-12,0.002005
特朗普,质疑,台湾,2024-11-05,0.002005
特朗普,质疑,台湾,2024-12-02,0.002005
特朗普,质疑,台湾,2024-12-02,0.002005
特朗普,质疑,台湾,2024-11-11,0.002005
特朗普,质疑,台湾,2024-11-11,0.002005
特朗普,质疑,台湾,2024-11-05,0.002005
特朗普,质疑,台湾,2025-02-19,0.002005
特朗普,质疑,台湾,2025-02-19,0.002005
特朗普,主导,《芯片法案》,2024-11-07,0.001999
特朗普,主导,《芯片法案》,2024-11-07,0.001999
特朗普,主导,《芯片法案》,2024-11-07,0.001999
特朗普,主导,《芯片法案》,2024-11-07,0.001999
特朗普,主导,《芯片法案》,2024-11-07,0.001999
特朗普,主导,《芯片法案》,2024-11-07,0.001999
特朗普,主导,《芯片法案》,2024-11-07,0.001999
特朗普,主导,《芯片法案》,2024-11-07,0.001999
特朗普,主导,《芯片法案》,2024-11-07,0.001999
特朗普,主导,《芯片法案》,2024-11-05,0.001999
特朗普,主导,《芯片法案》,2024-11-15,0.001999
特朗普,主导,《芯片法案》,2024-11-06,0.001999
特朗普,主导,《芯片法案》,2024-11-06,0.001999
特朗普,主导,《芯片法案》,2024-11-10,0.001999
特朗普,主导,《芯片法案》,2024-11-10,0.001999
特朗普,主导,《芯片法案》,2024-11-10,0.001999
特朗普,主导,《芯片法案》,2024-11-10,0.001999
特朗普,主导,《芯片法案》,2024-11-12,0.001999
特朗普,主导,《芯片法案》,2024-11-06,0.001999
特朗普,主导,《芯片法案》,2024-11-12,0.001999
特朗普,主导,《芯片法案》,2024-11-05,0.001999
特朗普,主导,《芯片法案》,2024-11-06,0.001999
特朗普,主导,《芯片法案》,2024-11-06,0.001999
特朗普,主导,《芯片法案》,2024-11-06,0.001999
特朗普,主导,《芯片法案》,2024-11-06,0.001999
特朗普,主导,《芯片法案》,2024-11-06,0.001999
特朗普,主导,《芯片法案》,2024-11-12,0.001999
特朗普,主导,《芯片法案》,2024-11-12,0.001999
特朗普,主导,《芯片法案》,2024-11-12,0.001999
美国,认为缺乏,英伟达,2024-10-20,0.001987
白宫,认为优秀,台积电,2024-11-14,0.001986
Harlan Sur,批评,台积电,2024-10-28,0.001977
美国,认可,华为,2024-10-31,0.001975
台积电,认为优秀,英特尔,2024-12-03,0.001963
布莱克韦尔,增进,台积电,2024-11-20,0.001963
马斯克,感到不满,特斯拉,2025-02-05,0.001949
马斯克,感到不满,特斯拉,2025-02-05,0.001949
中国,欢迎,赖清德,2025-01-16,0.001948
台积电,认为可靠,数据中心,2024-09-27,0.001928
台积电,认为可靠,数据中心,2024-09-27,0.001928
麦肯锡公司,认为优秀,台积电,2024-09-05,0.001927
沙弗,担忧,英伟达,2024-11-14,0.001919
美国,质疑,拜登,2024-08-28,0.001912
美国,质疑,拜登,2024-08-28,0.001912
稀土矿物禁令,损害,台积电,2025-01-14,0.001909
美国,认为违规,英伟达,2024-11-09,0.001907
特朗普,攻击,台湾,2024-12-03,0.001898
特朗普,攻击,台湾,2024-12-03,0.001898
特朗普,攻击,台湾,2024-12-03,0.001898
特朗普,攻击,台湾,2024-11-10,0.001898
特朗普,攻击,台湾,2024-11-10,0.001898
特朗普,攻击,台湾,2025-02-25,0.001898
特朗普,攻击,台湾,2025-02-19,0.001898
特朗普,攻击,台湾,2024-10-21,0.001898
特朗普,攻击,台湾,2024-11-15,0.001898
特朗普,攻击,台湾,2024-11-15,0.001898
特朗普,攻击,台湾,2024-11-05,0.001898
特朗普,攻击,台湾,2024-12-02,0.001898
特朗普,攻击,台湾,2024-11-05,0.001898
特朗普,攻击,台湾,2024-11-05,0.001898
特朗普,攻击,台湾,2024-11-11,0.001898
特朗普,攻击,台湾,2024-11-11,0.001898
特朗普,攻击,台湾,2024-11-05,0.001898
特朗普,攻击,台湾,2024-11-11,0.001898
特朗普,攻击,台湾,2024-11-11,0.001898
特朗普,攻击,台湾,2024-11-05,0.001898
特朗普,攻击,台湾,2024-11-12,0.001898
TSMC,推动,美国,2024-11-24,0.001896
《商业韩国》,认可,台积电,2024-11-16,0.001893
美国,增进,英伟达,2024-11-18,0.001877
美国,增进,英伟达,2024-11-18,0.001877
美国,增进,英伟达,2024-11-18,0.001877
中国,认为有危机,台湾,2025-01-14,0.001871
中国,认为有危机,台湾,2025-01-14,0.001871
特朗普,认为有威胁,新加坡,2025-02-26,0.001852
克里斯托夫·福凯,主导,彭博科技峰会,2024-10-31,0.001839
克里斯托夫·福凯,主导,彭博科技峰会,2024-10-31,0.001839
克里斯托夫·福凯,主导,彭博科技峰会,2024-10-31,0.001839
台湾,推动,半导体,2024-11-09,0.001836
特朗普,欣赏,台湾,2024-12-03,0.001831
特朗普,欣赏,台湾,2024-12-03,0.001831
特朗普,欣赏,台湾,2024-12-03,0.001831
特朗普,欣赏,台湾,2024-12-03,0.001831
特朗普,欣赏,台湾,2024-12-03,0.001831
特朗普,欣赏,台湾,2024-12-03,0.001831
特朗普,欣赏,台湾,2024-12-02,0.001831
华纳参议员,质疑,台积电,2024-10-31,0.001824
Jim Cramer,担忧,苹果,2024-11-03,0.001810
Jim Cramer,担忧,苹果,2024-11-03,0.001810
Jim Cramer,担忧,苹果,2024-11-03,0.001810
唐永年,质疑,台积电,2024-11-12,0.001805
唐纳德·特朗,感到不满,台湾,2024-12-03,0.001801
投资者,认为有暴力,台积电,2024-09-24,0.001799
投资者,认为有暴力,台积电,2024-09-24,0.001799
投资者,认为有暴力,台积电,2024-11-29,0.001799
半导体,质疑,苹果,2025-02-23,0.001792
凯蒂·克雷尔,欢迎,苹果,2024-11-13,0.001789
亚当·波森,认为有成就,特朗普,2024-11-06,0.001780
投资人,认可,台积电,2024-11-05,0.001779
清水洋治,主导,美国,2024-08-26,0.001777
投资人,攻击,台积电,2024-11-05,0.001775
波士顿咨询集团,认为优秀,台积电,2025-02-11,0.001750
波士顿咨询集团,认为优秀,台积电,2025-02-11,0.001750
台湾,主导,半导体,2024-12-03,0.001749
台湾,主导,半导体,2024-12-03,0.001749
Coatsworth,认可,台积电,2024-10-17,0.001749
中央通讯社（CNA）,感到不满,台积电,2024-11-03,0.001736
日本传媒,认为有威胁,台积电,2024-10-28,0.001735
日本传媒,认为有威胁,台积电,2024-10-28,0.001735
日本传媒,认为有危机,台积电,2024-10-28,0.001732
日本传媒,认为有危机,台积电,2024-10-28,0.001732
美国,认为有威胁,特朗普,2024-11-08,0.001727
美国,认为有威胁,特朗普,2024-11-08,0.001727
于伊齐,批评,台积电,2024-12-14,0.001727
JW Kuo,担忧,特朗普,2024-11-09,0.001727
台积电,担忧,数据中心,2024-09-27,0.001719
马斯克,相信,特斯拉,2025-02-05,0.001707
投资人,感到满意,台积电,2024-11-05,0.001697
中国,主导,美国,2025-01-10,0.001697
台湾经济部,相信,台积电,2024-11-09,0.001696
算能科技,损害,台积电,2024-10-28,0.001692
算能科技,损害,台积电,2024-10-28,0.001692
丹·埃夫斯,担忧,英伟达,2024-11-24,0.001683
罗伯特·桑德斯,认为优秀,台积电,2025-01-16,0.001665
美国,损害,英伟达,2024-11-19,0.001665
美国,损害,英伟达,2024-11-14,0.001665
美国,损害,英伟达,2025-01-13,0.001665
美国,损害,英伟达,2024-11-18,0.001665
投资人,欣赏,台积电,2024-11-05,0.001656
中国,认可,美国,2025-01-10,0.001649
美国,提供贷款,TSMC,2024-11-15,0.001634
美国,提供贷款,TSMC,2024-11-14,0.001634
美国,提供贷款,TSMC,2024-11-14,0.001634
美国,提供贷款,TSMC,2024-11-15,0.001634
美国,提供贷款,TSMC,2024-11-14,0.001634
美国,提供贷款,TSMC,2024-10-14,0.001634
中国,认为恐怖,台湾,2025-01-14,0.001631
中国,认为恐怖,台湾,2025-01-14,0.001631
美国,认为有威胁,拜登,2024-08-28,0.001624
美国,认为有威胁,拜登,2024-08-28,0.001624
《CHIPS法案》,威胁,台积电,2024-12-02,0.001612
克里斯托夫·福克,担忧,美国,2024-10-31,0.001611
中央通讯社（CNA）,认为恐怖,台积电,2024-11-03,0.001602
台积电,增进,ASML,2024-12-29,0.001598
摩根大通,担忧,特斯拉,2025-02-05,0.001547
TSMC,扩展制造足迹,美国,2025-01-12,0.001546
日本传媒,威胁,台积电,2024-10-28,0.001544
日本传媒,威胁,台积电,2024-10-28,0.001544
美国,欢迎,特朗普,2025-01-15,0.001525
美国,欢迎,特朗普,2025-01-16,0.001525
中国,认为非法,美国,2024-09-30,0.001517
华纳参议员,认为有危机,台积电,2024-10-31,0.001510
美国,主导,台积公司,2024-11-29,0.001507
美国,主导,台积公司,2024-11-29,0.001507
特朗普,主导,《芯片和科学法案》,2024-11-15,0.001496
特朗普,主导,《芯片和科学法案》,2024-11-06,0.001496
特朗普,主导,《芯片和科学法案》,2024-11-06,0.001496
特朗普,主导,《芯片和科学法案》,2024-11-05,0.001496
特朗普,主导,《芯片和科学法案》,2024-12-02,0.001496
特朗普,主导,《芯片和科学法案》,2024-11-05,0.001496
特朗普,主导,《芯片和科学法案》,2024-11-05,0.001496
特朗普,主导,《芯片和科学法案》,2024-11-05,0.001496
台湾,认为有威胁,中国,2024-11-07,0.001489
台积电,感到不满,数据中心,2024-09-27,0.001480
中央通讯社（CNA）,认为有危机,台积电,2024-11-03,0.001463
总统竞选胜利,损害,台积电,2024-11-12,0.001448
美国,提供资金,TSMC,2024-11-27,0.001442
美国,提供资金,TSMC,2024-11-15,0.001442
美国,提供资金,TSMC,2024-11-14,0.001442
美国,提供资金,TSMC,2024-11-14,0.001442
特朗普,认可,华为,2024-10-31,0.001440
Dan Ives,担忧,苹果,2024-10-23,0.001439
Dan Ives,担忧,苹果,2024-10-23,0.001439
李民熙,认为有威胁,特朗普,2024-11-12,0.001438
亚当·普森,认为有成就,特朗普,2024-11-06,0.001434
白宫,欢迎,特朗普,2024-11-05,0.001433
马斯克,感谢,黄仁勋,2024-09-16,0.001433
拜登政府,担忧,特朗普,2024-11-07,0.001428
中国,认为有威胁,台湾,2025-01-14,0.001425
中国,认为有威胁,台湾,2024-11-16,0.001425
台积电,质疑,创新,2024-09-27,0.001403
台积电,喜欢,弹吉他,2024-08-17,0.001399
美国,攻击,英伟达,2024-11-19,0.001392
中央通讯社（CNA）,质疑,台积电,2024-11-03,0.001379
中央通讯社（CNA）,质疑,台积电,2024-11-03,0.001379
美国,质疑,台积公司,2024-11-29,0.001376
美国,质疑,台积公司,2024-10-30,0.001376
美国,质疑,台积公司,2024-11-12,0.001376
吴部长,认为可靠,台积电,2024-11-28,0.001372
特朗普,主导,美联储,2025-01-10,0.001368
特朗普,主导,美联储,2025-01-10,0.001368
台积电,主导,AI芯片,2024-12-12,0.001339
美国,认为有成就,高通,2024-09-22,0.001338
CNA,相信,台积电,2024-11-03,0.001335
台积电,获得资金,10亿美元,2024-11-15,0.001318
英特尔总裁,担忧,台积电,2024-11-29,0.001309
哈利·德恩,认为有威胁,英伟达,2024-09-16,0.001308
特朗普,担忧,半导体,2025-02-09,0.001303
特朗普,担忧,半导体,2024-12-25,0.001303
特朗普,担忧,半导体,2024-12-25,0.001303
台湾,认为可靠,美台伙伴关系,2024-11-14,0.001277
华盛顿,质疑,北京,2024-11-20,0.001276
台积电,相信,多元化劳动力的价值,2024-11-13,0.001263
德恩,担忧,英伟达,2024-09-16,0.001260
日本传媒,质疑,台积电,2024-10-28,0.001255
日本传媒,质疑,台积电,2024-10-28,0.001255
美国,主导,TSMC,2024-10-22,0.001250
美国,主导,TSMC,2024-10-20,0.001250
美国,主导,TSMC,2024-10-22,0.001250
特朗普,认为有威胁,华为,2024-10-31,0.001249
特朗普,认为有威胁,华为,2024-11-28,0.001249
美国,认为优秀,三星,2024-11-14,0.001247
美国,认为有威胁,苹果,2024-11-30,0.001247
美国,威胁,英伟达,2024-11-19,0.001239
谷歌,认可,亚马逊,2024-10-16,0.001238
彼得·蒂尔,担忧,特朗普,2024-11-18,0.001237
彼得·蒂尔,担忧,特朗普,2024-11-18,0.001237
TSMC,成为依赖的外国供应商,美国,2024-10-24,0.001234
imes,担忧,台积电,2024-12-11,0.001231
《经济日报》,认为优秀,台积电,2024-11-10,0.001229
埃隆·马斯克,担忧,特朗普,2024-10-29,0.001225
台积电,增进,半导体,2024-10-19,0.001225
台积电,增进,半导体,2024-10-19,0.001225
台积电,增进,半导体,2024-11-06,0.001225
台积电,增进,半导体,2024-10-19,0.001225
台积电,增进,半导体,2024-11-25,0.001225
台积电,增进,半导体,2025-02-23,0.001225
台积电,增进,半导体,2024-10-19,0.001225
台积电,增进,半导体,2024-10-19,0.001225
当地立法者,认为犯罪,台积电,2024-11-12,0.001222
《自由时报》,认可,台积电,2024-11-09,0.001222
imes,质疑,台积电,2024-12-11,0.001221
吴部长,认可,台积电,2024-11-28,0.001219
路透社,感到不满,苹果,2024-10-27,0.001218
日本,认可,美国,2024-12-02,0.001213
台积电,威胁,生产,2024-11-05,0.001202
TSMC,拒绝转移技术,美国,2024-10-21,0.001198
藤原忠弘,支持,台积电,2024-09-24,0.001195
特朗普,担忧,《芯片和科学法案》,2024-11-15,0.001195
特朗普,担忧,《芯片和科学法案》,2024-11-05,0.001195
特朗普,担忧,《芯片和科学法案》,2024-11-05,0.001195
特朗普,担忧,《芯片和科学法案》,2024-11-05,0.001195
当地立法者,批评,台积电,2024-11-12,0.001189
黄仁勋,相信,英伟达,2025-01-10,0.001189
黄仁勋,相信,英伟达,2025-01-10,0.001189
蒂姆·库克,感谢,苹果,2024-10-26,0.001189
阿里巴巴,认为可靠,中国,2024-10-19,0.001181
日本传媒,相信,台积电,2024-10-28,0.001173
日本传媒,相信,台积电,2024-10-28,0.001173
杰西·利文森,担忧,特斯拉,2024-11-01,0.001166
美国,认为有危机,英伟达,2024-10-20,0.001156
美国,认为有危机,英伟达,2024-10-20,0.001156
美国,认为有危机,英伟达,2024-11-18,0.001156
TSMC,获得补助,美国,2024-11-19,0.001155
美国,提供补贴,TSMC,2024-11-14,0.001154
美国,提供补贴,TSMC,2024-10-24,0.001154
美国,认可,台湾积电,2024-10-27,0.001145
美国,认可,台湾积电,2024-10-23,0.001145
中国,攻击,台湾,2025-02-26,0.001144
中国,攻击,台湾,2024-11-16,0.001144
哈什·库马尔,认为可靠,英伟达,2024-11-12,0.001143
亚当·波森,认为恐怖,特朗普,2024-11-06,0.001139
亚当·波森,认为恐怖,特朗普,2024-11-06,0.001139
亚当·波森,认为恐怖,特朗普,2024-11-06,0.001139
美国,损害,台积公司,2024-11-29,0.001136
特朗普,感到不满,英伟达,2024-11-19,0.001129
亚当·波森,相信,特朗普,2024-11-06,0.001127
亚当·波森,相信,特朗普,2024-11-06,0.001127
亚当·波森,相信,特朗普,2024-11-06,0.001127
亚当·普森,认可,特朗普,2024-11-06,0.001122
亚当·普森,认可,特朗普,2024-11-06,0.001122
黄仁勋,认为可靠,英伟达,2024-09-20,0.001121
黄仁勋,认为可靠,英伟达,2025-01-10,0.001121
黄仁勋,认为可靠,英伟达,2025-01-10,0.001121
黄仁勋,认为可靠,英伟达,2025-01-10,0.001121
黄仁勋,认为可靠,英伟达,2024-12-11,0.001121
黄仁勋,认为可靠,英伟达,2025-01-10,0.001121
特朗普,支持,华为,2024-10-31,0.001117
特朗普,支持,华为,2024-11-28,0.001117
特朗普,威胁,台湾,2024-12-03,0.001105
特朗普,威胁,台湾,2024-12-03,0.001105
特朗普,威胁,台湾,2024-12-03,0.001105
特朗普,威胁,台湾,2024-11-14,0.001105
特朗普,威胁,台湾,2024-12-03,0.001105
特朗普,威胁,台湾,2024-12-03,0.001105
特朗普,威胁,台湾,2024-12-03,0.001105
特朗普,威胁,台湾,2024-12-03,0.001105
特朗普,威胁,台湾,2024-11-06,0.001105
特朗普,威胁,台湾,2024-12-03,0.001105
特朗普,威胁,台湾,2025-02-25,0.001105
特朗普,威胁,台湾,2025-02-25,0.001105
特朗普,威胁,台湾,2025-02-13,0.001105
特朗普,威胁,台湾,2024-11-07,0.001105
特朗普,威胁,台湾,2024-11-07,0.001105
特朗普,威胁,台湾,2025-02-13,0.001105
特朗普,威胁,台湾,2025-02-19,0.001105
特朗普,威胁,台湾,2024-10-21,0.001105
特朗普,威胁,台湾,2024-11-15,0.001105
特朗普,威胁,台湾,2024-11-15,0.001105
特朗普,威胁,台湾,2024-11-15,0.001105
特朗普,威胁,台湾,2024-11-15,0.001105
特朗普,威胁,台湾,2024-11-15,0.001105
特朗普,威胁,台湾,2024-11-15,0.001105
特朗普,威胁,台湾,2024-11-15,0.001105
特朗普,威胁,台湾,2024-11-15,0.001105
特朗普,威胁,台湾,2024-11-15,0.001105
特朗普,威胁,台湾,2024-11-15,0.001105
特朗普,威胁,台湾,2024-11-15,0.001105
特朗普,威胁,台湾,2024-10-30,0.001105
特朗普,威胁,台湾,2024-09-10,0.001105
特朗普,威胁,台湾,2024-11-15,0.001105
特朗普,威胁,台湾,2024-10-30,0.001105
特朗普,威胁,台湾,2024-11-15,0.001105
特朗普,威胁,台湾,2024-11-13,0.001105
特朗普,威胁,台湾,2024-12-02,0.001105
特朗普,威胁,台湾,2024-11-05,0.001105
特朗普,威胁,台湾,2024-11-05,0.001105
特朗普,威胁,台湾,2024-11-13,0.001105
特朗普,威胁,台湾,2024-11-13,0.001105
特朗普,威胁,台湾,2024-11-13,0.001105
特朗普,威胁,台湾,2024-11-11,0.001105
特朗普,威胁,台湾,2024-11-11,0.001105
特朗普,威胁,台湾,2024-11-11,0.001105
特朗普,威胁,台湾,2024-11-11,0.001105
特朗普,威胁,台湾,2024-11-05,0.001105
特朗普,威胁,台湾,2024-11-11,0.001105
特朗普,威胁,台湾,2024-11-13,0.001105
特朗普,威胁,台湾,2024-11-05,0.001105
吉娜·雷蒙多,主导,美国,2024-10-02,0.001100
派珀·萨兰德,认为优秀,英伟达,2024-11-12,0.001099
半导体,感到不满,苹果,2025-02-23,0.001093
贝索斯,担忧,特朗普,2024-10-29,0.001092
台湾,主导,计划,2024-09-02,0.001089
美国,支持,苹果,2024-11-30,0.001089
美国,认为恐怖,英伟达,2024-10-20,0.001073
美国,认为恐怖,英伟达,2024-10-20,0.001073
美国,认为恐怖,英伟达,2024-11-18,0.001073
美国,认为恐怖,英伟达,2024-11-18,0.001073
美国,认为恐怖,英伟达,2024-11-18,0.001073
清水洋治,认为可靠,美国,2024-08-26,0.001072
高通收购英特尔,增进,台积电,2024-09-29,0.001072
特朗普,相信,美国,2024-12-03,0.001062
特朗普,相信,美国,2024-11-13,0.001062
马斯克,认为有威胁,特斯拉,2025-02-05,0.001056
马斯克,认为有威胁,特斯拉,2025-02-05,0.001056
马斯克,认为有威胁,特斯拉,2025-02-05,0.001056
投资人,认为缺乏,台积电,2024-11-05,0.001054
马斯克,认为可靠,特斯拉,2025-02-05,0.001047
马斯克,认为可靠,特斯拉,2025-02-05,0.001047
马斯克,认为可靠,特斯拉,2024-11-27,0.001047
蒂姆·库克,担忧,苹果,2024-10-26,0.001040
乔·拜登,支持,台湾,2024-11-07,0.001038
美国,主导,《芯片法案》,2024-10-22,0.001037
美国,主导,《芯片法案》,2024-10-22,0.001037
美国,主导,《芯片法案》,2024-10-29,0.001037
美国,主导,《芯片法案》,2024-10-29,0.001037
美国,主导,《芯片法案》,2024-10-29,0.001037
美国,主导,《芯片法案》,2024-10-29,0.001037
美国,主导,《芯片法案》,2024-10-22,0.001037
美国,主导,《芯片法案》,2024-09-20,0.001037
美国,主导,《芯片法案》,2024-12-03,0.001037
美国,主导,《芯片法案》,2024-11-26,0.001037
美国,主导,《芯片法案》,2024-08-21,0.001037
美国,主导,《芯片法案》,2024-12-11,0.001037
美国,主导,《芯片法案》,2024-12-29,0.001037
美国,主导,《芯片法案》,2024-12-27,0.001037
美国,主导,《芯片法案》,2024-09-25,0.001037
美国,主导,《芯片法案》,2024-09-25,0.001037
公司创始人,认为有成就,台积电,2025-02-23,0.001015
埃迪松·李,担忧,特朗普,2024-11-15,0.001008
美国,认为有威胁,英伟达,2024-10-20,0.000985
美国,认为有威胁,英伟达,2024-10-20,0.000985
克里斯托夫·福克,认为有威胁,美国,2024-10-31,0.000980
美国,认为优秀,华为,2024-11-07,0.000979
美国,认为优秀,华为,2024-10-26,0.000979
美国,认为优秀,华为,2024-10-27,0.000979
美国,认为优秀,华为,2024-10-26,0.000979
美国,认为优秀,华为,2024-10-26,0.000979
美国,认为优秀,华为,2024-11-22,0.000979
Jim·塞默,担忧,苹果,2024-11-03,0.000977
埃隆·马斯克,感到不满,中国,2024-12-27,0.000962
埃隆·马斯克,感到不满,中国,2024-12-27,0.000962
埃隆·马斯克,感到不满,中国,2024-12-26,0.000962
乌克,感到满意,台积电,2024-09-17,0.000962
华纳参议员,认为有威胁,台积电,2024-10-31,0.000953
美国,认为有危机,拜登,2024-08-28,0.000952
美国,认为有危机,拜登,2024-08-28,0.000952
苹果投资者,感到满意,台积电,2024-10-23,0.000950
赖清德,担忧,特朗普,2025-02-13,0.000949
美国,认可,《芯片法案》,2024-10-22,0.000948
美国,认可,《芯片法案》,2024-10-29,0.000948
美国,认可,《芯片法案》,2024-10-29,0.000948
美国,认可,《芯片法案》,2024-10-29,0.000948
美国,认可,《芯片法案》,2024-09-20,0.000948
台湾,威胁,中国,2024-11-07,0.000945
美国,提供资金,Intel,2024-09-13,0.000943
美国,提供资金,Intel,2024-11-14,0.000943
特朗普,认为违规,台湾,2024-12-03,0.000937
特朗普,认为违规,台湾,2024-12-03,0.000937
特朗普,认为违规,台湾,2024-12-03,0.000937
特朗普,认为违规,台湾,2024-12-03,0.000937
特朗普,认为违规,台湾,2024-12-03,0.000937
特朗普,认为违规,台湾,2024-12-03,0.000937
特朗普,认为违规,台湾,2024-11-06,0.000937
特朗普,认为违规,台湾,2024-12-03,0.000937
特朗普,认为违规,台湾,2025-02-25,0.000937
特朗普,认为违规,台湾,2025-02-13,0.000937
特朗普,认为违规,台湾,2024-11-05,0.000937
特朗普,认为违规,台湾,2024-11-05,0.000937
特朗普,认为违规,台湾,2024-11-05,0.000937
特朗普,认为违规,台湾,2024-11-10,0.000937
特朗普,认为违规,台湾,2025-02-13,0.000937
特朗普,认为违规,台湾,2024-11-05,0.000937
特朗普,认为违规,台湾,2024-11-15,0.000937
特朗普,认为违规,台湾,2024-11-15,0.000937
特朗普,认为违规,台湾,2024-11-15,0.000937
特朗普,认为违规,台湾,2024-11-15,0.000937
特朗普,认为违规,台湾,2024-11-15,0.000937
特朗普,认为违规,台湾,2024-11-15,0.000937
特朗普,认为违规,台湾,2024-12-02,0.000937
特朗普,认为违规,台湾,2024-11-11,0.000937
特朗普,认为违规,台湾,2024-11-11,0.000937
特朗普,认为违规,台湾,2025-02-19,0.000937
台积电,支持,台北东京关系,2025-02-17,0.000936
美国,损害,苹果,2024-11-30,0.000933
美国,损害,苹果,2024-10-26,0.000933
派珀·萨兰德,欢迎,哈什·库马尔,2024-11-12,0.000928
英伟达,担忧,英伟达,2024-11-24,0.000924
台积公司,认可,美国,2024-11-13,0.000921
民主党,担忧,华盛顿,2024-10-30,0.000917
特朗普,欣赏,华为,2024-10-31,0.000915
台湾经济部,认为可靠,台积电,2024-11-09,0.000915
共和党,主导,美国,2024-11-05,0.000914
中国,损害,台湾,2024-09-10,0.000909
中国,损害,台湾,2024-11-16,0.000909
美国,限制出口,TSMC,2024-11-09,0.000908
中国,威胁,台湾,2025-02-13,0.000905
中国,威胁,台湾,2024-09-10,0.000905
中国,威胁,台湾,2024-11-16,0.000905
中国,威胁,台湾,2024-11-14,0.000905
美国,威胁,苹果,2024-11-30,0.000904
特朗普,攻击,华为,2024-10-31,0.000904
特朗普,攻击,华为,2024-11-28,0.000904
特朗普,攻击,华为,2024-11-28,0.000904
瑞克·卡斯迪,认为优秀,台积电,2024-12-16,0.000902
哈什·库马尔,相信,英伟达,2024-11-12,0.000901
半导体,相信,苹果,2025-02-23,0.000892
美国,欢迎,台积公司,2024-11-29,0.000891
美国,欢迎,台积公司,2024-11-29,0.000891
路透社,主导,英伟达,2024-11-17,0.000889
安迪·贾西,担忧,亚马逊,2024-11-03,0.000885
特朗普,欢迎,华为,2024-11-28,0.000884
美国,相信,高通,2024-09-22,0.000881
特朗普,威胁,华为,2024-10-31,0.000880
特朗普,威胁,华为,2024-11-28,0.000880
特朗普,威胁,华为,2024-11-28,0.000880
摩根大通,担忧,英伟达,2024-10-23,0.000872
摩根大通,担忧,英伟达,2024-12-28,0.000872
美国,认可,谷歌,2024-09-06,0.000864
美国,认为失败,特朗普,2024-11-02,0.000863
摩根士丹利,担忧,英伟达,2024-10-23,0.000850
摩根士丹利,担忧,英伟达,2024-10-23,0.000850
摩根士丹利,担忧,英伟达,2024-10-23,0.000850
摩根士丹利,担忧,英伟达,2024-12-28,0.000850
摩根士丹利,担忧,英伟达,2024-11-13,0.000850
唐永年,批评,台积电,2024-11-12,0.000837
台积电,增进,中国企业,2024-10-23,0.000836
蒂姆·库克,欢迎,苹果,2024-10-26,0.000834
美国,质疑,华为,2024-10-24,0.000832
美国,质疑,华为,2024-10-23,0.000832
美国,质疑,华为,2024-10-24,0.000832
美国,质疑,华为,2024-10-23,0.000832
美国,质疑,华为,2024-10-23,0.000832
美国,质疑,华为,2024-10-24,0.000832
美国,质疑,华为,2024-10-26,0.000832
亚当·普森,相信,特朗普,2024-11-06,0.000832
亚当·普森,相信,特朗普,2024-11-06,0.000832
特朗普,认为可靠,英伟达,2024-11-18,0.000830
投资者,欢迎,苹果,2024-09-05,0.000826
克里斯托夫·福克,认为有危机,美国,2024-10-31,0.000824
北京,质疑,美国,2024-12-03,0.000823
蒂姆·库克,相信,苹果,2024-10-26,0.000820
《自由时报》,支持,台积电,2024-11-09,0.000814
朱凤莲,认为非法,美国,2024-11-11,0.000812
《商业时报》,支持,台积电,2025-02-03,0.000812
台湾经济部门,认可,台积电,2024-11-11,0.000812
Dan Ives,相信,苹果,2024-10-23,0.000807
美国,认为可靠,中国,2024-11-07,0.000806
美国,认为可靠,中国,2024-11-06,0.000806
美国,认为可靠,中国,2024-11-29,0.000806
美国,认为可靠,中国,2024-10-14,0.000806
杰米·戴蒙,相信,特朗普,2024-12-02,0.000805
扎克伯格,感谢,黄仁勋,2024-11-24,0.000795
扎克伯格,感谢,黄仁勋,2024-11-24,0.000795
扎克伯格,感谢,黄仁勋,2024-11-24,0.000795
扎克伯格,感谢,黄仁勋,2024-11-24,0.000795
特朗普,支持,英伟达,2024-11-19,0.000790
美国,认为优秀,英伟达,2024-10-20,0.000790
美国,认为优秀,英伟达,2024-10-20,0.000790
美国,认为优秀,英伟达,2024-11-18,0.000790
美国,认为优秀,英伟达,2024-11-18,0.000790
美国,认为优秀,英伟达,2024-11-18,0.000790
美国,提供直接资金,TSMC,2024-11-14,0.000789
特朗普,认为优秀,华为,2024-10-31,0.000786
特朗普,认为优秀,华为,2024-11-28,0.000786
特朗普,认为优秀,华为,2024-11-28,0.000786
台湾经济部,批评,台积电,2024-11-09,0.000783
特朗普,威胁,新加坡,2025-02-26,0.000783
朱凤莲,相信,台湾,2025-02-25,0.000778
台积电,认为有威胁,巴伦周刊,2024-09-21,0.000778
加利福尼亚州,支持,苹果,2024-10-19,0.000767
加利福尼亚州,支持,苹果,2024-10-19,0.000767
苹果,威胁,英伟达,2024-09-09,0.000765
TSMC,被起诉,美国,2024-11-13,0.000764
苹果投资者,认为有成就,台积电,2024-10-23,0.000761
罗伯特·梅尔,损害,特朗普,2024-11-15,0.000760
特朗普,担忧,美国,2024-11-15,0.000759
特朗普,担忧,美国,2024-11-13,0.000759
特朗普,担忧,美国,2024-11-15,0.000759
特朗普,担忧,美国,2024-10-30,0.000759
特朗普,担忧,美国,2024-10-30,0.000759
特朗普,担忧,美国,2024-11-15,0.000759
特朗普,担忧,美国,2024-11-13,0.000759
特朗普,担忧,美国,2024-11-13,0.000759
特朗普,担忧,美国,2024-11-13,0.000759
特朗普,担忧,美国,2025-02-26,0.000759
TSMC,收入来源,中国,2024-11-09,0.000753
台积电,认为违规,出口管制,2024-11-10,0.000752
台积电,认为违规,出口管制,2024-11-10,0.000752
美国,可能制裁,华为,2024-11-28,0.000751
美国,主导,《芯片和科学法案》,2024-10-16,0.000748
美国,主导,《芯片和科学法案》,2024-10-16,0.000748
美国,主导,《芯片和科学法案》,2024-09-18,0.000748
美国,主导,《芯片和科学法案》,2024-10-16,0.000748
美国,主导,《芯片和科学法案》,2024-10-18,0.000748
美国,主导,《芯片和科学法案》,2025-01-03,0.000748
美国,主导,《芯片和科学法案》,2024-09-05,0.000748
内地网民,认为可靠,台积电,2024-10-20,0.000746
台湾,支持,TSMC,2025-02-23,0.000745
特朗普,担忧,《芯片法案》,2024-11-07,0.000742
特朗普,担忧,《芯片法案》,2024-11-07,0.000742
特朗普,担忧,《芯片法案》,2024-11-07,0.000742
特朗普,担忧,《芯片法案》,2024-11-07,0.000742
特朗普,担忧,《芯片法案》,2024-11-07,0.000742
特朗普,担忧,《芯片法案》,2024-11-15,0.000742
特朗普,担忧,《芯片法案》,2024-11-06,0.000742
特朗普,担忧,《芯片法案》,2024-11-06,0.000742
特朗普,担忧,《芯片法案》,2024-11-10,0.000742
特朗普,担忧,《芯片法案》,2024-11-12,0.000742
特朗普,担忧,《芯片法案》,2024-11-06,0.000742
特朗普,担忧,《芯片法案》,2024-11-06,0.000742
特朗普,担忧,《芯片法案》,2024-11-06,0.000742
特朗普,担忧,《芯片法案》,2024-11-12,0.000742
台积电,支持,数据中心,2024-09-27,0.000739
特朗普,认为有暴力,台湾,2024-12-03,0.000733
特朗普,认为有暴力,台湾,2024-12-03,0.000733
特朗普,认为有暴力,台湾,2024-12-03,0.000733
特朗普,认为有暴力,台湾,2024-12-03,0.000733
特朗普,认为有暴力,台湾,2024-12-03,0.000733
特朗普,认为有暴力,台湾,2024-12-03,0.000733
特朗普,认为有暴力,台湾,2024-12-03,0.000733
特朗普,认为有暴力,台湾,2024-12-03,0.000733
特朗普,认为有暴力,台湾,2025-02-25,0.000733
特朗普,认为有暴力,台湾,2025-02-13,0.000733
特朗普,认为有暴力,台湾,2025-02-19,0.000733
特朗普,认为有暴力,台湾,2024-11-15,0.000733
特朗普,认为有暴力,台湾,2024-11-15,0.000733
特朗普,认为有暴力,台湾,2024-11-15,0.000733
特朗普,认为有暴力,台湾,2024-11-15,0.000733
特朗普,认为有暴力,台湾,2024-11-15,0.000733
特朗普,认为有暴力,台湾,2024-11-15,0.000733
特朗普,认为有暴力,台湾,2024-11-15,0.000733
特朗普,认为有暴力,台湾,2024-11-15,0.000733
特朗普,认为有暴力,台湾,2024-12-02,0.000733
特朗普,认为有暴力,台湾,2024-11-05,0.000733
特朗普,认为有暴力,台湾,2024-11-11,0.000733
国会,认为有威胁,特朗普,2024-11-08,0.000730
美国,视作英雄,特朗普,2024-12-03,0.000723
美国,视作英雄,特朗普,2024-12-03,0.000723
美国,视作英雄,特朗普,2024-12-03,0.000723
美国,视作英雄,特朗普,2025-01-15,0.000723
美国,视作英雄,特朗普,2024-11-09,0.000723
美国,视作英雄,特朗普,2024-12-03,0.000723
美国,视作英雄,特朗普,2024-12-03,0.000723
美国,视作英雄,特朗普,2025-01-13,0.000723
美国,视作英雄,特朗普,2024-12-27,0.000723
美国,视作英雄,特朗普,2024-12-27,0.000723
美国,视作英雄,特朗普,2024-12-27,0.000723
美国,视作英雄,特朗普,2024-12-03,0.000723
美国,视作英雄,特朗普,2024-12-26,0.000723
美国,视作英雄,特朗普,2024-12-26,0.000723
美国,视作英雄,特朗普,2024-11-10,0.000723
美国,视作英雄,特朗普,2024-09-19,0.000723
美国,视作英雄,特朗普,2025-01-13,0.000723
美国,视作英雄,特朗普,2024-11-15,0.000723
美国,视作英雄,特朗普,2024-11-12,0.000723
美国,视作英雄,特朗普,2024-11-12,0.000723
美国,视作英雄,特朗普,2024-11-12,0.000723
美国,视作英雄,特朗普,2024-10-30,0.000723
美国,视作英雄,特朗普,2024-11-12,0.000723
美国,视作英雄,特朗普,2024-10-30,0.000723
美国,视作英雄,特朗普,2024-11-12,0.000723
美国,视作英雄,特朗普,2024-11-30,0.000723
美国,视作英雄,特朗普,2024-11-07,0.000723
美国,视作英雄,特朗普,2024-11-07,0.000723
美国,视作英雄,特朗普,2024-11-07,0.000723
美国,视作英雄,特朗普,2024-11-07,0.000723
美国,视作英雄,特朗普,2024-11-07,0.000723
美国,视作英雄,特朗普,2024-11-20,0.000723
美国,视作英雄,特朗普,2024-11-12,0.000723
美国,视作英雄,特朗普,2024-10-18,0.000723
美国,视作英雄,特朗普,2024-11-12,0.000723
美国,视作英雄,特朗普,2024-11-12,0.000723
美国,认为非法,半导体,2024-10-23,0.000721
美国,认为非法,半导体,2024-10-24,0.000721
克里斯托夫·福克特,认为可靠,美国,2024-11-13,0.000717
台积电,支持,创新,2024-09-27,0.000714
台积电,支持,创新,2024-09-27,0.000714
台积电,支持,创新,2024-09-27,0.000714
夏威夷,认为可靠,台湾,2024-12-02,0.000705
半导体,损害,苹果,2025-02-23,0.000700
特朗普,认为非法,美国,2024-11-18,0.000699
特朗普,认为非法,美国,2024-11-10,0.000699
特朗普,认为非法,美国,2024-11-10,0.000699
特朗普,认为非法,美国,2024-10-30,0.000699
特朗普,认为非法,美国,2024-11-15,0.000699
特朗普,认为非法,美国,2024-11-15,0.000699
特朗普,认为非法,美国,2024-10-30,0.000699
特朗普,认为非法,美国,2024-11-17,0.000699
特朗普,认为非法,美国,2024-11-17,0.000699
美国,喜欢,台湾,2025-02-13,0.000698
《日经亚洲》,主导,英伟达,2024-11-27,0.000696
黄仁勋,认为有威胁,英伟达,2025-01-10,0.000695
黄仁勋,认为有威胁,英伟达,2025-01-10,0.000695
算能科技,认可,台积电,2024-10-28,0.000694
算能科技,认可,台积电,2024-10-28,0.000694
马可·鲁比奥,主导,美日联盟,2024-11-12,0.000693
马可·鲁比奥,主导,美日联盟,2024-11-12,0.000693
马可·鲁比奥,主导,美日联盟,2024-11-12,0.000693
台积电,主导,OpenAI,2024-10-28,0.000678
微软,欢迎,亚马逊,2024-10-16,0.000677
商务部,认为优秀,台积电,2025-01-10,0.000677
美国,担忧,阿斯麦,2024-10-31,0.000676
布莱恩·库茨,相信,英伟达,2024-11-12,0.000671
华盛顿,支持,台北,2025-02-26,0.000671
美国,推动,半导体,2024-10-24,0.000665
迈克·瓦尔兹,担忧,中国,2024-11-12,0.000663
杰夫·金,担忧,三星,2024-11-27,0.000663
美国,认为犯罪,英伟达,2024-09-28,0.000663
克里斯托夫·福奎,主导,彭博科技峰会,2024-10-31,0.000661
杰罗姆·鲍威尔,担忧,美联储,2024-11-17,0.000661
中央通讯社（CNA）,相信,台积电,2024-11-03,0.000654
中央通讯社（CNA）,相信,台积电,2024-11-03,0.000654
波士顿咨询公司,增进,台积电,2024-10-02,0.000653
美国,认可,英特尔,2024-09-17,0.000652
美国,认可,英特尔,2024-09-17,0.000652
马斯克,威胁,特斯拉,2025-02-05,0.000651
国政府,支持,台积电,2024-11-25,0.000649
路透社,主导,特斯拉,2025-02-05,0.000643
唐纳德·特朗,认为有威胁,台湾,2024-12-03,0.000639
唐纳德·特朗,认为有威胁,台湾,2024-12-03,0.000639
唐纳德·特朗,认为有威胁,台湾,2024-12-03,0.000639
苹果投资者,认为优秀,台积电,2024-10-23,0.000638
特朗普,喜欢,英伟达,2024-12-29,0.000638
特朗普,喜欢,英伟达,2024-11-19,0.000638
赖清德,认可,台湾,2025-02-13,0.000638
英特尔总裁,质疑,台积电,2024-11-29,0.000634
中国人工智能公司,认为有成就,华盛顿,2024-10-19,0.000633
特朗普,质疑,华为,2024-10-31,0.000630
特朗普,质疑,华为,2024-11-28,0.000630
特朗普,质疑,华为,2024-11-28,0.000630
美国,担忧,华为,2024-10-24,0.000630
美国,担忧,华为,2024-10-24,0.000630
美国,担忧,华为,2024-11-07,0.000630
美国,担忧,华为,2024-10-31,0.000630
美国,担忧,华为,2024-10-31,0.000630
美国,担忧,华为,2024-12-21,0.000630
荷兰,认可,美国,2024-12-02,0.000626
美国,认为有成就,英特尔,2024-09-17,0.000626
台北,攻击,华盛顿,2025-02-19,0.000626
鲁比奥,主导,美日联盟,2024-11-12,0.000626
鲁比奥,主导,美日联盟,2024-11-12,0.000626
鲁比奥,主导,美日联盟,2024-11-12,0.000626
鲁比奥,主导,美日联盟,2024-11-12,0.000626
基辛格）,增进,台积电,2024-11-29,0.000624
特朗普,认为有危机,台湾,2024-12-03,0.000622
特朗普,认为有危机,台湾,2024-12-03,0.000622
特朗普,认为有危机,台湾,2024-12-03,0.000622
特朗普,认为有危机,台湾,2024-12-03,0.000622
特朗普,认为有危机,台湾,2024-12-03,0.000622
特朗普,认为有危机,台湾,2024-12-03,0.000622
特朗普,认为有危机,台湾,2024-12-03,0.000622
特朗普,认为有危机,台湾,2025-02-13,0.000622
特朗普,认为有危机,台湾,2025-02-13,0.000622
特朗普,认为有危机,台湾,2025-02-19,0.000622
特朗普,认为有危机,台湾,2024-11-15,0.000622
特朗普,认为有危机,台湾,2024-11-15,0.000622
特朗普,认为有危机,台湾,2024-11-15,0.000622
特朗普,认为有危机,台湾,2024-11-15,0.000622
特朗普,认为有危机,台湾,2024-11-15,0.000622
特朗普,认为有危机,台湾,2024-11-15,0.000622
特朗普,认为有危机,台湾,2024-11-15,0.000622
特朗普,认为有危机,台湾,2024-11-15,0.000622
特朗普,认为有危机,台湾,2024-11-15,0.000622
特朗普,认为有危机,台湾,2024-11-15,0.000622
特朗普,认为有危机,台湾,2024-11-15,0.000622
特朗普,认为有危机,台湾,2024-10-30,0.000622
特朗普,认为有危机,台湾,2024-10-30,0.000622
特朗普,认为有危机,台湾,2024-11-15,0.000622
特朗普,认为有危机,台湾,2024-12-02,0.000622
特朗普,认为有危机,台湾,2024-11-13,0.000622
特朗普,认为有危机,台湾,2025-02-19,0.000622
美国,提供补贴和贷款,TSMC,2024-08-19,0.000621
三星电子有限公司,攻击,特朗普,2024-11-14,0.000613
黄仁勋,威胁,英伟达,2025-01-10,0.000611
黄仁勋,威胁,英伟达,2025-01-10,0.000611
美国,支持,TSMC,2024-10-14,0.000610
美国,支持,TSMC,2024-12-24,0.000610
孙尧子,欢迎,特朗普,2025-02-13,0.000610
美国,拨付资金,TSMC,2024-11-24,0.000608
谷歌,损害,英伟达,2024-11-13,0.000606
谷歌,损害,英伟达,2024-11-04,0.000606
谷歌,损害,英伟达,2024-11-04,0.000606
苹果,损害,三星,2024-08-30,0.000603
苹果,损害,三星,2024-08-30,0.000603
清水洋治,相信,美国,2024-08-26,0.000602
美国,认可,中国,2024-11-06,0.000598
杨金龙,认为非法,美国,2024-11-13,0.000598
杨金龙,认为非法,美国,2024-11-13,0.000598
亚当·波森,质疑,特朗普,2024-11-06,0.000597
亚当·波森,质疑,特朗普,2024-11-06,0.000597
亚当·波森,质疑,特朗普,2024-11-06,0.000597
奈德·芬克尔,主导,拜登政府规则,2025-01-13,0.000596
特朗普,主导,关税计划,2024-11-05,0.000592
特朗普,主导,关税计划,2024-11-05,0.000592
埃隆·马斯克,认可,中国,2024-12-27,0.000588
市场研究公司IDC,担忧,台积电,2024-12-28,0.000588
台积电,处于紧张关系中,中美地缘政治,2025-01-13,0.000585
Jeff Bezos,认为可靠,美国,2024-11-09,0.000582
华为创始人,认为可靠,美国,2024-10-31,0.000580
美国,质疑,高通,2024-09-22,0.000579
美国,质疑,高通,2024-09-22,0.000579
美国,认可,《芯片和科学法案》,2024-10-16,0.000579
美国,认可,《芯片和科学法案》,2024-10-16,0.000579
英伟达,感到不满,谷歌,2024-09-09,0.000576
台积电,增进,通胀,2025-01-12,0.000576
美国,认为恐怖,TSMC,2024-10-22,0.000574
美国,质疑,阿斯麦,2024-10-31,0.000573
中国,损害,英伟达,2024-11-19,0.000568
中国,损害,英伟达,2024-09-28,0.000568
美国,威胁,拜登,2024-08-28,0.000566
福奎,主导,彭博科技峰会,2024-10-31,0.000562
美国,创造就业,美国,2024-11-15,0.000561
黄仁勋,认可,英伟达,2025-01-10,0.000560
黄仁勋,认可,英伟达,2025-01-10,0.000560
黄仁勋,认可,英伟达,2025-01-10,0.000560
道达尔集团,主导,美国,2024-11-02,0.000558
道达尔集团,主导,美国,2024-11-02,0.000558
亚当·波森,认为有危机,特朗普,2024-11-06,0.000556
美国,认为违规,TSMC,2024-10-22,0.000554
美国,认为违规,TSMC,2024-10-18,0.000554
美国,认为违规,TSMC,2024-10-22,0.000554
美国,认为违规,TSMC,2024-10-22,0.000554
沙弗,相信,英伟达,2024-11-14,0.000553
《台北时报》,增进,台积电,2024-11-09,0.000552
台积电,损害,中国大陆芯片设计产业,2024-11-11,0.000547
台积电,损害,中国大陆芯片设计产业,2024-11-11,0.000547
特朗普,认为犯罪,台湾,2024-12-03,0.000546
特朗普,认为犯罪,台湾,2024-12-03,0.000546
特朗普,认为犯罪,台湾,2024-11-14,0.000546
特朗普,认为犯罪,台湾,2024-12-03,0.000546
特朗普,认为犯罪,台湾,2024-12-03,0.000546
特朗普,认为犯罪,台湾,2024-12-03,0.000546
特朗普,认为犯罪,台湾,2024-11-06,0.000546
特朗普,认为犯罪,台湾,2024-12-03,0.000546
特朗普,认为犯罪,台湾,2024-11-05,0.000546
特朗普,认为犯罪,台湾,2024-11-15,0.000546
特朗普,认为犯罪,台湾,2024-11-15,0.000546
特朗普,认为犯罪,台湾,2024-11-15,0.000546
特朗普,认为犯罪,台湾,2024-11-13,0.000546
TSMC,建设,美国,2025-01-13,0.000544
TSMC,建设,美国,2024-12-19,0.000544
TSMC,建设,美国,2024-12-11,0.000544
TSMC,建设,美国,2025-02-23,0.000544
台积电,担忧,英特尔财务状况恶化,2025-02-16,0.000541
台积电,担忧,英特尔财务状况恶化,2025-02-16,0.000541
台积电,担忧,英特尔财务状况恶化,2025-02-16,0.000541
美国,感到满意,台积公司,2024-11-29,0.000540
美国,感到满意,台积公司,2024-11-29,0.000540
美国,认为犯罪,拜登,2024-08-28,0.000538
美国,认为犯罪,拜登,2024-08-28,0.000538
美国,认为优秀,微软,2024-11-19,0.000537
路透社,认可,苹果,2024-10-27,0.000534
史蒂文·艾泽尔,认为可靠,台湾,2025-02-19,0.000534
特朗普,感到不满,美国,2025-02-26,0.000523
帕特·盖尔辛格,主导,美国,2024-10-02,0.000523
乔·罗根,认为可靠,台湾,2024-12-25,0.000523
Jim Cramer,感到不满,苹果,2024-11-03,0.000522
Jim Cramer,感到不满,苹果,2024-11-03,0.000522
Jim Cramer,感到不满,苹果,2024-11-03,0.000522
美国,提供资金,美光科技,2024-11-14,0.000520
中国,认为失败,英伟达,2025-01-16,0.000516
英特尔CEO最近离职,认为有威胁,台积电,2024-12-09,0.000516
贾西,主导,亚马逊的Q3电话会议,2024-11-04,0.000510
美国,欢迎,黄仁勋,2025-01-16,0.000509
美国,欢迎,黄仁勋,2025-01-16,0.000509
美国,欢迎,黄仁勋,2025-01-16,0.000509
乔·拜登,主导,《芯片法案》,2024-11-14,0.000508
乔·拜登,主导,《芯片法案》,2024-11-19,0.000508
中国,威胁,英伟达,2024-11-19,0.000505
亚利桑那州,主导,半导体,2024-10-27,0.000504
亚利桑那州,主导,半导体,2024-10-27,0.000504
亚利桑那州,主导,半导体,2024-10-02,0.000504
美国,认为非法,Hindenburg,2024-09-26,0.000504
特朗普,威胁,英伟达,2025-01-10,0.000503
克里斯托夫·福克特,认可,美国,2024-11-13,0.000502
TSMC,建立工厂,美国,2024-11-18,0.000500
美国,攻击,拜登,2024-08-28,0.000500
美国,攻击,拜登,2024-08-28,0.000500
彼得森国际经济研究所,相信,特朗普,2024-11-06,0.000499
彼得森国际经济研究所,相信,特朗普,2024-11-06,0.000499
彼得森国际经济研究所,相信,特朗普,2024-11-06,0.000499
彼得森国际经济研究所,相信,特朗普,2024-11-06,0.000499
美国,喜欢,英特尔,2024-10-17,0.000499
美国,喜欢,英特尔,2024-10-17,0.000499
美国,喜欢,英特尔,2024-10-17,0.000499
美国,喜欢,英特尔,2024-10-17,0.000499
美国,喜欢,英特尔,2024-10-17,0.000499
中国,担忧,日本,2024-09-02,0.000498
中央通讯社（CNA）,批评,台积电,2024-11-03,0.000497
台积公司(TSMC),主导,美国,2024-11-09,0.000495
台积公司(TSMC),主导,美国,2024-11-13,0.000495
台积公司(TSMC),主导,美国,2024-11-13,0.000495
杰西·利文森,相信,特斯拉,2024-11-01,0.000495
特朗普,主导,半导体,2024-12-03,0.000495
特朗普,主导,半导体,2024-12-03,0.000495
哈利·德恩,损害,英伟达,2024-09-16,0.000492
美国,支持,阿斯麦,2024-10-31,0.000492
美国,支持,阿斯麦,2024-10-31,0.000492
美国,支持,阿斯麦,2024-10-31,0.000492
美国,支持,阿斯麦,2024-10-31,0.000492
半导体,认为失败,苹果,2025-02-23,0.000491
特朗普,损害,台湾,2024-12-03,0.000490
特朗普,损害,台湾,2025-02-13,0.000490
特朗普,损害,台湾,2024-11-07,0.000490
特朗普,损害,台湾,2024-11-07,0.000490
特朗普,损害,台湾,2024-09-01,0.000490
特朗普,损害,台湾,2024-11-15,0.000490
特朗普,损害,台湾,2024-11-15,0.000490
特朗普,损害,台湾,2024-11-15,0.000490
特朗普,损害,台湾,2024-11-15,0.000490
特朗普,损害,台湾,2024-10-30,0.000490
特朗普,损害,台湾,2024-10-30,0.000490
特朗普,损害,台湾,2024-11-05,0.000490
特朗普,损害,台湾,2024-11-05,0.000490
特朗普,损害,台湾,2024-11-11,0.000490
特朗普,损害,台湾,2024-11-11,0.000490
特朗普,损害,台湾,2024-11-11,0.000490
特朗普,损害,台湾,2024-11-11,0.000490
特朗普,损害,台湾,2024-11-05,0.000490
路透社,担忧,苹果,2024-10-27,0.000489
埃隆·马斯克,认为可靠,中国,2024-12-27,0.000488
埃隆·马斯克,认为可靠,中国,2024-12-27,0.000488
市场研究公司IDC,质疑,台积电,2024-12-28,0.000487
美国,攻击,乔·拜登,2024-11-05,0.000486
美国,欣赏,高通,2024-09-22,0.000484
路透社,感谢,英伟达,2024-11-17,0.000483
美国,质疑,谷歌,2024-09-06,0.000482
克里斯托夫·福凯,感到不满,阿斯麦,2024-10-31,0.000481
英特尔总裁,欣赏,台积电,2024-11-29,0.000479
苹果公司,支持,美国,2025-02-23,0.000478
迈克·瓦尔茨,主导,美日联盟,2024-11-12,0.000475
克里斯托夫·福科,认为有威胁,美国,2024-11-05,0.000473
埃里克·施密特,担忧,英伟达,2024-08-14,0.000471
美国,下令,TSMC,2024-11-12,0.000470
乔·拜登,认为有威胁,中国,2024-10-01,0.000468
乔·拜登,认为有威胁,中国,2024-10-01,0.000468
乔·拜登,认为有威胁,华为,2024-10-31,0.000468
《商业时报》,认为优秀,台积电,2025-02-03,0.000467
Needham,认为可靠,苹果,2024-11-07,0.000466
卡马拉·哈里斯,认为有威胁,台湾,2024-09-10,0.000466
安迪·贾西,相信,亚马逊,2024-11-03,0.000462
台湾,增进,美国,2024-11-07,0.000459
台湾,增进,美国,2025-02-13,0.000459
台湾,增进,美国,2024-11-15,0.000459
台湾,增进,美国,2024-11-15,0.000459
特朗普,认为热情,英伟达,2024-11-17,0.000458
蒂姆·库克,认可,苹果,2024-10-26,0.000454
蒂姆·库克,认可,苹果,2024-10-26,0.000454
CNBC,认为非法,美国,2024-12-16,0.000453
台积电,损害,一些员工,2024-11-13,0.000452
台湾经济部,认可,台积电,2024-10-23,0.000451
台湾经济部,认可,台积电,2024-11-09,0.000451
埃隆·马斯克,担忧,中国,2024-12-27,0.000451
埃隆·马斯克,担忧,中国,2024-12-27,0.000451
埃隆·马斯克,担忧,中国,2024-12-26,0.000451
当地立法者,增进,台积电,2024-11-12,0.000450
美国,认为有暴力,苹果,2024-11-30,0.000447
贝索斯,认为可靠,美国,2024-11-09,0.000446
华盛顿,认为有威胁,台湾,2025-02-19,0.000446
杨金龙,相信,美国,2024-11-13,0.000442
华盛顿,质疑,中国,2024-11-07,0.000442
拜登政府,主导,美国,2024-11-05,0.000440
拜登政府,主导,美国,2024-10-02,0.000440
清水洋治,认可,美国,2024-08-26,0.000439
TSMC,制造,英伟达,2024-12-03,0.000439
亚当·普森,质疑,特朗普,2024-11-06,0.000437
亚当·普森,质疑,特朗普,2024-11-06,0.000437
亚当·普森,质疑,特朗普,2024-11-06,0.000437
当地立法者,认为缺乏,台积电,2024-11-12,0.000436
投资人,认为有成就,台积电,2024-11-05,0.000433
美国,担忧,Hindenburg,2024-09-26,0.000432
Dan Ives,认为可靠,苹果,2024-10-23,0.000429
吉娜·雷蒙多,认可,美国,2024-10-02,0.000429
台积电,认为失败,AI芯片,2024-10-02,0.000428
花旗,主导,特朗普,2024-11-02,0.000426
迈克·瓦尔茨,担忧,特朗普,2024-11-12,0.000425
算能科技,增进,台积电,2024-10-28,0.000422
算能科技,增进,台积电,2024-10-28,0.000422
蕾切尔·里维斯,欢迎,中国,2025-01-10,0.000420
《自由时报》,增进,台积电,2024-11-09,0.000420
TSMC,被特朗普指责,美国,2024-11-05,0.000419
TSMC,建设工厂,美国,2024-11-14,0.000416
马可·鲁比奥,担忧,特朗普,2024-11-12,0.000413
投资者,感到不满,苹果,2024-09-05,0.000412
美国,认可,SK海力士,2024-12-19,0.000409
台积公司,担忧,美国,2024-11-13,0.000408
台积公司,担忧,美国,2024-11-13,0.000408
台积公司,担忧,美国,2024-11-13,0.000408
台积公司,担忧,美国,2024-11-13,0.000408
克里斯托夫·福克特,认为非法,美国,2024-11-13,0.000408
石原茂次郎,认为有成就,台积电,2024-11-12,0.000406
美国,敦促,ASML,2024-10-31,0.000404
台积电,主导,新工厂计划,2024-11-17,0.000403
石原伸介,认为优秀,台积电,2024-11-12,0.000402
詹森·霍尔,认为可靠,三星,2025-01-10,0.000401
美国,认为可靠,美国,2024-10-30,0.000400
美国,认为可靠,美国,2025-01-16,0.000400
中国,认为失败,美国,2025-01-10,0.000398
特朗普,认为有威胁,中国,2025-01-15,0.000397
特朗普,认为有威胁,中国,2024-11-19,0.000397
特朗普,认为有威胁,中国,2025-01-10,0.000397
特朗普,认为有威胁,中国,2024-12-01,0.000397
特朗普,认为有威胁,中国,2024-12-01,0.000397
特朗普,认为有威胁,中国,2024-11-17,0.000397
特朗普,认为有威胁,中国,2024-11-29,0.000397
特朗普,认为有威胁,中国,2024-09-10,0.000397
特朗普,认为有威胁,中国,2024-09-10,0.000397
特朗普,认为有威胁,中国,2024-09-10,0.000397
特朗普,认为有威胁,中国,2024-09-10,0.000397
特朗普,认为有威胁,中国,2025-01-13,0.000397
特朗普,认为有威胁,中国,2025-01-13,0.000397
特朗普,认为有威胁,中国,2025-01-13,0.000397
特朗普,认为有威胁,中国,2025-01-12,0.000397
特朗普,认为有威胁,中国,2024-11-27,0.000397
特朗普,攻击,英伟达,2024-11-19,0.000396
罗伯特·帕维克,担忧,英伟达,2024-11-17,0.000396
投资人,支持,台积电,2024-11-05,0.000395
特朗普,担忧,拜登政府,2024-11-05,0.000391
Jim Cramer,认为有威胁,苹果,2024-11-03,0.000391
Jim Cramer,认为有威胁,苹果,2024-11-03,0.000391
Jim Cramer,认为有威胁,苹果,2024-11-03,0.000391
美国,损害,ASML,2025-01-08,0.000390
特朗普,损害,英伟达,2025-01-10,0.000389
特朗普,损害,英伟达,2024-11-19,0.000389
特朗普,损害,英伟达,2024-12-11,0.000389
特朗普,损害,英伟达,2024-10-02,0.000389
德国德累斯顿,增进,台积电,2024-11-17,0.000389
美国,支持,台积公司,2024-11-09,0.000386
美国,支持,台积公司,2024-11-09,0.000386
美国,支持,台积公司,2024-11-09,0.000386
美国,支持,台积公司,2024-11-29,0.000386
美国,支持,台积公司,2024-11-29,0.000386
美国,支持,台积公司,2024-11-29,0.000386
美国,支持,台积公司,2024-11-29,0.000386
美国,支持,台积公司,2024-11-29,0.000386
美国,支持,台积公司,2024-11-29,0.000386
美国,支持,台积公司,2024-11-29,0.000386
美国,支持,台积公司,2024-11-29,0.000386
美国,支持,台积公司,2024-11-29,0.000386
美国,支持,台积公司,2024-11-29,0.000386
美国,质疑,台湾,2024-12-03,0.000385
美国,质疑,台湾,2024-12-03,0.000385
美国,质疑,台湾,2024-12-03,0.000385
美国,质疑,台湾,2024-12-03,0.000385
美国,质疑,台湾,2024-12-03,0.000385
美国,质疑,台湾,2024-12-03,0.000385
美国,质疑,台湾,2024-12-03,0.000385
美国,质疑,台湾,2024-10-30,0.000385
美国,质疑,台湾,2024-11-12,0.000385
美国,质疑,台湾,2024-12-02,0.000385
美国,担忧,高通,2024-09-22,0.000384
美国,担忧,高通,2024-09-22,0.000384
华盛顿,认为有威胁,阿联酋,2024-09-22,0.000382
当地立法者,支持,台积电,2024-11-12,0.000382
黄仁勋,主导,Nvidia,2024-12-02,0.000379
市场研究公司IDC,认为恐怖,台积电,2024-12-28,0.000378
美国,质疑,《芯片法案》,2024-11-14,0.000378
美国,质疑,《芯片法案》,2024-11-06,0.000378
美国,质疑,《芯片法案》,2024-11-06,0.000378
美国,感到不满,英特尔,2024-09-17,0.000378
孟买,主导,英伟达,2024-10-23,0.000374
路透社,支持,苹果,2024-10-27,0.000371
埃隆·马斯克,损害,特斯拉,2024-12-02,0.000371
华盛顿,损害,台湾,2025-02-19,0.000371
特朗普,相信,《芯片法案》,2024-11-06,0.000369
民主党,主导,《芯片法案》,2024-11-05,0.000368
中国,主导,耐克,2025-01-09,0.000368
华为,声明,TSMC,2024-10-23,0.000366
唐纳德·特朗,质疑,台湾,2024-12-03,0.000366
克里斯托夫·福克特,质疑,美国,2024-11-13,0.000364
美国,认为有危机,华为,2024-10-31,0.000362
《巴伦周刊》,担忧,英伟达,2024-11-11,0.000362
台积电,主导,台风警报程序,2024-10-30,0.000360
台积电,增进,中美关系,2024-11-12,0.000360
彼得森国际经济研究所,担忧,特朗普,2024-11-06,0.000360
彼得森国际经济研究所,担忧,特朗普,2024-11-06,0.000360
彼得森国际经济研究所,担忧,特朗普,2024-11-06,0.000360
彼得森国际经济研究所,担忧,特朗普,2024-11-06,0.000360
Jim Cramer,认可,苹果,2024-11-03,0.000357
华盛顿,相信,中国,2024-11-07,0.000356
半导体,欣赏,苹果,2025-02-23,0.000353
科尔莱特·克雷斯,欢迎,英伟达,2024-09-04,0.000352
台湾,认为违规,美国,2024-11-15,0.000352
华盛顿,担忧,阿联酋,2024-09-22,0.000351
华盛顿,质疑,拜登政府,2025-01-13,0.000350
克里斯托夫·福克特,担忧,美国,2024-11-13,0.000350
台积电,主导,水回收项目,2024-12-16,0.000349
哈什·库马尔,认为有威胁,英伟达,2024-11-12,0.000348
Adam Posen,担忧,特朗普,2024-11-06,0.000348
亚当·波森,认为热情,特朗普,2024-11-06,0.000347
哈什·库马尔,认可,英伟达,2024-11-12,0.000345
特朗普,担忧,英特尔,2024-11-12,0.000344
埃隆·马斯克,认为非法,中国,2024-12-27,0.000344
埃隆·马斯克,认为非法,中国,2024-12-27,0.000344
美国,欣赏,英特尔,2024-10-17,0.000344
美国,欣赏,英特尔,2024-10-17,0.000344
美国,欣赏,英特尔,2024-10-17,0.000344
美国,欣赏,英特尔,2024-10-17,0.000344
日本,认为有威胁,中国,2025-02-13,0.000344
中国芯片公司,支持,台积电,2024-11-11,0.000341
国会,担忧,特朗普,2025-01-10,0.000340
英特尔总裁,威胁,台积电,2024-11-29,0.000340
特朗普,认为犯罪,华为,2024-10-31,0.000339
美国,认为有威胁,阿斯麦,2024-10-31,0.000338
特朗普,认可,美国,2024-11-09,0.000338
特朗普,认可,美国,2024-12-03,0.000338
特朗普,认可,美国,2024-11-15,0.000338
特朗普,认可,美国,2024-11-15,0.000338
特朗普,认可,美国,2024-10-30,0.000338
特朗普,认可,美国,2024-10-30,0.000338
特朗普,认可,美国,2024-11-15,0.000338
赖清德,认为可靠,美国,2025-02-13,0.000337
习近平,认为非法,美国,2024-11-29,0.000335
习近平,认为非法,美国,2024-11-29,0.000335
习近平,认为非法,美国,2024-11-29,0.000335
习近平,认为非法,美国,2024-11-29,0.000335
沙弗,认为可靠,英伟达,2024-11-14,0.000334
美国,感到满意,《芯片和科学法案》,2024-09-18,0.000332
美国,威胁,阿斯麦,2024-10-31,0.000332
美国,威胁,阿斯麦,2024-10-31,0.000332
特朗普,认为恐怖,台湾,2024-12-03,0.000331
特朗普,认为恐怖,台湾,2024-12-03,0.000331
特朗普,认为恐怖,台湾,2024-12-03,0.000331
特朗普,认为恐怖,台湾,2024-12-03,0.000331
特朗普,认为恐怖,台湾,2024-12-03,0.000331
特朗普,认为恐怖,台湾,2024-12-03,0.000331
特朗普,认为恐怖,台湾,2025-02-25,0.000331
特朗普,认为恐怖,台湾,2025-02-13,0.000331
特朗普,认为恐怖,台湾,2025-02-19,0.000331
特朗普,认为恐怖,台湾,2024-11-15,0.000331
特朗普,认为恐怖,台湾,2024-11-15,0.000331
特朗普,认为恐怖,台湾,2024-12-02,0.000331
特朗普,认为恐怖,台湾,2024-11-13,0.000331
特朗普,认为恐怖,台湾,2025-02-19,0.000331
清水洋治,担忧,美国,2024-08-26,0.000330
乌克,认为有成就,台积电,2024-09-17,0.000330
北京,认为恐怖,台湾,2025-02-19,0.000330
华盛顿,担忧,中国,2024-11-07,0.000326
美国,主导,英特尔,2024-09-17,0.000320
美国,攻击,苹果公司（AAPL）,2024-10-26,0.000320
亚当·波森,认为优秀,特朗普,2024-11-06,0.000319
亚当·波森,认为优秀,特朗普,2024-11-06,0.000319
亚当·波森,认为优秀,特朗普,2024-11-06,0.000319
卢克·拉巴里,主导,英伟达,2024-08-27,0.000319
清水洋治,感到不满,美国,2024-08-26,0.000319
唐纳德·特朗,认为失败,台湾,2024-12-03,0.000319
日本,威胁,中国,2024-11-19,0.000318
日本,威胁,中国,2025-02-13,0.000318
Adam Posen,认可,特朗普,2024-11-06,0.000316
中国台湾事务办公室,认为有威胁,美国,2024-11-11,0.000316
美国,感到不满,谷歌,2024-09-06,0.000315
半导体,认为有威胁,苹果,2025-02-23,0.000315
达美航空,欢迎,中国,2025-01-10,0.000315
台积电,感到满意,SK海力士,2024-11-03,0.000314
TSMC,营收来自,中国大陆,2024-11-11,0.000312
苹果公司,主导,TSMC,2024-10-20,0.000311
台湾,损害,半导体,2025-01-07,0.000311
台湾,损害,半导体,2024-11-05,0.000311
台湾经济部门,支持,台积电,2024-11-11,0.000310
派珀·萨兰德,视作英雄,哈什·库马尔,2024-11-12,0.000308
台积电,认为有威胁,网络攻击,2024-10-23,0.000307
特朗普,认为犯罪,美国,2024-11-10,0.000305
特朗普,认为犯罪,美国,2024-11-15,0.000305
特朗普,认为犯罪,美国,2024-11-10,0.000305
特朗普,认为犯罪,美国,2024-11-10,0.000305
特朗普,认为犯罪,美国,2024-11-15,0.000305
特朗普,认为犯罪,美国,2024-11-15,0.000305
特朗普,认为犯罪,美国,2024-11-15,0.000305
特朗普,认为犯罪,美国,2024-11-15,0.000305
特朗普,认为犯罪,美国,2024-11-15,0.000305
特朗普,认为犯罪,美国,2024-10-30,0.000305
特朗普,认为犯罪,美国,2024-11-15,0.000305
特朗普,认为犯罪,美国,2024-11-15,0.000305
特朗普,认为犯罪,美国,2024-11-15,0.000305
特朗普,认为犯罪,美国,2024-10-30,0.000305
特朗普,认为犯罪,美国,2024-11-15,0.000305
特朗普,认为犯罪,美国,2024-11-15,0.000305
迈克·沃尔茨,担忧,中国,2024-11-12,0.000304
迈克·沃尔茨,担忧,中国,2024-11-12,0.000304
乔·罗根,认为非法,美国,2024-12-25,0.000304
特朗普,认可,英伟达,2024-11-19,0.000302
特朗普,认可,英伟达,2024-11-18,0.000302
特朗普,认可,英伟达,2024-11-18,0.000302
陈俊哲,主导,台积公司,2024-10-27,0.000302
马克·扎克伯格,喜欢,英伟达,2024-10-19,0.000301
克里斯托夫·福奎特,认为可靠,美国,2024-11-13,0.000300
美国,支持,华为,2024-10-31,0.000300
美国,支持,华为,2024-10-27,0.000300
美国,支持,华为,2024-10-27,0.000300
台湾,认为有成就,TSMC,2025-02-23,0.000297
特朗普,损害,华为,2025-01-16,0.000297
特朗普,损害,华为,2024-10-31,0.000297
特朗普,损害,华为,2024-11-28,0.000297
特朗普,损害,华为,2024-11-28,0.000297
半导体,威胁,苹果,2025-02-23,0.000296
台积电,支持,JASM,2024-11-16,0.000296
美国,认为优秀,中国,2024-08-26,0.000291
杰西·利文森,认为可靠,特斯拉,2024-11-01,0.000289
特朗普,认为有威胁,美国,2024-12-27,0.000288
特朗普,认为有威胁,美国,2024-12-27,0.000288
特朗普,认为有威胁,美国,2024-12-26,0.000288
特朗普,认为有威胁,美国,2024-11-05,0.000288
特朗普,认为有威胁,美国,2024-11-05,0.000288
特朗普,认为有威胁,美国,2025-02-26,0.000288
美国,认为恐怖,拜登,2024-08-28,0.000288
美国,认为恐怖,拜登,2024-08-28,0.000288
拉巴里,主导,英伟达,2024-08-27,0.000288
美国,视作英雄,乔·拜登,2024-12-03,0.000288
《自由时报》,认为优秀,台积电,2024-11-09,0.000288
美国,威胁,苹果公司（AAPL）,2024-10-26,0.000287
TSMC,面临关税威胁,特朗普,2024-11-05,0.000283
习近平,感谢,加拿大,2024-11-07,0.000282
前总统,认为有成就,特朗普,2024-11-05,0.000282
埃隆·马斯克,认为有成就,特斯拉,2024-12-25,0.000281
哈利·德恩,认为恐怖,英伟达,2024-09-16,0.000280
池泰完,主导,英伟达,2024-11-03,0.000279
特朗普,质疑,美国,2024-11-14,0.000277
特朗普,质疑,美国,2024-11-14,0.000277
特朗普,质疑,美国,2024-11-10,0.000277
特朗普,质疑,美国,2024-11-10,0.000277
特朗普,质疑,美国,2024-12-03,0.000277
特朗普,质疑,美国,2024-11-10,0.000277
特朗普,质疑,美国,2024-11-10,0.000277
特朗普,质疑,美国,2024-11-10,0.000277
特朗普,质疑,美国,2024-11-10,0.000277
特朗普,质疑,美国,2024-11-10,0.000277
特朗普,质疑,美国,2024-11-10,0.000277
特朗普,质疑,美国,2024-11-10,0.000277
特朗普,质疑,美国,2024-11-15,0.000277
特朗普,质疑,美国,2024-11-10,0.000277
特朗普,质疑,美国,2024-11-10,0.000277
特朗普,质疑,美国,2024-11-15,0.000277
特朗普,质疑,美国,2024-11-15,0.000277
特朗普,质疑,美国,2024-11-15,0.000277
特朗普,质疑,美国,2024-11-15,0.000277
特朗普,质疑,美国,2024-11-10,0.000277
特朗普,质疑,美国,2024-10-30,0.000277
特朗普,质疑,美国,2024-11-15,0.000277
特朗普,质疑,美国,2024-10-30,0.000277
特朗普,质疑,美国,2024-11-15,0.000277
特朗普,质疑,美国,2024-11-15,0.000277
特朗普,质疑,美国,2024-11-05,0.000277
特朗普,质疑,美国,2024-11-05,0.000277
特朗普,质疑,美国,2024-11-05,0.000277
特朗普,质疑,美国,2024-11-05,0.000277
特朗普,质疑,美国,2024-11-05,0.000277
特朗普,质疑,美国,2024-11-05,0.000277
特朗普,质疑,美国,2024-11-10,0.000277
Adam Posen,认为可靠,特朗普,2024-11-06,0.000277
路透社,感到不满,三星,2024-08-27,0.000277
路透社,感到不满,三星,2024-10-06,0.000277
路透社,感到不满,三星,2024-10-06,0.000277
路透社,感到不满,三星,2024-08-27,0.000277
娜特莉·奎廉,主导,美国,2024-11-25,0.000276
特朗普,认为失败,美国,2024-11-14,0.000275
特朗普,认为失败,美国,2024-11-15,0.000275
特朗普,认为失败,美国,2024-11-06,0.000275
特朗普,认为失败,美国,2024-11-09,0.000275
特朗普,认为失败,美国,2024-11-15,0.000275
特朗普,认为失败,美国,2024-11-06,0.000275
特朗普,认为失败,美国,2024-10-30,0.000275
特朗普,认为失败,美国,2024-11-15,0.000275
特朗普,认为失败,美国,2024-10-30,0.000275
特朗普,认为失败,美国,2024-11-15,0.000275
特朗普,认为失败,美国,2024-12-02,0.000275
特朗普,认为失败,美国,2024-11-15,0.000275
美国,制裁,华为,2024-10-23,0.000275
美国,制裁,华为,2024-11-04,0.000275
美国,制裁,华为,2024-11-28,0.000275
美国,制裁,华为,2024-11-28,0.000275
CNBC,担忧,英伟达,2024-08-27,0.000275
CNBC,担忧,英伟达,2024-11-04,0.000275
美国,批评,苹果,2024-11-30,0.000273
市场研究公司IDC,认为有危机,台积电,2024-12-28,0.000273
CFO黄文德,认为优秀,台积电,2024-11-08,0.000272
彼得·蒂尔,认为犯罪,特朗普,2024-11-18,0.000271
彼得·蒂尔,认为犯罪,特朗普,2024-11-18,0.000271
特朗普,欣赏,美国,2024-12-03,0.000271
特朗普,欣赏,美国,2024-11-10,0.000271
特朗普,欣赏,美国,2024-11-15,0.000271
特朗普,欣赏,美国,2024-11-15,0.000271
特朗普,欣赏,美国,2024-11-10,0.000271
特朗普,欣赏,美国,2024-10-30,0.000271
特朗普,欣赏,美国,2024-11-15,0.000271
哈什·库马尔,威胁,英伟达,2024-11-12,0.000271
特朗普,欣赏,英伟达,2024-11-19,0.000270
特朗普,欣赏,英伟达,2024-11-18,0.000270
特朗普,欣赏,英伟达,2024-11-18,0.000270
美国,支持,投资者,2024-10-24,0.000270
美国,支持,投资者,2024-10-24,0.000270
美国,支持,投资者,2024-10-24,0.000270
美国,支持,《芯片法案》,2024-10-29,0.000270
美国,支持,《芯片法案》,2024-10-29,0.000270
美国,支持,《芯片法案》,2024-10-29,0.000270
美国,支持,《芯片法案》,2024-10-29,0.000270
美国,支持,《芯片法案》,2024-09-20,0.000270
美国,支持,《芯片法案》,2024-12-03,0.000270
美国,支持,《芯片法案》,2024-11-26,0.000270
美国,支持,《芯片法案》,2024-12-29,0.000270
台积电,主导,全球扩张计划,2024-11-12,0.000269
英特尔,主导,美国,2025-02-19,0.000268
乔·罗根,主导,《芯片法案》,2024-11-15,0.000268
乔·罗根,主导,《芯片法案》,2024-11-06,0.000268
乔·罗根,主导,《芯片法案》,2024-11-06,0.000268
乔·罗根,主导,《芯片法案》,2024-11-06,0.000268
彭博社,担忧,英伟达,2024-09-03,0.000267
美国,提供资金,英特尔,2024-11-14,0.000266
罗伯特·帕维克,主导,特朗普,2024-11-17,0.000266
美国,认可,Hindenburg,2024-09-26,0.000265
Russ Mould,认为优秀,台积电,2025-01-10,0.000264
丹·艾维斯,损害,苹果,2025-01-10,0.000263
阿里巴巴,担忧,美国,2025-02-21,0.000262
路透社,担忧,三星,2024-10-06,0.000262
路透社,担忧,三星,2024-08-27,0.000262
路透社,担忧,三星,2024-10-07,0.000262
路透社,担忧,三星,2024-10-06,0.000262
路透社,担忧,三星,2024-10-06,0.000262
路透社,担忧,三星,2024-08-27,0.000262
苹果,认为有威胁,英伟达,2024-09-09,0.000260
亚当·波森,支持,《芯片和科学法案》,2024-11-06,0.000259
亚当·波森,支持,特朗普,2024-11-06,0.000258
亚当·波森,支持,特朗普,2024-11-06,0.000258
美国,主导,台积,2024-11-10,0.000257
台湾,损害,美国,2024-11-07,0.000257
台湾,损害,美国,2024-11-05,0.000257
台湾,损害,美国,2024-11-07,0.000257
台湾,损害,美国,2024-12-25,0.000257
台湾,损害,美国,2024-11-15,0.000257
台湾,损害,美国,2024-11-15,0.000257
台湾,损害,美国,2024-11-15,0.000257
台湾,损害,美国,2024-11-15,0.000257
台湾,损害,美国,2024-11-15,0.000257
台湾,损害,美国,2024-11-15,0.000257
台湾,损害,美国,2024-11-15,0.000257
台湾,损害,美国,2024-12-25,0.000257
台湾,损害,美国,2024-11-05,0.000257
特朗普,支持,TSMC,2025-02-15,0.000256
特朗普,支持,TSMC,2025-02-15,0.000256
亚当·普森,认为恐怖,特朗普,2024-11-06,0.000256
克里斯托夫·福奎特,认可,美国,2024-11-13,0.000255
投资者,认为可靠,苹果,2024-09-05,0.000253
摩根士丹利,主导,美国,2024-11-03,0.000252
台积电,认为恐怖,阿里及百度,2024-11-09,0.000252
台积电,认为恐怖,阿里及百度,2024-11-09,0.000252
路透社,威胁,苹果,2024-10-27,0.000250
特朗普,攻击,中国,2024-11-18,0.000249
特朗普,攻击,中国,2024-11-27,0.000249
特朗普,攻击,中国,2024-11-27,0.000249
特朗普,攻击,中国,2024-11-07,0.000249
特朗普,攻击,中国,2025-01-12,0.000249
特朗普,攻击,中国,2024-11-27,0.000249
特朗普,攻击,中国,2024-11-27,0.000249
美国,认为有暴力,拜登,2024-08-28,0.000248
美国,认为有暴力,拜登,2024-08-28,0.000248
拜登总统,主导,美国,2024-10-02,0.000247
拜登总统,主导,美国,2024-11-25,0.000247
法比安·志中·吴,担忧,特朗普,2024-11-07,0.000247
特朗普,感到不满,《芯片和科学法案》,2024-11-15,0.000246
台积电,认为恐怖,巴伦周刊,2024-09-21,0.000246
美国,担忧,英特尔,2024-11-03,0.000245
美国,担忧,英特尔,2024-11-25,0.000245
投资者,认为有成就,苹果,2024-09-05,0.000245
克里斯托夫·福奎特,相信,美国,2024-11-13,0.000244
清水洋治,感到满意,美国,2024-08-26,0.000243
鲁比奥,担忧,特朗普,2024-11-12,0.000242
Jim·塞默,感到不满,苹果,2024-11-03,0.000242
市场研究公司IDC,认为有威胁,台积电,2024-12-28,0.000240
路透社,主导,博通,2024-09-03,0.000239
特朗普,认为违规,华为,2024-10-31,0.000239
贝丝·肯迪格,担忧,英伟达,2024-09-04,0.000238
Schafer,主导,英伟达,2024-11-14,0.000237
英伟达,担忧,谷歌,2024-09-09,0.000237
《科创板日报》,认为可靠,台积电,2024-11-07,0.000236
《科创板日报》,认为可靠,台积电,2024-11-07,0.000236
《科创板日报》,认为可靠,台积电,2024-11-07,0.000236
《科创板日报》,认为可靠,台积电,2024-11-09,0.000236
台积电,主导,数据中心,2024-09-27,0.000236
投资者,担忧,苹果,2024-09-05,0.000236
彼得·蒂尔,认可,特朗普,2024-11-18,0.000235
彼得·蒂尔,认可,特朗普,2024-11-18,0.000235
乔·拜登,认为有威胁,美国,2024-12-03,0.000235
当地立法者,认为优秀,台积电,2024-11-12,0.000234
蒂姆·库克,质疑,苹果,2024-10-26,0.000233
蒂姆·库克,质疑,苹果,2024-10-26,0.000233
Jim·塞默,认为有威胁,苹果,2024-11-03,0.000233
半导体,感到满意,苹果,2025-02-23,0.000231
特朗普,威胁,TSMC,2024-10-18,0.000230
亚当·普森,认为优秀,特朗普,2024-11-06,0.000229
亚当·普森,认为优秀,特朗普,2024-11-06,0.000229
亚当·普森,认为优秀,特朗普,2024-11-06,0.000229
卡马拉·哈里斯,感到不满,特朗普,2024-09-10,0.000228
美国,主导,半导体,2024-12-03,0.000228
中国,认为有暴力,台湾,2025-01-14,0.000228
中国,质疑,日本,2024-09-02,0.000227
高盛,认为失败,美国,2024-11-02,0.000226
高盛,认为失败,美国,2024-11-02,0.000226
美国,计划投资,TSMC,2024-08-20,0.000223
摩根大通,认为优秀,苹果,2024-10-23,0.000223
摩根大通,认为优秀,苹果,2024-10-23,0.000223
摩根大通,认为优秀,苹果,2024-10-23,0.000223
摩根大通,认为优秀,苹果,2024-10-23,0.000223
公司创始人,认为优秀,台积电,2025-02-23,0.000223
亚当·波森,认为失败,特朗普,2024-11-06,0.000222
亚当·波森,认为失败,特朗普,2024-11-06,0.000222
台积电,担忧,人工智能泡沫的形成,2024-11-05,0.000221
台积电,担忧,人工智能泡沫的形成,2024-11-05,0.000221
英伟达,担忧,美国,2024-08-13,0.000221
乔·罗根,主导,美国,2024-12-25,0.000221
Dan Ives,主导,英伟达,2024-11-18,0.000221
Dan Ives,主导,英伟达,2024-11-18,0.000221
拜登,主导,《芯片和科学法案》,2024-11-15,0.000221
拜登,主导,《芯片和科学法案》,2024-11-06,0.000221
拜登,主导,《芯片和科学法案》,2024-09-10,0.000221
投资人,增进,台积电,2024-11-05,0.000221
《台北时报》,担忧,特朗普,2024-11-12,0.000220
《台北时报》,担忧,特朗普,2024-11-12,0.000220
里克·沙弗,认可,英伟达,2024-11-14,0.000220
美国,认为有威胁,华为,2024-10-23,0.000218
美国,认为有威胁,华为,2024-10-31,0.000218
池田盛治,认为可靠,台湾,2025-02-13,0.000216
中国,认为恐怖,赖清德,2025-01-16,0.000216
克里斯托夫·福克,担忧,阿斯麦,2024-10-31,0.000216
斯塔西·拉松,担忧,英伟达,2024-12-15,0.000215
美国,欢迎,英特尔,2024-09-18,0.000215
美国,欢迎,英特尔,2024-09-18,0.000215
美国,欢迎,英特尔,2024-10-17,0.000215
美国,欢迎,英特尔,2024-12-03,0.000215
美国,欢迎,英特尔,2024-08-04,0.000215
美国,欢迎,英特尔,2024-10-17,0.000215
美国,欢迎,英特尔,2024-10-17,0.000215
美国,欢迎,英特尔,2024-10-17,0.000215
美国,欢迎,英特尔,2024-10-17,0.000215
美国,欢迎,英特尔,2024-10-17,0.000215
美国,欢迎,英特尔,2024-10-17,0.000215
美国,欢迎,英特尔,2024-10-17,0.000215
赖清德,担忧,台湾,2025-02-13,0.000214
赖清德,担忧,台湾,2025-02-19,0.000214
市场研究公司IDC,相信,台积电,2024-12-28,0.000213
埃隆·马斯克,相信,中国,2024-12-27,0.000212
埃隆·马斯克,相信,中国,2024-12-27,0.000212
埃隆·马斯克,相信,中国,2024-12-26,0.000212
TSMC,项目延迟,美国,2024-12-13,0.000212
乔·罗根,感到不满,特朗普,2024-11-05,0.000212
朱凤莲,认为非法,台湾,2025-02-25,0.000211
特朗普,担忧,关税,2024-12-23,0.000210
特朗普,担忧,关税,2024-11-12,0.000210
台积电,财报表现,市场,2024-08-08,0.000210
台湾,感谢,分享,2025-02-25,0.000209
台湾,感谢,分享,2025-02-17,0.000209
台湾,感谢,分享,2025-02-19,0.000209
路透社,感到不满,英伟达,2024-11-17,0.000208
杰罗姆·鲍威尔,认可,美联储,2024-11-17,0.000208
台积公司,认为失败,美国,2024-11-13,0.000208
特朗普,认为有威胁,日本,2024-11-12,0.000208
中国,认为优秀,赖清德,2025-01-16,0.000208
安迪·贾西,认为可靠,亚马逊,2024-11-03,0.000207
杰罗姆·鲍威尔,认为可靠,美联储,2024-11-17,0.000207
特朗普,损害,特斯拉,2024-12-02,0.000207
特朗普,认为非法,半导体,2025-02-25,0.000207
美国,认为可靠,台湾的贸易,2024-11-27,0.000206
美国,感到不满,中国,2024-11-06,0.000205
赖清德,相信,台湾,2025-02-19,0.000204
乌克,认为优秀,台积电,2024-09-17,0.000204
路透社,质疑,苹果,2024-10-27,0.000204
美国,认为非法,中国,2024-12-02,0.000204
美国,认为非法,中国,2024-11-29,0.000204
美国,认为非法,中国,2024-11-07,0.000204
美国,认为非法,中国,2024-11-06,0.000204
美国,认为非法,中国,2024-10-14,0.000204
特朗普,支持,美国,2024-12-03,0.000204
特朗普,支持,美国,2024-10-30,0.000204
特朗普,支持,美国,2024-10-30,0.000204
特朗普,支持,美国,2025-02-23,0.000204
特朗普,支持,美国,2025-02-23,0.000204
特朗普,支持,美国,2025-02-23,0.000204
特朗普,支持,美国,2025-02-23,0.000204
TSMC,投资建设,美国,2024-12-25,0.000201
TSMC,投资建设,美国,2024-11-14,0.000201
华盛顿,认为有危机,中国,2024-11-07,0.000201
imes,认可,台积电,2024-12-11,0.000201
美国,感到满意,中国,2024-11-06,0.000201
黄仁勋,主导,AI芯片,2024-10-10,0.000200
花旗集团,相信,美国,2025-01-16,0.000200
中国,担忧,美国,2024-09-30,0.000200
中国,担忧,美国,2024-12-02,0.000200
摩根大通,认为可靠,英伟达,2024-12-28,0.000199
特朗普,损害,新加坡,2025-02-26,0.000198
特朗普,损害,中国,2024-11-12,0.000197
特朗普,损害,中国,2024-11-12,0.000197
特朗普,损害,中国,2024-11-12,0.000197
特朗普,损害,中国,2025-01-13,0.000197
特朗普,损害,中国,2025-01-13,0.000197
特朗普,损害,中国,2025-01-13,0.000197
特朗普,损害,中国,2025-01-12,0.000197
摩根大通,认为可靠,美国,2025-01-16,0.000196
马斯克,认可,黄仁勋,2024-10-13,0.000196
马斯克,认可,黄仁勋,2024-10-13,0.000196
中国,损害,赖清德,2025-01-16,0.000196
美国,认可,美国,2024-10-30,0.000196
市场研究公司IDC,认为失败,台积电,2024-12-28,0.000196
美国,质疑,英特尔,2024-09-17,0.000195
美国,质疑,英特尔,2024-11-25,0.000195
扎克伯格,担忧,黄仁勋,2024-11-24,0.000194
扎克伯格,担忧,黄仁勋,2024-11-24,0.000194
扎克伯格,担忧,黄仁勋,2024-11-24,0.000194
英伟达,认为有威胁,亚马逊,2024-09-09,0.000194
美国,感到满意,谷歌,2024-09-06,0.000193
CNA,认为优秀,台积电,2024-11-03,0.000193
TSMC,协助,英伟达,2024-11-30,0.000192
《商业韩国》,认为优秀,台积电,2024-11-16,0.000191
埃隆·马斯克,质疑,特斯拉,2024-12-25,0.000191
英伟达,认可,特朗普,2025-01-16,0.000190
英伟达,认可,特朗普,2025-01-16,0.000190
美国,担忧,台湾,2024-12-03,0.000189
美国,担忧,台湾,2024-12-03,0.000189
美国,担忧,台湾,2024-12-03,0.000189
美国,担忧,台湾,2024-10-30,0.000189
美国,提供低息贷款,TSMC,2024-11-14,0.000189
《纽约时报》,认为非法,英伟达,2024-09-10,0.000189
英特尔总裁,认为可靠,台积电,2024-11-29,0.000188
中央通讯社（CNA）,认可,台积电,2024-11-03,0.000188
特朗普,担忧,台湾公司,2024-11-15,0.000187
拜登,认为有威胁,中国,2024-12-02,0.000187
黄仁勋,支持,英伟达,2025-01-10,0.000185
华盛顿,威胁,阿联酋,2024-09-22,0.000185
彼得·蒂尔,认为可靠,特朗普,2024-11-18,0.000185
华盛顿,认为非法,美国,2024-10-30,0.000184
当地立法者,认为有暴力,台积电,2024-11-12,0.000184
埃隆·马斯克,欢迎,中国,2024-12-27,0.000183
美国,视作英雄,拜登,2024-11-14,0.000183
埃隆·马斯克,认为失败,中国,2024-12-27,0.000181
埃隆·马斯克,认为失败,中国,2024-12-27,0.000181
埃隆·马斯克,认为失败,中国,2024-12-26,0.000181
Dan Ives,认可,苹果,2024-10-23,0.000181
克里斯托夫·福克特,认为恐怖,美国,2024-11-13,0.000180
半导体,认为优秀,苹果,2025-02-23,0.000179
埃隆·马斯克,攻击,英伟达,2024-09-18,0.000178
埃隆·马斯克,攻击,英伟达,2024-09-18,0.000178
特朗普,认为可靠,《芯片和科学法案》,2024-11-15,0.000177
TSMC,宣布投资,美国,2024-10-14,0.000176
投资人,认为优秀,台积电,2024-11-05,0.000176
马克·扎克伯格,视作英雄,特朗普,2025-01-15,0.000176
美国,增进,《芯片法案》,2024-10-29,0.000175
美国,增进,《芯片法案》,2024-11-26,0.000175
英伟达,认为有威胁,特朗普,2025-01-14,0.000175
美国,认为有成就,SMIC,2024-11-28,0.000174
美国,认为有成就,SMIC,2024-11-28,0.000174
彼得·蒂尔,认为有威胁,特朗普,2024-11-18,0.000172
吉娜·雷蒙多,欣赏,美国,2024-09-18,0.000172
特朗普,主导,共和党,2024-09-18,0.000171
马斯克,认为失败,特斯拉,2025-02-05,0.000170
俄罗斯,欢迎,埃隆·马斯克,2024-10-26,0.000170
特朗普,增进,美国,2024-11-09,0.000170
特朗普,增进,美国,2024-11-09,0.000170
特朗普,增进,美国,2024-11-09,0.000170
特朗普,增进,美国,2024-11-09,0.000170
特朗普,增进,美国,2025-02-13,0.000170
特朗普,增进,美国,2025-02-13,0.000170
特朗普,增进,美国,2024-11-09,0.000170
特朗普,增进,美国,2024-11-06,0.000170
特朗普,增进,美国,2024-11-15,0.000170
特朗普,增进,美国,2024-11-15,0.000170
特朗普,增进,美国,2025-02-23,0.000170
特朗普,增进,美国,2025-02-23,0.000170
谷歌,主导,第9巡回上诉法院,2024-10-19,0.000170
路透社,认为优秀,苹果,2024-10-27,0.000170
特朗普,攻击,美国,2024-12-27,0.000169
特朗普,攻击,美国,2024-12-27,0.000169
特朗普,攻击,美国,2024-12-26,0.000169
特朗普,攻击,美国,2024-11-10,0.000169
特朗普,攻击,美国,2024-11-10,0.000169
特朗普,攻击,美国,2024-11-10,0.000169
特朗普,攻击,美国,2024-11-15,0.000169
《日经亚洲》,担忧,英伟达,2024-11-27,0.000169
埃隆·马斯克,感到满意,中国,2024-12-27,0.000168
英伟达,威胁,亚马逊,2024-09-09,0.000168
Jim Cramer,质疑,苹果,2024-11-03,0.000168
Jim Cramer,质疑,苹果,2024-11-03,0.000168
Jim Cramer,质疑,苹果,2024-11-03,0.000168
杰罗姆·鲍威尔,相信,美联储,2024-11-17,0.000167
TSMC,宣布,美国,2024-11-02,0.000167
特朗普,主导,越南,2024-11-13,0.000166
路透社,相信,苹果,2024-10-27,0.000166
路透社,认为有威胁,苹果,2024-10-27,0.000166
台湾经济部,支持,台积电,2024-11-09,0.000166
TSMC,获得补贴,美国,2024-11-14,0.000166
TSMC,获得补贴,美国,2024-09-06,0.000166
TSMC,获得补贴,美国,2024-11-27,0.000166
安杰洛·津诺,主导,特朗普,2024-11-19,0.000166
克里斯托夫·福凯,认为可靠,阿斯麦,2024-10-31,0.000166
克里斯托夫·福凯,认为可靠,阿斯麦,2024-10-31,0.000166
克里斯托夫·福凯,认为可靠,阿斯麦,2024-10-31,0.000166
特朗普,攻击,乔·拜登,2024-11-05,0.000165
特朗普,攻击,乔·拜登,2024-11-05,0.000165
特朗普,攻击,乔·拜登,2024-11-05,0.000165
华盛顿,担忧,北京,2024-11-20,0.000164
布劳登曼,相信,特朗普,2024-11-15,0.000164
特朗普,认为有威胁,墨西哥,2024-11-27,0.000163
美国,担忧,半导体,2024-11-10,0.000163
马斯克,质疑,特斯拉,2025-02-05,0.000163
马斯克,质疑,特斯拉,2025-02-05,0.000163
马斯克,质疑,特斯拉,2025-02-05,0.000163
美国,支持,《芯片和科学法案》,2024-10-16,0.000162
美国,支持,《芯片和科学法案》,2024-10-16,0.000162
美国,支持,《芯片和科学法案》,2024-09-18,0.000162
美国,支持,《芯片和科学法案》,2025-01-03,0.000162
Coatsworth,认为优秀,台积电,2024-10-17,0.000162
苹果,损害,英伟达,2024-09-09,0.000162
北京,威胁,中国,2024-12-26,0.000161
摩根士丹利,认为非法,美国,2024-11-11,0.000160
詹森·霍尔,感到不满,三星,2025-01-10,0.000159
美国,损害,华为,2024-10-24,0.000159
美国,损害,华为,2024-10-23,0.000159
美国,损害,华为,2024-10-23,0.000159
美国,损害,华为,2024-10-23,0.000159
美国,损害,华为,2024-10-24,0.000159
美国,损害,华为,2024-10-24,0.000159
美国,损害,华为,2024-11-11,0.000159
美国,损害,华为,2024-10-23,0.000159
美国,损害,华为,2024-11-10,0.000159
美国,损害,华为,2024-10-23,0.000159
美国,损害,华为,2024-10-27,0.000159
美国,损害,华为,2024-10-27,0.000159
美国,损害,华为,2024-10-27,0.000159
美国,损害,华为,2024-11-04,0.000159
美国,损害,华为,2024-12-21,0.000159
美国,损害,华为,2024-12-21,0.000159
美国,损害,华为,2024-10-22,0.000159
美国,损害,华为,2024-10-31,0.000159
美国,损害,华为,2024-10-13,0.000159
美国,损害,华为,2024-12-21,0.000159
美国,损害,华为,2024-10-24,0.000159
美国,损害,华为,2024-10-20,0.000159
美国,损害,华为,2024-10-20,0.000159
美国,损害,华为,2024-11-15,0.000159
美国,损害,华为,2024-10-23,0.000159
美国,损害,华为,2024-10-20,0.000159
美国,损害,华为,2024-11-28,0.000159
美国,损害,华为,2024-11-22,0.000159
美国,损害,华为,2024-11-22,0.000159
郭明池,担忧,英伟达,2025-01-16,0.000159
路透社,认为可靠,三星,2024-08-27,0.000159
路透社,认为可靠,三星,2024-10-06,0.000159
路透社,认为可靠,三星,2024-10-06,0.000159
路透社,认为可靠,三星,2024-08-27,0.000159
台积电,支持,1.6纳米芯片,2024-12-31,0.000159
特朗普,感到不满,《芯片法案》,2024-11-15,0.000159
特朗普,感到不满,《芯片法案》,2024-11-06,0.000159
美国,认为优秀,高通,2024-09-22,0.000157
CNBC,相信,华为,2024-09-16,0.000157
美国,担忧,SMIC,2024-10-31,0.000156
美国,感到满意,交易,2024-09-19,0.000156
Nvidia,欢迎,特朗普,2024-12-25,0.000156
TSMC,成立,台湾,2024-09-22,0.000155
黄仁勋,认为有成就,英伟达,2024-09-20,0.000155
黄仁勋,认为有成就,英伟达,2024-09-20,0.000155
黄仁勋,认为有成就,英伟达,2025-01-10,0.000155
黄仁勋,认为有成就,英伟达,2025-01-10,0.000155
黄仁勋,认为有成就,英伟达,2024-09-18,0.000155
黄仁勋,认为有成就,英伟达,2024-11-21,0.000155
黄仁勋,认为有成就,英伟达,2024-10-19,0.000155
黄仁勋,认为有成就,英伟达,2024-08-06,0.000155
特朗普,支持,《芯片和科学法案》,2024-11-15,0.000154
特朗普,支持,《芯片和科学法案》,2024-12-02,0.000154
特朗普,支持,《芯片和科学法案》,2024-11-05,0.000154
彼得·蒂尔,认为恐怖,特朗普,2024-11-18,0.000153
彼得·蒂尔,认为恐怖,特朗普,2024-11-18,0.000153
TSMC,计划建设,美国,2024-11-15,0.000153
特朗普,支持,美联储,2025-01-10,0.000153
黄仁勋,相信,TSMC,2024-11-10,0.000152
乔·罗根,担忧,台湾,2024-11-05,0.000152
日本,损害,中国,2024-11-29,0.000152
埃隆·马斯克,支持,中国,2024-12-27,0.000152
摩根大通,认可,美国,2025-01-16,0.000151
谷歌,欢迎,亚马逊,2024-10-16,0.000151
美国,攻击,Alphabet,2024-12-25,0.000151
美国,攻击,Alphabet,2024-12-25,0.000151
TSMC,获得投资,美国,2024-11-19,0.000150
特朗普,威胁,台积公司,2024-11-13,0.000149
乔·拜登总统,主导,《芯片法案》,2024-11-15,0.000149
黄仁勋,认为失败,英伟达,2025-01-10,0.000149
黄仁勋,认为失败,英伟达,2025-01-10,0.000149
特朗普,威胁,中国,2025-01-10,0.000149
特朗普,威胁,中国,2025-01-10,0.000149
特朗普,威胁,中国,2024-12-01,0.000149
特朗普,威胁,中国,2024-12-01,0.000149
特朗普,威胁,中国,2024-11-27,0.000149
特朗普,威胁,中国,2024-09-10,0.000149
特朗普,威胁,中国,2025-01-13,0.000149
特朗普,威胁,中国,2025-01-13,0.000149
特朗普,威胁,中国,2025-01-13,0.000149
特朗普,威胁,中国,2025-01-12,0.000149
特朗普,威胁,中国,2024-11-27,0.000149
特朗普,威胁,中国,2024-11-27,0.000149
路透社,欢迎,三星,2024-08-27,0.000149
清水洋治,认为有威胁,美国,2024-08-26,0.000148
中国,攻击,英伟达,2024-11-19,0.000148
中国,攻击,英伟达,2025-01-16,0.000148
台积电,主导,创新,2024-09-27,0.000148
台积电,主导,创新,2024-09-27,0.000148
亚当·波森,认为犯罪,特朗普,2024-11-06,0.000147
特朗普,欢迎,库克,2025-02-23,0.000147
特朗普,欢迎,库克,2025-02-23,0.000147
特朗普,欢迎,库克,2025-02-23,0.000147
特朗普,欢迎,库克,2025-02-23,0.000147
中国政府,主导,美国,2025-01-10,0.000147
台湾官员,表示,美国,2024-10-22,0.000147
清水洋治,认为优秀,美国,2024-08-26,0.000146
杰罗姆·鲍威尔,认为有威胁,美联储,2024-11-17,0.000146
华为创始人,认为有成就,美国,2024-10-31,0.000146
美国,支持,台湾,2025-02-25,0.000146
美国,支持,台湾,2025-02-26,0.000146
美国,支持,台湾,2024-11-07,0.000146
美国,支持,台湾,2025-02-19,0.000146
美国,感谢,分享,2025-01-16,0.000146
美国,感谢,分享,2025-02-25,0.000146
福凯,主导,彭博科技峰会,2024-10-31,0.000145
福凯,主导,彭博科技峰会,2024-10-31,0.000145
TSMC,制造,半导体,2024-12-25,0.000144
TSMC,制造,半导体,2024-12-25,0.000144
蒂姆·库克,威胁,苹果,2024-10-26,0.000144
乔·罗根,认为犯罪,美国,2024-12-25,0.000144
台积电,欣赏,创新,2024-09-27,0.000144
台积电,欣赏,创新,2024-09-27,0.000144
台积电,欣赏,创新,2024-09-27,0.000144
埃隆·马斯克,支持,美国,2024-11-15,0.000144
埃隆·马斯克,支持,美国,2024-11-15,0.000144
埃隆·马斯克,支持,美国,2024-11-15,0.000144
埃隆·马斯克,支持,美国,2024-11-15,0.000144
美国,认为犯罪,TSMC,2024-10-22,0.000143
美国,认为犯罪,TSMC,2024-10-18,0.000143
美国,认为犯罪,TSMC,2024-10-22,0.000143
华盛顿,认为违规,北京,2024-11-20,0.000143
美国,认为失败,半导体,2024-10-15,0.000143
皮特森国际经济研究所,相信,特朗普,2024-11-06,0.000143
俄罗斯总统,主导,马斯克,2024-10-26,0.000143
特朗普,指责,TSMC,2024-11-22,0.000142
马斯克,认为有成就,特斯拉,2025-02-05,0.000141
马斯克,认为有成就,特斯拉,2025-02-05,0.000141
华为创始人,认为有威胁,美国,2024-10-31,0.000141
迈克·瓦尔茨,担忧,中国,2024-11-12,0.000141
迈克·瓦尔茨,担忧,中国,2024-11-12,0.000141
路透社,担忧,英伟达,2024-11-17,0.000141
《台北时报》,相信,特朗普,2024-11-12,0.000140
《台北时报》,相信,特朗普,2024-11-12,0.000140
中国台湾事务办公室,指责,美国,2024-11-11,0.000140
拜登,损害,中国,2024-08-28,0.000140
拜登,损害,中国,2024-12-02,0.000140
乔·罗根,主导,《芯片和科学法案》,2024-11-15,0.000139
林建恩,担忧,华盛顿,2024-11-14,0.000139
美国,认为优秀,台积公司,2024-10-27,0.000139
美国,认为优秀,台积公司,2024-11-26,0.000139
美国,认为优秀,台积公司,2024-11-26,0.000139
美国,认为优秀,台积公司,2024-11-29,0.000139
美国,认为优秀,台积公司,2024-11-29,0.000139
美国,认为优秀,台积公司,2024-11-13,0.000139
美国,认为优秀,台积公司,2024-11-13,0.000139
美国,认为优秀,台积公司,2024-11-29,0.000139
美国,认为优秀,台积公司,2024-10-23,0.000139
美国,认为优秀,台积公司,2024-10-27,0.000139
中国,视作英雄,美国,2024-12-03,0.000138
吉姆·克莱默,认为有威胁,苹果,2024-11-03,0.000138
Adam Posen,相信,特朗普,2024-11-06,0.000138
美国,认为违规,阿斯麦,2024-10-31,0.000138
美国,认为违规,阿斯麦,2024-10-31,0.000138
埃里克·施密特,相信,英伟达,2024-08-14,0.000138
唐纳德·特朗,认为违规,台湾,2024-12-03,0.000137
摩根士丹利,认为失败,美国,2024-11-03,0.000137
美国,相信,台湾积电,2024-10-27,0.000136
美国,喜欢,耐克,2025-01-09,0.000136
贾西,质疑,亚马逊,2024-11-04,0.000135
美国,损害,英特尔,2024-12-03,0.000135
美国,损害,英特尔,2024-09-17,0.000135
美国,损害,英特尔,2024-10-27,0.000135
路透社,感到不满,特斯拉,2025-02-05,0.000135
路透社,感到不满,特斯拉,2025-02-05,0.000135
特朗普,主导,《芯片与科学法案》,2024-11-05,0.000135
特朗普,主导,《芯片与科学法案》,2024-11-05,0.000135
特朗普,主导,《芯片与科学法案》,2024-11-05,0.000135
特朗普,主导,《芯片与科学法案》,2024-11-06,0.000135
Needham,担忧,苹果,2024-11-07,0.000134
美国,支持,Intel,2024-08-08,0.000134
北京,攻击,美国,2024-09-28,0.000133
里克·沙弗,质疑,英伟达,2024-11-14,0.000133
特朗普,认为可靠,市场环境,2024-11-19,0.000132
史蒂文·艾泽尔,认为恐怖,特朗普,2025-02-19,0.000132
黄仁勋,认可,台积公司,2024-10-24,0.000132
特朗普,认为可靠,《芯片法案》,2024-11-06,0.000132
特朗普,认为可靠,《芯片法案》,2024-11-06,0.000132
亚当·波森,认可,《芯片和科学法案》,2024-11-06,0.000132
丰田,主导,新芯片园区,2024-09-01,0.000132
拜登-哈里斯政府,主导,美国,2024-10-15,0.000131
拜登-哈里斯政府,主导,美国,2024-10-15,0.000131
沙弗,认可,英伟达,2024-11-14,0.000131
哈利·德恩,认为优秀,英伟达,2024-09-16,0.000130
中国,质疑,TSMC,2024-09-11,0.000130
CNBC,认为优秀,苹果,2024-09-13,0.000130
CNBC,认为优秀,苹果,2024-11-04,0.000130
黄仁勋,相信,台积公司,2024-10-24,0.000130
黄仁勋,相信,台积公司,2024-10-24,0.000130
台积电,主导,亚利桑那项目,2024-11-15,0.000130
清水洋治,认为犯罪,美国,2024-08-26,0.000129
内德·芬克尔,感到不满,英伟达,2025-01-13,0.000129
卡玛拉·哈里斯,认为非法,中国,2024-10-21,0.000128
美国,视作英雄,唐纳德·特朗,2024-12-03,0.000128
李开复,主导,中国人工智能公司,2024-10-19,0.000127
美国,质疑,美国,2024-10-30,0.000127
美国,质疑,美国,2024-09-22,0.000127
台积公司,支持,美国,2024-11-13,0.000127
美国,认为非法,美国,2024-10-30,0.000127
美国,认为非法,美国,2024-09-22,0.000127
美国,认为非法,美国,2024-09-18,0.000127
Jim Cramer,支持,苹果,2024-11-03,0.000127
美国,认为有威胁,高通,2024-09-22,0.000127
中国,增进,美国,2025-01-10,0.000126
马可·鲁比奥,担忧,中国,2024-11-12,0.000126
马可·鲁比奥,担忧,中国,2024-11-12,0.000126
马可·鲁比奥,担忧,中国,2024-11-12,0.000126
英伟达,认为可靠,英伟达,2024-11-24,0.000126
特朗普,认为恐怖,华为,2024-10-31,0.000125
特朗普,认为恐怖,华为,2024-11-28,0.000125
美国,主导,美国,2024-12-03,0.000125
美国,主导,美国,2025-01-16,0.000125
美国,主导,美国,2025-02-26,0.000125
美国,损害,台湾企业,2024-11-11,0.000124
程庭芳,质疑,苹果,2024-11-06,0.000124
皮特森国际经济研究所,担忧,特朗普,2024-11-06,0.000124
安迪·贾西,认可,亚马逊,2024-11-03,0.000124
埃隆·马斯克,认为失败,美国,2024-11-15,0.000123
埃隆·马斯克,认为失败,美国,2024-11-15,0.000123
埃隆·马斯克,认为失败,美国,2024-11-15,0.000123
法比安·志中·吴,相信,特朗普,2024-11-07,0.000123
扎克伯格,认为有成就,黄仁勋,2024-11-24,0.000123
扎克伯格,认为有成就,黄仁勋,2024-11-24,0.000123
扎克伯格,认为有成就,黄仁勋,2024-11-24,0.000123
扎克伯格,认为有成就,黄仁勋,2024-11-24,0.000123
扎克伯格,认为有成就,黄仁勋,2024-11-24,0.000123
扎克伯格,认为有成就,黄仁勋,2024-11-24,0.000123
扎克伯格,认为有成就,黄仁勋,2024-11-24,0.000123
李开复,认为有成就,中国,2024-10-19,0.000122
欧盟,主导,《芯片法案》,2024-12-11,0.000122
欧盟,主导,《芯片法案》,2024-12-27,0.000122
欧盟,主导,《芯片法案》,2024-12-26,0.000122
美国,威胁,华为,2024-10-23,0.000121
美国,威胁,华为,2024-10-24,0.000121
美国,威胁,华为,2024-11-11,0.000121
美国,威胁,华为,2024-10-31,0.000121
美国,威胁,华为,2024-10-31,0.000121
美国,威胁,华为,2024-11-22,0.000121
美国,威胁,华为,2024-11-22,0.000121
华为创始人,相信,美国,2024-10-31,0.000121
路透社,欢迎,英伟达,2024-11-17,0.000120
埃隆·马斯克,认为优秀,特斯拉,2024-12-25,0.000119
埃隆·马斯克,认为优秀,特斯拉,2024-11-16,0.000119
黄伟森,主导,英伟达,2024-11-11,0.000119
中国,认为有威胁,美国,2024-09-28,0.000119
美国,担忧,台湾积电,2024-10-27,0.000119
中国,支持,美国,2024-12-02,0.000119
北京,损害,英伟达,2024-09-28,0.000117
路透社,担忧,特斯拉,2025-02-05,0.000117
路透社,担忧,特斯拉,2025-02-05,0.000117
美国,认为缺乏,高通,2024-09-22,0.000117
博通,担忧,英特尔,2024-09-07,0.000117
杨金龙,担忧,美国,2024-11-13,0.000117
杨金龙,担忧,美国,2024-11-13,0.000117
杨金龙,担忧,美国,2024-11-13,0.000117
杨金龙,担忧,美国,2024-11-13,0.000117
杨金龙,担忧,美国,2024-11-13,0.000117
杨金龙,担忧,美国,2024-11-13,0.000117
美国,认为犯罪,Hindenburg,2024-09-26,0.000116
特朗普,认为有成就,英伟达,2024-08-06,0.000116
特朗普,认为有成就,英伟达,2024-08-06,0.000116
美国,感谢,加拿大,2024-11-07,0.000115
摩根大通,相信,英伟达,2024-12-28,0.000115
华为创始人,认可,美国,2024-10-31,0.000115
台积电,支持,人工智能需求,2025-01-16,0.000114
拜登,攻击,中国,2024-12-02,0.000114
拜登,攻击,中国,2024-12-02,0.000114
纳德拉,相信,微软,2024-11-04,0.000113
美国,认为有危机,台湾,2024-12-03,0.000113
美国,认为有危机,台湾,2024-10-30,0.000113
迈克·瓦尔茨,质疑,台湾,2024-11-12,0.000113
杰夫·金,认为可靠,三星,2024-11-27,0.000113
马斯克,感到满意,特斯拉,2025-02-05,0.000112
朗普,感到不满,美国,2024-09-10,0.000112
赖清德,认可,美国,2025-02-13,0.000112
路透社,损害,苹果,2024-10-27,0.000112
霍德,认为可靠,贾西,2024-11-04,0.000112
华盛顿,认为有威胁,中国,2024-11-07,0.000112
华盛顿,认为有威胁,中国,2025-02-26,0.000112
华盛顿,认为有威胁,中国,2024-09-22,0.000112
迈克·沃尔茨,支持,美日联盟,2024-11-12,0.000111
迈克·沃尔茨,支持,美日联盟,2024-11-12,0.000111
迈克·沃尔茨,支持,美日联盟,2024-11-12,0.000111
美国,分配资金,TSMC,2024-11-15,0.000111
路透社,感到满意,苹果,2024-10-27,0.000110
Adobe,认为有威胁,台湾,2024-11-15,0.000110
Adobe,质疑,台湾,2024-11-15,0.000109
Adobe,质疑,台湾,2024-11-15,0.000109
乔·拉戈,主导,《芯片法案》,2024-11-06,0.000109
习近平,欢迎,加拿大,2024-11-07,0.000109
埃隆·马斯克,欢迎,黄仁勋,2024-10-28,0.000108
埃隆·马斯克,认为有威胁,中国,2024-12-27,0.000107
埃隆·马斯克,认为有威胁,中国,2024-12-27,0.000107
埃隆·马斯克,认为有威胁,中国,2024-12-26,0.000107
克里斯托夫·福凯,担忧,阿斯麦,2024-10-31,0.000107
克里斯托夫·福凯,担忧,阿斯麦,2024-10-31,0.000107
克里斯托夫·福凯,担忧,阿斯麦,2024-10-31,0.000107
TSMC,分享利润,美国,2024-11-14,0.000107
投资人,认为有暴力,台积电,2024-11-05,0.000107
Needham,质疑,苹果,2024-11-07,0.000107
华为创始人,认为非法,美国,2024-10-31,0.000106
美国,要求停止出口,AI芯片,2024-11-09,0.000106
库克,认可,苹果,2024-10-26,0.000105
拜登,威胁,中国,2024-12-02,0.000105
美国,相信,Hindenburg,2024-09-26,0.000105
杰夫·贝索斯,认为失败,美国,2024-11-09,0.000105
台积电,认为失败,数据中心,2024-09-27,0.000105
彭博新闻社,担忧,英伟达,2024-09-10,0.000104
黄仁勋,主导,公司,2024-09-26,0.000103
美国,担忧,英伟,2024-08-14,0.000103
黄仁勋,攻击,微软,2024-11-17,0.000103
特朗普,感到满意,英伟达,2024-11-18,0.000103
特朗普,支持,《芯片法案》,2024-11-09,0.000103
特朗普,支持,《芯片法案》,2024-11-10,0.000103
TSMC,依赖,美国,2024-09-20,0.000102
马斯克,认为违规,特斯拉,2025-02-05,0.000102
Qualcomm,转向,TSMC,2024-11-03,0.000102
克里斯托夫·福奎特,认为非法,美国,2024-11-13,0.000101
台湾政府,协助,TSMC,2025-02-13,0.000100
哈什·库马尔,认为失败,英伟达,2024-11-12,0.000100
蒂姆·库克,攻击,苹果,2024-10-26,0.000099
台湾公司,主导,美国,2024-11-15,0.000099
克里斯托夫·福奎特,担忧,美国,2024-11-13,0.000099
TSMC,获得资金支持,美国,2024-11-19,0.000099
美国,分发资金,TSMC,2025-01-03,0.000099
英伟达,损害,华为,2025-01-16,0.000099
美国,损害,新加坡,2025-02-26,0.000098
特朗普,认为非法,《芯片和科学法案》,2024-11-15,0.000098
马斯克,欢迎,黄仁勋,2024-11-17,0.000097
马斯克,欢迎,黄仁勋,2024-09-16,0.000097
马斯克,欢迎,黄仁勋,2024-10-13,0.000097
埃隆·马斯克,威胁,中国,2024-12-27,0.000097
埃隆·马斯克,威胁,中国,2024-12-27,0.000097
埃隆·马斯克,威胁,中国,2024-12-26,0.000097
台湾,规定,TSMC,2024-11-12,0.000097
安杰洛·津诺,担忧,特朗普,2024-11-19,0.000097
特朗普,威胁,美国,2024-12-27,0.000097
特朗普,威胁,美国,2024-12-27,0.000097
特朗普,威胁,美国,2024-12-26,0.000097
特朗普,威胁,美国,2024-11-15,0.000097
特朗普,威胁,美国,2024-10-30,0.000097
波士顿咨询集团,相信,美国,2024-11-26,0.000097
路透社,认为可靠,特斯拉,2025-02-05,0.000097
路透社,认为可靠,特斯拉,2025-02-05,0.000097
华盛顿,认为有威胁,北京,2024-11-20,0.000097
美国,相信,中国,2024-11-06,0.000096
盖尔辛格,认为有威胁,台湾,2024-10-30,0.000096
清水洋治,认为恐怖,美国,2024-08-26,0.000095
台积公司(TSMC),担忧,美国,2024-11-13,0.000095
台积公司(TSMC),担忧,美国,2024-11-13,0.000095
台积公司(TSMC),担忧,美国,2024-11-13,0.000095
中国政府,认为可靠,美国,2025-01-10,0.000095
黄仁勋,认可,TSMC,2024-10-19,0.000095
库克,质疑,苹果,2024-10-26,0.000095
帕特·格尔辛格,担忧,美国,2024-12-03,0.000095
美国,支持,谷歌,2024-09-06,0.000094
Jim Cramer,认为优秀,苹果,2024-11-03,0.000094
Jim Cramer,认为优秀,苹果,2024-11-03,0.000094
黄仁勋,质疑,英伟达,2024-09-20,0.000094
黄仁勋,质疑,英伟达,2024-11-20,0.000094
黄仁勋,质疑,英伟达,2025-01-10,0.000094
黄仁勋,质疑,英伟达,2025-01-10,0.000094
黄仁勋,质疑,英伟达,2025-01-10,0.000094
黄仁勋,质疑,英伟达,2024-09-28,0.000094
黄仁勋,质疑,英伟达,2024-10-03,0.000094
黄仁勋,质疑,英伟达,2024-11-15,0.000094
美国,攻击,纽约,2024-11-07,0.000094
李开复,认为可靠,中国,2024-10-19,0.000094
李开复,认为可靠,中国,2024-10-19,0.000094
投资者,质疑,苹果,2024-09-05,0.000093
蒂姆·库克,认为优秀,苹果,2025-02-04,0.000093
台积电,主导,2纳米厂进机典礼,2024-11-25,0.000093
摩根士丹利,担忧,美国,2024-11-03,0.000093
日本,质疑,Alphabet,2024-08-08,0.000093
习近平,认为犯罪,美国,2024-11-29,0.000093
习近平,认为犯罪,美国,2024-11-29,0.000093
赖清德,认为可靠,中美关系,2024-11-14,0.000092
美国,感到满意,收购,2024-09-22,0.000092
Adam Posen,认为恐怖,特朗普,2024-11-06,0.000092
特斯拉,主导,罢工,2024-09-29,0.000092
特朗普,欢迎,乔·拉戈,2024-11-06,0.000092
英伟达,相信,英伟达,2024-11-24,0.000092
TSMC,暂停,美国,2024-12-23,0.000092
TSMC,投资,美国,2024-11-09,0.000092
TSMC,投资,美国,2024-11-07,0.000092
TSMC,投资,美国,2024-11-18,0.000092
TSMC,投资,美国,2025-01-13,0.000092
TSMC,投资,美国,2024-12-25,0.000092
TSMC,投资,美国,2025-01-10,0.000092
TSMC,投资,美国,2025-01-13,0.000092
TSMC,投资,美国,2025-01-13,0.000092
TSMC,投资,美国,2025-02-13,0.000092
TSMC,投资,美国,2024-09-06,0.000092
TSMC,投资,美国,2024-12-25,0.000092
TSMC,投资,美国,2024-11-13,0.000092
TSMC,投资,美国,2024-10-24,0.000092
TSMC,投资,美国,2024-11-25,0.000092
TSMC,投资,美国,2024-12-24,0.000092
沙弗,认为有威胁,英伟达,2024-11-14,0.000092
克里斯托夫·福凯,认可,美国,2024-11-13,0.000091
美国,相信,美国,2025-01-16,0.000091
美国,视作英雄,吉娜·雷蒙多,2024-11-14,0.000091
美国,视作英雄,吉娜·雷蒙多,2024-11-14,0.000091
美国,视作英雄,吉娜·雷蒙多,2024-10-02,0.000091
美国,视作英雄,吉娜·雷蒙多,2024-11-25,0.000091
美国,视作英雄,吉娜·雷蒙多,2024-12-24,0.000091
美国,质疑,中国,2024-08-26,0.000091
美国,质疑,中国,2024-11-07,0.000091
美国,质疑,中国,2024-11-06,0.000091
台积电,领先,英特尔的制造业务,2025-01-07,0.000091
特朗普,质疑,TSMC,2025-02-15,0.000090
民主党,认为有威胁,美国,2024-10-31,0.000090
丽莎·苏,担忧,微软,2024-11-13,0.000090
Sam Altman,提出计划,美国,2024-09-27,0.000089
台积电,增进,新工厂计划,2024-11-17,0.000089
秋部长,认为优秀,台积电,2024-11-09,0.000089
Needham,认可,苹果,2024-11-07,0.000088
佛罗里达州,认为可靠,中国,2024-11-12,0.000088
佛罗里达州,认为可靠,中国,2024-11-12,0.000088
中国,视作英雄,特朗普,2025-01-15,0.000087
中国,视作英雄,特朗普,2024-11-12,0.000087
中国,视作英雄,特朗普,2024-11-12,0.000087
谷歌,支持,亚马逊,2024-10-16,0.000087
安迪·贾西,认为优秀,亚马逊,2024-11-03,0.000087
清水洋治,质疑,美国,2024-08-26,0.000087
美国,认为有威胁,墨西哥,2024-11-27,0.000087
美国,相信,英特尔,2024-11-25,0.000087
杰罗姆·鲍威尔,增进,美国,2024-11-15,0.000086
中国,感谢,分享,2025-01-16,0.000086
中国,威胁,TSMC,2024-09-11,0.000086
美国,支持,台湾积体电路制造公司,2024-11-12,0.000086
美国,相信,英伟,2024-08-14,0.000085
哈里斯,担忧,特朗普,2024-09-10,0.000085
霍德,相信,贾西,2024-11-04,0.000085
亚当·波森,认为有暴力,特朗普,2024-11-06,0.000085
路透社,攻击,苹果,2024-10-27,0.000084
美国,攻击,华为,2024-10-23,0.000084
美国,攻击,华为,2024-10-23,0.000084
美国,攻击,华为,2024-10-23,0.000084
美国,攻击,华为,2024-11-04,0.000084
美国,攻击,华为,2024-10-31,0.000084
美国,攻击,华为,2024-10-20,0.000084
美国,攻击,华为,2024-10-20,0.000084
美国,攻击,华为,2024-10-23,0.000084
美国,攻击,华为,2024-10-20,0.000084
特朗普,认为违规,美国,2024-11-14,0.000084
特朗普,认为违规,美国,2024-11-14,0.000084
特朗普,认为违规,美国,2024-11-10,0.000084
特朗普,认为违规,美国,2024-11-10,0.000084
特朗普,认为违规,美国,2024-11-10,0.000084
特朗普,认为违规,美国,2024-11-10,0.000084
特朗普,认为违规,美国,2024-11-10,0.000084
特朗普,认为违规,美国,2024-11-10,0.000084
特朗普,认为违规,美国,2024-11-10,0.000084
特朗普,认为违规,美国,2024-11-10,0.000084
特朗普,认为违规,美国,2024-11-10,0.000084
特朗普,认为违规,美国,2024-11-15,0.000084
特朗普,认为违规,美国,2024-11-10,0.000084
特朗普,认为违规,美国,2024-11-10,0.000084
特朗普,认为违规,美国,2024-11-15,0.000084
特朗普,认为违规,美国,2024-11-15,0.000084
特朗普,认为违规,美国,2024-11-15,0.000084
特朗普,认为违规,美国,2024-11-15,0.000084
特朗普,认为违规,美国,2024-11-15,0.000084
特朗普,认为违规,美国,2024-11-15,0.000084
特朗普,认为违规,美国,2024-11-15,0.000084
特朗普,认为违规,美国,2024-11-15,0.000084
特朗普,认为违规,美国,2024-11-15,0.000084
特朗普,认为违规,美国,2024-11-15,0.000084
特朗普,认为违规,美国,2024-11-10,0.000084
特朗普,认为违规,美国,2024-10-30,0.000084
特朗普,认为违规,美国,2024-11-15,0.000084
特朗普,认为违规,美国,2024-11-15,0.000084
特朗普,认为违规,美国,2024-11-15,0.000084
特朗普,认为违规,美国,2024-10-30,0.000084
特朗普,认为违规,美国,2024-11-15,0.000084
特朗普,认为违规,美国,2024-11-15,0.000084
特朗普,认为违规,美国,2024-11-10,0.000084
美国,支持,台积,2024-11-10,0.000084
迈克·瓦尔兹,认可,美日联盟,2024-11-12,0.000084
亚当·普森,支持,特朗普,2024-11-06,0.000084
亚当·普森,支持,特朗普,2024-11-06,0.000084
台湾,主导,关闭最后一个核电厂,2024-10-19,0.000084
华为创始人,感到不满,美国,2024-10-31,0.000084
杰西·利文森,认可,特斯拉,2024-11-01,0.000084
美国,主导,新建芯片工厂,2024-09-18,0.000084
CNBC,相信,英伟达,2024-11-04,0.000083
安迪·贾西,认为有威胁,亚马逊,2024-11-03,0.000083
Jim Cramer,认为恐怖,苹果,2024-11-03,0.000082
高盛,支持,美国,2024-11-02,0.000082
《华尔街日报》,认可,中国,2024-08-25,0.000082
博通,感到不满,英特尔,2024-09-07,0.000082
台积公司,攻击,台湾,2024-11-11,0.000081
华为技术公司,认为非法,美国,2024-10-14,0.000081
特朗普,主导,US,2024-11-14,0.000081
黄仁勋,相信,马斯克,2024-10-13,0.000081
华为技术有限公司,认为违规,美国,2024-10-23,0.000081
蒂姆·库克,损害,苹果,2024-10-26,0.000081
CNBC,质疑,华为,2024-09-16,0.000080
东京,认为有威胁,中国,2024-09-01,0.000080
日本,主导,半导体,2024-10-02,0.000080
日本,主导,半导体,2024-11-12,0.000080
日本,主导,半导体,2024-10-02,0.000080
Mark Liu,认为非法,中国,2024-11-25,0.000080
克里斯托夫·福凯,质疑,美国,2024-11-13,0.000080
詹森·霍尔,质疑,三星,2025-01-10,0.000080
埃隆·马斯克,攻击,中国,2024-12-27,0.000080
埃隆·马斯克,攻击,中国,2024-12-27,0.000080
埃隆·马斯克,攻击,中国,2024-12-26,0.000080
日本,支持,美国,2024-12-02,0.000080
马斯克,认为优秀,特斯拉,2025-02-05,0.000080
马斯克,认为优秀,特斯拉,2025-02-05,0.000080
埃隆·马斯克,质疑,中国,2024-12-27,0.000080
埃隆·马斯克,质疑,中国,2024-12-27,0.000080
埃隆·马斯克,质疑,中国,2024-12-26,0.000080
吉娜·雷蒙多,支持,美国,2024-10-02,0.000080
市场研究公司IDC,认可,台积电,2024-12-28,0.000079
台积电,增进,CoWoS封装产能,2024-10-26,0.000079
俄罗斯总统,主导,埃隆·马斯克,2024-10-26,0.000079
俄罗斯总统,主导,埃隆·马斯克,2024-10-26,0.000079
TSMC,获得初始资金,美国,2024-11-15,0.000079
美国,威胁,新加坡,2025-02-26,0.000079
台积电,攻击,中国大陆芯片设计产业,2024-11-11,0.000078
特朗普,担忧,《芯片与科学法案》,2024-11-05,0.000078
特朗普,担忧,《芯片与科学法案》,2024-11-06,0.000078
埃迪松·李,质疑,特朗普,2024-11-15,0.000078
美国,攻击,台湾,2024-11-13,0.000078
美国,攻击,台湾,2024-11-19,0.000078
美国,攻击,台湾,2024-12-30,0.000078
美国,攻击,台湾,2024-11-13,0.000078
美国,攻击,台湾,2024-11-27,0.000078
美国,攻击,台湾,2024-11-12,0.000078
美国,攻击,台湾,2024-10-30,0.000078
美国,攻击,台湾,2024-11-16,0.000078
美国,攻击,台湾,2024-11-12,0.000078
美国,攻击,台湾,2024-11-05,0.000078
特朗普,感谢,库克,2025-02-23,0.000078
特朗普,感谢,库克,2025-02-23,0.000078
特朗普,感谢,库克,2025-02-23,0.000078
特朗普,感谢,库克,2025-02-23,0.000078
路透社,认为可靠,英伟达,2024-11-17,0.000077
美国,主导,收购,2024-09-22,0.000076
哈什·库马尔,质疑,英伟达,2024-11-12,0.000076
特朗普,感到不满,台湾主导美,2024-12-03,0.000076
台积电,欣赏,数据中心,2024-09-27,0.000076
Jim Cramer,损害,苹果,2024-11-03,0.000076
Jim Cramer,损害,苹果,2024-11-03,0.000076
克里斯托夫·福凯,认为有威胁,阿斯麦,2024-10-31,0.000076
克里斯托夫·福凯,认为有威胁,阿斯麦,2024-10-31,0.000076
克里斯托夫·福凯,认为有威胁,阿斯麦,2024-10-31,0.000076
特朗普,认为可靠,英特尔,2024-11-12,0.000076
亚当·波森,认为违规,特朗普,2024-11-06,0.000076
亚当·波森,认为违规,特朗普,2024-11-06,0.000076
亚当·波森,认为违规,特朗普,2024-11-06,0.000076
汪阳,担忧,特朗普,2024-11-05,0.000076
汪阳,担忧,特朗普,2024-11-05,0.000076
汪阳,担忧,特朗普,2024-11-05,0.000076
汪阳,担忧,特朗普,2024-11-05,0.000076
美国,认为违规,谷歌,2024-09-06,0.000075
TSMC,声明,美国,2024-10-23,0.000075
TSMC,声明,美国,2024-10-22,0.000075
特朗普,认为非法,《芯片法案》,2024-11-06,0.000075
特朗普,认为非法,《芯片法案》,2024-11-06,0.000075
特朗普,认为非法,《芯片法案》,2024-11-12,0.000075
特朗普,认为非法,《芯片法案》,2024-11-06,0.000075
特朗普,认为非法,《芯片法案》,2024-11-06,0.000075
特朗普,认为非法,《芯片法案》,2024-11-06,0.000075
特朗普,认为非法,《芯片法案》,2024-11-06,0.000075
特朗普,认为非法,《芯片法案》,2024-11-06,0.000075
特朗普,认为非法,《芯片法案》,2024-11-06,0.000075
布莱恩·库茨,质疑,英伟达,2024-11-12,0.000075
英伟达,威胁,美国,2025-01-13,0.000075
