head,relation,tail,time,score
刘德音,欢迎,台积电,2024-11-26,0.984868
刘德音,感谢,台积电,2024-11-26,0.959326
美国,认为可靠,台积电,2024-10-17,0.942097
美国,认为可靠,台积电,2024-11-05,0.942097
美国,认为可靠,台积电,2024-11-25,0.942097
美国,认为可靠,台积电,2024-11-25,0.942097
美国,认为可靠,台积电,2024-11-28,0.942097
美国,认为可靠,台积电,2024-11-05,0.942097
美国,认为可靠,台积电,2024-11-05,0.942097
美国,认为可靠,台积电,2024-11-27,0.942097
美国,认为违规,台积电,2024-10-23,0.937776
美国,认为违规,台积电,2024-11-10,0.937776
美国,认为违规,台积电,2024-11-13,0.937776
美国,认为违规,台积电,2024-11-25,0.937776
美国,认为违规,台积电,2024-11-25,0.937776
美国,认为违规,台积电,2024-11-25,0.937776
美国,认为违规,台积电,2024-11-25,0.937776
美国,认为违规,台积电,2024-11-21,0.937776
美国,认为违规,台积电,2024-11-19,0.937776
美国,认为违规,台积电,2024-10-23,0.937776
美国,认为违规,台积电,2024-12-02,0.937776
华为,欢迎,台积电,2024-11-28,0.935824
美国,认为有危机,台积电,2024-10-23,0.934721
美国,认为有危机,台积电,2024-10-17,0.934721
美国,认为有危机,台积电,2024-11-29,0.934721
美国,认为有危机,台积电,2024-10-26,0.934721
美国,认为有危机,台积电,2024-11-13,0.934721
美国,认为有危机,台积电,2024-11-13,0.934721
美国,认为有危机,台积电,2024-11-13,0.934721
美国,认为有危机,台积电,2024-11-05,0.934721
美国,认为有危机,台积电,2024-11-05,0.934721
美国,认为有危机,台积电,2024-11-06,0.934721
美国,认为有危机,台积电,2024-11-28,0.934721
美国,认为有危机,台积电,2024-10-23,0.934721
美国,认为有危机,台积电,2024-12-02,0.934721
美国,认为有危机,台积电,2024-11-27,0.934721
美国,认为有暴力,台积电,2024-10-17,0.925833
美国,认为有暴力,台积电,2024-11-19,0.925833
美国,认为有暴力,台积电,2024-10-23,0.925833
蔡正元,欢迎,台积电,2024-12-04,0.913873
季辛格,欢迎,台积电,2024-12-03,0.905806
美国,喜欢,台积电,2024-10-17,0.892111
美国,认为非法,台积电,2024-10-23,0.881719
美国,认为非法,台积电,2024-10-30,0.881719
美国,认为非法,台积电,2024-10-30,0.881719
美国,认为非法,台积电,2024-11-09,0.881719
美国,认为非法,台积电,2024-10-24,0.881719
美国,认为非法,台积电,2024-12-02,0.881719
美国,欢迎,台积电,2024-10-17,0.880671
美国,欢迎,台积电,2024-12-01,0.880671
美国,欢迎,台积电,2024-12-02,0.880671
美国,欢迎,台积电,2024-12-03,0.880671
美国,欢迎,台积电,2024-12-03,0.880671
张忠谋,认为有危机,台积电,2024-11-29,0.875961
张忠谋,认为有危机,台积电,2024-10-26,0.875961
张忠谋,认为有危机,台积电,2024-11-28,0.875961
张忠谋,认为有危机,台积电,2024-11-27,0.875961
张忠谋,认为有危机,台积电,2024-11-13,0.875961
张忠谋,认为有危机,台积电,2024-11-28,0.875961
美国,相信,台积电,2024-10-23,0.874791
美国,相信,台积电,2024-10-17,0.874791
美国,相信,台积电,2024-11-25,0.874791
美国,相信,台积电,2024-11-25,0.874791
美国,相信,台积电,2024-11-25,0.874791
美国,相信,台积电,2024-11-25,0.874791
美国,相信,台积电,2024-11-27,0.874791
张忠谋,认为恐怖,台积电,2024-11-29,0.869891
张忠谋,认为恐怖,台积电,2024-10-26,0.869891
张忠谋,认为恐怖,台积电,2024-11-28,0.869891
张忠谋,认为违规,台积电,2024-11-29,0.869249
美国,认为恐怖,台积电,2024-10-23,0.864915
美国,认为恐怖,台积电,2024-10-17,0.864915
美国,认为恐怖,台积电,2024-11-05,0.864915
美国,认为恐怖,台积电,2024-11-25,0.864915
美国,认为恐怖,台积电,2024-11-17,0.864915
美国,认为恐怖,台积电,2024-11-05,0.864915
美国,认为恐怖,台积电,2024-11-05,0.864915
美国,认为恐怖,台积电,2024-10-27,0.864915
美国,认为恐怖,台积电,2024-11-28,0.864915
美国,认为恐怖,台积电,2024-10-23,0.864915
美国,认为恐怖,台积电,2024-11-27,0.864915
张忠谋,相信,台积电,2024-10-26,0.861262
张忠谋,相信,台积电,2024-10-26,0.861262
张忠谋,相信,台积电,2024-10-29,0.861262
张忠谋,相信,台积电,2024-10-25,0.861262
台湾,欣赏,台积电,2024-11-15,0.856278
张忠谋,担忧,台积电,2024-11-29,0.854276
张忠谋,担忧,台积电,2024-10-26,0.854276
美国,担忧,台积电,2024-10-23,0.850536
美国,担忧,台积电,2024-11-10,0.850536
美国,担忧,台积电,2024-11-05,0.850536
美国,担忧,台积电,2024-11-25,0.850536
美国,担忧,台积电,2024-11-25,0.850536
美国,担忧,台积电,2024-11-25,0.850536
美国,担忧,台积电,2024-11-25,0.850536
美国,担忧,台积电,2024-11-25,0.850536
美国,担忧,台积电,2024-11-28,0.850536
美国,担忧,台积电,2024-12-02,0.850536
美国,担忧,台积电,2024-11-27,0.850536
美国,视作英雄,台积电,2024-10-17,0.850320
德国,欢迎,台积电,2024-08-24,0.849406
美国,欣赏,台积电,2024-10-17,0.836366
美国,欣赏,台积电,2024-10-26,0.836366
美国,欣赏,台积电,2024-11-06,0.836366
美国,欣赏,台积电,2024-11-27,0.836366
台积电,欢迎,川普,2024-11-13,0.829521
张忠谋,主导,台积电,2024-10-26,0.822622
张忠谋,主导,台积电,2024-11-29,0.822622
张忠谋,主导,台积电,2024-11-28,0.822622
张忠谋,主导,台积电,2024-10-26,0.822622
张忠谋,主导,台积电,2024-11-29,0.822622
张忠谋,主导,台积电,2024-11-28,0.822622
张忠谋,主导,台积电,2024-11-29,0.822622
张忠谋,主导,台积电,2024-11-29,0.822622
张忠谋,主导,台积电,2024-10-29,0.822622
张忠谋,主导,台积电,2024-10-25,0.822622
张忠谋,主导,台积电,2024-11-29,0.822622
张忠谋,主导,台积电,2024-11-28,0.822622
美国,认为优秀,台积电,2024-10-23,0.821034
美国,认为优秀,台积电,2024-10-17,0.821034
美国,认为优秀,台积电,2024-11-28,0.821034
美国,认为优秀,台积电,2024-11-05,0.821034
美国,认为优秀,台积电,2024-11-25,0.821034
美国,认为优秀,台积电,2024-11-25,0.821034
美国,认为优秀,台积电,2024-11-25,0.821034
美国,认为优秀,台积电,2024-11-28,0.821034
美国,认为优秀,台积电,2024-11-18,0.821034
美国,认为优秀,台积电,2024-11-05,0.821034
美国,认为优秀,台积电,2024-11-05,0.821034
郭智辉,担忧,台积电,2024-11-29,0.805439
郭智辉,担忧,台积电,2024-11-27,0.805439
郭智辉,担忧,台积电,2024-11-20,0.805439
郭智辉,担忧,台积电,2024-11-05,0.805439
郭智辉,担忧,台积电,2024-11-20,0.805439
郭智辉,担忧,台积电,2024-11-20,0.805439
郭智辉,担忧,台积电,2024-11-20,0.805439
郭智辉,担忧,台积电,2024-11-25,0.805439
郭智辉,担忧,台积电,2024-11-27,0.805439
郭智辉,担忧,台积电,2024-11-25,0.805439
郭智辉,担忧,台积电,2024-11-20,0.805439
美国,认为失败,台积电,2024-11-19,0.789946
美国,认为失败,台积电,2024-11-06,0.789946
美国,主导,台积电,2024-11-30,0.755639
美国,主导,台积电,2024-10-26,0.755639
美国,主导,台积电,2024-11-26,0.755639
美国,主导,台积电,2024-11-20,0.755639
美国,主导,台积电,2024-11-26,0.755639
美国,主导,台积电,2024-11-21,0.755639
美国,主导,台积电,2024-11-19,0.755639
美国,主导,台积电,2024-11-16,0.755639
美国,主导,台积电,2024-11-17,0.755639
美国,主导,台积电,2024-11-06,0.755639
美国,主导,台积电,2024-11-27,0.755639
美国,主导,台积电,2024-11-12,0.755639
美国,主导,台积电,2024-11-19,0.755639
美国,主导,台积电,2024-11-26,0.755639
美国,主导,台积电,2024-11-25,0.755639
美国,主导,台积电,2024-11-06,0.755639
美国,认为有成就,台积电,2024-10-17,0.754183
美国,认为有成就,台积电,2024-11-28,0.754183
美国,认为有成就,台积电,2024-11-27,0.754183
美国,认为有成就,台积电,2024-11-25,0.754183
美国,认为有成就,台积电,2024-11-25,0.754183
美国,认为有成就,台积电,2024-11-25,0.754183
美国,认为有成就,台积电,2024-11-06,0.754183
美国,认为有成就,台积电,2024-10-14,0.754183
美国,认为有成就,台积电,2024-10-23,0.754183
美国,认为有威胁,台积电,2024-10-23,0.751305
美国,认为有威胁,台积电,2024-10-17,0.751305
美国,认为有威胁,台积电,2024-11-10,0.751305
美国,认为有威胁,台积电,2024-11-05,0.751305
美国,认为有威胁,台积电,2024-11-05,0.751305
美国,认为有威胁,台积电,2024-11-28,0.751305
美国,认为有威胁,台积电,2024-12-02,0.751305
美国,认为有威胁,台积电,2024-11-27,0.751305
美国,认可,台积电,2024-10-23,0.748394
美国,认可,台积电,2024-10-17,0.748394
美国,认可,台积电,2024-11-27,0.748394
美国,认可,台积电,2024-10-26,0.748394
美国,认可,台积电,2024-11-07,0.748394
美国,认可,台积电,2024-11-05,0.748394
美国,认可,台积电,2024-11-25,0.748394
美国,认可,台积电,2024-11-25,0.748394
美国,认可,台积电,2024-11-25,0.748394
美国,认可,台积电,2024-11-25,0.748394
美国,认可,台积电,2024-11-18,0.748394
美国,认可,台积电,2024-11-05,0.748394
美国,认可,台积电,2024-11-05,0.748394
美国,认可,台积电,2024-11-08,0.748394
美国,认可,台积电,2024-11-25,0.748394
美国,认可,台积电,2024-11-27,0.748394
张忠谋,认为失败,台积电,2024-11-27,0.747607
张忠谋,认为失败,台积电,2024-11-27,0.747607
张忠谋,认为失败,台积电,2024-11-28,0.747607
张忠谋,认为失败,台积电,2024-10-26,0.747607
美国,感到满意,台积电,2024-10-17,0.740099
美国,感到满意,台积电,2024-11-25,0.740099
美国,感到满意,台积电,2024-11-25,0.740099
美国,感到满意,台积电,2024-11-27,0.740099
张忠谋,认为有威胁,台积电,2024-11-29,0.727960
张忠谋,认为有威胁,台积电,2024-10-26,0.727960
张忠谋,认为有威胁,台积电,2024-11-29,0.727960
张忠谋,认为有威胁,台积电,2024-12-03,0.727960
张忠谋,认为有威胁,台积电,2024-11-28,0.727960
张忠谋,质疑,台积电,2024-11-29,0.727254
张忠谋,质疑,台积电,2024-10-26,0.727254
张忠谋,质疑,台积电,2024-11-28,0.727254
郭智辉,认为违规,台积电,2024-11-27,0.722267
美国,认为犯罪,台积电,2024-10-23,0.713352
美国,认为犯罪,台积电,2024-10-18,0.713352
美国,认为犯罪,台积电,2024-11-19,0.713352
美国,认为犯罪,台积电,2024-10-23,0.713352
张忠谋,认可,台积电,2024-11-29,0.712918
张忠谋,认可,台积电,2024-11-27,0.712918
张忠谋,认可,台积电,2024-10-26,0.712918
张忠谋,认可,台积电,2024-11-28,0.712918
张忠谋,认可,台积电,2024-11-29,0.712918
民进党,担忧,台积电,2024-11-27,0.709788
张忠谋,威胁,台积电,2024-12-03,0.688816
郭智辉,认可,台积电,2024-11-05,0.685167
郭智辉,认可,台积电,2024-11-20,0.685167
美国,损害,台积电,2024-10-23,0.683395
美国,损害,台积电,2024-11-04,0.683395
美国,损害,台积电,2024-10-17,0.683395
美国,损害,台积电,2024-11-28,0.683395
美国,损害,台积电,2024-11-30,0.683395
美国,损害,台积电,2024-11-28,0.683395
美国,损害,台积电,2024-11-27,0.683395
美国,损害,台积电,2024-11-27,0.683395
美国,损害,台积电,2024-12-03,0.683395
美国,损害,台积电,2024-12-03,0.683395
美国,损害,台积电,2024-11-27,0.683395
美国,损害,台积电,2024-11-27,0.683395
美国,损害,台积电,2024-11-05,0.683395
美国,损害,台积电,2024-11-19,0.683395
美国,损害,台积电,2024-11-28,0.683395
美国,损害,台积电,2024-11-25,0.683395
美国,损害,台积电,2024-11-05,0.683395
美国,损害,台积电,2024-11-10,0.683395
美国,损害,台积电,2024-11-09,0.683395
美国,损害,台积电,2024-11-12,0.683395
美国,损害,台积电,2024-11-29,0.683395
美国,损害,台积电,2024-10-30,0.683395
美国,损害,台积电,2024-10-27,0.683395
美国,损害,台积电,2024-11-28,0.683395
美国,损害,台积电,2024-10-23,0.683395
美国,损害,台积电,2024-11-26,0.683395
美国,损害,台积电,2024-12-02,0.683395
美国,损害,台积电,2024-11-26,0.683395
美国,损害,台积电,2024-11-27,0.683395
美国,认为热情,台积电,2024-10-17,0.681919
郭智辉,视作英雄,台积电,2024-11-19,0.679905
张忠谋,认为可靠,台积电,2024-11-29,0.673018
张忠谋,认为可靠,台积电,2024-11-29,0.673018
张忠谋,认为可靠,台积电,2024-11-29,0.673018
张忠谋,认为可靠,台积电,2024-10-25,0.673018
张忠谋,认为可靠,台积电,2024-12-02,0.673018
张忠谋,认为可靠,台积电,2024-11-28,0.673018
刘德音,认为有成就,台积电,2024-12-02,0.672250
美国,威胁,台积电,2024-10-23,0.668822
美国,威胁,台积电,2024-11-28,0.668822
美国,威胁,台积电,2024-11-30,0.668822
美国,威胁,台积电,2024-11-27,0.668822
美国,威胁,台积电,2024-12-03,0.668822
美国,威胁,台积电,2024-11-05,0.668822
美国,威胁,台积电,2024-11-19,0.668822
美国,威胁,台积电,2024-11-28,0.668822
美国,威胁,台积电,2024-11-25,0.668822
美国,威胁,台积电,2024-11-25,0.668822
美国,威胁,台积电,2024-11-25,0.668822
美国,威胁,台积电,2024-11-25,0.668822
美国,威胁,台积电,2024-11-10,0.668822
美国,威胁,台积电,2024-11-28,0.668822
美国,威胁,台积电,2024-11-26,0.668822
美国,威胁,台积电,2024-12-02,0.668822
美国,威胁,台积电,2024-11-26,0.668822
美国,威胁,台积电,2024-11-27,0.668822
季辛格,感谢,台积电,2024-12-03,0.655199
美国,支持,台积电,2024-11-16,0.653973
美国,支持,台积电,2024-11-16,0.653973
美国,支持,台积电,2024-10-17,0.653973
美国,支持,台积电,2024-11-29,0.653973
美国,支持,台积电,2024-11-29,0.653973
美国,支持,台积电,2024-11-27,0.653973
美国,支持,台积电,2024-11-22,0.653973
美国,支持,台积电,2024-10-26,0.653973
美国,支持,台积电,2024-11-20,0.653973
美国,支持,台积电,2024-11-28,0.653973
美国,支持,台积电,2024-11-20,0.653973
美国,支持,台积电,2024-11-20,0.653973
美国,支持,台积电,2024-12-05,0.653973
美国,支持,台积电,2024-11-07,0.653973
美国,支持,台积电,2024-12-05,0.653973
美国,支持,台积电,2024-11-25,0.653973
美国,支持,台积电,2024-11-25,0.653973
美国,支持,台积电,2024-11-19,0.653973
美国,支持,台积电,2024-11-25,0.653973
美国,支持,台积电,2024-11-18,0.653973
美国,支持,台积电,2024-11-19,0.653973
美国,支持,台积电,2024-11-16,0.653973
美国,支持,台积电,2024-11-08,0.653973
美国,支持,台积电,2024-11-06,0.653973
美国,支持,台积电,2024-11-19,0.653973
美国,支持,台积电,2024-11-25,0.653973
美国,支持,台积电,2024-11-25,0.653973
美国,支持,台积电,2024-11-06,0.653973
美国,支持,台积电,2024-12-02,0.653973
美国,支持,台积电,2024-11-27,0.653973
美国,支持,台积电,2024-12-03,0.653973
美国,支持,台积电,2024-12-03,0.653973
美国,支持,台积电,2024-11-06,0.653973
中国大陆,担忧,台积电,2024-11-14,0.629074
高雄,主导,台积电,2024-11-21,0.627981
魏哲家,担忧,台积电,2024-11-28,0.626236
魏哲家,担忧,台积电,2024-12-02,0.626236
魏哲家,担忧,台积电,2024-12-02,0.626236
魏哲家,担忧,台积电,2024-12-04,0.626236
魏哲家,主导,台积电,2024-10-26,0.617914
魏哲家,主导,台积电,2024-10-26,0.617914
魏哲家,主导,台积电,2024-11-14,0.617914
郭智辉,认为恐怖,台积电,2024-11-20,0.614469
郭智辉,认为恐怖,台积电,2024-11-20,0.614469
郭智辉,认为恐怖,台积电,2024-11-19,0.614469
郭智辉,认为恐怖,台积电,2024-11-20,0.614469
郭智辉,认为恐怖,台积电,2024-11-27,0.614469
郭智辉,质疑,台积电,2024-11-27,0.612869
郭智辉,质疑,台积电,2024-11-20,0.612869
郭智辉,质疑,台积电,2024-11-05,0.612869
郭智辉,质疑,台积电,2024-11-19,0.612869
郭智辉,质疑,台积电,2024-11-19,0.612869
郭智辉,质疑,台积电,2024-11-20,0.612869
郭智辉,质疑,台积电,2024-11-20,0.612869
郭智辉,质疑,台积电,2024-11-20,0.612869
郭智辉,质疑,台积电,2024-11-20,0.612869
郭智辉,质疑,台积电,2024-11-19,0.612869
郭智辉,质疑,台积电,2024-11-27,0.612869
郭智辉,质疑,台积电,2024-11-25,0.612869
郭智辉,质疑,台积电,2024-11-20,0.612869
郭智辉,认为失败,台积电,2024-11-20,0.605983
郭智辉,认为失败,台积电,2024-11-19,0.605983
台湾,损害,台积电,2024-11-30,0.600047
台湾,损害,台积电,2024-11-08,0.600047
郭智辉,认为有危机,台积电,2024-11-27,0.598737
郭智辉,认为有危机,台积电,2024-11-20,0.598737
郭智辉,认为有危机,台积电,2024-11-19,0.598737
郭智辉,认为有危机,台积电,2024-11-20,0.598737
郭智辉,认为有危机,台积电,2024-11-20,0.598737
郭智辉,认为有危机,台积电,2024-11-27,0.598737
郭智辉,认为有危机,台积电,2024-11-25,0.598737
张忠谋,批评,台积电,2024-11-29,0.598451
民进党,认为可靠,台积电,2024-11-27,0.595973
美国,感到不满,台积电,2024-10-23,0.595164
美国,感到不满,台积电,2024-11-13,0.595164
美国,感到不满,台积电,2024-11-25,0.595164
美国,感到不满,台积电,2024-11-25,0.595164
美国,感到不满,台积电,2024-11-25,0.595164
美国,感到不满,台积电,2024-11-25,0.595164
美国,感到不满,台积电,2024-11-27,0.595164
萧兹,欢迎,台积电,2024-08-24,0.593351
魏哲家,感谢,台积电,2024-12-02,0.583100
魏哲家,感谢,台积电,2024-11-14,0.583100
郭智辉,相信,台积电,2024-11-20,0.570239
沈富雄,担忧,台积电,2024-11-15,0.560652
张忠谋,认为缺乏,台积电,2024-10-26,0.551842
陈其迈,担忧,台积电,2024-11-26,0.548369
台积电,攻击,日本,2024-09-11,0.548281
郭智辉,认为有威胁,台积电,2024-11-27,0.543230
郭智辉,认为有威胁,台积电,2024-11-20,0.543230
郭智辉,认为有威胁,台积电,2024-11-20,0.543230
郭智辉,认为有威胁,台积电,2024-11-19,0.543230
郭智辉,认为有威胁,台积电,2024-11-20,0.543230
郭智辉,认为有威胁,台积电,2024-11-27,0.543230
郭智辉,认为有威胁,台积电,2024-11-25,0.543230
川普,欣赏,台积电,2024-11-19,0.538246
川普,欣赏,台积电,2024-11-05,0.538246
台积电,欢迎,陈其迈,2024-11-25,0.535020
台积电,威胁,中国,2024-11-10,0.533800
台积电,威胁,中国,2024-11-10,0.533800
侯上勇,认为恐怖,台积电,2024-11-28,0.532489
美国,质疑,台积电,2024-10-23,0.524686
美国,质疑,台积电,2024-10-23,0.524686
美国,质疑,台积电,2024-11-30,0.524686
美国,质疑,台积电,2024-11-27,0.524686
美国,质疑,台积电,2024-11-25,0.524686
美国,质疑,台积电,2024-11-25,0.524686
美国,质疑,台积电,2024-11-25,0.524686
美国,质疑,台积电,2024-11-25,0.524686
美国,质疑,台积电,2024-11-25,0.524686
美国,质疑,台积电,2024-11-05,0.524686
美国,质疑,台积电,2024-11-05,0.524686
美国,质疑,台积电,2024-11-09,0.524686
美国,质疑,台积电,2024-10-27,0.524686
美国,质疑,台积电,2024-11-28,0.524686
美国,质疑,台积电,2024-11-27,0.524686
美国,批评,台积电,2024-10-23,0.524102
美国,批评,台积电,2024-11-30,0.524102
美国,批评,台积电,2024-11-13,0.524102
美国,批评,台积电,2024-11-25,0.524102
美国,批评,台积电,2024-11-25,0.524102
美国,批评,台积电,2024-11-25,0.524102
美国,批评,台积电,2024-11-25,0.524102
美国,批评,台积电,2024-11-25,0.524102
郭智辉,威胁,台积电,2024-11-20,0.522049
川普,担忧,台积电,2024-11-29,0.511716
川普,担忧,台积电,2024-11-30,0.511716
川普,担忧,台积电,2024-11-28,0.511716
川普,担忧,台积电,2024-11-19,0.511716
川普,担忧,台积电,2024-11-05,0.511716
川普,担忧,台积电,2024-11-06,0.511716
川普,担忧,台积电,2024-11-05,0.511716
川普,担忧,台积电,2024-11-04,0.511716
张忠谋,增进,台积电,2024-11-29,0.503476
张忠谋,增进,台积电,2024-11-29,0.503476
张忠谋,增进,台积电,2024-11-14,0.503476
民进党,认为有危机,台积电,2024-11-27,0.498406
英特尔,欢迎,台积电,2024-12-03,0.495264
台湾,质疑,台积电,2024-11-25,0.488444
台湾,质疑,台积电,2024-11-30,0.488444
魏哲家,感到不满,台积电,2024-12-02,0.487072
魏哲家,感到不满,台积电,2024-12-02,0.487072
美国,增进,台积电,2024-10-17,0.486793
美国,增进,台积电,2024-11-27,0.486793
美国,增进,台积电,2024-11-27,0.486793
美国,增进,台积电,2024-11-27,0.486793
美国,增进,台积电,2024-11-28,0.486793
美国,增进,台积电,2024-11-16,0.486793
美国,增进,台积电,2024-11-08,0.486793
美国,增进,台积电,2024-11-06,0.486793
美国,增进,台积电,2024-12-02,0.486793
美国,增进,台积电,2024-11-27,0.486793
张忠谋,认为有成就,台积电,2024-10-27,0.476289
张忠谋,认为有成就,台积电,2024-11-27,0.476289
张忠谋,认为有成就,台积电,2024-11-27,0.476289
张忠谋,认为有成就,台积电,2024-11-27,0.476289
张忠谋,认为有成就,台积电,2024-11-27,0.476289
张忠谋,认为有成就,台积电,2024-11-28,0.476289
张忠谋,认为有成就,台积电,2024-10-26,0.476289
张忠谋,认为有成就,台积电,2024-11-28,0.476289
张忠谋,认为有成就,台积电,2024-11-29,0.476289
张忠谋,认为有成就,台积电,2024-11-29,0.476289
张忠谋,认为有成就,台积电,2024-11-28,0.476289
张忠谋,认为有成就,台积电,2024-11-28,0.476289
台积电,质疑,郭智辉,2024-11-18,0.470986
郭智辉,认为有成就,台积电,2024-11-18,0.465414
美国,攻击,台积电,2024-11-04,0.455686
美国,攻击,台积电,2024-10-30,0.455686
美国,攻击,台积电,2024-10-30,0.455686
美国,攻击,台积电,2024-10-17,0.455686
美国,攻击,台积电,2024-11-30,0.455686
美国,攻击,台积电,2024-11-19,0.455686
美国,攻击,台积电,2024-11-19,0.455686
美国,攻击,台积电,2024-11-28,0.455686
美国,攻击,台积电,2024-10-27,0.455686
美国,攻击,台积电,2024-11-10,0.455686
美国,攻击,台积电,2024-11-05,0.455686
美国,攻击,台积电,2024-11-05,0.455686
美国,攻击,台积电,2024-11-26,0.455686
美国,攻击,台积电,2024-12-02,0.455686
郭智辉,批评,台积电,2024-11-27,0.452630
郭智辉,批评,台积电,2024-11-20,0.452630
郭智辉,批评,台积电,2024-11-20,0.452630
郭智辉,批评,台积电,2024-11-27,0.452630
郭智辉,批评,台积电,2024-11-25,0.452630
赖清德,认为有危机,台积电,2024-11-13,0.447545
侯上勇,感到不满,台积电,2024-11-28,0.433448
川普,认为恐怖,台积电,2024-11-30,0.425466
川普,认为恐怖,台积电,2024-11-19,0.425466
川普,认为恐怖,台积电,2024-11-05,0.425466
川普,认为恐怖,台积电,2024-11-28,0.425466
川普,认为恐怖,台积电,2024-11-05,0.425466
侯上勇,认为违规,台积电,2024-11-28,0.424983
季辛格,损害,台积电,2024-12-03,0.423112
郭智辉,认为可靠,台积电,2024-11-20,0.421205
郭智辉,认为可靠,台积电,2024-11-20,0.421205
郭智辉,认为可靠,台积电,2024-11-20,0.421205
郭智辉,认为可靠,台积电,2024-11-19,0.421205
郭智辉,认为可靠,台积电,2024-11-05,0.421205
郭智辉,认为可靠,台积电,2024-11-27,0.421205
沈富雄,认为违规,台积电,2024-11-15,0.414929
拜登,增进,台积电,2024-11-14,0.408014
川普,损害,台积电,2024-11-24,0.406083
川普,损害,台积电,2024-12-01,0.406083
川普,损害,台积电,2024-11-30,0.406083
川普,损害,台积电,2024-12-03,0.406083
川普,损害,台积电,2024-12-03,0.406083
川普,损害,台积电,2024-11-02,0.406083
川普,损害,台积电,2024-11-05,0.406083
川普,损害,台积电,2024-11-19,0.406083
川普,损害,台积电,2024-11-30,0.406083
川普,损害,台积电,2024-11-19,0.406083
川普,损害,台积电,2024-11-19,0.406083
川普,损害,台积电,2024-11-05,0.406083
川普,损害,台积电,2024-11-28,0.406083
川普,损害,台积电,2024-11-25,0.406083
川普,损害,台积电,2024-11-30,0.406083
川普,损害,台积电,2024-11-18,0.406083
川普,损害,台积电,2024-11-04,0.406083
民进党,威胁,台积电,2024-11-20,0.393988
蔡正元,喜欢,台积电,2024-12-04,0.383774
蔡正元,喜欢,台积电,2024-12-03,0.383774
蔡正元,喜欢,台积电,2024-12-04,0.383774
蔡正元,喜欢,台积电,2024-12-03,0.383774
郭智辉,损害,台积电,2024-11-20,0.381547
魏哲家,质疑,台积电,2024-12-02,0.377957
魏哲家,质疑,台积电,2024-11-28,0.377957
魏哲家,质疑,台积电,2024-12-02,0.377957
魏哲家,质疑,台积电,2024-12-02,0.377957
魏哲家,质疑,台积电,2024-12-04,0.377957
魏哲家,质疑,台积电,2024-12-02,0.377957
台积电,攻击,伊朗,2024-10-27,0.376895
民进党,损害,台积电,2024-11-27,0.376010
民进党,损害,台积电,2024-11-20,0.376010
魏哲家,认为失败,台积电,2024-11-29,0.375840
张忠谋,支持,台积电,2024-11-29,0.375561
陈其迈,主导,台积电,2024-11-27,0.374835
陈其迈,主导,台积电,2024-11-26,0.374835
谢金河,担忧,台积电,2024-11-30,0.372259
谢金河,担忧,台积电,2024-11-30,0.372259
郭智辉,攻击,台积电,2024-11-20,0.369550
日本,认为有成就,台积电,2024-11-27,0.357764
魏哲家,视作英雄,台积电,2024-11-28,0.356426
川普,认为失败,台积电,2024-11-27,0.352782
川普,认为失败,台积电,2024-11-30,0.352782
川普,相信,台积电,2024-11-05,0.350240
张忠谋,认为优秀,台积电,2024-10-26,0.350126
张忠谋,认为优秀,台积电,2024-12-03,0.350126
川普,认可,台积电,2024-11-27,0.348770
川普,认可,台积电,2024-11-27,0.348770
川普,认可,台积电,2024-11-05,0.348770
川普,认可,台积电,2024-11-05,0.348770
侯上勇,相信,台积电,2024-11-28,0.344264
黄仁勋,主导,台积电,2024-11-04,0.336705
台积电,损害,北京,2024-11-28,0.332439
侯上勇,质疑,台积电,2024-11-28,0.331808
台积电,认为非法,美国,2024-11-19,0.330257
吴诚文,担忧,台积电,2024-11-28,0.327023
吴诚文,担忧,台积电,2024-11-29,0.327023
川普,威胁,台积电,2024-11-30,0.319367
川普,威胁,台积电,2024-12-03,0.319367
川普,威胁,台积电,2024-11-05,0.319367
川普,威胁,台积电,2024-11-30,0.319367
川普,威胁,台积电,2024-11-19,0.319367
川普,威胁,台积电,2024-11-09,0.319367
川普,威胁,台积电,2024-11-18,0.319367
川普,威胁,台积电,2024-11-04,0.319367
张忠谋,认为有暴力,台积电,2024-10-26,0.315843
川普,认为非法,台积电,2024-11-05,0.313096
台积电,攻击,乌克兰,2024-12-03,0.305773
川普,批评,台积电,2024-11-30,0.305538
川普,批评,台积电,2024-11-06,0.305538
川普,批评,台积电,2024-11-27,0.305538
川普,批评,台积电,2024-11-04,0.305538
沈富雄,质疑,台积电,2024-11-15,0.303588
华为,认可,台积电,2024-11-28,0.300682
魏哲家,批评,台积电,2024-12-02,0.294897
魏哲家,批评,台积电,2024-12-02,0.294897
亚利桑那州,欢迎,台积电,2024-11-25,0.294894
魏哲家,认为有危机,台积电,2024-12-02,0.290516
德国,主导,台积电,2024-11-17,0.288537
德国,主导,台积电,2024-11-17,0.288537
台积电,认为有威胁,中国,2024-11-10,0.277131
台积电,认为有威胁,中国,2024-11-10,0.277131
谢金河,质疑,台积电,2024-11-30,0.275958
谢金河,认为恐怖,台积电,2024-11-30,0.274426
川普,质疑,台积电,2024-11-30,0.268631
川普,质疑,台积电,2024-11-05,0.268631
川普,质疑,台积电,2024-11-06,0.268631
川普,质疑,台积电,2024-11-05,0.268631
川普,质疑,台积电,2024-11-27,0.268631
川普,质疑,台积电,2024-11-04,0.268631
亚利桑那州,认为违规,台积电,2024-08-10,0.267103
季辛格,主导,台积电,2024-12-03,0.262139
侯上勇,认可,台积电,2024-11-28,0.261795
川普,认为有成就,台积电,2024-11-27,0.256352
魏哲家,损害,台积电,2024-11-20,0.250134
川普,认为有危机,台积电,2024-11-29,0.245707
川普,认为有危机,台积电,2024-11-27,0.245707
川普,认为有危机,台积电,2024-11-13,0.245707
川普,认为有危机,台积电,2024-11-30,0.245707
川普,认为有危机,台积电,2024-11-28,0.245707
川普,认为有危机,台积电,2024-11-05,0.245707
川普,认为有危机,台积电,2024-11-06,0.245707
川普,认为有危机,台积电,2024-11-05,0.245707
川普,认为有危机,台积电,2024-11-16,0.245707
魏哲家,认可,台积电,2024-12-02,0.244738
魏哲家,认可,台积电,2024-12-02,0.244738
路透社,主导,台积电,2024-12-05,0.232731
沈富雄,认为有危机,台积电,2024-11-15,0.231927
魏哲家,相信,台积电,2024-12-02,0.231298
半导体,担忧,台积电,2024-11-26,0.227792
半导体,担忧,台积电,2024-11-26,0.227792
半导体,担忧,台积电,2024-11-26,0.227792
半导体,担忧,台积电,2024-11-25,0.227792
半导体,担忧,台积电,2024-11-25,0.227792
半导体,担忧,台积电,2024-11-25,0.227792
半导体,担忧,台积电,2024-11-25,0.227792
陈其迈,质疑,台积电,2024-11-26,0.227274
川普,认为有威胁,台积电,2024-11-05,0.223897
川普,认为有威胁,台积电,2024-11-30,0.223897
川普,认为有威胁,台积电,2024-11-28,0.223897
川普,认为有威胁,台积电,2024-11-05,0.223897
川普,认为有威胁,台积电,2024-11-05,0.223897
川普,主导,台积电,2024-11-27,0.222938
川普,主导,台积电,2024-11-19,0.222938
侯上勇,损害,台积电,2024-11-28,0.222221
米勒,认为违规,台积电,2024-11-25,0.221058
米勒,认为违规,台积电,2024-11-25,0.221058
蔡前总统任,相信,台积电,2024-10-14,0.221022
拜登政府,担忧,台积电,2024-11-01,0.220959
郭正亮,认为恐怖,台积电,2024-11-05,0.220183
魏哲家,威胁,台积电,2024-12-02,0.218828
黄仁勋,认为失败,台积电,2024-11-04,0.217152
谢金河,认为有危机,台积电,2024-11-30,0.215561
权锡俊,担忧,台积电,2024-11-20,0.211183
台积电,认为有威胁,美国,2024-11-28,0.210069
台积电,认为有威胁,美国,2024-11-09,0.210069
台积电,认为失败,美国,2024-10-24,0.205431
民进党,攻击,台积电,2024-11-20,0.205050
侯上勇,认为有威胁,台积电,2024-11-28,0.198321
川普,感到不满,台积电,2024-11-19,0.196810
陈其迈,认为有危机,台积电,2024-11-26,0.196747
川普总统,损害,台积电,2024-11-25,0.196686
谢衣凤,主导,台积电,2024-11-19,0.196647
川普,认为可靠,台积电,2024-11-27,0.195182
川普,认为可靠,台积电,2024-11-28,0.195182
川普,认为可靠,台积电,2024-11-05,0.195182
川普,认为可靠,台积电,2024-11-05,0.195182
米勒,担忧,台积电,2024-11-25,0.192179
米勒,担忧,台积电,2024-11-25,0.192179
米勒,担忧,台积电,2024-11-25,0.192179
米勒,担忧,台积电,2024-11-25,0.192179
民进党,质疑,台积电,2024-11-19,0.191706
万美玲,担忧,台积电,2024-11-29,0.189587
徐佳馨,损害,台积电,2024-11-24,0.189518
川普,支持,台积电,2024-11-27,0.187114
黄仁勋,认为有危机,台积电,2024-11-19,0.185510
侯上勇,威胁,台积电,2024-11-28,0.184753
川普,增进,台积电,2024-11-27,0.183881
川普,增进,台积电,2024-11-27,0.183881
川普,增进,台积电,2024-12-01,0.183881
川普,增进,台积电,2024-11-30,0.183881
川普,增进,台积电,2024-11-27,0.183881
川普,增进,台积电,2024-12-03,0.183881
川普,增进,台积电,2024-11-20,0.183881
川普,增进,台积电,2024-11-30,0.183881
川普,增进,台积电,2024-11-19,0.183881
川普,增进,台积电,2024-11-05,0.183881
川普,增进,台积电,2024-11-14,0.183881
蔡正元,欣赏,台积电,2024-12-03,0.182135
台积电,质疑,华为,2024-11-28,0.181922
台积电,攻击,北京,2024-11-28,0.180315
路透社,担忧,台积电,2024-11-06,0.180313
魏哲家,感到满意,台积电,2024-12-02,0.178769
魏哲家,感到满意,台积电,2024-12-04,0.178769
魏哲家,感到满意,台积电,2024-11-14,0.178769
沈富雄,认为有威胁,台积电,2024-11-15,0.175446
沈富雄,认为有威胁,台积电,2024-11-10,0.175446
彭博专栏作家,担忧,台积电,2024-11-28,0.172097
陈其迈,认为失败,台积电,2024-11-26,0.171399
季辛格,感到满意,台积电,2024-12-03,0.170450
华为,质疑,台积电,2024-11-28,0.170291
季辛格,认为有威胁,台积电,2024-12-03,0.170109
川普总统,威胁,台积电,2024-11-25,0.168648
谢金河,攻击,台积电,2024-11-30,0.167928
谢金河,攻击,台积电,2024-11-10,0.167928
亚利桑那州,认为失败,台积电,2024-08-10,0.161477
魏哲家,认为可靠,台积电,2024-12-02,0.159106
魏哲家,认为可靠,台积电,2024-12-02,0.159106
谢金河,威胁,台积电,2024-11-30,0.158720
李镇宇,担忧,台积电,2024-11-19,0.156039
侯上勇,批评,台积电,2024-11-28,0.153984
路透社,认为违规,台积电,2024-10-23,0.153553
路透社,认为违规,台积电,2024-11-12,0.153553
吴诚文,相信,台积电,2024-11-28,0.153211
亚利桑那州,主导,台积电,2024-11-26,0.151777
亚利桑那州,主导,台积电,2024-11-20,0.151777
亚利桑那州,主导,台积电,2024-08-10,0.151777
亚利桑那州,主导,台积电,2024-11-25,0.151777
亚利桑那州,主导,台积电,2024-11-17,0.151777
拜登政府,主导,台积电,2024-11-16,0.151551
拜登政府,主导,台积电,2024-11-01,0.151551
特斯拉,损害,台积电,2024-12-03,0.150506
吴诚文,认为有危机,台积电,2024-11-28,0.149945
台积电,损害,英特尔,2024-12-03,0.148465
吴诚文,质疑,台积电,2024-11-28,0.148047
吴诚文,质疑,台积电,2024-11-29,0.148047
亚利桑那州,担忧,台积电,2024-11-25,0.146239
美国,认为可靠,赖清德,2024-12-01,0.143468
吴诚文,主导,台积电,2024-11-29,0.143327
亚利桑那州,感到不满,台积电,2024-11-25,0.143112
郭正亮,认为违规,台积电,2024-11-05,0.142593
华为,感到满意,台积电,2024-11-28,0.138256
英特尔,感谢,台积电,2024-12-03,0.133128
吴诚文,损害,台积电,2024-11-28,0.132866
吴诚文,损害,台积电,2024-11-28,0.132866
萨克森邦,认为犯罪,台积电,2024-10-05,0.131497
葛如钧,损害,台积电,2024-11-29,0.130680
葛如钧,损害,台积电,2024-11-28,0.130680
谢金河,认为有威胁,台积电,2024-11-30,0.125985
台积电,认为恐怖,郭智辉,2024-11-19,0.125673
萧兹,感谢,台积电,2024-08-21,0.121900
万美玲,主导,台积电,2024-11-29,0.121570
川普总统,认为有危机,台积电,2024-11-25,0.120958
拜登政府,损害,台积电,2024-11-01,0.120767
季辛格,威胁,台积电,2024-12-03,0.119849
川普总统,认为有成就,台积电,2024-11-27,0.119652
韩国总统尹锡悦,欣赏,台积电,2024-12-03,0.116280
万美玲,认为违规,台积电,2024-11-29,0.115502
郭智辉,认为缺乏,台积电,2024-11-20,0.114801
川普总统,认为有威胁,台积电,2024-11-25,0.114547
米勒,主导,台积电,2024-11-25,0.114190
米勒,认为失败,台积电,2024-11-25,0.113809
米勒,认为失败,台积电,2024-11-25,0.113809
米勒,认为失败,台积电,2024-11-25,0.113809
魏哲家,认为有成就,台积电,2024-12-03,0.113608
魏哲家,认为有成就,台积电,2024-10-26,0.113608
魏哲家,认为有成就,台积电,2024-11-29,0.113608
魏哲家,认为有成就,台积电,2024-12-03,0.113608
魏哲家,认为有成就,台积电,2024-12-02,0.113608
台积电,认为违规,华为,2024-11-28,0.112891
川普,攻击,台积电,2024-11-28,0.112868
川普,攻击,台积电,2024-12-01,0.112868
川普,攻击,台积电,2024-12-03,0.112868
川普,攻击,台积电,2024-12-04,0.112868
川普,攻击,台积电,2024-11-02,0.112868
川普,攻击,台积电,2024-11-05,0.112868
川普,攻击,台积电,2024-11-30,0.112868
川普,攻击,台积电,2024-11-28,0.112868
川普,攻击,台积电,2024-11-19,0.112868
川普,攻击,台积电,2024-11-19,0.112868
川普,攻击,台积电,2024-11-05,0.112868
川普,攻击,台积电,2024-11-25,0.112868
川普,攻击,台积电,2024-11-06,0.112868
川普,攻击,台积电,2024-11-09,0.112868
川普,攻击,台积电,2024-11-18,0.112868
川普,攻击,台积电,2024-11-04,0.112868
半导体,质疑,台积电,2024-11-26,0.111766
半导体,质疑,台积电,2024-11-26,0.111766
半导体,质疑,台积电,2024-11-26,0.111766
半导体,质疑,台积电,2024-11-25,0.111766
半导体,质疑,台积电,2024-11-25,0.111766
半导体,质疑,台积电,2024-11-25,0.111766
半导体,质疑,台积电,2024-11-25,0.111766
半导体,质疑,台积电,2024-11-25,0.111766
德国,支持,台积电,2024-11-17,0.111223
郭正亮,认为有威胁,台积电,2024-11-05,0.109454
郭智辉,支持,台积电,2024-11-19,0.108425
郭智辉,支持,台积电,2024-11-08,0.108425
郭智辉,支持,台积电,2024-10-29,0.108425
路透社,认为有威胁,台积电,2024-11-01,0.107985
蔡英文,主导,台积电,2024-11-21,0.107781
亚利桑那州,质疑,台积电,2024-11-25,0.106407
路透社,质疑,台积电,2024-10-23,0.106323
路透社,质疑,台积电,2024-11-09,0.106323
陈其迈,认为可靠,台积电,2024-11-26,0.105587
川普,认为犯罪,台积电,2024-11-30,0.105281
川普,认为犯罪,台积电,2024-11-30,0.105281
川普,认为犯罪,台积电,2024-11-04,0.105281
葛如钧,质疑,台积电,2024-11-28,0.104854
哲哲老师,担忧,台积电,2024-12-04,0.100374
赖清德,感谢,川普,2024-11-05,0.100062
沈富雄,批评,台积电,2024-11-15,0.099431
路透社,认为失败,台积电,2024-12-05,0.098253
路透社,认为失败,台积电,2024-12-05,0.098253
路透社,认为失败,台积电,2024-11-12,0.098253
路透社,认为失败,台积电,2024-11-12,0.098253
亚利桑那州,认可,台积电,2024-11-25,0.097978
彭博专栏作家,认为恐怖,台积电,2024-11-28,0.096855
彭博专栏作家,认为恐怖,台积电,2024-11-28,0.096855
侯上勇,认为犯罪,台积电,2024-11-28,0.096475
日本,担忧,川普,2024-12-01,0.094758
川普当选,担忧,台积电,2024-11-06,0.093445
蔡正元,感到满意,台积电,2024-12-04,0.092689
蔡正元,感到满意,台积电,2024-12-04,0.092689
蔡正元,感到满意,台积电,2024-12-03,0.092689
郭正亮,威胁,台积电,2024-11-05,0.092085
吴诚文,认为有威胁,台积电,2024-11-28,0.089032
李镇宇,质疑,台积电,2024-11-19,0.088235
民进党,增进,台积电,2024-11-27,0.088141
谢衣凤,质疑,台积电,2024-11-19,0.087389
台积电,损害,半导体,2024-12-01,0.084881
谢衣凤,认为违规,台积电,2024-11-19,0.084305
米勒,认为有危机,台积电,2024-11-25,0.084233
米勒,认为有危机,台积电,2024-11-25,0.084233
米勒,认为有危机,台积电,2024-11-25,0.084233
米勒,认为有危机,台积电,2024-11-25,0.084233
魏哲家,攻击,台积电,2024-12-02,0.082589
阮慕骅,担忧,台积电,2024-11-27,0.080596
郭智辉,增进,台积电,2024-11-28,0.079790
郭智辉,增进,台积电,2024-10-22,0.079790
郭智辉,增进,台积电,2024-11-19,0.079790
郭智辉,增进,台积电,2024-11-20,0.079790
米勒,质疑,台积电,2024-11-25,0.079725
米勒,质疑,台积电,2024-11-25,0.079725
米勒,质疑,台积电,2024-11-25,0.079725
米勒,质疑,台积电,2024-11-25,0.079725
路透社,相信,台积电,2024-11-06,0.079616
吕仁杰,质疑,台积电,2024-12-03,0.078871
谢金河,认为犯罪,台积电,2024-11-30,0.077833
拜登政府,认为有危机,台积电,2024-11-01,0.077751
刘镜清,担忧,台积电,2024-11-20,0.076499
川普,认为缺乏,台积电,2024-11-05,0.075041
郑秀绒,担忧,台积电,2024-08-01,0.074870
傅崐萁,认为恐怖,台积电,2024-11-19,0.074713
风传媒,认为有危机,台积电,2024-11-13,0.074656
风传媒,认为有危机,台积电,2024-11-16,0.074656
台积电,质疑,英特尔,2024-12-04,0.072522
拜登政府,欣赏,台积电,2024-11-01,0.071964
侯上勇,攻击,台积电,2024-11-28,0.071592
哲哲老师,质疑,台积电,2024-12-04,0.071579
吕秀莲,担忧,台积电,2024-11-10,0.069462
萧兹,喜欢,台积电,2024-08-24,0.068766
萧兹,喜欢,台积电,2024-08-21,0.068766
德国,认为优秀,台积电,2024-11-17,0.067751
刘镜清,主导,台积电,2024-11-20,0.065317
米勒,认为可靠,台积电,2024-11-26,0.064466
米勒,认为可靠,台积电,2024-11-25,0.064466
米勒,认为可靠,台积电,2024-11-25,0.064466
米勒,认为可靠,台积电,2024-11-25,0.064466
米勒,认为可靠,台积电,2024-11-25,0.064466
美国,认为可靠,华为,2024-11-29,0.063810
美国,认为可靠,华为,2024-11-29,0.063810
美国,认为可靠,华为,2024-11-29,0.063810
吴诚文,认可,台积电,2024-11-28,0.063775
风传媒,认为有威胁,台积电,2024-11-16,0.063557
吴诚文,认为失败,台积电,2024-11-21,0.063250
哲哲老师,认为有威胁,台积电,2024-12-04,0.063073
吴诚文,批评,台积电,2024-11-28,0.062412
台积电,认为优秀,郭智辉,2024-11-19,0.062333
谢衣凤,认为失败,台积电,2024-11-19,0.062145
谢衣凤,认为失败,台积电,2024-11-19,0.062145
彭博专栏作家,质疑,台积电,2024-11-28,0.061031
彭博专栏作家,质疑,台积电,2024-11-28,0.061031
阮慕骅,感到不满,台积电,2024-11-27,0.059910
赖清德,欢迎,川普,2024-11-05,0.059743
魏哲家,认为优秀,台积电,2024-12-02,0.059724
魏哲家,认为优秀,台积电,2024-12-02,0.059724
川普总统,攻击,台积电,2024-11-25,0.059561
赖怡忠,认为有危机,台积电,2024-11-13,0.058658
郭正亮,认为可靠,台积电,2024-11-05,0.056128
彭博专栏作家,认为有危机,台积电,2024-11-28,0.055507
彭博专栏作家,认为有危机,台积电,2024-11-28,0.055507
杰尔辛格,损害,台积电,2024-10-29,0.054917
权锡俊,主导,台积电,2024-11-20,0.054472
台积电,担忧,英特尔,2024-12-04,0.053394
川普,认为有暴力,台积电,2024-11-19,0.052807
吕秀莲,质疑,台积电,2024-11-10,0.052336
葛如钧,认为有威胁,台积电,2024-11-29,0.052045
米勒,认为恐怖,台积电,2024-11-25,0.051958
米勒,认为恐怖,台积电,2024-11-25,0.051958
米勒,认为恐怖,台积电,2024-11-25,0.051958
米勒,认为恐怖,台积电,2024-11-25,0.051958
赖瑞隆,主导,台积电,2024-11-27,0.051138
美国,认可,赖清德,2024-12-01,0.050585
美国,认可,赖清德,2024-12-01,0.050585
万美玲,认为失败,台积电,2024-11-29,0.050565
川普,担忧,华为,2024-11-29,0.050298
彭博专栏作家,相信,台积电,2024-11-28,0.049664
米勒,相信,台积电,2024-11-25,0.049305
米勒,相信,台积电,2024-11-25,0.049305
米勒,相信,台积电,2024-11-25,0.049305
米勒,相信,台积电,2024-11-25,0.049305
拜登政府,威胁,台积电,2024-11-01,0.048201
谢衣凤,威胁,台积电,2024-11-19,0.048201
谢衣凤,威胁,台积电,2024-11-19,0.048201
拜登政府,认为有威胁,台积电,2024-11-01,0.048061
傅崐萁,质疑,台积电,2024-11-19,0.047527
中国,认为可靠,特斯拉,2024-11-19,0.046690
半导体,相信,台积电,2024-11-25,0.045843
彭博专栏作家,认为有威胁,台积电,2024-11-28,0.045369
美国,感到不满,赖清德,2024-12-01,0.044540
彭博专栏作家,威胁,台积电,2024-11-28,0.044385
亚利桑那州,损害,台积电,2024-11-25,0.043266
英特尔总裁,欢迎,台积电,2024-12-02,0.042880
川普当选,质疑,台积电,2024-11-06,0.042866
郑秀绒,质疑,台积电,2024-08-01,0.042771
曾文生,相信,台积电,2024-11-19,0.041415
曾文生,相信,台积电,2024-11-19,0.041415
路透社,损害,台积电,2024-11-01,0.041108
权锡俊,认为有危机,台积电,2024-11-20,0.040126
米勒,认可,台积电,2024-11-26,0.040021
米勒,认可,台积电,2024-11-25,0.040021
米勒,认可,台积电,2024-11-25,0.040021
米勒,认可,台积电,2024-11-25,0.040021
米勒,认可,台积电,2024-11-25,0.040021
黄扬明,认为失败,台积电,2024-11-13,0.039998
华为,支持,台积电,2024-11-28,0.039312
王效平,担忧,台积电,2024-11-17,0.038998
米勒,认为有威胁,台积电,2024-11-25,0.038704
米勒,认为有威胁,台积电,2024-11-25,0.038704
米勒,认为有威胁,台积电,2024-11-25,0.038704
米勒,认为有威胁,台积电,2024-11-25,0.038704
王效平,质疑,台积电,2024-11-17,0.038040
亚利桑那州,认为优秀,台积电,2024-11-25,0.037958
民进党政府,损害,台积电,2024-12-01,0.037749
民进党政府,损害,台积电,2024-11-27,0.037749
台积电,相信,世界,2024-11-14,0.037709
谢衣凤,认为有威胁,台积电,2024-11-19,0.037508
谢衣凤,认为有威胁,台积电,2024-11-19,0.037508
吕秀莲,认为违规,台积电,2024-11-10,0.037484
美国,主导,华为,2024-11-29,0.037309
米勒,批评,台积电,2024-11-25,0.037024
米勒,批评,台积电,2024-11-25,0.037024
米勒,批评,台积电,2024-11-25,0.037024
俞国华,主导,台积电,2024-11-29,0.036846
欧盟,认为可靠,台积电,2024-12-01,0.036737
黄扬明,认为有危机,台积电,2024-11-13,0.036222
彭博专栏作家,认为失败,台积电,2024-11-28,0.035874
彭博专栏作家,认为失败,台积电,2024-11-28,0.035874
川普新政府,认为有威胁,台积电,2024-11-27,0.035697
解放军,认为有危机,台积电,2024-11-13,0.034708
万美玲,认为有危机,台积电,2024-11-29,0.034284
"高雄市长
陈其迈",主导,台积电,2024-11-26,0.034251
亚利桑那州,批评,台积电,2024-11-25,0.034038
彭博专栏作家,欣赏,台积电,2024-11-28,0.033586
柴焕欣,主导,台积电,2024-11-10,0.033567
拜登总统,损害,台积电,2024-12-03,0.033515
郭正亮,认为犯罪,台积电,2024-11-05,0.033494
米勒,认为非法,台积电,2024-11-25,0.033459
米勒,认为非法,台积电,2024-11-25,0.033459
万美玲,批评,台积电,2024-11-29,0.033126
孙明德,担忧,台积电,2024-11-06,0.033070
孙明德,质疑,台积电,2024-11-06,0.032832
吕秀莲,认为恐怖,台积电,2024-11-10,0.032736
民主党,认为有危机,台积电,2024-11-19,0.032593
张董事长,主导,台积电,2024-12-02,0.032226
彭博专栏作家,批评,台积电,2024-11-28,0.032194
民进党政府,认为可靠,台积电,2024-11-27,0.032051
川普,认为可靠,美台关系,2024-11-16,0.032009
拜登,相信,赖清德,2024-12-01,0.031848
川普,主导,马斯克,2024-11-17,0.031636
万美玲,认可,台积电,2024-11-29,0.031209
美国,认为可靠,川普,2024-11-15,0.031049
亚利桑那,认为失败,台积电,2024-11-27,0.030581
川普新政府,损害,台积电,2024-11-27,0.030519
川普新政府,损害,台积电,2024-11-15,0.030519
克里斯・米勒,欢迎,川普,2024-10-29,0.030477
台积电,威胁,英特尔,2024-12-03,0.030198
台积电,威胁,英特尔,2024-12-03,0.030198
美国,质疑,赖清德,2024-12-01,0.029746
美国,质疑,赖清德,2024-12-01,0.029746
云报政经产业研究院,担忧,台积电,2024-11-10,0.029735
川普,主导,美中贸易战,2024-10-29,0.029695
川普,主导,美中贸易战,2024-11-08,0.029695
川普,主导,美中贸易战,2024-11-05,0.029695
川普,主导,美中贸易战,2024-11-24,0.029695
川普,主导,美中贸易战,2024-11-07,0.029695
权锡俊,认为失败,台积电,2024-11-20,0.029655
吕秀莲,认为有危机,台积电,2024-11-10,0.029511
傅崐萁,认为有危机,台积电,2024-11-19,0.029405
陈凤馨,认为恐怖,台积电,2024-11-20,0.029313
谷立言,支持,台积电,2024-11-27,0.028819
许宗力,认为有威胁,台积电,2024-12-03,0.028361
云报政经产业研究院,认为恐怖,台积电,2024-11-10,0.028232
川普新政府,威胁,台积电,2024-11-27,0.028131
陈凤馨,质疑,台积电,2024-11-20,0.027702
亚利桑那州,认为有成就,拜登,2024-11-05,0.027417
谢金河,认为优秀,台积电,2024-11-30,0.026841
万美玲,认为有威胁,台积电,2024-11-29,0.026827
美国,感谢,川普,2024-11-15,0.026487
高雄市长陈其迈,主导,台积电,2024-11-26,0.026386
高雄市长陈其迈,主导,台积电,2024-11-26,0.026386
高雄市长陈其迈,主导,台积电,2024-11-26,0.026386
季辛格,支持,台积电,2024-12-03,0.026358
美国,相信,赖清德,2024-12-01,0.026334
美国,相信,赖清德,2024-12-01,0.026334
李镇宇,认为可靠,台积电,2024-12-04,0.026010
川普,主导,俄乌战争,2024-11-20,0.025934
川普,主导,俄乌战争,2024-11-10,0.025934
川普,主导,俄乌战争,2024-11-10,0.025934
川普,主导,俄乌战争,2024-11-26,0.025934
川普,主导,俄乌战争,2024-11-16,0.025934
川普,主导,俄乌战争,2024-11-12,0.025934
赖清德,担忧,川普,2024-11-16,0.025847
赖清德,担忧,川普,2024-11-10,0.025847
阮慕骅,相信,台积电,2024-11-27,0.025342
川普第一任总统,主导,台积电,2024-11-12,0.025331
后基辛格时代,损害,台积电,2024-12-03,0.025140
蔡正元,担忧,川普,2024-12-03,0.025004
蔡正元,担忧,川普,2024-11-05,0.025004
阮慕骅,质疑,台积电,2024-11-27,0.024754
微软,损害,台积电,2024-11-20,0.024156
傅崐萁,认为有威胁,台积电,2024-11-19,0.024129
陈文茜,主导,台积电,2024-12-03,0.024090
赖怡忠,认为有威胁,台积电,2024-11-13,0.024016
陈其迈,认为优秀,台积电,2024-11-26,0.023398
"高雄市长
陈其迈",担忧,台积电,2024-11-26,0.023365
彭博专栏作家,认可,台积电,2024-11-28,0.023245
彭博专栏作家,认可,台积电,2024-11-28,0.023245
陆行之,主导,台积电,2024-12-04,0.023194
陆行之,主导,台积电,2024-12-03,0.023194
陆行之,主导,台积电,2024-12-02,0.023194
国民党,担忧,台积电,2024-11-27,0.022717
国民党,担忧,台积电,2024-11-27,0.022717
国民党,担忧,台积电,2024-11-27,0.022717
国民党,担忧,台积电,2024-11-20,0.022717
美国,担忧,赖清德,2024-12-01,0.022423
美国,担忧,赖清德,2024-12-01,0.022423
米勒,认为有成就,台积电,2024-11-25,0.022412
米勒,认为有成就,台积电,2024-11-25,0.022412
蔡正元,欢迎,川普,2024-11-05,0.022233
刘德音博士,主导,台积电,2024-11-26,0.022069
蔡正元,增进,台积电,2024-12-05,0.021729
魏哲家,增进,台积电,2024-12-03,0.021686
魏哲家,增进,台积电,2024-11-28,0.021686
魏哲家,增进,台积电,2024-11-29,0.021686
魏哲家,增进,台积电,2024-11-14,0.021686
魏哲家,增进,台积电,2024-12-04,0.021686
赖俊宇,主导,台积电,2024-11-28,0.021240
赖俊宇,主导,台积电,2024-11-28,0.021240
中国,主导,特斯拉,2024-11-19,0.021160
川普,感到不满,赖清德,2024-12-01,0.021090
陈其迈,增进,台积电,2024-11-26,0.021042
陈其迈,增进,台积电,2024-11-26,0.021042
高雄市长陈其迈,担忧,台积电,2024-11-26,0.020927
云报政经产业研究院,质疑,台积电,2024-11-10,0.020859
泰国,主导,川普,2024-12-01,0.020546
陆行之,质疑,台积电,2024-11-01,0.020512
经济部,主导,台积电,2024-11-27,0.020225
经济部,主导,台积电,2024-11-27,0.020225
孙明德,认为违规,台积电,2024-11-06,0.020142
亚利桑那州,认为犯罪,台积电,2024-08-10,0.020050
许宗力,威胁,台积电,2024-12-03,0.020019
台湾,主导,美中贸易战,2024-12-02,0.019963
彭博专栏作家,认为可靠,台积电,2024-11-28,0.019920
彭博专栏作家,认为可靠,台积电,2024-11-28,0.019920
陈凤馨,认为有危机,台积电,2024-11-20,0.019831
陈凤馨,认为有危机,台积电,2024-11-16,0.019831
赖清德,认可,川普,2024-11-05,0.019804
台积电,认为热情,郭智辉,2024-11-19,0.019675
朱云鹏,威胁,台积电,2024-11-05,0.019611
川普,主导,美国,2024-11-29,0.019205
川普,主导,美国,2024-11-17,0.019205
川普,主导,美国,2024-11-27,0.019205
川普,主导,美国,2024-11-12,0.019205
川普,主导,美国,2024-11-05,0.019205
川普,主导,美国,2024-12-06,0.019205
川普,主导,美国,2024-12-06,0.019205
川普,主导,美国,2024-11-27,0.019205
川普,主导,美国,2024-11-05,0.019205
川普,主导,美国,2024-11-05,0.019205
川普,主导,美国,2024-10-30,0.019205
李镇宇,攻击,台积电,2024-11-19,0.019028
哲哲老师,认可,台积电,2024-12-04,0.018642
米勒,欣赏,台积电,2024-11-25,0.018555
米勒,欣赏,台积电,2024-11-25,0.018555
米勒,欣赏,台积电,2024-11-25,0.018555
川普,认为可靠,台湾,2024-12-02,0.018316
川普,认为可靠,台湾,2024-11-19,0.018316
川普,认为可靠,台湾,2024-11-19,0.018316
川普,认为可靠,台湾,2024-11-19,0.018316
川普政府,认为有成就,台积电,2024-11-28,0.018214
陈启昱,感到不满,赖清德,2024-11-30,0.018116
陈启昱,感到不满,赖清德,2024-11-30,0.018116
孙明德,认为恐怖,台积电,2024-11-06,0.017906
阮慕骅,认为可靠,台积电,2024-11-27,0.017823
傅崐萁,批评,台积电,2024-11-18,0.017764
刘镜清,认为有危机,台积电,2024-11-20,0.017609
米勒,认为犯罪,台积电,2024-11-25,0.017492
米勒,认为犯罪,台积电,2024-11-25,0.017492
美国,认为有危机,赖清德,2024-12-01,0.017363
郭正亮,认为缺乏,台积电,2024-11-05,0.017356
赖怡忠,威胁,台积电,2024-11-13,0.017242
美国,认可,特斯拉,2024-12-02,0.017075
陈履安,主导,台积电,2024-12-03,0.016952
刘镜清,相信,台积电,2024-11-27,0.016766
米勒,认为优秀,台积电,2024-11-25,0.016509
米勒,认为优秀,台积电,2024-11-25,0.016509
中国,感到不满,川普,2024-11-19,0.016370
民主党,感谢,川普,2024-11-19,0.016321
川普,认为可靠,华为,2024-11-29,0.016117
亚利桑那,认为有成就,台积电,2024-11-27,0.015624
吕秀莲,威胁,台积电,2024-11-10,0.015515
拜登,感到不满,赖清德,2024-12-01,0.015271
汪葛雷,损害,台积电,2024-11-18,0.015175
吕秀莲,认为有威胁,台积电,2024-11-10,0.015157
阮慕骅,认为有威胁,台积电,2024-11-27,0.015083
瑞士,质疑,台积电,2024-11-27,0.015016
萧兹,欣赏,台积电,2024-08-24,0.014891
川普,主导,半导体,2024-12-01,0.014693
杰夫,主导,台积电,2024-11-29,0.014669
云报政经产业研究院,相信,台积电,2024-11-10,0.014652
证交所,担忧,台积电,2024-12-02,0.014560
彭博专栏作家,认为有成就,台积电,2024-11-28,0.014480
彭博专栏作家,认为有成就,台积电,2024-11-28,0.014480
吴田玉,质疑,台积电,2024-11-20,0.014471
吴田玉,质疑,台积电,2024-11-20,0.014471
中国,认可,特斯拉,2024-11-19,0.014397
柴焕欣,质疑,台积电,2024-11-10,0.014393
亚利桑那州,认可,拜登,2024-11-05,0.014292
赖瑞隆,认为有危机,台积电,2024-11-27,0.014204
刘镜清,认为可靠,台积电,2024-11-20,0.013609
刘镜清,认为可靠,台积电,2024-11-05,0.013609
陈凤馨,认为有威胁,台积电,2024-11-20,0.013607
美国,认为有成就,华为,2024-11-29,0.013535
美国,认为有成就,华为,2024-11-29,0.013535
美国,认为有成就,华为,2024-11-29,0.013535
蔡正元,支持,台积电,2024-12-03,0.013388
川普当选,批评,台积电,2024-11-06,0.013324
郑秀绒,批评,台积电,2024-08-01,0.013317
陆行之,担忧,台积电,2024-11-01,0.013284
陆行之,担忧,台积电,2024-11-27,0.013284
陆行之,担忧,台积电,2024-12-04,0.013284
英国经济学人,担忧,台积电,2024-11-14,0.013206
美国,质疑,华为,2024-11-29,0.012985
美国,质疑,华为,2024-11-29,0.012985
美国,质疑,华为,2024-11-29,0.012985
美国,质疑,华为,2024-11-29,0.012985
赖瑞隆,担忧,台积电,2024-11-19,0.012749
赖瑞隆,担忧,台积电,2024-11-27,0.012749
川普新政,攻击,台积电,2024-11-28,0.012649
米勒,认为缺乏,台积电,2024-11-25,0.012584
米勒,认为缺乏,台积电,2024-11-25,0.012584
米勒,认为缺乏,台积电,2024-11-25,0.012584
陈沅易,认为有危机,台积电,2024-11-07,0.012472
陈启昱,担忧,赖清德,2024-11-30,0.012300
蒋尚义,喜欢,台积电,2024-11-29,0.012168
美国,认可,华为,2024-11-29,0.012150
美国,认可,华为,2024-11-29,0.012150
美国,认可,华为,2024-11-29,0.012150
万美玲,认为有成就,台积电,2024-11-29,0.012104
杰尔辛格,认为有威胁,台积电,2024-10-29,0.011918
拜登政府,认为优秀,台积电,2024-11-16,0.011636
拜登政府,认为优秀,台积电,2024-11-28,0.011636
云报政经产业研究院,认为可靠,台积电,2024-11-10,0.011612
刘镜清,认为有威胁,台积电,2024-11-20,0.011566
台湾人,主导,台积电,2024-11-13,0.011464
刘镜清,认可,台积电,2024-11-20,0.011171
美国,认为缺乏,赖清德,2024-12-01,0.011132
赖瑞隆,质疑,台积电,2024-11-19,0.011122
半导体,认为优秀,台积电,2024-11-25,0.011018
"高雄市长
陈其迈",认为违规,台积电,2024-11-26,0.010927
司法院,认为有威胁,台积电,2024-12-03,0.010900
韩国,担忧,川普,2024-12-01,0.010476
前副总统陈诚,主导,台积电,2024-12-03,0.010460
朱云鹏,损害,台积电,2024-11-05,0.010451
赵少康,质疑,台积电,2024-11-15,0.010398
英国经济学人,质疑,台积电,2024-11-14,0.010386
杰尔辛格,认为犯罪,台积电,2024-10-29,0.010360
美国,认为有威胁,赖清德,2024-12-01,0.010281
加拿大,感谢,拜登,2024-11-16,0.010166
陈凤馨,认为可靠,台积电,2024-11-20,0.010121
台湾二线晶圆厂,损害,台积电,2024-11-30,0.010102
台湾二线晶圆厂,损害,台积电,2024-11-30,0.010102
刘博士,主导,台积电,2024-11-26,0.010012
赵少康,担忧,台积电,2024-11-15,0.009950
美国,损害,川普,2024-11-15,0.009909
赖清德,相信,川普,2024-11-16,0.009785
赖清德,相信,川普,2024-11-05,0.009785
吴诚文,增进,台积电,2024-11-28,0.009766
吴诚文,增进,台积电,2024-11-28,0.009766
美国,认为有危机,川普,2024-11-15,0.009704
"高雄市长
陈其迈",质疑,台积电,2024-11-26,0.009631
孙明德,认为有危机,台积电,2024-11-06,0.009594
赖瑞隆,喜欢,台积电,2024-11-27,0.009576
川普政策,损害,台积电,2024-12-03,0.009388
高雄市长陈其迈,质疑,台积电,2024-11-26,0.009328
高雄市长陈其迈,质疑,台积电,2024-11-26,0.009328
高雄市长陈其迈,质疑,台积电,2024-11-26,0.009328
高雄市长陈其迈,质疑,台积电,2024-11-26,0.009328
英特尔,感到满意,台积电,2024-12-03,0.009190
美商务部,主导,台积电,2024-11-14,0.009150
高雄市长陈其迈,认为违规,台积电,2024-11-26,0.009136
高雄市长陈其迈,认为违规,台积电,2024-11-26,0.009136
路透社,增进,台积电,2024-12-05,0.009118
亚利桑那州,支持,台积电,2024-11-25,0.009108
美国,感谢,川普总统,2024-11-28,0.009102
英国,认为可靠,日本,2024-08-14,0.009090
台湾,认为失败,美中贸易战,2024-12-02,0.008994
陈沅易,欣赏,台积电,2024-11-07,0.008978
蒋尚义,损害,台积电,2024-11-29,0.008846
美国,担忧,川普,2024-11-15,0.008838
美国,担忧,川普,2024-10-30,0.008838
美国,担忧,川普,2024-11-22,0.008838
共和党,质疑,台积电,2024-11-05,0.008697
川普,威胁,华为,2024-11-29,0.008666
阮慕骅,批评,台积电,2024-11-27,0.008596
阮慕骅,批评,台积电,2024-11-27,0.008596
川普,感到不满,华为,2024-11-29,0.008356
柴焕欣,认为恐怖,台积电,2024-11-10,0.008312
美国,认为有威胁,川普,2024-11-15,0.008311
作者及教授,主导,台积电,2024-11-29,0.008113
美国,认可,川普,2024-11-15,0.008094
美国,认可,川普,2024-11-09,0.008094
詹家鸿,担忧,台积电,2024-12-03,0.007984
国科会,主导,台积电,2024-11-29,0.007892
蔡正元,相信,川普,2024-12-03,0.007872
蔡正元,相信,川普,2024-11-05,0.007872
川普,认为可靠,美国,2024-12-06,0.007782
蔡正元,认为有威胁,川普,2024-11-05,0.007778
孙明德,认为有威胁,台积电,2024-11-06,0.007734
吴田玉,认为有危机,台积电,2024-11-20,0.007699
吴田玉,认为有危机,台积电,2024-11-20,0.007699
吴田玉,认为有危机,台积电,2024-11-20,0.007699
赖清德,认为可靠,台湾,2024-11-20,0.007679
赖清德,认为可靠,台湾,2024-12-02,0.007679
亚利桑那州,增进,台积电,2024-11-20,0.007642
美国,质疑,三星,2024-09-03,0.007640
川普,威胁,赖清德,2024-12-01,0.007620
吕秀莲,认为犯罪,台积电,2024-11-10,0.007586
国民党,质疑,台积电,2024-11-27,0.007576
国民党,质疑,台积电,2024-11-19,0.007576
国民党,质疑,台积电,2024-11-27,0.007576
国民党,质疑,台积电,2024-11-27,0.007576
国民党,质疑,台积电,2024-11-20,0.007576
杰尔辛格,威胁,台积电,2024-10-29,0.007570
郑正钤,担忧,台积电,2024-11-27,0.007564
郑正钤,担忧,台积电,2024-11-27,0.007564
郑正钤,担忧,台积电,2024-11-27,0.007564
郑正钤,担忧,台积电,2024-11-27,0.007564
詹家鸿,认为有危机,台积电,2024-12-03,0.007529
詹家鸿,认为恐怖,台积电,2024-12-03,0.007502
花旗证券,认为有威胁,台积电,2024-11-11,0.007463
北京,质疑,川普,2024-12-01,0.007439
北京,质疑,川普,2024-12-01,0.007439
葛如钧,增进,台积电,2024-11-28,0.007344
陆行之,损害,台积电,2024-11-27,0.007341
美国,质疑,川普,2024-11-15,0.007339
美国,质疑,川普,2024-10-30,0.007339
马斯克,主导,特斯拉,2024-11-25,0.007327
台湾政府,认为非法,台积电,2024-10-24,0.007275
证交所,认为有危机,台积电,2024-12-02,0.007249
赖清德,感到满意,川普,2024-11-05,0.007248
杨应超,认为有危机,台积电,2024-09-11,0.007201
戴嘉芬,认为失败,台积电,2024-12-02,0.007025
外媒,质疑,台积电,2024-10-24,0.007012
拜登总统,认为有危机,台积电,2024-12-03,0.006972
谢衣凤,增进,台积电,2024-11-19,0.006874
埃泽尔,认为有危机,台积电,2024-11-26,0.006819
美国,担忧,三星,2024-09-03,0.006791
拜登政府,增进,台积电,2024-11-20,0.006775
拜登政府,增进,台积电,2024-11-15,0.006775
拜登政府,增进,台积电,2024-11-01,0.006775
美国,欢迎,赖清德,2024-12-01,0.006771
美国,欢迎,赖清德,2024-12-01,0.006771
拜登总统,威胁,台积电,2024-12-03,0.006762
郑荣丰,认为有危机,台积电,2024-11-13,0.006741
Jeff Koch,担忧,台积电,2024-11-30,0.006657
郑国强,认为有成就,台积电,2024-12-04,0.006574
《彭博》,担忧,台积电,2024-11-29,0.006536
赵少康,认为有危机,台积电,2024-11-15,0.006512
《路透社》,担忧,台积电,2024-11-10,0.006453
《路透社》,担忧,台积电,2024-11-12,0.006453
后基辛格时代,认为有威胁,台积电,2024-12-03,0.006443
孙明德,批评,台积电,2024-11-06,0.006440
云报政经产业研究院,认可,台积电,2024-11-10,0.006433
储祥生,担忧,台积电,2024-12-03,0.006401
立法院,质疑,台积电,2024-11-28,0.006370
立法院,质疑,台积电,2024-11-28,0.006370
美国,认可,英特尔,2024-11-28,0.006306
美国,认可,英特尔,2024-11-29,0.006306
中国,担忧,川普,2024-11-19,0.006269
Jeff Koch,质疑,台积电,2024-11-30,0.006104
中国大陆,担忧,川普,2024-11-21,0.006062
美国,感到不满,华为,2024-11-29,0.006031
美国,感到不满,华为,2024-11-25,0.006031
美国,感到不满,华为,2024-11-29,0.006031
美国,感到不满,华为,2024-11-29,0.006031
陈世凯,感到不满,川普,2024-08-03,0.005991
台积电,攻击,CoW 封测厂,2024-11-28,0.005988
美国,威胁,赖清德,2024-12-01,0.005983
吕秀莲,批评,台积电,2024-11-10,0.005936
沈富雄,认为有暴力,台积电,2024-11-15,0.005914
克里斯・米勒,担忧,川普,2024-10-29,0.005870
美国,相信,川普,2024-11-15,0.005730
美国,相信,川普,2024-10-30,0.005730
美国,感到不满,川普,2024-11-15,0.005648
川普,担忧,半导体,2024-12-01,0.005620
川普,担忧,半导体,2024-11-29,0.005620
韩国政局,损害,台积电,2024-12-04,0.005608
陆行之,认为有危机,台积电,2024-11-01,0.005565
证交所,认为有威胁,台积电,2024-12-02,0.005541
赖瑞隆,认为违规,台积电,2024-11-19,0.005512
川普,认为有威胁,华为,2024-11-29,0.005492
克里斯・米勒,认为可靠,川普,2024-10-29,0.005419
美国,质疑,特朗普,2024-11-19,0.005385
陆行之,威胁,台积电,2024-11-27,0.005376
日本,支持,川普,2024-12-01,0.005361
北京,相信,川普,2024-12-01,0.005349
北京,相信,川普,2024-12-01,0.005349
美国,担忧,华为,2024-11-29,0.005337
美国,担忧,华为,2024-11-29,0.005337
美国,担忧,华为,2024-11-29,0.005337
拜登政府,认为有暴力,台积电,2024-11-01,0.005312
蔡正元,感到不满,川普,2024-12-03,0.005282
李镇宇,认为有成就,台积电,2024-11-29,0.005268
美国,认为有成就,马斯克,2024-11-17,0.005259
美国,认为有成就,马斯克,2024-11-17,0.005259
美国,认为有威胁,华为,2024-11-29,0.005241
美国,认为有威胁,华为,2024-11-29,0.005241
美国,认为有威胁,华为,2024-11-29,0.005241
美国,认为非法,华为,2024-11-29,0.005213
郑正钤,主导,台积电,2024-11-27,0.005176
郑正钤,主导,台积电,2024-11-27,0.005176
郑正钤,主导,台积电,2024-11-27,0.005176
马斯克,主导,川普,2024-11-21,0.005176
美国,主导,半导体,2024-10-26,0.005119
美国,主导,半导体,2024-10-26,0.005119
美国,主导,半导体,2024-11-22,0.005119
美国,主导,半导体,2024-10-26,0.005119
美国,主导,半导体,2024-11-19,0.005119
汪葛雷,攻击,台积电,2024-11-18,0.005114
彭博专栏作家,认为缺乏,台积电,2024-11-28,0.005082
美商务部,感到不满,台积电,2024-11-09,0.004978
米勒,支持,台积电,2024-11-25,0.004947
越南,感到不满,川普,2024-12-01,0.004848
蔡正元,主导,三星,2024-11-27,0.004824
美国,认为优秀,赖清德,2024-12-01,0.004784
美国,质疑,英特尔,2024-12-04,0.004769
《彭博》,质疑,台积电,2024-11-29,0.004754
詹家鸿,质疑,台积电,2024-12-03,0.004691
储祥生,认为恐怖,台积电,2024-12-03,0.004678
陈士修,主导,台积电,2024-12-04,0.004649
王效平,批评,台积电,2024-11-17,0.004646
张忠谋,主导,半导体,2024-11-28,0.004528
张忠谋,主导,半导体,2024-11-30,0.004528
智璞产业趋势研究所,认为有威胁,台积电,2024-12-03,0.004456
彭博专栏作家,增进,台积电,2024-11-28,0.004401
彭博专栏作家,增进,台积电,2024-11-28,0.004401
杰尔辛格,攻击,台积电,2024-10-29,0.004331
员工,主导,台积电,2024-12-02,0.004295
中国,支持,特斯拉,2024-11-19,0.004272
陆行之,认为有威胁,台积电,2024-11-01,0.004255
后基辛格时代,威胁,台积电,2024-12-03,0.004195
证交所,损害,台积电,2024-12-02,0.004151
证交所,损害,台积电,2024-12-02,0.004151
中国政府,欢迎,川普,2024-12-04,0.004146
川普回归,损害,台积电,2024-11-25,0.004095
川普,攻击,华为,2024-11-29,0.004092
美国,认为失败,华为,2024-11-29,0.004081
美国,认为失败,华为,2024-11-29,0.004081
美国,认为失败,华为,2024-11-29,0.004081
美国,支持,赖清德,2024-12-01,0.004081
零股投资人,认为有危机,台积电,2024-11-29,0.004079
台积电,欢迎,主题讲者,2024-12-02,0.004066
高雄市长陈其迈,欣赏,台积电,2024-11-26,0.004060
台积电,损害,台股,2024-12-02,0.004057
台积电,感谢,金河,2024-11-16,0.004043
《路透社》,质疑,台积电,2024-11-12,0.004012
川普,认为可靠,中国,2024-11-28,0.003986
川普,认为可靠,中国,2024-11-10,0.003986
民进党,主导,美国,2024-11-09,0.003982
蔡明彦,认可,美国,2024-11-06,0.003971
智璞产业趋势研究所,威胁,台积电,2024-12-03,0.003908
英国经济学人,相信,台积电,2024-11-14,0.003879
台湾人,担忧,台积电,2024-11-13,0.003844
泰国,感到不满,川普,2024-12-01,0.003843
亚利桑那州,认为有暴力,台积电,2024-08-10,0.003839
储祥生,质疑,台积电,2024-12-03,0.003838
陆行之,批评,台积电,2024-11-01,0.003771
川普,认为可靠,半导体,2024-11-06,0.003758
大下淳一,主导,台积电,2024-11-18,0.003730
孙明德,认可,台积电,2024-11-06,0.003727
联邦政府,相信,台积电,2024-11-25,0.003674
陈亭妃,主导,台积电,2024-11-05,0.003671
陈亭妃,主导,台积电,2024-11-05,0.003671
民主党,主导,美国,2024-11-05,0.003624
彭博专栏作家,支持,台积电,2024-11-28,0.003618
中国,攻击,川普,2024-11-19,0.003588
中国,攻击,川普,2024-12-04,0.003588
立法院经济委员会,主导,台积电,2024-11-27,0.003587
立法院经济委员会,主导,台积电,2024-11-27,0.003587
美国,认为违规,华为,2024-11-29,0.003576
《彭博》,认为恐怖,台积电,2024-11-29,0.003560
蔡正元,认为可靠,川普,2024-12-03,0.003515
蔡正元,认为可靠,川普,2024-11-05,0.003515
美国,支持,华为,2024-11-29,0.003464
美国,支持,华为,2024-11-29,0.003464
美国,支持,华为,2024-11-29,0.003464
赵少康,认为有威胁,台积电,2024-11-15,0.003453
川普新政府,增进,台积电,2024-11-15,0.003441
美国,认为有威胁,特斯拉,2024-12-02,0.003434
台积电,认为有成就,半导体,2024-12-02,0.003428
韩国瑜,担忧,赖清德,2024-11-28,0.003427
中国,质疑,川普,2024-11-19,0.003417
民国政府,主导,台积电,2024-10-29,0.003382
美国,认为恐怖,赖清德,2024-12-01,0.003354
郑正钤,质疑,台积电,2024-11-27,0.003337
郑正钤,质疑,台积电,2024-11-27,0.003337
郑正钤,质疑,台积电,2024-11-27,0.003337
美国,认为可靠,台美关系,2024-11-20,0.003336
美国,认为可靠,台美关系,2024-11-23,0.003336
台积电,欢迎,李长荣,2024-11-27,0.003320
台湾,质疑,美,2024-10-30,0.003311
杰夫,认为可靠,台积电,2024-11-29,0.003306
《路透社》,相信,台积电,2024-11-12,0.003272
美国,支持,特斯拉,2024-12-02,0.003258
证交所,认为恐怖,台积电,2024-12-02,0.003256
川普,认为有成就,美国,2024-10-28,0.003241
台积电,欢迎,恒水创电,2024-12-04,0.003240
曾繁城,增进,台积电,2024-11-28,0.003219
川普,欢迎,特斯拉,2024-10-23,0.003153
詹家鸿,相信,台积电,2024-12-03,0.003149
美国,认为缺乏,华为,2024-11-29,0.003136
德国,主导,俄乌战争,2024-11-18,0.003111
德国,主导,俄乌战争,2024-11-15,0.003111
民进党政府,增进,台积电,2024-11-27,0.003111
柴焕欣,认为可靠,台积电,2024-11-10,0.003108
拜登,威胁,赖清德,2024-12-01,0.003102
中国,威胁,川普,2024-11-19,0.003085
泰国,欢迎,川普,2024-12-01,0.003065
柴焕欣,认可,台积电,2024-11-10,0.003045
美国,认为优秀,华为,2024-11-29,0.003045
美国,认为优秀,华为,2024-11-29,0.003045
美国,认为优秀,华为,2024-11-29,0.003045
美国,认为优秀,华为,2024-11-29,0.003045
赖清德,担忧,周玉蔻,2024-12-03,0.003027
半导体,主导,美国,2024-12-04,0.003023
台湾,损害,川普,2024-11-19,0.003020
美国,欣赏,川普,2024-11-15,0.003013
川普,感到不满,拜登,2024-10-29,0.003012
沈荣钦,质疑,台积电,2024-10-23,0.003011
美国,欢迎,川普,2024-11-15,0.002981
美国,欢迎,川普,2024-11-13,0.002981
特朗普,感到不满,台湾,2024-10-24,0.002943
金管会,担忧,台积电,2024-12-02,0.002921
赖清德,攻击,川普,2024-11-16,0.002918
半导体,认可,美国,2024-12-04,0.002916
拜登,质疑,赖清德,2024-12-01,0.002900
拜登,感到不满,川普,2024-08-27,0.002892
美国,认为有成就,台湾,2024-12-04,0.002881
国科会,担忧,台积电,2024-11-29,0.002844
高雄市长陈其迈,认为可靠,台积电,2024-11-26,0.002834
高雄市长陈其迈,认为可靠,台积电,2024-11-26,0.002834
高雄市长陈其迈,认为可靠,台积电,2024-11-26,0.002834
颜择雅,认为有危机,台积电,2024-11-05,0.002828
《彭博》,认为有威胁,台积电,2024-11-29,0.002819
"高雄市长
陈其迈",认可,台积电,2024-11-26,0.002806
外媒,认为可靠,台积电,2024-10-24,0.002805
美国,威胁,华为,2024-11-29,0.002787
美国,威胁,华为,2024-11-29,0.002787
美国,威胁,华为,2024-11-29,0.002787
金管会,质疑,台积电,2024-12-02,0.002784
蔡正元,主导,南韩,2024-12-04,0.002778
台积电,质疑,恒水创电,2024-12-04,0.002736
民进党政府,认为缺乏,台积电,2024-11-27,0.002726
《路透社》,威胁,台积电,2024-11-10,0.002722
《路透社》,威胁,台积电,2024-11-12,0.002722
美国,认为优秀,川普,2024-11-15,0.002722
美国,认为优秀,川普,2024-11-26,0.002722
吴田玉,认为有威胁,台积电,2024-11-20,0.002717
吴田玉,认为有威胁,台积电,2024-11-20,0.002717
吴田玉,认为有威胁,台积电,2024-11-20,0.002717
川普,攻击,赖清德,2024-12-01,0.002717
川普,质疑,赖清德,2024-12-01,0.002706
民主党,认为可靠,川普,2024-11-19,0.002694
民主党,担忧,川普,2024-11-19,0.002686
《路透社》,认为有威胁,台积电,2024-11-10,0.002643
《路透社》,认为有威胁,台积电,2024-11-12,0.002643
台湾人,认为有危机,台积电,2024-11-13,0.002617
许美华,主导,英特尔,2024-12-02,0.002604
川普,感到不满,台湾,2024-11-19,0.002586
川普,感到不满,台湾,2024-11-09,0.002586
川普,感到不满,台湾,2024-10-29,0.002586
赖清德,认为恐怖,川普,2024-11-16,0.002579
中国,喜欢,川普,2024-11-19,0.002543
德国德勒斯登,主导,台积电,2024-12-02,0.002518
台积电,认为可靠,德勒斯登,2024-08-21,0.002495
唐纳德·川普,主导,美国,2024-12-01,0.002479
美国,威胁,川普,2024-11-15,0.002475
《彭博》,相信,台积电,2024-11-29,0.002468
詹家鸿,认为有威胁,台积电,2024-12-03,0.002443
美国,认为有危机,特斯拉,2024-12-02,0.002443
民进党政府,主导,美国,2024-11-09,0.002427
克里斯・米勒,感到不满,川普,2024-10-29,0.002422
美国,质疑,拜登,2024-11-16,0.002390
美国,认为有威胁,三星,2024-09-03,0.002373
台积电,认为犯罪,华为,2024-11-28,0.002367
普京,欢迎,川普,2024-11-05,0.002357
郭智辉,主导,美中贸易战,2024-12-02,0.002341
郭智辉,主导,美中贸易战,2024-12-02,0.002341
台湾,感谢,日本,2024-11-29,0.002334
美国,喜欢,华为,2024-11-29,0.002323
美国,喜欢,华为,2024-11-29,0.002323
美国,喜欢,华为,2024-11-29,0.002323
台积电,欢迎,各界,2024-11-15,0.002312
贺锦丽,主导,美国,2024-11-29,0.002310
贺锦丽,主导,美国,2024-11-05,0.002310
贺锦丽,主导,美国,2024-10-31,0.002310
贺锦丽,主导,美国,2024-11-04,0.002310
特朗普,担忧,台湾,2024-10-24,0.002271
拜登总统,攻击,台积电,2024-12-03,0.002256
美国,感到满意,华为,2024-11-29,0.002250
美国,损害,英特尔,2024-12-04,0.002228
美国,损害,英特尔,2024-12-04,0.002228
美国,损害,英特尔,2024-11-22,0.002228
美国,认为有危机,华为,2024-11-29,0.002227
美国,认为有危机,华为,2024-11-29,0.002227
美国,认为有危机,华为,2024-11-29,0.002227
台湾政府,欢迎,川普,2024-12-01,0.002224
台湾,认为有危机,川普,2024-11-28,0.002202
美国,感到满意,川普,2024-11-15,0.002172
美国,感到满意,川普,2024-11-09,0.002172
中国,损害,川普,2024-11-19,0.002155
高雄市长陈其迈,认可,台积电,2024-11-26,0.002127
《彭博社》,质疑,台积电,2024-11-29,0.002107
彭博专栏作家,认为优秀,台积电,2024-11-28,0.002094
郑正钤,认为有危机,台积电,2024-11-27,0.002048
郑正钤,认为有危机,台积电,2024-11-27,0.002048
乔治亚州,感谢,川普,2024-11-05,0.002039
乔治亚州,感谢,川普,2024-11-19,0.002039
台湾独裁爱好者领导人,认为非法,台积电,2024-10-30,0.002035
零股投资人,认为有威胁,台积电,2024-11-29,0.002022
朱凤莲,主导,美国,2024-11-12,0.002020
越南,担忧,川普,2024-12-01,0.002008
台湾,认为可靠,美国,2024-10-29,0.002000
美国,视作英雄,华为,2024-11-29,0.001987
川普,担忧,台湾,2024-11-09,0.001970
科克,质疑,台积电,2024-11-26,0.001968
科克,质疑,台积电,2024-11-26,0.001968
科克,质疑,台积电,2024-11-26,0.001968
科克,质疑,台积电,2024-11-25,0.001968
科克,质疑,台积电,2024-11-25,0.001968
科克,质疑,台积电,2024-11-25,0.001968
科克,质疑,台积电,2024-11-25,0.001968
川普,认为有成就,马斯克,2024-11-17,0.001962
川普,认为有成就,马斯克,2024-11-17,0.001962
美国,喜欢,川普,2024-12-02,0.001943
美国,喜欢,川普,2024-11-15,0.001943
川普新政府,主导,美国,2024-11-15,0.001931
蒋尚义,威胁,台积电,2024-11-29,0.001930
拜登,主导,美国,2024-11-28,0.001928
川普,相信,台湾,2024-11-19,0.001919
后基辛格时代,攻击,台积电,2024-12-03,0.001900
克里斯・米勒,相信,川普,2024-10-29,0.001885
杰夫‧威廉斯,认为可靠,台积电,2024-11-29,0.001885
金管会,认为有危机,台积电,2024-12-02,0.001882
金管会,认为有危机,台积电,2024-12-02,0.001882
地方州政府,损害,台积电,2024-11-25,0.001880
川普,认为有威胁,北京,2024-11-28,0.001880
川普,认为有威胁,北京,2024-11-27,0.001880
川普,认为有威胁,北京,2024-11-28,0.001880
郑正钤,认为失败,台积电,2024-11-27,0.001871
美国,认为失败,川普,2024-11-15,0.001857
拜登,主导,美日韩三边会谈,2024-11-16,0.001854
拜登,主导,美日韩三边会谈,2024-11-16,0.001854
科克,认为有危机,台积电,2024-11-25,0.001834
科克,认为有危机,台积电,2024-11-25,0.001834
台湾人,喜欢,台积电,2024-11-13,0.001810
中国,认为优秀,特斯拉,2024-11-19,0.001807
美国,攻击,川普,2024-11-15,0.001792
台湾,视作英雄,川普,2024-11-21,0.001781
台湾,视作英雄,川普,2024-11-17,0.001781
共和党,主导,美国,2024-11-05,0.001778
共和党,主导,美国,2024-11-08,0.001778
共和党,主导,美国,2024-11-05,0.001778
川普,主导,全球贸易战,2024-11-27,0.001773
南韩政府,主导,三星,2024-11-27,0.001746
作者及教授,质疑,台积电,2024-11-29,0.001743
陆军第八军团指挥部,损害,台积电,2024-11-13,0.001732
美国,损害,华为,2024-12-01,0.001726
美国,损害,华为,2024-11-29,0.001726
美国,损害,华为,2024-11-25,0.001726
美国,损害,华为,2024-11-29,0.001726
美国,损害,华为,2024-11-29,0.001726
拜登,欢迎,川普,2024-11-19,0.001716
马斯克,感到不满,特斯拉,2024-12-01,0.001713
美国,威胁,三星,2024-09-03,0.001713
张建一,担忧,川普,2024-11-07,0.001712
孙明德,认为犯罪,台积电,2024-11-06,0.001701
蔡正元,认可,川普,2024-12-03,0.001700
蔡正元,认可,川普,2024-11-05,0.001700
经济部,损害,台积电,2024-11-27,0.001698
经济部,损害,台积电,2024-11-27,0.001698
陈奕光,主导,美国,2024-11-26,0.001691
高雄,主导,半导体,2024-11-26,0.001688
台积电,认为可靠,恒水创电,2024-12-04,0.001674
特斯拉,感到不满,卢秀燕,2024-11-30,0.001667
马斯克,感谢,特斯拉,2024-12-01,0.001659
台积电,感谢,辛耘,2024-11-27,0.001654
民主党,认可,川普,2024-11-19,0.001646
新总统,相信,台积电,2024-11-25,0.001632
"高雄市长
陈其迈",批评,台积电,2024-11-26,0.001632
金管会,感到不满,台积电,2024-12-02,0.001632
美国,欢迎,华为,2024-11-29,0.001622
美国,欢迎,华为,2024-11-29,0.001622
美国,欢迎,华为,2024-11-29,0.001622
亚利桑那,增进,台积电,2024-11-27,0.001616
泰国,担忧,川普,2024-12-01,0.001615
特朗普,认为有威胁,台湾,2024-10-29,0.001611
特朗普,认为有威胁,台湾,2024-10-28,0.001611
特朗普,认为有威胁,台湾,2024-10-24,0.001611
特朗普,认为有威胁,台湾,2024-10-28,0.001611
其夫人,主导,台积电,2024-12-02,0.001610
刘扬伟,感到不满,川普,2024-12-02,0.001608
洪申翰,担忧,川普,2024-11-30,0.001605
金管会,认为失败,台积电,2024-12-02,0.001604
储祥生,认为有危机,台积电,2024-12-03,0.001600
谢衣鳯,质疑,台积电,2024-11-20,0.001600
谢衣鳯,质疑,台积电,2024-11-04,0.001600
台积电,感谢,李长荣,2024-11-27,0.001597
美国,认为犯罪,川普,2024-11-15,0.001587
美国,认为缺乏,川普,2024-11-15,0.001582
美国,视作英雄,赖清德,2024-12-01,0.001575
俄罗斯,感到不满,马斯克,2024-11-27,0.001567
高雄市长陈其迈,批评,台积电,2024-11-26,0.001565
台积电,担忧,GB200延迟交付,2024-11-27,0.001559
赖清德,认为失败,美国,2024-11-21,0.001553
台积电,攻击,台股,2024-12-02,0.001524
美国,质疑,谷歌,2024-11-22,0.001503
美国,质疑,谷歌,2024-11-21,0.001503
华尔街资本,质疑,台积电,2024-12-01,0.001501
美国,认为热情,川普,2024-11-15,0.001499
越南,认可,川普,2024-12-01,0.001493
薛健吾,担忧,特朗普,2024-10-24,0.001490
川普,主导,美中贸易大战,2024-11-18,0.001485
韩国瑜,感到不满,赖清德,2024-11-28,0.001481
越南,感到满意,川普,2024-12-01,0.001474
民主党,相信,川普,2024-11-19,0.001452
川普,损害,华为,2024-11-25,0.001449
川普,损害,华为,2024-11-29,0.001449
科克,担忧,台积电,2024-11-26,0.001448
科克,担忧,台积电,2024-11-26,0.001448
科克,担忧,台积电,2024-11-26,0.001448
科克,担忧,台积电,2024-11-25,0.001448
科克,担忧,台积电,2024-11-25,0.001448
科克,担忧,台积电,2024-11-25,0.001448
科克,担忧,台积电,2024-11-25,0.001448
科克,担忧,台积电,2024-11-25,0.001448
日本,认为失败,美国,2024-11-02,0.001443
詹家鸿,认为可靠,台积电,2024-12-03,0.001441
薛健吾,相信,特朗普,2024-10-24,0.001439
陈其迈,主导,半导体,2024-11-26,0.001436
陈其迈,主导,半导体,2024-11-26,0.001436
陈其迈,主导,半导体,2024-11-26,0.001436
陈其迈,主导,半导体,2024-11-26,0.001436
颜择雅,认为有威胁,台积电,2024-11-05,0.001435
美国,认可,芯片,2024-10-29,0.001427
花旗银行,主导,美中贸易战,2024-11-27,0.001422
美国,认为可靠,深化台美伙伴关系,2024-11-06,0.001400
川普,认为失败,美中贸易战,2024-10-31,0.001396
川普,认为失败,美中贸易战,2024-10-29,0.001396
川普,认为失败,美中贸易战,2024-11-08,0.001396
川普,认为失败,美中贸易战,2024-11-07,0.001396
台积电,支持,恒水创电,2024-12-04,0.001396
索贝克,主导,台积电,2024-11-28,0.001381
美国,欣赏,华为,2024-11-29,0.001377
美国,欣赏,华为,2024-11-29,0.001377
美国,欣赏,华为,2024-11-25,0.001377
美国,欣赏,华为,2024-11-29,0.001377
美国,欣赏,华为,2024-11-29,0.001377
川普,主导,贸易战,2024-11-05,0.001371
川普,主导,贸易战,2024-11-06,0.001371
川普,主导,贸易战,2024-12-02,0.001371
美国,支持,川普,2024-11-15,0.001368
美国,支持,川普,2024-11-09,0.001368
美国,支持,川普,2024-11-19,0.001368
美国,支持,川普,2024-11-19,0.001368
川普,攻击,拜登,2024-10-29,0.001352
蔡正元,认为犯罪,川普,2024-12-03,0.001349
蔡正元,认为犯罪,川普,2024-11-05,0.001349
美国,欣赏,特斯拉,2024-12-02,0.001343
川普,认为有威胁,台湾,2024-11-19,0.001343
川普,认为有威胁,台湾,2024-11-27,0.001343
川普,认为有威胁,台湾,2024-11-28,0.001343
川普,认为有威胁,台湾,2024-11-27,0.001343
川普,认为有威胁,台湾,2024-11-27,0.001343
川普,认为有威胁,台湾,2024-11-28,0.001343
川普,认为有威胁,台湾,2024-11-27,0.001343
川普,认为有威胁,台湾,2024-11-14,0.001343
川普,认为有威胁,台湾,2024-11-06,0.001343
川普,认为有威胁,台湾,2024-11-05,0.001343
川普,认为有威胁,台湾,2024-11-08,0.001343
川普,认为有威胁,台湾,2024-11-19,0.001343
川普,认为有威胁,台湾,2024-11-06,0.001343
川普,认为有威胁,台湾,2024-11-20,0.001343
川普,认为有威胁,台湾,2024-11-09,0.001343
川普,认为有威胁,台湾,2024-10-29,0.001343
川普,认为有威胁,台湾,2024-11-19,0.001343
川普,认为有威胁,台湾,2024-11-16,0.001343
川普,认为有威胁,台湾,2024-11-06,0.001343
川普,认为有威胁,台湾,2024-11-05,0.001343
川普,认为有威胁,台湾,2024-12-01,0.001343
川普,认为有威胁,台湾,2024-11-06,0.001343
川普,认为有威胁,台湾,2024-11-04,0.001343
川普,认为有威胁,台湾,2024-10-30,0.001343
台积电,认为有危机,英特尔,2024-12-03,0.001343
台积电,认为有危机,英特尔,2024-12-03,0.001343
川普,攻击,日本,2024-12-01,0.001337
证交所,认为有成就,台积电,2024-12-02,0.001337
Josh,认可,美国,2024-11-21,0.001329
谢衣鳯,担忧,台积电,2024-11-20,0.001324
拜登,感到不满,亚利桑那州,2024-11-19,0.001324
川普当选,增进,台积电,2024-11-06,0.001307
陆行之,认可,台积电,2024-11-01,0.001296
陆行之,认可,台积电,2024-12-04,0.001296
琼瑶,认为有成就,台积电,2024-11-29,0.001285
蔡正元,认为有威胁,美国,2024-10-28,0.001262
美国,视作英雄,川普,2024-12-01,0.001252
美国,视作英雄,川普,2024-12-04,0.001252
美国,视作英雄,川普,2024-11-06,0.001252
美国,视作英雄,川普,2024-11-15,0.001252
美国,视作英雄,川普,2024-11-10,0.001252
美国,视作英雄,川普,2024-11-12,0.001252
美国,视作英雄,川普,2024-11-12,0.001252
美国,视作英雄,川普,2024-11-07,0.001252
美国,视作英雄,川普,2024-12-05,0.001252
美国,视作英雄,川普,2024-11-14,0.001252
美国,视作英雄,川普,2024-11-26,0.001252
美国,视作英雄,川普,2024-11-26,0.001252
美国,视作英雄,川普,2024-11-17,0.001252
美国,视作英雄,川普,2024-11-25,0.001252
美国,视作英雄,川普,2024-11-25,0.001252
美国,视作英雄,川普,2024-12-02,0.001252
美国,视作英雄,川普,2024-11-19,0.001252
美国,视作英雄,川普,2024-11-22,0.001252
美国,视作英雄,川普,2024-11-22,0.001252
美国,视作英雄,川普,2024-11-26,0.001252
美国,视作英雄,川普,2024-11-29,0.001252
美国,视作英雄,川普,2024-11-07,0.001252
美国,视作英雄,川普,2024-11-19,0.001252
林信义,感谢,拜登,2024-11-16,0.001247
郭智辉,感到不满,赖清德,2024-11-28,0.001245
九州地区,欢迎,台积电,2024-11-18,0.001239
中国大陆官员,质疑,台积电,2024-11-28,0.001238
算能科技,担忧,台积电,2024-11-09,0.001230
储祥生,威胁,台积电,2024-12-03,0.001228
乌克兰,主导,乌俄战争,2024-11-28,0.001227
陈凤馨,认为非法,美国,2024-11-05,0.001213
陈凤馨,认为非法,美国,2024-11-16,0.001213
蔡正元,认为恐怖,川普,2024-12-03,0.001208
蔡正元,认为恐怖,川普,2024-11-05,0.001208
美国,认为可靠,伊朗,2024-11-29,0.001207
日本,担忧,韩国,2024-11-19,0.001206
美国,欢迎,拜登,2024-11-16,0.001204
刘扬伟,担忧,川普,2024-12-02,0.001195
英国经济学人,认可,台积电,2024-11-14,0.001169
国科会,损害,台积电,2024-11-29,0.001163
克里斯・米勒,认可,川普,2024-10-29,0.001161
立法院经济委员会,担忧,台积电,2024-11-27,0.001160
立法院经济委员会,担忧,台积电,2024-11-27,0.001160
立法院经济委员会,担忧,台积电,2024-11-20,0.001160
赖清德,认为优秀,台湾,2024-12-02,0.001160
赖清德,质疑,川普,2024-11-16,0.001154
赖清德,质疑,川普,2024-11-05,0.001154
美媒,担忧,川普,2024-11-06,0.001152
蔡正元,攻击,川普,2024-12-03,0.001149
陆军第八军团指挥部,威胁,台积电,2024-11-13,0.001146
川普,担忧,美国,2024-12-06,0.001143
郑正钤,认为有威胁,台积电,2024-11-27,0.001142
郑正钤,认为有威胁,台积电,2024-11-27,0.001142
郑正钤,认为有威胁,台积电,2024-11-27,0.001142
《路透社》,损害,台积电,2024-11-12,0.001138
科克,认为恐怖,台积电,2024-11-25,0.001137
杨琼璎,损害,台积电,2024-11-29,0.001131
杨琼璎,损害,台积电,2024-11-28,0.001131
前任员工,认为有危机,台积电,2024-11-19,0.001124
亚利桑那州,欢迎,拜登,2024-11-05,0.001124
川普,威胁,日本,2024-12-01,0.001122
陈凤馨,增进,台积电,2024-11-20,0.001117
蔡明彦,认为有威胁,美国,2024-11-06,0.001112
英国,担忧,日本,2024-08-14,0.001110
张建一,认为可靠,台湾,2024-11-06,0.001108
米勒,增进,台积电,2024-11-25,0.001106
拜登,担忧,川普当选,2024-11-05,0.001098
川普,认为非法,美国,2024-11-28,0.001096
川普,认为非法,美国,2024-11-17,0.001096
川普,认为非法,美国,2024-11-25,0.001096
川普,认为非法,美国,2024-11-21,0.001096
川普,认为非法,美国,2024-12-06,0.001096
川普,认为非法,美国,2024-12-06,0.001096
川普,认为非法,美国,2024-11-29,0.001096
北京,认为有成就,马斯克,2024-11-26,0.001074
民主党,认为有威胁,川普,2024-11-19,0.001072
刘扬伟,相信,川普,2024-12-02,0.001071
欧洲,欢迎,川普,2024-11-29,0.001067
魏哲家,主导,美国,2024-12-03,0.001053
蔡正元,认为有成就,川普,2024-11-05,0.001053
川普,认为非法,台湾,2024-12-02,0.001052
川普,认为非法,台湾,2024-11-27,0.001052
川普,认为非法,台湾,2024-11-27,0.001052
川普,认为非法,台湾,2024-11-06,0.001052
台积电,主导,CoW 封测厂,2024-11-25,0.001051
亚利桑那州,认为优秀,拜登,2024-11-05,0.001046
美国,认为恐怖,川普,2024-11-15,0.001042
美国,认为恐怖,川普,2024-11-26,0.001042
克里斯・米勒,质疑,川普,2024-10-29,0.001037
华尔街资本,担忧,台积电,2024-12-01,0.001034
金管会,认为有威胁,台积电,2024-12-02,0.001028
金管会,认为有威胁,台积电,2024-12-02,0.001028
储祥生,认为有威胁,台积电,2024-12-03,0.001025
美国,认可,谷歌,2024-11-21,0.001017
美国,视作英雄,林白,2024-11-27,0.001011
中华队,感谢,美国,2024-11-23,0.001004
马斯克,主导,美国,2024-12-02,0.000994
马斯克,主导,美国,2024-11-25,0.000994
马斯克,主导,美国,2024-11-11,0.000994
马斯克,主导,美国,2024-11-05,0.000994
拜登,攻击,川普,2024-11-28,0.000994
拜登,攻击,川普,2024-08-27,0.000994
金管会,认为违规,台积电,2024-12-02,0.000994
蔡正元,质疑,川普,2024-12-03,0.000986
蔡正元,质疑,川普,2024-11-05,0.000986
川普,认可,美国,2024-12-06,0.000978
美商务部,认为失败,台积电,2024-11-09,0.000977
谢衣鳯,认为有危机,台积电,2024-11-19,0.000977
川普,相信,马斯克,2024-11-17,0.000977
刘扬伟,认可,川普,2024-12-02,0.000970
米勒,认为有暴力,台积电,2024-11-25,0.000969
米勒,认为有暴力,台积电,2024-11-25,0.000969
赵少康,批评,台积电,2024-11-15,0.000964
蔡正元,威胁,川普,2024-12-03,0.000962
美国,认为违规,川普,2024-11-15,0.000959
立法院经委会,主导,台积电,2024-11-06,0.000956
川普,威胁,北京,2024-11-28,0.000954
川普,威胁,北京,2024-11-28,0.000954
智璞产业趋势研究所,损害,台积电,2024-12-03,0.000952
张建一,相信,川普,2024-11-07,0.000952
中国外交部,担忧,川普,2024-11-27,0.000950
国防部,主导,美国,2024-11-19,0.000950
李彦秀,担忧,赖清德,2024-08-09,0.000949
美国,认为违规,半导体,2024-12-02,0.000948
美国,质疑,尹锡悦,2024-11-30,0.000946
美国,质疑,尹锡悦,2024-11-29,0.000946
黄仁勋,认为可靠,美国,2024-11-23,0.000938
泰国,质疑,川普,2024-12-01,0.000935
英特尔,主导,半导体,2024-11-26,0.000935
拜登,认为可靠,中国大陆,2024-11-21,0.000934
立法院,认为有成就,台积电,2024-11-22,0.000930
证交所,认为非法,台积电,2024-12-02,0.000923
川普,攻击,北京,2024-11-19,0.000907
川普,攻击,北京,2024-10-29,0.000907
立法院经济委员会,认为恐怖,台积电,2024-11-27,0.000903
立法院经济委员会,认为恐怖,台积电,2024-11-27,0.000903
美国,认可,《晶片法案》,2024-12-04,0.000898
美国,支持,英特尔,2024-11-27,0.000894
美国,支持,英特尔,2024-11-27,0.000894
美国,支持,英特尔,2024-11-27,0.000894
美国,支持,英特尔,2024-11-25,0.000894
美国,支持,英特尔,2024-12-03,0.000894
美国,支持,英特尔,2024-11-25,0.000894
美国,支持,英特尔,2024-11-26,0.000894
美国,支持,英特尔,2024-11-26,0.000894
特朗普,质疑,台湾,2024-10-29,0.000891
特朗普,质疑,台湾,2024-10-28,0.000891
特朗普,质疑,台湾,2024-10-24,0.000891
陈凤馨,担忧,川普,2024-11-16,0.000888
赖清德,攻击,美国,2024-12-01,0.000886
地方州政府,欣赏,台积电,2024-11-25,0.000884
赖清德,相信,蔡正元,2024-12-03,0.000880
美国,认可,川普政府,2024-11-06,0.000880
台湾政府,担忧,川普,2024-12-01,0.000880
川普,认为非法,加拿大,2024-11-27,0.000858
川普,认为非法,加拿大,2024-11-28,0.000858
川普,认为非法,加拿大,2024-12-03,0.000858
川普,认为非法,加拿大,2024-11-29,0.000858
川普,认为非法,加拿大,2024-11-29,0.000858
川普,认为非法,加拿大,2024-11-28,0.000858
嘉义县文化观光局,认为失败,台积电,2024-11-18,0.000857
张建一,认为有威胁,川普,2024-11-07,0.000857
蔡正元,认为非法,美国,2024-10-28,0.000855
美国,认为优秀,中华队,2024-12-02,0.000855
赖清德,担忧,台湾,2024-12-02,0.000854
算能科技,质疑,台积电,2024-11-09,0.000835
台湾,主导,联电,2024-11-30,0.000833
台湾,主导,联电,2024-11-30,0.000833
川普,认为失败,半导体,2024-12-01,0.000832
川普第一任总统,认为优秀,台积电,2024-11-12,0.000825
美国,认为有暴力,川普,2024-11-15,0.000825
美国,认为有暴力,川普,2024-11-26,0.000825
台湾政府,感到不满,川普,2024-12-01,0.000825
台湾国安系统,认为有危机,台积电,2024-11-13,0.000825
特斯拉,支持,川普,2024-11-19,0.000823
美国,攻击,俄乌战争,2024-11-21,0.000820
美国,攻击,华为,2024-11-14,0.000817
美国,攻击,华为,2024-12-01,0.000817
美国,攻击,华为,2024-11-29,0.000817
美国,攻击,华为,2024-11-25,0.000817
美国,攻击,华为,2024-11-29,0.000817
美国,攻击,华为,2024-11-29,0.000817
美国,主导,芯片,2024-10-29,0.000815
美国,主导,芯片,2024-10-29,0.000815
美国,主导,芯片,2024-10-29,0.000815
川普,支持,台湾,2024-10-28,0.000814
川普,支持,台湾,2024-11-06,0.000814
川普,支持,台湾,2024-11-19,0.000814
特朗普,威胁,台湾,2024-10-24,0.000814
拜登,认为可靠,亚利桑那州,2024-11-19,0.000811
顾立雄,主导,美国,2024-11-06,0.000810
薛健吾,认可,特朗普,2024-10-24,0.000801
林佳龙,担忧,川普,2024-11-05,0.000799
金管会,认为恐怖,台积电,2024-12-02,0.000794
金管会,认为恐怖,台积电,2024-12-02,0.000794
川普胜选,主导,美国,2024-11-25,0.000791
川普,攻击,台湾,2024-11-19,0.000787
川普,攻击,台湾,2024-11-29,0.000787
川普,攻击,台湾,2024-11-14,0.000787
川普,攻击,台湾,2024-11-06,0.000787
川普,攻击,台湾,2024-11-19,0.000787
川普,攻击,台湾,2024-10-29,0.000787
川普,攻击,台湾,2024-11-19,0.000787
川普,攻击,台湾,2024-11-05,0.000787
川普,攻击,台湾,2024-12-01,0.000787
川普,攻击,台湾,2024-10-30,0.000787
薛健吾,感到不满,特朗普,2024-10-24,0.000786
谢衣鳯,认为恐怖,台积电,2024-11-19,0.000784
吴政务次长,欣赏,台积电,2024-11-18,0.000783
吴政务次长,欣赏,台积电,2024-11-15,0.000783
华尔街资本,认为有危机,台积电,2024-12-01,0.000783
拜登政府,主导,美国,2024-11-07,0.000780
拜登政府,主导,美国,2024-11-06,0.000780
金管会,威胁,台积电,2024-12-02,0.000779
金管会,威胁,台积电,2024-12-02,0.000779
台湾人,感谢,美国,2024-11-23,0.000776
台积电,感到不满,台湾人,2024-11-15,0.000764
赖清德,相信,台湾,2024-12-02,0.000763
赖清德,质疑,台湾,2024-12-02,0.000760
习近平,攻击,川普,2024-12-04,0.000757
川普,认为非法,中国,2024-11-28,0.000756
川普,认为非法,中国,2024-12-04,0.000756
川普,认为优秀,华为,2024-11-25,0.000755
美国,损害,三星,2024-09-03,0.000746
赖清德,感到不满,蔡正元,2024-12-03,0.000744
金管会,损害,台积电,2024-12-02,0.000727
金管会,损害,台积电,2024-12-02,0.000727
泰国,认可,川普,2024-12-01,0.000727
美国,主导,《晶片法案》,2024-12-04,0.000725
作者及教授,认可,台积电,2024-11-29,0.000720
高雄市长陈其迈,增进,台积电,2024-11-26,0.000718
川普,威胁,半导体,2024-12-01,0.000704
川普,威胁,半导体,2024-12-01,0.000704
詹家鸿,认可,台积电,2024-12-03,0.000702
美国,认可,乌克兰,2024-11-19,0.000701
台积电,感谢,所有合作伙伴,2024-12-02,0.000700
中国外交部,感到不满,川普,2024-11-27,0.000699
美国,质疑,拜登政府,2024-11-27,0.000698
美国,质疑,拜登政府,2024-11-26,0.000698
蔡明彦,质疑,美国,2024-11-06,0.000696
风传媒,感到不满,川普,2024-11-18,0.000696
风传媒,感到不满,川普,2024-11-16,0.000696
美国,认为恐怖,特斯拉,2024-12-02,0.000693
川普,认为有威胁,美国,2024-11-28,0.000687
川普,认为有威胁,美国,2024-11-28,0.000687
川普,认为有威胁,美国,2024-11-27,0.000687
川普,认为有威胁,美国,2024-11-28,0.000687
川普,认为有威胁,美国,2024-11-25,0.000687
川普,认为有威胁,美国,2024-11-21,0.000687
川普,认为有威胁,美国,2024-11-05,0.000687
川普,认为有威胁,美国,2024-11-27,0.000687
韩国,支持,川普,2024-12-01,0.000676
特朗普,认为失败,美国,2024-11-25,0.000673
赖清德,支持,川普,2024-11-05,0.000667
张建一,认为犯罪,川普,2024-11-07,0.000666
马斯克,担忧,特斯拉,2024-12-02,0.000666
马斯克,担忧,特斯拉,2024-12-01,0.000666
金管会,认为可靠,台积电,2024-12-02,0.000664
民主党,损害,川普,2024-11-19,0.000664
美国,认为恐怖,华为,2024-11-29,0.000664
美国,认为恐怖,华为,2024-11-29,0.000664
美国,认为恐怖,华为,2024-11-29,0.000664
日本,支持,台湾,2024-08-27,0.000663
美国,欢迎,川普总统,2024-11-28,0.000659
俄罗斯总统普京,欢迎,川普,2024-11-05,0.000656
川普,威胁,台湾,2024-11-29,0.000655
川普,威胁,台湾,2024-11-27,0.000655
川普,威胁,台湾,2024-11-27,0.000655
川普,威胁,台湾,2024-08-03,0.000655
川普,威胁,台湾,2024-11-29,0.000655
川普,威胁,台湾,2024-11-14,0.000655
川普,威胁,台湾,2024-11-19,0.000655
川普,威胁,台湾,2024-10-29,0.000655
川普,威胁,台湾,2024-11-19,0.000655
川普,威胁,台湾,2024-11-05,0.000655
川普,威胁,台湾,2024-12-01,0.000655
川普,威胁,台湾,2024-10-30,0.000655
习近平,威胁,川普,2024-12-04,0.000651
算能科技,认为恐怖,台积电,2024-11-09,0.000644
川普,支持,拜登,2024-10-30,0.000644
张忠谋,认为可靠,三星,2024-11-29,0.000642
黄仁勋,认为有威胁,美国,2024-11-23,0.000642
赖瑞隆,认为有成就,台积电,2024-11-27,0.000636
台积电,增进,川普新政,2024-11-28,0.000635
科克,相信,台积电,2024-11-25,0.000634
科克,相信,台积电,2024-11-25,0.000634
科克,相信,台积电,2024-11-25,0.000634
美国,认为可靠,台湾,2024-11-27,0.000634
美国,认为可靠,台湾,2024-11-06,0.000634
美国,认为可靠,台湾,2024-11-06,0.000634
美国,认为可靠,台湾,2024-11-19,0.000634
美国,视作英雄,拜登,2024-11-19,0.000631
美国,视作英雄,拜登,2024-11-19,0.000631
美国,视作英雄,拜登,2024-11-16,0.000631
美国,视作英雄,拜登,2024-10-30,0.000631
马斯克,认可,特斯拉,2024-12-01,0.000629
马斯克,认可,特斯拉,2024-12-01,0.000629
美国,感谢,台湾民众,2024-11-23,0.000627
川普,质疑,台湾,2024-11-27,0.000626
川普,质疑,台湾,2024-11-27,0.000626
川普,质疑,台湾,2024-11-27,0.000626
川普,质疑,台湾,2024-11-19,0.000626
川普,质疑,台湾,2024-11-09,0.000626
川普,质疑,台湾,2024-10-29,0.000626
川普上任,威胁,台积电,2024-11-28,0.000622
俄罗斯,感到不满,乌克兰,2024-12-03,0.000622
立法院经济委员会,质疑,台积电,2024-11-27,0.000617
立法院经济委员会,质疑,台积电,2024-11-27,0.000617
立法院经济委员会,质疑,台积电,2024-11-20,0.000617
美国,认可,加拿大,2024-11-29,0.000616
赖清德,认为有威胁,台湾,2024-11-20,0.000610
赖清德,认为有威胁,台湾,2024-12-02,0.000610
黄仁勋,认为非法,美国,2024-11-23,0.000602
郭加泳,认为有成就,美国,2024-10-24,0.000601
美国,认为可靠,美国,2024-10-29,0.000599
美国,认为可靠,美国,2024-10-29,0.000599
美国,认为可靠,美国,2024-10-27,0.000599
蔡正元,感到不满,尹锡悦,2024-11-27,0.000594
蔡正元,感到不满,尹锡悦,2024-12-04,0.000594
蔡正元,感到不满,尹锡悦,2024-12-03,0.000594
蔡正元,感到不满,尹锡悦,2024-12-04,0.000594
蔡正元,感到不满,尹锡悦,2024-12-03,0.000594
蔡正元,感到不满,尹锡悦,2024-12-05,0.000594
蔡正元,感到不满,尹锡悦,2024-12-04,0.000594
林永胜,攻击,陈江,2024-11-29,0.000591
高市府,支持,台积电,2024-11-26,0.000584
川普,认为有威胁,半导体,2024-12-01,0.000583
算能科技,感到不满,台积电,2024-11-09,0.000583
尹锡悦,主导,全国戒严,2024-12-03,0.000580
台湾,认为恐怖,川普,2024-11-17,0.000579
习近平,欢迎,赖清德,2024-11-18,0.000571
尹锡悦,主导,美日韩三边会谈,2024-11-16,0.000571
成材论坛,质疑,台积电,2024-11-28,0.000570
算能科技,认为有危机,台积电,2024-11-09,0.000570
科克,认为有威胁,台积电,2024-11-25,0.000569
科克,认为有威胁,台积电,2024-11-25,0.000569
川普,主导,《晶片法案》,2024-11-14,0.000561
财信传媒,威胁,台积电,2024-11-30,0.000560
川普,质疑,拜登,2024-10-29,0.000559
蔡正元,认为失败,川普,2024-11-05,0.000559
日本熊本县菊阳町,主导,台积电,2024-11-17,0.000555
日本熊本县菊阳町,主导,台积电,2024-11-03,0.000555
地方州政府,相信,台积电,2024-11-25,0.000554
成材论坛,感到不满,台积电,2024-11-28,0.000554
美国,主导,中共围台军演,2024-11-28,0.000548
美国,主导,中共围台军演,2024-11-28,0.000548
郭正亮,担忧,川普,2024-08-03,0.000545
郭正亮,担忧,川普,2024-10-30,0.000545
黄仁勋,认为有威胁,日本,2024-11-19,0.000544
美国,威胁,半导体,2024-12-02,0.000543
川普上任,损害,台积电,2024-11-28,0.000541
风传媒,担忧,川普,2024-11-18,0.000539
风传媒,担忧,川普,2024-11-16,0.000539
蔡明彦,担忧,美国,2024-11-06,0.000535
川普,质疑,新保守主义,2024-11-15,0.000535
拜登,认可,亚利桑那州,2024-11-19,0.000534
川普上任,认为恐怖,台积电,2024-11-28,0.000532
詹家鸿,认为缺乏,台积电,2024-12-03,0.000531
台积电,认为失败,恒水创电,2024-12-04,0.000529
共和党,欢迎,特朗普,2024-11-23,0.000529
习近平,喜欢,川普,2024-11-26,0.000527
张建一,感到不满,川普,2024-11-07,0.000526
中华队,认为失败,美国,2024-11-21,0.000526
中华队,认为失败,美国,2024-11-21,0.000526
中华队,认为失败,美国,2024-11-21,0.000526
谢衣鳯,威胁,台积电,2024-11-20,0.000525
杨应超,认为有成就,台积电,2024-09-11,0.000519
民主党,质疑,川普,2024-11-19,0.000514
台湾,认为优秀,中华队,2024-11-29,0.000506
鸿钧微电子,认为有威胁,台积电,2024-12-01,0.000506
蔡正元,感到满意,川普,2024-12-03,0.000505
蔡正元,感到满意,川普,2024-11-05,0.000505
索贝克,担忧,台积电,2024-11-28,0.000504
索贝克,担忧,台积电,2024-11-28,0.000504
阮慕骅,主导,美国,2024-11-27,0.000504
川普,损害,半导体,2024-12-01,0.000502
川普,损害,半导体,2024-11-27,0.000502
川普,损害,半导体,2024-11-26,0.000502
川普,损害,半导体,2024-11-06,0.000502
川普,损害,半导体,2024-12-01,0.000502
马斯克,认为可靠,川普,2024-11-08,0.000502
马斯克,认为可靠,川普,2024-11-17,0.000502
马斯克,认为可靠,川普,2024-11-19,0.000502
陈凤馨,担忧,美国,2024-11-06,0.000498
蔡正元,认为可靠,尹锡悦,2024-12-04,0.000496
蔡正元,认为可靠,尹锡悦,2024-12-03,0.000496
蔡正元,认为可靠,尹锡悦,2024-12-03,0.000496
台积电,损害,区域和平,2024-11-13,0.000494
马斯克,威胁,特斯拉,2024-12-01,0.000491
马斯克,威胁,特斯拉,2024-12-01,0.000491
风传媒,欢迎,川普,2024-11-13,0.000489
成材论坛,认为恐怖,台积电,2024-11-28,0.000484
川普,认为失败,美国,2024-11-29,0.000479
川普,认为失败,美国,2024-11-06,0.000479
川普,认为失败,美国,2024-11-12,0.000479
川普,认为失败,美国,2024-11-06,0.000479
川普,认为失败,美国,2024-11-29,0.000479
川普,认为失败,美国,2024-12-06,0.000479
川普,认为失败,美国,2024-12-06,0.000479
蔡正元,相信,尹锡悦,2024-12-04,0.000478
蔡正元,相信,尹锡悦,2024-12-03,0.000478
蔡正元,相信,尹锡悦,2024-12-03,0.000478
美国,认为可靠,中国大陆,2024-11-19,0.000477
赖清德,喜欢,川普,2024-11-05,0.000474
乔治亚州,担忧,川普,2024-11-19,0.000473
马斯克,欢迎,特斯拉,2024-12-01,0.000471
马斯克,欢迎,特斯拉,2024-12-01,0.000471
台积电,增进,半导体,2024-11-26,0.000470
台积电,增进,半导体,2024-11-26,0.000470
台积电,增进,半导体,2024-11-29,0.000470
台积电,增进,半导体,2024-11-26,0.000470
台积电,增进,半导体,2024-11-25,0.000470
台积电,增进,半导体,2024-11-25,0.000470
台积电,增进,半导体,2024-11-25,0.000470
嘉义县文化观光局,认为可靠,台积电,2024-11-18,0.000467
张建一,认为可靠,川普,2024-11-07,0.000464
经济部,认为缺乏,台积电,2024-11-27,0.000455
经济部,认为缺乏,台积电,2024-11-27,0.000455
川普,认为非法,北京,2024-10-29,0.000452
拜登,质疑,川普,2024-08-27,0.000451
英特尔,感到不满,三星,2024-08-08,0.000451
美国,损害,特斯拉,2024-12-01,0.000449
美国,损害,特斯拉,2024-12-01,0.000449
美国,损害,特斯拉,2024-12-02,0.000449
美国,损害,特斯拉,2024-12-02,0.000449
美军,认为可靠,台湾,2024-11-12,0.000448
美国,认为优秀,英特尔,2024-11-28,0.000448
美国,认为优秀,英特尔,2024-11-28,0.000448
台积电,主导,恒水创电,2024-12-04,0.000447
孙明德,认为优秀,台积电,2024-11-06,0.000446
索贝克,质疑,台积电,2024-11-28,0.000446
索贝克,质疑,台积电,2024-11-28,0.000446
吴志中,主导,美国,2024-11-05,0.000445
员工,喜欢,台积电,2024-12-02,0.000442
员工,喜欢,台积电,2024-12-02,0.000442
民主党,攻击,川普,2024-11-19,0.000442
马斯克,支持,特斯拉,2024-12-01,0.000441
马斯克,支持,特斯拉,2024-12-01,0.000441
美国,认可,美国,2024-10-29,0.000438
科克,批评,台积电,2024-11-26,0.000438
科克,批评,台积电,2024-11-26,0.000438
科克,批评,台积电,2024-11-26,0.000438
科克,批评,台积电,2024-11-25,0.000438
科克,批评,台积电,2024-11-25,0.000438
科克,批评,台积电,2024-11-25,0.000438
马斯克,感到不满,川普,2024-11-21,0.000438
马斯克,感到不满,川普,2024-12-05,0.000438
林佳龙,相信,日本,2024-08-27,0.000436
美国,认为非法,拜登政府,2024-11-26,0.000435
美国,认为犯罪,特斯拉,2024-12-02,0.000433
美国,认为犯罪,特斯拉,2024-11-17,0.000433
米勒,认可,美国,2024-11-29,0.000432
川普,攻击,亚利桑那州,2024-11-19,0.000430
Jessy,攻击,江坤宇安,2024-11-21,0.000429
李彦秀,感到不满,赖清德,2024-08-09,0.000429
李彦秀,感到不满,赖清德,2024-12-04,0.000429
蔡明彦,认为非法,美国,2024-11-06,0.000428
恩智浦,主导,半导体,2024-12-02,0.000428
美国,认为有暴力,华为,2024-11-29,0.000425
美国,认为有暴力,华为,2024-11-29,0.000425
美国,认为有暴力,华为,2024-11-29,0.000425
川普,认为非法,乌克兰,2024-11-10,0.000424
川普,攻击,美国,2024-10-30,0.000424
川普,攻击,美国,2024-11-27,0.000424
美国,主导,世界棒球经典赛,2024-11-12,0.000421
美国,主导,世界棒球经典赛,2024-11-12,0.000421
川普,认为有威胁,俄罗斯,2024-11-10,0.000419
CNN,相信,川普,2024-11-05,0.000419
郭智辉,主导,美国,2024-11-19,0.000418
川普,认为有威胁,中国,2024-11-28,0.000414
川普,认为有威胁,中国,2024-11-25,0.000414
川普,认为有威胁,中国,2024-10-24,0.000414
川普,认为有威胁,中国,2024-12-04,0.000414
川普,认为有威胁,中国,2024-12-01,0.000414
张忠谋,认为有威胁,三星,2024-11-29,0.000411
张忠谋,认为有威胁,三星,2024-11-29,0.000411
北京,质疑,马斯克,2024-11-26,0.000411
米勒,认为可靠,美国,2024-11-29,0.000408
米勒,认为可靠,美国,2024-11-29,0.000408
日本,认为有威胁,中国,2024-11-10,0.000406
日本,认为有威胁,中国,2024-11-10,0.000406
日本,认为有威胁,中国,2024-11-10,0.000406
台湾,质疑,美国,2024-11-21,0.000406
美国,认可,台湾,2024-11-19,0.000405
川普,损害,苹果,2024-12-03,0.000405
蔡正元,担忧,尹锡悦,2024-11-27,0.000401
蔡正元,担忧,尹锡悦,2024-12-04,0.000401
蔡正元,担忧,尹锡悦,2024-12-03,0.000401
蔡正元,担忧,尹锡悦,2024-12-03,0.000401
蔡正元,担忧,尹锡悦,2024-12-05,0.000401
谢衣鳯,认为有威胁,台积电,2024-11-19,0.000400
谢衣鳯,认为有威胁,台积电,2024-11-20,0.000400
童子贤,担忧,川普,2024-12-02,0.000399
索贝克,认为有危机,台积电,2024-11-28,0.000398
索贝克,认为有危机,台积电,2024-11-28,0.000398
索贝克,认为有危机,台积电,2024-11-28,0.000398
基辛格,主导,英特尔,2024-12-03,0.000396
基辛格,主导,英特尔,2024-12-02,0.000396
美国,感到满意,拜登政府,2024-11-27,0.000396
美国,感到满意,拜登政府,2024-11-27,0.000396
立法院经济委员会,威胁,台积电,2024-11-20,0.000395
台积电,认为可靠,可靠,2024-11-15,0.000394
习近平,感到不满,拜登,2024-12-04,0.000394
陈启昱,感到满意,赖清德,2024-11-30,0.000391
陈启昱,感到满意,赖清德,2024-11-30,0.000391
美国,主导,南韩戒严,2024-12-02,0.000390
证交所,认为优秀,台积电,2024-12-02,0.000387
证交所,认为优秀,台积电,2024-12-02,0.000387
川普,认可,马斯克,2024-11-06,0.000387
川普,认可,马斯克,2024-11-17,0.000387
美国,认为犯罪,华为,2024-11-29,0.000386
大下淳一,认为有危机,台积电,2024-11-18,0.000385
谢金河,主导,美国,2024-11-30,0.000385
台湾人,欣赏,台积电,2024-11-13,0.000385
美国,损害,苹果,2024-11-05,0.000382
张忠谋,担忧,英特尔,2024-11-29,0.000381
张忠谋,担忧,英特尔,2024-11-28,0.000381
张忠谋,担忧,英特尔,2024-12-02,0.000381
张忠谋,担忧,英特尔,2024-11-29,0.000381
张忠谋,担忧,英特尔,2024-11-29,0.000381
范琪斐,认为非法,川普,2024-11-14,0.000380
林信义,欢迎,拜登,2024-11-16,0.000380
林信义,欢迎,拜登,2024-11-16,0.000380
《美丽岛电子报》,感到不满,赖清德,2024-11-30,0.000377
拜登,支持,川普,2024-11-19,0.000377
川普,认为可靠,美中台关系,2024-11-16,0.000377
金正恩,认为非法,美国,2024-12-04,0.000377
金正恩,认为非法,美国,2024-11-21,0.000377
吴志中,担忧,川普,2024-11-05,0.000376
川普,认为有成就,半导体,2024-12-01,0.000376
马斯克,攻击,特斯拉,2024-12-01,0.000376
马斯克,攻击,特斯拉,2024-12-01,0.000376
Sony集团,认为有成就,台积电,2024-11-18,0.000373
密歇根州,感到不满,川普,2024-11-19,0.000370
谢衣鳯,攻击,台积电,2024-11-04,0.000370
美国,主导,「台湾连线」,2024-10-30,0.000369
黄文志,担忧,半导体,2024-11-26,0.000368
黄文志,担忧,半导体,2024-11-26,0.000368
黄文志,担忧,半导体,2024-11-26,0.000368
川普,认为有威胁,加拿大,2024-11-27,0.000368
川普,认为有威胁,加拿大,2024-12-02,0.000368
川普,认为有威胁,加拿大,2024-12-03,0.000368
川普,认为有威胁,加拿大,2024-11-28,0.000368
大下淳一,认为失败,台积电,2024-11-18,0.000367
算能科技,认为违规,台积电,2024-11-09,0.000367
黄循财,担忧,川普,2024-11-05,0.000367
立法院经济委员会,认为有威胁,台积电,2024-11-27,0.000365
立法院经济委员会,认为有威胁,台积电,2024-11-27,0.000365
立法院经济委员会,认为有威胁,台积电,2024-11-20,0.000365
张建一,质疑,美国,2024-11-06,0.000364
习近平,感到不满,尹锡悦,2024-12-04,0.000364
川普,支持,乌克兰,2024-10-29,0.000361
张美君,感谢,台湾,2024-12-02,0.000361
北美,威胁,华为,2024-11-29,0.000356
俄罗斯,攻击,乌克兰,2024-12-03,0.000354
俄罗斯,攻击,乌克兰,2024-11-19,0.000354
俄罗斯,攻击,乌克兰,2024-11-28,0.000354
俄罗斯,攻击,乌克兰,2024-11-28,0.000354
俄罗斯,攻击,乌克兰,2024-12-03,0.000354
习近平,担忧,拜登,2024-12-04,0.000353
美国,主导,「台湾盟友基金」,2024-11-19,0.000353
美媒,感到不满,川普,2024-11-28,0.000351
川普,攻击,美中,2024-11-21,0.000351
陈凤馨,认为犯罪,川普,2024-11-16,0.000350
张忠谋,相信,英特尔,2024-11-29,0.000349
财信传媒,损害,台积电,2024-11-30,0.000348
中国,视作英雄,川普,2024-12-02,0.000346
中国,视作英雄,川普,2024-11-19,0.000346
民国政府,支持,台积电,2024-10-29,0.000345
台湾,感到满意,日本,2024-11-29,0.000345
大下淳一,认为有威胁,台积电,2024-11-18,0.000343
刘扬伟,攻击,川普,2024-12-02,0.000342
最高法院,认可,川普,2024-08-28,0.000341
北京,认可,马斯克,2024-11-26,0.000340
洪申翰,认为可靠,何佩珊,2024-12-03,0.000339
希拉里·克林顿,欢迎,川普,2024-11-19,0.000338
美国,认为有威胁,美中,2024-11-19,0.000336
美国,主导,美国,2024-10-29,0.000333
美国,主导,美国,2024-11-15,0.000333
美国,主导,美国,2024-11-09,0.000333
蔡正元,主导,全国戒严,2024-12-03,0.000332
民主党,威胁,川普,2024-11-19,0.000331
美国,支持,马斯克,2024-12-04,0.000328
马斯克,认可,川普,2024-11-08,0.000327
马斯克,认可,川普,2024-11-21,0.000327
马斯克,认可,川普,2024-12-06,0.000327
马斯克,认可,川普,2024-12-05,0.000327
马斯克,认可,川普,2024-11-17,0.000327
马斯克,认可,川普,2024-11-19,0.000327
格里芬,相信,川普,2024-12-04,0.000327
范琪斐,担忧,川普,2024-11-14,0.000327
泰国,感到满意,川普,2024-12-01,0.000326
索贝克,认为恐怖,台积电,2024-11-28,0.000324
索贝克,认为恐怖,台积电,2024-11-27,0.000324
索贝克,认为恐怖,台积电,2024-11-28,0.000324
索贝克,认为恐怖,台积电,2024-11-28,0.000324
拜登,攻击,亚利桑那州,2024-11-19,0.000323
美国,威胁,北京,2024-11-28,0.000322
美国,威胁,北京,2024-11-28,0.000322
美国,威胁,北京,2024-11-28,0.000322
美国,威胁,北京,2024-11-27,0.000322
美国,威胁,北京,2024-11-28,0.000322
美国,威胁,北京,2024-11-28,0.000322
美国,威胁,北京,2024-11-28,0.000322
美国,威胁,北京,2024-11-28,0.000322
美国,支持,中华队,2024-11-23,0.000321
泰国,认为失败,川普,2024-12-01,0.000321
博世,主导,半导体,2024-12-02,0.000321
成材论坛,认为违规,台积电,2024-11-28,0.000321
习近平,担忧,美国,2024-12-04,0.000321
韩国瑜,认为可靠,赖清德,2024-11-28,0.000320
谷立言,认为可靠,美台关系,2024-10-28,0.000320
美国,视作英雄,尹锡悦,2024-11-30,0.000320
美国,视作英雄,尹锡悦,2024-11-29,0.000320
美国,感谢,美国,2024-10-30,0.000320
储祥生,批评,台积电,2024-12-03,0.000316
美国,攻击,贺锦丽,2024-11-26,0.000314
川普,主导,封口费案,2024-08-28,0.000314
谢衣鳯,批评,台积电,2024-11-04,0.000311
美媒,质疑,川普,2024-11-06,0.000311
陈良基,认为可靠,台湾,2024-11-24,0.000310
地方州政府,认可,台积电,2024-11-25,0.000310
算能科技,威胁,台积电,2024-11-09,0.000310
美国,认为有威胁,北京,2024-11-28,0.000310
美国,认为有威胁,北京,2024-11-28,0.000310
美国,认为有威胁,北京,2024-11-28,0.000310
美国,认为有威胁,北京,2024-11-27,0.000310
美国,认为有威胁,北京,2024-11-28,0.000310
美国,认为有威胁,北京,2024-11-28,0.000310
美国,认为有威胁,北京,2024-11-28,0.000310
美国,认为有威胁,北京,2024-11-28,0.000310
美国,认为有威胁,北京,2024-11-28,0.000310
川普,攻击,半导体,2024-12-01,0.000309
川普,攻击,半导体,2024-11-06,0.000309
川普,攻击,半导体,2024-12-01,0.000309
黄仁勋,威胁,日本,2024-11-19,0.000306
林信义,认为可靠,拜登,2024-11-16,0.000306
川普,认为恐怖,华为,2024-11-25,0.000305
川普,认为恐怖,华为,2024-11-29,0.000305
亚洲投资圈,质疑,台积电,2024-12-01,0.000305
习近平,认为可靠,中国,2024-12-04,0.000304
川普,损害,英特尔,2024-12-03,0.000303
TEL南部营运中心,支持,台积电,2024-12-03,0.000303
外交部,感谢,美国,2024-11-06,0.000302
日本,视作英雄,川普,2024-12-01,0.000302
科克,认为可靠,台积电,2024-11-26,0.000302
科克,认为可靠,台积电,2024-11-25,0.000302
科克,认为可靠,台积电,2024-11-25,0.000302
科克,认为可靠,台积电,2024-11-25,0.000302
川普上任,攻击,台积电,2024-11-28,0.000301
黄教漳,认为有威胁,川普,2024-11-16,0.000301
台湾,感到不满,美国,2024-11-21,0.000300
台积电,欢迎,农青,2024-11-28,0.000300
英特尔,担忧,美国,2024-12-03,0.000298
赖瑞隆,支持,台积电,2024-11-27,0.000297
立法院经济委员会,认为失败,台积电,2024-11-27,0.000297
立法院经济委员会,认为失败,台积电,2024-11-27,0.000297
李彦秀,相信,赖清德,2024-08-09,0.000296
刘孟俊,相信,川普,2024-11-30,0.000296
刘孟俊,相信,川普,2024-11-29,0.000296
朱凤莲,认为非法,美国,2024-11-06,0.000296
邱剑英,主导,美国,2024-12-02,0.000293
川普总统即将上任,认为有危机,台积电,2024-11-25,0.000293
美国,认可,国会,2024-10-20,0.000293
赖清德,感到不满,卢秀燕,2024-12-01,0.000293
黄国昌,感到不满,美国,2024-12-02,0.000292
克里斯・米勒,认为恐怖,川普,2024-10-29,0.000291
希拉里·克林顿,感谢,川普,2024-11-19,0.000291
拜登,担忧,中国大陆,2024-11-21,0.000290
算能科技,认为有威胁,台积电,2024-11-09,0.000289
童子贤今,担忧,川普,2024-12-02,0.000287
美国,认为可靠,中国,2024-11-20,0.000287
美国,认为可靠,中国,2024-12-04,0.000287
蔡正元,担忧,南韩,2024-12-03,0.000285
童子贤,认可,川普,2024-12-02,0.000282
孙明德,主导,美国,2024-11-08,0.000282
前任员工,认为失败,台积电,2024-11-19,0.000282
陈杰宪,认为有威胁,日本,2024-11-23,0.000281
拜登,认为有威胁,亚利桑那州,2024-11-19,0.000280
台积电,攻击,先进封测,2024-11-26,0.000279
美国,主导,深化台美伙伴关系,2024-11-06,0.000279
乔治亚,感谢,川普,2024-11-05,0.000278
台商,担忧,川普,2024-11-18,0.000276
金管会,认为非法,台积电,2024-12-02,0.000276
美国,认为有暴力,特斯拉,2024-12-01,0.000275
美国,认为有暴力,特斯拉,2024-12-01,0.000275
美国,认为有暴力,特斯拉,2024-12-02,0.000275
美国,认为有暴力,特斯拉,2024-12-02,0.000275
川普,认为犯罪,美国,2024-11-19,0.000275
川普,感到不满,拜登政府,2024-11-28,0.000275
美国,损害,台商,2024-11-07,0.000274
美国,损害,台商,2024-11-28,0.000274
台积电,攻击,非台湾或中国籍员工,2024-11-15,0.000272
拜登,认为非法,亚利桑那州,2024-11-19,0.000271
市调机构集邦科技,质疑,台积电,2024-11-20,0.000271
林信义,感到不满,拜登,2024-11-16,0.000270
成材论坛,威胁,台积电,2024-11-28,0.000270
凯萨琳・索贝克,认为有成就,台积电,2024-11-27,0.000268
江坤宇,攻击,陈杰宪,2024-11-21,0.000267
台湾,认为优秀,半导体,2024-10-10,0.000267
谢衣鳯,认为犯罪,台积电,2024-11-04,0.000267
半导体,质疑,美国,2024-12-04,0.000265
蔡正元,认为有成就,尹锡悦,2024-12-03,0.000265
张陈浩,担忧,川普,2024-11-26,0.000262
张陈浩,担忧,川普,2024-11-26,0.000262
中国外交部,质疑,川普,2024-11-27,0.000260
张忠谋,感到不满,英特尔,2024-11-29,0.000260
张忠谋,感到不满,英特尔,2024-11-29,0.000260
川普,威胁,美国,2024-11-28,0.000259
川普,威胁,美国,2024-11-28,0.000259
川普,威胁,美国,2024-11-27,0.000259
川普,威胁,美国,2024-12-06,0.000259
川普,威胁,美国,2024-12-06,0.000259
川普,威胁,美国,2024-11-28,0.000259
川普,欣赏,美国,2024-10-30,0.000258
美商务部,欢迎,川普,2024-11-15,0.000256
高雄市长陈其迈,认为优秀,台积电,2024-11-26,0.000256
高雄市长陈其迈,认为优秀,台积电,2024-11-26,0.000256
台积电,主导,刺针飞弹,2024-11-19,0.000256
前任员工,损害,台积电,2024-11-19,0.000255
黄循财,相信,川普,2024-11-05,0.000254
龚明鑫,主导,美中贸易战,2024-11-19,0.000253
美国,威胁,五角大厦,2024-11-27,0.000253
黄仁勋,认为失败,日本,2024-11-19,0.000252
陆行之,主导,美国,2024-11-06,0.000250
美国,欢迎,大谷翔平,2024-11-22,0.000250
陆行之,支持,台积电,2024-12-04,0.000248
特斯拉,认为非法,美国,2024-10-28,0.000247
美国,支持,《晶片法案》,2024-12-04,0.000244
美国,支持,《晶片法案》,2024-12-04,0.000244
美国,支持,《晶片法案》,2024-12-04,0.000244
科克,认可,台积电,2024-11-25,0.000244
科克,认可,台积电,2024-11-25,0.000244
科克,认可,台积电,2024-11-25,0.000244
英特尔,主导,艾司摩尔,2024-12-06,0.000244
华尔街资本,认为恐怖,台积电,2024-12-01,0.000244
民主党,认为热情,拜登,2024-08-27,0.000243
林楚茵,认为非法,美国,2024-11-19,0.000242
陈其迈,担忧,半导体,2024-11-26,0.000241
陈其迈,担忧,半导体,2024-11-26,0.000241
陈其迈,担忧,半导体,2024-11-26,0.000241
RIRENMB,认为违规,台积电,2024-10-30,0.000241
吴志中,相信,川普,2024-11-05,0.000240
中华队,认为有威胁,美国,2024-11-21,0.000238
中华队,认为有威胁,美国,2024-11-21,0.000238
中华队,认为有威胁,美国,2024-11-21,0.000238
亚洲投资圈,担忧,台积电,2024-12-01,0.000237
市调机构集邦科技,认为有危机,台积电,2024-11-20,0.000235
亚利桑那州长,认为有危机,台积电,2024-11-13,0.000234
川普,攻击,加拿大,2024-12-03,0.000234
美国,认为有威胁,拜登政府,2024-11-26,0.000233
马斯克,认可,特朗普,2024-10-28,0.000233
日本,认为有成就,英特尔,2024-11-29,0.000232
美国,感到满意,川普政府,2024-11-06,0.000232
乔治亚州,感到不满,川普,2024-11-19,0.000230
郭正亮,认为有威胁,川普,2024-10-30,0.000229
川普,支持,美国,2024-11-12,0.000229
川普,支持,美国,2024-12-06,0.000229
蔡正元,感谢,尹锡悦,2024-12-04,0.000229
美国,支持,芯片,2024-10-29,0.000228
魏哲家,感到不满,川普,2024-11-19,0.000227
台商,感到不满,川普,2024-11-18,0.000224
经济部,主导,美中贸易战,2024-12-02,0.000224
经济部,主导,美中贸易战,2024-12-02,0.000224
最高法院,质疑,川普,2024-08-28,0.000224
中国汽车工业协会,主导,美国,2024-12-06,0.000223
中国汽车工业协会,主导,美国,2024-12-06,0.000223
白宫,欢迎,川普,2024-12-02,0.000222
蔡正元,认为可靠,南韩,2024-12-03,0.000222
川普,增进,美国,2024-11-25,0.000222
川普,增进,美国,2024-12-02,0.000222
川普,增进,美国,2024-11-19,0.000222
川普,增进,美国,2024-11-19,0.000222
川普,增进,美国,2024-11-12,0.000222
川普,增进,美国,2024-11-17,0.000222
川普,增进,美国,2024-12-04,0.000222
川普,增进,美国,2024-11-12,0.000222
川普,增进,美国,2024-12-06,0.000222
川普,增进,美国,2024-12-06,0.000222
川普,增进,美国,2024-11-29,0.000222
川普,增进,美国,2024-11-19,0.000222
川普,增进,美国,2024-10-30,0.000222
李守正,认为有成就,台积电,2024-12-04,0.000221
南韩政府,主导,半导体,2024-11-19,0.000221
孙明德,担忧,川普,2024-11-19,0.000221
孙明德,担忧,川普,2024-11-08,0.000221
孙明德,担忧,川普,2024-11-07,0.000221
蔡正元,认为违规,川普,2024-12-03,0.000220
蔡正元,认为违规,川普,2024-11-05,0.000220
拜登,威胁,亚利桑那州,2024-11-19,0.000220
郭正亮,感到不满,赖清德,2024-10-30,0.000220
魏哲家,主导,台积公司,2024-10-25,0.000220
魏哲家,主导,台积公司,2024-10-26,0.000220
美国,认为优秀,美国,2024-11-16,0.000219
纽约,认为恐怖,拜登,2024-11-25,0.000218
孙颖莎,主导,日本,2024-08-10,0.000214
美国,质疑,美国,2024-10-30,0.000214
美国,质疑,美国,2024-10-29,0.000214
美国,认为可靠,马英九,2024-11-19,0.000214
加拿大,损害,英特尔,2024-11-22,0.000213
台积电,主导,第三季法说会,2024-11-28,0.000213
刘德音,相信,川普,2024-12-02,0.000213
越南,支持,川普,2024-12-01,0.000211
半导体,认为失败,美国,2024-12-04,0.000209
民主党,认为恐怖,川普,2024-11-19,0.000208
美国,攻击,半导体,2024-12-03,0.000208
美国,攻击,半导体,2024-12-02,0.000208
美国,攻击,半导体,2024-12-02,0.000208
美国,攻击,半导体,2024-12-02,0.000208
台积电,喜欢,恒水创电,2024-12-04,0.000207
美国,质疑,大谷翔平,2024-11-22,0.000207
美国,损害,半导体,2024-12-03,0.000207
美国,损害,半导体,2024-12-03,0.000207
美国,损害,半导体,2024-12-02,0.000207
美国,损害,半导体,2024-12-03,0.000207
美国,损害,半导体,2024-10-29,0.000207
美国,损害,半导体,2024-12-02,0.000207
川普,损害,台湾,2024-11-19,0.000206
川普,损害,台湾,2024-11-05,0.000206
川普,损害,台湾,2024-11-27,0.000206
川普,损害,台湾,2024-12-02,0.000206
川普,损害,台湾,2024-11-29,0.000206
川普,损害,台湾,2024-11-14,0.000206
川普,损害,台湾,2024-11-15,0.000206
川普,损害,台湾,2024-11-06,0.000206
川普,损害,台湾,2024-11-05,0.000206
川普,损害,台湾,2024-11-14,0.000206
川普,损害,台湾,2024-11-19,0.000206
川普,损害,台湾,2024-11-20,0.000206
川普,损害,台湾,2024-11-09,0.000206
川普,损害,台湾,2024-10-29,0.000206
川普,损害,台湾,2024-11-16,0.000206
川普,损害,台湾,2024-12-01,0.000206
川普,损害,台湾,2024-12-01,0.000206
川普,损害,台湾,2024-10-30,0.000206
川普,损害,台湾,2024-11-22,0.000206
川普,损害,台湾,2024-12-01,0.000206
川普,损害,台湾,2024-11-19,0.000206
川普,损害,台湾,2024-10-30,0.000206
中国,损害,特斯拉,2024-11-25,0.000206
金管会,认为有成就,台积电,2024-12-02,0.000205
金管会,认为有成就,台积电,2024-12-02,0.000205
孙明德,认为有暴力,台积电,2024-11-06,0.000204
中华队,威胁,美国,2024-11-23,0.000204
中华队,威胁,美国,2024-11-21,0.000204
中华队,威胁,美国,2024-11-21,0.000204
中华队,威胁,美国,2024-11-21,0.000204
马斯克,攻击,川普,2024-11-21,0.000204
马斯克,攻击,川普,2024-11-12,0.000204
马斯克,攻击,川普,2024-11-28,0.000204
张建一,质疑,川普,2024-11-07,0.000203
张建一,质疑,川普,2024-11-06,0.000203
中华队,威胁,日本,2024-11-23,0.000203
美国,认为可靠,以色列,2024-11-29,0.000203
花旗银行,认为失败,美中贸易战,2024-11-27,0.000203
林永胜,感谢,中国信托,2024-11-29,0.000201
川普,攻击,中国,2024-11-25,0.000200
川普,攻击,中国,2024-11-17,0.000200
川普,攻击,中国,2024-11-19,0.000200
川普,攻击,中国,2024-10-09,0.000200
川普,攻击,中国,2024-11-07,0.000200
拜登,质疑,中国大陆,2024-11-21,0.000200
特朗普,认为有危机,台湾,2024-10-24,0.000199
马斯克,相信,川普,2024-11-21,0.000199
中国,质疑,美国,2024-12-03,0.000199
美国,主导,「川普2.0」,2024-11-07,0.000197
中华队,攻击,美国,2024-11-21,0.000197
中华队,攻击,美国,2024-11-21,0.000197
中华队,攻击,美国,2024-11-21,0.000197
中华队,攻击,美国,2024-11-21,0.000197
中华队,攻击,美国,2024-11-21,0.000197
中华队,攻击,美国,2024-11-21,0.000197
中华队,攻击,美国,2024-11-21,0.000197
中华队,攻击,美国,2024-11-21,0.000197
华尔街经济学家,欢迎,川普,2024-10-30,0.000197
美国,认为违规,谷歌,2024-11-22,0.000195
美国,认为违规,谷歌,2024-11-21,0.000195
赖清德,欣赏,川普,2024-11-16,0.000195
赖清德,欣赏,川普,2024-11-05,0.000195
中国外交部,认为犯罪,川普,2024-11-27,0.000195
川普,喜欢,中国,2024-11-19,0.000195
川普,认为非法,泰国,2024-11-28,0.000194
格里芬,认为可靠,川普,2024-12-04,0.000194
习近平,威胁,赖清德,2024-11-18,0.000193
郭智辉,相信,特朗普,2024-09-02,0.000192
郭智辉,相信,特朗普,2024-11-07,0.000192
索贝克,认为违规,台积电,2024-11-28,0.000191
经济部,增进,台积电,2024-11-27,0.000191
经济部,增进,台积电,2024-11-27,0.000191
金管会,认为犯罪,台积电,2024-12-02,0.000191
蔡正元,认为缺乏,川普,2024-11-05,0.000190
拜登,感到满意,亚利桑那州,2024-11-19,0.000190
川普,损害,北京,2024-11-28,0.000190
美国,认为热情,大谷翔平,2024-11-22,0.000189
蔡正元,欢迎,尹锡悦,2024-12-03,0.000189
蔡正元,欢迎,尹锡悦,2024-12-04,0.000189
蔡正元,支持,川普,2024-12-03,0.000188
川普,认为有威胁,中国大陆,2024-11-21,0.000187
投资人,主导,美国,2024-11-07,0.000186
杨瑞临,担忧,川普,2024-11-22,0.000185
刘孟俊,担忧,川普,2024-11-30,0.000185
刘孟俊,担忧,川普,2024-11-29,0.000185
杨瑞临,相信,川普,2024-11-22,0.000184
杨瑞临,相信,川普,2024-12-03,0.000184
沈富雄,相信,赖清德,2024-11-10,0.000184
川普,认为有威胁,南非,2024-11-19,0.000184
刘扬伟,威胁,川普,2024-12-02,0.000183
美国,认为非法,乌克兰,2024-11-29,0.000182
赖清德,认为有暴力,川普,2024-11-16,0.000182
全福生技,损害,台积电,2024-11-29,0.000180
索贝克,认为有威胁,台积电,2024-11-28,0.000180
索贝克,认为有威胁,台积电,2024-11-28,0.000180
索贝克,认为有威胁,台积电,2024-11-28,0.000180
川普政府,认为可靠,台湾,2024-11-19,0.000180
美媒,相信,川普,2024-11-06,0.000179
外交部,主导,美国,2024-11-06,0.000179
半导体,相信,美国,2024-12-04,0.000179
洪申翰,威胁,川普,2024-11-30,0.000178
市调机构集邦科技,认为恐怖,台积电,2024-11-20,0.000178
Josh,质疑,美国,2024-11-21,0.000177
半导体,担忧,美国,2024-12-04,0.000176
川普总统即将上任,威胁,台积电,2024-11-25,0.000175
美国,增进,华为,2024-11-25,0.000174
美国,增进,华为,2024-11-29,0.000174
赖士葆,担忧,川普,2024-11-19,0.000174
亚洲投资圈,认为有危机,台积电,2024-12-01,0.000174
裴洛西,主导,美国,2024-11-05,0.000174
裴洛西,主导,美国,2024-11-05,0.000174
高盛,认为有威胁,美国,2024-12-02,0.000173
台湾,攻击,日本,2024-11-23,0.000172
沈富雄,担忧,赖清德,2024-11-10,0.000172
刘孟俊,认可,川普,2024-11-30,0.000171
刘孟俊,认可,川普,2024-11-29,0.000171
美国,质疑,《晶片法案》,2024-12-04,0.000171
美国,质疑,《晶片法案》,2024-12-04,0.000171
宾夕法尼亚州,感谢,川普,2024-11-19,0.000170
赖清德,质疑,周玉蔻,2024-12-03,0.000170
许美华,担忧,英特尔,2024-12-03,0.000169
许美华,担忧,英特尔,2024-12-03,0.000169
许美华,担忧,英特尔,2024-11-27,0.000169
许美华,担忧,英特尔,2024-12-03,0.000169
许美华,担忧,英特尔,2024-12-02,0.000169
张建一,认为可靠,台美关系,2024-11-06,0.000169
共和党,认为非法,美国,2024-11-05,0.000168
陈凤馨,感到不满,川普,2024-11-02,0.000167
川普总统即将上任,认为有威胁,台积电,2024-11-25,0.000166
川普,认为失败,亚利桑那州,2024-11-19,0.000166
半导体,认为恐怖,美国,2024-12-04,0.000165
Josh,认为失败,美国,2024-11-21,0.000165
马斯克,质疑,特斯拉,2024-12-02,0.000165
马斯克,质疑,特斯拉,2024-12-01,0.000165
马斯克,质疑,特斯拉,2024-12-01,0.000165
郭智辉,认为可靠,川普,2024-11-06,0.000165
特朗普,威胁,中国,2024-10-24,0.000164
台湾,认为可靠,小朋友,2024-11-13,0.000164
川普总统,认为有威胁,美国,2024-11-28,0.000164
习近平,认为有威胁,拜登,2024-12-04,0.000163
立法院经济委员会,批评,台积电,2024-11-27,0.000162
立法院经济委员会,批评,台积电,2024-11-27,0.000162
高雄市长陈其迈,主导,半导体,2024-11-26,0.000161
高雄市长陈其迈,主导,半导体,2024-11-26,0.000161
影／川普胜选,损害,台积电,2024-12-04,0.000160
川普总统,认为有威胁,北京,2024-11-28,0.000159
台积电,相信,多元化人力的价值,2024-11-15,0.000159
陆生参访团,认为优秀,台积电,2024-12-03,0.000158
美国,认可,中国科技巨头华为,2024-08-20,0.000158
美国,认可,中国科技巨头华为,2024-10-12,0.000158
美国,认可,中国科技巨头华为,2024-10-13,0.000158
张忠谋,认为可靠,英特尔,2024-12-02,0.000157
索贝克,相信,台积电,2024-11-28,0.000157
马斯克,认为失败,特斯拉,2024-12-01,0.000157
李彦秀,认为可靠,赖清德,2024-08-09,0.000157
川普,主导,乔州集会,2024-10-29,0.000156
蔡正元,认为优秀,川普,2024-11-05,0.000156
泽伦斯基,认为有威胁,美国,2024-11-29,0.000156
美国,认为有威胁,谷歌,2024-11-21,0.000155
美国,批评,华为,2024-11-29,0.000155
美国,批评,华为,2024-11-29,0.000155
美国,批评,华为,2024-11-29,0.000155
皮尤研究中心,认为有成就,美国,2024-11-27,0.000155
美国,认为失败,亚利桑那州,2024-11-19,0.000155
张忠谋,相信,黄仁勋,2024-11-28,0.000154
张忠谋,相信,黄仁勋,2024-11-28,0.000154
张忠谋,相信,黄仁勋,2024-11-28,0.000154
台湾,认为失败,俄乌战争,2024-11-16,0.000154
洪申翰,质疑,川普,2024-11-30,0.000153
李镇宇,感到不满,川普,2024-11-19,0.000153
李镇宇,感到不满,川普,2024-12-03,0.000153
李镇宇,感到不满,川普,2024-12-02,0.000153
亚洲投资圈,威胁,台积电,2024-12-01,0.000152
川普,认为有威胁,南韩,2024-11-20,0.000151
川普,认为有威胁,南韩,2024-11-21,0.000151
泰国,支持,川普,2024-12-01,0.000150
刘扬伟,质疑,川普,2024-12-02,0.000150
川普总统即将上任,损害,台积电,2024-11-25,0.000150
亚利桑那州,喜欢,拜登,2024-11-05,0.000149
民进党,攻击,川普,2024-11-09,0.000149
凯萨琳・索贝克,担忧,川普,2024-11-27,0.000149
德国德勒斯登,认可,台积电,2024-12-02,0.000149
美国,认为违规,拜登政府,2024-11-26,0.000149
美国,主导,太平洋战争,2024-11-26,0.000149
台湾,攻击,川普政府,2024-11-17,0.000148
川普,认为优秀,马斯克,2024-11-06,0.000148
川普,认为优秀,马斯克,2024-11-17,0.000148
川普,认为优秀,马斯克,2024-11-26,0.000148
算能科技,损害,台积电,2024-11-09,0.000147
赖清德,欢迎,蔡正元,2024-12-03,0.000147
希拉里·克林顿,相信,川普,2024-11-19,0.000146
日本,攻击,美国,2024-11-02,0.000146
日本,攻击,美国,2024-11-21,0.000146
中华队,认为失败,日本,2024-11-23,0.000146
亚洲投资圈,认为有威胁,台积电,2024-12-01,0.000145
国会,主导,美国,2024-11-28,0.000145
中国汽车工业协会,认可,美国,2024-12-04,0.000144
马斯克,主导,SpaceX,2024-12-04,0.000143
马斯克,主导,SpaceX,2024-11-22,0.000143
范琪斐,相信,川普,2024-11-14,0.000143
布林肯,感到不满,尹锡悦,2024-12-04,0.000143
郭智辉,感到不满,川普,2024-12-03,0.000142
郭智辉,感到不满,川普,2024-11-19,0.000142
郭智辉,感到不满,川普,2024-11-06,0.000142
郭智辉,感到不满,川普,2024-11-19,0.000142
郭智辉,感到不满,川普,2024-11-27,0.000142
郭智辉,感到不满,川普,2024-11-06,0.000142
郭智辉,感到不满,川普,2024-11-27,0.000142
郭智辉,感到不满,川普,2024-11-27,0.000142
台积电,支持,国家减碳政策,2024-11-12,0.000142
前任员工,认为犯罪,台积电,2024-11-19,0.000141
张建敏,相信,驻旧金山总领馆,2024-12-03,0.000141
杨瑞临,感到不满,川普,2024-11-22,0.000141
杨瑞临,感到不满,川普,2024-12-03,0.000141
成材论坛,损害,台积电,2024-11-28,0.000141
川普总统,威胁,北京,2024-11-28,0.000140
张忠谋,认为非法,美国,2024-11-15,0.000140
加拿大,视作英雄,美国,2024-12-01,0.000139
索贝克,认为失败,台积电,2024-11-28,0.000138
索贝克,认为失败,台积电,2024-11-28,0.000138
全福生技,威胁,台积电,2024-11-29,0.000138
台南Josh,认为有成就,美国,2024-11-21,0.000138
希拉里·克林顿,感到不满,川普,2024-11-19,0.000138
美国,主导,全球贸易,2024-11-19,0.000138
童子贤,认为有成就,台湾,2024-12-04,0.000138
刘扬伟,感到满意,川普,2024-12-02,0.000138
民主党,支持,川普,2024-11-19,0.000138
台积电,认可,恒水创电,2024-12-04,0.000138
吴志中,感到不满,川普,2024-11-05,0.000138
李镇宇,担忧,川普,2024-11-19,0.000137
李镇宇,担忧,川普,2024-12-03,0.000137
川普,攻击,韩国,2024-12-01,0.000136
半导体,认为有威胁,美国,2024-12-04,0.000136
张陈浩,相信,川普,2024-11-26,0.000136
张陈浩,相信,川普,2024-11-26,0.000136
克里斯・米勒,认为热情,川普,2024-10-29,0.000135
禹元植,感到不满,尹锡悦,2024-12-03,0.000135
陈亭妃,认为有成就,台积电,2024-11-05,0.000135
民进党,主导,美大选,2024-11-06,0.000135
Josh,认为优秀,美国,2024-11-21,0.000134
共和党总统候选人川普,主导,美国,2024-11-05,0.000133
川普,增进,华为,2024-11-29,0.000133
中国,主导,中美贸易战,2024-10-29,0.000133
李镇宇,相信,川普,2024-11-19,0.000133
李镇宇,相信,川普,2024-12-03,0.000133
米勒,认为非法,美国,2024-11-29,0.000132
米勒,认为非法,美国,2024-11-29,0.000132
米勒,认为非法,美国,2024-11-29,0.000132
陈凤馨,认为失败,美国,2024-11-02,0.000132
川普,威胁,中国大陆,2024-11-21,0.000132
算能科技,认为可靠,台积电,2024-11-09,0.000132
川普,威胁,中国,2024-11-28,0.000131
川普,威胁,中国,2024-11-25,0.000131
川普,威胁,中国,2024-12-04,0.000131
川普,威胁,加拿大,2024-12-02,0.000131
川普,威胁,加拿大,2024-12-03,0.000131
Elon Musk,相信,川普,2024-11-19,0.000130
谷立言,担忧,半导体,2024-10-28,0.000130
川普,质疑,Google,2024-11-29,0.000130
民主党,喜欢,川普,2024-11-19,0.000130
陈凤馨,质疑,美国,2024-11-16,0.000129
郭智辉,相信,川普,2024-11-19,0.000129
郭智辉,相信,川普,2024-11-06,0.000129
郭智辉,相信,川普,2024-11-19,0.000129
郭智辉,相信,川普,2024-11-27,0.000129
刘扬伟,认为恐怖,川普,2024-12-02,0.000129
张忠谋,攻击,川普,2024-11-10,0.000128
马斯克,认为非法,特斯拉,2024-12-01,0.000128
美国,认为有成就,力积电,2024-11-28,0.000128
格里芬,认可,川普,2024-12-04,0.000128
俄罗斯,威胁,乌克兰,2024-12-03,0.000127
俄罗斯,威胁,乌克兰,2024-12-03,0.000127
张忠谋,认为可靠,黄仁勋,2024-11-28,0.000127
张忠谋,认为可靠,黄仁勋,2024-11-28,0.000127
张忠谋,认为可靠,黄仁勋,2024-11-28,0.000127
台积电,认为有成就,恒水创电,2024-12-04,0.000126
俄罗斯,质疑,马斯克,2024-11-27,0.000126
Jessy,视作英雄,江坤宇安,2024-11-21,0.000126
中国外交部,损害,川普,2024-11-27,0.000125
宾州,认可,川普,2024-11-05,0.000125
美国,质疑,乌克兰,2024-11-19,0.000125
马斯克,认为热情,特斯拉,2024-12-01,0.000124
马斯克,认为热情,特斯拉,2024-12-01,0.000124
美国,认为有危机,北京,2024-11-28,0.000124
美国,感谢,金河,2024-11-17,0.000124
高市府,增进,台积电,2024-11-26,0.000124
希拉里·克林顿,担忧,川普,2024-11-19,0.000123
黄仁勋,主导,辉达,2024-11-28,0.000123
黄仁勋,主导,辉达,2024-11-21,0.000123
共和党,认可,美国,2024-11-05,0.000123
台湾,威胁,北京,2024-11-27,0.000123
川普,主导,跨国策略性投资计划,2024-12-04,0.000122
川普,认为有危机,台湾,2024-11-27,0.000122
川普,认为有危机,台湾,2024-11-27,0.000122
川普,认为有危机,台湾,2024-11-08,0.000122
川普,认为有危机,台湾,2024-11-06,0.000122
川普,认为有危机,台湾,2024-11-06,0.000122
陈俊圣,认为非法,川普,2024-11-29,0.000121
陈俊圣,担忧,川普,2024-11-29,0.000121
高雄市议员黄绍庭,攻击,台积电,2024-12-04,0.000120
台湾,视作英雄,川普总统,2024-11-17,0.000120
马斯克,威胁,川普,2024-11-21,0.000120
马斯克,威胁,川普,2024-12-04,0.000120
马斯克,威胁,川普,2024-10-30,0.000120
马斯克,担忧,川普,2024-10-30,0.000119
台积电,担忧,成熟制程产能过剩,2024-11-27,0.000118
金管会,攻击,台积电,2024-12-02,0.000118
民主党,欣赏,川普,2024-11-19,0.000117
民主党,欣赏,川普,2024-11-05,0.000117
马斯克,认为有威胁,川普,2024-12-04,0.000117
金管会,认为缺乏,台积电,2024-12-02,0.000116
连贤明,主导,美中贸易战,2024-11-07,0.000116
习近平,质疑,美国,2024-12-04,0.000115
拜登,认为失败,亚利桑那州,2024-11-19,0.000115
台经院,感到不满,川普,2024-11-06,0.000115
川普,认为违规,台湾,2024-10-29,0.000115
习近平,威胁,拜登,2024-12-04,0.000115
习近平,攻击,赖清德,2024-11-18,0.000114
川普,欢迎,马斯克,2024-11-06,0.000114
川普,欢迎,马斯克,2024-11-17,0.000114
川普,欢迎,马斯克,2024-11-06,0.000114
川普,欢迎,马斯克,2024-11-17,0.000114
台南,主导,半导体,2024-11-26,0.000113
杰夫‧威廉斯,增进,台积电,2024-11-29,0.000113
德国,担忧,俄乌战争,2024-11-18,0.000113
德国,担忧,俄乌战争,2024-11-15,0.000113
赖清德,攻击,北京,2024-12-01,0.000112
英特尔总裁,欣赏,台积电,2024-12-02,0.000111
台湾,认为非法,美国,2024-11-13,0.000111
台湾,认为非法,美国,2024-11-21,0.000111
林佳龙,认为有威胁,日本,2024-08-27,0.000111
赖清德,威胁,蔡正元,2024-12-03,0.000110
张建一,相信,台湾,2024-11-06,0.000110
赖清德,认为有威胁,中国,2024-11-03,0.000110
朱学恒,认为有威胁,美国,2024-10-28,0.000110
索贝克,认为非法,台积电,2024-11-28,0.000110
川普,担忧,关税,2024-11-28,0.000110
林祖嘉,感到不满,川普,2024-11-30,0.000109
高雄市政府,支持,台积电,2024-11-19,0.000109
刘大年,担忧,川普,2024-11-08,0.000108
台经院,担忧,川普,2024-12-01,0.000108
法国,主导,欧盟,2024-11-28,0.000108
日本,损害,美国,2024-11-02,0.000108
美国,认为非法,加拿大,2024-11-27,0.000108
美国,认为非法,加拿大,2024-11-26,0.000108
美国,认为非法,加拿大,2024-11-26,0.000108
中国,感到不满,台湾,2024-11-10,0.000108
民主党,认为优秀,川普,2024-11-05,0.000107
密歇根州,欢迎,川普,2024-11-19,0.000107
美商务部,支持,台积电,2024-11-14,0.000107
布林肯,相信,尹锡悦,2024-12-04,0.000106
蔡正元,认为有威胁,加拿大,2024-12-03,0.000106
密歇根州,认为有成就,川普,2024-11-19,0.000106
台湾,损害,半导体,2024-11-28,0.000106
台湾,损害,半导体,2024-10-30,0.000106
台湾,损害,半导体,2024-11-06,0.000106
郭书廷,相信,特朗普,2024-10-24,0.000106
川普,认为可靠,关税政策,2024-11-26,0.000105
王义川,主导,台湾队,2024-12-03,0.000105
风传媒,质疑,川普,2024-11-06,0.000104
风传媒,质疑,川普,2024-11-18,0.000104
风传媒,质疑,川普,2024-11-16,0.000104
米勒,担忧,美国,2024-11-30,0.000104
米勒,担忧,美国,2024-11-29,0.000104
米勒,担忧,美国,2024-11-29,0.000104
米勒,担忧,美国,2024-11-29,0.000104
金正恩,感到不满,尹锡悦,2024-12-04,0.000104
英特尔,威胁,川普,2024-11-28,0.000104
英特尔,威胁,川普,2024-12-03,0.000104
大同,主导,美国,2024-12-04,0.000104
索贝克,批评,台积电,2024-11-28,0.000104
川普,认为有危机,美国,2024-11-27,0.000103
川普,认为有危机,美国,2024-11-08,0.000103
薛健吾,质疑,特朗普,2024-10-24,0.000102
乔治亚州,认为可靠,川普,2024-11-19,0.000102
川普总统即将上任,攻击,台积电,2024-11-25,0.000101
美国,支持,川普政府,2024-11-06,0.000101
宾州,质疑,川普,2024-11-26,0.000101
陈挥文,感到不满,赖清德,2024-11-06,0.000101
川普,认为非法,美台,2024-11-19,0.000101
北京,担忧,马斯克,2024-11-26,0.000100
美国,认可,政府,2024-11-28,0.000100
美国,认可,政府,2024-11-29,0.000100
郭正亮,感到不满,川普,2024-08-03,0.000100
拜登,认为有威胁,中国大陆,2024-11-21,0.000100
郭加泳,感到不满,特朗普,2024-10-24,0.000099
张陈浩,认为犯罪,川普,2024-11-26,0.000099
拜登,认为非法,中国大陆,2024-11-21,0.000098
郭智辉,担忧,特朗普,2024-11-07,0.000098
川普,主导,高关税的贸易战,2024-11-26,0.000098
南韩政府,认为可靠,三星,2024-11-27,0.000098
民主党,认为失败,美国,2024-11-05,0.000098
王信贤,相信,川普,2024-10-30,0.000098
亚利桑那州,支持,拜登,2024-11-05,0.000097
王在希,认为非法,美国,2024-11-13,0.000097
美国,认为优秀,大谷翔平,2024-11-30,0.000097
美国,认为优秀,大谷翔平,2024-11-22,0.000097
苏姿丰,主导,英特尔,2024-12-04,0.000097
美国,视作英雄,美国,2024-11-16,0.000096
美国,视作英雄,美国,2024-11-14,0.000096
川普,担忧,《晶片法案》,2024-11-14,0.000096
台湾,支持,日本,2024-11-29,0.000096
李彦秀,质疑,赖清德,2024-08-09,0.000096
成材论坛,认为可靠,台积电,2024-11-28,0.000095
陈良基,认为有威胁,台湾,2024-11-24,0.000095
宾夕法尼亚州,担忧,川普,2024-11-19,0.000095
谢佳兴,主导,美国,2024-11-06,0.000094
吴东亮,担忧,川普,2024-11-26,0.000094
蔡正元,认可,尹锡悦,2024-12-04,0.000094
蔡正元,认可,尹锡悦,2024-12-05,0.000094
乔治亚州,欢迎,川普,2024-11-05,0.000094
乔治亚州,欢迎,川普,2024-11-19,0.000094
乔治亚州,欢迎,川普,2024-11-19,0.000094
台湾政府,质疑,川普,2024-12-01,0.000094
川普,主导,破产,2024-11-26,0.000093
美国,认为有成就,禾赛,2024-11-27,0.000093
蔡明彦,认为有危机,美国,2024-11-06,0.000092
马斯克,感到满意,特斯拉,2024-12-01,0.000092
拜登,认为有威胁,伊朗,2024-11-29,0.000092
张陈浩,认为有威胁,川普,2024-11-26,0.000092
张陈浩,认为有威胁,川普,2024-11-26,0.000092
台湾,认为失败,美国,2024-11-21,0.000091
台湾,认为失败,美国,2024-11-21,0.000091
台湾,认为失败,美国,2024-11-21,0.000091
陈挥文,欢迎,赖清德,2024-11-06,0.000091
川普,损害,加拿大,2024-12-02,0.000091
川普,损害,加拿大,2024-12-02,0.000091
邱智呈,认为有威胁,美国,2024-11-21,0.000091
邱智呈,认为有威胁,美国,2024-11-21,0.000091
美国,认为失败,美国,2024-10-24,0.000091
美国,认为失败,美国,2024-10-29,0.000091
美国,损害,柯文哲,2024-10-29,0.000091
台经院,认为可靠,川普,2024-12-01,0.000091
张忠谋,认为有威胁,英特尔,2024-11-29,0.000091
张忠谋,认为有威胁,英特尔,2024-12-03,0.000091
川普,认为犯罪,台湾,2024-11-07,0.000091
郭正亮,认为非法,美国,2024-11-09,0.000090
张陈浩,感到不满,川普,2024-11-26,0.000090
张美君,感到满意,台湾,2024-12-02,0.000090
特朗普,质疑,芯片,2024-10-29,0.000090
林信义,喜欢,拜登,2024-11-16,0.000090
《美丽岛电子报》,相信,赖清德,2024-11-30,0.000089
蔡正元,认为非法,加拿大,2024-12-03,0.000089
南韩政府,认为有成就,三星,2024-11-27,0.000088
陈凤馨,认为有威胁,美国,2024-11-02,0.000088
陈凤馨,认为有威胁,美国,2024-11-06,0.000088
陈凤馨,认为有威胁,美国,2024-11-16,0.000088
川普,威胁,韩国,2024-12-01,0.000088
蔡正元,认为热情,尹锡悦,2024-12-04,0.000088
美国,攻击,乌克兰,2024-11-29,0.000088
台湾,欢迎,日本,2024-11-29,0.000088
Josh,认为有威胁,美国,2024-11-21,0.000088
蔡正元,认为有危机,川普,2024-11-05,0.000087
米勒,质疑,川普,2024-12-04,0.000086
国科会,增进,台积电,2024-11-28,0.000086
杨倩,欢迎,陆生,2024-11-28,0.000086
黄扬明,质疑,川普,2024-11-13,0.000085
林郁婷,质疑,川普,2024-11-09,0.000085
忠谋,认为有成就,台积电,2024-11-27,0.000085
欧洲,质疑,台湾,2024-12-03,0.000085
《彭博》,认为优秀,台积电,2024-11-29,0.000084
陈俊圣,认为可靠,川普,2024-11-29,0.000084
川普,主导,《美墨加协定》,2024-12-02,0.000084
川普,主导,《美墨加协定》,2024-12-02,0.000084
吴诚文,相信,川普,2024-11-20,0.000084
金正恩,认为犯罪,美国,2024-11-21,0.000083
英特尔,欢迎,刘德音,2024-11-28,0.000083
克里斯・米勒,感到满意,川普,2024-10-29,0.000083
阮慕骅,认可,川普,2024-11-27,0.000083
美国,认为非法,美国,2024-10-29,0.000083
陈杰宪,威胁,江坤宇,2024-11-21,0.000083
美联社,认可,川普,2024-11-19,0.000083
拜登,认为有威胁,美国,2024-11-14,0.000083
美国,攻击,中华队,2024-11-23,0.000082
特斯拉,支持,马斯克,2024-12-03,0.000082
台积电,损害,343点,2024-11-27,0.000082
陈良基,认可,台湾,2024-11-24,0.000082
乔治亚,担忧,川普,2024-11-05,0.000082
杰夫‧威廉斯,认为优秀,台积电,2024-11-29,0.000082
中国信托,主导,台湾体育,2024-11-29,0.000082
中国信托,主导,台湾体育,2024-11-29,0.000082
台积电,主导,高雄2奈米厂进机典礼,2024-11-26,0.000082
台积电,主导,高雄2奈米厂进机典礼,2024-11-26,0.000082
成材论坛,认为犯罪,台积电,2024-11-28,0.000082
李镇宇,认为可靠,川普,2024-12-03,0.000082
韦根德,主导,英特尔,2024-12-02,0.000082
川普,攻击,中国大陆,2024-11-21,0.000081
美国,喜欢,台湾,2024-11-19,0.000081
索贝克,认为可靠,台积电,2024-11-28,0.000081
索贝克,认为可靠,台积电,2024-11-28,0.000081
索贝克,认为可靠,台积电,2024-11-28,0.000081
郭智辉,认可,川普,2024-11-19,0.000080
郭智辉,认可,川普,2024-11-06,0.000080
郭智辉,认可,川普,2024-11-19,0.000080
郭智辉,认可,川普,2024-11-27,0.000080
中国,欢迎,乘客,2024-11-28,0.000080
寇健文,担忧,赖清德,2024-10-30,0.000080
李芸桦,感到不满,川普,2024-11-14,0.000080
童子贤今,相信,川普,2024-12-02,0.000080
台湾政府,相信,美国,2024-08-07,0.000080
美国,支持,国会,2024-10-20,0.000080
格里芬,质疑,川普,2024-12-04,0.000080
中华队,损害,美国,2024-11-21,0.000080
美国,支持,台湾民众,2024-11-23,0.000079
信义房屋不动产企研室,认为有危机,台积电,2024-11-05,0.000079
陈杰宪,攻击,江坤宇,2024-11-21,0.000079
马斯克,质疑,川普,2024-11-21,0.000079
马斯克,质疑,川普,2024-11-19,0.000079
马斯克,质疑,川普,2024-10-30,0.000079
《全球中央》杂志,认为有成就,川普,2024-12-01,0.000078
川普,欢迎,贺锦丽,2024-11-05,0.000078
川普,感到不满,墨西哥,2024-11-27,0.000078
金正恩,认为有威胁,美国,2024-11-21,0.000078
美国,攻击,布林肯,2024-11-16,0.000077
杨应超,增进,台积电,2024-09-11,0.000077
史哲,攻击,陈江,2024-11-29,0.000077
风传媒,质疑,赖清德,2024-11-15,0.000077
美中对抗,担忧,川普,2024-12-02,0.000077
菲力浦,主导,俄乌战争,2024-11-18,0.000077
市调机构集邦科技,认为有威胁,台积电,2024-11-20,0.000077
林祖嘉,认为有威胁,美国,2024-11-30,0.000076
林祖嘉,认为有威胁,美国,2024-11-29,0.000076
川普,威胁,林郁婷,2024-11-18,0.000076
川普,支持,马斯克,2024-11-17,0.000076
川普,支持,马斯克,2024-11-28,0.000076
美国,欢迎,台湾民众,2024-11-23,0.000076
蔡正元,认为失败,三星,2024-11-27,0.000076
蔡正元,认为失败,三星,2024-12-04,0.000076
中国信托,主导,「爱接棒计划」,2024-11-29,0.000075
陈良基,担忧,台湾,2024-11-24,0.000075
半导体,损害,日本,2024-09-11,0.000075
陆行之,担忧,川普,2024-12-03,0.000074
美国,担忧,美国,2024-10-29,0.000074
川普,主导,收购美钢,2024-11-29,0.000073
川普,主导,收购美钢,2024-11-05,0.000073
川普,主导,收购美钢,2024-11-21,0.000073
川普,主导,收购美钢,2024-11-27,0.000073
黄循财,认可,川普,2024-11-05,0.000073
川普,损害,台商,2024-11-18,0.000073
「纽约时报」,主导,反美阴谋,2024-11-27,0.000072
美国,认为有成就,福建晋华,2024-11-27,0.000072
川普,认为恐怖,美国,2024-11-05,0.000072
川普,认为恐怖,美国,2024-10-25,0.000072
史哲,感谢,中国信托,2024-11-29,0.000072
习近平,损害,赖清德,2024-11-18,0.000072
陈士修,增进,台积电,2024-12-04,0.000072
张忠谋,担忧,黄仁勋,2024-11-28,0.000072
张忠谋,担忧,黄仁勋,2024-11-28,0.000072
张忠谋,担忧,黄仁勋,2024-11-28,0.000072
张忠谋,担忧,黄仁勋,2024-11-29,0.000072
美国,支持,世界棒球经典赛,2024-11-12,0.000072
郭加泳,感到不满,美国,2024-10-24,0.000072
郭智辉,认为有成就,台湾,2024-11-06,0.000072
马斯克,喜欢,特斯拉,2024-12-01,0.000071
美国,认为有威胁,台海战争,2024-11-05,0.000071
蔡正元,欣赏,川普,2024-11-05,0.000071
法新社,担忧,三星,2024-11-27,0.000071
有态度的男人,感到不满,江坤宇,2024-11-21,0.000071
美国,认为失败,世界棒球经典赛,2024-11-12,0.000071
金正恩,质疑,美国,2024-11-21,0.000071
张建一,威胁,川普,2024-11-07,0.000070
美国,认为非法,谷歌,2024-11-21,0.000070
陈俊圣,相信,川普,2024-11-29,0.000070
政治大学东亚研究所,相信,特朗普,2024-10-24,0.000070
半导体,威胁,美国,2024-12-04,0.000070
参议院,主导,美国,2024-11-06,0.000070
马斯克,感到不满,林郁婷,2024-11-19,0.000070
乔治亚州,质疑,川普,2024-11-05,0.000070
乔治亚州,质疑,川普,2024-11-19,0.000070
乔治亚州,质疑,川普,2024-11-19,0.000070
川普,感到不满,鲍尔,2024-11-07,0.000070
川普,损害,马斯克,2024-11-28,0.000070
川普,损害,马斯克,2024-11-26,0.000070
拜登,认为有威胁,中国,2024-11-07,0.000070
尹锡悦,认为非法,美国,2024-12-03,0.000070
前总统马英九,认为热情,陆生,2024-12-03,0.000069
郭书廷,认为可靠,特朗普,2024-10-24,0.000069
美国,攻击,亚利桑那州,2024-11-19,0.000069
孙明德,相信,川普,2024-11-19,0.000069
孙明德,相信,川普,2024-11-07,0.000069
马斯克,欢迎,川普,2024-11-21,0.000068
马斯克,欢迎,川普,2024-12-06,0.000068
马斯克,欢迎,川普,2024-12-05,0.000068
马斯克,欢迎,川普,2024-11-06,0.000068
拜登,攻击,台湾,2024-10-30,0.000068
美国,认可,深化台美伙伴关系,2024-11-06,0.000068
中国汽车工业协会,感到满意,美国,2024-12-04,0.000068
美国,主导,亚太战略,2024-11-19,0.000068
巴菲特,攻击,台湾,2024-10-30,0.000068
台湾,认为可靠,联合国,2024-09-29,0.000068
特朗普,损害,中国,2024-10-24,0.000068
克里斯・米勒,认为优秀,川普,2024-10-29,0.000068
阮慕骅,认为可靠,川普,2024-11-27,0.000067
林祖嘉,相信,川普,2024-11-30,0.000067
林祖嘉,相信,川普,2024-11-29,0.000067
美联社,质疑,川普,2024-11-19,0.000067
川普,损害,美国,2024-11-28,0.000067
川普,损害,美国,2024-11-27,0.000067
川普,损害,美国,2024-12-06,0.000067
川普,损害,美国,2024-12-06,0.000067
川普,损害,美国,2024-12-05,0.000067
川普,损害,美国,2024-10-30,0.000067
川普,损害,美国,2024-11-19,0.000067
川普,损害,美国,2024-11-19,0.000067
川普,损害,美国,2024-11-12,0.000067
川普,损害,美国,2024-12-04,0.000067
川普,损害,美国,2024-11-19,0.000067
中国,认为失败,美国,2024-12-04,0.000067
邹飞逯,认为可靠,台积电,2024-12-05,0.000067
台湾人,增进,台积电,2024-11-13,0.000067
蔡英文,担忧,台湾,2024-11-21,0.000067
欧洲,感到不满,台湾,2024-12-03,0.000067
美宾州民主党,欢迎,川普,2024-11-05,0.000067
国会,感到不满,尹锡悦,2024-12-02,0.000067
国会,感到不满,尹锡悦,2024-11-30,0.000067
国会,感到不满,尹锡悦,2024-11-29,0.000067
国会,感到不满,尹锡悦,2024-12-02,0.000067
国会,感到不满,尹锡悦,2024-12-02,0.000067
国会,感到不满,尹锡悦,2024-11-12,0.000067
国会,感到不满,尹锡悦,2024-12-04,0.000067
张建一,认可,川普,2024-11-07,0.000066
郭书廷,担忧,特朗普,2024-10-24,0.000066
乔治亚州,认为有成就,川普,2024-11-05,0.000066
乔治亚州,认为有成就,川普,2024-11-19,0.000066
陈水扁,相信,台湾,2024-11-10,0.000066
陈水扁,相信,台湾,2024-11-10,0.000066
马斯克,损害,特斯拉,2024-11-21,0.000066
马斯克,损害,特斯拉,2024-10-28,0.000066
徐佳馨,相信,川普,2024-11-24,0.000066
美国,视作英雄,张忠谋,2024-11-19,0.000066
美国,视作英雄,张忠谋,2024-12-02,0.000066
张陈浩,认为可靠,川普,2024-11-26,0.000066
张陈浩,认为可靠,川普,2024-11-26,0.000066
陈沅易,主导,川普上台,2024-11-07,0.000065
密歇根州,认可,川普,2024-11-19,0.000065
林家正,攻击,张政禹,2024-11-21,0.000065
美国,认为有威胁,乌克兰,2024-11-29,0.000065
刘扬伟,认为优秀,川普,2024-12-02,0.000065
陈江,感谢,中国信托,2024-11-29,0.000065
美联社,感到不满,尹锡悦,2024-11-29,0.000065
吴佳晏,攻击,陈江和,2024-11-29,0.000065
拜登,威胁,台湾,2024-10-30,0.000065
美媒,认可,川普,2024-11-06,0.000065
美国,认可,墨西哥,2024-11-29,0.000064
立法院,增进,台积电,2024-11-28,0.000064
立法院,增进,台积电,2024-11-28,0.000064
美国,主导,台美贸易谈判,2024-11-16,0.000064
台积电,主导,第三座晶圆厂,2024-11-28,0.000064
曾敬德,相信,川普,2024-11-05,0.000064
川普,感到不满,司徒文,2024-11-26,0.000064
王信贤,担忧,川普,2024-10-30,0.000064
卓揆,主导,美国,2024-11-25,0.000064
卓揆,主导,美国,2024-09-04,0.000064
范琪斐,认为犯罪,川普,2024-11-14,0.000063
宾夕法尼亚州,感到不满,川普,2024-11-19,0.000063
日本,认为有威胁,委内瑞拉,2024-11-23,0.000063
日本,认为有威胁,委内瑞拉,2024-11-21,0.000063
俄罗斯,攻击,台湾,2024-11-28,0.000063
黄崇仁,认为失败,半导体,2024-10-23,0.000063
半导体,认为有危机,美国,2024-12-04,0.000063
刘大年,相信,川普,2024-11-08,0.000063
美国,主导,中国科技巨头华为,2024-10-26,0.000062
美国,主导,中国科技巨头华为,2024-10-16,0.000062
美国,主导,中国科技巨头华为,2024-10-12,0.000062
贺锦丽,认为可靠,美国,2024-10-31,0.000062
乔治亚州,认可,川普,2024-11-05,0.000062
乔治亚州,认可,川普,2024-11-19,0.000062
乔治亚州,认可,川普,2024-11-19,0.000062
郭智辉,担忧,川普,2024-12-03,0.000062
郭智辉,担忧,川普,2024-11-19,0.000062
郭智辉,担忧,川普,2024-11-06,0.000062
郭智辉,担忧,川普,2024-11-19,0.000062
郭智辉,担忧,川普,2024-11-19,0.000062
郭智辉,担忧,川普,2024-11-27,0.000062
郭智辉,认为有威胁,川普,2024-11-19,0.000062
郭智辉,认为有威胁,川普,2024-11-06,0.000062
郭智辉,认为有威胁,川普,2024-11-19,0.000062
郭智辉,认为有威胁,川普,2024-11-27,0.000062
《人民日报》,主导,特斯拉,2024-11-26,0.000062
贺锦丽,认为非法,美国,2024-11-05,0.000062
贺锦丽,认为非法,美国,2024-10-24,0.000062
亚利桑那州,视作英雄,拜登,2024-11-05,0.000062
拜登政府,认可,美国,2024-11-06,0.000062
共和党,认为失败,美国,2024-11-05,0.000062
共和党,认为失败,美国,2024-11-29,0.000062
民主党,认为非法,美国,2024-11-05,0.000062
蔡正元,认为有暴力,川普,2024-12-03,0.000062
蔡正元,认为有暴力,川普,2024-11-05,0.000062
川普,认为失败,俄乌战争,2024-11-20,0.000062
川普,认为失败,俄乌战争,2024-11-10,0.000062
川普,认为失败,俄乌战争,2024-11-10,0.000062
川普,认为失败,俄乌战争,2024-11-26,0.000062
川普,认为失败,俄乌战争,2024-11-16,0.000062
川普,认为失败,俄乌战争,2024-11-12,0.000062
川普,认为失败,俄乌战争,2024-11-19,0.000062
索贝克,认为犯罪,台积电,2024-11-28,0.000061
美国,感到满意,台湾,2024-11-19,0.000061
美国,质疑,台湾,2024-11-27,0.000061
美国,质疑,台湾,2024-11-27,0.000061
美国,质疑,台湾,2024-11-27,0.000061
美国,质疑,台湾,2024-11-06,0.000061
民进党,支持,周玉蔻,2024-12-03,0.000061
米勒,认为有威胁,美国,2024-11-29,0.000061
米勒,认为有威胁,美国,2024-11-29,0.000061
米勒,认为有威胁,美国,2024-11-29,0.000061
陈晨威,攻击,张政禹,2024-11-21,0.000060
陈晨威,攻击,张政禹,2024-11-21,0.000060
台经院,认为有威胁,川普,2024-12-01,0.000060
川普,主导,美中脱钩,2024-12-03,0.000060
拜登总统,感到不满,川普,2024-12-03,0.000060
美国,主导,《日经论坛》,2024-11-29,0.000060
拜登政府官员,欢迎,川普,2024-11-27,0.000060
投审会,认可,台积电,2024-11-21,0.000060
川普,攻击,郭智辉,2024-11-07,0.000059
李彦秀,认为热情,赖清德,2024-08-09,0.000059
拜登,认为有暴力,川普,2024-08-27,0.000058
台湾,威胁,乌克兰,2024-12-04,0.000058
美国,认为可靠,台湾安全,2024-10-30,0.000058
张忠谋,认为有成就,英特尔,2024-12-02,0.000058
川普政府,质疑,赖清德,2024-12-01,0.000058
蔡正元,质疑,周玉蔻,2024-12-03,0.000057
川普,认为非法,墨西哥,2024-11-27,0.000057
川普,认为非法,墨西哥,2024-11-27,0.000057
川普,认为非法,墨西哥,2024-11-27,0.000057
川普,认为非法,墨西哥,2024-11-27,0.000057
川普,认为非法,墨西哥,2024-11-29,0.000057
川普,认为非法,墨西哥,2024-11-28,0.000057
川普,认为非法,墨西哥,2024-11-27,0.000057
民主党,攻击,马斯克,2024-11-17,0.000057
路透社,主导,英特尔,2024-12-02,0.000057
台湾,欢迎,张淑芬,2024-11-29,0.000057
市调机构集邦科技,认为可靠,台积电,2024-11-20,0.000057
蔡正元,攻击,尹锡悦,2024-12-03,0.000057
吴子嘉,担忧,赖清德,2024-11-30,0.000057
拜登,主导,以黎停火,2024-11-29,0.000057
台积电,视作英雄,辛耘,2024-11-27,0.000056
美国,认为非法,SpaceX,2024-11-17,0.000056
德国政府,主导,半导体,2024-08-24,0.000056
习近平,认为非法,中国,2024-12-04,0.000056
亚洲投资圈,认为恐怖,台积电,2024-12-01,0.000056
乔治亚州,主导,美国,2024-11-05,0.000056
中国政府,喜欢,川普,2024-12-04,0.000056
美国,认可,马英九,2024-11-19,0.000056
美国,认为有成就,大谷翔平,2024-11-22,0.000055
美国,认为有威胁,伊朗,2024-11-29,0.000055
美国,认为有威胁,伊朗,2024-11-26,0.000055
凯萨琳・索贝克,感到不满,川普,2024-11-27,0.000055
菲力浦常务次长,欣赏,台积电,2024-11-15,0.000055
半导体,欢迎,刘德音,2024-12-04,0.000055
财信传媒,攻击,台积电,2024-11-30,0.000055
美国,相信,台湾,2024-11-19,0.000055
赖清德,攻击,周玉蔻,2024-12-03,0.000055
张建一,认为恐怖,川普,2024-11-07,0.000055
民主党,欢迎,马斯克,2024-11-17,0.000055
张超群,认为有威胁,泰国,2024-11-18,0.000055
沈富雄,认为可靠,赖清德,2024-11-10,0.000054
格里芬,感到不满,川普,2024-12-04,0.000054
川普总统,威胁,美国,2024-11-28,0.000054
刘镜清,主导,美国,2024-11-05,0.000054
刘镜清,主导,美国,2024-11-06,0.000054
刘镜清,主导,美国,2024-11-27,0.000054
中华队,攻击,日本,2024-11-23,0.000054
中华队,攻击,日本,2024-11-27,0.000054
中华队,攻击,日本,2024-11-23,0.000054
陈凤馨,质疑,川普,2024-11-02,0.000054
张忠谋,认为有威胁,美国,2024-09-11,0.000054
马斯克,支持,川普,2024-11-08,0.000054
马斯克,支持,川普,2024-11-21,0.000054
马斯克,支持,川普,2024-12-06,0.000054
马斯克,支持,川普,2024-12-05,0.000054
马斯克,支持,川普,2024-11-17,0.000054
马斯克,支持,川普,2024-11-19,0.000054
马斯克,支持,川普,2024-11-19,0.000054
马斯克,支持,川普,2024-10-27,0.000054
季辛格,担忧,川普,2024-12-03,0.000053
陈立武,相信,尹锡悦,2024-11-26,0.000053
陈立武,相信,尹锡悦,2024-11-20,0.000053
黄崇仁,认为有威胁,日本,2024-10-22,0.000053
黄崇仁,认为有威胁,日本,2024-10-24,0.000053
孙太一,担忧,川普,2024-12-02,0.000053
卓荣泰,主导,美国,2024-11-25,0.000053
杨应超,认为有暴力,台积电,2024-09-11,0.000053
泰国,主导,台商,2024-11-20,0.000053
尹锡悦,主导,「紧急戒严令」,2024-12-03,0.000053
美国,认为失败,中共围台军演,2024-11-28,0.000053
美国,认为失败,中共围台军演,2024-11-28,0.000053
川普,喜欢,马斯克,2024-11-06,0.000052
川普,喜欢,马斯克,2024-11-06,0.000052
川普,喜欢,马斯克,2024-11-17,0.000052
川普,主导,高关税政策,2024-12-05,0.000052
CNN,认为有成就,马斯克,2024-11-17,0.000052
郭智辉,主导,中美贸易战,2024-11-05,0.000052
台湾,攻击,南非,2024-11-19,0.000052
陈俊圣,认可,川普,2024-11-29,0.000052
乔治亚州,相信,川普,2024-11-05,0.000052
乔治亚州,相信,川普,2024-11-19,0.000052
克里斯・米勒,认为违规,川普,2024-10-29,0.000052
川普,认为有暴力,台湾,2024-11-19,0.000052
川普,质疑,马斯克,2024-11-06,0.000052
川普,质疑,马斯克,2024-11-17,0.000052
川普,质疑,马斯克,2024-11-17,0.000052
台湾,主导,世界棒球12强赛,2024-11-28,0.000052
刘孟俊,感到不满,川普,2024-11-30,0.000052
算能科技,感到满意,台积电,2024-11-09,0.000052
美宾州民主党,认为可靠,川普,2024-11-05,0.000051
陈凤馨,认可,川普,2024-11-16,0.000051
谢金河,感到不满,川普,2024-11-19,0.000051
谢金河,感到不满,川普,2024-11-30,0.000051
美国,认为失败,南韩戒严,2024-12-02,0.000051
范琪斐,认为可靠,川普,2024-11-14,0.000050
福冈,增进,台积电,2024-11-18,0.000050
川普,损害,韩国,2024-12-03,0.000050
杨雅絜,认为可靠,美国,2024-12-02,0.000050
蔡英文,相信,台湾,2024-11-10,0.000050
蔡英文,相信,台湾,2024-11-10,0.000050
中国,主导,晶片战争,2024-12-04,0.000050
美国,威胁,亚利桑那州,2024-11-19,0.000050
皮尤研究中心,认为可靠,美国,2024-11-27,0.000050
张政禹,攻击,江坤宇,2024-11-21,0.000050
中方,欢迎,川普,2024-12-02,0.000050
杰夫,增进,台积电,2024-11-29,0.000050
美日职棒球团,欢迎,陈杰宪,2024-11-26,0.000050
美日职棒球团,欢迎,陈杰宪,2024-11-27,0.000050
台经院,相信,川普,2024-12-01,0.000049
美国,攻击,北京,2024-11-28,0.000049
Josh,认为恐怖,美国,2024-11-21,0.000049
马斯克,认为优秀,川普,2024-12-06,0.000049
马斯克,认为优秀,川普,2024-12-05,0.000049
德国德勒斯登,认为优秀,台积电,2024-12-02,0.000049
川普,认可,Google,2024-11-29,0.000049
亚利桑那州晶圆厂,感到满意,台积电,2024-12-04,0.000049
黄崇仁,认为非法,日本,2024-10-24,0.000049
民进党,质疑,川普,2024-11-20,0.000048
陆行之,感到不满,川普,2024-12-03,0.000048
美国,认为非法,墨西哥,2024-11-26,0.000048
美国,认为非法,墨西哥,2024-11-28,0.000048
美国,认为非法,墨西哥,2024-11-29,0.000048
谢明志,主导,美国,2024-11-07,0.000048
川普,损害,林郁婷,2024-11-18,0.000048
乔治亚,感到不满,川普,2024-11-05,0.000048
川普,欣赏,马斯克,2024-11-06,0.000048
川普,欣赏,马斯克,2024-11-17,0.000048
川普,欣赏,马斯克,2024-11-17,0.000048
美国,担忧,台湾,2024-11-06,0.000048
台湾,攻击,美国,2024-11-21,0.000047
台湾,攻击,美国,2024-11-21,0.000047
台湾,攻击,美国,2024-11-02,0.000047
台湾,攻击,美国,2024-11-21,0.000047
张启楷,相信,川普,2024-11-27,0.000047
张启楷,相信,川普,2024-11-27,0.000047
张启楷,相信,川普,2024-11-27,0.000047
美国,认为优秀,拜登政府,2024-11-26,0.000047
索贝克,认可,台积电,2024-11-28,0.000047
黄文清,担忧,川普新政府,2024-12-03,0.000046
宾夕法尼亚州,相信,川普,2024-11-19,0.000046
李彦秀,认为有威胁,赖清德,2024-08-09,0.000046
川普,认为恐怖,台湾,2024-11-27,0.000046
川普,认为恐怖,台湾,2024-11-27,0.000046
川普,认为恐怖,台湾,2024-11-16,0.000046
川普,认为恐怖,台湾,2024-11-06,0.000046
林淑芬,感到不满,许铭春,2024-11-23,0.000046
美国,欢迎,黎巴嫩,2024-11-26,0.000046
外交部,相信,美国,2024-11-06,0.000046
刘扬伟,认为违规,川普,2024-12-02,0.000045
李彦秀,认可,赖清德,2024-08-09,0.000045
地方州政府,增进,台积电,2024-11-25,0.000045
德国德勒斯登,支持,台积电,2024-12-02,0.000045
川普政府,认为有威胁,美国,2024-11-27,0.000045
黄循财,质疑,川普,2024-11-05,0.000045
「台南Josh」,认为有成就,美国,2024-11-21,0.000045
中国汽车工业协会,感到不满,美国,2024-12-04,0.000045
邱智呈,认为犯罪,美国,2024-11-21,0.000045
张忠谋,认为失败,英特尔,2024-12-02,0.000045
美国,认为犯罪,拜登政府,2024-11-26,0.000044
川普,主导,关税战,2024-11-29,0.000044
川普,主导,关税战,2024-12-01,0.000044
南韩,质疑,尹锡悦,2024-11-10,0.000044
杨雅絜,认可,美国,2024-12-02,0.000044
王义川,担忧,半导体,2024-11-29,0.000044
朱凤莲,感到不满,川普,2024-11-06,0.000044
童子贤,认为可靠,台湾,2024-11-06,0.000044
台积电,感谢,供应链,2024-11-20,0.000044
民主党,主导,美中贸易大战,2024-11-18,0.000044
美国,损害,北京,2024-11-28,0.000044
美国,损害,北京,2024-11-27,0.000044
美国,损害,北京,2024-11-28,0.000044
阿本鲁,担忧,川普,2024-10-29,0.000043
川普,攻击,鸿海,2024-11-27,0.000043
美国,担忧,全球贸易战,2024-11-26,0.000043
郭正亮,质疑,川普,2024-08-03,0.000043
郭正亮,质疑,川普,2024-08-19,0.000043
蔡正元,认为有威胁,南韩政府,2024-12-03,0.000043
邱智呈,攻击,美国,2024-11-21,0.000043
陈江和,感谢,中国信托助攻台湾体育,2024-11-29,0.000043
美国,批评,川普,2024-11-15,0.000043
萨克森邦,主导,德国国庆活动,2024-10-05,0.000043
行政院,主导,半导体,2024-11-26,0.000043
行政院,主导,半导体,2024-11-26,0.000043
行政院,主导,半导体,2024-11-26,0.000043
行政院,主导,半导体,2024-11-26,0.000043
行政院,主导,半导体,2024-11-26,0.000043
行政院,主导,半导体,2024-11-25,0.000043
中国,担忧,台湾,2024-11-10,0.000043
江坤宇,损害,陈杰宪,2024-11-21,0.000043
美国,认为非法,台湾,2024-11-27,0.000043
美国,认为非法,台湾,2024-11-27,0.000043
美国,认为非法,台湾,2024-11-27,0.000043
美国,认为非法,台湾,2024-11-27,0.000043
美国,认为非法,台湾,2024-11-06,0.000043
美国,认为非法,台湾,2024-11-19,0.000043
华尔街资本,欣赏,台积电,2024-12-01,0.000043
特斯拉,视作英雄,马斯克,2024-11-25,0.000043
马斯克,损害,川普,2024-11-17,0.000042
马斯克,损害,川普,2024-11-16,0.000042
马斯克,损害,川普,2024-11-28,0.000042
美国,认为可靠,美中两国,2024-10-30,0.000042
美国,认为可靠,美中两国,2024-10-29,0.000042
美国,认为可靠,美中两国,2024-10-29,0.000042
李镇宇,认为有威胁,川普,2024-11-19,0.000042
李镇宇,认为有威胁,川普,2024-12-03,0.000042
台商,质疑,川普,2024-11-18,0.000042
蔡正元,认为有威胁,乌克兰,2024-12-03,0.000042
半导体,攻击,日本,2024-09-11,0.000042
尹锡悦,主导,戒严,2024-12-02,0.000042
尹锡悦,主导,戒严,2024-12-04,0.000042
尹锡悦,主导,戒严,2024-12-02,0.000042
美国,损害,大谷翔平,2024-11-22,0.000042
林信,欢迎,拜登,2024-11-16,0.000042
北京,威胁,美国,2024-12-03,0.000042
美联社,认为优秀,川普,2024-11-19,0.000042
美国,认为恐怖,拜登政府,2024-11-26,0.000041
索贝克,欣赏,台积电,2024-11-28,0.000041
许乃文,主导,欧盟,2024-10-29,0.000041
台积电,视作英雄,李长荣,2024-11-27,0.000041
童子贤,质疑,川普,2024-12-02,0.000041
童子贤,质疑,川普,2024-12-04,0.000041
中国政府,欣赏,川普,2024-12-04,0.000040
谢金河,认为可靠,美国,2024-10-14,0.000040
川普,损害,亚洲,2024-11-29,0.000040
非洲,主导,世界棒球经典赛,2024-11-12,0.000040
台湾,威胁,美国,2024-11-18,0.000040
台湾,威胁,美国,2024-11-21,0.000040
台湾,威胁,美国,2024-11-21,0.000040
美国,认为非法,中国,2024-11-26,0.000040
美国,威胁,伊朗,2024-11-26,0.000040
林立,攻击,江坤宇,2024-11-21,0.000040
川普,质疑,拜登政府,2024-11-27,0.000040
赖清德,认为有危机,台湾,2024-11-20,0.000040
赖清德,认为有危机,台湾,2024-12-02,0.000040
台积电,主导,举报,2024-10-28,0.000040
川普,感到满意,马斯克,2024-11-17,0.000040
共和党,主导,《晶片法案》,2024-12-04,0.000039
刘镜清,担忧,川普,2024-11-07,0.000039
刘镜清,担忧,川普,2024-11-12,0.000039
刘镜清,担忧,川普,2024-11-27,0.000039
刘镜清,担忧,川普,2024-11-20,0.000039
刘镜清,担忧,川普,2024-11-20,0.000039
刘镜清,担忧,川普,2024-11-20,0.000039
刘镜清,担忧,川普,2024-11-20,0.000039
民进党,感到不满,陈玉珍,2024-11-26,0.000039
林信,感谢,拜登,2024-11-16,0.000039
徐遵慈,担忧,川普,2024-11-18,0.000039
美国,认为有危机,美国,2024-10-18,0.000039
美国,认为有危机,美国,2024-10-29,0.000039
美国,认为有危机,美国,2024-10-27,0.000039
川普,主导,新政府,2024-11-28,0.000039
川普,主导,新政府,2024-11-15,0.000039
邱智呈,认为失败,美国,2024-11-21,0.000039
信义房屋不动产企研室,威胁,台积电,2024-11-05,0.000039
蔡文瑞,认可,川普,2024-11-18,0.000039
陈挥文,质疑,赖清德,2024-11-06,0.000038
陈挥文,质疑,赖清德,2024-11-06,0.000038
陈挥文,质疑,赖清德,2024-11-06,0.000038
陈挥文,质疑,赖清德,2024-11-06,0.000038
川普,认为失败,贺锦丽,2024-11-08,0.000038
川普,认为失败,贺锦丽,2024-11-26,0.000038
美国,损害,台积,2024-10-31,0.000038
束崇万,担忧,川普,2024-11-19,0.000038
北京,攻击,美国,2024-12-03,0.000038
林祖嘉,认为犯罪,川普,2024-11-29,0.000038
刘德音,质疑,川普,2024-11-26,0.000038
刘德音,质疑,川普,2024-12-02,0.000038
刘德音,质疑,川普,2024-12-02,0.000038
童子贤今,感到不满,川普,2024-12-02,0.000038
美国,认为有威胁,俄罗斯,2024-12-03,0.000038
郭书廷,认可,特朗普,2024-10-24,0.000037
刘扬伟,喜欢,川普,2024-12-02,0.000037
华尔街经济学家,相信,川普,2024-10-30,0.000037
马斯克,支持,特朗普,2024-10-29,0.000037
马斯克,支持,特朗普,2024-10-28,0.000037
张忠谋,感到不满,刘德音,2024-11-26,0.000037
美商务部,相信,川普,2024-11-15,0.000037
邱泰源,感到不满,何佩珊,2024-11-20,0.000037
民进党,感到不满,尹锡悦,2024-12-02,0.000037
郭加泳,担忧,美国,2024-10-24,0.000037
美商务部,质疑,川普,2024-11-15,0.000037
全福生技,攻击,台积电,2024-11-29,0.000037
美国,担忧,川普2.0时代来临,2024-11-06,0.000037
尹锡悦,主导,南韩戒严,2024-12-04,0.000037
尹锡悦,主导,南韩戒严,2024-12-02,0.000037
张启楷,担忧,川普,2024-11-27,0.000037
张启楷,担忧,川普,2024-11-27,0.000037
张启楷,担忧,川普,2024-11-27,0.000037
张启楷,担忧,川普,2024-11-27,0.000037
李镇宇,认可,川普,2024-12-03,0.000036
美国,损害,台湾企业,2024-11-19,0.000036
美国,损害,台湾企业,2024-11-19,0.000036
美国,损害,台湾企业,2024-11-19,0.000036
美国,支持,中国科技巨头华为,2024-10-26,0.000036
美国,支持,中国科技巨头华为,2024-10-26,0.000036
美国,支持,中国科技巨头华为,2024-09-21,0.000036
美国,支持,中国科技巨头华为,2024-10-04,0.000036
美国,支持,中国科技巨头华为,2024-09-27,0.000036
美国,支持,中国科技巨头华为,2024-10-16,0.000036
美国,支持,中国科技巨头华为,2024-08-06,0.000036
美国,支持,中国科技巨头华为,2024-08-20,0.000036
美国,支持,中国科技巨头华为,2024-10-20,0.000036
美国,支持,中国科技巨头华为,2024-10-16,0.000036
美国,支持,中国科技巨头华为,2024-10-12,0.000036
美国,支持,中国科技巨头华为,2024-10-13,0.000036
邱智呈,威胁,美国,2024-11-21,0.000036
邱智呈,威胁,美国,2024-11-21,0.000036
拜登,损害,台湾,2024-11-09,0.000036
川普,认为可靠,墨西哥,2024-11-27,0.000036
刘博士,支持,台积电,2024-11-26,0.000036
连贤明,担忧,川普,2024-11-07,0.000036
连贤明,担忧,川普,2024-11-07,0.000036
连贤明,认为可靠,川普,2024-11-07,0.000036
李同荣,担忧,川普,2024-11-10,0.000036
刘扬伟,欣赏,川普,2024-12-02,0.000036
李同荣,相信,川普,2024-11-10,0.000035
地方州政府,支持,台积电,2024-11-25,0.000035
金正恩,威胁,美国,2024-11-21,0.000035
美国,攻击,伊朗,2024-11-26,0.000035
九州地区,认可,台积电,2024-11-18,0.000035
陈俊圣,感到不满,川普,2024-11-29,0.000035
特朗普,威胁,芯片,2024-10-29,0.000035
美国,认为违规,《晶片法案》,2024-12-04,0.000035
台湾,认为有威胁,美国,2024-11-21,0.000035
陈晨威,攻击,江坤宇,2024-11-21,0.000035
陈晨威,攻击,江坤宇,2024-11-21,0.000035
美国,欢迎,禾赛,2024-11-27,0.000035
赖清德,喜欢,周玉蔻,2024-12-01,0.000035
贝佐斯,欢迎,川普,2024-12-06,0.000035
贝佐斯,欢迎,川普,2024-12-06,0.000035
贝佐斯,欢迎,川普,2024-12-05,0.000035
李纬章,质疑,美国,2024-12-03,0.000035
赖清德,损害,台湾,2024-11-20,0.000034
蔡正元,认为失败,南韩,2024-12-03,0.000034
韩国,认为有威胁,台湾,2024-11-19,0.000034
川普,攻击,贺锦丽,2024-11-26,0.000034
美国,认为可靠,免关税协定,2024-12-01,0.000034
风传媒,认为非法,美国,2024-11-16,0.000034
美国,损害,乌克兰,2024-12-03,0.000034
川普政府,认为有威胁,北京,2024-11-27,0.000034
川普政府,认为有威胁,北京,2024-11-28,0.000034
黄仁勋,感谢,马斯克,2024-11-28,0.000034
习近平,主导,贸易战,2024-11-06,0.000034
台湾,感谢,清水建设所有成员,2024-12-03,0.000034
TVBS新闻网,相信,赖清德,2024-11-30,0.000033
美国,认为可靠,出口管制法规,2024-10-23,0.000033
山本由伸,欢迎,道奇,2024-11-27,0.000033
美国,攻击,日本,2024-11-19,0.000033
美国,担忧,墨西哥,2024-11-29,0.000033
民进党,欣赏,特朗普,2024-11-19,0.000033
张陈浩,质疑,川普,2024-11-26,0.000033
张陈浩,质疑,川普,2024-11-26,0.000033
孙明德,认为可靠,川普,2024-11-07,0.000033
白宫,感到不满,英特尔,2024-11-28,0.000033
白宫,感到不满,英特尔,2024-11-29,0.000033
乌克兰,认为失败,俄乌战争,2024-11-10,0.000033
南卡罗来纳州,认可,美国,2024-10-01,0.000033
民进党,相信,美国,2024-11-21,0.000033
刘镜清,相信,特朗普,2024-11-05,0.000033
台积电,感到满意,恒水创电,2024-12-04,0.000033
美国,威胁,乌克兰,2024-11-29,0.000033
美国,威胁,乌克兰,2024-12-03,0.000033
陈江和,欢迎,中国信托助攻台湾体育,2024-11-29,0.000033
台积电,主导,「台中零废制造中心」,2024-11-12,0.000033
陈沅易,质疑,川普,2024-11-07,0.000033
陈沅易,质疑,川普,2024-11-07,0.000033
罗承烨,攻击,陈冠伟,2024-11-13,0.000033
马斯克,质疑,美国,2024-11-28,0.000032
川普,损害,中国,2024-11-28,0.000032
川普,损害,中国,2024-11-25,0.000032
川普,损害,中国,2024-11-19,0.000032
川普,损害,中国,2024-12-01,0.000032
川普,损害,中国,2024-12-04,0.000032
川普,损害,中国,2024-11-07,0.000032
民进党,感谢,尹锡悦,2024-12-02,0.000032
张建一,认为违规,川普,2024-11-07,0.000032
阿本鲁,感到不满,川普,2024-10-29,0.000032
蔡政府,主导,拜登政府,2024-11-21,0.000032
范琪斐,质疑,川普,2024-11-14,0.000032
凯萨琳・索贝克,相信,川普,2024-11-27,0.000032
黄教漳,认为恐怖,川普,2024-11-16,0.000032
台积电,损害,中国IC设计产业,2024-12-01,0.000032
蔡正元,威胁,尹锡悦,2024-12-04,0.000032
蔡正元,威胁,尹锡悦,2024-12-03,0.000032
蔡正元,威胁,尹锡悦,2024-12-03,0.000032
郭智辉,认为失败,美中贸易战,2024-12-02,0.000031
郭智辉,认为失败,美中贸易战,2024-12-02,0.000031
江国豪,认为有威胁,台湾,2024-11-21,0.000031
台湾,认为有威胁,韩国,2024-11-23,0.000031
蔡正元,认为非法,南韩,2024-12-03,0.000031
蔡正元,认为非法,南韩,2024-12-03,0.000031
半导体,欢迎,高雄,2024-10-10,0.000031
美国,认为可靠,关税新政,2024-12-01,0.000031
唐纳德·川普,攻击,台湾,2024-12-01,0.000031
白宫,质疑,英特尔,2024-11-28,0.000031
白宫,质疑,英特尔,2024-11-29,0.000031
民进党,感到不满,台湾,2024-11-09,0.000031
台积电,主导,「乐无界教育计划」,2024-10-29,0.000031
台积电,感谢,供应商伙伴,2024-12-02,0.000031
韩联社,认为可靠,美国,2024-12-03,0.000031
蔡正元,感到满意,尹锡悦,2024-12-05,0.000031
驻旧金山总领馆,认为可靠,中美地方交往,2024-12-03,0.000031
最高法院,认为犯罪,川普,2024-08-28,0.000030
俄罗斯,认为失败,乌克兰,2024-12-03,0.000030
蔡英文,认为有威胁,台湾,2024-11-21,0.000030
黄宏治,担忧,川普,2024-11-28,0.000030
蔡明彦,认为恐怖,美国,2024-11-06,0.000030
美商务部,认为非法,美国,2024-10-30,0.000030
美商务部,认为非法,美国,2024-10-30,0.000030
朱汉仑,主导,美国,2024-11-19,0.000030
美媒,认为优秀,川普,2024-11-06,0.000030
欧洲,主导,世界棒球经典赛,2024-11-12,0.000030
乔治亚,欢迎,川普,2024-11-05,0.000030
日本,视作英雄,林白,2024-11-27,0.000030
李彦秀,认为失败,赖清德,2024-08-09,0.000030
英特尔执行长,威胁,台积电,2024-12-03,0.000030
川普政府,威胁,赖清德,2024-12-01,0.000030
贺锦丽,感到不满,拜登,2024-10-29,0.000030
陈奕光,认可,美国,2024-11-26,0.000030
连贤明,感到不满,川普,2024-11-07,0.000030
连贤明,感到不满,川普,2024-11-07,0.000030
川普,攻击,林郁婷,2024-11-09,0.000030
川普,攻击,林郁婷,2024-11-18,0.000030
邱议莹,质疑,川普,2024-11-20,0.000030
民进党,损害,周玉蔻,2024-12-03,0.000030
蔡正元,认为失败,尹锡悦,2024-12-03,0.000030
高柏铠,认为失败,纽西兰,2024-11-20,0.000030
杨瑞临,认可,川普,2024-11-22,0.000030
台经院,质疑,川普,2024-12-01,0.000029
台经院,质疑,川普,2024-11-06,0.000029
中国,认为失败,中美贸易战,2024-11-29,0.000029
中国,认为失败,中美贸易战,2024-10-29,0.000029
拜登政府,主导,芯片,2024-10-29,0.000029
马斯克,视作英雄,特朗普,2024-11-28,0.000029
赖士葆,相信,川普,2024-11-19,0.000029
川普,主导,遣返非法移民政策,2024-11-25,0.000029
风传媒,欢迎,半导体,2024-11-30,0.000029
林佳龙,认为有威胁,台湾,2024-10-07,0.000029
美国,喜欢,拉布拉多犬,2024-12-02,0.000029
童子贤今,损害,川普,2024-12-02,0.000029
魏哲家,认可,美国,2024-12-03,0.000029
马克宏,欢迎,川普,2024-11-13,0.000029
英飞凌,主导,半导体,2024-12-02,0.000029
川普,认为犯罪,半导体,2024-12-01,0.000029
民进党,相信,高雄,2024-11-27,0.000029
川普政府,认可,台湾,2024-11-19,0.000029
杰琳,质疑,美国,2024-12-03,0.000029
陈良基,质疑,台湾,2024-11-24,0.000028
蔡正元,认为可靠,郭智辉,2024-10-17,0.000028
中国外交部,攻击,川普,2024-11-27,0.000028
川普,认为恐怖,半导体,2024-12-01,0.000028
美国,视作英雄,魏哲家,2024-11-16,0.000028
克里斯・米勒,认为缺乏,川普,2024-10-29,0.000028
马斯克,喜欢,川普,2024-11-08,0.000028
马斯克,喜欢,川普,2024-11-06,0.000028
马斯克,喜欢,川普,2024-11-21,0.000028
马斯克,喜欢,川普,2024-12-06,0.000028
马斯克,喜欢,川普,2024-12-05,0.000028
马斯克,喜欢,川普,2024-11-17,0.000028
马斯克,喜欢,川普,2024-11-17,0.000028
陈奕光,质疑,美国,2024-11-26,0.000028
《晶片与科学法案》,认为优秀,台积电,2024-11-16,0.000028
赖清德,质疑,蔡正元,2024-12-03,0.000028
郑崇华,认为可靠,台湾,2024-10-29,0.000028
索贝克,认为有成就,台积电,2024-11-28,0.000028
索贝克,认为有成就,台积电,2024-11-27,0.000028
索贝克,认为有成就,台积电,2024-11-28,0.000028
索贝克,认为有成就,台积电,2024-11-28,0.000028
索贝克,认为有成就,台积电,2024-11-28,0.000028
郭加泳,认可,美国,2024-10-24,0.000028
民进党政府,相信,美国,2024-11-21,0.000028
民进党政府,相信,美国,2024-11-21,0.000028
金管会,认为优秀,台积电,2024-12-02,0.000028
金管会,认为优秀,台积电,2024-12-02,0.000028
美国,认为恐怖,大谷翔平,2024-11-22,0.000028
拜登,认为有危机,美国,2024-11-14,0.000028
美国,损害,英伟达,2024-11-05,0.000028
美国,主导,川普风暴回归,2024-11-26,0.000028
刘扬伟,认为缺乏,川普,2024-12-02,0.000028
郭智辉,感到不满,傅崐萁,2024-11-18,0.000028
郭智辉,感到不满,傅崐萁,2024-11-18,0.000028
李彦秀,认为非法,赖清德,2024-08-09,0.000028
郭加泳,认为有威胁,美国,2024-10-24,0.000027
台积电,主导,赴美建厂,2024-11-25,0.000027
台积电,主导,赴美建厂,2024-11-25,0.000027
台积电,主导,赴美建厂,2024-11-25,0.000027
台积电,主导,赴美建厂,2024-11-25,0.000027
台积电,主导,赴美建厂,2024-11-25,0.000027
福斯电视台,欢迎,川普,2024-10-24,0.000027
郭智辉,主导,川普新政,2024-11-28,0.000027
曾文生,认为非法,日本,2024-11-19,0.000027
民主党,认为有危机,川普,2024-11-19,0.000027
张忠谋,欢迎,黄仁勋,2024-11-28,0.000027
张忠谋,欢迎,黄仁勋,2024-11-28,0.000027
张忠谋,欢迎,黄仁勋,2024-11-27,0.000027
旧金山,认为有威胁,台湾,2024-11-26,0.000027
信义房屋不动产企研室,损害,台积电,2024-11-05,0.000027
索贝克,认为缺乏,台积电,2024-11-28,0.000027
索贝克,认为缺乏,台积电,2024-11-27,0.000027
美国,攻击,古巴,2024-12-01,0.000027
陈俊圣,认为有成就,川普,2024-11-29,0.000027
韩国总统尹锡悦,主导,全国紧急戒严令,2024-12-03,0.000027
华尔街经济学家,认为可靠,川普,2024-10-30,0.000027
赖清德,认为恐怖,台湾,2024-11-20,0.000027
曾敬德,担忧,川普,2024-11-05,0.000027
南韩政府,质疑,三星,2024-11-27,0.000026
蔡正元,担忧,韩国戒严,2024-12-04,0.000026
连贤明,相信,川普,2024-11-07,0.000026
连贤明,相信,川普,2024-11-07,0.000026
季辛格,认为非法,美国,2024-12-03,0.000026
中国外交部,威胁,川普,2024-11-27,0.000026
南韩政府,认可,三星,2024-11-27,0.000026
陈凤馨,认为恐怖,川普,2024-11-06,0.000026
张建一,认为缺乏,川普,2024-11-07,0.000026
川普,损害,大陆,2024-12-01,0.000026
川普,损害,大陆,2024-12-01,0.000026
九州地区,喜欢,台积电,2024-11-18,0.000026
立法院经委会,认为有成就,台积电,2024-11-06,0.000026
美国,批评,三星,2024-09-03,0.000026
信义房屋不动产企研室,认为有威胁,台积电,2024-11-05,0.000026
台积电,主导,赴美开董事会,2024-12-01,0.000026
美国,欣赏,中国科技巨头华为,2024-08-20,0.000026
美国,欣赏,中国科技巨头华为,2024-10-16,0.000026
美国,欣赏,中国科技巨头华为,2024-10-12,0.000026
川普新政府,质疑,赖清德,2024-12-01,0.000026
基辛格,损害,半导体,2024-12-02,0.000026
希拉里·克林顿,攻击,川普,2024-11-19,0.000026
台湾,认为有危机,美国,2024-11-21,0.000025
韩国,损害,尹锡悦,2024-12-02,0.000025
韩国,损害,尹锡悦,2024-11-12,0.000025
陈晨威,欢迎,张政禹,2024-11-21,0.000025
美国,认为非法,中国科技巨头华为,2024-10-19,0.000025
童子贤今,质疑,川普,2024-12-02,0.000025
宾夕法尼亚州,质疑,川普,2024-11-19,0.000025
郭正亮,认为有威胁,美国,2024-11-05,0.000025
郭正亮,认为有威胁,美国,2024-11-09,0.000025
江坤宇安,欢迎,Jessy,2024-11-21,0.000025
格里芬,认为有威胁,川普,2024-12-04,0.000025
美国,主导,关税战,2024-11-27,0.000025
美国,主导,关税战,2024-11-29,0.000025
《纽约时报》北京分社,质疑,川普,2024-11-25,0.000025
蔡英文,认为非法,台湾,2024-11-21,0.000025
赖瑞隆,感到不满,川普,2024-11-19,0.000025
台湾,损害,北京,2024-11-27,0.000025
美国,威胁,俄罗斯,2024-12-03,0.000025
川普,认为有危机,美台关系,2024-11-16,0.000025
俄罗斯,认为有威胁,乌克兰,2024-12-03,0.000025
俄罗斯,认为有威胁,乌克兰,2024-12-03,0.000025
美国,欣赏,世界棒球经典赛,2024-11-12,0.000025
泰国,视作英雄,川普,2024-12-01,0.000025
密歇根州,感到满意,川普,2024-11-19,0.000025
谷立言,担忧,台湾,2024-10-29,0.000025
墨西哥,威胁,川普,2024-12-02,0.000025
希拉里·克林顿,认可,川普,2024-11-19,0.000025
华盛顿,主导,大西洋理事会,2024-11-19,0.000025
亚洲,主导,世界棒球经典赛,2024-11-12,0.000025
美国,支持,台湾,2024-09-02,0.000024
美国,支持,台湾,2024-11-27,0.000024
美国,支持,台湾,2024-11-19,0.000024
杨伟文,主导,智胜科技,2024-11-29,0.000024
美国,认为有威胁,加拿大,2024-11-27,0.000024
美国,认为有威胁,加拿大,2024-11-26,0.000024
美国,认为有威胁,加拿大,2024-11-26,0.000024
美国,认为有威胁,加拿大,2024-11-29,0.000024
美国,认为有威胁,加拿大,2024-12-02,0.000024
美国,认为有威胁,加拿大,2024-11-27,0.000024
孙明德,感到不满,川普,2024-11-19,0.000024
孙明德,感到不满,川普,2024-11-08,0.000024
孙明德,感到不满,川普,2024-11-07,0.000024
美国,增进,半导体,2024-11-29,0.000024
美国,增进,半导体,2024-12-03,0.000024
美国,增进,半导体,2024-10-28,0.000024
美国,增进,半导体,2024-12-03,0.000024
美国,增进,半导体,2024-11-22,0.000024
美国,增进,半导体,2024-12-04,0.000024
美国,增进,半导体,2024-12-04,0.000024
美国,增进,半导体,2024-12-02,0.000024
美国,增进,半导体,2024-12-02,0.000024
美国,增进,半导体,2024-12-01,0.000024
拜登,损害,亚利桑那州,2024-11-19,0.000024
陈世凯,认为有暴力,川普,2024-08-03,0.000024
拜登,认为非法,以色列,2024-11-28,0.000024
张忠谋,认为有威胁,黄仁勋,2024-11-28,0.000024
美宾州民主党,认可,川普,2024-11-05,0.000024
童子贤,认为有威胁,川普,2024-12-02,0.000024
周玉蔻,感到不满,卢秀燕,2024-12-01,0.000024
陈俊圣,质疑,川普,2024-11-29,0.000024
美国,视作英雄,Ryan Ward,2024-11-24,0.000024
美国,视作英雄,Ryan Ward,2024-11-24,0.000024
凯萨琳・索贝克,质疑,川普,2024-11-27,0.000024
莫迪,相信,川普,2024-11-05,0.000024
唐纳德·川普,认为可靠,亚利桑那州,2024-11-19,0.000024
乔治亚州,感到满意,川普,2024-11-19,0.000023
拜登,欣赏,中国大陆,2024-11-21,0.000023
刘孟俊,质疑,川普,2024-11-30,0.000023
刘孟俊,质疑,川普,2024-11-29,0.000023
王信贤,认为可靠,川普,2024-10-30,0.000023
孙明德,认可,川普,2024-11-07,0.000023
郑正钤,增进,台积电,2024-11-27,0.000023
郑正钤,增进,台积电,2024-11-27,0.000023
郑正钤,增进,台积电,2024-11-27,0.000023
美国,损害,亚利桑那州,2024-11-19,0.000023
川普,损害,辉达,2024-11-05,0.000023
川普,损害,辉达,2024-11-05,0.000023
英国经济学人,主导,美中贸易战,2024-11-14,0.000023
谢衣凤,担忧,川普,2024-11-19,0.000023
蔡明彦,感到不满,林楚茵,2024-11-19,0.000023
洪玉婷,担忧,川普,2024-12-06,0.000023
米勒,威胁,川普,2024-12-04,0.000023
米勒,威胁,川普,2024-11-29,0.000023
华尔街经济学家,感到不满,川普,2024-10-30,0.000023
刘大年,感到不满,川普,2024-11-08,0.000023
美国,欢迎,美国,2024-10-30,0.000023
法新社,欢迎,拜登,2024-11-19,0.000023
拜登政府,认为可靠,中国,2024-10-29,0.000023
厦门,质疑,华为,2024-11-27,0.000023
国防部,认为非法,美国,2024-10-20,0.000023
富兰克林,认为有威胁,南韩,2024-12-02,0.000023
"拜登
政府",主导,美国,2024-11-07,0.000023
台积电,支持,长许峻郎,2024-10-29,0.000023
梁博超,相信,川普,2024-11-28,0.000023
美中对抗,相信,川普,2024-12-02,0.000023
台湾科技公司,认为可靠,美国,2024-08-19,0.000022
台湾科技公司,认为可靠,美国,2024-10-26,0.000022
台湾科技公司,认为可靠,美国,2024-10-21,0.000022
台湾科技公司,认为可靠,美国,2024-10-19,0.000022
台湾科技公司,认为可靠,美国,2024-09-23,0.000022
台湾科技公司,认为可靠,美国,2024-10-21,0.000022
台湾科技公司,认为可靠,美国,2024-10-26,0.000022
台湾科技公司,认为可靠,美国,2024-10-24,0.000022
台湾科技公司,认为可靠,美国,2024-09-04,0.000022
台湾科技公司,认为可靠,美国,2024-09-21,0.000022
台湾科技公司,认为可靠,美国,2024-08-28,0.000022
台湾科技公司,认为可靠,美国,2024-08-04,0.000022
台湾科技公司,认为可靠,美国,2024-10-17,0.000022
台湾科技公司,认为可靠,美国,2024-09-05,0.000022
台湾科技公司,认为可靠,美国,2024-10-04,0.000022
台湾科技公司,认为可靠,美国,2024-10-10,0.000022
台湾科技公司,认为可靠,美国,2024-09-27,0.000022
台湾科技公司,认为可靠,美国,2024-10-14,0.000022
台湾科技公司,认为可靠,美国,2024-10-27,0.000022
台湾科技公司,认为可靠,美国,2024-09-18,0.000022
台湾科技公司,认为可靠,美国,2024-09-03,0.000022
台湾科技公司,认为可靠,美国,2024-10-16,0.000022
台湾科技公司,认为可靠,美国,2024-08-06,0.000022
台湾科技公司,认为可靠,美国,2024-08-06,0.000022
台湾科技公司,认为可靠,美国,2024-09-09,0.000022
台湾科技公司,认为可靠,美国,2024-08-24,0.000022
台湾科技公司,认为可靠,美国,2024-08-20,0.000022
台湾科技公司,认为可靠,美国,2024-10-20,0.000022
台湾科技公司,认为可靠,美国,2024-10-16,0.000022
台湾科技公司,认为可靠,美国,2024-09-29,0.000022
台湾科技公司,认为可靠,美国,2024-08-29,0.000022
台湾科技公司,认为可靠,美国,2024-10-26,0.000022
台湾科技公司,认为可靠,美国,2024-10-12,0.000022
台湾科技公司,认为可靠,美国,2024-10-12,0.000022
台湾科技公司,认为可靠,美国,2024-10-13,0.000022
台湾科技公司,认为可靠,美国,2024-08-30,0.000022
台湾科技公司,认为可靠,美国,2024-08-06,0.000022
台湾科技公司,认为可靠,美国,2024-10-20,0.000022
台湾科技公司,认为可靠,美国,2024-10-20,0.000022
台湾科技公司,认为可靠,美国,2024-10-19,0.000022
台湾科技公司,认为可靠,美国,2024-10-20,0.000022
台湾科技公司,认为可靠,美国,2024-10-19,0.000022
川普,主导,法国大选,2024-11-21,0.000022
郭智辉,认为可靠,高雄,2024-11-27,0.000022
郭智辉,认为可靠,高雄,2024-11-27,0.000022
范琪斐,认为有威胁,川普,2024-11-14,0.000022
克鲁曼,担忧,川普,2024-11-24,0.000022
薛健吾,认为优秀,特朗普,2024-10-24,0.000022
外交部,质疑,美国,2024-11-06,0.000022
美国,主导,DIU,2024-10-17,0.000022
美国,认为有暴力,大谷翔平,2024-11-22,0.000022
史哲,支持,林永胜,2024-11-29,0.000022
刘德音,认为优秀,美国,2024-11-26,0.000022
川普,主导,新川普时代,2024-11-19,0.000022
中国,攻击,台湾,2024-11-28,0.000022
中国,攻击,台湾,2024-11-30,0.000022
中国,攻击,台湾,2024-11-19,0.000022
中国,攻击,台湾,2024-10-18,0.000022
中国,攻击,台湾,2024-11-19,0.000022
林祖嘉,质疑,川普,2024-11-30,0.000022
林祖嘉,质疑,川普,2024-11-29,0.000022
美国,欢迎,台湾,2024-12-04,0.000022
美国,欢迎,台湾,2024-11-19,0.000022
光通讯台厂,主导,美中贸易战,2024-11-28,0.000022
林祖嘉,威胁,川普,2024-11-29,0.000022
吴志中,质疑,川普,2024-11-05,0.000022
台湾,支持,美国,2024-10-29,0.000022
川普,认为有危机,中国,2024-11-28,0.000022
陆行之,质疑,川普,2024-12-04,0.000021
台经院,威胁,川普,2024-12-01,0.000021
乔治亚州,认为热情,川普,2024-11-19,0.000021
乔治亚州,认为热情,川普,2024-11-19,0.000021
半导体,认为违规,美国,2024-12-04,0.000021
半导体,认为违规,美国,2024-12-04,0.000021
郭智辉,认为失败,川普,2024-11-06,0.000021
郭智辉,认为失败,川普,2024-11-19,0.000021
郭智辉,攻击,川普,2024-11-19,0.000021
郭智辉,攻击,川普,2024-11-06,0.000021
郭智辉,攻击,川普,2024-11-19,0.000021
郭智辉,攻击,川普,2024-11-08,0.000021
杨瑞临,质疑,川普,2024-11-22,0.000021
商务部,认为可靠,美国,2024-11-19,0.000021
蔡英文,欢迎,美国,2024-11-19,0.000021
吴诚文,认为有威胁,美国,2024-11-21,0.000021
美国,认为有威胁,美国,2024-11-28,0.000021
美国,认为有威胁,美国,2024-10-18,0.000021
美国,认为有威胁,美国,2024-10-19,0.000021
美国,认为有威胁,美国,2024-10-29,0.000021
美国,认为有威胁,美国,2024-10-27,0.000021
梁博超,感到不满,川普,2024-11-28,0.000021
外交部,感到不满,美国,2024-11-06,0.000021
贝佐斯,感谢,川普,2024-12-06,0.000021
贝佐斯,感谢,川普,2024-12-06,0.000021
贝佐斯,感谢,川普,2024-12-05,0.000021
谢金河,主导,中美贸易战,2024-11-10,0.000021
谢衣凤,相信,川普,2024-11-19,0.000021
张建一,认为优秀,川普,2024-11-07,0.000021
魏哲家,认为有威胁,英特尔,2024-10-23,0.000021
蔡正元,主导,韩国戒严,2024-12-04,0.000021
美国,认为犯罪,美国,2024-10-29,0.000021
蔡正元,主导,南韩戒严,2024-12-03,0.000021
蔡正元,主导,南韩戒严,2024-12-03,0.000021
台湾球迷,感谢,美国,2024-11-23,0.000021
白宫,担忧,英特尔,2024-11-28,0.000020
白宫,担忧,英特尔,2024-11-29,0.000020
赖士葆,质疑,川普,2024-11-19,0.000020
台视新闻网,欢迎,川普,2024-11-21,0.000020
吴诚文,质疑,川普,2024-11-28,0.000020
吴诚文,质疑,川普,2024-11-27,0.000020
吴诚文,质疑,川普,2024-11-27,0.000020
吴诚文,质疑,川普,2024-11-27,0.000020
吴诚文,质疑,川普,2024-11-27,0.000020
吴诚文,质疑,川普,2024-11-27,0.000020
吴诚文,质疑,川普,2024-11-27,0.000020
吴诚文,质疑,川普,2024-11-28,0.000020
吴诚文,质疑,川普,2024-11-27,0.000020
吴诚文,质疑,川普,2024-11-20,0.000020
中国汽车工业协会,质疑,美国,2024-12-04,0.000020
郭智辉,认为热情,川普,2024-11-19,0.000020
林祖嘉,视作英雄,美国,2024-11-29,0.000020
美国,认为失败,委内瑞拉,2024-11-21,0.000020
美国,认为失败,委内瑞拉,2024-11-24,0.000020
美国,认为失败,委内瑞拉,2024-11-23,0.000020
美国,认为失败,委内瑞拉,2024-11-24,0.000020
美国,认为失败,委内瑞拉,2024-11-23,0.000020
美国,认为失败,委内瑞拉,2024-11-23,0.000020
美国,认为失败,委内瑞拉,2024-11-23,0.000020
美国,认为失败,委内瑞拉,2024-11-23,0.000020
范琪斐,认可,川普,2024-11-14,0.000020
马斯克,视作英雄,川普,2024-11-21,0.000020
马斯克,视作英雄,川普,2024-12-05,0.000020
马斯克,视作英雄,川普,2024-11-19,0.000020
美国,支持,美国,2024-11-26,0.000020
美国,支持,美国,2024-10-29,0.000020
风传媒,相信,台湾,2024-11-27,0.000020
美国,攻击,直升机队,2024-11-19,0.000020
李彦秀,威胁,赖清德,2024-08-09,0.000020
法新社,相信,三星,2024-11-27,0.000020
密歇根州,认为热情,川普,2024-11-19,0.000020
蔡正元,认为有威胁,南韩,2024-12-03,0.000020
蔡正元,认为有威胁,南韩,2024-12-04,0.000020
蔡正元,认为有威胁,南韩,2024-12-03,0.000020
蔡正元,认为有威胁,南韩,2024-12-03,0.000020
民主党,支持,台湾,2024-11-05,0.000020
台积电,欢迎,小朋友们,2024-10-25,0.000020
台经院,认为有成就,川普,2024-12-01,0.000020
马斯克,认为缺乏,特斯拉,2024-12-01,0.000020
陈凤馨,认为违规,川普,2024-11-16,0.000020
江坤宇,认为有威胁,美国,2024-11-21,0.000020
江坤宇,认为有威胁,美国,2024-11-21,0.000020
江坤宇,认为有威胁,美国,2024-11-21,0.000020
江坤宇,认为有威胁,美国,2024-11-21,0.000020
川普,增进,半导体,2024-11-19,0.000020
川普,增进,半导体,2024-11-26,0.000020
川普,增进,半导体,2024-12-01,0.000020
陈其迈,认为失败,半导体,2024-11-26,0.000020
陈其迈,认为失败,半导体,2024-11-26,0.000020
陈其迈,认为失败,半导体,2024-11-26,0.000020
郭书廷,认为有威胁,特朗普,2024-10-24,0.000020
徐遵慈,相信,川普,2024-11-18,0.000020
关中,主导,美国,2024-09-14,0.000020
欧洲,威胁,台湾,2024-12-03,0.000020
马斯克,感到满意,川普,2024-11-08,0.000020
马斯克,感到满意,川普,2024-11-21,0.000020
马斯克,感到满意,川普,2024-11-17,0.000020
习近平,认为有威胁,中国,2024-12-04,0.000020
美国,质疑,政府,2024-11-28,0.000020
美国,质疑,政府,2024-11-29,0.000020
拜登政府,认为有威胁,美国,2024-12-03,0.000020
陈其迈,认可,半导体,2024-11-26,0.000020
台积电,增进,恒水创电,2024-12-04,0.000020
范琪斐,感到不满,川普,2024-11-14,0.000019
川普总统,认为违规,美国,2024-11-28,0.000019
中国,攻击,芯片,2024-11-20,0.000019
川普政府,认为有成就,半导体,2024-12-01,0.000019
许先生,主导,特朗普,2024-10-24,0.000019
张建一,感到满意,川普,2024-11-07,0.000019
薛恩鲍姆,感到不满,川普,2024-12-02,0.000019
中国,认为有威胁,台湾,2024-10-18,0.000019
中国,认为有威胁,台湾,2024-11-19,0.000019
中国,认为有威胁,台湾,2024-11-10,0.000019
民进党,支持,特朗普,2024-11-19,0.000019
蔡英文,认可,台湾,2024-11-21,0.000019
美国,主导,全新AWS数据中心,2024-12-03,0.000019
王信贤,认可,川普,2024-10-30,0.000019
郭正亮,质疑,美国,2024-10-09,0.000019
台湾,主导,新川普时代,2024-11-19,0.000019
中国,增进,半导体,2024-11-14,0.000019
中国,增进,半导体,2024-12-04,0.000019
中国,增进,半导体,2024-12-03,0.000019
郭正亮,质疑,赖清德,2024-11-19,0.000019
萨克森邦,认为可靠,台德,2024-10-05,0.000019
马斯克,认为违规,特斯拉,2024-12-01,0.000019
德国,认为失败,俄乌战争,2024-11-18,0.000019
德国,认为失败,俄乌战争,2024-11-15,0.000019
美国,主导,怀特公司,2024-11-19,0.000019
美国,认为有威胁,墨西哥,2024-11-27,0.000019
美国,认为有威胁,墨西哥,2024-11-26,0.000019
美国,认为有威胁,墨西哥,2024-11-26,0.000019
美国,认为有威胁,墨西哥,2024-11-26,0.000019
美国,认为有威胁,墨西哥,2024-11-28,0.000019
美国,认为有威胁,墨西哥,2024-12-02,0.000019
美国,认为有威胁,墨西哥,2024-11-29,0.000019
美国,认为有威胁,墨西哥,2024-11-27,0.000019
李镇宇,质疑,川普,2024-11-19,0.000018
李镇宇,质疑,川普,2024-12-03,0.000018
李镇宇,质疑,川普,2024-12-02,0.000018
徐遵慈,感到不满,川普,2024-11-18,0.000018
中国汽车工业协会,相信,美国,2024-12-04,0.000018
张忠谋,认为失败,美国,2024-11-15,0.000018
皮尤研究中心,质疑,川普,2024-11-27,0.000018
马英九,欢迎,陆生,2024-11-28,0.000018
法新社,认为失败,川普,2024-11-19,0.000018
张忠谋,质疑,英特尔,2024-11-29,0.000018
张忠谋,质疑,英特尔,2024-11-28,0.000018
张忠谋,质疑,英特尔,2024-11-29,0.000018
张忠谋,质疑,英特尔,2024-12-02,0.000018
张忠谋,质疑,英特尔,2024-12-03,0.000018
张忠谋,质疑,英特尔,2024-11-29,0.000018
张忠谋,质疑,英特尔,2024-11-28,0.000018
张忠谋,质疑,英特尔,2024-11-30,0.000018
张忠谋,质疑,英特尔,2024-11-29,0.000018
张忠谋,质疑,英特尔,2024-11-29,0.000018
张忠谋,质疑,英特尔,2024-12-03,0.000018
张忠谋,质疑,英特尔,2024-12-03,0.000018
南韩,担忧,台湾,2024-12-04,0.000018
拜登,认为有威胁,以色列,2024-11-28,0.000018
密歇根州,认为失败,川普,2024-11-19,0.000018
共和党,视作英雄,美国,2024-11-26,0.000018
贝佐斯,感到不满,川普,2024-12-06,0.000018
贝佐斯,感到不满,川普,2024-12-06,0.000018
贝佐斯,感到不满,川普,2024-12-05,0.000018
贝佐斯,感到不满,川普,2024-11-28,0.000018
刘镜清,相信,川普,2024-11-07,0.000018
刘镜清,相信,川普,2024-11-12,0.000018
刘镜清,相信,川普,2024-11-05,0.000018
刘镜清,相信,川普,2024-11-20,0.000018
沈富雄,感到不满,赖清德,2024-11-10,0.000018
台湾中国时报,相信,赖清德,2024-11-30,0.000018
赖清德,欢迎,林昱珉,2024-11-26,0.000018
最高法院,认为优秀,川普,2024-08-28,0.000018
川普,认为有暴力,半导体,2024-12-01,0.000018
张忠谋,认可,黄仁勋,2024-11-28,0.000018
张忠谋,认可,黄仁勋,2024-11-28,0.000018
张忠谋,认可,黄仁勋,2024-11-29,0.000018
张忠谋,认可,黄仁勋,2024-11-28,0.000018
张忠谋,认可,黄仁勋,2024-12-03,0.000018
陈杰宪,损害,江坤宇,2024-11-21,0.000018
川普,攻击,越南,2024-11-07,0.000018
彭启明,担忧,台湾,2024-11-12,0.000018
川普上台,感到不满,中国,2024-11-19,0.000018
阮慕骅,感到不满,川普,2024-11-27,0.000018
风传媒,感到不满,民进党,2024-12-03,0.000018
泰国,认为犯罪,川普,2024-12-01,0.000018
陈凤馨,威胁,美国,2024-11-02,0.000017
陈凤馨,威胁,美国,2024-11-18,0.000017
李镇宇,攻击,川普,2024-11-19,0.000017
李镇宇,攻击,川普,2024-12-03,0.000017
上海,主导,特斯拉,2024-11-19,0.000017
陈俊圣,认为有威胁,川普,2024-11-29,0.000017
CNN,支持,川普,2024-11-05,0.000017
美国,认为有危机,日产,2024-11-29,0.000017
赖清德,主导,「祖国论」,2024-11-28,0.000017
拜登,认为有危机,中国大陆,2024-11-21,0.000017
中国汽车工业协会,认为失败,美国,2024-12-06,0.000017
中国汽车工业协会,认为失败,美国,2024-12-06,0.000017
中国汽车工业协会,认为失败,美国,2024-12-04,0.000017
施俊吉,认为可靠,美国,2024-11-16,0.000017
许美华,认为失败,英特尔,2024-12-03,0.000017
中共,欢迎,赖清德,2024-11-16,0.000017
台经院,认为非法,川普,2024-12-01,0.000017
美国,担忧,安全,2024-11-28,0.000017
美国,担忧,安全,2024-11-28,0.000017
奥地利,认为可靠,台湾,2024-09-29,0.000017
哥布林,感到不满,美国,2024-10-29,0.000017
川普,喜欢,贺锦丽,2024-11-26,0.000017
美国,感到不满,墨西哥,2024-11-29,0.000017
美国,认为有威胁,委内瑞拉,2024-11-21,0.000017
美国,认为有威胁,委内瑞拉,2024-11-24,0.000017
美国,认为有威胁,委内瑞拉,2024-11-23,0.000017
欧洲央行,感到不满,川普,2024-11-12,0.000017
欧洲央行,感到不满,川普,2024-11-12,0.000017
台积电,认为优秀,恒水创电,2024-12-04,0.000017
USCC,认为可靠,美台关系,2024-11-19,0.000017
美国,威胁,南韩,2024-11-20,0.000017
周鹤鸣,认可,川普,2024-11-05,0.000017
民主党,视作英雄,川普,2024-12-04,0.000017
王健全,担忧,川普,2024-11-08,0.000017
美中对抗,质疑,川普,2024-12-02,0.000017
美中对抗,质疑,川普,2024-12-02,0.000017
欧洲,批评,川普,2024-11-12,0.000017
欧洲,批评,川普,2024-11-12,0.000017
台湾,攻击,大陆,2024-10-16,0.000017
谷立言,认为失败,美国,2024-11-21,0.000017
美国,主导,相关计划,2024-11-19,0.000017
格里芬,损害,川普,2024-12-04,0.000017
王在希,认为有威胁,美国,2024-11-13,0.000017
乔治亚,质疑,川普,2024-11-05,0.000017
贝佐斯,相信,川普,2024-12-06,0.000016
贝佐斯,相信,川普,2024-12-05,0.000016
吴子嘉,认为可靠,赖清德,2024-11-30,0.000016
中国,威胁,台湾,2024-11-30,0.000016
中国,威胁,台湾,2024-10-18,0.000016
中国,威胁,台湾,2024-11-10,0.000016
美国,认为有威胁,中国大陆,2024-11-19,0.000016
美国,认为有威胁,中国大陆,2024-09-14,0.000016
陆行之,认为有成就,中国,2024-11-27,0.000016
台湾队,威胁,美国,2024-11-21,0.000016
川普新政府,认可,台湾,2024-11-06,0.000016
黄文清,质疑,美国,2024-11-21,0.000016
川普,欢迎,蔡英文,2024-10-30,0.000016
赖清德,感到满意,川普政府,2024-12-01,0.000016
美国,攻击,加拿大,2024-11-29,0.000016
美国,攻击,加拿大,2024-11-27,0.000016
美国,攻击,加拿大,2024-11-27,0.000016
美国,认为有威胁,台湾,2024-11-27,0.000016
美国,认为有威胁,台湾,2024-11-28,0.000016
美国,认为有威胁,台湾,2024-11-27,0.000016
美国,认为有威胁,台湾,2024-11-27,0.000016
美国,认为有威胁,台湾,2024-11-27,0.000016
美国,认为有威胁,台湾,2024-11-06,0.000016
美国,认为有威胁,台湾,2024-11-06,0.000016
美国,认为有威胁,台湾,2024-11-19,0.000016
美国,认为有威胁,台湾,2024-11-19,0.000016
张忠谋,欢迎,魏哲家,2024-11-27,0.000016
民进党,认为可靠,中国,2024-10-30,0.000016
陈冠宇,认为有威胁,日本,2024-11-25,0.000016
南韩,威胁,三星,2024-11-29,0.000016
南韩,威胁,三星,2024-12-04,0.000016
米勒,认为恐怖,美国,2024-11-29,0.000016
米勒,认为恐怖,美国,2024-11-29,0.000016
米勒,认为恐怖,美国,2024-11-29,0.000016
山本由伸,感到不满,道奇,2024-11-27,0.000016
投资人,质疑,美国,2024-11-12,0.000016
投资人,质疑,美国,2024-11-12,0.000016
交易员,感谢,川普,2024-11-26,0.000016
郭正亮,认为恐怖,川普,2024-08-03,0.000016
蔡正元,质疑,尹锡悦,2024-11-27,0.000016
蔡正元,质疑,尹锡悦,2024-12-04,0.000016
蔡正元,质疑,尹锡悦,2024-12-03,0.000016
蔡正元,质疑,尹锡悦,2024-12-04,0.000016
蔡正元,质疑,尹锡悦,2024-12-03,0.000016
蔡正元,质疑,尹锡悦,2024-12-02,0.000016
蔡正元,质疑,尹锡悦,2024-12-04,0.000016
张忠谋,质疑,美国,2024-11-15,0.000016
立法院经委会,欣赏,台积电,2024-11-06,0.000016
沈国荣,质疑,特斯拉,2024-12-01,0.000016
美国,主导,「管理层收购」案,2024-11-28,0.000016
谢衣凤,认为犯罪,川普,2024-11-19,0.000016
台积电,攻击,中国IC设计产业,2024-12-01,0.000016
北美,损害,华为,2024-11-29,0.000016
林祖嘉,攻击,川普,2024-11-29,0.000016
台湾,认为有威胁,以色列,2024-11-17,0.000015
美国,认为恐怖,美国,2024-10-29,0.000015
美国,认为恐怖,美国,2024-10-29,0.000015
韩国总统尹锡悦,主导,全国戒严,2024-12-04,0.000015
韩国总统尹锡悦,主导,全国戒严,2024-12-03,0.000015
中国,损害,川普政府,2024-11-19,0.000015
宾夕法尼亚州,欢迎,川普,2024-11-19,0.000015
郭智辉,认为优秀,川普,2024-11-19,0.000015
郭智辉,认为优秀,川普,2024-11-06,0.000015
郭智辉,认为优秀,川普,2024-11-27,0.000015
郭智辉,认为优秀,川普,2024-11-27,0.000015
张政禹,攻击,美国,2024-11-21,0.000015
张忠谋,认为有危机,三星,2024-11-29,0.000015
美国,担忧,政府,2024-11-28,0.000015
美国,担忧,政府,2024-11-29,0.000015
台湾,主导,法国大选,2024-11-21,0.000015
韩国,损害,三星,2024-12-04,0.000015
俄外交部,认为非法,美国,2024-11-05,0.000015
美国,攻击,台湾,2024-11-28,0.000015
美国,攻击,台湾,2024-10-28,0.000015
美国,攻击,台湾,2024-10-26,0.000015
美国,攻击,台湾,2024-11-19,0.000015
美国,攻击,台湾,2024-11-19,0.000015
美国,攻击,台湾,2024-11-19,0.000015
美国,攻击,台湾,2024-09-14,0.000015
美国,攻击,台湾,2024-11-12,0.000015
美国,攻击,台湾,2024-11-19,0.000015
美国,攻击,台湾,2024-11-19,0.000015
美国,攻击,台湾,2024-10-30,0.000015
孙明德,认为有威胁,川普,2024-11-19,0.000015
孙明德,认为有威胁,川普,2024-11-08,0.000015
张忠谋,认为有成就,黄仁勋,2024-11-28,0.000015
张忠谋,认为有成就,黄仁勋,2024-11-28,0.000015
张忠谋,认为有成就,黄仁勋,2024-11-28,0.000015
民主党,视作英雄,拜登,2024-08-27,0.000015
美洲,主导,世界棒球经典赛,2024-11-12,0.000015
台积电,主导,「双首长制」,2024-11-29,0.000015
林志玲,感到满意,李安,2024-11-20,0.000015
张陈浩,认可,川普,2024-11-26,0.000015
张陈浩,认可,川普,2024-11-26,0.000015
贺锦丽,认可,美国,2024-10-31,0.000015
中华队,认为失败,韩国,2024-11-29,0.000015
台湾,主导,军事改革,2024-10-28,0.000015
江坤宇,认为失败,美国,2024-11-21,0.000015
江坤宇,认为失败,美国,2024-11-21,0.000015
立法院经委会,认为犯罪,台积电,2024-11-06,0.000015
宾夕法尼亚州,认可,川普,2024-11-19,0.000015
菲律宾,主导,马科斯-杜特尔特联盟,2024-12-06,0.000015
魏哲家,认为有成就,英特尔,2024-10-23,0.000015
美媒,认为恐怖,川普,2024-11-06,0.000015
川普,感到不满,加墨,2024-11-29,0.000015
马斯克,认为有威胁,美国,2024-12-01,0.000015
马斯克,认为有威胁,美国,2024-10-29,0.000015
华府智库,认为可靠,美国,2024-11-29,0.000015
罗斯福,主导,新政,2024-11-19,0.000015
黄仁勋,认为有危机,日本,2024-11-19,0.000015
邱毅,相信,川普,2024-11-09,0.000015
民进党政府,质疑,川普,2024-11-09,0.000015
李镇宇,认为失败,川普,2024-12-03,0.000015
科克,认为优秀,台积电,2024-11-25,0.000015
科克,认为优秀,台积电,2024-11-25,0.000015
科克,认为优秀,台积电,2024-11-25,0.000015
林佳龙,认为非法,南非,2024-11-19,0.000015
史哲,感谢,中国信托助攻台湾体育,2024-11-29,0.000015
拜登,认为可靠,司法制度,2024-12-02,0.000014
川普,支持,《晶片法案》,2024-10-22,0.000014
陈俊秀,认为失败,韩国,2024-11-29,0.000014
菲律宾,主导,南韩戒严风波,2024-12-01,0.000014
印尼,认为热情,川普,2024-12-02,0.000014
美国,威胁,禾赛,2024-11-27,0.000014
美国,威胁,禾赛,2024-11-27,0.000014
美国,认为有威胁,以色列,2024-11-16,0.000014
蔡正元,认为优秀,尹锡悦,2024-12-04,0.000014
蔡正元,认为优秀,尹锡悦,2024-12-03,0.000014
蔡正元,认为优秀,尹锡悦,2024-12-03,0.000014
蔡正元,认为优秀,尹锡悦,2024-12-03,0.000014
郭正亮,威胁,赖清德,2024-10-30,0.000014
美联社,主导,美国,2024-11-05,0.000014
吴东亮,认为有威胁,美国,2024-11-26,0.000014
外交部,认为有威胁,美国,2024-11-19,0.000014
Elon Musk,质疑,川普,2024-11-19,0.000014
陈俊圣,认为犯罪,川普,2024-11-29,0.000014
美国,损害,古巴,2024-12-01,0.000014
中国信托银行,主导,台湾体育,2024-11-29,0.000014
台湾队,认为失败,美国,2024-11-21,0.000014
台湾队,认为失败,美国,2024-11-21,0.000014
风传媒,认为失败,美国,2024-11-06,0.000014
威斯康星州,欢迎,川普,2024-11-19,0.000014
黄教漳,攻击,川普,2024-11-16,0.000014
美国,威胁,中国大陆,2024-11-19,0.000014
美国,威胁,中国大陆,2024-09-14,0.000014
美国,威胁,中国大陆,2024-11-15,0.000014
尹锡悦,认为有危机,三星,2024-12-04,0.000014
台经院景气预测中心,担忧,川普,2024-11-19,0.000014
北京,认为优秀,马斯克,2024-11-26,0.000014
南韩政府,认为有威胁,三星,2024-11-27,0.000014
陈德升,担忧,川普,2024-10-30,0.000014
民主党,增进,川普,2024-11-19,0.000014
连贤明,认可,川普,2024-11-07,0.000014
连贤明,认可,川普,2024-11-07,0.000014
刘扬伟,认为有暴力,川普,2024-12-02,0.000014
Théo,担忧,川普,2024-11-06,0.000014
郭台铭,担忧,英特尔,2024-11-30,0.000014
郭智辉,威胁,川普,2024-11-19,0.000014
郭智辉,威胁,川普,2024-11-06,0.000014
郭智辉,威胁,川普,2024-11-19,0.000014
奥地利,认可,台湾,2024-09-29,0.000014
忠谋,增进,台积电,2024-11-14,0.000014
刘镜清,认为可靠,川普,2024-11-07,0.000014
刘镜清,认为可靠,川普,2024-11-12,0.000014
刘镜清,认为可靠,川普,2024-11-20,0.000014
刘镜清,认为可靠,川普,2024-11-20,0.000014
刘镜清,认为可靠,川普,2024-11-20,0.000014
张政禹,认为失败,美国,2024-11-21,0.000014
台积公司,认为有成就,半导体,2024-12-02,0.000014
英特尔,欢迎,陈立武,2024-11-29,0.000013
张忠谋,相信,季辛格,2024-11-28,0.000013
张忠谋,相信,季辛格,2024-12-04,0.000013
中国,攻击,美国,2024-12-03,0.000013
中国,攻击,美国,2024-12-04,0.000013
美国,主导,「台湾防卫法」,2024-11-12,0.000013
风传媒,认为恐怖,川普,2024-11-18,0.000013
风传媒,认为恐怖,川普,2024-11-16,0.000013
朱凤莲,认为失败,美国,2024-11-12,0.000013
北京,威胁,台湾,2024-10-30,0.000013
郭智辉,认为可靠,台湾,2024-11-06,0.000013
郭智辉,认为可靠,台湾,2024-10-29,0.000013
新加坡,喜欢,川普,2024-11-05,0.000013
台湾政府,欢迎,马斯克,2024-11-19,0.000013
川普,损害,鸿海,2024-11-27,0.000013
施振荣,认为可靠,台湾,2024-12-02,0.000013
吴东亮,质疑,川普,2024-11-26,0.000013
马克宏,担忧,川普,2024-11-05,0.000013
范琪斐,认为有成就,川普,2024-11-14,0.000013
郭加泳,质疑,美国,2024-10-24,0.000013
美国,认为有危机,乌克兰,2024-12-03,0.000013
美国,认为失败,全球贸易战,2024-11-26,0.000013
陈其迈,担忧,高雄,2024-11-28,0.000013
陈其迈,担忧,高雄,2024-11-28,0.000013
郭正亮,威胁,川普,2024-10-30,0.000013
美国,增进,俄乌战争,2024-11-21,0.000013
魏哲家,感到不满,刘德音,2024-11-27,0.000013
谢金河,认为非法,美国,2024-10-14,0.000013
特朗普,主导,第二个总统任期,2024-11-23,0.000013
刘德音,认为非法,美国,2024-11-27,0.000013
陈杰宪,欢迎,黄伟哲,2024-11-23,0.000013
顾立雄,认为有威胁,美国,2024-11-06,0.000013
北京,欣赏,马斯克,2024-11-26,0.000013
索贝克,支持,台积电,2024-11-28,0.000013
郑镇硕,感到不满,尹锡悦,2024-11-29,0.000013
郑镇硕,感到不满,尹锡悦,2024-12-04,0.000013
郑镇硕,感到不满,尹锡悦,2024-12-04,0.000013
郭正亮,认为失败,美国,2024-10-29,0.000013
台湾,认为违规,美国,2024-11-13,0.000013
郭智辉,质疑,特朗普,2024-11-05,0.000013
郭智辉,质疑,特朗普,2024-11-07,0.000013
美国,主导,「台日冠军战」,2024-11-23,0.000013
欧盟,主导,芯片,2024-12-03,0.000013
中国汽车工业协会,担忧,美国,2024-12-04,0.000013
川普,主导,乌俄停战,2024-11-19,0.000013
谷立言,攻击,美国,2024-10-30,0.000013
台南Josh,认为可靠,美国,2024-11-21,0.000013
中国,认为有暴力,乌俄战争,2024-10-29,0.000013
黄仁勋,支持,川普,2024-11-19,0.000013
郭智辉,欢迎,川普,2024-11-19,0.000013
川普,认为失败,贸易战,2024-11-27,0.000013
川普,认为失败,贸易战,2024-11-05,0.000013
川普,认为失败,贸易战,2024-11-27,0.000013
川普,主导,台偷美晶片生意,2024-11-05,0.000013
郭智辉,感到满意,川普,2024-11-19,0.000012
郭智辉,感到满意,川普,2024-11-06,0.000012
郭智辉,感到满意,川普,2024-11-27,0.000012
郭智辉,感到满意,川普,2024-11-27,0.000012
国会,认为非法,美国,2024-12-03,0.000012
谷立言,认为有威胁,台湾,2024-10-29,0.000012
谷立言,认为有威胁,台湾,2024-11-27,0.000012
韩国瑜,威胁,赖清德,2024-11-28,0.000012
朱凤莲,质疑,川普,2024-11-06,0.000012
彭博社,感到不满,川普,2024-11-21,0.000012
陈凤馨,认为恐怖,美国,2024-11-16,0.000012
陈其迈,支持,半导体,2024-11-26,0.000012
南韩政府,感到满意,三星,2024-11-27,0.000012
台湾队,威胁,日本,2024-11-23,0.000012
美国,攻击,台股,2024-11-29,0.000012
信义房屋不动产企研室,认为可靠,台积电,2024-11-05,0.000012
台积电,主导,「爱心市集」,2024-11-28,0.000012
台积电,主导,「爱心市集」,2024-11-28,0.000012
台积电,主导,「爱心市集」,2024-11-28,0.000012
台积电,主导,「爱心市集」,2024-11-28,0.000012
台积电,主导,「爱心市集」,2024-11-29,0.000012
台积电,主导,「爱心市集」,2024-11-29,0.000012
台湾中央银行,担忧,川普,2024-10-29,0.000012
台积电,认为可靠,晶片良率,2024-11-29,0.000012
阿巴西,相信,纽西兰,2024-11-20,0.000012
美国,认为有危机,亚利桑那州,2024-11-19,0.000012
颜择雅,主导,美国,2024-11-05,0.000012
美国,认为优秀,欧布莱恩,2024-11-10,0.000012
邱达生,质疑,川普,2024-11-06,0.000012
美国,认为有危机,台湾,2024-11-27,0.000012
美国,认为有危机,台湾,2024-11-27,0.000012
美国,认为有危机,台湾,2024-11-27,0.000012
美国,认为有危机,台湾,2024-11-27,0.000012
美国,认为有危机,台湾,2024-11-06,0.000012
美国,认为有危机,台湾,2024-11-06,0.000012
美国,认为有危机,台湾,2024-11-19,0.000012
中国,威胁,台湾高科技产业,2024-11-19,0.000012
交易员,欢迎,川普,2024-11-26,0.000012
拜登政府,认为可靠,俄罗斯,2024-11-29,0.000012
柏凯斯,质疑,川普,2024-11-25,0.000012
川普政府,认为有威胁,台湾,2024-11-13,0.000012
川普,主导,大打关税战,2024-12-01,0.000012
川普,主导,大打关税战,2024-12-01,0.000012
中国,威胁,美国,2024-12-03,0.000012
台积电,主导,供应链管理论坛,2024-12-02,0.000012
台积电,主导,供应链管理论坛,2024-12-02,0.000012
凯萨琳・索贝克,认可,川普,2024-11-27,0.000012
美国,主导,《美墨加协定》,2024-12-02,0.000012
美国,攻击,五角大厦,2024-11-27,0.000012
美国,攻击,五角大厦,2024-11-27,0.000012
CNN,质疑,马斯克,2024-11-17,0.000012
江坤宇,威胁,美国,2024-11-21,0.000012
江坤宇,威胁,美国,2024-11-21,0.000012
江坤宇,威胁,美国,2024-11-21,0.000012
北京,认为热情,马斯克,2024-11-26,0.000012
布林肯,欢迎,拜登,2024-11-16,0.000012
蔡正元,威胁,南韩,2024-12-04,0.000012
林志玲,感谢,日本导演是枝裕和,2024-11-20,0.000012
川普,视作英雄,马斯克,2024-12-02,0.000012
川普,视作英雄,马斯克,2024-11-06,0.000012
川普,视作英雄,马斯克,2024-11-17,0.000012
川普,视作英雄,马斯克,2024-11-20,0.000012
季辛格,认为有威胁,美国,2024-12-03,0.000012
谢金河,认为犯罪,川普,2024-11-30,0.000012
彭博社,质疑,川普,2024-11-21,0.000012
彭博社,相信,川普,2024-11-21,0.000012
Josh,认为有危机,美国,2024-11-21,0.000012
陈柏清,认为有威胁,美国,2024-11-21,0.000012
韩儒伯,主导,美台商业协会会,2024-11-06,0.000012
「台南Josh」,认为可靠,美国,2024-11-21,0.000012
林庭瑶,质疑,川普,2024-11-15,0.000012
蔡英文,威胁,台湾,2024-11-21,0.000012
美国,增进,美国,2024-10-24,0.000012
美国,增进,美国,2024-12-02,0.000012
美国,增进,美国,2024-10-29,0.000012
美国,增进,美国,2024-10-29,0.000012
美国,增进,美国,2024-10-29,0.000012
美国,增进,美国,2024-11-27,0.000012
美国,增进,美国,2024-11-16,0.000012
川普,认为有危机,半导体,2024-12-01,0.000012
川普,认为有危机,中国大陆,2024-11-21,0.000012
赖论 · 纽时,认为可靠,川普,2024-11-05,0.000012
徐佳馨,质疑,川普,2024-11-24,0.000012
张陈浩,认为热情,川普,2024-11-26,0.000012
川普,质疑,墨西哥,2024-11-27,0.000011
川普,质疑,墨西哥,2024-11-27,0.000011
美国,感到满意,马英九,2024-11-19,0.000011
吴志中,认为恐怖,川普,2024-11-05,0.000011
张淑芬,视作英雄,美国,2024-11-29,0.000011
特朗普,攻击,芯片,2024-10-29,0.000011
Dan Ives,担忧,美国,2024-12-02,0.000011
宾州,喜欢,川普,2024-11-05,0.000011
曾敬德,认为可靠,川普,2024-11-05,0.000011
李镇宇,损害,川普,2024-12-03,0.000011
外交部,认可,美国,2024-11-06,0.000011
美国,威胁,台湾,2024-11-28,0.000011
美国,威胁,台湾,2024-10-26,0.000011
美国,威胁,台湾,2024-11-27,0.000011
美国,威胁,台湾,2024-09-14,0.000011
美国,威胁,台湾,2024-11-19,0.000011
美国,威胁,台湾,2024-11-21,0.000011
美国,威胁,台湾,2024-11-19,0.000011
北卡罗来纳州,感谢,川普,2024-11-19,0.000011
美国,增进,芯片,2024-09-02,0.000011
美国,增进,芯片,2024-10-29,0.000011
美国,增进,芯片,2024-10-29,0.000011
美国,认为失败,台美贸易谈判,2024-11-16,0.000011
刘镜清,感到不满,川普,2024-11-07,0.000011
刘镜清,感到不满,川普,2024-11-12,0.000011
刘镜清,感到不满,川普,2024-11-05,0.000011
刘镜清,感到不满,川普,2024-11-20,0.000011
刘镜清,感到不满,川普,2024-11-20,0.000011
刘镜清,感到不满,川普,2024-11-20,0.000011
刘镜清,感到不满,川普,2024-11-20,0.000011
张淑芬,担忧,郭台铭,2024-11-29,0.000011
外交部,欢迎,美国,2024-11-06,0.000011
张忠谋,认为优秀,英特尔,2024-11-29,0.000011
张忠谋,认为优秀,英特尔,2024-12-02,0.000011
镜周刊,感到不满,川普,2024-11-29,0.000011
魏哲家,担忧,美国,2024-12-03,0.000011
川普,认为有威胁,墨西哥,2024-11-27,0.000011
川普,认为有威胁,墨西哥,2024-11-27,0.000011
川普,认为有威胁,墨西哥,2024-11-27,0.000011
川普,认为有威胁,墨西哥,2024-11-27,0.000011
川普,认为有威胁,墨西哥,2024-11-27,0.000011
川普,认为有威胁,墨西哥,2024-11-29,0.000011
川普,认为有威胁,墨西哥,2024-11-28,0.000011
川普,认为有威胁,墨西哥,2024-12-01,0.000011
川普,认为有威胁,墨西哥,2024-11-27,0.000011
郭书廷,感到不满,特朗普,2024-10-24,0.000011
美国,认为失败,「川普2.0」,2024-11-07,0.000011
川普,感到满意,拜登政府,2024-11-28,0.000011
朱凤莲,认为有威胁,美国,2024-11-06,0.000011
沈富雄,质疑,赖清德,2024-11-10,0.000011
川普,主导,移民政策,2024-11-18,0.000011
克里斯・米勒,支持,川普,2024-10-29,0.000011
川普,主导,俄乌和解,2024-11-29,0.000011
李彦秀,认为有成就,赖清德,2024-08-09,0.000011
华尔街经济学家,认为犯罪,川普,2024-10-30,0.000011
格里芬,认为犯罪,川普,2024-12-04,0.000011
共和党,支持,美国,2024-11-05,0.000011
马斯克,认为失败,美国,2024-12-02,0.000011
乔治亚,相信,川普,2024-11-05,0.000011
希拉里·克林顿,质疑,川普,2024-11-19,0.000011
民进党,感到不满,中国,2024-10-30,0.000011
台湾,认为有威胁,中国,2024-11-10,0.000011
金子恭之,相信,日本,2024-08-27,0.000011
季辛格,认为有威胁,台湾,2024-12-03,0.000011
美国,损害,俄罗斯,2024-12-03,0.000011
布林肯,认为热情,尹锡悦,2024-12-04,0.000011
郭智辉,质疑,川普,2024-12-03,0.000011
郭智辉,质疑,川普,2024-11-19,0.000011
郭智辉,质疑,川普,2024-11-06,0.000011
郭智辉,质疑,川普,2024-11-19,0.000011
郭智辉,质疑,川普,2024-11-19,0.000011
郭智辉,质疑,川普,2024-11-06,0.000011
郭智辉,质疑,川普,2024-11-27,0.000011
郭智辉,质疑,川普,2024-11-27,0.000011
郭智辉,质疑,川普,2024-11-27,0.000011
郭智辉,质疑,川普,2024-11-27,0.000011
基辛格,损害,英特尔,2024-12-01,0.000011
基辛格,损害,英特尔,2024-12-04,0.000011
川普,主导,台湾偷走晶片业务,2024-11-17,0.000011
郭加泳,威胁,美国,2024-10-24,0.000011
陈俊圣,认为失败,川普,2024-11-29,0.000011
李镇宇,威胁,川普,2024-11-19,0.000011
李镇宇,威胁,川普,2024-12-03,0.000011
李镇宇,威胁,川普,2024-12-02,0.000011
中国大陆官员,主导,美国,2024-11-28,0.000010
布林肯,欢迎,尹锡悦,2024-12-04,0.000010
经济部,欢迎,川普,2024-11-19,0.000010
美国,认为违规,乌克兰,2024-11-19,0.000010
美国,认为违规,乌克兰,2024-11-19,0.000010
台湾,认为恐怖,美国,2024-11-21,0.000010
范琪斐,认为恐怖,川普,2024-11-14,0.000010
中华队,认为有威胁,韩国,2024-11-23,0.000010
黄文清,认为可靠,川普新政府,2024-12-03,0.000010
美国,主导,真主党民兵组织,2024-11-29,0.000010
李同荣,认为可靠,川普,2024-11-10,0.000010
孙明德,质疑,川普,2024-11-19,0.000010
孙明德,质疑,川普,2024-11-08,0.000010
孙明德,质疑,川普,2024-11-07,0.000010
拜登,损害,中国,2024-11-07,0.000010
黄齐元,担忧,台湾,2024-11-18,0.000010
英特尔,损害,苹果,2024-11-27,0.000010
川普新政府,认为有威胁,台湾,2024-11-06,0.000010
台积电,主导,「全球弹性福利计划」,2024-11-29,0.000010
宾夕法尼亚州,认为有成就,川普,2024-11-19,0.000010
台湾队,认为有威胁,香港,2024-11-20,0.000010
蔡明彦,主导,国安局,2024-11-19,0.000010
曾敬德,感到不满,川普,2024-11-05,0.000010
拜登,质疑,马斯克,2024-10-28,0.000010
刘镜清,认为有成就,川普,2024-11-12,0.000010
陈晨威,视作英雄,张政禹,2024-11-21,0.000010
王义川,认为有威胁,日本,2024-12-03,0.000010
蔡正元,认为缺乏,尹锡悦,2024-12-04,0.000010
蔡正元,认为缺乏,尹锡悦,2024-12-03,0.000010
美国,欢迎,欧布莱恩,2024-11-10,0.000010
风传媒,担忧,民进党,2024-12-03,0.000010
华尔街经济学家,质疑,川普,2024-10-30,0.000010
川普政府,威胁,北京,2024-11-28,0.000010
陈柏清,攻击,美国,2024-11-21,0.000010
刘孟俊,认为违规,川普,2024-11-30,0.000010
台经院,认可,川普,2024-12-01,0.000010
美国,支持,政府,2024-11-28,0.000010
美国,支持,政府,2024-11-29,0.000010
杨瑞临,担忧,英特尔,2024-12-03,0.000010
杨瑞临,担忧,英特尔,2024-12-03,0.000010
杨瑞临,担忧,英特尔,2024-12-02,0.000010
杨瑞临,担忧,英特尔,2024-12-03,0.000010
杨瑞临,担忧,英特尔,2024-12-03,0.000010
杨瑞临,担忧,英特尔,2024-12-03,0.000010
立法院经济委员会,增进,台积电,2024-11-27,0.000010
立法院经济委员会,增进,台积电,2024-11-27,0.000010
美国,认为优秀,中国科技巨头华为,2024-10-19,0.000010
川普,质疑,《晶片法案》,2024-11-14,0.000010
黄仁勋,欢迎,张忠谋,2024-11-29,0.000010
黄仁勋,欢迎,张忠谋,2024-11-28,0.000010
黄仁勋,欢迎,张忠谋,2024-11-28,0.000010
黄仁勋,欢迎,张忠谋,2024-11-28,0.000010
李镇宇,认为有威胁,台湾,2024-12-02,0.000010
大同,质疑,川普,2024-12-04,0.000010
美国,主导,UFC格斗赛,2024-11-17,0.000010
蒋经国,攻击,台湾,2024-11-27,0.000010
美国,攻击,委内瑞拉,2024-11-21,0.000010
美国,攻击,委内瑞拉,2024-11-24,0.000010
美国,攻击,委内瑞拉,2024-11-24,0.000010
美国,攻击,委内瑞拉,2024-11-23,0.000010
美国,攻击,委内瑞拉,2024-11-24,0.000010
美国,攻击,委内瑞拉,2024-11-24,0.000010
美国,攻击,委内瑞拉,2024-11-24,0.000010
美国,攻击,委内瑞拉,2024-11-24,0.000010
美国,攻击,委内瑞拉,2024-11-23,0.000010
美国,攻击,委内瑞拉,2024-11-23,0.000010
美国,攻击,委内瑞拉,2024-11-23,0.000010
美国,攻击,委内瑞拉,2024-11-23,0.000010
美国,攻击,委内瑞拉,2024-11-23,0.000010
美国,质疑,禾赛科技,2024-10-20,0.000010
台积电,主导,「双研发」团队,2024-11-28,0.000010
美国,支持,以色列,2024-11-19,0.000010
黄循财,认为优秀,川普,2024-11-05,0.000010
薛奕煌,认为有成就,台湾,2024-11-26,0.000010
川普,损害,Apple,2024-11-05,0.000010
美国,主导,晶片法案,2024-11-29,0.000010
许美华,质疑,英特尔,2024-12-03,0.000010
许美华,质疑,英特尔,2024-12-03,0.000010
许美华,质疑,英特尔,2024-11-27,0.000010
许美华,质疑,英特尔,2024-12-03,0.000010
许美华,质疑,英特尔,2024-12-02,0.000010
北京,视作英雄,马斯克,2024-11-26,0.000010
台湾,损害,南非,2024-11-19,0.000010
美国,认为违规,美国,2024-10-29,0.000010
美国,认为违规,美国,2024-12-06,0.000010
美国,认为违规,美国,2024-10-18,0.000010
美国,认为违规,美国,2024-10-29,0.000010
美国,认为违规,美国,2024-10-29,0.000010
美国,认为违规,美国,2024-10-29,0.000010
美国,认为违规,美国,2024-10-27,0.000010
路透社,认为有成就,台湾,2024-11-06,0.000010
川普,认为优秀,林郁婷,2024-11-09,0.000009
张启楷,认可,川普,2024-11-27,0.000009
张启楷,认可,川普,2024-11-27,0.000009
张启楷,认可,川普,2024-11-27,0.000009
张启楷,认可,川普,2024-11-27,0.000009
马斯克,威胁,美国,2024-10-29,0.000009
杨雅絜,相信,美国,2024-12-02,0.000009
黄文清,感到不满,川普新政府,2024-12-03,0.000009
台湾队,攻击,美国,2024-11-21,0.000009
台湾队,攻击,美国,2024-11-21,0.000009
台湾队,攻击,美国,2024-11-21,0.000009
美国,认为恐怖,谷歌,2024-11-21,0.000009
林佳龙,认为恐怖,川普,2024-11-05,0.000009
民进党政府,威胁,川普,2024-11-13,0.000009
韩联社,认为非法,美国,2024-12-03,0.000009
拜登政府,担忧,中国,2024-10-29,0.000009
台湾,攻击,中国,2024-11-19,0.000009
郑丽君,主导,台美经贸小组,2024-11-26,0.000009
郑丽君,主导,台美经贸小组,2024-11-26,0.000009
郑丽君,主导,台美经贸小组,2024-11-26,0.000009
安倍,感谢,川普,2024-11-13,0.000009
台湾,主导,川普风暴,2024-11-27,0.000009
张超群,认为有威胁,越南,2024-11-18,0.000009
俄罗斯,损害,乌克兰,2024-12-03,0.000009
俄罗斯,损害,乌克兰,2024-11-19,0.000009
俄罗斯,损害,乌克兰,2024-12-03,0.000009
共和党,认为恐怖,川普,2024-11-26,0.000009
台湾中央银行,主导,美中贸易战,2024-10-29,0.000009
美国,支持,马英九,2024-11-19,0.000009
美国,认为违规,中国科技巨头华为,2024-10-19,0.000009
外交部,欣赏,美国,2024-11-06,0.000009
张忠谋,认为非法,台湾,2024-11-28,0.000009
沈富雄,认可,赖清德,2024-11-10,0.000009
算能科技,认为有暴力,台积电,2024-11-09,0.000009
半导体,威胁,中国,2024-11-10,0.000009
刘大年,质疑,川普,2024-11-08,0.000009
谢金河,认为热情,川普,2024-08-01,0.000009
蔡正元,认为犯罪,尹锡悦,2024-12-03,0.000009
台经院景气预测中心,感到不满,川普,2024-11-19,0.000009
邱毅,认为犯罪,川普,2024-11-09,0.000009
洪玉婷,相信,川普,2024-12-06,0.000009
马斯克,认为非法,美国,2024-12-01,0.000009
美国,认可,格罗方德,2024-11-22,0.000009
美国,相信,政府,2024-11-28,0.000009
美国,相信,政府,2024-11-29,0.000009
何世昌,相信,川普,2024-11-05,0.000009
纽森,感到不满,川普,2024-12-02,0.000009
美国,威胁,以色列,2024-11-16,0.000009
赖瑞隆,质疑,川普,2024-11-19,0.000009
赖瑞隆,质疑,川普,2024-11-20,0.000009
郭智辉,认为违规,赖清德,2024-11-28,0.000009
谢晨彦,担忧,美国,2024-11-29,0.000009
拜登总统,攻击,川普,2024-12-03,0.000009
南韩政府,喜欢,三星,2024-11-27,0.000009
川普政府,认为非法,台湾,2024-11-13,0.000009
川普,认可,蔡英文,2024-10-30,0.000009
蔡正元,认可,郭智辉,2024-10-17,0.000009
刘德音,支持,川普,2024-11-17,0.000009
魏哲家,认为失败,美国,2024-11-17,0.000009
陈杰宪,攻击,韩国,2024-12-02,0.000009
民主党,损害,马斯克,2024-11-17,0.000009
郑崇华,认可,台湾,2024-10-29,0.000009
中共,认为有威胁,川普,2024-12-01,0.000009
韩国,损害,美国,2024-12-03,0.000009
韩国,损害,美国,2024-12-02,0.000009
南韩,认为有威胁,台湾,2024-11-26,0.000009
美国,主导,涉台言论,2024-09-02,0.000009
习近平,威胁,中国,2024-12-04,0.000008
川普新政府,认为有成就,半导体,2024-12-01,0.000008
刘德音,认为有威胁,美国,2024-11-27,0.000008
刘德音,认为有威胁,美国,2024-11-26,0.000008
半导体,感到不满,美方,2024-12-03,0.000008
半导体,感到不满,美方,2024-12-03,0.000008
张忠谋,认为有威胁,辉达,2024-11-27,0.000008
张忠谋,认为热情,刘德音,2024-11-26,0.000008
魏哲家,认为非法,美国,2024-10-29,0.000008
半导体,担忧,美方,2024-12-03,0.000008
台视新闻网,主导,美国,2024-11-08,0.000008
何世昌,担忧,川普,2024-11-05,0.000008
习近平,认为有危机,台湾,2024-11-21,0.000008
美商务部,认为犯罪,美国,2024-10-30,0.000008
美商务部,认为犯罪,美国,2024-10-30,0.000008
邱剑英,认为失败,美国,2024-12-02,0.000008
美国,认为有威胁,中国,2024-11-27,0.000008
美国,认为有威胁,中国,2024-11-28,0.000008
美国,认为有威胁,中国,2024-12-03,0.000008
美国,认为有威胁,中国,2024-12-03,0.000008
美国,认为有威胁,中国,2024-10-29,0.000008
美国,认为有威胁,中国,2024-12-04,0.000008
美国,认为有威胁,中国,2024-10-08,0.000008
美国,认为有威胁,中国,2024-10-29,0.000008
杨雅絜,质疑,川普,2024-12-02,0.000008
捷克政府,主导,台捷韧性计划,2024-11-19,0.000008
马斯克,认为犯罪,特斯拉,2024-12-01,0.000008
众议院,认为有威胁,美国,2024-10-29,0.000008
Dan Ives,担忧,川普,2024-12-02,0.000008
顾立雄,质疑,川普,2024-11-06,0.000008
顾立雄,质疑,川普,2024-11-19,0.000008
李彦秀,损害,赖清德,2024-08-09,0.000008
美国,威胁,美国,2024-10-18,0.000008
美国,威胁,美国,2024-10-19,0.000008
美国,威胁,美国,2024-10-29,0.000008
美国,威胁,美国,2024-10-27,0.000008
美国,威胁,美国,2024-12-04,0.000008
郭明𫓹,质疑,苹果,2024-12-02,0.000008
马斯克,支持,美国,2024-11-11,0.000008
张展荣,感谢,美国,2024-11-23,0.000008
魏哲家,质疑,英特尔,2024-10-23,0.000008
美国,喜欢,中国科技巨头华为,2024-08-20,0.000008
前总统,认为犯罪,川普,2024-11-26,0.000008
美国,相信,商人川普,2024-11-19,0.000008
美国,损害,台湾,2024-11-19,0.000008
美国,损害,台湾,2024-11-29,0.000008
美国,损害,台湾,2024-10-26,0.000008
美国,损害,台湾,2024-12-01,0.000008
美国,损害,台湾,2024-11-19,0.000008
美国,损害,台湾,2024-11-19,0.000008
美国,损害,台湾,2024-09-14,0.000008
美国,损害,台湾,2024-11-06,0.000008
美国,损害,台湾,2024-11-19,0.000008
美国,损害,台湾,2024-08-27,0.000008
谢金河,相信,美国,2024-10-14,0.000008
美国,主导,关税制裁,2024-11-20,0.000008
美国,主导,关税制裁,2024-11-20,0.000008
美国,主导,关税制裁,2024-11-20,0.000008
川普,主导,陆车市价格战,2024-11-29,0.000008
友达集团,认为可靠,医疗面板及感测技术,2024-12-05,0.000008
台湾,认为犯罪,美国,2024-11-18,0.000008
林家正,认为有威胁,台湾,2024-11-21,0.000008
半导体,认为可靠,芯片,2024-12-04,0.000008
半导体,认为可靠,芯片,2024-12-04,0.000008
皮尤研究中心,认可,美国,2024-11-27,0.000008
蔡前总统任,感谢,欧洲议会,2024-10-20,0.000008
徐遵慈,认为可靠,川普,2024-11-18,0.000008
吴诚文,威胁,川普,2024-11-28,0.000008
黄文清,相信,川普新政府,2024-12-03,0.000008
蔡正元,损害,尹锡悦,2024-12-05,0.000008
石破茂,主导,美日韩三边会谈,2024-11-16,0.000008
石破茂,主导,美日韩三边会谈,2024-11-16,0.000008
美国,威胁,委内瑞拉,2024-11-21,0.000008
美国,威胁,委内瑞拉,2024-11-23,0.000008
米勒,认为有危机,美国,2024-11-29,0.000008
米勒,认为有危机,美国,2024-11-29,0.000008
米勒,认为有危机,美国,2024-11-29,0.000008
韩国总统尹锡悦,主导,「紧急戒严令」,2024-12-03,0.000008
美国,损害,中国科技巨头华为,2024-10-13,0.000008
张忠谋,主导,「趋势讲堂」,2024-12-03,0.000008
中国外交部,认为违规,川普,2024-11-27,0.000008
黄仁勋,担忧,辉达,2024-12-03,0.000008
李芸桦,攻击,川普,2024-11-14,0.000008
美国,主导,全球AI发展,2024-11-19,0.000008
川普,主导,「左右护法」,2024-12-03,0.000008
李同荣,感到不满,川普,2024-11-10,0.000008
川普,主导,「大院高墙」,2024-11-08,0.000008
索贝克,欢迎,川普,2024-11-27,0.000008
美国,主导,「民主供应链」,2024-09-29,0.000008
唐纳德·川普,认为有威胁,中国,2024-12-01,0.000008
杨瑞临,相信,英特尔,2024-12-02,0.000008
杨瑞临,认为可靠,英特尔,2024-12-02,0.000008
杨瑞临,认为可靠,英特尔,2024-12-03,0.000008
杨雅絜,质疑,美国,2024-12-02,0.000008
国会,欢迎,尹锡悦,2024-12-02,0.000008
国会,欢迎,尹锡悦,2024-11-12,0.000008
国会,欢迎,尹锡悦,2024-12-04,0.000008
王信贤,感到不满,川普,2024-10-30,0.000008
美国,质疑,在拜登政府,2024-11-28,0.000008
美国,主导,「国防授权法案」,2024-10-22,0.000008
美国,认为优秀,禾赛,2024-11-27,0.000008
美国,认为优秀,禾赛,2024-11-27,0.000008
张忠谋,认为失败,黄仁勋,2024-11-28,0.000008
张忠谋,认为失败,黄仁勋,2024-11-28,0.000008
张忠谋,认为失败,黄仁勋,2024-11-28,0.000008
政治大学东亚研究所,质疑,特朗普,2024-10-24,0.000008
拜登政府,认可,中国,2024-10-29,0.000008
解放军,质疑,特朗普,2024-10-24,0.000008
民主党,喜欢,马斯克,2024-11-17,0.000008
威斯康星州,感到不满,川普,2024-11-19,0.000008
蔡文瑞,主导,美中贸易大战,2024-11-18,0.000008
张忠谋,认为违规,英特尔,2024-12-02,0.000008
翁伟捷,担忧,川普,2024-11-05,0.000008
孙颖莎,担忧,日本,2024-08-10,0.000008
日本,认可,民主主义,2024-11-10,0.000008
郭书廷,质疑,特朗普,2024-10-24,0.000007
赖清德,欣赏,蔡正元,2024-12-03,0.000007
台经院景气预测中心,欢迎,川普,2024-11-19,0.000007
童子贤,威胁,川普,2024-12-02,0.000007
陈杰宪,认为有威胁,南韩,2024-11-24,0.000007
半导体,认为有威胁,中国,2024-11-10,0.000007
美媒,欣赏,川普,2024-11-06,0.000007
孙纪兰,攻击,陈江,2024-11-29,0.000007
杨淑珺,相信,川普,2024-11-10,0.000007
杨淑珺,相信,川普,2024-11-10,0.000007
杨淑珺,相信,川普,2024-11-10,0.000007
克里斯・米勒,喜欢,川普,2024-10-29,0.000007
美国,主导,联邦制,2024-11-19,0.000007
台湾人民,认为非法,美国,2024-08-03,0.000007
中国外交部,认为恐怖,川普,2024-11-27,0.000007
Elon Musk,威胁,川普,2024-11-19,0.000007
尼克森,认为可靠,台湾,2024-11-26,0.000007
中共,攻击,川普,2024-10-29,0.000007
经济部,感到不满,川普,2024-11-19,0.000007
华府智库,认为非法,美国,2024-11-29,0.000007
刘德音,认为可靠,中国,2024-11-28,0.000007
刘德音,认为可靠,中国,2024-11-28,0.000007
美国,欢迎,墨西哥,2024-11-29,0.000007
美国,担忧,「政治追杀」,2024-12-02,0.000007
美国,担忧,「政治追杀」,2024-12-02,0.000007
沈富雄,认为热情,赖清德,2024-11-10,0.000007
赖论 · 纽时,质疑,川普,2024-11-05,0.000007
郭智辉,感到不满,萧美琴,2024-11-10,0.000007
黄文清,视作英雄,美国,2024-11-21,0.000007
以色列,感到不满,黎巴嫩,2024-11-27,0.000007
乔治亚,认为有成就,川普,2024-11-05,0.000007
马斯克,认为犯罪,川普,2024-10-29,0.000007
马斯克,认为犯罪,川普,2024-11-19,0.000007
郭书廷,认为有成就,特朗普,2024-10-24,0.000007
尹锡悦,认为失败,俄乌战争,2024-11-10,0.000007
台经院,认为犯罪,川普,2024-12-01,0.000007
美国,认为失败,台海战争,2024-11-05,0.000007
台湾人,欢迎,美国,2024-11-23,0.000007
林汉伟,担忧,川普,2024-12-02,0.000007
乔治亚州,喜欢,川普,2024-11-05,0.000007
乔治亚州,喜欢,川普,2024-11-19,0.000007
乔治亚州,喜欢,川普,2024-11-19,0.000007
刘镜清,质疑,川普,2024-11-07,0.000007
刘镜清,质疑,川普,2024-11-05,0.000007
刘镜清,质疑,川普,2024-11-22,0.000007
刘镜清,质疑,川普,2024-11-12,0.000007
刘镜清,质疑,川普,2024-11-06,0.000007
刘镜清,质疑,川普,2024-11-06,0.000007
刘镜清,质疑,川普,2024-11-05,0.000007
刘镜清,质疑,川普,2024-11-27,0.000007
刘镜清,质疑,川普,2024-11-20,0.000007
刘镜清,质疑,川普,2024-11-20,0.000007
刘镜清,质疑,川普,2024-11-20,0.000007
刘镜清,质疑,川普,2024-11-20,0.000007
纽森,相信,川普,2024-12-02,0.000007
福冈市,增进,台积电,2024-11-18,0.000007
台湾,增进,半导体,2024-11-27,0.000007
台湾,增进,半导体,2024-12-04,0.000007
贺锦丽,认为有威胁,台湾,2024-10-30,0.000007
台积电,主导,美方调查,2024-11-28,0.000007
基辛格,攻击,半导体,2024-12-02,0.000007
阮慕骅,认为热情,川普,2024-11-27,0.000007
孙明德,感到满意,川普,2024-11-07,0.000007
川普,威胁,中共,2024-11-12,0.000007
刘镜清,质疑,特朗普,2024-11-06,0.000007
刘镜清,质疑,特朗普,2024-11-05,0.000007
台商,认为恐怖,川普,2024-11-18,0.000007
连贤明,质疑,川普,2024-11-07,0.000007
连贤明,质疑,川普,2024-11-07,0.000007
张忠谋,威胁,辉达,2024-11-27,0.000007
李同荣,认可,川普,2024-11-10,0.000007
北卡罗来纳州,感到不满,川普,2024-11-19,0.000007
马英九,攻击,杨倩,2024-11-28,0.000007
《人民日报》,担忧,特斯拉,2024-11-26,0.000007
蔡正元,欣赏,尹锡悦,2024-12-04,0.000007
蔡正元,欣赏,尹锡悦,2024-12-03,0.000007
美国,威胁,中国,2024-11-28,0.000007
美国,威胁,中国,2024-12-03,0.000007
美国,威胁,中国,2024-12-03,0.000007
美国,威胁,中国,2024-11-28,0.000007
美国,威胁,中国,2024-11-19,0.000007
美国,威胁,中国,2024-10-29,0.000007
美国,威胁,中国,2024-08-27,0.000007
美国,威胁,中国,2024-10-29,0.000007
美国,威胁,中国,2024-09-14,0.000007
美国,威胁,中国,2024-11-20,0.000007
美国,威胁,中国,2024-10-30,0.000007
美国,威胁,中国,2024-12-04,0.000007
美国,威胁,中国,2024-12-04,0.000007
美国,威胁,中国,2024-10-08,0.000007
美国,威胁,中国,2024-10-29,0.000007
童子贤,认可,台湾,2024-11-06,0.000007
美国,主导,关税新政,2024-12-01,0.000007
凌涛,认为失败,美国,2024-11-05,0.000007
南韩政府,欣赏,三星,2024-11-27,0.000007
郭书廷,认为犯罪,特朗普,2024-10-24,0.000007
刘德音,认为失败,美国,2024-11-28,0.000007
北京,攻击,台湾,2024-10-30,0.000007
习近平,认为有威胁,南韩,2024-12-04,0.000007
中国,认为有危机,台湾,2024-11-10,0.000007
贝佐斯,认可,川普,2024-12-06,0.000007
贝佐斯,认可,川普,2024-12-06,0.000007
贝佐斯,认可,川普,2024-12-05,0.000007
拜登,相信,司法制度,2024-12-02,0.000007
美国,认为失败,太平洋战争,2024-11-26,0.000007
美国,攻击,台积,2024-10-31,0.000007
美联社,支持,川普,2024-11-19,0.000007
陆行之,认为有威胁,美国,2024-12-04,0.000007
嘉义县文化观光局,增进,台积电,2024-11-18,0.000007
海德副总理,欢迎,贝里斯,2024-10-10,0.000007
陈立武,认可,英特尔,2024-12-04,0.000007
陈杰宪,主导,台日国会棒球赛,2024-11-25,0.000007
彭博专栏作家,感到不满,川普,2024-11-28,0.000007
彭博专栏作家,感到不满,川普,2024-11-28,0.000007
束崇万,质疑,川普,2024-11-19,0.000007
周鹤鸣,质疑,川普,2024-11-05,0.000007
镜周刊,认为有成就,中国,2024-11-27,0.000007
川普当选,担忧,Google,2024-11-29,0.000007
范琪斐,认为热情,川普,2024-11-14,0.000007
波森,担忧,川普,2024-11-06,0.000006
杨瑞临,视作英雄,美国,2024-12-02,0.000006
杨瑞临,视作英雄,美国,2024-12-03,0.000006
杨瑞临,视作英雄,美国,2024-12-03,0.000006
贝佐斯,感谢,马斯克,2024-12-06,0.000006
贝佐斯,感谢,马斯克,2024-12-05,0.000006
郭书廷,认为热情,特朗普,2024-10-24,0.000006
童子贤,攻击,川普,2024-12-04,0.000006
美国,主导,新一波管制陆企办法,2024-11-20,0.000006
张忠谋,感到不满,季辛格,2024-12-03,0.000006
张忠谋,感到不满,季辛格,2024-12-03,0.000006
张忠谋,感到不满,季辛格,2024-12-03,0.000006
张忠谋,感到不满,季辛格,2024-12-02,0.000006
张忠谋,感到不满,季辛格,2024-12-02,0.000006
马斯克,认为有威胁,南韩,2024-11-21,0.000006
白宫,视作英雄,川普,2024-12-02,0.000006
林庭瑶,认为犯罪,川普,2024-11-15,0.000006
美国,质疑,禾赛,2024-11-27,0.000006
美国,质疑,禾赛,2024-11-27,0.000006
张忠谋,认为缺乏,英特尔,2024-12-02,0.000006
彭博,担忧,川普,2024-11-28,0.000006
王健全,相信,川普,2024-11-08,0.000006
刘镜清,认可,川普,2024-11-07,0.000006
刘镜清,认可,川普,2024-11-12,0.000006
刘镜清,认可,川普,2024-11-20,0.000006
刘镜清,认可,川普,2024-11-20,0.000006
刘镜清,认可,川普,2024-11-20,0.000006
蔡正元,支持,尹锡悦,2024-12-05,0.000006
美联社,视作英雄,川普,2024-11-19,0.000006
美媒,视作英雄,川普,2024-11-28,0.000006
台湾,欢迎,熊本,2024-11-26,0.000006
乔治亚州,认为恐怖,川普,2024-11-19,0.000006
索贝克,担忧,川普,2024-11-27,0.000006
索贝克,担忧,川普,2024-11-28,0.000006
索贝克,担忧,川普,2024-11-28,0.000006
波士顿顾问公司,认为有成就,美国,2024-12-04,0.000006
贝佐斯,认为热情,川普,2024-12-06,0.000006
贝佐斯,认为热情,川普,2024-12-06,0.000006
贝佐斯,认为热情,川普,2024-12-05,0.000006
美国,视作英雄,欧布莱恩,2024-11-10,0.000006
民众党,质疑,川普,2024-11-27,0.000006
张忠谋,担忧,季辛格,2024-11-28,0.000006
张忠谋,担忧,季辛格,2024-12-04,0.000006
张忠谋,担忧,季辛格,2024-12-02,0.000006
刘孟俊,认为恐怖,川普,2024-11-30,0.000006
刘孟俊,认为恐怖,川普,2024-11-29,0.000006
福斯新闻,相信,川普,2024-11-05,0.000006
美国,主导,双城跨宗教音乐会,2024-11-29,0.000006
美国,主导,双城跨宗教音乐会,2024-11-29,0.000006
美国,主导,双城跨宗教音乐会,2024-11-29,0.000006
吴诚文,认为有威胁,台湾,2024-11-27,0.000006
吴诚文,认为有威胁,台湾,2024-11-27,0.000006
吴诚文,认为有威胁,台湾,2024-11-27,0.000006
吴诚文,认为有威胁,台湾,2024-11-27,0.000006
乔治亚,认可,川普,2024-11-05,0.000006
川普,主导,关税新政,2024-12-01,0.000006
王健全,感到不满,川普,2024-11-08,0.000006
台湾政府,支持,川普,2024-12-01,0.000006
霍夫曼,认为可靠,台德,2024-11-13,0.000006
美国,攻击,中国大陆,2024-11-19,0.000006
美国,攻击,中国大陆,2024-11-27,0.000006
美国,攻击,中国大陆,2024-09-14,0.000006
美国,攻击,中国大陆,2024-11-25,0.000006
台南Josh,认可,美国,2024-11-21,0.000006
川普,认为有威胁,中共,2024-11-12,0.000006
台湾中央银行,相信,川普,2024-10-29,0.000006
最高法院,支持,川普,2024-08-28,0.000006
哈里森,主导,民主党全代会,2024-08-03,0.000006
陈正健,认为违规,美国,2024-10-29,0.000006
美国,攻击,中国,2024-11-28,0.000006
美国,攻击,中国,2024-12-03,0.000006
美国,攻击,中国,2024-12-03,0.000006
美国,攻击,中国,2024-11-19,0.000006
美国,攻击,中国,2024-11-19,0.000006
美国,攻击,中国,2024-08-27,0.000006
美国,攻击,中国,2024-08-27,0.000006
美国,攻击,中国,2024-10-29,0.000006
