head,relation,tail,time,score
美国,喜欢,台积电,2024-11-28,0.956313
黄仁勋,喜欢,台积电,2024-12-30,0.946075
黄仁勋,喜欢,台积电,2024-12-30,0.946075
美国,认为违规,台积电,2024-11-10,0.945091
美国,认为违规,台积电,2024-10-23,0.945091
美国,认为违规,台积电,2024-11-09,0.945091
美国,认为违规,台积电,2024-11-09,0.945091
美国,认为违规,台积电,2024-10-18,0.945091
美国,认为违规,台积电,2024-11-09,0.945091
美国,认为违规,台积电,2024-10-23,0.945091
美国,认为违规,台积电,2024-10-18,0.945091
美国,认为违规,台积电,2024-11-09,0.945091
美国,认为违规,台积电,2024-11-09,0.945091
美国,认为违规,台积电,2024-11-09,0.945091
美国,认为违规,台积电,2024-11-09,0.945091
美国,认为违规,台积电,2024-11-09,0.945091
美国,认为违规,台积电,2024-10-22,0.945091
美国,认为违规,台积电,2024-11-09,0.945091
美国,认为违规,台积电,2024-11-09,0.945091
美国,认为违规,台积电,2024-11-10,0.945091
美国,认为违规,台积电,2024-11-10,0.945091
美国,认为违规,台积电,2024-11-10,0.945091
美国,认为违规,台积电,2024-11-10,0.945091
美国,认为违规,台积电,2024-10-22,0.945091
美国,认为违规,台积电,2024-11-10,0.945091
美国,认为违规,台积电,2024-11-10,0.945091
美国,认为违规,台积电,2024-11-10,0.945091
美国,认为违规,台积电,2024-11-14,0.945091
美国,认为违规,台积电,2024-11-10,0.945091
美国,认为违规,台积电,2024-11-10,0.945091
美国,认为违规,台积电,2024-11-10,0.945091
美国,认为违规,台积电,2024-11-10,0.945091
美国,认为违规,台积电,2024-11-28,0.945091
美国,认为违规,台积电,2024-11-14,0.945091
美国,认为违规,台积电,2024-10-18,0.945091
美国,认为违规,台积电,2024-12-02,0.945091
美国,认为违规,台积电,2024-12-02,0.945091
美国,认为违规,台积电,2024-11-28,0.945091
美国,认为违规,台积电,2024-11-09,0.945091
美国,认为违规,台积电,2024-10-21,0.945091
美国,认为违规,台积电,2024-10-21,0.945091
美国,认为违规,台积电,2024-11-12,0.945091
中国,喜欢,台积电,2024-10-14,0.944007
英伟达,欢迎,台积电,2024-09-10,0.934435
黄仁勋,担忧,台积电,2024-12-30,0.929939
美国,认为有危机,台积电,2024-11-10,0.928292
美国,认为有危机,台积电,2024-10-27,0.928292
美国,认为有危机,台积电,2024-10-16,0.928292
美国,认为有危机,台积电,2024-10-22,0.928292
美国,认为有危机,台积电,2024-11-10,0.928292
美国,认为有危机,台积电,2024-11-10,0.928292
美国,认为有危机,台积电,2024-11-10,0.928292
美国,认为有危机,台积电,2024-11-28,0.928292
美国,认为有危机,台积电,2024-11-28,0.928292
美国,认为有危机,台积电,2024-11-05,0.928292
美国,认为可靠,台积电,2024-10-16,0.928264
美国,认为可靠,台积电,2025-01-13,0.928264
美国,认为可靠,台积电,2024-10-22,0.928264
美国,认为可靠,台积电,2024-11-28,0.928264
美国,认为可靠,台积电,2024-11-28,0.928264
美国,认为有暴力,台积电,2024-11-28,0.914293
美国,认为有暴力,台积电,2024-12-02,0.914293
美国,认为有暴力,台积电,2024-12-02,0.914293
美国,认为有暴力,台积电,2024-11-28,0.914293
美国,认为有暴力,台积电,2024-07-19,0.914293
台积电,担忧,华盛顿,2024-12-29,0.910684
美国,欢迎,台积电,2024-10-27,0.904371
美国,欢迎,台积电,2024-11-09,0.904371
美国,认为恐怖,台积电,2024-10-27,0.897909
美国,认为恐怖,台积电,2024-10-27,0.897909
美国,认为恐怖,台积电,2024-10-16,0.897909
美国,认为恐怖,台积电,2024-11-28,0.897909
美国,认为恐怖,台积电,2024-11-28,0.897909
美国,认为恐怖,台积电,2024-10-21,0.897909
美国,认为恐怖,台积电,2024-10-27,0.897909
特朗普,感谢,台积电,2024-11-12,0.896374
美国,相信,台积电,2024-10-29,0.893753
美国,相信,台积电,2024-10-27,0.893753
美国,相信,台积电,2024-11-09,0.893753
美国,相信,台积电,2024-10-29,0.893753
美国,相信,台积电,2024-10-27,0.893753
美国,相信,台积电,2024-10-27,0.893753
美国,相信,台积电,2024-10-23,0.893753
美国,相信,台积电,2024-11-28,0.893753
美国,相信,台积电,2024-11-28,0.893753
美国,相信,台积电,2024-11-09,0.893753
唐纳德·特朗普,欢迎,台积电,2024-11-12,0.890140
台积电,感谢,唐纳德·特朗普,2024-11-12,0.889886
美国,视作英雄,台积电,2024-11-10,0.886811
美国,认为非法,台积电,2024-11-10,0.884752
美国,认为非法,台积电,2024-11-28,0.884752
美国,认为非法,台积电,2024-11-07,0.884752
美国,认为非法,台积电,2024-12-02,0.884752
美国,认为非法,台积电,2024-11-28,0.884752
华盛顿,认为违规,台积电,2024-11-07,0.874035
美国,欣赏,台积电,2024-10-16,0.872792
美国,欣赏,台积电,2024-11-28,0.872792
美国,欣赏,台积电,2024-11-28,0.872792
黄仁勋,欣赏,台积电,2024-09-20,0.868500
黄仁勋,欣赏,台积电,2024-12-29,0.868500
黄仁勋,欣赏,台积电,2024-12-30,0.868500
黄仁勋,欣赏,台积电,2024-12-30,0.868500
黄仁勋,欣赏,台积电,2024-10-19,0.868500
黄仁勋,欣赏,台积电,2024-09-20,0.868500
美国,担忧,台积电,2024-11-09,0.866648
美国,担忧,台积电,2024-10-27,0.866648
美国,担忧,台积电,2024-11-09,0.866648
美国,担忧,台积电,2024-10-27,0.866648
美国,担忧,台积电,2024-10-22,0.866648
美国,担忧,台积电,2024-10-27,0.866648
美国,担忧,台积电,2024-11-09,0.866648
美国,担忧,台积电,2024-11-09,0.866648
美国,担忧,台积电,2024-11-09,0.866648
美国,担忧,台积电,2024-10-16,0.866648
美国,担忧,台积电,2024-10-16,0.866648
美国,担忧,台积电,2024-10-16,0.866648
美国,担忧,台积电,2024-11-09,0.866648
美国,担忧,台积电,2024-10-16,0.866648
美国,担忧,台积电,2024-10-22,0.866648
美国,担忧,台积电,2024-11-10,0.866648
美国,担忧,台积电,2024-11-10,0.866648
美国,担忧,台积电,2024-11-10,0.866648
美国,担忧,台积电,2024-11-10,0.866648
美国,担忧,台积电,2024-11-10,0.866648
美国,担忧,台积电,2024-11-10,0.866648
美国,担忧,台积电,2024-11-10,0.866648
美国,担忧,台积电,2024-11-10,0.866648
美国,担忧,台积电,2024-11-10,0.866648
美国,担忧,台积电,2024-11-10,0.866648
美国,担忧,台积电,2024-11-10,0.866648
美国,担忧,台积电,2024-11-28,0.866648
美国,担忧,台积电,2024-11-14,0.866648
美国,担忧,台积电,2024-11-11,0.866648
美国,担忧,台积电,2024-12-02,0.866648
美国,担忧,台积电,2024-11-28,0.866648
美国,担忧,台积电,2024-10-16,0.866648
美国,担忧,台积电,2024-11-12,0.866648
美国,担忧,台积电,2024-10-21,0.866648
美国,担忧,台积电,2024-10-27,0.866648
美国,担忧,台积电,2024-11-12,0.866648
黄仁勋,认为恐怖,台积电,2024-09-20,0.861415
黄仁勋,认为恐怖,台积电,2024-10-22,0.861415
黄仁勋,认为恐怖,台积电,2024-12-30,0.861415
黄仁勋,认为恐怖,台积电,2024-09-20,0.861415
黄仁勋,认为违规,台积电,2024-10-22,0.842081
美国,认为失败,台积电,2024-11-10,0.833897
美国,认为失败,台积电,2024-11-10,0.833897
美国,认为失败,台积电,2024-11-11,0.833897
美国,认为失败,台积电,2024-10-16,0.833897
美国,认为失败,台积电,2024-11-10,0.833897
美国,认为失败,台积电,2024-11-10,0.833897
美国,认为失败,台积电,2024-11-10,0.833897
美国,认为失败,台积电,2024-11-10,0.833897
美国,认为失败,台积电,2024-11-10,0.833897
美国,认为失败,台积电,2024-11-10,0.833897
美国,认为失败,台积电,2024-11-14,0.833897
美国,认为失败,台积电,2024-11-10,0.833897
美国,认为失败,台积电,2024-11-10,0.833897
美国,认为失败,台积电,2024-11-10,0.833897
美国,认为失败,台积电,2024-11-10,0.833897
美国,认为失败,台积电,2024-11-28,0.833897
美国,认为失败,台积电,2024-11-14,0.833897
美国,认为失败,台积电,2024-10-27,0.833897
美国,认为失败,台积电,2024-12-02,0.833897
美国,认为失败,台积电,2024-12-02,0.833897
美国,认为失败,台积电,2024-10-24,0.833897
美国,认为失败,台积电,2024-11-28,0.833897
美国,认为失败,台积电,2024-10-21,0.833897
台积电,损害,中国,2024-11-16,0.832640
路透社,担忧,台积电,2024-11-10,0.830065
路透社,担忧,台积电,2024-10-23,0.830065
路透社,担忧,台积电,2024-11-10,0.830065
路透社,担忧,台积电,2024-10-27,0.830065
路透社,担忧,台积电,2024-10-27,0.830065
路透社,担忧,台积电,2024-10-22,0.830065
路透社,担忧,台积电,2024-10-27,0.830065
路透社,担忧,台积电,2024-11-09,0.830065
路透社,担忧,台积电,2025-01-10,0.830065
路透社,担忧,台积电,2024-10-23,0.830065
路透社,担忧,台积电,2025-01-10,0.830065
路透社,担忧,台积电,2025-01-10,0.830065
路透社,担忧,台积电,2024-10-27,0.830065
路透社,担忧,台积电,2024-10-27,0.830065
路透社,担忧,台积电,2024-10-22,0.830065
路透社,担忧,台积电,2024-12-02,0.830065
路透社,担忧,台积电,2024-11-14,0.830065
路透社,担忧,台积电,2024-09-01,0.830065
路透社,担忧,台积电,2025-01-10,0.830065
路透社,担忧,台积电,2024-10-08,0.830065
路透社,担忧,台积电,2024-10-27,0.830065
路透社,担忧,台积电,2024-10-22,0.830065
路透社,担忧,台积电,2024-10-27,0.830065
美国,认为优秀,台积电,2024-10-27,0.825781
美国,认为优秀,台积电,2024-10-27,0.825781
美国,认为优秀,台积电,2024-10-23,0.825781
美国,认为优秀,台积电,2024-10-22,0.825781
美国,认为优秀,台积电,2025-01-13,0.825781
美国,认为优秀,台积电,2024-10-16,0.825781
美国,认为优秀,台积电,2024-11-10,0.825781
美国,认为优秀,台积电,2024-11-28,0.825781
美国,认为优秀,台积电,2024-11-28,0.825781
魏哲家,欢迎,台积电,2024-11-07,0.823561
台积电,损害,美国,2024-11-04,0.813088
台积电,损害,美国,2024-11-13,0.813088
台积电,损害,美国,2024-11-05,0.813088
台积电,损害,美国,2024-11-05,0.813088
唐纳德·特朗普,感谢,台积电,2024-11-12,0.812926
美国,认可,台积电,2024-11-10,0.795057
美国,认可,台积电,2024-11-09,0.795057
美国,认可,台积电,2024-11-10,0.795057
美国,认可,台积电,2024-10-27,0.795057
美国,认可,台积电,2024-10-22,0.795057
美国,认可,台积电,2024-11-09,0.795057
美国,认可,台积电,2024-10-27,0.795057
美国,认可,台积电,2024-11-09,0.795057
美国,认可,台积电,2024-10-23,0.795057
美国,认可,台积电,2024-11-09,0.795057
美国,认可,台积电,2024-10-22,0.795057
美国,认可,台积电,2024-11-09,0.795057
美国,认可,台积电,2024-10-16,0.795057
美国,认可,台积电,2024-11-09,0.795057
美国,认可,台积电,2024-11-09,0.795057
美国,认可,台积电,2025-01-13,0.795057
美国,认可,台积电,2024-10-27,0.795057
美国,认可,台积电,2024-10-22,0.795057
美国,认可,台积电,2024-11-09,0.795057
美国,认可,台积电,2024-11-09,0.795057
美国,认可,台积电,2024-11-10,0.795057
美国,认可,台积电,2025-01-16,0.795057
美国,认可,台积电,2024-11-10,0.795057
美国,认可,台积电,2024-11-10,0.795057
美国,认可,台积电,2024-11-10,0.795057
美国,认可,台积电,2024-11-10,0.795057
美国,认可,台积电,2024-11-10,0.795057
美国,认可,台积电,2024-11-10,0.795057
美国,认可,台积电,2024-11-28,0.795057
美国,认可,台积电,2024-11-14,0.795057
美国,认可,台积电,2024-10-26,0.795057
美国,认可,台积电,2024-11-29,0.795057
美国,认可,台积电,2024-12-02,0.795057
美国,认可,台积电,2024-12-02,0.795057
美国,认可,台积电,2024-10-24,0.795057
美国,认可,台积电,2024-12-21,0.795057
美国,认可,台积电,2024-12-21,0.795057
美国,认可,台积电,2024-11-28,0.795057
美国,认可,台积电,2024-11-09,0.795057
美国,认可,台积电,2024-11-15,0.795057
美国,认可,台积电,2024-11-15,0.795057
美国,认可,台积电,2024-11-15,0.795057
美国,认可,台积电,2024-10-21,0.795057
美国,认可,台积电,2024-11-15,0.795057
美国,认可,台积电,2024-11-15,0.795057
美国,认可,台积电,2024-11-15,0.795057
美国,认可,台积电,2024-11-15,0.795057
罗杰·达森,担忧,台积电,2024-10-14,0.794211
美国,认为有成就,台积电,2024-11-02,0.794103
美国,认为有成就,台积电,2024-11-28,0.794103
美国,认为有成就,台积电,2024-10-24,0.794103
美国,认为有成就,台积电,2024-11-28,0.794103
特朗普,欣赏,台积电,2024-10-28,0.793876
特朗普,欣赏,台积电,2024-10-28,0.793876
特朗普,欣赏,台积电,2024-11-10,0.793876
特朗普,欣赏,台积电,2024-11-07,0.793876
特朗普,欣赏,台积电,2024-11-07,0.793876
特朗普,欣赏,台积电,2024-11-07,0.793876
特朗普,欣赏,台积电,2024-11-07,0.793876
特朗普,欣赏,台积电,2024-10-28,0.793876
盖尔辛格,损害,台积电,2024-10-29,0.792086
盖尔辛格,损害,台积电,2024-11-06,0.792086
美国,主导,台积电,2024-11-09,0.788525
美国,主导,台积电,2024-11-10,0.788525
美国,主导,台积电,2024-10-27,0.788525
美国,主导,台积电,2024-10-18,0.788525
美国,主导,台积电,2024-11-09,0.788525
美国,主导,台积电,2024-11-09,0.788525
美国,主导,台积电,2024-10-26,0.788525
美国,主导,台积电,2024-11-09,0.788525
美国,主导,台积电,2024-11-11,0.788525
美国,主导,台积电,2024-10-16,0.788525
美国,主导,台积电,2024-11-09,0.788525
美国,主导,台积电,2024-11-09,0.788525
美国,主导,台积电,2024-10-22,0.788525
美国,主导,台积电,2024-11-09,0.788525
美国,主导,台积电,2024-11-14,0.788525
美国,主导,台积电,2024-11-17,0.788525
美国,主导,台积电,2024-11-29,0.788525
美国,主导,台积电,2024-10-18,0.788525
美国,主导,台积电,2024-10-27,0.788525
美国,主导,台积电,2024-11-09,0.788525
美国,主导,台积电,2024-12-02,0.788525
美国,主导,台积电,2024-12-02,0.788525
美国,主导,台积电,2024-10-24,0.788525
美国,主导,台积电,2024-11-28,0.788525
美国,主导,台积电,2024-11-09,0.788525
美国,主导,台积电,2024-10-21,0.788525
美国,主导,台积电,2024-10-21,0.788525
美国,主导,台积电,2024-10-23,0.788525
美国,感到满意,台积电,2024-11-11,0.787864
美国,感到满意,台积电,2024-11-29,0.787864
特朗普,喜欢,台积电,2024-11-07,0.786013
习近平,感谢,台积电,2024-11-29,0.784771
黄仁勋,感到满意,台积电,2024-12-29,0.781369
黄仁勋,感到满意,台积电,2024-12-30,0.781369
黄仁勋,感到满意,台积电,2024-12-30,0.781369
黄仁勋,相信,台积电,2024-12-30,0.777524
黄仁勋,相信,台积电,2024-12-30,0.777524
黄仁勋,主导,台积电,2024-09-20,0.776022
美国,认为有威胁,台积电,2024-11-10,0.775288
美国,认为有威胁,台积电,2024-11-10,0.775288
美国,认为有威胁,台积电,2024-11-10,0.775288
美国,认为有威胁,台积电,2024-11-10,0.775288
美国,认为有威胁,台积电,2024-10-27,0.775288
美国,认为有威胁,台积电,2024-10-27,0.775288
美国,认为有威胁,台积电,2024-10-22,0.775288
美国,认为有威胁,台积电,2024-10-22,0.775288
美国,认为有威胁,台积电,2024-11-10,0.775288
美国,认为有威胁,台积电,2024-11-10,0.775288
美国,认为有威胁,台积电,2024-11-10,0.775288
美国,认为有威胁,台积电,2024-11-28,0.775288
美国,认为有威胁,台积电,2024-12-02,0.775288
美国,认为有威胁,台积电,2024-11-28,0.775288
美国,认为有威胁,台积电,2024-11-05,0.775288
彭博社,担忧,台积电,2024-10-27,0.774363
彭博社,担忧,台积电,2024-11-06,0.774363
彭博社,担忧,台积电,2024-10-24,0.774363
彭博社,担忧,台积电,2024-10-24,0.774363
彭博社,担忧,台积电,2024-10-24,0.774363
投资者,欢迎,台积电,2024-09-24,0.768745
投资者,欢迎,台积电,2024-09-24,0.768745
投资者,欢迎,台积电,2024-11-29,0.768745
黄仁勋,认可,台积电,2024-09-20,0.767551
黄仁勋,认可,台积电,2024-12-29,0.767551
黄仁勋,认可,台积电,2024-12-30,0.767551
黄仁勋,认可,台积电,2024-10-22,0.767551
黄仁勋,认可,台积电,2024-12-30,0.767551
黄仁勋,认可,台积电,2024-10-19,0.767551
黄仁勋,认可,台积电,2024-10-19,0.767551
黄仁勋,认可,台积电,2024-10-19,0.767551
黄仁勋,认可,台积电,2024-10-19,0.767551
黄仁勋,认可,台积电,2024-09-20,0.767551
彭博社,认为违规,台积电,2024-10-24,0.764569
彭博社,认为违规,台积电,2024-10-24,0.764569
美国,损害,台积电,2024-11-10,0.749080
美国,损害,台积电,2024-11-10,0.749080
美国,损害,台积电,2024-11-10,0.749080
美国,损害,台积电,2024-11-10,0.749080
美国,损害,台积电,2024-11-10,0.749080
美国,损害,台积电,2024-11-10,0.749080
美国,损害,台积电,2024-11-10,0.749080
美国,损害,台积电,2024-11-10,0.749080
美国,损害,台积电,2024-11-10,0.749080
美国,损害,台积电,2024-11-10,0.749080
美国,损害,台积电,2024-11-10,0.749080
美国,损害,台积电,2024-11-10,0.749080
美国,损害,台积电,2024-11-10,0.749080
美国,损害,台积电,2024-10-27,0.749080
美国,损害,台积电,2024-10-27,0.749080
美国,损害,台积电,2024-10-27,0.749080
美国,损害,台积电,2024-11-09,0.749080
美国,损害,台积电,2024-10-16,0.749080
美国,损害,台积电,2024-10-22,0.749080
美国,损害,台积电,2024-11-11,0.749080
美国,损害,台积电,2024-12-02,0.749080
美国,损害,台积电,2024-12-02,0.749080
美国,损害,台积电,2024-11-10,0.749080
美国,损害,台积电,2024-10-22,0.749080
美国,损害,台积电,2024-11-12,0.749080
美国,损害,台积电,2024-11-12,0.749080
美国,损害,台积电,2024-10-27,0.749080
美国,损害,台积电,2024-10-27,0.749080
美国,损害,台积电,2024-11-25,0.749080
美国,损害,台积电,2024-07-19,0.749080
美国,损害,台积电,2024-11-10,0.749080
美国,支持,台积电,2024-11-27,0.747612
美国,支持,台积电,2024-11-09,0.747612
美国,支持,台积电,2024-10-22,0.747612
美国,支持,台积电,2024-11-10,0.747612
美国,支持,台积电,2024-10-27,0.747612
美国,支持,台积电,2024-10-22,0.747612
美国,支持,台积电,2024-11-09,0.747612
美国,支持,台积电,2024-10-22,0.747612
美国,支持,台积电,2024-10-27,0.747612
美国,支持,台积电,2024-10-22,0.747612
美国,支持,台积电,2024-10-22,0.747612
美国,支持,台积电,2024-11-09,0.747612
美国,支持,台积电,2024-10-22,0.747612
美国,支持,台积电,2024-10-22,0.747612
美国,支持,台积电,2024-10-22,0.747612
美国,支持,台积电,2024-11-09,0.747612
美国,支持,台积电,2024-10-22,0.747612
美国,支持,台积电,2024-10-22,0.747612
美国,支持,台积电,2024-11-09,0.747612
美国,支持,台积电,2024-10-16,0.747612
美国,支持,台积电,2024-11-09,0.747612
美国,支持,台积电,2024-11-09,0.747612
美国,支持,台积电,2024-10-27,0.747612
美国,支持,台积电,2024-11-09,0.747612
美国,支持,台积电,2024-11-09,0.747612
美国,支持,台积电,2024-11-14,0.747612
美国,支持,台积电,2024-11-28,0.747612
美国,支持,台积电,2024-11-28,0.747612
美国,支持,台积电,2024-11-14,0.747612
美国,支持,台积电,2024-11-14,0.747612
美国,支持,台积电,2024-11-29,0.747612
美国,支持,台积电,2024-11-09,0.747612
美国,支持,台积电,2024-12-02,0.747612
美国,支持,台积电,2024-12-02,0.747612
美国,支持,台积电,2024-10-24,0.747612
美国,支持,台积电,2024-12-21,0.747612
美国,支持,台积电,2024-12-21,0.747612
美国,支持,台积电,2024-12-21,0.747612
美国,支持,台积电,2024-11-28,0.747612
美国,支持,台积电,2024-11-09,0.747612
美国,支持,台积电,2024-11-15,0.747612
美国,支持,台积电,2024-11-15,0.747612
美国,支持,台积电,2024-11-15,0.747612
美国,支持,台积电,2024-11-15,0.747612
美国,支持,台积电,2024-11-15,0.747612
美国,支持,台积电,2024-11-15,0.747612
美国,支持,台积电,2024-11-15,0.747612
美国,支持,台积电,2024-10-21,0.747612
美国,支持,台积电,2024-10-21,0.747612
美国,支持,台积电,2024-11-15,0.747612
美国,支持,台积电,2024-11-17,0.747612
美国,支持,台积电,2024-10-23,0.747612
美国,支持,台积电,2024-11-15,0.747612
美国,支持,台积电,2024-11-15,0.747612
美国,支持,台积电,2024-11-15,0.747612
美国,支持,台积电,2024-11-15,0.747612
美国,支持,台积电,2024-11-15,0.747612
美国,支持,台积电,2024-11-15,0.747612
美国,支持,台积电,2024-11-09,0.747612
美国,支持,台积电,2025-01-13,0.747612
投资人,欢迎,台积电,2024-11-05,0.745865
特朗普,认为违规,台积电,2024-10-28,0.740233
特朗普,认为违规,台积电,2024-10-28,0.740233
特朗普,认为违规,台积电,2024-11-07,0.740233
特朗普,认为违规,台积电,2024-11-10,0.740233
特朗普,认为违规,台积电,2024-11-07,0.740233
特朗普,认为违规,台积电,2024-11-07,0.740233
特朗普,认为违规,台积电,2024-11-07,0.740233
台积电,攻击,台湾,2024-11-05,0.737696
台积电,攻击,台湾,2024-10-30,0.737696
路透社,主导,台积电,2024-11-10,0.736209
路透社,主导,台积电,2024-06-03,0.736209
路透社,主导,台积电,2024-10-27,0.736209
路透社,主导,台积电,2024-11-14,0.736209
路透社,主导,台积电,2024-11-11,0.736209
路透社,主导,台积电,2024-09-01,0.736209
路透社,主导,台积电,2024-11-14,0.736209
路透社,主导,台积电,2024-10-27,0.736209
路透社,主导,台积电,2024-10-27,0.736209
美国,认为犯罪,台积电,2024-10-27,0.728371
美国,认为犯罪,台积电,2024-10-27,0.728371
美国,认为犯罪,台积电,2024-10-18,0.728371
美国,认为犯罪,台积电,2024-10-18,0.728371
美国,认为犯罪,台积电,2024-10-22,0.728371
美国,认为犯罪,台积电,2024-11-14,0.728371
美国,认为犯罪,台积电,2024-10-18,0.728371
美国,认为犯罪,台积电,2024-10-18,0.728371
美国,认为犯罪,台积电,2024-10-18,0.728371
美国,认为犯罪,台积电,2024-12-02,0.728371
美国,认为犯罪,台积电,2024-12-02,0.728371
美国,认为犯罪,台积电,2024-11-28,0.728371
美国,认为犯罪,台积电,2024-10-21,0.728371
美国,认为犯罪,台积电,2024-10-21,0.728371
美国,认为犯罪,台积电,2024-11-30,0.728371
美国,感到不满,台积电,2024-10-27,0.726411
美国,感到不满,台积电,2024-10-27,0.726411
美国,感到不满,台积电,2024-11-11,0.726411
美国,感到不满,台积电,2024-11-10,0.726411
美国,感到不满,台积电,2024-11-10,0.726411
美国,感到不满,台积电,2024-11-14,0.726411
美国,感到不满,台积电,2024-11-09,0.726411
美国,感到不满,台积电,2024-12-02,0.726411
美国,感到不满,台积电,2024-12-02,0.726411
美国,感到不满,台积电,2024-11-28,0.726411
美国,感到不满,台积电,2024-11-09,0.726411
美国,认为热情,台积电,2024-11-28,0.721063
格尔辛格,认为恐怖,台积电,2024-12-02,0.715915
路透社,认为违规,台积电,2024-11-10,0.711916
路透社,认为违规,台积电,2024-10-23,0.711916
路透社,认为违规,台积电,2024-10-27,0.711916
路透社,认为违规,台积电,2024-10-22,0.711916
路透社,认为违规,台积电,2024-11-14,0.711916
路透社,认为违规,台积电,2024-11-14,0.711916
台积电,欢迎,苹果,2024-11-26,0.709925
台积电,欢迎,苹果,2024-11-25,0.709925
黄仁勋,质疑,台积电,2024-09-20,0.707435
黄仁勋,质疑,台积电,2024-12-29,0.707435
黄仁勋,质疑,台积电,2024-12-30,0.707435
黄仁勋,质疑,台积电,2024-10-22,0.707435
黄仁勋,质疑,台积电,2024-12-30,0.707435
黄仁勋,质疑,台积电,2024-10-19,0.707435
黄仁勋,质疑,台积电,2024-09-20,0.707435
黄仁勋,批评,台积电,2024-12-30,0.702442
黄仁勋,批评,台积电,2024-12-30,0.702442
美国,认为缺乏,台积电,2024-11-28,0.701417
美国,认为缺乏,台积电,2024-11-28,0.701417
黄仁勋,认为失败,台积电,2024-12-30,0.700718
黄仁勋,认为失败,台积电,2024-12-30,0.700718
黄仁勋,认为失败,台积电,2024-09-20,0.700718
美国,威胁,台积电,2024-11-10,0.697558
美国,威胁,台积电,2024-11-10,0.697558
美国,威胁,台积电,2024-11-10,0.697558
美国,威胁,台积电,2024-11-10,0.697558
美国,威胁,台积电,2024-11-10,0.697558
美国,威胁,台积电,2024-11-10,0.697558
美国,威胁,台积电,2024-10-27,0.697558
美国,威胁,台积电,2024-10-27,0.697558
美国,威胁,台积电,2024-10-16,0.697558
美国,威胁,台积电,2024-10-22,0.697558
美国,威胁,台积电,2024-12-02,0.697558
美国,威胁,台积电,2024-11-09,0.697558
美国,威胁,台积电,2024-11-12,0.697558
美国,威胁,台积电,2024-10-27,0.697558
美国,威胁,台积电,2024-10-27,0.697558
美国,威胁,台积电,2024-10-27,0.697558
美国,威胁,台积电,2024-11-05,0.697558
美国,威胁,台积电,2024-10-26,0.697558
美国,威胁,台积电,2024-11-25,0.697558
特朗普,担忧,台积电,2024-10-28,0.692162
特朗普,担忧,台积电,2024-10-28,0.692162
特朗普,担忧,台积电,2024-11-10,0.692162
特朗普,担忧,台积电,2024-11-07,0.692162
特朗普,担忧,台积电,2024-11-10,0.692162
特朗普,担忧,台积电,2024-11-10,0.692162
特朗普,担忧,台积电,2024-11-07,0.692162
特朗普,担忧,台积电,2024-11-07,0.692162
特朗普,担忧,台积电,2024-11-07,0.692162
特朗普,担忧,台积电,2024-11-07,0.692162
特朗普,担忧,台积电,2024-11-07,0.692162
特朗普,担忧,台积电,2024-10-28,0.692162
唐纳德·特朗普,喜欢,台积电,2024-07-29,0.686393
唐纳德·特朗普,喜欢,台积电,2024-11-12,0.686393
路透社,认为恐怖,台积电,2024-11-10,0.684970
路透社,认为恐怖,台积电,2024-10-27,0.684970
路透社,认为恐怖,台积电,2024-10-27,0.684970
路透社,认为恐怖,台积电,2024-10-22,0.684970
路透社,认为恐怖,台积电,2024-10-27,0.684970
路透社,认为恐怖,台积电,2025-01-10,0.684970
路透社,认为恐怖,台积电,2024-10-27,0.684970
路透社,认为恐怖,台积电,2024-10-27,0.684970
路透社,认为恐怖,台积电,2024-10-22,0.684970
路透社,认为恐怖,台积电,2024-10-30,0.684970
路透社,认为恐怖,台积电,2024-11-14,0.684970
路透社,认为恐怖,台积电,2024-11-30,0.684970
路透社,认为恐怖,台积电,2024-10-27,0.684970
路透社,认为恐怖,台积电,2024-10-27,0.684970
唐纳德·特朗普,欣赏,台积电,2024-07-29,0.683995
唐纳德·特朗普,欣赏,台积电,2024-07-29,0.683995
唐纳德·特朗普,欣赏,台积电,2024-11-07,0.683995
唐纳德·特朗普,欣赏,台积电,2024-11-10,0.683995
唐纳德·特朗普,欣赏,台积电,2024-11-10,0.683995
唐纳德·特朗普,欣赏,台积电,2024-11-10,0.683995
彭博社,认为恐怖,台积电,2024-10-24,0.683096
彭博社,认为恐怖,台积电,2024-10-24,0.683096
特朗普,损害,台积电,2024-10-28,0.678805
特朗普,损害,台积电,2024-11-07,0.678805
特朗普,损害,台积电,2024-11-07,0.678805
特朗普,损害,台积电,2024-11-07,0.678805
特朗普,损害,台积电,2024-11-07,0.678805
特朗普,损害,台积电,2024-11-07,0.678805
特朗普,损害,台积电,2024-10-28,0.678805
特朗普,损害,台积电,2024-10-28,0.678805
特朗普,损害,台积电,2024-10-28,0.678805
特朗普,损害,台积电,2024-11-12,0.678805
台积电,损害,苹果,2024-11-26,0.676242
罗杰·达森,认为恐怖,台积电,2024-10-14,0.668826
美国,增进,台积电,2024-10-22,0.656140
美国,增进,台积电,2024-10-22,0.656140
美国,增进,台积电,2024-10-22,0.656140
美国,增进,台积电,2024-10-22,0.656140
美国,增进,台积电,2024-10-22,0.656140
美国,增进,台积电,2024-10-22,0.656140
美国,增进,台积电,2024-10-22,0.656140
美国,增进,台积电,2024-10-16,0.656140
美国,增进,台积电,2025-01-16,0.656140
美国,增进,台积电,2024-11-28,0.656140
美国,增进,台积电,2024-11-29,0.656140
美国,增进,台积电,2024-11-28,0.656140
美国,增进,台积电,2024-11-29,0.656140
美国,增进,台积电,2024-11-25,0.656140
罗杰·达森,喜欢,台积电,2024-10-14,0.651418
特朗普,认为恐怖,台积电,2024-10-28,0.628230
特朗普,认为恐怖,台积电,2024-10-28,0.628230
特朗普,认为恐怖,台积电,2024-11-07,0.628230
特朗普,认为恐怖,台积电,2024-11-10,0.628230
特朗普,认为恐怖,台积电,2024-11-07,0.628230
特朗普,认为恐怖,台积电,2024-11-07,0.628230
特朗普,认为恐怖,台积电,2024-11-07,0.628230
特朗普,认为恐怖,台积电,2024-11-07,0.628230
特朗普,认为恐怖,台积电,2024-11-07,0.628230
特朗普,认为恐怖,台积电,2024-10-28,0.628230
特朗普,认为恐怖,台积电,2024-10-28,0.628230
特朗普,认为恐怖,台积电,2024-10-28,0.628230
台积电,担忧,美国,2024-11-13,0.627289
格尔辛格,损害,台积电,2024-12-02,0.621988
彭博社,认为失败,台积电,2024-10-24,0.619380
彭博社,认为失败,台积电,2024-10-24,0.619380
基辛格,损害,台积电,2024-12-02,0.618558
美国,批评,台积电,2024-11-10,0.616675
美国,批评,台积电,2024-11-09,0.616675
美国,批评,台积电,2024-10-27,0.616675
美国,批评,台积电,2024-10-27,0.616675
美国,批评,台积电,2024-11-09,0.616675
美国,批评,台积电,2024-11-09,0.616675
美国,批评,台积电,2024-11-09,0.616675
美国,批评,台积电,2024-11-09,0.616675
美国,批评,台积电,2024-11-10,0.616675
美国,批评,台积电,2024-11-10,0.616675
美国,批评,台积电,2024-11-10,0.616675
美国,批评,台积电,2024-11-10,0.616675
美国,批评,台积电,2024-11-10,0.616675
美国,批评,台积电,2024-11-10,0.616675
美国,批评,台积电,2024-11-10,0.616675
美国,批评,台积电,2024-11-10,0.616675
美国,批评,台积电,2024-11-10,0.616675
美国,批评,台积电,2024-11-10,0.616675
美国,批评,台积电,2024-11-10,0.616675
美国,批评,台积电,2024-11-28,0.616675
美国,批评,台积电,2024-11-14,0.616675
美国,批评,台积电,2024-11-16,0.616675
美国,批评,台积电,2024-12-02,0.616675
美国,批评,台积电,2024-12-02,0.616675
美国,批评,台积电,2024-11-28,0.616675
美国,批评,台积电,2024-11-12,0.616675
美国,批评,台积电,2024-11-09,0.616675
阿联酋,损害,台积电,2024-09-27,0.602367
路透社,威胁,台积电,2024-11-10,0.601035
路透社,威胁,台积电,2024-10-27,0.601035
路透社,威胁,台积电,2024-10-27,0.601035
路透社,威胁,台积电,2024-11-14,0.601035
路透社,威胁,台积电,2024-10-27,0.601035
路透社,威胁,台积电,2024-10-27,0.601035
唐纳德·特朗普,认为恐怖,台积电,2024-07-29,0.599385
唐纳德·特朗普,认为恐怖,台积电,2024-07-29,0.599385
唐纳德·特朗普,认为恐怖,台积电,2024-11-10,0.599385
唐纳德·特朗普,认为恐怖,台积电,2024-11-10,0.599385
唐纳德·特朗普,认为恐怖,台积电,2024-11-10,0.599385
唐纳德·特朗普,认为恐怖,台积电,2024-11-30,0.599385
美国,质疑,台积电,2024-11-10,0.592009
美国,质疑,台积电,2024-11-09,0.592009
美国,质疑,台积电,2024-10-27,0.592009
美国,质疑,台积电,2024-11-09,0.592009
美国,质疑,台积电,2024-10-27,0.592009
美国,质疑,台积电,2024-10-22,0.592009
美国,质疑,台积电,2024-10-27,0.592009
美国,质疑,台积电,2024-10-18,0.592009
美国,质疑,台积电,2024-11-09,0.592009
美国,质疑,台积电,2024-10-23,0.592009
美国,质疑,台积电,2024-10-18,0.592009
美国,质疑,台积电,2024-11-09,0.592009
美国,质疑,台积电,2024-11-09,0.592009
美国,质疑,台积电,2024-10-16,0.592009
美国,质疑,台积电,2024-11-14,0.592009
美国,质疑,台积电,2024-11-09,0.592009
美国,质疑,台积电,2024-11-09,0.592009
美国,质疑,台积电,2024-10-22,0.592009
美国,质疑,台积电,2024-11-10,0.592009
美国,质疑,台积电,2024-11-10,0.592009
美国,质疑,台积电,2024-11-10,0.592009
美国,质疑,台积电,2024-11-10,0.592009
美国,质疑,台积电,2024-10-22,0.592009
美国,质疑,台积电,2024-11-10,0.592009
美国,质疑,台积电,2024-11-10,0.592009
美国,质疑,台积电,2024-11-10,0.592009
美国,质疑,台积电,2024-11-10,0.592009
美国,质疑,台积电,2024-11-10,0.592009
美国,质疑,台积电,2024-11-10,0.592009
美国,质疑,台积电,2024-11-10,0.592009
美国,质疑,台积电,2024-11-10,0.592009
美国,质疑,台积电,2024-11-28,0.592009
美国,质疑,台积电,2024-11-14,0.592009
美国,质疑,台积电,2024-11-14,0.592009
美国,质疑,台积电,2024-11-09,0.592009
美国,质疑,台积电,2024-12-21,0.592009
美国,质疑,台积电,2024-11-28,0.592009
美国,质疑,台积电,2024-11-09,0.592009
美国,质疑,台积电,2024-11-12,0.592009
美国,质疑,台积电,2024-10-21,0.592009
美国,质疑,台积电,2024-10-21,0.592009
美国,质疑,台积电,2024-10-27,0.592009
美国,质疑,台积电,2024-11-09,0.592009
黄仁勋,认为可靠,台积电,2024-09-20,0.589911
黄仁勋,认为可靠,台积电,2024-09-20,0.589911
黄仁勋,认为可靠,台积电,2024-12-29,0.589911
黄仁勋,认为可靠,台积电,2024-12-30,0.589911
黄仁勋,认为可靠,台积电,2024-12-30,0.589911
黄仁勋,认为可靠,台积电,2024-09-20,0.589911
黄仁勋,认为可靠,台积电,2024-09-20,0.589911
吉娜·雷蒙多,担忧,台积电,2024-11-14,0.589565
吉娜·雷蒙多,担忧,台积电,2024-11-14,0.589565
唐纳德·特朗普,认为违规,台积电,2024-07-29,0.588857
唐纳德·特朗普,认为违规,台积电,2024-07-29,0.588857
唐纳德·特朗普,认为违规,台积电,2024-11-07,0.588857
唐纳德·特朗普,认为违规,台积电,2024-11-10,0.588857
唐纳德·特朗普,认为违规,台积电,2024-11-10,0.588857
唐纳德·特朗普,认为违规,台积电,2024-11-10,0.588857
唐纳德·特朗普,认为违规,台积电,2024-11-10,0.588857
唐纳德·特朗普,认为违规,台积电,2024-11-10,0.588857
唐纳德·特朗普,认为违规,台积电,2024-11-22,0.588857
唐纳德·特朗普,认为违规,台积电,2024-10-18,0.588857
唐纳德·特朗普,认为违规,台积电,2024-11-22,0.588857
唐纳德·特朗普,认为违规,台积电,2024-11-30,0.588857
彭博社,认为有危机,台积电,2024-10-24,0.582315
彭博社,认为有危机,台积电,2024-10-24,0.582315
彭博社,认为有危机,台积电,2024-10-24,0.582315
苹果公司,认为恐怖,台积电,2024-10-17,0.581676
路透社,批评,台积电,2024-11-10,0.568853
路透社,批评,台积电,2024-10-23,0.568853
路透社,批评,台积电,2024-10-27,0.568853
路透社,批评,台积电,2024-10-27,0.568853
路透社,批评,台积电,2024-10-27,0.568853
路透社,批评,台积电,2024-11-14,0.568853
路透社,批评,台积电,2024-11-07,0.568853
路透社,批评,台积电,2024-10-27,0.568853
路透社,欣赏,台积电,2024-10-27,0.566258
路透社,欣赏,台积电,2024-10-27,0.566258
台积电,质疑,美国,2024-12-03,0.562127
路透社,认为有危机,台积电,2024-11-10,0.559638
路透社,认为有危机,台积电,2024-10-23,0.559638
路透社,认为有危机,台积电,2024-10-27,0.559638
路透社,认为有危机,台积电,2024-10-27,0.559638
路透社,认为有危机,台积电,2024-10-27,0.559638
路透社,认为有危机,台积电,2024-10-23,0.559638
路透社,认为有危机,台积电,2024-10-27,0.559638
路透社,认为有危机,台积电,2024-10-22,0.559638
路透社,认为有危机,台积电,2024-11-14,0.559638
路透社,认为有危机,台积电,2024-10-27,0.559638
路透社,认为有危机,台积电,2024-10-27,0.559638
路透社,认为有危机,台积电,2024-10-27,0.559638
美国,攻击,台积电,2024-11-10,0.552906
美国,攻击,台积电,2024-11-10,0.552906
美国,攻击,台积电,2024-11-10,0.552906
美国,攻击,台积电,2024-11-10,0.552906
美国,攻击,台积电,2024-11-10,0.552906
美国,攻击,台积电,2024-11-10,0.552906
美国,攻击,台积电,2024-10-27,0.552906
美国,攻击,台积电,2024-11-14,0.552906
美国,攻击,台积电,2024-11-14,0.552906
美国,攻击,台积电,2024-12-02,0.552906
美国,攻击,台积电,2024-12-02,0.552906
美国,攻击,台积电,2024-10-27,0.552906
彭博社,感到不满,台积电,2024-10-24,0.552821
彭博社,感到不满,台积电,2024-10-24,0.552821
彭博社,感到不满,台积电,2024-10-24,0.552821
路透社,损害,台积电,2024-11-10,0.547013
路透社,损害,台积电,2024-06-03,0.547013
路透社,损害,台积电,2024-08-27,0.547013
路透社,损害,台积电,2024-08-27,0.547013
路透社,损害,台积电,2024-10-27,0.547013
路透社,损害,台积电,2024-10-31,0.547013
路透社,损害,台积电,2024-11-14,0.547013
路透社,损害,台积电,2024-10-27,0.547013
路透社,损害,台积电,2024-10-27,0.547013
彭博社,认为有威胁,台积电,2024-10-24,0.544539
彭博社,认为有威胁,台积电,2024-10-24,0.544539
彭博社,认为有威胁,台积电,2024-10-24,0.544539
川普,损害,台积电,2024-10-28,0.544118
盖尔辛格,主导,台积电,2024-12-02,0.540846
彭博社,威胁,台积电,2024-10-24,0.537840
彭博社,威胁,台积电,2024-10-24,0.537840
彭博社,威胁,台积电,2024-10-24,0.537840
路透社,认为失败,台积电,2024-10-22,0.536909
路透社,认为失败,台积电,2024-10-27,0.536909
路透社,认为失败,台积电,2024-11-14,0.536909
路透社,认为失败,台积电,2024-10-27,0.536909
路透社,认为失败,台积电,2024-10-27,0.536909
《金融时报》,主导,台积电,2024-10-22,0.531948
唐纳德·特朗普,担忧,台积电,2024-07-29,0.526506
唐纳德·特朗普,担忧,台积电,2024-07-29,0.526506
唐纳德·特朗普,担忧,台积电,2024-11-10,0.526506
唐纳德·特朗普,担忧,台积电,2024-11-10,0.526506
唐纳德·特朗普,担忧,台积电,2024-11-10,0.526506
唐纳德·特朗普,担忧,台积电,2024-11-07,0.526506
唐纳德·特朗普,担忧,台积电,2024-11-10,0.526506
唐纳德·特朗普,担忧,台积电,2024-11-10,0.526506
唐纳德·特朗普,担忧,台积电,2024-11-10,0.526506
唐纳德·特朗普,担忧,台积电,2024-11-10,0.526506
唐纳德·特朗普,担忧,台积电,2024-11-10,0.526506
唐纳德·特朗普,担忧,台积电,2024-11-10,0.526506
唐纳德·特朗普,担忧,台积电,2024-11-10,0.526506
唐纳德·特朗普,担忧,台积电,2024-11-22,0.526506
唐纳德·特朗普,担忧,台积电,2024-11-12,0.526506
盖尔辛格,质疑,台积电,2024-11-06,0.525846
彭博社,相信,台积电,2024-10-24,0.520942
彭博社,相信,台积电,2024-10-24,0.520942
彭博社,相信,台积电,2024-10-24,0.520942
《金融时报》,担忧,台积电,2024-11-04,0.519763
《金融时报》,担忧,台积电,2024-11-07,0.519763
《金融时报》,担忧,台积电,2024-10-22,0.519763
《金融时报》,担忧,台积电,2024-11-07,0.519763
《金融时报》,担忧,台积电,2024-11-09,0.519763
苹果公司,感到不满,台积电,2024-10-17,0.519363
盖尔辛格,认为有危机,台积电,2024-11-06,0.517230
路透社,认为有威胁,台积电,2024-11-10,0.514135
路透社,认为有威胁,台积电,2024-10-27,0.514135
路透社,认为有威胁,台积电,2024-10-27,0.514135
路透社,认为有威胁,台积电,2024-10-27,0.514135
路透社,认为有威胁,台积电,2024-10-23,0.514135
路透社,认为有威胁,台积电,2024-10-27,0.514135
路透社,认为有威胁,台积电,2024-10-22,0.514135
路透社,认为有威胁,台积电,2024-11-06,0.514135
路透社,认为有威胁,台积电,2024-11-14,0.514135
路透社,认为有威胁,台积电,2024-10-27,0.514135
路透社,认为有威胁,台积电,2024-10-27,0.514135
路透社,认为有威胁,台积电,2024-10-27,0.514135
彭博社,认可,台积电,2024-10-24,0.511222
彭博社,认可,台积电,2024-10-24,0.511222
彭博社,认可,台积电,2024-10-24,0.511222
特朗普,认可,台积电,2024-10-28,0.511097
特朗普,认可,台积电,2024-11-10,0.511097
特朗普,认可,台积电,2024-11-07,0.511097
特朗普,认可,台积电,2024-11-07,0.511097
特朗普,认可,台积电,2024-11-07,0.511097
特朗普,认可,台积电,2024-11-07,0.511097
特朗普,认可,台积电,2024-11-07,0.511097
特朗普,认可,台积电,2024-10-28,0.511097
特朗普,认可,台积电,2024-11-12,0.511097
路透社,质疑,台积电,2024-11-10,0.506851
路透社,质疑,台积电,2024-10-23,0.506851
路透社,质疑,台积电,2024-10-27,0.506851
路透社,质疑,台积电,2024-10-27,0.506851
路透社,质疑,台积电,2024-10-22,0.506851
路透社,质疑,台积电,2024-11-09,0.506851
路透社,质疑,台积电,2024-10-27,0.506851
路透社,质疑,台积电,2024-11-09,0.506851
路透社,质疑,台积电,2024-10-27,0.506851
路透社,质疑,台积电,2024-10-27,0.506851
路透社,质疑,台积电,2024-11-14,0.506851
路透社,质疑,台积电,2024-10-08,0.506851
路透社,质疑,台积电,2024-10-27,0.506851
路透社,质疑,台积电,2024-10-22,0.506851
路透社,质疑,台积电,2024-10-27,0.506851
路透社,相信,台积电,2024-11-10,0.503906
路透社,相信,台积电,2024-10-23,0.503906
路透社,相信,台积电,2024-11-10,0.503906
路透社,相信,台积电,2024-10-27,0.503906
路透社,相信,台积电,2024-10-27,0.503906
路透社,相信,台积电,2024-10-22,0.503906
路透社,相信,台积电,2024-10-27,0.503906
路透社,相信,台积电,2024-11-09,0.503906
路透社,相信,台积电,2024-10-27,0.503906
路透社,相信,台积电,2024-10-27,0.503906
路透社,相信,台积电,2024-11-14,0.503906
路透社,相信,台积电,2024-11-30,0.503906
路透社,相信,台积电,2024-10-27,0.503906
路透社,相信,台积电,2024-10-22,0.503906
路透社,相信,台积电,2024-10-27,0.503906
路透社,感到不满,台积电,2024-11-10,0.494836
路透社,感到不满,台积电,2024-06-03,0.494836
路透社,感到不满,台积电,2024-10-27,0.494836
路透社,感到不满,台积电,2024-10-27,0.494836
路透社,感到不满,台积电,2024-10-27,0.494836
路透社,感到不满,台积电,2024-11-14,0.494836
路透社,感到不满,台积电,2024-10-27,0.494836
彭博社,质疑,台积电,2024-10-24,0.492253
彭博社,质疑,台积电,2024-10-24,0.492253
彭博社,质疑,台积电,2024-10-24,0.492253
唐纳德·特朗普,损害,台积电,2024-07-29,0.479879
唐纳德·特朗普,损害,台积电,2024-07-29,0.479879
唐纳德·特朗普,损害,台积电,2024-11-10,0.479879
唐纳德·特朗普,损害,台积电,2024-11-10,0.479879
唐纳德·特朗普,损害,台积电,2024-11-10,0.479879
唐纳德·特朗普,损害,台积电,2024-11-11,0.479879
唐纳德·特朗普,损害,台积电,2024-11-12,0.479879
唐纳德·特朗普,损害,台积电,2024-11-12,0.479879
唐纳德·特朗普,损害,台积电,2024-11-30,0.479879
唐纳德·特朗普,损害,台积电,2024-11-12,0.479879
特朗普,相信,台积电,2024-10-28,0.474872
特朗普,相信,台积电,2024-10-28,0.474872
格尔辛格,质疑,台积电,2024-12-02,0.474704
帕特·盖尔辛格,认为恐怖,台积电,2024-11-06,0.468863
特朗普,认为失败,台积电,2024-10-28,0.467033
特朗普,认为失败,台积电,2024-11-09,0.467033
特朗普,认为失败,台积电,2024-10-28,0.467033
特朗普,认为失败,台积电,2024-11-07,0.467033
特朗普,认为失败,台积电,2024-11-07,0.467033
特朗普,认为失败,台积电,2024-10-28,0.467033
《金融时报》,认为违规,台积电,2024-11-09,0.450710
华盛顿,批评,台积电,2024-11-07,0.450174
彭博社,批评,台积电,2024-10-24,0.448999
彭博社,批评,台积电,2024-10-24,0.448999
彭博社,批评,台积电,2024-10-24,0.448999
特朗普,威胁,台积电,2024-10-28,0.441860
特朗普,威胁,台积电,2024-10-28,0.441860
特朗普,威胁,台积电,2024-11-10,0.441860
特朗普,威胁,台积电,2024-11-07,0.441860
特朗普,威胁,台积电,2024-11-10,0.441860
特朗普,威胁,台积电,2024-11-07,0.441860
特朗普,威胁,台积电,2024-11-07,0.441860
特朗普,威胁,台积电,2024-11-07,0.441860
特朗普,威胁,台积电,2024-11-07,0.441860
特朗普,威胁,台积电,2024-11-07,0.441860
特朗普,威胁,台积电,2024-10-28,0.441860
特朗普,威胁,台积电,2024-10-28,0.441860
特朗普,威胁,台积电,2024-10-28,0.441860
黄仁勋,认为有成就,台积电,2024-09-20,0.439818
黄仁勋,认为有成就,台积电,2024-09-20,0.439818
彭博社,认为可靠,台积电,2024-10-24,0.436501
彭博社,认为可靠,台积电,2024-10-24,0.436501
彭博社,认为可靠,台积电,2024-10-24,0.436501
路透社,认可,台积电,2024-11-10,0.436183
路透社,认可,台积电,2024-06-03,0.436183
路透社,认可,台积电,2024-10-27,0.436183
路透社,认可,台积电,2024-10-27,0.436183
路透社,认可,台积电,2024-10-22,0.436183
路透社,认可,台积电,2024-11-09,0.436183
路透社,认可,台积电,2024-10-27,0.436183
路透社,认可,台积电,2024-12-02,0.436183
路透社,认可,台积电,2024-11-14,0.436183
路透社,认可,台积电,2024-10-27,0.436183
路透社,认可,台积电,2024-10-22,0.436183
路透社,认可,台积电,2024-10-27,0.436183
苹果公司,相信,台积电,2024-10-17,0.434400
特朗普总统,损害,台积电,2024-11-10,0.433909
黄仁勋,认为犯罪,台积电,2024-10-22,0.423113
乔·罗根,损害,台积电,2024-10-28,0.422328
基辛格,认为恐怖,台积电,2024-10-31,0.422101
基辛格,认为恐怖,台积电,2024-12-02,0.422101
《金融时报》,认为恐怖,台积电,2024-10-22,0.419758
特朗普,增进,台积电,2024-11-09,0.417035
特朗普,增进,台积电,2024-11-07,0.417035
特朗普,增进,台积电,2024-11-07,0.417035
特朗普,增进,台积电,2024-11-07,0.417035
特朗普,增进,台积电,2024-11-07,0.417035
特朗普,增进,台积电,2024-11-07,0.417035
苹果公司,认可,台积电,2024-10-17,0.414598
唐纳德·特朗普,相信,台积电,2024-07-29,0.410635
唐纳德·特朗普,相信,台积电,2024-07-29,0.410635
吉娜·雷蒙多,认为违规,台积电,2024-11-14,0.409172
唐纳德·特朗普,认为非法,台积电,2024-07-29,0.403256
路透社,认为可靠,台积电,2024-11-10,0.399982
路透社,认为可靠,台积电,2024-06-03,0.399982
路透社,认为可靠,台积电,2024-10-27,0.399982
路透社,认为可靠,台积电,2025-01-10,0.399982
路透社,认为可靠,台积电,2024-10-22,0.399982
路透社,认为可靠,台积电,2024-11-14,0.399982
《华尔街日报》,担忧,台积电,2024-09-27,0.398679
川普,担忧,台积电,2024-10-28,0.395856
盖尔辛格,认为犯罪,台积电,2024-10-29,0.384940
盖尔辛格,认为犯罪,台积电,2024-11-06,0.384940
帕特·格尔辛格,损害,台积电,2024-12-09,0.382719
台积电,质疑,苹果,2024-11-25,0.382029
台积电,威胁,美国,2024-11-04,0.375610
特朗普,感到不满,台积电,2024-10-28,0.375195
特朗普,感到不满,台积电,2024-10-28,0.375195
特朗普,感到不满,台积电,2024-11-10,0.375195
特朗普,感到不满,台积电,2024-11-07,0.375195
特朗普,感到不满,台积电,2024-11-07,0.375195
特朗普,感到不满,台积电,2024-11-07,0.375195
特朗普,感到不满,台积电,2024-11-07,0.375195
特朗普,感到不满,台积电,2024-11-07,0.375195
特朗普,感到不满,台积电,2024-10-28,0.375195
特朗普,感到不满,台积电,2024-10-28,0.375195
罗杰·达森,攻击,台积电,2024-10-14,0.373167
罗杰·达森,认可,台积电,2024-10-14,0.370077
罗杰·达森,认可,台积电,2024-10-14,0.370077
谷歌,认为有成就,台积电,2024-10-19,0.367880
谷歌,认为有成就,台积电,2024-10-19,0.367880
阿里巴巴,认为违规,台积电,2024-10-19,0.364710
彭博社,损害,台积电,2024-10-24,0.364701
彭博社,损害,台积电,2024-10-24,0.364701
彭博社,损害,台积电,2024-10-24,0.364701
唐纳德·特朗普,威胁,台积电,2024-07-29,0.362574
唐纳德·特朗普,威胁,台积电,2024-07-29,0.362574
唐纳德·特朗普,威胁,台积电,2024-11-10,0.362574
唐纳德·特朗普,威胁,台积电,2024-11-10,0.362574
唐纳德·特朗普,威胁,台积电,2024-11-10,0.362574
唐纳德·特朗普,威胁,台积电,2024-11-10,0.362574
唐纳德·特朗普,威胁,台积电,2024-11-10,0.362574
唐纳德·特朗普,威胁,台积电,2024-11-10,0.362574
唐纳德·特朗普,威胁,台积电,2024-11-30,0.362574
唐纳德·特朗普,威胁,台积电,2024-11-12,0.362574
彭博社,感到满意,台积电,2024-10-24,0.362505
彭博社,感到满意,台积电,2024-10-24,0.362505
苹果公司,批评,台积电,2024-10-17,0.361288
路透社,认为非法,台积电,2024-11-07,0.359551
吉娜·雷蒙多,认为恐怖,台积电,2024-11-14,0.353409
吉娜·雷蒙多,认为恐怖,台积电,2024-11-14,0.353409
格尔辛格,认为有危机,台积电,2024-12-02,0.346357
苹果公司,认为可靠,台积电,2024-10-17,0.345314
路透社,感到满意,台积电,2024-11-10,0.331113
帕特·盖尔辛格,损害,台积电,2024-10-29,0.330004
帕特·盖尔辛格,损害,台积电,2024-11-06,0.330004
台积电,质疑,华为,2024-11-10,0.327430
台积电,质疑,华为,2024-11-10,0.327430
台积电,质疑,华为,2024-10-22,0.327430
台积电,质疑,华为,2024-10-22,0.327430
台积电,质疑,华为,2024-10-21,0.327430
彭博社,认为有成就,台积电,2024-10-27,0.326910
彭博社,认为有成就,台积电,2024-10-27,0.326910
彭博社,认为有成就,台积电,2024-10-24,0.326910
特朗普,质疑,台积电,2024-10-28,0.324888
特朗普,质疑,台积电,2024-10-28,0.324888
特朗普,质疑,台积电,2024-11-10,0.324888
特朗普,质疑,台积电,2024-11-07,0.324888
特朗普,质疑,台积电,2024-11-10,0.324888
特朗普,质疑,台积电,2024-11-10,0.324888
特朗普,质疑,台积电,2024-11-10,0.324888
特朗普,质疑,台积电,2024-11-07,0.324888
特朗普,质疑,台积电,2024-11-07,0.324888
特朗普,质疑,台积电,2024-11-07,0.324888
特朗普,质疑,台积电,2024-11-07,0.324888
特朗普,质疑,台积电,2024-11-07,0.324888
特朗普,质疑,台积电,2024-11-24,0.324888
特朗普,质疑,台积电,2024-11-24,0.324888
特朗普,质疑,台积电,2024-10-28,0.324888
特朗普,质疑,台积电,2024-11-05,0.324888
特朗普,质疑,台积电,2024-11-05,0.324888
特朗普,质疑,台积电,2024-11-05,0.324888
特朗普,质疑,台积电,2024-11-05,0.324888
特朗普,批评,台积电,2024-11-10,0.324408
特朗普,批评,台积电,2024-10-28,0.324408
特朗普,批评,台积电,2024-10-28,0.324408
特朗普,批评,台积电,2024-11-10,0.324408
特朗普,批评,台积电,2024-11-07,0.324408
特朗普,批评,台积电,2024-11-10,0.324408
特朗普,批评,台积电,2024-11-10,0.324408
特朗普,批评,台积电,2024-11-10,0.324408
特朗普,批评,台积电,2024-11-07,0.324408
特朗普,批评,台积电,2024-11-07,0.324408
特朗普,批评,台积电,2024-11-07,0.324408
特朗普,批评,台积电,2024-10-28,0.324408
特朗普,批评,台积电,2024-11-05,0.324408
特朗普,批评,台积电,2024-11-05,0.324408
特朗普,批评,台积电,2024-11-05,0.324408
特朗普,认为有威胁,台积电,2024-10-28,0.314016
特朗普,认为有威胁,台积电,2024-10-28,0.314016
特朗普,认为有威胁,台积电,2024-11-10,0.314016
特朗普,认为有威胁,台积电,2024-11-07,0.314016
特朗普,认为有威胁,台积电,2024-11-10,0.314016
特朗普,认为有威胁,台积电,2024-11-07,0.314016
特朗普,认为有威胁,台积电,2024-11-07,0.314016
特朗普,认为有威胁,台积电,2024-11-07,0.314016
特朗普,认为有威胁,台积电,2024-11-07,0.314016
特朗普,认为有威胁,台积电,2024-11-07,0.314016
特朗普,认为有威胁,台积电,2024-10-28,0.314016
特朗普,认为有威胁,台积电,2024-10-28,0.314016
特朗普,认为有威胁,台积电,2024-10-28,0.314016
川普,认为恐怖,台积电,2024-10-28,0.312308
特朗普,主导,台积电,2024-11-07,0.309532
特朗普,主导,台积电,2024-10-28,0.309532
特朗普,主导,台积电,2024-11-07,0.309532
特朗普,主导,台积电,2024-11-07,0.309532
特朗普,主导,台积电,2024-11-07,0.309532
特朗普,主导,台积电,2024-11-07,0.309532
特朗普,主导,台积电,2024-11-07,0.309532
特朗普,主导,台积电,2024-10-28,0.309532
特朗普,主导,台积电,2024-10-28,0.309532
唐纳德·特朗普,认可,台积电,2024-07-29,0.307139
唐纳德·特朗普,认可,台积电,2024-07-29,0.307139
唐纳德·特朗普,认可,台积电,2024-11-10,0.307139
唐纳德·特朗普,认可,台积电,2024-11-10,0.307139
唐纳德·特朗普,认可,台积电,2024-11-07,0.307139
唐纳德·特朗普,认可,台积电,2024-11-10,0.307139
唐纳德·特朗普,认可,台积电,2024-11-10,0.307139
唐纳德·特朗普,认可,台积电,2024-11-10,0.307139
唐纳德·特朗普,认可,台积电,2024-11-10,0.307139
唐纳德·特朗普,认可,台积电,2024-11-22,0.307139
唐纳德·特朗普,认可,台积电,2024-11-12,0.307139
盖尔辛格,认为有威胁,台积电,2024-10-29,0.305226
盖尔辛格,认为有威胁,台积电,2024-11-06,0.305226
特朗普,认为可靠,台积电,2024-10-28,0.303679
特朗普,认为可靠,台积电,2024-11-07,0.303679
特朗普,认为可靠,台积电,2024-11-07,0.303679
特朗普,认为可靠,台积电,2024-11-07,0.303679
特朗普,认为可靠,台积电,2024-11-07,0.303679
特朗普,认为可靠,台积电,2024-11-07,0.303679
台积电,相信,华为,2024-10-22,0.303295
帕特·盖尔辛格,感到不满,台积电,2024-11-06,0.301298
英伟达,担忧,台积电,2024-09-10,0.300949
英伟达,担忧,台积电,2024-09-10,0.300949
《金融时报》,认为有威胁,台积电,2024-11-04,0.299327
《金融时报》,认为有威胁,台积电,2024-10-22,0.299327
《金融时报》,认为有威胁,台积电,2024-11-09,0.299327
吉娜·雷蒙多,损害,台积电,2024-11-14,0.293248
特朗普,支持,台积电,2024-10-28,0.291503
特朗普,支持,台积电,2024-11-07,0.291503
特朗普,支持,台积电,2024-11-07,0.291503
特朗普,支持,台积电,2024-11-07,0.291503
特朗普,支持,台积电,2024-11-07,0.291503
特朗普,支持,台积电,2024-11-07,0.291503
特朗普,支持,台积电,2024-10-28,0.291503
特朗普,支持,台积电,2024-11-12,0.291503
特朗普,支持,台积电,2024-11-12,0.291503
拉乌莉·里哈,担忧,台积电,2024-11-13,0.290883
帕特·基辛格,担忧,台积电,2024-12-02,0.288517
路透社,攻击,台积电,2024-10-27,0.279141
路透社,攻击,台积电,2024-11-14,0.279141
路透社,攻击,台积电,2024-11-14,0.279141
路透社,攻击,台积电,2024-10-27,0.279141
路透社,攻击,台积电,2024-10-27,0.279141
台积电,认为有威胁,美国,2024-10-30,0.276551
台积电,认为有威胁,美国,2024-11-04,0.276551
《金融时报》,相信,台积电,2024-11-04,0.275565
《金融时报》,相信,台积电,2024-11-07,0.275565
《金融时报》,相信,台积电,2024-10-22,0.275565
唐纳德·特朗普,主导,台积电,2024-07-29,0.272467
唐纳德·特朗普,主导,台积电,2024-07-29,0.272467
唐纳德·特朗普,主导,台积电,2024-11-10,0.272467
唐纳德·特朗普,主导,台积电,2024-11-07,0.272467
唐纳德·特朗普,主导,台积电,2024-11-10,0.272467
唐纳德·特朗普,主导,台积电,2024-11-10,0.272467
唐纳德·特朗普,主导,台积电,2024-11-10,0.272467
唐纳德·特朗普,主导,台积电,2024-11-10,0.272467
唐纳德·特朗普,主导,台积电,2024-11-22,0.272467
唐纳德·特朗普,主导,台积电,2024-11-22,0.272467
《金融时报》,威胁,台积电,2024-11-04,0.272183
《金融时报》,威胁,台积电,2024-10-22,0.272183
唐纳德·特朗普,认为失败,台积电,2024-07-29,0.268637
唐纳德·特朗普,认为失败,台积电,2024-07-29,0.268637
唐纳德·特朗普,认为失败,台积电,2024-11-10,0.268637
唐纳德·特朗普,认为失败,台积电,2024-11-10,0.268637
唐纳德·特朗普,认为失败,台积电,2024-11-10,0.268637
唐纳德·特朗普,认为失败,台积电,2024-11-10,0.268637
唐纳德·特朗普,认为失败,台积电,2024-11-22,0.268637
盖尔辛格,威胁,台积电,2024-10-29,0.266800
盖尔辛格,威胁,台积电,2024-11-06,0.266800
路透社,认为有成就,台积电,2024-10-27,0.261912
路透社,认为有成就,台积电,2025-01-10,0.261912
路透社,认为有成就,台积电,2024-10-27,0.261912
吉娜·雷蒙多,相信,台积电,2024-11-14,0.259119
苹果公司,质疑,台积电,2024-10-17,0.257906
唐纳德·特朗普,感到满意,台积电,2024-07-29,0.257224
彭博社,攻击,台积电,2024-10-24,0.251330
布拉德·林,主导,台积电,2025-01-15,0.250519
格尔辛格,认为犯罪,台积电,2024-12-02,0.250039
特朗普,认为有危机,台积电,2024-10-28,0.246249
特朗普,认为有危机,台积电,2024-10-28,0.246249
特朗普,认为有危机,台积电,2024-10-28,0.246249
特朗普,认为有危机,台积电,2024-10-28,0.246249
乔·罗根,认为恐怖,台积电,2024-10-28,0.244080
黄仁勋,支持,台积电,2024-12-30,0.242340
唐纳德·特朗普,认为有威胁,台积电,2024-07-29,0.240414
唐纳德·特朗普,认为有威胁,台积电,2024-07-29,0.240414
唐纳德·特朗普,认为有威胁,台积电,2024-11-10,0.240414
唐纳德·特朗普,认为有威胁,台积电,2024-11-10,0.240414
唐纳德·特朗普,认为有威胁,台积电,2024-11-07,0.240414
唐纳德·特朗普,认为有威胁,台积电,2024-11-10,0.240414
唐纳德·特朗普,认为有威胁,台积电,2024-11-10,0.240414
唐纳德·特朗普,认为有威胁,台积电,2024-11-10,0.240414
唐纳德·特朗普,认为有威胁,台积电,2024-11-10,0.240414
唐纳德·特朗普,认为有威胁,台积电,2024-11-10,0.240414
唐纳德·特朗普,认为有威胁,台积电,2024-11-22,0.240414
唐纳德·特朗普,认为有威胁,台积电,2024-11-30,0.240414
吉恩·蒙斯特,担忧,台积电,2024-10-22,0.239476
唐纳德·特朗普,增进,台积电,2024-11-07,0.237577
英伟达,主导,台积电,2024-09-10,0.235819
英伟达,主导,台积电,2024-11-16,0.235819
《金融时报》,质疑,台积电,2024-11-04,0.234836
《金融时报》,质疑,台积电,2024-11-07,0.234836
《金融时报》,质疑,台积电,2024-10-22,0.234836
《金融时报》,质疑,台积电,2024-11-07,0.234836
《金融时报》,质疑,台积电,2024-11-09,0.234836
英伟达,认为违规,台积电,2024-09-10,0.233873
路透社,支持,台积电,2024-11-10,0.229745
路透社,支持,台积电,2024-11-09,0.229745
路透社,支持,台积电,2024-10-27,0.229745
路透社,支持,台积电,2024-11-14,0.229745
路透社,支持,台积电,2024-10-27,0.229745
路透社,支持,台积电,2024-10-22,0.229745
路透社,支持,台积电,2024-10-27,0.229745
苹果公司,认为有威胁,台积电,2024-10-17,0.229072
唐纳德·特朗普,感到不满,台积电,2024-07-29,0.228949
唐纳德·特朗普,感到不满,台积电,2024-07-29,0.228949
唐纳德·特朗普,感到不满,台积电,2024-11-10,0.228949
唐纳德·特朗普,感到不满,台积电,2024-11-10,0.228949
唐纳德·特朗普,感到不满,台积电,2024-11-10,0.228949
唐纳德·特朗普,感到不满,台积电,2024-11-30,0.228949
吉娜·雷蒙多,认可,台积电,2024-11-14,0.226719
黄仁勋,认为优秀,台积电,2024-11-10,0.226343
黄仁勋,认为优秀,台积电,2024-09-20,0.226343
黄仁勋,认为优秀,台积电,2024-09-20,0.226343
黄仁勋,认为优秀,台积电,2024-12-29,0.226343
黄仁勋,认为优秀,台积电,2024-12-30,0.226343
黄仁勋,认为优秀,台积电,2024-12-30,0.226343
黄仁勋,认为优秀,台积电,2024-10-19,0.226343
黄仁勋,认为优秀,台积电,2024-10-19,0.226343
黄仁勋,认为优秀,台积电,2024-09-20,0.226343
黄仁勋,认为优秀,台积电,2024-09-20,0.226343
唐纳德·特朗普,质疑,台积电,2024-07-29,0.225842
唐纳德·特朗普,质疑,台积电,2024-07-29,0.225842
唐纳德·特朗普,质疑,台积电,2024-11-10,0.225842
唐纳德·特朗普,质疑,台积电,2024-11-10,0.225842
唐纳德·特朗普,质疑,台积电,2024-11-10,0.225842
唐纳德·特朗普,质疑,台积电,2024-11-07,0.225842
唐纳德·特朗普,质疑,台积电,2024-11-10,0.225842
唐纳德·特朗普,质疑,台积电,2024-11-10,0.225842
唐纳德·特朗普,质疑,台积电,2024-11-10,0.225842
唐纳德·特朗普,质疑,台积电,2024-11-10,0.225842
唐纳德·特朗普,质疑,台积电,2024-11-10,0.225842
唐纳德·特朗普,质疑,台积电,2024-11-10,0.225842
唐纳德·特朗普,质疑,台积电,2024-11-10,0.225842
唐纳德·特朗普,质疑,台积电,2024-11-10,0.225842
唐纳德·特朗普,质疑,台积电,2024-11-22,0.225842
唐纳德·特朗普,质疑,台积电,2024-11-14,0.225842
唐纳德·特朗普,质疑,台积电,2024-11-22,0.225842
唐纳德·特朗普,质疑,台积电,2024-11-30,0.225842
唐纳德·特朗普,质疑,台积电,2024-11-12,0.225842
唐纳德·特朗普,质疑,台积电,2024-11-05,0.225842
唐纳德·特朗普,质疑,台积电,2024-11-05,0.225842
基辛格,担忧,台积电,2024-12-02,0.224837
台积电,欣赏,阿联酋,2024-09-21,0.224705
特朗普,攻击,台积电,2024-10-28,0.218759
特朗普,攻击,台积电,2024-11-07,0.218759
特朗普,攻击,台积电,2024-11-07,0.218759
特朗普,攻击,台积电,2024-11-07,0.218759
特朗普,攻击,台积电,2024-11-07,0.218759
特朗普,攻击,台积电,2024-11-07,0.218759
特朗普,攻击,台积电,2024-10-28,0.218759
特朗普,攻击,台积电,2024-10-28,0.218759
特朗普,攻击,台积电,2024-10-28,0.218759
唐纳德·特朗普,批评,台积电,2024-07-29,0.218635
唐纳德·特朗普,批评,台积电,2024-07-29,0.218635
唐纳德·特朗普,批评,台积电,2024-11-10,0.218635
唐纳德·特朗普,批评,台积电,2024-11-10,0.218635
唐纳德·特朗普,批评,台积电,2024-11-10,0.218635
唐纳德·特朗普,批评,台积电,2024-11-07,0.218635
唐纳德·特朗普,批评,台积电,2024-11-10,0.218635
唐纳德·特朗普,批评,台积电,2024-11-10,0.218635
唐纳德·特朗普,批评,台积电,2024-11-10,0.218635
唐纳德·特朗普,批评,台积电,2024-11-10,0.218635
唐纳德·特朗普,批评,台积电,2024-11-10,0.218635
唐纳德·特朗普,批评,台积电,2024-11-10,0.218635
唐纳德·特朗普,批评,台积电,2024-11-10,0.218635
唐纳德·特朗普,批评,台积电,2024-11-22,0.218635
唐纳德·特朗普,批评,台积电,2024-11-22,0.218635
唐纳德·特朗普,批评,台积电,2024-11-05,0.218635
唐纳德·特朗普,批评,台积电,2024-11-05,0.218635
唐纳德·特朗普,批评,台积电,2024-11-05,0.218635
彭博社,认为优秀,台积电,2024-10-24,0.215472
彭博社,认为优秀,台积电,2024-10-24,0.215472
彭博社,认为优秀,台积电,2024-10-24,0.215472
英伟达,喜欢,台积电,2024-09-10,0.209587
英伟达,喜欢,台积电,2024-09-10,0.209587
川普,威胁,台积电,2024-10-28,0.208859
布拉德·林,质疑,台积电,2025-01-15,0.208025
唐纳德·特朗普,认为有成就,台积电,2024-11-10,0.204820
张忠谋,担忧,台积电,2024-11-29,0.203875
雷蒙多,担忧,台积电,2024-11-14,0.203238
特朗普,认为优秀,台积电,2024-10-28,0.202729
特朗普,认为优秀,台积电,2024-11-10,0.202729
特朗普,认为优秀,台积电,2024-11-10,0.202729
特朗普,认为优秀,台积电,2024-11-10,0.202729
特朗普,认为优秀,台积电,2024-11-07,0.202729
吉娜·雷蒙多,质疑,台积电,2024-11-14,0.202489
吉娜·雷蒙多,质疑,台积电,2024-11-14,0.202489
英伟达,认为恐怖,台积电,2024-09-10,0.202385
英伟达,认为恐怖,台积电,2024-09-10,0.202385
博通,认为有成就,台积电,2024-10-19,0.200429
《华尔街日报》,相信,台积电,2024-09-27,0.200143
魏哲家,担忧,台积电,2024-10-23,0.193400
魏哲家,担忧,台积电,2024-10-23,0.193400
魏哲家,担忧,台积电,2024-10-27,0.193400
魏哲家,担忧,台积电,2024-10-17,0.193400
特朗普,认为犯罪,台积电,2024-10-28,0.193241
特朗普,认为犯罪,台积电,2024-11-07,0.193241
特朗普,认为犯罪,台积电,2024-11-10,0.193241
特朗普,认为犯罪,台积电,2024-11-07,0.193241
台积电,攻击,苹果,2024-11-22,0.188516
台积电,支持,苹果,2024-11-25,0.185873
台积电,支持,苹果,2024-12-23,0.185873
《金融时报》,认为可靠,台积电,2024-11-07,0.184285
《金融时报》,认为可靠,台积电,2024-10-22,0.184285
吉娜·雷蒙多,认为失败,台积电,2024-11-14,0.183195
彭博社,支持,台积电,2024-10-24,0.182177
川普,感到不满,台积电,2024-10-28,0.181889
唐纳德·特朗普,认为可靠,台积电,2024-07-29,0.181536
唐纳德·特朗普,认为可靠,台积电,2024-11-10,0.181536
唐纳德·特朗普,认为可靠,台积电,2024-11-10,0.181536
唐纳德·特朗普,认为可靠,台积电,2024-11-10,0.181536
台积电,增进,美国,2024-10-15,0.180130
格尔辛格,认为有威胁,台积电,2024-12-02,0.178624
盖尔辛格,攻击,台积电,2024-10-29,0.178325
拜登政府,损害,台积电,2024-11-07,0.178309
拜登政府,损害,台积电,2024-11-07,0.178309
拜登政府,损害,台积电,2024-11-07,0.178309
拜登政府,损害,台积电,2024-11-07,0.178309
乔·拜登,认可,台积电,2024-11-17,0.177730
唐纳德·特朗普,认为有危机,台积电,2024-07-29,0.177623
唐纳德·特朗普,认为有危机,台积电,2024-07-29,0.177623
唐纳德·特朗普,认为有危机,台积电,2024-11-10,0.177623
唐纳德·特朗普,认为有危机,台积电,2024-11-10,0.177623
唐纳德·特朗普,认为有危机,台积电,2024-11-10,0.177623
唐纳德·特朗普,认为有危机,台积电,2024-11-10,0.177623
台积电,认为有危机,美国,2024-11-04,0.175926
魏哲家,感到不满,台积电,2024-10-23,0.175506
魏哲家,感到不满,台积电,2024-10-23,0.175506
台积电,攻击,盖尔辛格,2024-12-02,0.174570
基辛格,威胁,台积电,2024-12-02,0.171825
英伟达,感到不满,台积电,2024-09-10,0.171491
川普,认为失败,台积电,2024-10-28,0.170409
唐纳德·特朗普总统,担忧,台积电,2024-11-12,0.169646
台积电,认为违规,华为,2024-11-10,0.169353
台积电,认为违规,华为,2024-11-10,0.169353
台积电,认为违规,华为,2024-10-21,0.169353
吉娜·雷蒙多,认为有危机,台积电,2024-11-14,0.168841
《华尔街日报》,质疑,台积电,2024-09-27,0.167004
《金融时报》,欣赏,台积电,2024-11-04,0.165719
《金融时报》,欣赏,台积电,2024-10-22,0.165719
川普,质疑,台积电,2024-10-28,0.164396
川普,认为有危机,台积电,2024-10-28,0.163050
格尔辛格,威胁,台积电,2024-12-02,0.161583
魏哲家,主导,台积电,2024-06-03,0.159826
《金融时报》,认可,台积电,2024-11-04,0.158439
《金融时报》,认可,台积电,2024-10-22,0.158439
唐纳德·特朗普,支持,台积电,2024-07-29,0.157982
唐纳德·特朗普,支持,台积电,2024-07-29,0.157982
唐纳德·特朗普,支持,台积电,2024-11-10,0.157982
唐纳德·特朗普,支持,台积电,2024-11-07,0.157982
唐纳德·特朗普,支持,台积电,2024-11-10,0.157982
唐纳德·特朗普,支持,台积电,2024-11-10,0.157982
唐纳德·特朗普,支持,台积电,2024-11-22,0.157982
唐纳德·特朗普,支持,台积电,2024-11-12,0.157982
唐纳德·特朗普,支持,台积电,2024-11-12,0.157982
张忠谋,感到不满,台积电,2024-11-29,0.157791
台积电,主导,美国,2024-11-09,0.157467
台积电,主导,美国,2024-11-09,0.157467
乔·拜登,质疑,台积电,2024-11-17,0.157414
唐纳德·特朗普总统,损害,台积电,2024-11-11,0.157161
路透社,认为犯罪,台积电,2024-10-27,0.156949
路透社,认为犯罪,台积电,2024-10-22,0.156949
路透社,认为犯罪,台积电,2024-11-06,0.156949
路透社,认为犯罪,台积电,2024-11-14,0.156949
吉娜·雷蒙多,批评,台积电,2024-11-14,0.156710
台积电,质疑,英伟达,2024-11-25,0.155616
川普,批评,台积电,2024-10-28,0.154475
张忠谋,认为恐怖,台积电,2024-11-29,0.154320
帕特·盖尔辛格,质疑,台积电,2024-11-06,0.153623
路透社,增进,台积电,2024-11-10,0.152066
路透社,增进,台积电,2024-06-03,0.152066
路透社,增进,台积电,2025-01-10,0.152066
路透社,增进,台积电,2024-10-27,0.152066
路透社,增进,台积电,2024-12-02,0.152066
路透社,增进,台积电,2024-10-27,0.152066
路透社,增进,台积电,2024-10-27,0.152066
台积电,损害,英特尔,2024-12-03,0.150596
台积电,损害,英特尔,2024-12-03,0.150596
台积电,损害,英特尔,2024-12-03,0.150596
台积电,损害,英特尔,2024-12-03,0.150596
魏哲家,认为恐怖,台积电,2024-10-23,0.150063
乔·罗根,认为有危机,台积电,2024-10-28,0.149989
韩国,感到不满,台积电,2024-12-02,0.148425
格尔辛格,攻击,台积电,2024-12-02,0.146613
吉娜·雷蒙多,认为可靠,台积电,2024-11-14,0.143301
吉娜·雷蒙多,认为可靠,台积电,2024-11-14,0.143301
台积电,认为可靠,美国,2024-11-04,0.139036
台积电,认为犯罪,拜登,2024-11-16,0.138144
英伟达,损害,台积电,2025-01-16,0.137906
英伟达,损害,台积电,2024-11-29,0.137906
英伟达,损害,台积电,2024-09-10,0.137906
英伟达,损害,台积电,2024-09-10,0.137906
唐纳德·特朗普,攻击,台积电,2024-07-29,0.137655
唐纳德·特朗普,攻击,台积电,2024-07-29,0.137655
唐纳德·特朗普,攻击,台积电,2024-11-12,0.137655
半导体,担忧,台积电,2024-11-11,0.137576
吉娜·雷蒙多,威胁,台积电,2024-11-14,0.136447
郭建宏,担忧,台积电,2025-01-14,0.136309
帕特·盖尔辛格,主导,台积电,2024-12-02,0.135669
J.W. 秋,担忧,台积电,2024-11-09,0.135301
川普,认为有威胁,台积电,2024-10-28,0.135083
乔·罗根,威胁,台积电,2024-10-28,0.132111
帕特·基辛格,威胁,台积电,2024-12-02,0.130581
路透社,认为优秀,台积电,2024-11-10,0.129492
路透社,认为优秀,台积电,2024-06-03,0.129492
路透社,认为优秀,台积电,2024-10-27,0.129492
路透社,认为优秀,台积电,2024-10-27,0.129492
路透社,认为优秀,台积电,2024-10-27,0.129492
路透社,认为优秀,台积电,2025-01-10,0.129492
路透社,认为优秀,台积电,2025-01-10,0.129492
路透社,认为优秀,台积电,2024-10-23,0.129492
路透社,认为优秀,台积电,2024-10-27,0.129492
路透社,认为优秀,台积电,2024-10-22,0.129492
路透社,认为优秀,台积电,2024-11-14,0.129492
路透社,认为优秀,台积电,2025-01-10,0.129492
路透社,认为优秀,台积电,2024-10-08,0.129492
路透社,认为优秀,台积电,2024-10-27,0.129492
路透社,认为优秀,台积电,2024-10-22,0.129492
台积电,认可,苹果,2024-11-25,0.127596
《金融时报》,损害,台积电,2024-11-04,0.126541
《金融时报》,损害,台积电,2024-10-22,0.126541
腾讯,认为违规,台积电,2024-10-19,0.126223
英伟达,认为有危机,台积电,2024-09-10,0.124980
英伟达,认为有危机,台积电,2024-09-10,0.124980
英伟达,认为失败,台积电,2024-09-10,0.122136
英伟达,认为失败,台积电,2024-09-10,0.122136
半导体,主导,台积电,2024-11-11,0.121153
雷蒙多,感到不满,台积电,2024-11-14,0.120832
特朗普总统,批评,台积电,2024-11-10,0.118877
墨西哥,认为违规,台积电,2024-11-13,0.118709
英伟达,欣赏,台积电,2024-09-10,0.116851
英伟达,欣赏,台积电,2024-09-10,0.116851
台积电,批评,苹果,2024-11-25,0.116523
雷蒙多,认为违规,台积电,2024-11-14,0.115717
雷蒙多,认为违规,台积电,2024-11-14,0.115717
雷蒙多,认为违规,台积电,2024-11-14,0.115717
帕特·盖尔辛格,认为有危机,台积电,2024-11-06,0.115460
台湾政府,损害,台积电,2024-11-04,0.114812
台湾政府,损害,台积电,2024-11-04,0.114812
台湾政府,损害,台积电,2024-11-04,0.114812
苹果公司,认为优秀,台积电,2024-10-17,0.113625
《金融时报》,攻击,台积电,2024-10-22,0.113239
吉恩·蒙斯特,认为违规,台积电,2024-10-22,0.113101
基辛格,认为有危机,台积电,2024-12-02,0.112762
迪士尼,认为非法,台积电,2024-10-23,0.112723
博通,增进,台积电,2024-10-06,0.111548
乔·拜登,认为可靠,台积电,2024-11-17,0.109948
基辛格,认为有威胁,台积电,2024-12-02,0.106182
吉娜·雷蒙多,认为有威胁,台积电,2024-11-14,0.106082
吉娜·雷蒙多,认为有威胁,台积电,2024-11-14,0.106082
唐纳德·特朗普,认为犯罪,台积电,2024-07-29,0.105911
唐纳德·特朗普,认为犯罪,台积电,2024-07-29,0.105911
唐纳德·特朗普,认为犯罪,台积电,2024-11-07,0.105911
唐纳德·特朗普,认为犯罪,台积电,2024-12-23,0.105911
唐纳德·特朗普,认为犯罪,台积电,2024-11-22,0.105911
唐纳德·特朗普,认为犯罪,台积电,2024-10-18,0.105911
唐纳德·特朗普,认为犯罪,台积电,2024-10-18,0.105911
唐纳德·特朗普,认为犯罪,台积电,2024-11-22,0.105911
唐纳德·特朗普,认为犯罪,台积电,2024-11-30,0.105911
台积电,损害,Intel,2024-12-03,0.105763
台积电,损害,客户,2024-11-07,0.104211
台积电,认为优秀,美国,2025-01-13,0.103225
台积电,损害,中国企业,2024-10-23,0.103092
《金融时报》,批评,台积电,2024-11-07,0.102807
《金融时报》,批评,台积电,2024-10-22,0.102807
《金融时报》,批评,台积电,2024-11-07,0.102807
《金融时报》,批评,台积电,2024-11-09,0.102807
帕特·基辛格,认为有危机,台积电,2024-12-02,0.101622
特朗普,认为缺乏,台积电,2024-10-28,0.101281
马继华,担忧,台积电,2024-11-10,0.100902
马继华,担忧,台积电,2024-11-10,0.100902
马继华,担忧,台积电,2024-11-10,0.100902
马继华,担忧,台积电,2024-11-10,0.100902
马继华,担忧,台积电,2024-11-10,0.100902
马继华,担忧,台积电,2024-11-10,0.100902
马继华,担忧,台积电,2024-11-10,0.100902
马继华,担忧,台积电,2024-11-10,0.100902
乔·拜登,支持,台积电,2024-11-17,0.100202
英伟达,认可,台积电,2024-09-10,0.098323
英伟达,认可,台积电,2024-09-10,0.098323
半导体,认为违规,台积电,2024-11-11,0.095392
川普,攻击,台积电,2024-10-28,0.094789
台积电,认为可靠,苹果,2024-11-25,0.093109
CNBC,担忧,台积电,2024-12-16,0.091609
乔·罗根,认为有威胁,台积电,2024-10-28,0.088459
英伟达,认为可靠,台积电,2024-09-10,0.088177
英伟达,认为可靠,台积电,2024-09-10,0.088177
英伟达,质疑,台积电,2024-09-10,0.086778
英伟达,质疑,台积电,2024-09-10,0.086778
黄仁勋,认为有暴力,台积电,2024-09-20,0.086539
黄仁勋,认为有暴力,台积电,2024-12-30,0.086539
黄仁勋,认为有暴力,台积电,2024-12-30,0.086539
黄仁勋,认为有暴力,台积电,2024-09-20,0.086539
郭建宏,认为恐怖,台积电,2025-01-14,0.085831
帕特·基辛格,认为有威胁,台积电,2024-12-02,0.085640
苹果公司,支持,台积电,2024-10-20,0.082661
苹果公司,支持,台积电,2024-10-20,0.082661
苹果公司,支持,台积电,2024-10-20,0.082661
苹果公司,支持,台积电,2024-10-17,0.082661
苹果公司,支持,台积电,2024-10-20,0.082661
苹果公司,支持,台积电,2024-10-20,0.082661
苹果公司,支持,台积电,2024-10-20,0.082661
台积电,相信,台积电,2024-11-07,0.081306
英伟达,批评,台积电,2024-09-10,0.081058
英伟达,批评,台积电,2024-09-10,0.081058
英伟达,相信,台积电,2024-09-10,0.080654
魏哲家,质疑,台积电,2024-10-23,0.080311
魏哲家,质疑,台积电,2024-10-23,0.080311
魏哲家,质疑,台积电,2024-10-23,0.080311
魏哲家,质疑,台积电,2024-06-03,0.080311
魏哲家,质疑,台积电,2024-10-27,0.080311
魏哲家,质疑,台积电,2024-10-17,0.080311
投资者,喜欢,台积电,2024-09-24,0.080303
投资者,喜欢,台积电,2024-09-24,0.080303
投资者,喜欢,台积电,2024-09-24,0.080303
投资者,喜欢,台积电,2024-11-29,0.080303
英伟达,认为有威胁,台积电,2024-09-10,0.077264
吉娜·雷蒙多,认为犯罪,台积电,2024-11-14,0.076644
台积电,批评,华为,2024-10-22,0.076403
魏哲家,认为有危机,台积电,2024-10-23,0.075250
魏哲家,认为有危机,台积电,2024-12-28,0.075250
魏哲家,认为有危机,台积电,2024-12-28,0.075250
唐纳德·特朗普,认为优秀,台积电,2024-07-29,0.074612
唐纳德·特朗普,认为优秀,台积电,2024-07-29,0.074612
唐纳德·特朗普,认为优秀,台积电,2024-11-10,0.074612
唐纳德·特朗普,认为优秀,台积电,2024-11-10,0.074612
唐纳德·特朗普,认为优秀,台积电,2024-11-07,0.074612
唐纳德·特朗普,认为优秀,台积电,2024-11-10,0.074612
唐纳德·特朗普,认为优秀,台积电,2024-11-10,0.074612
唐纳德·特朗普,认为优秀,台积电,2024-11-10,0.074612
唐纳德·特朗普,认为优秀,台积电,2024-11-10,0.074612
唐纳德·特朗普,认为优秀,台积电,2024-11-10,0.074612
路透社,认为有暴力,台积电,2024-06-03,0.074391
路透社,认为有暴力,台积电,2024-10-27,0.074391
路透社,认为有暴力,台积电,2024-10-22,0.074391
路透社,认为有暴力,台积电,2024-10-27,0.074391
半导体,感到不满,台积电,2024-11-11,0.073934
帕特·盖尔辛格,认为犯罪,台积电,2024-10-29,0.073743
帕特·盖尔辛格,认为犯罪,台积电,2024-11-06,0.073743
Jim·塞默,担忧,台积电,2024-11-03,0.073510
英伟达,认为热情,台积电,2024-09-10,0.073374
马继华,感到不满,台积电,2024-11-10,0.072255
基辛格,攻击,台积电,2024-12-02,0.072049
雷蒙多,认为恐怖,台积电,2024-11-14,0.071631
台积电,欣赏,苹果,2024-11-25,0.071454
唐纳德·特朗普总统,威胁,台积电,2024-11-12,0.069737
张忠谋,相信,台积电,2024-10-27,0.068957
帕特·格尔辛格,认为有威胁,台积电,2024-12-09,0.068857
马吉华,担忧,台积电,2024-11-10,0.068649
马吉华,担忧,台积电,2024-11-10,0.068649
马吉华,担忧,台积电,2024-11-10,0.068649
J.W. 秋,质疑,台积电,2024-11-09,0.067411
英伟达,威胁,台积电,2024-09-10,0.066909
魏哲家,相信,台积电,2024-10-23,0.064898
魏哲家,相信,台积电,2024-10-27,0.064898
吉娜·雷蒙多,认为有成就,台积电,2025-01-10,0.064750
CNBC,认为有危机,台积电,2024-12-16,0.064364
郭建宏,主导,台积电,2025-01-14,0.064078
吴成文,担忧,台积电,2024-11-28,0.063798
魏哲家,认为热情,台积电,2024-11-07,0.063406
魏哲家,认为热情,台积电,2024-11-07,0.063406
魏哲家,认为热情,台积电,2024-11-07,0.063406
魏哲家,认为热情,台积电,2024-11-07,0.063406
特朗普,认为有暴力,台积电,2024-10-28,0.061774
特朗普,认为有暴力,台积电,2024-10-28,0.061774
特朗普,认为有暴力,台积电,2024-11-07,0.061774
特朗普,认为有暴力,台积电,2024-11-07,0.061774
特朗普,认为有暴力,台积电,2024-11-07,0.061774
特朗普,认为有暴力,台积电,2024-11-07,0.061774
特朗普,认为有暴力,台积电,2024-11-07,0.061774
特朗普,认为有暴力,台积电,2024-10-28,0.061774
特朗普,认为有暴力,台积电,2024-10-28,0.061774
特朗普,认为有暴力,台积电,2024-10-28,0.061774
乔·罗根,攻击,台积电,2024-10-28,0.061701
《巴伦周刊》,质疑,台积电,2024-10-22,0.060916
马继华,认为恐怖,台积电,2024-11-10,0.060529
英伟达,感到满意,台积电,2024-09-10,0.059347
英伟达,感到满意,台积电,2024-09-10,0.059347
C.C. Wei,担忧,台积电,2024-10-23,0.059106
C.C. Wei,担忧,台积电,2024-10-23,0.059106
C.C. Wei,担忧,台积电,2024-10-31,0.059106
特朗普政府,损害,台积电,2024-11-10,0.058831
特朗普政府,损害,台积电,2024-11-10,0.058831
特朗普政府,损害,台积电,2024-11-18,0.058831
特朗普政府,损害,台积电,2024-11-10,0.058831
特朗普政府,损害,台积电,2024-11-18,0.058831
特朗普政府,损害,台积电,2024-11-18,0.058831
特朗普政府,损害,台积电,2024-11-18,0.058831
特朗普政府,损害,台积电,2024-11-18,0.058831
特朗普政府,损害,台积电,2024-11-18,0.058831
散户投资者,喜欢,台积电,2024-12-30,0.058802
基辛格,认可,台积电,2024-10-31,0.058266
帕特·盖尔辛格,认为有威胁,台积电,2024-10-29,0.057643
帕特·盖尔辛格,认为有威胁,台积电,2024-11-06,0.057643
亚利桑那州,主导,台积电,2024-12-16,0.057516
亚利桑那州,主导,台积电,2024-11-09,0.057516
亚利桑那州,主导,台积电,2024-11-18,0.057516
亚利桑那州,主导,台积电,2024-11-09,0.057516
亚利桑那州,主导,台积电,2024-10-15,0.057516
亚利桑那州,主导,台积电,2025-01-14,0.057516
雷蒙多,损害,台积电,2024-11-14,0.057470
英特尔,认为恐怖,台积电,2024-11-29,0.057234
帕特·格尔辛格,威胁,台积电,2024-12-09,0.057069
摩根士丹利,担忧,台积电,2024-12-29,0.056807
摩根士丹利,担忧,台积电,2024-10-02,0.056807
摩根士丹利,担忧,台积电,2024-10-02,0.056807
摩根士丹利,担忧,台积电,2024-10-02,0.056807
摩根士丹利,担忧,台积电,2024-10-02,0.056807
摩根士丹利,担忧,台积电,2024-10-02,0.056807
摩根士丹利,担忧,台积电,2024-10-02,0.056807
摩根士丹利,担忧,台积电,2024-10-22,0.056807
张忠谋,主导,台积电,2024-10-27,0.056782
张忠谋,主导,台积电,2024-10-27,0.056782
张忠谋,主导,台积电,2024-12-16,0.056782
张忠谋,主导,台积电,2024-12-24,0.056782
马吉华,认为恐怖,台积电,2024-11-10,0.055903
马吉华,认为恐怖,台积电,2024-11-10,0.055903
德意志银行,担忧,台积电,2025-01-16,0.055816
罗杰·达森,认为优秀,台积电,2024-10-14,0.055766
雷蒙多,认为失败,台积电,2024-11-14,0.054468
雷蒙多,质疑,台积电,2024-11-14,0.054442
雷蒙多,质疑,台积电,2024-11-14,0.054442
基辛格,认为可靠,台积电,2024-10-31,0.054196
百度,主导,台积电,2024-11-07,0.052635
张忠谋,认为有危机,台积电,2024-11-29,0.052216
陈其迈,主导,台积电,2024-11-25,0.051671
唐纳德·特朗普,认为缺乏,台积电,2024-07-29,0.051537
台积电,喜欢,苹果,2024-11-26,0.050681
台积电,喜欢,苹果,2024-11-25,0.050681
程庭芳,认为有威胁,台积电,2024-11-13,0.050401
摩根士丹利,认为恐怖,台积电,2024-10-22,0.050030
半导体,质疑,台积电,2024-11-11,0.049213
吴成文,感到不满,台积电,2024-11-28,0.048373
帕特·盖尔辛格,认为可靠,台积电,2024-11-06,0.047566
雷蒙多,认可,台积电,2024-11-14,0.046892
雷蒙多,相信,台积电,2024-11-14,0.046852
唐纳德·特朗普总统,质疑,台积电,2024-11-12,0.045639
郭建宏,质疑,台积电,2025-01-14,0.045057
帕特·格尔辛格,攻击,台积电,2024-12-09,0.045007
CNBC,认为违规,台积电,2024-12-16,0.044973
帕特·盖尔辛格,威胁,台积电,2024-10-29,0.044623
帕特·盖尔辛格,威胁,台积电,2024-11-06,0.044623
台积电,支持,英伟达,2024-10-23,0.044362
台积电,支持,英伟达,2024-10-23,0.044362
台积电,支持,英伟达,2024-10-23,0.044362
台积电,支持,英伟达,2024-09-05,0.044362
台积电,支持,英伟达,2024-10-23,0.044362
台积电,支持,英伟达,2024-12-27,0.044362
台积电,支持,英伟达,2024-12-26,0.044362
魏哲家,欣赏,台积电,2024-10-27,0.044331
特朗普政府,质疑,台积电,2024-11-10,0.043906
特朗普政府,质疑,台积电,2024-11-10,0.043906
特朗普政府,质疑,台积电,2024-11-10,0.043906
《金融时报》,支持,台积电,2024-10-22,0.043105
台湾政府,支持,台积电,2024-09-22,0.042778
投资者,担忧,台积电,2024-09-24,0.042542
投资者,担忧,台积电,2024-11-29,0.042542
半导体,欣赏,台积电,2024-11-11,0.041708
巴伦周刊,担忧,台积电,2024-10-23,0.041379
魏哲家,认为失败,台积电,2024-10-18,0.041342
魏哲家,认为失败,台积电,2024-10-18,0.041342
魏哲家,认为失败,台积电,2024-10-18,0.041342
《经济日报》,主导,台积电,2024-11-10,0.040905
半导体,相信,台积电,2024-11-11,0.040901
吴成文,相信,台积电,2024-11-28,0.040274
英伟达,认为有成就,台积电,2024-09-10,0.040108
英伟达,认为有成就,台积电,2024-09-10,0.040108
百度,感到不满,台积电,2024-11-07,0.039811
雷蒙多,认为有危机,台积电,2024-11-14,0.039738
台积电,担忧,英特尔,2024-12-03,0.038989
马继华,认为违规,台积电,2024-11-10,0.038946
马继华,认为违规,台积电,2024-11-10,0.038946
马继华,认为违规,台积电,2024-11-10,0.038946
台积电,视作英雄,盖尔辛格,2024-12-03,0.038110
投资人,主导,台积电,2024-11-05,0.037560
乔·拜登,认为优秀,台积电,2024-11-17,0.037397
唐纳德·特朗普,主导,台湾,2024-12-03,0.037173
唐纳德·特朗普,主导,台湾,2024-07-29,0.037173
郭建宏,认为有危机,台积电,2025-01-14,0.037055
唐纳德·特朗普总统,认为有威胁,台积电,2024-11-12,0.036916
彭博社,认为有暴力,台积电,2024-10-24,0.036489
格尔辛格尔,损害,台积电,2024-12-09,0.036309
彼得·温宁克,批评,台积电,2024-11-10,0.036220
雷蒙多,威胁,台积电,2024-11-14,0.035759
投资者,认为恐怖,台积电,2024-09-24,0.035452
投资者,认为恐怖,台积电,2024-11-29,0.035452
《金融时报》,增进,台积电,2024-11-04,0.034924
摩根士丹利,主导,台积电,2024-10-22,0.034852
台积电,感到不满,格尔辛格,2024-12-09,0.034006
吴成文,质疑,台积电,2024-11-28,0.033940
特朗普,认为可靠,台湾,2024-12-02,0.033895
英伟达,认为优秀,台积电,2024-09-10,0.033631
英伟达,认为优秀,台积电,2024-09-10,0.033631
英伟达,认为优秀,台积电,2024-11-16,0.033631
英伟达,认为优秀,台积电,2024-11-16,0.033631
台积电,认为有威胁,特朗普政府,2024-11-08,0.033371
帕特·盖尔辛格,攻击,台积电,2024-10-29,0.033287
帕特·盖尔辛格,攻击,台积电,2024-11-06,0.033287
德意志银行,质疑,台积电,2025-01-16,0.033285
亚利桑那州,认为有成就,台积电,2024-10-24,0.033203
半导体,威胁,台积电,2024-11-11,0.033130
台积电,视作英雄,唐纳德·特朗普,2024-11-07,0.032961
台积电,视作英雄,唐纳德·特朗普,2024-11-12,0.032961
杰克·沙利文,认可,特朗普,2025-01-13,0.032643
雷蒙多,批评,台积电,2024-11-14,0.032476
雷蒙多,认为有威胁,台积电,2024-11-14,0.032225
雷蒙多,认为有威胁,台积电,2024-11-14,0.032225
半导体,认为失败,台积电,2024-11-11,0.032177
魏哲家,认为可靠,台积电,2024-10-23,0.032027
魏哲家,认为可靠,台积电,2024-10-27,0.032027
魏哲家,认为可靠,台积电,2024-11-17,0.032027
雷蒙多,认为可靠,台积电,2024-11-14,0.031800
唐纳德·特朗普总统,批评,台积电,2024-11-12,0.031715
拜登政府,认可,台积电,2024-11-20,0.031671
微软公司（MSFT）,主导,台积电,2024-11-03,0.031184
马继华,质疑,台积电,2024-11-10,0.029867
马继华,质疑,台积电,2024-11-10,0.029867
马继华,质疑,台积电,2024-11-10,0.029867
马继华,质疑,台积电,2024-11-10,0.029867
马继华,质疑,台积电,2024-11-10,0.029867
马继华,质疑,台积电,2024-11-10,0.029867
马继华,质疑,台积电,2024-11-10,0.029867
马继华,质疑,台积电,2024-11-10,0.029867
腾讯,认为有威胁,台积电,2024-10-19,0.029783
CNBC,质疑,台积电,2024-12-16,0.029718
Phelix Lee,担忧,台积电,2024-11-11,0.029453
Phelix Lee,担忧,台积电,2024-11-11,0.029453
《芯片法案》,质疑,台积电,2024-11-10,0.029251
《芯片法案》,质疑,台积电,2024-11-10,0.029251
投资人,认为恐怖,台积电,2024-11-05,0.028500
台积电,认为非法,台积电,2024-10-22,0.028391
魏哲家,认可,台积电,2024-10-23,0.028362
魏哲家,认可,台积电,2024-10-23,0.028362
魏哲家,认可,台积电,2024-10-23,0.028362
魏哲家,认可,台积电,2024-10-27,0.028362
魏哲家,认可,台积电,2024-10-17,0.028362
半导体,批评,台积电,2024-11-11,0.027940
马继华,认为有危机,台积电,2024-11-10,0.027919
花旗集团,认为违规,台积电,2024-08-28,0.027802
投资者,感到不满,台积电,2024-09-24,0.027770
投资者,感到不满,台积电,2024-11-29,0.027770
台积电,视作英雄,特朗普总统,2024-11-14,0.027687
台积电,认为可靠,英伟达,2024-11-25,0.027586
特朗普政府,威胁,台积电,2024-11-18,0.027338
特朗普政府,威胁,台积电,2024-11-18,0.027338
特朗普政府,威胁,台积电,2024-11-18,0.027338
投资人,担忧,台积电,2024-11-05,0.026883
半导体,认可,台积电,2024-11-11,0.026815
台积电,威胁,中国企业,2024-10-23,0.026183
摩根,担忧,台积电,2024-10-06,0.026134
吉娜·雷蒙多,认为优秀,台积电,2024-11-14,0.025319
《环球时报》,质疑,台积电,2024-11-10,0.025183
《环球时报》,质疑,台积电,2024-11-10,0.025183
《环球时报》,质疑,台积电,2024-11-10,0.025183
《环球时报》,质疑,台积电,2024-11-10,0.025183
《环球时报》,质疑,台积电,2024-11-10,0.025183
台湾,主导,美国,2024-12-03,0.025117
台湾,主导,美国,2024-12-03,0.025117
台湾,主导,美国,2024-12-03,0.025117
台湾,主导,美国,2024-12-03,0.025117
台湾,主导,美国,2024-12-03,0.025117
台湾,主导,美国,2024-12-03,0.025117
CNBC,相信,台积电,2024-12-16,0.025037
《巴伦周刊》,批评,台积电,2024-10-22,0.024693
台积电,认为优秀,苹果,2024-11-25,0.024572
台积电,认为优秀,苹果,2024-11-26,0.024572
台积电,认为优秀,苹果,2024-11-26,0.024572
英伟达,攻击,台积电,2025-01-16,0.024564
英伟达,攻击,台积电,2024-11-10,0.024564
摩根士丹利,相信,台积电,2024-10-12,0.024487
罗伯特·桑德斯,担忧,台积电,2025-01-16,0.023919
英特尔,认为有危机,台积电,2024-10-17,0.023793
英特尔,认为有危机,台积电,2024-12-02,0.023793
台积电,质疑,台积电,2024-11-07,0.023694
郭建宏,认可,台积电,2025-01-14,0.023659
投资人,喜欢,台积电,2024-11-05,0.023645
马吉华,质疑,台积电,2024-11-10,0.023524
马吉华,质疑,台积电,2024-11-10,0.023524
马吉华,质疑,台积电,2024-11-10,0.023524
《金融时报》,认为优秀,台积电,2024-11-04,0.023479
《金融时报》,认为优秀,台积电,2024-11-04,0.023479
《金融时报》,认为优秀,台积电,2024-11-04,0.023479
《金融时报》,认为优秀,台积电,2024-10-22,0.023479
派珀·萨兰德,认为可靠,英伟达,2024-11-12,0.022520
特朗普政府,批评,台积电,2024-11-10,0.021858
特朗普政府,批评,台积电,2024-11-10,0.021858
特朗普政府,批评,台积电,2024-11-10,0.021858
特朗普政府,批评,台积电,2024-11-10,0.021858
魏哲家,批评,台积电,2024-10-23,0.021160
魏哲家,批评,台积电,2024-10-17,0.021160
半导体,认为可靠,台积电,2024-11-11,0.021145
台积电,威胁,英特尔,2024-12-03,0.021009
台积电,威胁,英特尔,2024-12-03,0.021009
台积电,威胁,英特尔,2024-12-03,0.021009
台积电,威胁,英特尔,2024-12-03,0.021009
郭建宏,认为有威胁,台积电,2025-01-14,0.020724
商务部,主导,台积电,2024-11-10,0.020664
英特尔,感到不满,台积电,2024-11-29,0.020648
台积电,主导,英伟达,2024-11-25,0.020648
派珀·萨兰德,相信,英伟达,2024-11-12,0.020533
摩根士丹利,认为有危机,台积电,2024-11-11,0.020493
乌克兰战争,损害,台积电,2024-09-17,0.020474
郭建宏,认为可靠,台积电,2025-01-14,0.020293
花旗集团,担忧,台积电,2024-08-28,0.020158
Phelix Lee,认为恐怖,台积电,2024-11-11,0.020131
台积电,攻击,英特尔,2024-12-03,0.020069
台积电,攻击,英特尔,2024-12-03,0.020069
台积电,攻击,英特尔,2024-12-03,0.020069
台积电,攻击,英特尔,2024-12-03,0.020069
石破茂,主导,台积电,2024-11-12,0.020025
唐纳德·特朗普,认为有暴力,台积电,2024-07-29,0.019980
唐纳德·特朗普,认为有暴力,台积电,2024-07-29,0.019980
唐纳德·特朗普,认为有暴力,台积电,2024-11-10,0.019980
唐纳德·特朗普,认为有暴力,台积电,2024-11-10,0.019980
唐纳德·特朗普,认为有暴力,台积电,2024-11-30,0.019980
吉娜·雷蒙多,支持,台积电,2024-11-14,0.019974
克里斯·米勒,相信,特朗普,2024-11-13,0.019741
中国台湾事务办公室,感谢,美国,2024-11-11,0.019431
麦肯锡&公司,损害,台积电,2024-10-31,0.019253
花旗集团,认为恐怖,台积电,2024-08-28,0.019054
投资者,认为有危机,台积电,2024-11-29,0.019034
《经济日报》,质疑,台积电,2024-11-10,0.018922
投资者,质疑,台积电,2024-09-24,0.018511
投资者,质疑,台积电,2024-11-29,0.018511
英特尔,认为失败,台积电,2024-10-17,0.018477
本·布兰查德,质疑,台积电,2024-10-29,0.017536
民进党政府,增进,台积电,2024-10-19,0.017424
台积电,感到不满,英特尔,2024-12-03,0.017321
台积电,感到不满,台积电,2024-11-07,0.016895
雷蒙多,攻击,台积电,2024-11-14,0.016817
苹果,主导,美国,2025-01-14,0.016696
台积电,担忧,中国市场,2024-11-02,0.016597
美国,认可,英伟达,2024-10-20,0.016255
美国,认可,英伟达,2024-10-20,0.016255
美国,认可,英伟达,2024-11-18,0.016255
美国,认可,英伟达,2024-11-18,0.016255
美国,认可,英伟达,2024-11-18,0.016255
美国,认可,英伟达,2024-11-18,0.016255
美国,认可,英伟达,2024-11-18,0.016255
美国,认可,英伟达,2024-11-18,0.016255
英特尔,损害,台积电,2024-10-17,0.016208
英特尔,损害,台积电,2024-10-20,0.016208
英特尔,损害,台积电,2024-10-17,0.016208
英特尔,损害,台积电,2024-09-10,0.016208
英特尔,损害,台积电,2024-12-02,0.016208
英特尔,损害,台积电,2024-12-09,0.016208
C.C. Wei,质疑,台积电,2024-10-23,0.016092
C.C. Wei,质疑,台积电,2024-10-23,0.016092
C.C. Wei,质疑,台积电,2024-10-23,0.016092
C.C. Wei,质疑,台积电,2024-10-31,0.016092
中国,认为有成就,台湾,2025-01-14,0.016088
巴伦周刊,质疑,台积电,2024-10-23,0.016016
英特尔,认为有威胁,台积电,2024-10-17,0.015981
英特尔,认为有威胁,台积电,2024-10-17,0.015981
英特尔,认为有威胁,台积电,2024-12-02,0.015981
《环球时报》,批评,台积电,2024-11-10,0.015915
雷蒙多,认为有成就,台积电,2025-01-10,0.015797
雷蒙多,认为有成就,台积电,2024-11-14,0.015797
李在镕,主导,台积电,2024-10-17,0.015645
哈利·德恩,担忧,英伟达,2024-09-16,0.015569
巴伦周刊,认为有危机,台积电,2024-10-23,0.015427
摩根士丹利,质疑,台积电,2024-10-12,0.015266
摩根士丹利,质疑,台积电,2024-10-02,0.015266
摩根士丹利,质疑,台积电,2024-10-02,0.015266
摩根士丹利,质疑,台积电,2024-10-02,0.015266
摩根士丹利,质疑,台积电,2024-10-02,0.015266
摩根士丹利,质疑,台积电,2024-10-02,0.015266
英伟达,认为缺乏,台积电,2024-09-10,0.015259
英伟达,认为缺乏,台积电,2024-09-10,0.015259
美国,质疑,英伟达,2024-11-09,0.014913
美国,质疑,英伟达,2024-10-20,0.014913
美国,质疑,英伟达,2024-10-20,0.014913
马继华,认为可靠,台积电,2024-11-10,0.014825
马继华,认为可靠,台积电,2024-11-10,0.014825
Jim·塞默,威胁,台积电,2024-11-03,0.014455
中国,感谢,英伟达,2024-11-19,0.014126
习近平,认为优秀,台积电,2024-11-29,0.014057
马继华,认可,台积电,2024-11-10,0.014053
马继华,认可,台积电,2024-11-10,0.014053
台积电,威胁,Intel,2024-12-03,0.013831
投资者,相信,台积电,2024-09-24,0.013740
投资者,相信,台积电,2024-11-29,0.013740
英特尔,威胁,台积电,2024-10-17,0.013717
英特尔,威胁,台积电,2024-10-20,0.013717
英特尔,威胁,台积电,2024-10-17,0.013717
英特尔,威胁,台积电,2024-12-02,0.013717
投资者,欣赏,台积电,2024-09-24,0.013687
投资者,欣赏,台积电,2024-09-24,0.013687
投资者,欣赏,台积电,2024-11-29,0.013687
台积电,攻击,Intel,2024-12-03,0.013661
投资人,认为有危机,台积电,2024-11-05,0.013357
C.C. Wei,认为热情,台积电,2024-11-07,0.013287
巴伦周刊,相信,台积电,2024-10-23,0.013222
英伟达,支持,台积电,2024-09-10,0.013165
英伟达,支持,台积电,2024-09-10,0.013165
花旗集团,认为非法,台积电,2024-08-28,0.013013
唐纳德·特朗普,认为可靠,台湾,2024-12-03,0.012960
唐纳德·特朗普,认为可靠,台湾,2024-12-02,0.012960
花旗集团,认为有危机,台积电,2024-08-28,0.012837
摩根士丹利,认为有威胁,台积电,2024-11-11,0.012787
投资者,损害,台积电,2024-11-29,0.012672
史蒂夫·洛赫,欢迎,特朗普,2024-12-01,0.012638
马吉华,批评,台积电,2024-11-10,0.012373
马吉华,批评,台积电,2024-11-10,0.012373
马吉华,批评,台积电,2024-11-10,0.012373
美国,主导,英伟达,2024-09-18,0.012284
美国,主导,英伟达,2024-10-20,0.012284
美国,主导,英伟达,2024-11-18,0.012284
美国,主导,英伟达,2024-11-18,0.012284
美国,主导,英伟达,2024-11-18,0.012284
马继华,批评,台积电,2024-11-10,0.012203
马继华,批评,台积电,2024-11-10,0.012203
马继华,批评,台积电,2024-11-10,0.012203
马继华,批评,台积电,2024-11-10,0.012203
马继华,批评,台积电,2024-11-10,0.012203
英伟达,增进,台积电,2024-10-14,0.012182
英伟达,增进,台积电,2024-11-29,0.012182
英伟达,增进,台积电,2024-09-10,0.012182
英伟达,增进,台积电,2024-10-06,0.012182
英伟达,增进,台积电,2024-09-10,0.012182
投资人,感到不满,台积电,2024-11-05,0.012157
《经济日报》,认为恐怖,台积电,2024-11-10,0.012135
魏哲家,认为缺乏,台积电,2024-10-27,0.011844
投资者,认为有威胁,台积电,2024-11-29,0.011782
《芯片法案》,批评,台积电,2024-11-10,0.011770
《芯片法案》,批评,台积电,2024-11-10,0.011770
Jim·塞默,认可,台积电,2024-11-03,0.011668
美国,质疑,TSMC,2024-10-22,0.011468
美国,质疑,TSMC,2024-10-18,0.011468
CNBC,认可,台积电,2024-12-16,0.011326
吴成文,批评,台积电,2024-11-28,0.011318
投资者,认为热情,台积电,2024-09-24,0.011305
投资者,认为热情,台积电,2024-09-24,0.011305
投资者,认为热情,台积电,2024-09-24,0.011305
特朗普政府,攻击,台积电,2024-11-10,0.011281
川普,认为有暴力,台积电,2024-10-28,0.011203
《经济日报》,相信,台积电,2024-11-10,0.011201
莫里斯·昌,威胁,台积电,2024-12-09,0.011173
美国,认为可靠,英伟达,2024-10-20,0.011095
美国,认为可靠,英伟达,2024-10-20,0.011095
美国,认为可靠,英伟达,2024-11-18,0.011095
美国,认为可靠,英伟达,2024-11-18,0.011095
美国,认为可靠,英伟达,2024-11-18,0.011095
美国,认为可靠,英伟达,2024-11-18,0.011095
美国,认为可靠,英伟达,2024-11-18,0.011095
美国,认为可靠,英伟达,2024-11-18,0.011095
投资者,威胁,台积电,2024-11-29,0.011090
台积电,认可,台积电,2024-11-07,0.011071
美联储,欢迎,特朗普,2025-01-10,0.010914
马继华,认为失败,台积电,2024-11-10,0.010786
Phelix Lee,质疑,台积电,2024-11-11,0.010719
雷蒙多,认为犯罪,台积电,2024-11-14,0.010671
雷蒙多,认为犯罪,台积电,2024-11-14,0.010671
派珀·萨兰德,认可,英伟达,2024-11-12,0.010628
罗伯特·桑德斯,质疑,台积电,2025-01-16,0.010620
格尔辛格尔,攻击,台积电,2024-12-09,0.010569
瑞克·卡斯迪,质疑,台积电,2024-12-16,0.010518
瑞克·卡斯迪,担忧,台积电,2024-12-16,0.010508
Jim·塞默,认为有威胁,台积电,2024-11-03,0.010477
花旗集团,相信,台积电,2024-08-28,0.010473
佛罗里达州,担忧,特朗普,2024-11-12,0.010387
鲍威尔,感谢,特朗普,2025-01-14,0.010260
杰克·沙利文,担忧,特朗普,2025-01-13,0.010072
莫瑞斯·昌,损害,台积电,2024-06-03,0.010009
吉娜·雷蒙多,认为有暴力,台积电,2024-11-14,0.009791
美国,认可,华为,2024-10-31,0.009631
乔·罗根,认为有暴力,台积电,2024-10-28,0.009600
美国,质疑,苹果,2024-11-30,0.009464
投资者,批评,台积电,2024-11-29,0.009397
投资者,认为可靠,台积电,2024-11-29,0.009338
中国,认为可靠,英伟达,2024-11-19,0.009337
总统特朗普,质疑,台积电,2024-11-05,0.009222
花旗集团,认为可靠,台积电,2024-08-28,0.009200
投资人,相信,台积电,2024-11-05,0.009173
吴成文,认为可靠,台积电,2024-11-28,0.009164
瑞克·卡斯迪,认为有危机,台积电,2024-12-16,0.009104
美国,认为有成就,英伟达,2024-07-10,0.008977
美国,认为有成就,英伟达,2024-11-21,0.008977
美国,认为有成就,英伟达,2024-10-20,0.008977
美国,认为有成就,英伟达,2024-10-20,0.008977
美国,认为有成就,英伟达,2024-11-21,0.008977
美国,认为有成就,英伟达,2024-11-18,0.008977
美国,认为有成就,英伟达,2024-11-01,0.008977
美国,认为有成就,英伟达,2024-11-01,0.008977
美国,认为有成就,英伟达,2024-11-18,0.008977
美国,认为有成就,英伟达,2024-11-18,0.008977
美国,认为有成就,英伟达,2024-11-18,0.008977
美国,认为有成就,英伟达,2024-11-18,0.008977
美国,认为有成就,英伟达,2024-11-18,0.008977
黄文达,认为有成就,台积电,2024-10-19,0.008973
吴正文,质疑,台积电,2024-11-29,0.008888
美国,认可,苹果,2024-11-30,0.008840
美国,担忧,英伟达,2024-10-20,0.008743
美国,担忧,英伟达,2024-11-18,0.008743
美国,担忧,英伟达,2024-11-18,0.008743
美国,担忧,英伟达,2024-11-18,0.008743
美国,担忧,英伟达,2024-11-18,0.008743
美国,担忧,英伟达,2024-11-18,0.008743
美国,担忧,英伟达,2024-11-18,0.008743
亚当·波森,认可,特朗普,2024-11-06,0.008692
亚当·波森,认可,特朗普,2024-11-06,0.008692
亚当·波森,认可,特朗普,2024-11-06,0.008692
拜登政府,支持,台积电,2024-11-20,0.008692
Phelix Lee,认为有危机,台积电,2024-11-11,0.008681
克里斯蒂安·戴维斯,损害,台积电,2024-07-17,0.008531
格尔辛格尔,威胁,台积电,2024-12-09,0.008520
特朗普,主导,美国,2024-11-09,0.008469
特朗普,主导,美国,2024-11-14,0.008469
特朗普,主导,美国,2024-11-05,0.008469
特朗普,主导,美国,2024-11-09,0.008469
特朗普,主导,美国,2024-11-05,0.008469
特朗普,主导,美国,2024-11-09,0.008469
特朗普,主导,美国,2024-11-06,0.008469
特朗普,主导,美国,2024-11-15,0.008469
特朗普,主导,美国,2024-11-15,0.008469
特朗普,主导,美国,2024-12-02,0.008469
投资人,质疑,台积电,2024-11-05,0.008461
C.C. Wei,认可,台积电,2024-10-31,0.008420
马吉华,认为有威胁,台积电,2024-11-10,0.008297
莫里斯·昌,认为有威胁,台积电,2024-12-09,0.008255
加利福尼亚州,认可,苹果,2024-10-19,0.008211
加利福尼亚州,认可,苹果,2024-10-19,0.008211
加利福尼亚州,认可,苹果,2024-10-19,0.008211
投资人,认为热情,台积电,2024-11-05,0.008211
台湾央行行长,担忧,台积电,2024-11-14,0.008194
格尔辛格尔,认为犯罪,台积电,2024-12-09,0.008164
C.C. Wei,批评,台积电,2024-10-23,0.008132
C.C. Wei,批评,台积电,2024-10-23,0.008132
摩根士丹利,认可,台积电,2024-12-29,0.008103
美国,喜欢,英伟达,2024-11-18,0.008100
美国,喜欢,英伟达,2024-11-18,0.008100
美国,喜欢,英伟达,2024-11-18,0.008100
美国,喜欢,英伟达,2024-11-18,0.008100
美国,喜欢,英伟达,2024-11-18,0.008100
美国,喜欢,英伟达,2024-11-18,0.008100
吴成文,认可,台积电,2024-11-28,0.007789
麦肯锡公司,损害,台积电,2024-10-31,0.007729
台积电,认为优秀,华为,2024-10-22,0.007710
台积电,认为优秀,华为,2024-10-22,0.007710
投资人,认为非法,台积电,2024-11-05,0.007569
美国,认为可靠,特斯拉,2024-11-27,0.007493
投资人,损害,台积电,2024-11-05,0.007468
美国,相信,英伟达,2024-10-20,0.007302
美国,相信,英伟达,2024-10-20,0.007302
美国,相信,英伟达,2024-11-18,0.007302
美国,相信,英伟达,2024-11-18,0.007302
美国,相信,英伟达,2024-11-18,0.007302
美国,相信,英伟达,2024-11-18,0.007302
美国,相信,英伟达,2024-11-18,0.007302
美国,相信,英伟达,2024-11-18,0.007302
特朗普,认可,台湾,2024-10-19,0.007222
《巴伦周刊》,认为有成就,台积电,2024-11-12,0.007221
魏哲家,增进,台积电,2024-10-18,0.007194
魏哲家,增进,台积电,2024-11-17,0.007194
魏哲家,增进,台积电,2024-10-18,0.007194
魏哲家,增进,台积电,2024-10-18,0.007194
魏哲家,增进,台积电,2024-10-18,0.007194
投资者,认可,台积电,2024-09-24,0.007082
投资者,认可,台积电,2024-09-24,0.007082
投资者,认可,台积电,2024-11-29,0.007082
半导体,认为有成就,台积电,2024-11-11,0.007057
投资人,认为有威胁,台积电,2024-11-05,0.007037
三星电子,认为有威胁,特朗普,2024-11-12,0.006989
莫瑞斯·昌,感到不满,台积电,2024-06-03,0.006930
投资人,认为违规,台积电,2024-11-05,0.006849
埃隆·马斯克,主导,美国,2024-11-15,0.006827
埃隆·马斯克,主导,美国,2024-11-15,0.006827
埃隆·马斯克,主导,美国,2024-11-15,0.006827
当地立法者,喜欢,台积电,2024-11-12,0.006787
格尔辛格尔,认为有威胁,台积电,2024-12-09,0.006741
民主党,认为失败,台积电,2024-10-30,0.006580
帕特·盖尔辛格,认为优秀,台积电,2024-11-06,0.006302
哈里斯,认为违规,台积电,2024-10-18,0.006278
哈里斯,认为违规,台积电,2024-10-18,0.006278
哈里斯,认为违规,台积电,2024-10-18,0.006278
商务部,认为违规,台积电,2024-11-10,0.006216
瑞克·卡斯迪,认为违规,台积电,2024-12-16,0.006183
魏哲家,认为有成就,台积电,2024-10-27,0.006126
中国,认可,台湾,2025-01-14,0.006083
中国,认可,台湾,2025-01-14,0.006083
中国,认可,台湾,2025-01-14,0.006083
中国,认可,台湾,2024-11-14,0.006083
黄仁勋,主导,英伟达,2025-01-10,0.006056
黄仁勋,主导,英伟达,2025-01-10,0.006056
黄仁勋,主导,英伟达,2024-08-14,0.006056
黄仁勋,主导,英伟达,2024-12-02,0.006056
黄仁勋,主导,英伟达,2024-12-02,0.006056
黄仁勋,主导,英伟达,2024-12-02,0.006056
黄仁勋,主导,英伟达,2024-12-02,0.006056
黄仁勋,主导,英伟达,2024-10-19,0.006056
黄仁勋,主导,英伟达,2024-10-19,0.006056
黄仁勋,主导,英伟达,2024-11-17,0.006056
黄仁勋,主导,英伟达,2024-12-02,0.006056
黄仁勋,主导,英伟达,2024-12-02,0.006056
黄仁勋,主导,英伟达,2024-11-11,0.006056
黄仁勋,主导,英伟达,2024-11-18,0.006056
黄仁勋,主导,英伟达,2024-11-18,0.006056
黄仁勋,主导,英伟达,2024-12-02,0.006056
黄仁勋,主导,英伟达,2024-12-02,0.006056
黄仁勋,主导,英伟达,2024-12-02,0.006056
台积电,增进,英伟达,2024-09-05,0.005945
台积电,增进,英伟达,2024-10-14,0.005945
特朗普总统,主导,美国,2024-11-10,0.005824
《商业韩国》,担忧,台积电,2024-11-16,0.005757
美国,质疑,华为,2024-10-24,0.005745
美国,质疑,华为,2024-10-23,0.005745
美国,质疑,华为,2024-10-24,0.005745
美国,质疑,华为,2024-10-23,0.005745
美国,质疑,华为,2024-10-23,0.005745
美国,质疑,华为,2024-10-24,0.005745
美国,质疑,华为,2024-10-26,0.005745
美国,质疑,华为,2024-10-23,0.005745
约翰·穆伦纳尔,认为失败,台积电,2024-10-30,0.005729
Jeff Bezos,认为可靠,美国,2024-11-09,0.005707
英伟达,认为有暴力,台积电,2024-09-10,0.005661
联发科,认为可靠,台积电,2024-12-31,0.005649
花旗集团,认为失败,台积电,2024-08-28,0.005615
特朗普,担忧,台湾,2024-11-05,0.005614
特朗普,担忧,台湾,2024-10-19,0.005614
特朗普,担忧,台湾,2024-11-05,0.005614
特朗普,担忧,台湾,2024-11-15,0.005614
特朗普,担忧,台湾,2024-12-02,0.005614
麦肯锡公司,认为可靠,台积电,2024-09-05,0.005601
投资人,威胁,台积电,2024-11-05,0.005588
美国,认可,亚马逊,2024-11-05,0.005543
Lauly Lith,主导,台积电,2024-11-13,0.005533
投资人,视作英雄,台积电,2024-11-05,0.005524
投资人,认为失败,台积电,2024-11-05,0.005484
投资者,感到满意,台积电,2024-09-24,0.005467
投资者,感到满意,台积电,2024-11-29,0.005467
美国,感谢,台积公司,2024-07-10,0.005436
百度,认可,台积电,2024-11-07,0.005397
雷蒙多,认为优秀,台积电,2024-11-14,0.005365
Russ Mould,认为恐怖,台积电,2025-01-10,0.005342
秦思瑞,担忧,台积电,2025-01-16,0.005278
当地立法者,感到不满,台积电,2024-11-12,0.005277
花旗集团,认为热情,台积电,2024-08-28,0.005255
罗伯特·桑德斯,认可,台积电,2025-01-16,0.005235
彼得·蒂尔,欢迎,特朗普,2024-11-18,0.005115
Phelix Lee,认为失败,台积电,2024-11-11,0.005052
杰弗里·赛勒,支持,台积电,2024-12-03,0.005046
《台北时报》,担忧,台积电,2024-11-09,0.004988
《台北时报》,担忧,台积电,2024-11-09,0.004988
三星电子,攻击,台积电,2024-10-17,0.004926
亚当·波森,认为有威胁,特朗普,2024-11-06,0.004896
美国,认为失败,英伟达,2024-11-18,0.004851
美国,认为失败,英伟达,2024-11-18,0.004851
美国,认为失败,英伟达,2024-11-18,0.004851
美国,认为失败,英伟达,2024-11-18,0.004851
美国,认为失败,英伟达,2024-11-18,0.004851
美国,认为失败,英伟达,2024-11-18,0.004851
美国,质疑,Alphabet,2024-11-25,0.004804
美国,质疑,Alphabet,2024-10-22,0.004804
唐纳德·特朗普,认为有成就,台湾,2024-12-03,0.004786
Phelix Lee,认为有威胁,台积电,2024-11-11,0.004751
美国,质疑,亚马逊,2024-11-05,0.004674
花旗集团,认为有威胁,台积电,2024-08-28,0.004628
台积电,攻击,SK海力士,2024-10-17,0.004550
台积电,攻击,SK海力士,2024-10-17,0.004550
台积电,攻击,SK海力士,2024-10-17,0.004550
克里斯托夫·福科,认为可靠,美国,2024-11-05,0.004539
新冠疫情,损害,台积电,2024-11-02,0.004539
特朗普,认为有威胁,台湾,2024-11-07,0.004526
特朗普,认为有威胁,台湾,2024-11-07,0.004526
特朗普,认为有威胁,台湾,2024-11-05,0.004526
特朗普,认为有威胁,台湾,2024-11-05,0.004526
特朗普,认为有威胁,台湾,2024-07-18,0.004526
特朗普,认为有威胁,台湾,2024-11-14,0.004526
特朗普,认为有威胁,台湾,2024-11-13,0.004526
特朗普,认为有威胁,台湾,2024-11-07,0.004526
特朗普,认为有威胁,台湾,2024-10-19,0.004526
特朗普,认为有威胁,台湾,2024-11-07,0.004526
特朗普,认为有威胁,台湾,2024-07-18,0.004526
特朗普,认为有威胁,台湾,2024-09-10,0.004526
特朗普,认为有威胁,台湾,2024-11-05,0.004526
特朗普,认为有威胁,台湾,2024-11-13,0.004526
特朗普,认为有威胁,台湾,2024-11-13,0.004526
特朗普,认为有威胁,台湾,2024-11-05,0.004526
特朗普,认为有威胁,台湾,2024-11-13,0.004526
特朗普,认为有威胁,台湾,2024-11-15,0.004526
特朗普,认为有威胁,台湾,2024-11-15,0.004526
特朗普,认为有威胁,台湾,2024-12-02,0.004526
特朗普,认为有威胁,台湾,2024-11-15,0.004526
特朗普,认为有威胁,台湾,2024-11-05,0.004526
Phelix Lee,认为可靠,台积电,2024-11-11,0.004499
亚当·波森,认为可靠,特朗普,2024-11-06,0.004465
亚当·波森,认为可靠,特朗普,2024-11-06,0.004465
唐纳德·特朗普,主导,美国,2024-12-03,0.004456
唐纳德·特朗普,主导,美国,2024-11-15,0.004456
唐纳德·特朗普,主导,美国,2024-12-03,0.004456
唐纳德·特朗普,主导,美国,2024-11-09,0.004456
唐纳德·特朗普,主导,美国,2024-12-03,0.004456
唐纳德·特朗普,主导,美国,2024-12-03,0.004456
唐纳德·特朗普,主导,美国,2024-11-15,0.004456
唐纳德·特朗普,主导,美国,2024-07-27,0.004456
唐纳德·特朗普,主导,美国,2024-10-30,0.004456
唐纳德·特朗普,主导,美国,2024-11-15,0.004456
唐纳德·特朗普,主导,美国,2024-11-15,0.004456
唐纳德·特朗普,主导,美国,2024-11-15,0.004456
唐纳德·特朗普,主导,美国,2024-12-02,0.004456
唐纳德·特朗普,主导,美国,2024-11-15,0.004456
台积电,认为优秀,英伟达,2024-11-25,0.004450
台积电,认为优秀,英伟达,2024-11-26,0.004450
美国,认为有成就,阿斯麦,2024-10-31,0.004407
美国,认为有成就,阿斯麦,2024-10-31,0.004407
中国,感谢,台湾,2024-09-10,0.004369
Lauly Lith,担忧,台积电,2024-11-13,0.004341
花旗集团,质疑,台积电,2024-08-28,0.004313
《自由时报》,担忧,台积电,2024-11-09,0.004299
唐纳德·特朗普,感到不满,台湾,2024-12-03,0.004286
唐纳德·特朗普,感到不满,台湾,2024-12-03,0.004286
唐纳德·特朗普,感到不满,台湾,2024-12-03,0.004286
唐纳德·特朗普,感到不满,台湾,2024-12-03,0.004286
唐纳德·特朗普,感到不满,台湾,2024-07-30,0.004286
唐纳德·特朗普,感到不满,台湾,2024-12-03,0.004286
唐纳德·特朗普,感到不满,台湾,2024-12-03,0.004286
唐纳德·特朗普,感到不满,台湾,2024-11-15,0.004286
唐纳德·特朗普,感到不满,台湾,2024-11-11,0.004286
唐纳德·特朗普,感到不满,台湾,2024-12-02,0.004286
唐纳德·特朗普,感到不满,台湾,2024-11-11,0.004286
石原伸介,主导,台积电,2024-11-12,0.004283
派珀·萨兰德,认为缺乏,英伟达,2024-11-12,0.004279
哈里斯,认为犯罪,台积电,2024-10-18,0.004265
哈里斯,认为犯罪,台积电,2024-10-18,0.004265
哈里斯,认为犯罪,台积电,2024-10-18,0.004265
魏哲家,认为优秀,台积电,2024-10-23,0.004259
魏哲家,认为优秀,台积电,2024-10-23,0.004259
魏哲家,认为优秀,台积电,2024-10-23,0.004259
魏哲家,认为优秀,台积电,2024-10-27,0.004259
魏哲家,认为优秀,台积电,2024-11-17,0.004259
魏哲家,认为优秀,台积电,2024-10-17,0.004259
唐纳德·特朗普,相信,台湾,2024-12-03,0.004169
唐纳德·特朗普,相信,台湾,2024-12-03,0.004169
唐纳德·特朗普,相信,台湾,2024-12-03,0.004169
唐纳德·特朗普,相信,台湾,2024-12-03,0.004169
唐纳德·特朗普总统,认为优秀,台积电,2025-01-13,0.004167
克里斯蒂安·克茨施,质疑,台积电,2024-07-29,0.004135
英特尔,攻击,台积电,2024-10-17,0.004125
英特尔,攻击,台积电,2024-10-20,0.004125
英特尔,攻击,台积电,2024-10-17,0.004125
英特尔,攻击,台积电,2024-12-02,0.004125
华为,认为有成就,美国,2024-12-27,0.004053
吉恩·蒙斯特,认为优秀,台积电,2024-10-22,0.004053
亚当·波森,担忧,特朗普,2024-11-06,0.004042
亚当·波森,担忧,特朗普,2024-11-06,0.004042
亚当·波森,担忧,特朗普,2024-11-06,0.004042
《自由时报》,感到不满,台积电,2024-11-09,0.003982
张忠谋,认为有成就,台积电,2024-10-27,0.003968
张忠谋,认为有成就,台积电,2024-10-27,0.003968
特朗普,质疑,台湾,2024-11-07,0.003947
特朗普,质疑,台湾,2024-11-05,0.003947
特朗普,质疑,台湾,2024-11-05,0.003947
特朗普,质疑,台湾,2024-11-14,0.003947
特朗普,质疑,台湾,2024-11-05,0.003947
特朗普,质疑,台湾,2024-11-15,0.003947
特朗普,质疑,台湾,2024-11-12,0.003947
特朗普,质疑,台湾,2024-11-12,0.003947
特朗普,质疑,台湾,2024-12-02,0.003947
特朗普,质疑,台湾,2024-11-05,0.003947
当地立法者,主导,台积电,2024-11-12,0.003919
美国,担忧,拜登,2024-08-28,0.003885
美国,担忧,拜登,2024-08-28,0.003885
莫瑞斯·昌,主导,台积电,2024-06-03,0.003869
《自由时报》,认为有危机,台积电,2024-11-09,0.003836
吴成文,增进,台积电,2024-11-28,0.003832
百度,感到满意,台积电,2024-11-07,0.003786
中国芯片公司,欣赏,台积电,2024-11-11,0.003776
投资者,认为有成就,台积电,2024-11-29,0.003774
特朗普,认为非法,台湾,2024-11-05,0.003765
特朗普,认为非法,台湾,2024-10-19,0.003765
特朗普,认为非法,台湾,2024-11-15,0.003765
台积公司,主导,美国,2024-11-09,0.003728
台积公司,主导,美国,2024-11-09,0.003728
台积公司,主导,美国,2024-11-09,0.003728
台积公司,主导,美国,2024-11-13,0.003728
台积公司,主导,美国,2024-11-13,0.003728
苹果投资者,感到不满,台积电,2024-10-23,0.003686
台湾,欢迎,黄仁勋,2025-01-16,0.003645
半导体,认为优秀,台积电,2024-11-11,0.003627
参议员,担忧,台积电,2024-10-31,0.003601
杰夫·贝索斯,主导,英伟达,2024-09-03,0.003573
美国,认可,Alphabet,2024-11-25,0.003552
投资人,批评,台积电,2024-11-05,0.003522
半导体,支持,台积电,2024-11-11,0.003503
苹果投资者,担忧,台积电,2024-10-23,0.003501
亚当·波森,感到不满,特朗普,2024-11-06,0.003489
美国,损害,英伟达,2025-01-13,0.003481
美国,损害,英伟达,2024-11-19,0.003481
美国,损害,英伟达,2024-11-14,0.003481
美国,损害,英伟达,2024-11-18,0.003481
美国,损害,英伟达,2024-11-18,0.003481
美国,主导,Alphabet,2024-10-22,0.003478
美国,认为可靠,高通,2024-09-22,0.003447
美国,认为可靠,高通,2024-09-22,0.003447
巴伦扎,认为犯罪,台积电,2024-10-18,0.003415
黄伟伦,认为有成就,台积电,2024-10-19,0.003409
黄伟伦,认为有成就,台积电,2024-10-19,0.003409
黄伟伦,认为有成就,台积电,2024-10-19,0.003409
秦思瑞,相信,台积电,2025-01-16,0.003396
共和党,认为失败,台积电,2024-10-30,0.003380
中国,欣赏,英伟达,2024-09-28,0.003379
高通收购英特尔,损害,台积电,2024-09-29,0.003375
高盛,主导,美国,2024-11-02,0.003367
泰德·克鲁兹,担忧,拜登,2025-01-13,0.003361
特朗普,攻击,台湾,2024-11-05,0.003291
特朗普,攻击,台湾,2024-11-05,0.003291
特朗普,攻击,台湾,2024-11-05,0.003291
马斯克,感到不满,苹果,2024-11-16,0.003275
杰夫·贝索斯,增进,台积电,2024-11-09,0.003267
台湾的能源挑战,威胁,台积电,2024-11-04,0.003259
魏哲家,支持,台积电,2024-11-17,0.003221
《经济日报》,认可,台积电,2024-11-10,0.003218
《自由时报》,质疑,台积电,2024-11-09,0.003214
求职者,认为有成就,台积电,2025-01-21,0.003204
杰克·沙利文,相信,特朗普,2025-01-13,0.003157
《台北时报》,相信,台积电,2024-11-09,0.003110
莫瑞斯·昌,质疑,台积电,2024-06-03,0.003099
唐纳德·特朗普,担忧,台湾,2024-12-03,0.003073
唐纳德·特朗普,担忧,台湾,2024-12-03,0.003073
唐纳德·特朗普,担忧,台湾,2024-07-29,0.003073
唐纳德·特朗普,担忧,台湾,2024-12-03,0.003073
唐纳德·特朗普,担忧,台湾,2024-12-03,0.003073
唐纳德·特朗普,担忧,台湾,2024-12-03,0.003073
唐纳德·特朗普,担忧,台湾,2024-07-30,0.003073
唐纳德·特朗普,担忧,台湾,2024-12-03,0.003073
唐纳德·特朗普,担忧,台湾,2024-12-03,0.003073
唐纳德·特朗普,担忧,台湾,2024-12-03,0.003073
唐纳德·特朗普,担忧,台湾,2024-11-15,0.003073
唐纳德·特朗普,担忧,台湾,2024-11-15,0.003073
唐纳德·特朗普,担忧,台湾,2024-11-15,0.003073
唐纳德·特朗普,担忧,台湾,2024-11-15,0.003073
唐纳德·特朗普,担忧,台湾,2024-11-15,0.003073
唐纳德·特朗普,担忧,台湾,2024-11-11,0.003073
唐纳德·特朗普,担忧,台湾,2024-12-02,0.003073
唐纳德·特朗普,担忧,台湾,2024-11-11,0.003073
美国,担忧,华为,2024-10-24,0.003069
美国,担忧,华为,2024-10-24,0.003069
美国,担忧,华为,2024-10-31,0.003069
美国,担忧,华为,2024-11-07,0.003069
美国,担忧,华为,2024-12-21,0.003069
亚利桑那州,支持,台积电,2024-11-14,0.003059
彼得·蒂尔,相信,特朗普,2024-11-18,0.002971
彼得·蒂尔,相信,特朗普,2024-11-18,0.002971
彼得·蒂尔,相信,特朗普,2024-11-18,0.002971
拉乌莉·李,相信,苹果,2024-11-06,0.002964
美国,感到不满,Alphabet,2024-10-22,0.002960
亚当·波森,认为有成就,特朗普,2024-11-06,0.002957
投资者,认为优秀,台积电,2024-11-29,0.002945
台湾央行行长,质疑,台积电,2024-11-14,0.002932
美国,支持,英伟达,2024-11-09,0.002921
美国,支持,英伟达,2024-12-26,0.002921
美国,支持,英伟达,2024-11-18,0.002921
美国,支持,英伟达,2024-11-18,0.002921
美国,支持,英伟达,2024-11-18,0.002921
美国,支持,英伟达,2024-11-18,0.002921
美国,支持,英伟达,2024-11-18,0.002921
美国,支持,英伟达,2024-11-18,0.002921
Phelix Lee,批评,台积电,2024-11-11,0.002908
Lauly Lith,认为恐怖,台积电,2024-11-13,0.002898
台积电,相信,巴伦周刊,2024-09-21,0.002879
台积电,相信,巴伦周刊,2024-09-21,0.002879
美国,认为有威胁,拜登,2024-08-28,0.002875
美国,认为有威胁,拜登,2024-08-28,0.002875
美国,感到不满,拜登,2024-08-28,0.002870
美国,感到不满,拜登,2024-08-28,0.002870
日媒,质疑,台积电,2024-10-28,0.002859
日媒,质疑,台积电,2024-10-28,0.002859
唐纳德·特朗普,认可,台湾,2024-12-03,0.002856
唐纳德·特朗普,认可,台湾,2024-12-03,0.002856
唐纳德·特朗普,认可,台湾,2024-07-29,0.002856
唐纳德·特朗普,认可,台湾,2024-12-03,0.002856
唐纳德·特朗普,认可,台湾,2024-12-03,0.002856
唐纳德·特朗普,认可,台湾,2024-07-30,0.002856
唐纳德·特朗普,认可,台湾,2024-12-03,0.002856
唐纳德·特朗普,认可,台湾,2024-12-03,0.002856
Coatsworth,感到不满,台积电,2024-10-17,0.002845
当地立法者,担忧,台积电,2024-11-12,0.002843
乌克,认为有危机,台积电,2024-09-17,0.002809
亚当·普森,认可,特朗普,2024-11-06,0.002795
亚当·普森,认可,特朗普,2024-11-06,0.002795
投资人,感到满意,台积电,2024-11-05,0.002774
投资人,认为犯罪,台积电,2024-11-05,0.002771
台积电,感到满意,拜登政府,2024-11-20,0.002755
中国,相信,TSMC,2024-09-11,0.002738
美国,主导,TSMC,2024-10-22,0.002727
唐纳德·特朗普,认为有威胁,台湾,2024-12-03,0.002719
唐纳德·特朗普,认为有威胁,台湾,2024-12-03,0.002719
唐纳德·特朗普,认为有威胁,台湾,2024-07-29,0.002719
唐纳德·特朗普,认为有威胁,台湾,2024-12-03,0.002719
唐纳德·特朗普,认为有威胁,台湾,2024-12-03,0.002719
唐纳德·特朗普,认为有威胁,台湾,2024-12-03,0.002719
唐纳德·特朗普,认为有威胁,台湾,2024-07-30,0.002719
唐纳德·特朗普,认为有威胁,台湾,2024-11-06,0.002719
唐纳德·特朗普,认为有威胁,台湾,2024-12-03,0.002719
唐纳德·特朗普,认为有威胁,台湾,2024-12-03,0.002719
唐纳德·特朗普,认为有威胁,台湾,2024-12-03,0.002719
唐纳德·特朗普,认为有威胁,台湾,2024-11-07,0.002719
唐纳德·特朗普,认为有威胁,台湾,2024-10-30,0.002719
唐纳德·特朗普,认为有威胁,台湾,2024-11-07,0.002719
唐纳德·特朗普,认为有威胁,台湾,2024-09-10,0.002719
唐纳德·特朗普,认为有威胁,台湾,2024-11-13,0.002719
唐纳德·特朗普,认为有威胁,台湾,2024-11-13,0.002719
唐纳德·特朗普,认为有威胁,台湾,2024-11-11,0.002719
唐纳德·特朗普,认为有威胁,台湾,2024-11-13,0.002719
唐纳德·特朗普,认为有威胁,台湾,2024-11-13,0.002719
唐纳德·特朗普,认为有威胁,台湾,2024-11-11,0.002719
唐纳德·特朗普,认为有威胁,台湾,2024-11-15,0.002719
唐纳德·特朗普,认为有威胁,台湾,2024-11-15,0.002719
唐纳德·特朗普,认为有威胁,台湾,2024-11-15,0.002719
唐纳德·特朗普,认为有威胁,台湾,2024-11-15,0.002719
唐纳德·特朗普,认为有威胁,台湾,2024-11-15,0.002719
唐纳德·特朗普,认为有威胁,台湾,2024-11-11,0.002719
唐纳德·特朗普,认为有威胁,台湾,2024-12-02,0.002719
唐纳德·特朗普,认为有威胁,台湾,2024-11-11,0.002719
商务部,认为失败,台积电,2024-11-10,0.002701
商务部,认为失败,台积电,2024-10-30,0.002701
特朗普,威胁,台湾,2024-11-14,0.002700
特朗普,威胁,台湾,2024-11-05,0.002700
特朗普,威胁,台湾,2024-11-13,0.002700
特朗普,威胁,台湾,2024-11-05,0.002700
特朗普,威胁,台湾,2024-11-13,0.002700
特朗普,威胁,台湾,2024-11-13,0.002700
特朗普,威胁,台湾,2024-11-15,0.002700
特朗普,威胁,台湾,2024-11-15,0.002700
特朗普,威胁,台湾,2024-12-02,0.002700
特朗普,威胁,台湾,2024-11-05,0.002700
Coatsworth,质疑,台积电,2024-10-17,0.002685
美国,欣赏,英伟达,2024-11-18,0.002677
美国,欣赏,英伟达,2024-11-18,0.002677
美国,欣赏,英伟达,2024-11-18,0.002677
美国,欣赏,英伟达,2024-11-18,0.002677
美国,欣赏,英伟达,2024-11-18,0.002677
美国,欣赏,英伟达,2024-11-18,0.002677
台湾,欢迎,苹果,2024-11-13,0.002670
美国,认可,高通,2024-09-22,0.002663
投资者,攻击,台积电,2024-11-29,0.002641
美国,主导,台积公司,2024-11-29,0.002605
当地立法者,质疑,台积电,2024-11-12,0.002604
《商业韩国》,质疑,台积电,2024-11-16,0.002597
亚利桑那州,主导,英伟达,2024-12-27,0.002587
台湾经济部,主导,台积电,2024-11-09,0.002579
美国,质疑,拜登,2024-08-28,0.002575
美国,质疑,拜登,2024-08-28,0.002575
英特尔,增进,台积电,2024-10-17,0.002572
英特尔,增进,台积电,2024-09-10,0.002572
英伟达,主导,华为,2024-08-12,0.002568
清水洋治,主导,美国,2024-08-26,0.002543
美国,感到不满,苹果,2024-11-30,0.002541
《商业韩国》,相信,台积电,2024-11-16,0.002524
克里斯托夫·福凯,主导,彭博科技峰会,2024-10-31,0.002495
克里斯托夫·福凯,主导,彭博科技峰会,2024-10-31,0.002495
克里斯托夫·福凯,主导,彭博科技峰会,2024-10-31,0.002495
Coatsworth,喜欢,台积电,2024-10-17,0.002486
花旗集团,批评,台积电,2024-08-28,0.002483
亚当·普森,担忧,特朗普,2024-11-06,0.002466
亚当·普森,担忧,特朗普,2024-11-06,0.002466
亚当·普森,担忧,特朗普,2024-11-06,0.002466
亚当·普森,担忧,特朗普,2024-11-06,0.002466
投资人,认为可靠,台积电,2024-11-05,0.002459
亚当·普森,认为有成就,特朗普,2024-11-06,0.002458
Lauly Lith,认为有危机,台积电,2024-11-13,0.002440
克里斯托夫·福克,担忧,美国,2024-10-31,0.002430
花旗集团,认可,台积电,2024-08-28,0.002410
李民熙,认为有威胁,特朗普,2024-11-12,0.002389
克里斯托夫·福科,认为非法,美国,2024-11-05,0.002387
黄伟成,认为优秀,台积电,2024-10-07,0.002374
亚当·波森,主导,《芯片和科学法案》,2024-11-06,0.002351
唐纳德·特朗普总统,主导,美国,2024-11-15,0.002322
唐纳德·特朗普总统,主导,美国,2024-11-15,0.002322
美国,威胁,英伟达,2024-11-19,0.002309
马斯克,感谢,黄仁勋,2024-09-16,0.002294
摩根士丹利,增进,台积电,2024-11-11,0.002267
美国,支持,华为,2024-10-31,0.002264
美国,支持,华为,2024-10-27,0.002264
美国,支持,华为,2024-10-27,0.002264
《自由时报》,认为有威胁,台积电,2024-11-09,0.002259
美国,认可,台湾积电,2024-10-23,0.002238
美国,认可,台湾积电,2024-10-27,0.002238
唐纳德·特朗普总统,担忧,台湾,2024-11-15,0.002232
唐纳德·特朗普总统,担忧,台湾,2024-11-15,0.002232
赖清德,认为可靠,台湾,2024-12-02,0.002226
美国,认可,台积公司,2024-07-10,0.002214
美国,认可,台积公司,2024-11-09,0.002214
美国,认可,台积公司,2024-11-29,0.002214
《自由时报》,损害,台积电,2024-11-09,0.002205
台积电,质疑,巴伦周刊,2024-09-21,0.002195
凯蒂·克雷尔,欢迎,苹果,2024-11-13,0.002194
中媒,质疑,台积电,2024-11-07,0.002191
中媒,质疑,台积电,2024-11-07,0.002191
中媒,质疑,台积电,2024-11-07,0.002191
中媒,质疑,台积电,2024-11-07,0.002191
台积电,认为热情,英伟达,2024-10-23,0.002186
台积电,认为热情,英伟达,2024-10-23,0.002186
路透社,主导,三星,2024-08-27,0.002183
求职者,认为优秀,台积电,2025-01-21,0.002180
摩根士丹利,认为优秀,台积电,2024-10-02,0.002178
摩根士丹利,认为优秀,台积电,2024-10-02,0.002178
摩根士丹利,认为优秀,台积电,2024-10-02,0.002178
摩根士丹利,认为优秀,台积电,2024-10-22,0.002178
算能科技,担忧,台积电,2024-10-28,0.002176
算能科技,担忧,台积电,2024-10-28,0.002176
当地立法者,认为恐怖,台积电,2024-11-12,0.002174
投资人,认可,台积电,2024-11-05,0.002170
台积电,欢迎,创新,2024-09-27,0.002167
深圳,增进,台积电,2024-11-19,0.002166
特朗普,主导,《芯片法案》,2024-11-07,0.002165
特朗普,主导,《芯片法案》,2024-11-07,0.002165
特朗普,主导,《芯片法案》,2024-11-07,0.002165
特朗普,主导,《芯片法案》,2024-11-07,0.002165
特朗普,主导,《芯片法案》,2024-11-07,0.002165
特朗普,主导,《芯片法案》,2024-11-07,0.002165
特朗普,主导,《芯片法案》,2024-11-10,0.002165
特朗普,主导,《芯片法案》,2024-11-10,0.002165
特朗普,主导,《芯片法案》,2024-11-06,0.002165
特朗普,主导,《芯片法案》,2024-11-05,0.002165
特朗普,主导,《芯片法案》,2024-11-07,0.002165
特朗普,主导,《芯片法案》,2024-11-15,0.002165
特朗普,主导,《芯片法案》,2024-11-07,0.002165
特朗普,主导,《芯片法案》,2024-11-05,0.002165
华为,感谢,美国,2024-12-27,0.002163
唐纳德·特朗普,欢迎,台湾,2024-12-03,0.002162
德意志银行,认为优秀,台积电,2025-01-16,0.002161
克里斯托弗·沃勒,认为有暴力,台积电,2024-07-19,0.002155
郭建宏,认为优秀,台积电,2025-01-14,0.002152
彼得·蒂尔,担忧,特朗普,2024-11-18,0.002141
彼得·蒂尔,担忧,特朗普,2024-11-18,0.002141
Russ Mould,相信,台积电,2025-01-10,0.002139
美国,认为违规,英伟达,2024-11-09,0.002137
Lauly Lith,认为违规,台积电,2024-11-13,0.002137
台湾新北市,主导,台积电,2024-12-16,0.002136
美国,喜欢,黄仁勋,2025-01-16,0.002091
美国,喜欢,黄仁勋,2025-01-16,0.002091
美国,喜欢,黄仁勋,2025-01-16,0.002091
投资人,攻击,台积电,2024-11-05,0.002073
央行,认为优秀,台积电,2024-12-30,0.002068
魏知效,增进,台积电,2024-10-18,0.002067
美国,损害,华为,2024-11-10,0.002059
美国,损害,华为,2024-10-24,0.002059
美国,损害,华为,2024-10-23,0.002059
美国,损害,华为,2024-10-23,0.002059
美国,损害,华为,2024-10-24,0.002059
美国,损害,华为,2024-10-23,0.002059
美国,损害,华为,2024-10-24,0.002059
美国,损害,华为,2024-11-11,0.002059
美国,损害,华为,2024-10-23,0.002059
美国,损害,华为,2024-10-27,0.002059
美国,损害,华为,2024-10-27,0.002059
美国,损害,华为,2024-11-04,0.002059
美国,损害,华为,2024-10-23,0.002059
美国,损害,华为,2024-10-27,0.002059
美国,损害,华为,2024-10-31,0.002059
美国,损害,华为,2024-10-13,0.002059
美国,损害,华为,2024-12-21,0.002059
美国,损害,华为,2024-12-21,0.002059
美国,损害,华为,2024-10-22,0.002059
美国,损害,华为,2024-11-28,0.002059
美国,损害,华为,2024-10-24,0.002059
美国,损害,华为,2024-12-21,0.002059
美国,损害,华为,2024-08-12,0.002059
美国,损害,华为,2024-10-23,0.002059
美国,损害,华为,2024-10-20,0.002059
美国,损害,华为,2024-10-20,0.002059
美国,损害,华为,2024-10-20,0.002059
商务部,认可,台积电,2024-11-10,0.002057
马斯克,质疑,苹果,2024-11-16,0.002051
《经济日报》,欣赏,台积电,2024-11-10,0.002047
唐纳德·特朗普,认为非法,台湾,2024-12-03,0.002025
唐纳德·特朗普,认为非法,台湾,2024-12-03,0.002025
唐纳德·特朗普,认为非法,台湾,2024-12-03,0.002025
唐纳德·特朗普,认为非法,台湾,2024-12-03,0.002025
唐纳德·特朗普,认为非法,台湾,2024-07-30,0.002025
唐纳德·特朗普,认为非法,台湾,2024-11-06,0.002025
唐纳德·特朗普,认为非法,台湾,2024-12-03,0.002025
唐纳德·特朗普,认为非法,台湾,2024-12-03,0.002025
唐纳德·特朗普,认为非法,台湾,2024-11-15,0.002025
唐纳德·特朗普,认为非法,台湾,2024-11-15,0.002025
唐纳德·特朗普,认为非法,台湾,2024-11-15,0.002025
唐纳德·特朗普,认为非法,台湾,2024-11-15,0.002025
唐纳德·特朗普,认为非法,台湾,2024-11-15,0.002025
唐纳德·特朗普,认为非法,台湾,2024-11-11,0.002025
克里斯蒂安·克茨施,批评,台积电,2024-07-29,0.002016
中国媒体,视作英雄,台积电,2024-11-07,0.001985
投资者,支持,台积电,2024-09-24,0.001978
投资者,支持,台积电,2024-11-29,0.001978
赵小光,增进,台积电,2024-11-19,0.001978
吉娜·雷蒙多,主导,美国,2024-10-02,0.001972
美国,损害,台积公司,2024-07-10,0.001969
美国,损害,台积公司,2024-11-29,0.001969
中国,感到不满,台湾,2025-01-13,0.001928
美国,担忧,Alphabet,2024-10-22,0.001891
布雷特·西蒙普,增进,台积电,2025-01-13,0.001877
台积电,损害,台风康妮,2024-11-03,0.001876
台湾的能源挑战,损害,台积电,2024-11-04,0.001853
投资者,主导,苹果,2024-09-05,0.001837
《自由时报》,相信,台积电,2024-11-09,0.001836
瑞克·卡斯迪,批评,台积电,2024-12-16,0.001835
美国,认为有成就,高通,2024-09-22,0.001829
《台北时报》,质疑,台积电,2024-11-09,0.001814
克里斯托夫·福克,认为有危机,美国,2024-10-31,0.001798
美国,主导,《芯片法案》,2024-10-29,0.001793
美国,主导,《芯片法案》,2024-10-29,0.001793
美国,主导,《芯片法案》,2024-10-29,0.001793
美国,主导,《芯片法案》,2024-10-22,0.001793
美国,主导,《芯片法案》,2024-10-29,0.001793
美国,主导,《芯片法案》,2024-10-22,0.001793
美国,主导,《芯片法案》,2024-10-22,0.001793
美国,主导,《芯片法案》,2024-09-20,0.001793
美国,主导,《芯片法案》,2024-12-29,0.001793
美国,主导,《芯片法案》,2024-11-26,0.001793
美国,主导,《芯片法案》,2024-12-03,0.001793
美国,主导,《芯片法案》,2024-12-11,0.001793
美国,主导,《芯片法案》,2024-08-21,0.001793
美国,主导,《芯片法案》,2024-09-23,0.001793
美国,主导,《芯片法案》,2024-09-20,0.001793
美国,主导,《芯片法案》,2024-12-27,0.001793
台积电,欢迎,数据中心,2024-09-27,0.001791
于伊齐,质疑,台积电,2024-12-14,0.001788
罗伯特·帕维克,担忧,英伟达,2024-11-17,0.001785
乌克,认为违规,台积电,2024-09-17,0.001782
台湾,主导,半导体,2024-12-03,0.001782
台湾,主导,半导体,2024-12-03,0.001782
美国,攻击,英伟达,2024-11-19,0.001781
美国,认为优秀,苹果,2024-11-30,0.001777
中国媒体,相信,台积电,2024-11-07,0.001777
美国,感到满意,英伟达,2024-11-18,0.001770
美国,感到满意,英伟达,2024-11-18,0.001770
美国,感到满意,英伟达,2024-11-18,0.001770
美国,感到满意,英伟达,2024-11-18,0.001770
美国,感到满意,英伟达,2024-11-18,0.001770
美国,感到满意,英伟达,2024-11-18,0.001770
投资人,欣赏,台积电,2024-11-05,0.001769
日本,认可,美国,2024-12-02,0.001767
中国,感到满意,英伟达,2025-01-16,0.001765
CNBC,认为优秀,台积电,2024-12-16,0.001765
美国,认为缺乏,英伟达,2024-10-20,0.001760
台积电,感到满意,英特尔,2024-12-03,0.001757
台积电,感到满意,英特尔,2024-12-03,0.001757
特朗普,主导,《芯片和科学法案》,2024-11-05,0.001737
特朗普,主导,《芯片和科学法案》,2024-11-05,0.001737
特朗普,主导,《芯片和科学法案》,2024-11-05,0.001737
特朗普,主导,《芯片和科学法案》,2024-11-05,0.001737
詹森·黄,主导,英伟达,2024-12-02,0.001735
詹森·黄,主导,英伟达,2024-12-02,0.001735
美国,认为有威胁,华为,2024-10-23,0.001710
美国,认为有威胁,华为,2024-10-31,0.001710
马斯克,认为有威胁,苹果,2024-11-16,0.001705
埃隆·马斯克,担忧,特朗普,2024-10-29,0.001698
美国,损害,苹果,2024-11-30,0.001692
美国,损害,苹果,2024-10-26,0.001692
中国,认为非法,赖清德,2025-01-16,0.001689
美国,喜欢,苹果,2024-11-30,0.001679
黄仁勋,感到不满,英伟达,2025-01-10,0.001661
摩根大通,认为可靠,苹果,2024-10-23,0.001656
唐纳德·特朗普,支持,台湾,2024-12-03,0.001655
美国,认可,任天堂,2025-01-02,0.001653
特朗普,相信,美国,2024-11-13,0.001653
日本政府,认可,台积电,2024-09-24,0.001650
中央通讯社（CNA）,感谢,台积电,2024-11-03,0.001644
美国,质疑,台积公司,2024-07-10,0.001640
美国,质疑,台积公司,2024-10-30,0.001640
美国,质疑,台积公司,2024-11-29,0.001640
花旗集团,认为缺乏,台积电,2024-08-28,0.001636
埃迪松·李,担忧,特朗普,2024-11-15,0.001617
美国,相信,高通,2024-09-22,0.001607
美国,支持,亚马逊,2024-11-05,0.001604
马克·扎克伯格,担忧,微软,2024-10-26,0.001570
《自由时报》,威胁,台积电,2024-11-09,0.001568
日本政府,支持,台积电,2024-09-24,0.001563
特朗普政府,主导,美国,2024-11-10,0.001557
特朗普政府,主导,美国,2024-11-10,0.001557
特朗普政府,主导,美国,2024-11-10,0.001557
特朗普政府,主导,美国,2024-11-10,0.001557
特朗普政府,主导,美国,2024-11-10,0.001557
台积电,支持,SK海力士,2024-11-03,0.001556
台积电,支持,SK海力士,2024-11-03,0.001556
唐纳德·特朗普总统,认为非法,美国,2024-11-15,0.001552
唐纳德·特朗普总统,认为非法,美国,2024-11-15,0.001552
台湾,喜欢,黄仁勋,2025-01-16,0.001551
台湾,喜欢,黄仁勋,2025-01-16,0.001551
苹果投资者,认为有危机,台积电,2024-10-23,0.001548
杰米·戴蒙,相信,特朗普,2024-12-02,0.001544
詹森·霍尔,担忧,三星,2025-01-10,0.001541
唐永年,担忧,台积电,2024-11-12,0.001537
《芯片法案》,认为优秀,台积电,2024-11-10,0.001535
中国,认为优秀,台湾,2024-11-16,0.001532
特朗普,损害,台湾,2024-11-07,0.001524
特朗普,损害,台湾,2024-11-05,0.001524
特朗普,损害,台湾,2024-11-15,0.001524
特朗普,损害,台湾,2024-11-15,0.001524
特朗普,损害,台湾,2024-11-05,0.001524
特朗普,损害,台湾,2024-11-05,0.001524
詹森·霍尔,主导,英伟达,2024-10-26,0.001515
盖尔辛格,认为有威胁,台湾,2024-10-30,0.001514
《商业时报》,损害,台积电,2024-10-03,0.001511
拉乌莉·李,质疑,苹果,2024-11-06,0.001510
杰克·沙利文,质疑,特朗普,2025-01-13,0.001504
台湾经济部门,质疑,台积电,2024-11-11,0.001502
迈克·瓦尔茨,担忧,特朗普,2024-11-12,0.001501
商务部,认为可靠,台积电,2025-01-10,0.001496
美国,质疑,阿斯麦,2024-10-31,0.001488
克里斯托夫·福克,认为有威胁,美国,2024-10-31,0.001488
唐纳德·特朗普,认为优秀,台湾,2024-12-03,0.001487
唐纳德·特朗普,认为优秀,台湾,2024-12-03,0.001487
唐纳德·特朗普,认为优秀,台湾,2024-12-03,0.001487
唐纳德·特朗普,认为优秀,台湾,2024-12-03,0.001487
美国,认为优秀,华为,2024-11-07,0.001483
美国,认为优秀,华为,2024-10-26,0.001483
美国,认为优秀,华为,2024-10-26,0.001483
美国,认为优秀,华为,2024-10-26,0.001483
美国,认为优秀,华为,2024-10-27,0.001483
美国,认为优秀,亚马逊,2024-11-05,0.001477
算能科技,质疑,台积电,2024-10-28,0.001466
算能科技,质疑,台积电,2024-10-28,0.001466
乔·拜登,支持,台湾,2024-11-07,0.001436
萨蒂亚·纳德拉,主导,微软,2024-06-30,0.001436
台积电,攻击,台风康妮,2024-11-03,0.001419
中国芯片公司,认为失败,台积电,2024-11-11,0.001413
台积电,担忧,巴伦周刊,2024-09-21,0.001407
《商业韩国》,威胁,台积电,2024-11-16,0.001397
藤原忠弘,认可,台积电,2024-09-24,0.001397
美国,视作英雄,特朗普,2024-12-27,0.001394
美国,视作英雄,特朗普,2024-12-26,0.001394
美国,视作英雄,特朗普,2024-11-07,0.001394
美国,视作英雄,特朗普,2024-11-07,0.001394
美国,视作英雄,特朗普,2024-11-07,0.001394
美国,视作英雄,特朗普,2024-11-07,0.001394
美国,视作英雄,特朗普,2024-11-07,0.001394
美联储,主导,美国,2024-10-14,0.001387
美联储,主导,美国,2024-10-14,0.001387
Lauly Lith,认为有威胁,台积电,2024-11-13,0.001380
台湾经济部,担忧,台积电,2024-11-09,0.001379
台积电,感到不满,巴伦周刊,2024-09-21,0.001379
台积电,感到不满,巴伦周刊,2024-09-21,0.001379
苹果投资者,认为可靠,台积电,2024-10-23,0.001376
华为创始人,感谢,美国,2024-10-31,0.001368
华为创始人,感谢,美国,2024-10-31,0.001368
亚当·波森,相信,特朗普,2024-11-06,0.001355
亚当·波森,相信,特朗普,2024-11-06,0.001355
亚当·波森,相信,特朗普,2024-11-06,0.001355
中国,感到满意,TSMC,2024-09-11,0.001353
苹果投资者,质疑,台积电,2024-10-23,0.001349
朱凤莲,认为非法,美国,2024-11-11,0.001342
贝索斯,担忧,特朗普,2024-10-29,0.001336
乌克,认为有威胁,台积电,2024-09-17,0.001335
共和党,主导,美国,2024-11-05,0.001334
中国,认为可靠,日本,2024-09-02,0.001334
美国,认为有成就,任天堂,2025-01-02,0.001322
亚当·波森,认为恐怖,特朗普,2024-11-06,0.001322
亚当·波森,认为恐怖,特朗普,2024-11-06,0.001322
亚当·波森,认为恐怖,特朗普,2024-11-06,0.001322
参议员,认为有危机,台积电,2024-10-31,0.001315
当地立法者,认为违规,台积电,2024-11-12,0.001309
美国,主导,《芯片和科学法案》,2024-10-16,0.001293
美国,主导,《芯片和科学法案》,2024-10-16,0.001293
美国,主导,《芯片和科学法案》,2024-09-18,0.001293
美国,主导,《芯片和科学法案》,2024-10-16,0.001293
美国,主导,《芯片和科学法案》,2024-10-18,0.001293
美国,主导,《芯片和科学法案》,2025-01-03,0.001293
美国,主导,《芯片和科学法案》,2024-09-05,0.001293
中国媒体,认为可靠,台积电,2024-11-07,0.001292
苹果投资者,认为有威胁,台积电,2024-10-23,0.001288
花旗集团,认为有成就,台积电,2024-08-28,0.001287
美国,认为恐怖,英伟达,2024-10-20,0.001279
美国,认为恐怖,英伟达,2024-10-20,0.001279
美国,认为恐怖,英伟达,2024-11-18,0.001279
美国,认为恐怖,英伟达,2024-11-18,0.001279
美国,认为恐怖,英伟达,2024-11-18,0.001279
美国,认为恐怖,英伟达,2024-11-18,0.001279
美国,认为恐怖,英伟达,2024-11-18,0.001279
美国,认为恐怖,英伟达,2024-11-18,0.001279
克里斯托夫·福克特,认可,美国,2024-11-13,0.001275
苹果投资者,相信,台积电,2024-10-23,0.001264
《台北时报》,损害,台积电,2024-11-09,0.001259
中国媒体,认为热情,台积电,2024-11-07,0.001259
唐纳德·特朗普,攻击,台湾,2024-12-03,0.001253
唐纳德·特朗普,攻击,台湾,2024-12-03,0.001253
唐纳德·特朗普,攻击,台湾,2024-12-03,0.001253
唐纳德·特朗普,攻击,台湾,2024-10-21,0.001253
唐纳德·特朗普,攻击,台湾,2024-11-05,0.001253
唐纳德·特朗普,攻击,台湾,2024-11-11,0.001253
唐纳德·特朗普,攻击,台湾,2024-11-11,0.001253
唐纳德·特朗普,攻击,台湾,2024-11-11,0.001253
唐纳德·特朗普,攻击,台湾,2024-11-11,0.001253
唐纳德·特朗普,攻击,台湾,2024-12-02,0.001253
唐纳德·特朗普,攻击,台湾,2024-11-05,0.001253
投资人,认为缺乏,台积电,2024-11-05,0.001249
中国,认为可靠,美国,2024-09-30,0.001247
中国,认为可靠,美国,2024-09-30,0.001247
美国,认为有成就,中国,2024-08-26,0.001241
美国,威胁,华为,2024-10-23,0.001238
美国,威胁,华为,2024-10-24,0.001238
美国,威胁,华为,2024-11-11,0.001238
美国,威胁,华为,2024-10-31,0.001238
美国,威胁,华为,2024-10-31,0.001238
美国,威胁,华为,2024-08-12,0.001238
美国,质疑,高通,2024-09-22,0.001231
美国,质疑,高通,2024-09-22,0.001231
台积电,攻击,巴伦周刊,2024-09-21,0.001229
亚当·波森,质疑,特朗普,2024-11-06,0.001228
亚当·波森,质疑,特朗普,2024-11-06,0.001228
亚当·波森,质疑,特朗普,2024-11-06,0.001228
唐纳德·特朗普总统,担忧,美国,2024-11-15,0.001226
唐纳德·特朗普总统,担忧,美国,2024-11-15,0.001226
中国,支持,英伟达,2024-11-19,0.001216
台积电,攻击,NVIDIA,2024-11-24,0.001211
《自由时报》,认为可靠,台积电,2024-11-09,0.001211
Lauly Lith,相信,台积电,2024-11-13,0.001208
美国,认可,半导体,2024-06-19,0.001207
美国,认可,半导体,2024-10-23,0.001207
中国,视作英雄,台湾,2025-01-14,0.001201
林 Brad,增进,台积电,2024-11-29,0.001198
美国,担忧,阿斯麦,2024-10-31,0.001194
台湾,担忧,中国,2024-11-07,0.001194
《商业韩国》,认为可靠,台积电,2024-11-16,0.001191
Phelix Lee,增进,台积电,2024-11-11,0.001186
Phelix Lee,增进,台积电,2024-11-11,0.001186
Phelix Lee,增进,台积电,2024-11-11,0.001186
莫瑞斯·昌,认可,台积电,2024-06-03,0.001167
美国,损害,Alphabet,2024-10-22,0.001165
中国,喜欢,台湾,2024-11-16,0.001158
唐纳德·特朗普,威胁,台湾,2024-12-03,0.001149
唐纳德·特朗普,威胁,台湾,2024-12-03,0.001149
唐纳德·特朗普,威胁,台湾,2024-07-29,0.001149
唐纳德·特朗普,威胁,台湾,2024-12-03,0.001149
唐纳德·特朗普,威胁,台湾,2024-12-03,0.001149
唐纳德·特朗普,威胁,台湾,2024-12-03,0.001149
唐纳德·特朗普,威胁,台湾,2024-07-30,0.001149
唐纳德·特朗普,威胁,台湾,2024-11-06,0.001149
唐纳德·特朗普,威胁,台湾,2024-12-03,0.001149
唐纳德·特朗普,威胁,台湾,2024-12-03,0.001149
唐纳德·特朗普,威胁,台湾,2024-12-03,0.001149
唐纳德·特朗普,威胁,台湾,2024-10-21,0.001149
唐纳德·特朗普,威胁,台湾,2024-11-07,0.001149
唐纳德·特朗普,威胁,台湾,2024-10-30,0.001149
唐纳德·特朗普,威胁,台湾,2024-11-07,0.001149
唐纳德·特朗普,威胁,台湾,2024-11-05,0.001149
唐纳德·特朗普,威胁,台湾,2024-11-11,0.001149
唐纳德·特朗普,威胁,台湾,2024-11-13,0.001149
唐纳德·特朗普,威胁,台湾,2024-11-11,0.001149
唐纳德·特朗普,威胁,台湾,2024-11-11,0.001149
唐纳德·特朗普,威胁,台湾,2024-11-15,0.001149
唐纳德·特朗普,威胁,台湾,2024-11-15,0.001149
唐纳德·特朗普,威胁,台湾,2024-11-15,0.001149
唐纳德·特朗普,威胁,台湾,2024-11-11,0.001149
唐纳德·特朗普,威胁,台湾,2024-11-15,0.001149
唐纳德·特朗普,威胁,台湾,2024-11-15,0.001149
唐纳德·特朗普,威胁,台湾,2024-11-11,0.001149
唐纳德·特朗普,威胁,台湾,2024-11-13,0.001149
唐纳德·特朗普,威胁,台湾,2024-11-11,0.001149
特朗普赢得选举,损害,台积电,2024-11-13,0.001147
《台北时报》,威胁,台积电,2024-11-09,0.001145
Lauly Lith,认为失败,台积电,2024-11-13,0.001145
特朗普,主导,关税计划,2024-11-05,0.001139
中国,相信,台湾,2025-01-14,0.001137
中国,相信,台湾,2024-11-16,0.001137
中国,相信,台湾,2024-11-16,0.001137
CNA,担忧,台积电,2024-11-03,0.001133
CNA,担忧,台积电,2024-11-03,0.001133
台积电,威胁,巴伦周刊,2024-09-21,0.001131
中国,欣赏,台湾,2024-09-10,0.001127
莫瑞斯·昌,认为可靠,台积电,2024-06-03,0.001124
中国,认可,日本,2024-09-02,0.001120
美国,威胁,拜登,2024-08-28,0.001114
杨金龙,认为非法,美国,2024-11-13,0.001112
杨金龙,认为非法,美国,2024-11-13,0.001112
中国,认为非法,台湾,2025-01-14,0.001111
特朗普,担忧,半导体,2024-12-25,0.001107
洛丽·黄,主导,英伟达,2024-12-02,0.001100
美国,认为有威胁,苹果,2024-11-30,0.001097
Coatsworth,相信,台积电,2024-10-17,0.001097
石破茂,增进,台积电,2024-11-12,0.001097
美国,支持,TSMC,2024-10-14,0.001095
Brad Lin,增进,台积电,2024-11-29,0.001093
Brad Lin,增进,台积电,2025-01-15,0.001093
Brad Lin,增进,台积电,2024-11-29,0.001093
Brad Lin,增进,台积电,2024-11-29,0.001093
台湾经济部长,欢迎,特朗普,2024-11-07,0.001093
美国,认为有危机,拜登,2024-08-28,0.001092
美国,认为有危机,拜登,2024-08-28,0.001092
台积公司,认可,美国,2024-11-13,0.001076
哈什·库马尔,视作英雄,派珀·萨兰德,2024-11-12,0.001076
美国,质疑,谷歌,2024-09-06,0.001071
中国,感到满意,台湾,2024-11-16,0.001056
当地立法者,欣赏,台积电,2024-11-12,0.001052
马斯克,感到不满,特斯拉,2024-06-04,0.001049
马继华,认为优秀,台积电,2024-11-10,0.001049
马继华,认为优秀,台积电,2024-11-10,0.001049
马继华,认为优秀,台积电,2024-11-10,0.001049
马继华,认为优秀,台积电,2024-11-10,0.001049
马继华,认为优秀,台积电,2024-11-10,0.001049
马继华,认为优秀,台积电,2024-11-10,0.001049
马继华,认为优秀,台积电,2024-11-10,0.001049
美国,认为有威胁,英伟达,2024-10-20,0.001037
美国,认为有威胁,英伟达,2024-10-20,0.001037
美国,认为有危机,华为,2024-10-31,0.001028
美国,认为优秀,三星,2024-11-14,0.001026
美国,认可,《芯片法案》,2024-10-29,0.001025
美国,认可,《芯片法案》,2024-10-29,0.001025
美国,认可,《芯片法案》,2024-10-29,0.001025
美国,认可,《芯片法案》,2024-10-22,0.001025
美国,认可,《芯片法案》,2024-09-20,0.001025
美国,认可,《芯片法案》,2024-09-20,0.001025
特朗普,认为违规,台湾,2024-11-05,0.001022
特朗普,认为违规,台湾,2024-11-05,0.001022
马吉华,认为优秀,台积电,2024-11-10,0.001013
马吉华,认为优秀,台积电,2024-11-10,0.001013
马吉华,认为优秀,台积电,2024-11-10,0.001013
美国,欢迎,特朗普总统,2025-01-16,0.001009
台湾央行行长,认可,台积电,2024-11-14,0.001009
台积电,威胁,台风康妮,2024-11-03,0.001008
中东,主导,美国,2024-10-14,0.001007
中东,主导,美国,2024-10-14,0.001007
中东,主导,美国,2024-10-14,0.001007
吴部长,认为有威胁,台积电,2024-11-28,0.001006
派珀·萨兰德,欢迎,哈什·库马尔,2024-11-12,0.000995
Lauly Lith,威胁,台积电,2024-11-13,0.000991
美国,认为有危机,英伟达,2024-10-20,0.000991
美国,认为有危机,英伟达,2024-10-20,0.000991
美国,认为有危机,英伟达,2024-11-18,0.000991
美国,认为有危机,英伟达,2024-11-18,0.000991
美国,威胁,阿斯麦,2024-10-31,0.000987
美国,威胁,阿斯麦,2024-10-31,0.000987
美国,认为违规,TSMC,2024-10-22,0.000986
美国,认为违规,TSMC,2024-10-18,0.000986
埃隆·马斯克,担忧,英伟达,2024-09-18,0.000985
黄仁勋,认为有成就,华为,2024-06-09,0.000981
台积电,质疑,数据中心,2024-09-27,0.000972
白宫,支持,台积电,2024-11-14,0.000971
美国,主导,ASML,2024-06-02,0.000971
美国,认可,谷歌,2024-09-06,0.000966
当地立法者,威胁,台积电,2024-11-12,0.000966
美国,认为失败,Alphabet,2024-10-22,0.000966
KAILEY,担忧,台积电,2024-10-21,0.000965
美国,支持,苹果,2024-11-30,0.000964
特朗普,认为有危机,台湾,2024-11-13,0.000961
特朗普,认为有危机,台湾,2024-11-15,0.000961
特朗普,认为有危机,台湾,2024-11-15,0.000961
罗伯特·桑德斯,支持,台积电,2025-01-16,0.000956
美国,相信,任天堂,2025-01-02,0.000952
杨金龙,相信,美国,2024-11-13,0.000952
SemiWiki论坛,质疑,台积电,2024-11-12,0.000950
唐纳德·特朗普,相信,美国,2024-12-03,0.000949
《商业韩国》,损害,台积电,2024-11-16,0.000946
道达尔集团,主导,美国,2024-11-02,0.000943
道达尔集团,主导,美国,2024-11-02,0.000943
亚当·普森,相信,特朗普,2024-11-06,0.000937
亚当·普森,相信,特朗普,2024-11-06,0.000937
日本传媒,担忧,台积电,2024-10-28,0.000936
日本传媒,担忧,台积电,2024-10-28,0.000936
台积公司(TSMC),主导,美国,2024-11-09,0.000931
台积公司(TSMC),主导,美国,2024-11-13,0.000931
台积公司(TSMC),主导,美国,2024-11-13,0.000931
苹果投资者,喜欢,台积电,2024-10-23,0.000930
商务部,认为犯罪,台积电,2024-11-10,0.000927
帕特·盖尔辛格,主导,美国,2024-10-02,0.000927
雷蒙多,认为有暴力,台积电,2024-11-14,0.000922
唐纳德·特朗普总统,认为有威胁,台湾,2024-11-15,0.000917
唐纳德·特朗普总统,认为有威胁,台湾,2024-11-15,0.000917
唐纳德·特朗普总统,认为有威胁,台湾,2024-11-15,0.000917
唐纳德·特朗普总统,认为有威胁,台湾,2024-11-15,0.000917
唐纳德·特朗普总统,认为有威胁,台湾,2024-11-12,0.000917
唐纳德·特朗普总统,认为有威胁,台湾,2024-11-12,0.000917
唐纳德·特朗普总统,认为有威胁,台湾,2024-11-15,0.000917
唐纳德·特朗普总统,认为有威胁,台湾,2024-11-15,0.000917
彼得森国际经济研究所,担忧,特朗普,2024-11-06,0.000916
彼得森国际经济研究所,担忧,特朗普,2024-11-06,0.000916
彼得森国际经济研究所,担忧,特朗普,2024-11-06,0.000916
彼得森国际经济研究所,担忧,特朗普,2024-11-06,0.000916
当地立法者,认为有危机,台积电,2024-11-12,0.000915
中国,担忧,台湾,2025-01-14,0.000914
华盛顿,认为可靠,阿联酋,2024-09-22,0.000912
清水洋治,认为可靠,美国,2024-08-26,0.000909
CNBC,增进,台积电,2024-12-16,0.000902
参议员,认为有威胁,台积电,2024-10-31,0.000902
特朗普,认为有暴力,台湾,2024-11-05,0.000896
清水洋治,认可,美国,2024-08-26,0.000893
美国,增进,英伟达,2024-11-18,0.000886
美国,增进,英伟达,2024-11-18,0.000886
美国,增进,英伟达,2024-11-18,0.000886
美国,增进,英伟达,2024-11-18,0.000886
美国,增进,英伟达,2024-11-18,0.000886
美国,增进,英伟达,2024-11-18,0.000886
唐纳德·特朗普总统,认为犯罪,美国,2024-11-15,0.000882
唐纳德·特朗普总统,认为犯罪,美国,2024-11-15,0.000882
唐纳德·特朗普总统,认为犯罪,美国,2024-11-15,0.000882
唐纳德·特朗普总统,认为犯罪,美国,2024-11-15,0.000882
唐纳德·特朗普总统,认为犯罪,美国,2024-11-15,0.000882
唐纳德·特朗普总统,认为犯罪,美国,2024-11-15,0.000882
哈利·德恩,认为有威胁,英伟达,2024-09-16,0.000881
台湾经济部,质疑,台积电,2024-11-09,0.000881
台湾经济部,质疑,台积电,2024-11-09,0.000881
苹果投资者,威胁,台积电,2024-10-23,0.000879
华纳参议员,担忧,台积电,2024-10-31,0.000873
派珀·萨兰德,认为优秀,英伟达,2024-11-12,0.000869
《经济日报》,支持,台积电,2024-11-10,0.000866
《经济日报》,支持,台积电,2024-11-10,0.000866
唐纳德・特朗普,主导,美国,2024-10-30,0.000865
Coatsworth,批评,台积电,2024-10-17,0.000862
克里斯托夫·福克特,认为可靠,美国,2024-11-13,0.000860
彼得森国际经济研究所,相信,特朗普,2024-11-06,0.000860
彼得森国际经济研究所,相信,特朗普,2024-11-06,0.000860
彼得森国际经济研究所,相信,特朗普,2024-11-06,0.000860
彼得森国际经济研究所,相信,特朗普,2024-11-06,0.000860
美国,欢迎,台积公司,2024-07-10,0.000849
美国,欢迎,台积公司,2024-11-29,0.000849
美国,欢迎,台积公司,2024-11-29,0.000849
黄仁勋,担忧,英伟达,2025-01-10,0.000849
黄仁勋,担忧,英伟达,2025-01-10,0.000849
黄仁勋,担忧,英伟达,2025-01-10,0.000849
黄仁勋,担忧,英伟达,2024-09-28,0.000849
黄仁勋,担忧,英伟达,2024-11-17,0.000849
黄仁勋,担忧,英伟达,2024-11-17,0.000849
美国,质疑,台湾,2024-12-03,0.000848
美国,质疑,台湾,2024-12-03,0.000848
美国,质疑,台湾,2024-12-03,0.000848
美国,质疑,台湾,2024-12-03,0.000848
美国,质疑,台湾,2024-12-03,0.000848
美国,质疑,台湾,2024-12-03,0.000848
美国,质疑,台湾,2024-12-03,0.000848
美国,质疑,台湾,2024-10-30,0.000848
美国,质疑,台湾,2024-11-12,0.000848
美国,质疑,台湾,2024-12-02,0.000848
马斯克,担忧,特斯拉,2024-06-03,0.000837
马斯克,担忧,特斯拉,2024-06-03,0.000837
马斯克,担忧,特斯拉,2024-06-03,0.000837
马斯克,担忧,特斯拉,2024-06-03,0.000837
马斯克,担忧,特斯拉,2024-06-04,0.000837
中国,担忧,唐纳德·特朗普,2024-11-12,0.000837
当地立法者,相信,台积电,2024-11-12,0.000837
Bloomberg,认为优秀,台积电,2024-10-24,0.000835
唐纳德·特朗普,认为失败,台湾,2024-12-03,0.000834
唐纳德·特朗普,认为失败,台湾,2024-12-03,0.000834
唐纳德·特朗普,认为失败,台湾,2024-12-03,0.000834
唐纳德·特朗普,认为失败,台湾,2024-12-03,0.000834
唐纳德·特朗普,认为失败,台湾,2024-07-30,0.000834
唐纳德·特朗普,认为失败,台湾,2024-12-03,0.000834
唐纳德·特朗普,认为失败,台湾,2024-11-11,0.000834
标普全球市场情报公司,质疑,台积电,2024-11-10,0.000834
标普全球市场情报公司,质疑,台积电,2024-11-10,0.000834
马斯克,认为可靠,特斯拉,2024-06-03,0.000831
马斯克,认为可靠,特斯拉,2024-06-03,0.000831
马斯克,认为可靠,特斯拉,2024-06-03,0.000831
马斯克,认为可靠,特斯拉,2024-06-04,0.000831
唐纳德·特朗,感到不满,台湾,2024-12-03,0.000828
美国,认为非法,TSMC,2024-12-21,0.000824
美国,认为优秀,英伟达,2024-10-20,0.000818
美国,认为优秀,英伟达,2024-10-20,0.000818
美国,认为优秀,英伟达,2024-11-18,0.000818
美国,认为优秀,英伟达,2024-11-18,0.000818
美国,认为优秀,英伟达,2024-11-18,0.000818
美国,认为优秀,英伟达,2024-11-18,0.000818
美国,认为优秀,英伟达,2024-11-18,0.000818
美国,认为优秀,英伟达,2024-11-18,0.000818
乌克,认为失败,台积电,2024-09-17,0.000817
Jim Cramer,担忧,苹果,2024-11-03,0.000815
Jim Cramer,担忧,苹果,2024-11-03,0.000815
Jim Cramer,担忧,苹果,2024-11-03,0.000815
特朗普,担忧,《芯片和科学法案》,2024-11-05,0.000814
特朗普,担忧,《芯片和科学法案》,2024-11-05,0.000814
特朗普,担忧,《芯片和科学法案》,2024-11-05,0.000814
美国,攻击,拜登,2024-08-28,0.000812
美国,攻击,拜登,2024-08-28,0.000812
克里斯托夫·福奎,主导,彭博科技峰会,2024-10-31,0.000810
台湾,增进,美国,2024-11-07,0.000805
台湾,增进,美国,2024-11-15,0.000805
台湾,增进,美国,2024-11-15,0.000805
台湾,主导,计划,2024-09-02,0.000804
司法部,主导,微软,2024-06-11,0.000803
亚当·普森,质疑,特朗普,2024-11-06,0.000801
亚当·普森,质疑,特朗普,2024-11-06,0.000801
亚当·普森,质疑,特朗普,2024-11-06,0.000801
《CHIPS法案》,损害,台积电,2024-12-02,0.000801
美国,支持,Alphabet,2024-10-22,0.000799
台湾,损害,美国,2024-11-07,0.000796
台湾,损害,美国,2024-11-05,0.000796
台湾,损害,美国,2024-11-07,0.000796
台湾,损害,美国,2024-07-17,0.000796
台湾,损害,美国,2024-12-25,0.000796
台湾,损害,美国,2024-11-05,0.000796
台湾,损害,美国,2024-11-15,0.000796
台湾,损害,美国,2024-11-15,0.000796
台湾,损害,美国,2024-11-15,0.000796
台湾,损害,美国,2024-11-15,0.000796
台湾,损害,美国,2024-11-15,0.000796
台湾,损害,美国,2024-11-15,0.000796
台湾,损害,美国,2024-12-25,0.000796
台湾,损害,美国,2024-11-15,0.000796
马克·扎克伯格,认可,微软,2024-10-26,0.000793
美国,担忧,Hindenburg,2024-09-26,0.000793
唐永年,质疑,台积电,2024-11-12,0.000791
台积电,攻击,非台湾或中国籍的员工,2024-11-13,0.000790
习近平,认为可靠,美国,2024-11-29,0.000786
中国,欣赏,赖清德,2025-01-16,0.000779
特朗普,担忧,美国,2024-07-18,0.000779
特朗普,担忧,美国,2024-11-13,0.000779
拉乌莉·李,认为优秀,苹果,2024-11-06,0.000778
美国,威胁,苹果,2024-11-30,0.000773
台湾,认为违规,美国,2024-11-15,0.000772
投资人,认为有成就,台积电,2024-11-05,0.000772
美国,攻击,乔·拜登,2024-11-05,0.000772
中国芯片公司,批评,台积电,2024-11-11,0.000771
唐纳德·特朗普,主导,《芯片法案》,2024-11-06,0.000771
唐纳德·特朗普,主导,《芯片法案》,2024-11-06,0.000771
唐纳德·特朗普,主导,《芯片法案》,2024-11-06,0.000771
唐纳德·特朗普,主导,《芯片法案》,2024-11-10,0.000771
唐纳德·特朗普,主导,《芯片法案》,2024-11-06,0.000771
唐纳德·特朗普,主导,《芯片法案》,2024-11-10,0.000771
唐纳德·特朗普,主导,《芯片法案》,2024-11-06,0.000771
唐纳德·特朗普,主导,《芯片法案》,2024-11-07,0.000771
唐纳德·特朗普,主导,《芯片法案》,2024-11-06,0.000771
唐纳德·特朗普,主导,《芯片法案》,2024-11-12,0.000771
Jim Cramer,相信,苹果,2024-11-03,0.000768
Jim Cramer,相信,苹果,2024-11-03,0.000768
Jim Cramer,相信,苹果,2024-11-03,0.000768
苹果,担忧,英伟达,2024-09-09,0.000767
哈什·库马尔,认为可靠,英伟达,2024-11-12,0.000767
唐纳德·特朗普总统,认为非法,台湾,2024-11-15,0.000763
唐纳德·特朗普总统,认为非法,台湾,2024-11-15,0.000763
唐纳德·特朗普总统,认为非法,台湾,2024-11-15,0.000763
Russ Mould,认为可靠,台积电,2025-01-10,0.000762
投资者,感谢,苹果,2024-09-05,0.000762
中国,主导,耐克,2025-01-09,0.000758
《CHIPS法案》,认为有威胁,台积电,2024-12-02,0.000758
华纳参议员,质疑,台积电,2024-10-31,0.000756
CNA,质疑,台积电,2024-11-03,0.000754
美国,质疑,任天堂,2025-01-02,0.000753
Coatsworth,认为有威胁,台积电,2024-10-17,0.000751
克里斯托夫·福奎特,认可,美国,2024-11-13,0.000742
亚当·波森,认为有危机,特朗普,2024-11-06,0.000738
克里斯托夫·福克特,质疑,美国,2024-11-13,0.000736
投资者,增进,台积电,2024-11-29,0.000735
美国,认为可靠,美国,2024-10-30,0.000735
美国,认为可靠,美国,2025-01-16,0.000735
《金融时报》,主导,华为,2024-10-22,0.000732
美国,攻击,华为,2024-10-23,0.000731
美国,攻击,华为,2024-10-23,0.000731
美国,攻击,华为,2024-11-04,0.000731
美国,攻击,华为,2024-10-23,0.000731
美国,攻击,华为,2024-10-31,0.000731
美国,攻击,华为,2024-08-12,0.000731
美国,攻击,华为,2024-10-23,0.000731
美国,攻击,华为,2024-10-20,0.000731
美国,攻击,华为,2024-10-20,0.000731
美国,攻击,华为,2024-10-20,0.000731
台积电,质疑,创新,2024-09-27,0.000726
麦肯锡公司,认为优秀,台积电,2024-09-05,0.000717
唐纳德·特朗普,攻击,苹果,2024-11-22,0.000717
算能科技,威胁,台积电,2024-10-28,0.000715
算能科技,威胁,台积电,2024-10-28,0.000715
美国,认为有成就,英特尔,2024-09-17,0.000714
美国,认为有成就,英特尔,2024-09-23,0.000714
美国,认为有成就,英特尔,2024-09-23,0.000714
黄仁勋,认为可靠,英伟达,2025-01-10,0.000712
黄仁勋,认为可靠,英伟达,2025-01-10,0.000712
黄仁勋,认为可靠,英伟达,2024-09-20,0.000712
黄仁勋,认为可靠,英伟达,2025-01-10,0.000712
黄仁勋,认为可靠,英伟达,2024-12-11,0.000712
黄仁勋,认为可靠,英伟达,2025-01-10,0.000712
黄仁勋,认为可靠,英伟达,2024-11-17,0.000712
黄仁勋,认为可靠,英伟达,2024-11-17,0.000712
台湾经济部门,相信,台积电,2024-11-11,0.000711
台积电,认为优秀,英特尔,2024-12-03,0.000704
当地立法者,认为热情,台积电,2024-11-12,0.000703
《经济日报》,增进,台积电,2024-11-17,0.000703
台积电,损害,中国客户,2024-11-09,0.000702
台积电,损害,中国客户,2024-11-09,0.000702
台积电,损害,中国客户,2024-11-09,0.000702
台积电,损害,中国客户,2024-11-09,0.000702
台湾经济部,认为违规,台积电,2024-11-09,0.000701
C.C. Wei,认为优秀,台积电,2024-10-23,0.000699
C.C. Wei,认为优秀,台积电,2024-10-31,0.000699
C.C. Wei,认为优秀,台积电,2024-10-31,0.000699
美国,担忧,高通,2024-09-22,0.000699
美国,担忧,高通,2024-09-22,0.000699
白宫,认为优秀,台积电,2024-11-14,0.000697
美国,认为有威胁,阿斯麦,2024-10-31,0.000693
布雷特·西蒙斯,增进,台积电,2025-01-13,0.000692
唐纳德·特朗普,认为缺乏,台湾,2024-12-03,0.000692
美国,质疑,《芯片法案》,2024-11-06,0.000687
美国,质疑,《芯片法案》,2024-11-14,0.000687
美国,质疑,《芯片法案》,2024-11-06,0.000687
特朗普,认为非法,美国,2024-07-18,0.000682
花旗集团,认为优秀,台积电,2024-08-28,0.000677
路透社,主导,英伟达,2024-11-17,0.000671
当地立法者,认为有威胁,台积电,2024-11-12,0.000671
卡玛拉·哈里斯,主导,美国,2024-07-30,0.000671
奈德·芬克尔,主导,拜登政府规则,2025-01-13,0.000670
哈什·库马尔,担忧,英伟达,2024-11-12,0.000670
美国,欢迎,黄仁勋,2025-01-16,0.000665
美国,欢迎,黄仁勋,2025-01-16,0.000665
美国,欢迎,黄仁勋,2025-01-16,0.000665
《亚洲尼基日报》,相信,台积电,2024-12-18,0.000664
荷兰,认可,美国,2024-12-02,0.000662
台积电,损害,非台湾或中国籍的员工,2024-11-13,0.000657
台积公司,担忧,美国,2024-11-13,0.000657
台积公司,担忧,美国,2024-11-13,0.000657
台积公司,担忧,美国,2024-11-13,0.000657
台积公司,担忧,美国,2024-11-13,0.000657
马克·扎克伯格,相信,微软,2024-10-26,0.000657
克里斯托夫·福科,认为有威胁,美国,2024-11-05,0.000656
特朗普,认可,美国,2024-11-09,0.000649
中国,主导,美国,2025-01-10,0.000648
扎克伯格,感谢,黄仁勋,2024-11-24,0.000646
扎克伯格,感谢,黄仁勋,2024-11-24,0.000646
扎克伯格,感谢,黄仁勋,2024-11-24,0.000646
扎克伯格,感谢,黄仁勋,2024-11-24,0.000646
克里斯托夫·福克特,担忧,美国,2024-11-13,0.000645
杰罗姆·鲍威尔,担忧,美联储,2024-11-17,0.000642
杰罗姆·鲍威尔,担忧,美联储,2024-11-17,0.000642
台积电,损害,数据中心,2024-09-27,0.000640
美国,认可,《芯片和科学法案》,2024-10-16,0.000636
美国,认可,《芯片和科学法案》,2024-10-16,0.000636
"路透社  
路透社",认可,台积电,2025-01-10,0.000632
吉娜·雷蒙多,认为有威胁,美国,2025-01-09,0.000629
丹·埃夫斯,担忧,英伟达,2024-11-24,0.000626
特朗普,质疑,美国,2024-11-10,0.000622
特朗普,质疑,美国,2024-07-18,0.000622
特朗普,质疑,美国,2024-11-14,0.000622
特朗普,质疑,美国,2024-11-05,0.000622
特朗普,质疑,美国,2024-11-05,0.000622
特朗普,质疑,美国,2024-11-15,0.000622
特朗普,质疑,美国,2024-11-15,0.000622
特朗普,质疑,美国,2024-11-05,0.000622
特朗普,质疑,美国,2024-11-05,0.000622
清水洋治,感到不满,美国,2024-08-26,0.000620
特朗普总统,认为有威胁,美国,2024-12-27,0.000617
唐纳德·特朗普,质疑,台湾,2024-12-03,0.000616
唐纳德·特朗普,质疑,台湾,2024-12-03,0.000616
唐纳德·特朗普,质疑,台湾,2024-07-29,0.000616
唐纳德·特朗普,质疑,台湾,2024-12-03,0.000616
唐纳德·特朗普,质疑,台湾,2024-12-03,0.000616
唐纳德·特朗普,质疑,台湾,2024-07-30,0.000616
唐纳德·特朗普,质疑,台湾,2024-11-06,0.000616
唐纳德·特朗普,质疑,台湾,2024-12-03,0.000616
唐纳德·特朗普,质疑,台湾,2024-11-05,0.000616
唐纳德·特朗普,质疑,台湾,2024-12-03,0.000616
唐纳德·特朗普,质疑,台湾,2024-11-05,0.000616
唐纳德·特朗普,质疑,台湾,2024-11-14,0.000616
唐纳德·特朗普,质疑,台湾,2024-11-07,0.000616
唐纳德·特朗普,质疑,台湾,2024-10-30,0.000616
唐纳德·特朗普,质疑,台湾,2024-11-13,0.000616
唐纳德·特朗普,质疑,台湾,2024-11-11,0.000616
唐纳德·特朗普,质疑,台湾,2024-11-15,0.000616
唐纳德·特朗普,质疑,台湾,2024-11-15,0.000616
唐纳德·特朗普,质疑,台湾,2024-11-15,0.000616
唐纳德·特朗普,质疑,台湾,2024-11-11,0.000616
唐纳德·特朗普,质疑,台湾,2024-12-02,0.000616
唐纳德·特朗普,质疑,台湾,2024-11-11,0.000616
巴克莱,认为优秀,台积电,2024-12-25,0.000612
基辛格）,增进,台积电,2024-11-29,0.000611
当地立法者,认为失败,台积电,2024-11-12,0.000610
吴成文,认为优秀,台积电,2024-11-28,0.000608
美国,支持,台积公司,2024-07-10,0.000608
美国,支持,台积公司,2024-11-09,0.000608
美国,支持,台积公司,2024-11-09,0.000608
美国,支持,台积公司,2024-11-09,0.000608
美国,支持,台积公司,2024-11-29,0.000608
美国,支持,台积公司,2024-11-29,0.000608
美国,支持,台积公司,2024-11-29,0.000608
美国,支持,台积公司,2024-11-29,0.000608
美国,支持,台积公司,2024-11-29,0.000608
美国,支持,台积公司,2024-11-29,0.000608
苹果投资者,认为恐怖,台积电,2024-10-23,0.000604
台湾,认为可靠,美台伙伴关系,2024-11-14,0.000601
摩根,认为优秀,台积电,2024-10-06,0.000599
中国芯片公司,感到满意,台积电,2024-11-11,0.000597
花旗集团,增进,台积电,2024-08-28,0.000596
美国,认为犯罪,拜登,2024-08-28,0.000595
美国,认为犯罪,拜登,2024-08-28,0.000595
特朗普,认为有威胁,美国,2024-07-18,0.000589
特朗普,认为有威胁,美国,2024-11-05,0.000589
特朗普,认为有威胁,美国,2024-11-05,0.000589
《商业韩国》,认可,台积电,2024-11-16,0.000588
特朗普,担忧,《芯片法案》,2024-11-07,0.000586
特朗普,担忧,《芯片法案》,2024-11-07,0.000586
特朗普,担忧,《芯片法案》,2024-11-10,0.000586
特朗普,担忧,《芯片法案》,2024-11-06,0.000586
特朗普,担忧,《芯片法案》,2024-11-07,0.000586
特朗普,担忧,《芯片法案》,2024-11-07,0.000586
特朗普,担忧,《芯片法案》,2024-11-15,0.000586
中国台湾事务办公室,认为优秀,美国,2024-11-11,0.000580
台湾,认为有威胁,中国,2024-11-07,0.000576
吉娜·雷蒙多,认可,美国,2024-10-02,0.000575
日本传媒,质疑,台积电,2024-10-28,0.000573
日本传媒,质疑,台积电,2024-10-28,0.000573
美国,认可,英特尔,2024-09-17,0.000572
美国,认可,英特尔,2024-09-17,0.000572
美国,认可,英特尔,2024-11-27,0.000572
美国,认可,英特尔,2024-11-27,0.000572
马斯克,相信,特斯拉,2024-06-04,0.000571
苹果投资者,认可,台积电,2024-10-23,0.000567
埃隆·马斯克,担忧,特斯拉,2024-11-14,0.000564
埃隆·马斯克,担忧,特斯拉,2024-06-03,0.000564
当地立法者,认为可靠,台积电,2024-11-12,0.000562
唐纳德·特朗普总统,攻击,台湾,2024-11-15,0.000561
唐纳德·特朗普总统,攻击,台湾,2024-11-15,0.000561
唐纳德·特朗普,担忧,美国,2024-07-17,0.000559
唐纳德·特朗普,担忧,美国,2024-07-18,0.000559
唐纳德·特朗普,担忧,美国,2024-11-15,0.000559
唐纳德·特朗普,担忧,美国,2024-11-13,0.000559
唐纳德·特朗普,担忧,美国,2024-10-30,0.000559
唐纳德·特朗普,担忧,美国,2024-11-13,0.000559
唐纳德·特朗普,担忧,美国,2024-11-13,0.000559
唐纳德·特朗普,主导,美联储,2025-01-10,0.000555
唐纳德·特朗普,主导,美联储,2025-01-10,0.000555
《自由时报》,认可,台积电,2024-11-09,0.000550
日本传媒,认为有危机,台积电,2024-10-28,0.000547
日本传媒,认为有危机,台积电,2024-10-28,0.000547
中央通讯社（CNA）,担忧,台积电,2024-11-03,0.000543
理查德·弗莱克斯,担忧,美联储,2025-01-15,0.000542
投资人,支持,台积电,2024-11-05,0.000538
新冠肺炎疫情,认可,台积电,2024-11-02,0.000538
唐纳德·特朗普,主导,《芯片和科学法案》,2024-11-06,0.000531
唐纳德·特朗普,主导,《芯片和科学法案》,2024-12-02,0.000531
唐纳德·特朗普,主导,《芯片和科学法案》,2024-11-06,0.000531
中国,认为热情,特朗普,2024-12-01,0.000529
imes,质疑,台积电,2024-12-11,0.000527
Russ Mould,认可,台积电,2025-01-10,0.000527
Harlan Sur,批评,台积电,2024-10-28,0.000525
美国,认可,Hindenburg,2024-09-26,0.000524
美国,欣赏,高通,2024-09-22,0.000521
《CHIPS法案》,威胁,台积电,2024-12-02,0.000519
台积电,相信,数据中心,2024-09-27,0.000515
拜登政府,主导,美国,2024-10-02,0.000514
拜登政府,主导,美国,2024-11-05,0.000514
埃隆·马斯克,认为可靠,中国,2024-12-27,0.000513
埃隆·马斯克,认为可靠,中国,2024-12-27,0.000513
美国,欢迎,唐纳德·特朗普总统,2025-01-15,0.000505
唐纳德·特朗普,欢迎,拜登,2024-06-03,0.000504
克里斯托夫·福克特,认为非法,美国,2024-11-13,0.000504
美国,主导,数据中心生态系统,2024-11-14,0.000503
美国,担忧,任天堂,2025-01-02,0.000503
吴部长,认为可靠,台积电,2024-11-28,0.000500
沙弗,担忧,英伟达,2024-11-14,0.000499
特朗普,认为失败,美国,2024-11-06,0.000498
日本传媒,威胁,台积电,2024-10-28,0.000496
日本传媒,威胁,台积电,2024-10-28,0.000496
高盛,认为失败,美国,2024-11-02,0.000495
高盛,认为失败,美国,2024-11-02,0.000495
特朗普,认为有威胁,日本,2024-11-12,0.000494
Adam Posen,认可,特朗普,2024-11-06,0.000493
Coatsworth,欣赏,台积电,2024-10-17,0.000493
唐纳德・特朗普,认为非法,美国,2024-10-30,0.000491
唐纳德·特朗普,欣赏,台湾,2024-12-03,0.000487
唐纳德·特朗普,欣赏,台湾,2024-12-03,0.000487
唐纳德·特朗普,欣赏,台湾,2024-12-03,0.000487
唐纳德·特朗普,欣赏,台湾,2024-12-03,0.000487
唐纳德·特朗普,欣赏,台湾,2024-12-03,0.000487
唐纳德·特朗普,欣赏,台湾,2024-12-03,0.000487
唐纳德·特朗普,欣赏,台湾,2024-12-02,0.000487
中国,喜欢,赖清德,2025-01-16,0.000485
美国,视作英雄,乔·拜登,2025-01-13,0.000484
美国,视作英雄,乔·拜登,2024-12-03,0.000484
AnandTech,质疑,台积电,2024-11-12,0.000484
英伟达,担忧,美国,2024-08-13,0.000483
当地立法者,感到满意,台积电,2024-11-12,0.000483
民主党,主导,《芯片法案》,2024-11-05,0.000482
美国,损害,博通,2024-06-05,0.000480
黄仁勋,相信,英伟达,2025-01-10,0.000479
黄仁勋,相信,英伟达,2025-01-10,0.000479
黄仁勋,相信,英伟达,2024-11-17,0.000479
路透社,感到不满,苹果,2024-10-27,0.000478
马可·鲁比奥,担忧,特朗普,2024-11-12,0.000477
卡马拉·哈里斯,感到不满,特朗普,2024-09-10,0.000476
当地立法者,认可,台积电,2024-11-12,0.000474
清水洋治,感到满意,美国,2024-08-26,0.000471
CNBC,认为非法,美国,2024-12-16,0.000469
唐纳德·特朗普,威胁,华为,2024-11-28,0.000469
中国,认为优秀,美国,2024-09-30,0.000468
中国,认为优秀,美国,2024-09-28,0.000468
中国,认为优秀,美国,2024-09-28,0.000468
美国,认为优秀,微软,2024-11-19,0.000468
美国,视作英雄,特朗普总统,2024-11-10,0.000468
美国,视作英雄,特朗普总统,2024-12-27,0.000468
唐纳德·特朗普,损害,台湾,2024-12-03,0.000467
唐纳德·特朗普,损害,台湾,2024-09-01,0.000467
唐纳德·特朗普,损害,台湾,2024-11-07,0.000467
唐纳德·特朗普,损害,台湾,2024-10-30,0.000467
唐纳德·特朗普,损害,台湾,2024-11-11,0.000467
唐纳德·特朗普,损害,台湾,2024-11-11,0.000467
唐纳德·特朗普,损害,台湾,2024-11-15,0.000467
唐纳德·特朗普,损害,台湾,2024-11-11,0.000467
美国,质疑,半导体,2024-10-23,0.000467
史蒂夫·洛赫,损害,特朗普,2024-12-01,0.000464
美国,担忧,台湾,2024-12-03,0.000463
美国,担忧,台湾,2024-12-03,0.000463
美国,担忧,台湾,2024-12-03,0.000463
美国,担忧,台湾,2024-10-30,0.000463
美国,认为违规,Alphabet,2024-10-22,0.000462
中国,认为缺乏,台湾,2025-01-14,0.000462
美国,支持,《芯片法案》,2024-10-29,0.000458
美国,支持,《芯片法案》,2024-10-29,0.000458
美国,支持,《芯片法案》,2024-10-29,0.000458
美国,支持,《芯片法案》,2024-10-29,0.000458
美国,支持,《芯片法案》,2024-09-20,0.000458
美国,支持,《芯片法案》,2024-12-29,0.000458
美国,支持,《芯片法案》,2024-11-26,0.000458
美国,支持,《芯片法案》,2024-12-03,0.000458
美国,支持,《芯片法案》,2024-09-20,0.000458
杰罗姆·鲍威尔,认可,美联储,2024-11-17,0.000458
杰罗姆·鲍威尔,认可,美联储,2024-11-17,0.000458
乔·拜登,主导,《芯片法案》,2024-11-14,0.000456
乔·拜登,主导,《芯片法案》,2024-11-19,0.000456
特朗普,损害,英伟达,2024-10-02,0.000454
美国,认可,SK海力士,2024-12-19,0.000454
吴部长,认可,台积电,2024-11-28,0.000453
Dan Ives,担忧,苹果,2024-10-23,0.000453
Dan Ives,担忧,苹果,2024-10-23,0.000453
乔·拜登,认为有威胁,美国,2024-12-03,0.000450
马可·鲁比奥,主导,美日联盟,2024-11-12,0.000449
马可·鲁比奥,主导,美日联盟,2024-11-12,0.000449
彼得·蒂尔,认可,特朗普,2024-11-18,0.000447
彼得·蒂尔,认可,特朗普,2024-11-18,0.000447
彼得·蒂尔,认可,特朗普,2024-11-18,0.000447
中央通讯社（CNA）,视作英雄,台积电,2024-11-03,0.000446
瑞克·卡斯迪,增进,台积电,2024-12-16,0.000446
美国,主导,半导体,2024-12-03,0.000445
美国,主导,半导体,2024-06-19,0.000445
美国,主导,半导体,2024-12-02,0.000445
日本传媒,认为有威胁,台积电,2024-10-28,0.000444
日本传媒,认为有威胁,台积电,2024-10-28,0.000444
美国,视作英雄,唐纳德·特朗普,2024-12-03,0.000444
美国,视作英雄,唐纳德·特朗普,2024-12-03,0.000444
美国,视作英雄,唐纳德·特朗普,2024-12-27,0.000444
美国,视作英雄,唐纳德·特朗普,2024-12-03,0.000444
美国,视作英雄,唐纳德·特朗普,2024-12-26,0.000444
美国,视作英雄,唐纳德·特朗普,2024-11-15,0.000444
美国,视作英雄,唐纳德·特朗普,2024-12-03,0.000444
美国,视作英雄,唐纳德·特朗普,2024-09-19,0.000444
美国,视作英雄,唐纳德·特朗普,2024-12-03,0.000444
美国,视作英雄,唐纳德·特朗普,2024-12-03,0.000444
美国,视作英雄,唐纳德·特朗普,2024-11-09,0.000444
美国,视作英雄,唐纳德·特朗普,2024-07-18,0.000444
美国,视作英雄,唐纳德·特朗普,2024-10-30,0.000444
美国,视作英雄,唐纳德·特朗普,2025-01-13,0.000444
美国,视作英雄,唐纳德·特朗普,2024-10-30,0.000444
美国,视作英雄,唐纳德·特朗普,2024-11-12,0.000444
美国,视作英雄,唐纳德·特朗普,2024-11-12,0.000444
美国,视作英雄,唐纳德·特朗普,2024-11-20,0.000444
美国,视作英雄,唐纳德·特朗普,2024-11-30,0.000444
美国,视作英雄,唐纳德·特朗普,2024-10-18,0.000444
中国,视作英雄,特朗普,2024-12-01,0.000443
谷歌,认为有威胁,华为,2024-10-31,0.000442
美国,支持,投资者,2024-10-24,0.000441
美国,支持,投资者,2024-10-24,0.000441
美国,支持,投资者,2024-10-24,0.000441
台积电,增进,半导体,2024-11-06,0.000439
台积电,增进,半导体,2024-10-19,0.000439
台积电,增进,半导体,2024-11-25,0.000439
台积电,增进,半导体,2024-10-19,0.000439
台积电,增进,半导体,2024-10-19,0.000439
台积电,增进,半导体,2024-10-19,0.000439
总统竞选胜利,损害,台积电,2024-11-12,0.000438
台湾经济部,相信,台积电,2024-11-09,0.000435
标普全球市场情报公司,损害,台积电,2024-11-10,0.000434
习近平,认为热情,美国,2024-11-29,0.000433
美国,威胁,Alphabet,2024-10-22,0.000432
美国,支持,阿斯麦,2024-10-31,0.000431
美国,支持,阿斯麦,2024-10-31,0.000431
美国,支持,阿斯麦,2024-10-31,0.000431
美国,支持,阿斯麦,2024-10-31,0.000431
英伟达,担忧,三星,2024-10-30,0.000431
《经济日报》,认为优秀,台积电,2024-11-10,0.000429
台积电,威胁,生产,2024-11-05,0.000428
美国,感到满意,《芯片法案》,2024-09-20,0.000428
谷歌,认可,亚马逊,2024-10-16,0.000427
唐纳德·特朗普总统,威胁,台湾,2024-11-15,0.000426
唐纳德·特朗普总统,威胁,台湾,2024-11-15,0.000426
唐纳德·特朗普总统,威胁,台湾,2024-11-15,0.000426
唐纳德·特朗普总统,威胁,台湾,2024-11-15,0.000426
唐纳德·特朗普总统,威胁,台湾,2024-11-15,0.000426
唐纳德·特朗普总统,威胁,台湾,2024-11-15,0.000426
Jim·塞默,担忧,苹果,2024-11-03,0.000426
美国,感到不满,谷歌,2024-09-06,0.000425
哈利·德恩,损害,英伟达,2024-09-16,0.000425
贝丝·肯迪格,担忧,英伟达,2024-09-04,0.000422
AI芯片,认为可靠,台积电,2024-11-07,0.000422
AI芯片,认为可靠,台积电,2024-11-07,0.000422
罗伯特·桑德斯,认为优秀,台积电,2025-01-16,0.000418
台积电,损害,苹果公,2024-10-22,0.000417
美国,主导,英特尔,2024-09-17,0.000417
唐纳德·特朗普,认为有威胁,美国,2024-12-26,0.000416
特朗普,认为犯罪,台湾,2024-11-05,0.000415
特朗普,认为犯罪,台湾,2024-11-13,0.000415
特朗普总统,质疑,美国,2024-11-10,0.000415
特朗普总统,质疑,美国,2024-11-10,0.000415
特朗普总统,质疑,美国,2024-11-10,0.000415
杰克·沙利文,支持,特朗普,2025-01-13,0.000413
华为技术公司,认为有成就,美国,2024-10-14,0.000413
摩根士丹利,主导,美国,2024-11-03,0.000412
蒂姆·库克,认可,苹果,2024-10-26,0.000411
蒂姆·库克,认可,苹果,2024-10-26,0.000411
美国,认为犯罪,英伟达,2024-09-28,0.000410
乔·拜登,认为有威胁,华为,2024-10-31,0.000407
中国,认为有威胁,赖清德,2025-01-16,0.000405
拜登总统,主导,美国,2024-10-02,0.000404
拜登总统,主导,美国,2024-11-25,0.000404
马斯克,欣赏,苹果,2024-11-16,0.000403
台湾,损害,半导体,2024-11-05,0.000401
台湾,损害,半导体,2025-01-07,0.000401
美国,损害,台湾企业,2024-11-11,0.000401
英特尔总裁,担忧,台积电,2024-11-29,0.000400
唐纳德·特朗普总统,主导,《芯片法案》,2024-11-12,0.000400
唐纳德·特朗普总统,主导,《芯片法案》,2024-11-12,0.000400
美国,担忧,半导体,2024-11-10,0.000400
乔·罗根,认为可靠,台湾,2024-12-25,0.000399
迈克·瓦尔茨,主导,美日联盟,2024-11-12,0.000398
贝索斯,认为可靠,美国,2024-11-09,0.000397
克里斯托夫·福奎特,认为可靠,美国,2024-11-13,0.000397
福奎,主导,彭博科技峰会,2024-10-31,0.000395
马斯克,喜欢,苹果,2024-11-16,0.000395
华盛顿,认为可靠,中国,2024-11-07,0.000395
清水洋治,认为有威胁,美国,2024-08-26,0.000395
特朗普,认为恐怖,台湾,2024-11-13,0.000392
娜特莉·奎廉,主导,美国,2024-11-25,0.000391
Dan Ives,相信,苹果,2024-10-23,0.000387
Coatsworth,认为可靠,台积电,2024-10-17,0.000387
花旗集团,认为有暴力,台积电,2024-08-28,0.000386
清水洋治,担忧,美国,2024-08-26,0.000386
微软,欢迎,亚马逊,2024-10-16,0.000385
杰罗姆·鲍威尔,感到不满,美联储,2024-11-17,0.000383
美国,损害,华为技术有限公司,2024-11-10,0.000382
德恩,担忧,英伟达,2024-09-16,0.000377
路透社,认可,苹果,2024-10-27,0.000376
7.4级地震,损害,台积电,2024-09-30,0.000372
imes,担忧,台积电,2024-12-11,0.000371
于伊齐,批评,台积电,2024-12-14,0.000370
蒂姆·库克,感谢,苹果,2024-10-26,0.000370
华纳参议员,认为有危机,台积电,2024-10-31,0.000369
中国,支持,台湾,2025-01-14,0.000369
Dan Ives,认为可靠,苹果,2024-10-23,0.000369
彼得·蒂尔,认为可靠,特朗普,2024-11-18,0.000369
中国,主导,半导体,2024-06-02,0.000367
谷歌,损害,英伟达,2024-11-13,0.000364
谷歌,损害,英伟达,2024-11-04,0.000364
谷歌,损害,英伟达,2024-11-04,0.000364
华为创始人,认为有威胁,美国,2024-10-31,0.000364
藤原忠弘,支持,台积电,2024-09-24,0.000363
唐纳德·特朗普,主导,半导体,2024-12-03,0.000363
黄仁勋,认为有威胁,英伟达,2025-01-10,0.000359
黄仁勋,认为有威胁,英伟达,2025-01-10,0.000359
黄仁勋,认为有威胁,英伟达,2024-11-17,0.000359
卡马拉·哈里斯,认为有威胁,台湾,2024-09-10,0.000359
台积电,增进,中国企业,2024-10-23,0.000359
算能科技,损害,台积电,2024-10-28,0.000358
算能科技,损害,台积电,2024-10-28,0.000358
美国,认为恐怖,拜登,2024-08-28,0.000355
美国,认为恐怖,拜登,2024-08-28,0.000355
克里斯托夫·福奎特,相信,美国,2024-11-13,0.000354
美国,支持,任天堂,2025-01-02,0.000354
杨金龙,担忧,美国,2024-11-13,0.000353
杨金龙,担忧,美国,2024-11-13,0.000353
杨金龙,担忧,美国,2024-11-13,0.000353
杨金龙,担忧,美国,2024-11-13,0.000353
杨金龙,担忧,美国,2024-11-13,0.000353
杨金龙,担忧,美国,2024-11-13,0.000353
唐纳德·特朗普,认为非法,美国,2024-10-30,0.000352
乔·罗根,主导,美国,2024-12-25,0.000352
马斯克,威胁,特斯拉,2024-06-04,0.000352
特朗普总统,主导,《芯片和科学法案》,2024-11-15,0.000351
苹果公司(AAPL),支持,台积电,2024-11-10,0.000351
乔·罗根,感到不满,特朗普,2024-11-05,0.000351
美国,感到满意,台积公司,2024-11-29,0.000350
彼得·蒂尔,认为有威胁,特朗普,2024-11-18,0.000350
台积电,担忧,数据中心,2024-09-27,0.000350
中国,质疑,半导体,2024-09-30,0.000349
Adam Posen,认为可靠,特朗普,2024-11-06,0.000349
美国,认为非法,Hindenburg,2024-09-26,0.000347
蒂姆·库克,相信,苹果,2024-10-26,0.000347
台积电,感到不满,数据中心,2024-09-27,0.000345
英伟达,感到不满,谷歌,2024-09-09,0.000344
华为,认为优秀,美国,2024-12-27,0.000340
特朗普政府,欢迎,英伟达,2024-12-29,0.000340
美联储官员,认为有暴力,台积电,2024-07-19,0.000338
美国,认为有暴力,苹果,2024-11-30,0.000338
黄仁勋,认可,英伟达,2025-01-10,0.000336
黄仁勋,认可,英伟达,2025-01-10,0.000336
黄仁勋,认可,英伟达,2025-01-10,0.000336
黄仁勋,认可,英伟达,2024-11-17,0.000336
黄仁勋,认可,英伟达,2024-11-17,0.000336
台湾,威胁,中国,2024-11-07,0.000335
路透社,感谢,英伟达,2024-11-17,0.000334
特朗普政府,欢迎,华为,2024-11-28,0.000334
杰夫·金,担忧,三星,2024-11-27,0.000333
《华尔街日报》,担忧,华为,2024-08-12,0.000332
美国,质疑,美国,2024-10-30,0.000332
埃隆·马斯克,感到不满,中国,2024-12-27,0.000332
埃隆·马斯克,感到不满,中国,2024-12-27,0.000332
埃隆·马斯克,感到不满,中国,2024-12-26,0.000332
亚当·普森,认为恐怖,特朗普,2024-11-06,0.000330
Coatsworth,认可,台积电,2024-10-17,0.000330
华为创始人,认为有成就,美国,2024-10-31,0.000328
华为创始人,认为有成就,美国,2024-10-31,0.000328
亚当·普森,认为优秀,特朗普,2024-11-06,0.000327
亚当·普森,认为优秀,特朗普,2024-11-06,0.000327
亚当·普森,认为优秀,特朗普,2024-11-06,0.000327
埃隆·马斯克,喜欢,苹果,2024-11-16,0.000326
特朗普,认为犯罪,美国,2024-11-15,0.000326
美国,批评,苹果,2024-11-30,0.000325
美国,认为可靠,台湾的贸易,2024-11-27,0.000325
清水洋治,相信,美国,2024-08-26,0.000324
亚当·波森,认为优秀,特朗普,2024-11-06,0.000323
亚当·波森,认为优秀,特朗普,2024-11-06,0.000323
亚当·波森,认为优秀,特朗普,2024-11-06,0.000323
台积电,喜欢,弹吉他,2024-08-17,0.000323
投资人,认为优秀,台积电,2024-11-05,0.000323
杰罗姆·鲍威尔,认为可靠,美联储,2024-11-17,0.000323
Adam Posen,担忧,特朗普,2024-11-06,0.000323
唐纳德·特朗普,攻击,华为,2024-11-28,0.000323
阿里巴巴,认为可靠,中国,2024-10-19,0.000321
唐纳德・特朗普,担忧,美国,2024-10-30,0.000321
唐纳德·特朗普,担忧,半导体,2024-12-25,0.000320
蒂姆·库克,担忧,苹果,2024-10-26,0.000318
台积电,认为违规,出口管制,2024-11-10,0.000318
台积电,认为违规,出口管制,2024-11-10,0.000318
哈什·库马尔,相信,英伟达,2024-11-12,0.000317
美国,喜欢,阿斯麦,2024-07-26,0.000315
美国,感到满意,《芯片和科学法案》,2024-09-18,0.000312
布莱恩·库茨,相信,英伟达,2024-11-12,0.000309
特朗普,认为有威胁,中国,2025-01-10,0.000307
特朗普,认为有威胁,中国,2024-07-18,0.000307
特朗普,认为有威胁,中国,2024-09-10,0.000307
特朗普,认为有威胁,中国,2024-11-29,0.000307
特朗普,认为有威胁,中国,2024-11-13,0.000307
美国,主导,美国,2024-12-03,0.000306
稀土矿物禁令,损害,台积电,2025-01-14,0.000305
Jim Cramer,感到不满,苹果,2024-11-03,0.000305
Jim Cramer,感到不满,苹果,2024-11-03,0.000305
Jim Cramer,感到不满,苹果,2024-11-03,0.000305
Nvidia,欢迎,特朗普,2024-12-25,0.000303
鲁比奥,主导,美日联盟,2024-11-12,0.000302
鲁比奥,主导,美日联盟,2024-11-12,0.000302
鲁比奥,主导,美日联盟,2024-11-12,0.000302
中国,攻击,台湾,2025-01-14,0.000302
华为创始人,相信,美国,2024-10-31,0.000302
日本传媒,相信,台积电,2024-10-28,0.000301
日本传媒,相信,台积电,2024-10-28,0.000301
台积电,主导,AI芯片,2024-12-12,0.000300
路透社,主导,博通,2024-09-03,0.000299
鲁比奥,担忧,特朗普,2024-11-12,0.000299
英特尔总裁,质疑,台积电,2024-11-29,0.000297
美国,视作英雄,拜登,2024-11-14,0.000297
美国,视作英雄,拜登,2025-01-09,0.000297
投资人,增进,台积电,2024-11-05,0.000297
埃隆·马斯克,认可,中国,2024-12-27,0.000296
帕特·盖尔辛格,担忧,美国,2024-06-03,0.000295
中国,感谢,TSMC芯片,2024-12-21,0.000293
唐纳德・特朗普,认为犯罪,美国,2024-10-30,0.000287
特朗普政府,担忧,华为,2024-10-31,0.000285
特朗普政府,担忧,华为,2024-11-28,0.000285
特朗普再次当选总统,主导,美国,2024-11-09,0.000285
美国,认为可靠,中国,2024-11-07,0.000285
美国,认为可靠,中国,2024-10-14,0.000285
美国,认为可靠,中国,2024-11-06,0.000285
当地立法者,批评,台积电,2024-11-12,0.000285
马斯克,认可,黄仁勋,2024-10-13,0.000284
马斯克,认可,黄仁勋,2024-10-13,0.000284
美国,质疑,英特尔,2024-09-17,0.000283
美国,质疑,英特尔,2024-11-25,0.000283
美国,质疑,英特尔,2024-11-27,0.000283
华为创始人,认可,美国,2024-10-31,0.000282
华为创始人,认可,美国,2024-10-31,0.000282
摩根大通,认为可靠,美国,2025-01-16,0.000281
中国,感谢,美国,2024-12-02,0.000280
克里斯托夫·福奎特,担忧,美国,2024-11-13,0.000279
Jim Cramer,认可,苹果,2024-11-03,0.000279
彼得·蒂尔,认为犯罪,特朗普,2024-11-18,0.000278
彼得·蒂尔,认为犯罪,特朗普,2024-11-18,0.000278
美国,担忧,英特尔,2024-11-03,0.000276
美国,担忧,英特尔,2024-11-25,0.000276
台积电,相信,多元化劳动力的价值,2024-11-13,0.000276
美国,认为有危机,台湾,2024-12-03,0.000275
美国,认为有危机,台湾,2024-10-30,0.000275
美国,支持,《芯片和科学法案》,2024-10-16,0.000275
美国,支持,《芯片和科学法案》,2024-10-16,0.000275
美国,支持,《芯片和科学法案》,2024-09-18,0.000275
美国,支持,《芯片和科学法案》,2025-01-03,0.000275
台湾经济部,批评,台积电,2024-11-09,0.000275
黄仁勋,威胁,英伟达,2025-01-10,0.000273
黄仁勋,威胁,英伟达,2025-01-10,0.000273
美国,认可,美国,2024-10-30,0.000273
美国,认为非法,半导体,2024-10-23,0.000273
美国,认为非法,半导体,2024-10-24,0.000273
投资者,认为有暴力,台积电,2024-09-24,0.000272
投资者,认为有暴力,台积电,2024-09-24,0.000272
投资者,认为有暴力,台积电,2024-11-29,0.000272
CNA,相信,台积电,2024-11-03,0.000272
习近平,认为有成就,美国,2024-11-29,0.000272
帕特·格尔辛格,担忧,美国,2024-12-03,0.000271
拜登,主导,《芯片和科学法案》,2024-11-06,0.000271
拜登,主导,《芯片和科学法案》,2024-11-15,0.000271
拜登,主导,《芯片和科学法案》,2024-09-10,0.000271
路透社,认为可靠,华为,2024-06-09,0.000271
台积电,认为可靠,数据中心,2024-09-27,0.000269
台积电,认为可靠,数据中心,2024-09-27,0.000269
埃里克·施密特,担忧,英伟达,2024-08-14,0.000269
美国,认可,中国,2024-11-06,0.000268
拜登政府,认可,苹果,2024-11-16,0.000268
美国,认为恐怖,Alphabet,2024-10-22,0.000267
《台北时报》,担忧,特朗普,2024-11-12,0.000267
《台北时报》,担忧,特朗普,2024-11-12,0.000267
中央通讯社（CNA）,威胁,台积电,2024-11-03,0.000265
唐纳德·特朗普,损害,华为,2024-11-28,0.000264
布莱克韦尔,增进,台积电,2024-11-20,0.000262
亚当·波森,认为热情,特朗普,2024-11-06,0.000262
中国,威胁,赖清德,2025-01-16,0.000261
美国,损害,英特尔,2024-09-17,0.000261
美国,损害,英特尔,2024-12-03,0.000261
美国,损害,英特尔,2024-10-27,0.000261
美国,损害,英特尔,2024-09-23,0.000261
美国,损害,英特尔,2024-11-27,0.000261
美国,认为失败,半导体,2024-10-15,0.000260
吉娜·雷蒙多,威胁,美国,2025-01-09,0.000258
德·特朗普,感到不满,台湾,2024-12-03,0.000257
孟买,主导,英伟达,2024-10-23,0.000257
孟买,主导,英伟达,2024-10-26,0.000257
路透社,质疑,苹果,2024-10-27,0.000257
美国,损害,阿斯麦,2025-01-08,0.000256
美国,损害,阿斯麦,2025-01-08,0.000256
美国,损害,阿斯麦,2024-10-31,0.000256
唐永年,批评,台积电,2024-11-12,0.000256
詹森·霍尔,认为可靠,三星,2025-01-10,0.000253
中央通讯社（CNA）,喜欢,台积电,2024-11-03,0.000253
卢克·拉巴里,主导,英伟达,2024-08-27,0.000252
哈什·库马尔,认可,英伟达,2024-11-12,0.000252
唐纳德·特朗普总统,质疑,美国,2024-11-15,0.000252
唐纳德·特朗普总统,质疑,美国,2024-11-15,0.000252
唐纳德·特朗普总统,质疑,美国,2024-11-15,0.000252
唐纳德·特朗普总统,质疑,美国,2024-11-15,0.000252
唐纳德·特朗普总统,质疑,美国,2024-11-15,0.000252
马克·扎克伯格,质疑,微软,2024-10-26,0.000251
特朗普,攻击,乔·拜登,2024-11-05,0.000250
阿里巴巴,威胁,美国,2024-10-26,0.000249
彭博社,认为有成就,英伟达,2024-11-17,0.000247
中国,认为非法,半导体,2024-09-02,0.000245
中国,认为非法,半导体,2024-09-26,0.000245
德·特朗普,担忧,台湾,2024-12-03,0.000244
唐纳德·特朗普,认可,美国,2024-12-03,0.000244
唐纳德·特朗普,认可,美国,2024-11-15,0.000244
唐纳德·特朗普,认可,美国,2024-10-30,0.000244
华纳参议员,认为有威胁,台积电,2024-10-31,0.000243
Jim Cramer,认为有威胁,苹果,2024-11-03,0.000243
Jim Cramer,认为有威胁,苹果,2024-11-03,0.000243
Jim Cramer,认为有威胁,苹果,2024-11-03,0.000243
美国,感到不满,英特尔,2024-09-17,0.000242
美国,感到不满,英特尔,2024-11-27,0.000242
莫瑞斯·昌,增进,台积电,2024-06-03,0.000242
克里斯托夫·福凯,感到不满,阿斯麦,2024-10-31,0.000238
史蒂夫·洛赫,感到不满,特朗普,2024-12-01,0.000238
盖尔辛格,认为有威胁,谷歌,2024-10-29,0.000237
美国,认为违规,Meta,2024-11-25,0.000237
华盛顿,质疑,北京,2024-11-20,0.000236
路透社,感到不满,三星,2024-08-27,0.000236
路透社,感到不满,三星,2024-10-06,0.000236
路透社,感到不满,三星,2024-10-06,0.000236
路透社,感到不满,三星,2024-08-27,0.000236
唐纳德·特朗普,质疑,美国,2024-07-18,0.000235
唐纳德·特朗普,质疑,美国,2024-12-03,0.000235
唐纳德·特朗普,质疑,美国,2024-11-14,0.000235
唐纳德·特朗普,质疑,美国,2024-11-15,0.000235
唐纳德·特朗普,质疑,美国,2024-10-30,0.000235
唐纳德·特朗普,质疑,美国,2024-11-05,0.000235
唐纳德·特朗普,质疑,美国,2024-11-05,0.000235
台积电,支持,创新,2024-09-27,0.000234
台积电,支持,创新,2024-09-27,0.000234
台积电,支持,创新,2024-09-27,0.000234
中国政府,主导,美国,2025-01-10,0.000233
瑞克·卡斯迪,认为优秀,台积电,2024-12-16,0.000231
乔·罗根,认为非法,美国,2024-12-25,0.000231
摩根大通,担忧,英伟达,2024-10-23,0.000230
摩根大通,担忧,英伟达,2024-12-28,0.000230
美国,感到满意,谷歌,2024-09-06,0.000229
埃隆·马斯克,支持,美国,2024-11-15,0.000227
埃隆·马斯克,支持,美国,2024-11-15,0.000227
埃隆·马斯克,支持,美国,2024-11-15,0.000227
埃隆·马斯克,支持,美国,2024-11-15,0.000227
美国,损害,高通,2024-09-22,0.000225
国政府,支持,台积电,2024-11-25,0.000225
乌克,感到满意,台积电,2024-09-17,0.000225
亚当·波森,支持,特朗普,2024-11-06,0.000224
亚当·波森,支持,特朗普,2024-11-06,0.000224
布劳登曼,相信,特朗普,2024-11-15,0.000224
美国,感到满意,任天堂,2025-01-02,0.000223
谷歌,主导,第9巡回上诉法院,2024-10-19,0.000223
台积公司,认为失败,美国,2024-11-13,0.000222
苹果,损害,三星,2024-08-30,0.000221
苹果,损害,三星,2024-08-30,0.000221
特朗普政府,担忧,英伟达,2024-11-19,0.000219
美国,认为优秀,东京电子,2024-12-16,0.000219
美国,担忧,台湾积电,2024-10-27,0.000219
拜登-哈里斯政府,主导,美国,2024-10-15,0.000217
拜登-哈里斯政府,主导,美国,2024-10-15,0.000217
特朗普,主导,《芯片法》,2024-11-07,0.000216
台湾公司,主导,美国,2024-11-15,0.000215
特朗普,主导,《芯片与科学法案》,2024-11-05,0.000215
特朗普,主导,《芯片与科学法案》,2024-11-05,0.000215
特朗普,增进,美国,2024-11-09,0.000215
特朗普,增进,美国,2024-11-09,0.000215
特朗普,增进,美国,2024-11-09,0.000215
特朗普,增进,美国,2024-11-06,0.000215
特朗普,增进,美国,2024-11-15,0.000215
乔·拜登总统,主导,《芯片法案》,2024-11-15,0.000215
花旗集团,相信,美国,2025-01-16,0.000213
特朗普政府,主导,《芯片法案》,2024-11-06,0.000213
美国,支持,台湾,2024-07-17,0.000213
美国,支持,台湾,2024-11-07,0.000213
台湾经济部门,认可,台积电,2024-11-11,0.000212
霍尔,主导,英伟达,2024-10-26,0.000212
陈俊哲,主导,台积公司,2024-10-27,0.000212
哈什·库马尔,认为有威胁,英伟达,2024-11-12,0.000211
美国,攻击,Alphabet,2024-12-25,0.000210
美国,攻击,Alphabet,2024-12-25,0.000210
美国,攻击,Alphabet,2024-10-22,0.000210
美国,担忧,英伟,2024-08-14,0.000207
台积电,增进,中美关系,2024-11-12,0.000207
当地立法者,认为犯罪,台积电,2024-11-12,0.000207
美国,威胁,高通,2024-09-22,0.000207
唐纳德·特朗普,认为失败,美国,2024-11-15,0.000206
唐纳德·特朗普,认为失败,美国,2024-11-15,0.000206
唐纳德·特朗普,认为失败,美国,2024-11-06,0.000206
唐纳德·特朗普,认为失败,美国,2024-11-14,0.000206
唐纳德·特朗普,认为失败,美国,2024-07-27,0.000206
唐纳德·特朗普,认为失败,美国,2024-10-30,0.000206
唐纳德·特朗普,认为失败,美国,2024-11-15,0.000206
唐纳德·特朗普,认为失败,美国,2024-12-02,0.000206
唐纳德·特朗普,认为失败,美国,2024-11-15,0.000206
唐纳德·特朗普,认为犯罪,美国,2024-11-15,0.000205
唐纳德·特朗普,认为犯罪,美国,2024-10-30,0.000205
唐纳德·特朗普,认为犯罪,美国,2024-11-15,0.000205
唐纳德·特朗普,认为犯罪,美国,2024-11-15,0.000205
唐纳德·特朗普,认为犯罪,美国,2024-11-15,0.000205
杰罗姆·鲍威尔,认为有威胁,美联储,2024-11-17,0.000204
夏威夷,认为可靠,台湾,2024-12-02,0.000203
台积电,认为失败,AI芯片,2024-10-02,0.000202
马斯克,认为有威胁,特斯拉,2024-06-03,0.000202
马斯克,认为有威胁,特斯拉,2024-06-03,0.000202
马斯克,认为有威胁,特斯拉,2024-06-03,0.000202
马斯克,认为有威胁,特斯拉,2024-06-03,0.000202
马斯克,认为有威胁,特斯拉,2024-06-04,0.000202
吉娜·雷蒙多,支持,美国,2024-10-02,0.000201
特朗普总统,攻击,美国,2024-11-10,0.000199
特朗普总统,攻击,美国,2024-12-27,0.000199
民主党,担忧,华盛顿,2024-10-30,0.000197
库克,认可,苹果,2024-10-26,0.000197
摩根大通,认可,美国,2025-01-16,0.000197
台湾经济部,认为可靠,台积电,2024-11-09,0.000196
唐纳德·特朗普总统,认为失败,美国,2024-11-15,0.000192
里克·沙弗,认可,英伟达,2024-11-14,0.000192
欧盟,主导,《芯片法案》,2024-12-11,0.000191
欧盟,主导,《芯片法案》,2024-12-27,0.000191
欧盟,主导,《芯片法案》,2024-12-26,0.000191
美国,相信,台湾积电,2024-10-27,0.000191
特朗普,认为有成就,英伟达,2024-08-06,0.000190
唐纳德·特朗普,认为犯罪,台湾,2024-12-03,0.000189
唐纳德·特朗普,认为犯罪,台湾,2024-12-03,0.000189
唐纳德·特朗普,认为犯罪,台湾,2024-12-03,0.000189
唐纳德·特朗普,认为犯罪,台湾,2024-12-03,0.000189
唐纳德·特朗普,认为犯罪,台湾,2024-11-06,0.000189
唐纳德·特朗普,认为犯罪,台湾,2024-12-03,0.000189
唐纳德·特朗普,认为犯罪,台湾,2024-12-03,0.000189
唐纳德·特朗普,认为犯罪,台湾,2024-11-14,0.000189
唐纳德·特朗普,认为犯罪,台湾,2024-11-15,0.000189
唐纳德·特朗普,认为犯罪,台湾,2024-11-15,0.000189
唐纳德·特朗普,认为犯罪,台湾,2024-11-15,0.000189
乔·罗根,主导,《芯片法案》,2024-11-06,0.000188
乔·罗根,主导,《芯片法案》,2024-11-06,0.000188
乔·罗根,主导,《芯片法案》,2024-11-06,0.000188
乔·罗根,主导,《芯片法案》,2024-11-15,0.000188
唐纳德·特朗普,支持,美国,2024-12-03,0.000188
唐纳德·特朗普,支持,美国,2024-07-27,0.000188
唐纳德·特朗普,支持,美国,2024-10-30,0.000188
哈什·库马尔,威胁,英伟达,2024-11-12,0.000188
清水洋治,质疑,美国,2024-08-26,0.000187
Jim·塞默,感到不满,苹果,2024-11-03,0.000187
扎克伯格,认为有成就,黄仁勋,2024-11-24,0.000187
扎克伯格,认为有成就,黄仁勋,2024-11-24,0.000187
扎克伯格,认为有成就,黄仁勋,2024-11-24,0.000187
扎克伯格,认为有成就,黄仁勋,2024-11-24,0.000187
扎克伯格,认为有成就,黄仁勋,2024-11-24,0.000187
扎克伯格,认为有成就,黄仁勋,2024-11-24,0.000187
扎克伯格,认为有成就,黄仁勋,2024-11-24,0.000187
内地网民,认为可靠,台积电,2024-10-20,0.000187
路透社,担忧,苹果,2024-10-27,0.000187
拜登政府,认可,美国,2024-10-02,0.000186
台积公司(TSMC),担忧,美国,2024-11-13,0.000186
台积公司(TSMC),担忧,美国,2024-11-13,0.000186
台积公司(TSMC),担忧,美国,2024-11-13,0.000186
民主党,认为有威胁,美国,2024-10-31,0.000186
克里斯托夫·福凯,认可,美国,2024-11-13,0.000186
美国,认为有暴力,拜登,2024-08-28,0.000186
美国,认为有暴力,拜登,2024-08-28,0.000186
摩根士丹利,欢迎,英伟达,2024-10-13,0.000185
中国芯片公司,认为优秀,台积电,2024-11-11,0.000185
俄罗斯总统,主导,马斯克,2024-10-26,0.000184
克里斯托夫·福凯,质疑,美国,2024-11-13,0.000184
埃迪松·李,质疑,特朗普,2024-11-15,0.000184
美国,相信,Hindenburg,2024-09-26,0.000183
美国,认为有威胁,台湾,2024-12-03,0.000181
美国,认为有威胁,台湾,2024-12-03,0.000181
美国,认为有威胁,台湾,2024-12-03,0.000181
美国,认为有威胁,台湾,2024-12-03,0.000181
美国,认为有威胁,台湾,2024-10-30,0.000181
美国,认为有威胁,台湾,2024-09-10,0.000181
美国,认为有威胁,台湾,2024-11-15,0.000181
美国,认为有威胁,台湾,2024-11-15,0.000181
美国,认为有威胁,台湾,2024-11-15,0.000181
美国,认为有威胁,台湾,2024-11-15,0.000181
《自由时报》,支持,台积电,2024-11-09,0.000181
美国,喜欢,英特尔,2024-10-17,0.000181
美国,喜欢,英特尔,2024-10-17,0.000181
美国,喜欢,英特尔,2024-10-17,0.000181
美国,喜欢,英特尔,2024-10-17,0.000181
美国,喜欢,英特尔,2024-10-17,0.000181
特朗普,攻击,中国,2024-11-07,0.000181
特朗普,攻击,中国,2024-11-27,0.000181
特朗普,攻击,中国,2024-11-27,0.000181
乔·拜登,认为有威胁,中国,2024-10-01,0.000181
乔·拜登,认为有威胁,中国,2024-10-01,0.000181
乔·拜登,认为有威胁,中国,2025-01-13,0.000181
台积公司,支持,美国,2024-11-13,0.000180
克里斯托夫·福奎特,质疑,美国,2024-11-13,0.000180
特朗普,感到不满,《芯片法案》,2024-11-15,0.000180
美国,损害,台湾积电,2024-10-27,0.000179
市场研究公司IDC,质疑,台积电,2024-12-28,0.000179
美国,认为有威胁,高通,2024-09-22,0.000179
蒂姆·库克,欢迎,苹果,2024-10-26,0.000178
唐纳德·特朗普,攻击,美国,2024-12-26,0.000177
唐纳德·特朗普,攻击,美国,2024-11-15,0.000177
皮特森国际经济研究所,担忧,特朗普,2024-11-06,0.000177
帕特·盖尔辛格,质疑,苹果,2024-11-02,0.000176
摩根士丹利,担忧,英伟达,2024-12-28,0.000174
摩根士丹利,担忧,英伟达,2024-10-23,0.000174
摩根士丹利,担忧,英伟达,2024-10-23,0.000174
摩根士丹利,担忧,英伟达,2024-10-23,0.000174
摩根士丹利,担忧,英伟达,2024-11-13,0.000174
唐纳德·特朗普,损害,英伟达,2024-12-11,0.000174
台积电,主导,OpenAI,2024-10-28,0.000173
美国,认为有威胁,特朗普政府,2024-11-08,0.000173
美国,认为有威胁,特朗普政府,2024-11-08,0.000173
台积电,认为有威胁,巴伦周刊,2024-09-21,0.000172
克里斯托夫·福克特,认为恐怖,美国,2024-11-13,0.000172
唐纳德·特朗普,认为违规,台湾,2024-12-03,0.000172
唐纳德·特朗普,认为违规,台湾,2024-12-03,0.000172
唐纳德·特朗普,认为违规,台湾,2024-07-29,0.000172
唐纳德·特朗普,认为违规,台湾,2024-12-03,0.000172
唐纳德·特朗普,认为违规,台湾,2024-12-03,0.000172
唐纳德·特朗普,认为违规,台湾,2024-07-30,0.000172
唐纳德·特朗普,认为违规,台湾,2024-11-06,0.000172
唐纳德·特朗普,认为违规,台湾,2024-12-03,0.000172
唐纳德·特朗普,认为违规,台湾,2024-11-05,0.000172
唐纳德·特朗普,认为违规,台湾,2024-12-03,0.000172
唐纳德·特朗普,认为违规,台湾,2024-11-11,0.000172
唐纳德·特朗普,认为违规,台湾,2024-11-15,0.000172
唐纳德·特朗普,认为违规,台湾,2024-11-15,0.000172
唐纳德·特朗普,认为违规,台湾,2024-11-15,0.000172
唐纳德·特朗普,认为违规,台湾,2024-11-15,0.000172
唐纳德·特朗普,认为违规,台湾,2024-11-11,0.000172
唐纳德·特朗普,认为违规,台湾,2024-12-02,0.000172
唐纳德·特朗普,认为违规,台湾,2024-11-11,0.000172
苹果投资者,认为有成就,台积电,2024-10-23,0.000171
美国,增进,《芯片法案》,2024-10-29,0.000170
美国,增进,《芯片法案》,2024-11-26,0.000170
美国,增进,《芯片法案》,2024-09-20,0.000170
苹果,威胁,英伟达,2024-09-09,0.000170
加利福尼亚州,支持,苹果,2024-10-19,0.000170
科尔莱特·克雷斯,欢迎,英伟达,2024-09-04,0.000170
特朗普,担忧,马来西亚沙捞越,2024-12-27,0.000169
特朗普,担忧,马来西亚沙捞越,2024-12-27,0.000169
彼得·蒂尔,感到不满,特朗普,2024-11-18,0.000169
彼得·蒂尔,感到不满,特朗普,2024-11-18,0.000169
彼得·蒂尔,感到不满,特朗普,2024-11-18,0.000169
黄仁勋,认为优秀,华为,2024-06-09,0.000168
杰罗姆·鲍威尔,相信,美联储,2024-11-17,0.000168
杰罗姆·鲍威尔,相信,美联储,2024-11-17,0.000168
路透社,感到不满,英伟达,2024-11-17,0.000168
中央通讯社（CNA）,相信,台积电,2024-11-03,0.000168
苹果投资者,感到满意,台积电,2024-10-23,0.000167
中国芯片公司,认为缺乏,台积电,2024-11-11,0.000167
美国,认为违规,阿斯麦,2024-10-31,0.000167
美国,认为违规,阿斯麦,2024-10-31,0.000167
泰德·克鲁兹,质疑,拜登,2025-01-13,0.000167
美国,认为非法,美国,2024-10-30,0.000166
克里斯托夫·福凯,认为有威胁,美国,2024-11-13,0.000166
克里斯托夫·福凯,认为有威胁,美国,2024-10-31,0.000166
克里斯托夫·福凯,认为有威胁,美国,2024-10-31,0.000166
克里斯托夫·福凯,认为有威胁,美国,2024-10-31,0.000166
美国,认可,ASML,2024-06-02,0.000165
美国,相信,英伟,2024-08-14,0.000165
华为技术公司,认为可靠,美国,2024-10-14,0.000163
福凯,主导,彭博科技峰会,2024-10-31,0.000163
福凯,主导,彭博科技峰会,2024-10-31,0.000163
彼得·蒂尔,质疑,特朗普,2024-11-18,0.000162
彼得·蒂尔,质疑,特朗普,2024-11-18,0.000162
彼得·蒂尔,质疑,特朗普,2024-11-18,0.000162
唐纳德·特朗,认为有威胁,台湾,2024-12-03,0.000161
唐纳德·特朗,认为有威胁,台湾,2024-12-03,0.000161
唐纳德·特朗,认为有威胁,台湾,2024-12-03,0.000161
俄罗斯,欢迎,埃隆·马斯克,2024-10-26,0.000161
约翰·内弗,损害,美国,2025-01-14,0.000161
约翰·内弗,损害,美国,2025-01-14,0.000161
乔瑟夫·莫尔,担忧,英伟达,2024-09-28,0.000161
台积公司,损害,美国,2024-10-30,0.000160
台积电,认为有威胁,网络攻击,2024-10-23,0.000160
美国,认为优秀,高通,2024-09-22,0.000160
克里斯托夫·福克特,认为有威胁,美国,2024-11-13,0.000159
美国,损害,台湾,2024-11-27,0.000158
美国,损害,台湾,2024-10-30,0.000158
美国,损害,台湾,2024-11-16,0.000158
美国,损害,台湾,2024-11-12,0.000158
特朗普政府,认为非法,美国,2024-11-10,0.000157
特朗普政府,认为非法,美国,2024-11-10,0.000157
特朗普政府,认为非法,美国,2024-11-18,0.000157
美国,支持,谷歌,2024-09-06,0.000157
内德·芬克尔,感到不满,英伟达,2025-01-13,0.000157
美国,认为优秀,任天堂,2025-01-02,0.000156
商务部,认为优秀,台积电,2025-01-10,0.000156
泰德·克鲁兹,感到不满,拜登,2025-01-13,0.000156
路透社,担忧,华为,2024-10-27,0.000156
路透社,担忧,华为,2024-06-09,0.000156
路透社,担忧,华为,2024-10-21,0.000156
派珀·萨兰德,视作英雄,哈什·库马尔,2024-11-12,0.000156
杰西·利文森,认为可靠,特斯拉,2024-11-01,0.000156
唐纳德·特朗,质疑,台湾,2024-12-03,0.000155
克里斯托夫·福凯,认为有危机,美国,2024-11-13,0.000155
克里斯托夫·福凯,认为有危机,美国,2024-10-31,0.000155
克里斯托夫·福凯,认为有危机,美国,2024-10-31,0.000155
克里斯托夫·福凯,认为有危机,美国,2024-10-31,0.000155
克里斯托夫·福奎,认为有威胁,美国,2024-10-31,0.000155
拉巴里,主导,英伟达,2024-08-27,0.000155
埃隆·马斯克,认为失败,美国,2024-11-15,0.000155
埃隆·马斯克,认为失败,美国,2024-11-15,0.000155
埃隆·马斯克,认为失败,美国,2024-11-15,0.000155
彼得·蒂尔,认为恐怖,特朗普,2024-11-18,0.000155
彼得·蒂尔,认为恐怖,特朗普,2024-11-18,0.000155
彼得·蒂尔,认为恐怖,特朗普,2024-11-18,0.000155
莫瑞斯·昌,支持,台积电,2024-06-03,0.000154
亚当·波森,认为失败,特朗普,2024-11-06,0.000154
亚当·波森,认为失败,特朗普,2024-11-06,0.000154
路透社,欢迎,三星,2024-08-27,0.000154
唐纳德·特朗普总统,质疑,台湾,2024-11-05,0.000153
唐纳德·特朗普总统,质疑,台湾,2024-11-15,0.000153
唐纳德·特朗普总统,质疑,台湾,2024-11-15,0.000153
唐纳德·特朗普总统,质疑,台湾,2024-11-15,0.000153
詹森·霍尔,感到不满,三星,2025-01-10,0.000153
唐纳德·特朗普总统,认可,美国,2024-11-15,0.000153
唐纳德·特朗普总统,认可,美国,2024-11-15,0.000153
路透社,威胁,苹果,2024-10-27,0.000152
市场研究公司IDC,担忧,台积电,2024-12-28,0.000152
算能科技,认可,台积电,2024-10-28,0.000152
算能科技,认可,台积电,2024-10-28,0.000152
美国,认可,英伟,2024-08-14,0.000152
美国,认为优秀,中国,2024-08-26,0.000151
唐纳德·特朗普,欣赏,美国,2024-12-03,0.000151
唐纳德·特朗普,欣赏,美国,2024-11-15,0.000151
唐纳德·特朗普,欣赏,美国,2024-10-30,0.000151
迈克·瓦尔茨,质疑,台湾,2024-11-12,0.000151
联邦政府,喜欢,美国,2024-09-17,0.000151
联邦政府,喜欢,美国,2024-09-17,0.000151
联邦政府,喜欢,美国,2024-09-17,0.000151
Needham,认为可靠,苹果,2024-11-07,0.000150
Adam Posen,相信,特朗普,2024-11-06,0.000150
英特尔CEO最近离职,认为有威胁,台积电,2024-12-09,0.000150
皮特森国际经济研究所,相信,特朗普,2024-11-06,0.000150
中国,认为违规,赖清德,2025-01-16,0.000149
台积电,担忧,特朗普批评《芯片法》,2024-11-07,0.000149
投资者,欢迎,苹果,2024-09-05,0.000149
美国,攻击,台积公司,2024-07-10,0.000148
Dan Ives,认可,苹果,2024-10-23,0.000148
唐纳德·特朗普,认为有危机,台湾,2024-12-03,0.000148
唐纳德·特朗普,认为有危机,台湾,2024-12-03,0.000148
唐纳德·特朗普,认为有危机,台湾,2024-07-29,0.000148
唐纳德·特朗普,认为有危机,台湾,2024-12-03,0.000148
唐纳德·特朗普,认为有危机,台湾,2024-12-03,0.000148
唐纳德·特朗普,认为有危机,台湾,2024-12-03,0.000148
唐纳德·特朗普,认为有危机,台湾,2024-07-30,0.000148
唐纳德·特朗普,认为有危机,台湾,2024-12-03,0.000148
唐纳德·特朗普,认为有危机,台湾,2024-12-03,0.000148
唐纳德·特朗普,认为有危机,台湾,2024-10-30,0.000148
唐纳德·特朗普,认为有危机,台湾,2024-11-15,0.000148
唐纳德·特朗普,认为有危机,台湾,2024-11-15,0.000148
唐纳德·特朗普,认为有危机,台湾,2024-11-15,0.000148
唐纳德·特朗普,认为有危机,台湾,2024-11-15,0.000148
唐纳德·特朗普,认为有危机,台湾,2024-11-15,0.000148
唐纳德·特朗普,认为有危机,台湾,2024-12-02,0.000148
CNBC,相信,华为,2024-09-16,0.000148
帕特·盖尔辛格,认可,美国,2024-10-02,0.000147
英特尔总裁,威胁,台积电,2024-11-29,0.000147
乔·罗根,认可,美国,2024-12-25,0.000147
《金融时报》,担忧,华为,2024-10-22,0.000147
黄仁勋,认为有成就,英伟达,2025-01-10,0.000147
黄仁勋,认为有成就,英伟达,2025-01-10,0.000147
黄仁勋,认为有成就,英伟达,2024-09-20,0.000147
黄仁勋,认为有成就,英伟达,2024-09-20,0.000147
黄仁勋,认为有成就,英伟达,2024-09-18,0.000147
黄仁勋,认为有成就,英伟达,2024-11-21,0.000147
黄仁勋,认为有成就,英伟达,2024-11-17,0.000147
黄仁勋,认为有成就,英伟达,2024-10-19,0.000147
黄仁勋,认为有成就,英伟达,2024-11-17,0.000147
黄仁勋,认为有成就,英伟达,2024-08-06,0.000147
丹·艾维斯,损害,苹果,2025-01-10,0.000146
杰西·利文森,担忧,特斯拉,2024-11-01,0.000146
《纽约时报》,质疑,英伟达,2024-09-10,0.000146
唐纳德·特朗普总统,损害,台湾,2024-11-15,0.000146
唐纳德·特朗普总统,损害,台湾,2024-11-11,0.000146
黄伟森,主导,英伟达,2024-11-11,0.000146
AnandTech,批评,台积电,2024-11-12,0.000145
克里斯托夫·福凯,认为非法,美国,2024-11-13,0.000145
克里斯托夫·福凯,认为非法,美国,2024-10-31,0.000145
杨金龙,认为有威胁,美国,2024-11-13,0.000145
杨金龙,认为有威胁,美国,2024-11-13,0.000145
唐纳德・特朗普,认为有威胁,台湾,2024-10-30,0.000145
特朗普,认为可靠,马来西亚沙捞越,2024-12-27,0.000144
特朗普,认为有暴力,美国,2024-07-18,0.000143
中央通讯社（CNA）,批评,台积电,2024-11-03,0.000143
中国,主导,AI芯片,2024-09-16,0.000142
沙弗,认为可靠,英伟达,2024-11-14,0.000142
英伟达,担忧,英伟达,2024-11-24,0.000142
唐纳德·特朗,认为失败,台湾,2024-12-03,0.000141
路透社,欢迎,华为,2024-10-21,0.000141
Jim·塞默,认为有威胁,苹果,2024-11-03,0.000140
美国,欣赏,英特尔,2024-10-17,0.000140
美国,欣赏,英特尔,2024-10-17,0.000140
美国,欣赏,英特尔,2024-10-17,0.000140
美国,欣赏,英特尔,2024-10-17,0.000140
台积电,支持,NXP,2024-06-04,0.000139
台积电,支持,NXP,2024-06-04,0.000139
唐纳德·特朗普,质疑,华为,2024-11-28,0.000139
英伟达,威胁,美国,2025-01-13,0.000138
美国,认为违规,《芯片法案》,2024-09-20,0.000138
美国,认为违规,《芯片法案》,2024-09-20,0.000138
美国,担忧,美国,2024-10-30,0.000138
特朗普政府,感到不满,英伟达,2024-11-19,0.000137
台积电,感到满意,SK海力士,2024-11-03,0.000137
特朗普,质疑,拜登,2024-07-16,0.000137
高通收购英特尔,增进,台积电,2024-09-29,0.000136
黄仁勋,认可,TSMC,2024-10-19,0.000136
英伟达,认为可靠,三星,2024-10-30,0.000136
《华尔街日报》,相信,华为,2024-08-12,0.000134
尹锡悦,相信,特朗普,2024-11-12,0.000134
习近平,欢迎,美国,2024-11-29,0.000134
路透社,担忧,三星,2024-10-06,0.000134
路透社,担忧,三星,2024-08-27,0.000134
路透社,担忧,三星,2024-10-07,0.000134
路透社,担忧,三星,2024-10-06,0.000134
路透社,担忧,三星,2024-10-06,0.000134
路透社,担忧,三星,2024-08-27,0.000134
Dan Ives,主导,英伟达,2024-11-18,0.000134
Dan Ives,主导,英伟达,2024-11-18,0.000134
Dan Ives,主导,英伟达,2024-11-18,0.000134
美国,认为优秀,台积公司,2024-11-26,0.000133
美国,认为优秀,台积公司,2024-11-26,0.000133
美国,认为优秀,台积公司,2024-10-27,0.000133
美国,认为优秀,台积公司,2024-11-13,0.000133
美国,认为优秀,台积公司,2024-11-13,0.000133
美国,认为优秀,台积公司,2024-11-29,0.000133
美国,认为优秀,台积公司,2024-11-29,0.000133
乔·罗根,担忧,台湾,2024-11-05,0.000133
特朗普,支持,《芯片和科学法案》,2024-11-05,0.000133
美国,主导,收购,2024-09-22,0.000133
政府,损害,华为,2025-01-16,0.000133
美国,相信,美国,2025-01-16,0.000131
美国,损害,客户,2024-11-09,0.000131
马修·哈里根,主导,Sirius XM,2024-10-16,0.000131
高盛,支持,美国,2024-11-02,0.000130
英特尔总裁,欣赏,台积电,2024-11-29,0.000130
美国,感谢,分享,2025-01-16,0.000130
华为创始人,认为恐怖,美国,2024-10-31,0.000130
华为创始人,认为恐怖,美国,2024-10-31,0.000130
库克,质疑,苹果,2024-10-26,0.000129
《台北时报》,相信,特朗普,2024-11-12,0.000129
《台北时报》,相信,特朗普,2024-11-12,0.000129
特朗普总统当选,认为有威胁,美国,2024-12-27,0.000129
美国,欢迎,英特尔,2024-09-18,0.000129
美国,欢迎,英特尔,2024-10-17,0.000129
美国,欢迎,英特尔,2024-09-18,0.000129
美国,欢迎,英特尔,2024-12-03,0.000129
美国,欢迎,英特尔,2024-08-04,0.000129
美国,欢迎,英特尔,2024-10-17,0.000129
美国,欢迎,英特尔,2024-10-17,0.000129
美国,欢迎,英特尔,2024-10-17,0.000129
美国,欢迎,英特尔,2024-10-17,0.000129
美国,欢迎,英特尔,2024-10-17,0.000129
美国,欢迎,英特尔,2024-10-17,0.000129
美国,欢迎,英特尔,2024-10-17,0.000129
清水洋治,认为优秀,美国,2024-08-26,0.000129
美国,质疑,Hindenburg,2024-09-26,0.000128
马克·扎克伯格,认为有威胁,微软,2024-10-26,0.000128
黄仁勋,主导,AI芯片,2024-10-10,0.000128
美国,攻击,台湾,2024-11-19,0.000128
美国,攻击,台湾,2024-11-13,0.000128
美国,攻击,台湾,2024-11-13,0.000128
美国,攻击,台湾,2024-11-27,0.000128
美国,攻击,台湾,2024-10-30,0.000128
美国,攻击,台湾,2024-12-30,0.000128
美国,攻击,台湾,2024-11-05,0.000128
美国,攻击,台湾,2024-11-12,0.000128
美国,攻击,台湾,2024-11-12,0.000128
美国,攻击,台湾,2024-11-16,0.000128
投资人,认为有暴力,台积电,2024-11-05,0.000127
华盛顿,认为非法,美国,2024-10-30,0.000127
蒂姆·库克,威胁,苹果,2024-10-26,0.000127
克里斯托夫·福奎特,认为非法,美国,2024-11-13,0.000126
清水洋治,认为失败,美国,2024-08-26,0.000125
特朗普总统,威胁,美国,2024-12-27,0.000125
中央通讯社（CNA）,认为可靠,台积电,2024-11-03,0.000125
蒂姆·库克,质疑,苹果,2024-10-26,0.000125
蒂姆·库克,质疑,苹果,2024-10-26,0.000125
美国,主导,《芯片与科学法案》,2024-10-16,0.000124
美国,主导,《芯片与科学法案》,2024-10-16,0.000124
美国,主导,《芯片与科学法案》,2024-08-20,0.000124
美国,主导,贸易惩罚,2024-11-13,0.000124
美国,主导,贸易惩罚,2024-11-13,0.000124
美国,主导,贸易惩罚,2024-11-13,0.000124
美国,主导,贸易惩罚,2024-11-13,0.000124
美国,主导,贸易惩罚,2024-11-13,0.000124
卡马拉·哈里斯,质疑,特朗普,2024-09-10,0.000124
路透社,认为有成就,华为,2024-06-09,0.000124
波士顿咨询公司,增进,台积电,2024-10-02,0.000123
共和党,损害,美国,2024-10-30,0.000123
美国,感谢,加拿大,2024-11-07,0.000122
特朗普,主导,关税和税收政策,2025-01-16,0.000122
美国,相信,英特尔,2024-11-25,0.000122
埃隆·马斯克,质疑,特斯拉,2024-12-25,0.000122
斯塔西·拉松,担忧,英伟达,2024-12-15,0.000122
马斯克,认为恐怖,苹果,2024-11-16,0.000121
《巴伦周刊》,担忧,英伟达,2024-11-11,0.000119
投资者,认为有成就,苹果,2024-09-05,0.000118
唐纳德·特朗普,认为有威胁,中国,2024-07-18,0.000118
唐纳德·特朗普,认为有威胁,中国,2024-07-16,0.000118
唐纳德·特朗普,认为有威胁,中国,2024-09-10,0.000118
唐纳德·特朗普,认为有威胁,中国,2024-11-17,0.000118
唐纳德·特朗普,认为有威胁,中国,2025-01-13,0.000118
唐纳德·特朗普,认为有威胁,中国,2025-01-12,0.000118
唐纳德·特朗普,认为有威胁,中国,2024-07-16,0.000118
唐纳德·特朗普,认为有威胁,中国,2025-01-13,0.000118
杰西·利文森,相信,特斯拉,2024-11-01,0.000118
中国,认为热情,TSMC,2024-09-11,0.000118
《自由时报》,增进,台积电,2024-11-09,0.000117
特朗普,认为违规,美国,2024-11-10,0.000117
特朗普,认为违规,美国,2024-11-14,0.000117
特朗普,认为违规,美国,2024-11-15,0.000117
特朗普,认为违规,美国,2024-11-15,0.000117
库克,威胁,苹果,2024-10-26,0.000117
日本,威胁,中国,2024-11-19,0.000117
台积电,损害,中国大陆芯片设计产业,2024-11-11,0.000116
台积电,损害,中国大陆芯片设计产业,2024-11-11,0.000116
台湾,主导,汉光军事演习,2024-07-22,0.000116
贝索斯,威胁,特朗普,2024-10-29,0.000116
华盛顿,认为有威胁,阿联酋,2024-09-22,0.000116
彭博社,担忧,英伟达,2024-09-03,0.000116
唐纳德·特朗普总统,欣赏,美国,2024-11-15,0.000115
唐纳德·特朗普总统,欣赏,美国,2024-11-15,0.000115
中国,质疑,恩菲姆,2024-09-16,0.000115
Jim Cramer,质疑,苹果,2024-11-03,0.000115
Jim Cramer,质疑,苹果,2024-11-03,0.000115
Jim Cramer,质疑,苹果,2024-11-03,0.000115
石原茂次郎,认为有成就,台积电,2024-11-12,0.000115
鲍威尔,质疑,特朗普,2025-01-14,0.000114
杰夫·金,认为可靠,三星,2024-11-27,0.000114
史蒂芬·斯奎里,认为恐怖,美国,2024-10-17,0.000114
清水洋治,认为恐怖,美国,2024-08-26,0.000114
黄仁勋,认可,台积公司,2024-10-24,0.000114
美国,视作英雄,美国,2024-09-25,0.000114
美国,视作英雄,美国,2024-09-25,0.000114
美国,视作英雄,美国,2024-09-25,0.000114
美国,认为违规,谷歌,2024-09-06,0.000113
乔·拉戈,主导,《芯片法案》,2024-11-06,0.000113
乔·拜登,威胁,美国,2024-12-03,0.000113
唐纳德·特朗普,认为热情,英伟达,2024-11-17,0.000113
哈里斯,担忧,特朗普,2024-09-10,0.000112
台积电,损害,一些员工,2024-11-13,0.000112
马斯克,质疑,特斯拉,2024-06-04,0.000112
英伟达,担忧,谷歌,2024-09-09,0.000111
台积电,主导,全球扩张计划,2024-11-12,0.000111
台湾经济部长,担忧,特朗普,2024-11-07,0.000111
习近平,认可,美国,2024-11-29,0.000110
唐纳德·特朗普,威胁,美国,2024-12-26,0.000110
唐纳德·特朗普,威胁,美国,2024-11-15,0.000110
日本,损害,美国,2024-12-27,0.000110
日本,损害,美国,2024-12-26,0.000110
日本,损害,美国,2024-12-02,0.000110
日本,损害,美国,2024-12-02,0.000110
台湾经济部,认可,台积电,2024-10-23,0.000110
台湾经济部,认可,台积电,2024-11-09,0.000110
唐·克拉克,损害,特朗普,2024-12-01,0.000109
埃隆·马斯克,损害,特斯拉,2024-12-02,0.000109
扎克伯格,担忧,黄仁勋,2024-11-24,0.000109
扎克伯格,担忧,黄仁勋,2024-11-24,0.000109
扎克伯格,担忧,黄仁勋,2024-11-24,0.000109
丹·伊夫斯,质疑,特朗普,2024-11-10,0.000109
台积电,支持,数据中心,2024-09-27,0.000108
AMD,损害,美国,2025-01-13,0.000108
亚当·波森,认为犯罪,特朗普,2024-11-06,0.000108
中国政府,感到不满,美国,2025-01-10,0.000108
RAJA,担忧,华为,2024-10-21,0.000107
唐纳德·特朗普,担忧,《芯片法案》,2024-11-06,0.000107
唐纳德·特朗普,担忧,《芯片法案》,2024-11-06,0.000107
唐纳德·特朗普,担忧,《芯片法案》,2024-11-07,0.000107
唐纳德·特朗普,担忧,《芯片法案》,2024-11-06,0.000107
亚当·普森,支持,特朗普,2024-11-06,0.000107
亚当·普森,支持,特朗普,2024-11-06,0.000107
华盛顿特区,视作英雄,美国,2025-01-16,0.000106
特朗普,威胁,中国,2025-01-10,0.000106
特朗普,威胁,中国,2024-07-18,0.000106
特朗普,威胁,中国,2024-11-27,0.000106
特朗普,威胁,中国,2024-11-27,0.000106
乔·罗根,主导,《芯片和科学法案》,2024-11-15,0.000105
Adam Posen,认为恐怖,特朗普,2024-11-06,0.000105
台积电,主导,台风警报程序,2024-10-30,0.000105
特朗普政府,认为可靠,华为,2024-10-31,0.000104
美国,认为犯罪,Hindenburg,2024-09-26,0.000104
哈里斯,主导,美国,2024-11-02,0.000104
哈里斯,主导,美国,2024-11-02,0.000104
美国,支持,Hindenburg,2024-09-26,0.000103
路透社,认为可靠,三星,2024-08-27,0.000103
路透社,认为可靠,三星,2024-10-06,0.000103
路透社,认为可靠,三星,2024-10-06,0.000103
路透社,认为可靠,三星,2024-08-27,0.000103
科莱特·克雷西,认为有威胁,英伟达,2024-09-16,0.000103
埃隆·马斯克,感到满意,中国,2024-12-27,0.000103
里克·沙弗,质疑,英伟达,2024-11-14,0.000103
马斯克,欢迎,黄仁勋,2024-11-17,0.000103
马斯克,欢迎,黄仁勋,2024-09-16,0.000103
马斯克,欢迎,黄仁勋,2024-10-13,0.000103
乔·拜登政府,认为有威胁,美国,2024-12-03,0.000103
Adobe,质疑,台湾,2024-11-15,0.000103
Adobe,质疑,台湾,2024-11-15,0.000103
马斯克,损害,特斯拉,2024-06-04,0.000102
华为创始人,担忧,美国,2024-10-31,0.000102
华为创始人,担忧,美国,2024-10-31,0.000102
黄仁勋,认为失败,英伟达,2025-01-10,0.000102
黄仁勋,认为失败,英伟达,2025-01-10,0.000102
中国,感到不满,美国,2025-01-10,0.000102
美国,担忧,关税计划,2025-01-06,0.000101
马斯克,认可,特斯拉,2024-06-03,0.000101
马斯克,认可,特斯拉,2024-06-03,0.000101
马斯克,认可,特斯拉,2024-06-03,0.000101
马斯克,认可,特斯拉,2024-06-03,0.000101
马斯克,认可,特斯拉,2024-06-04,0.000101
美国,视作英雄,吉娜·雷蒙多,2024-11-14,0.000101
美国,视作英雄,吉娜·雷蒙多,2024-11-14,0.000101
美国,视作英雄,吉娜·雷蒙多,2024-10-02,0.000101
美国,视作英雄,吉娜·雷蒙多,2024-07-25,0.000101
美国,视作英雄,吉娜·雷蒙多,2024-11-25,0.000101
埃隆·马斯克,认为有威胁,特斯拉,2024-06-03,0.000101
美国,欢迎,拜登总统,2024-11-25,0.000101
日本政府,欢迎,英伟达,2024-09-25,0.000100
美国,威胁,台湾,2024-12-03,0.000100
美国,威胁,台湾,2024-10-30,0.000100
美国,威胁,台湾,2024-09-10,0.000100
美国,威胁,台湾,2024-11-05,0.000100
赖清德,认为可靠,中美关系,2024-11-14,0.000100
美国,认为缺乏,高通,2024-09-22,0.000100
特朗普,质疑,半导体,2024-11-13,0.000100
特朗普,质疑,半导体,2024-11-07,0.000100
特朗普,质疑,半导体,2024-11-13,0.000100
特朗普,质疑,半导体,2024-11-13,0.000100
特朗普,质疑,半导体,2024-11-13,0.000100
特朗普,质疑,半导体,2024-11-13,0.000100
CNBC,质疑,华为,2024-09-16,0.000099
池泰完,主导,英伟达,2024-11-03,0.000099
美国,担忧,通胀,2025-01-16,0.000099
乔丹·克莱恩,质疑,美国,2024-08-08,0.000099
苹果投资者,认为优秀,台积电,2024-10-23,0.000099
市场研究公司IDC,认为恐怖,台积电,2024-12-28,0.000099
美国,批评,英伟达,2024-10-20,0.000098
美国,批评,英伟达,2024-10-20,0.000098
美国,批评,英伟达,2024-11-25,0.000098
中国芯片公司,支持,台积电,2024-11-11,0.000098
黄仁勋,感到满意,英伟达,2024-11-17,0.000098
唐纳德·特朗普,担忧,拜登政府,2024-11-05,0.000098
中国人工智能公司,认为可靠,台积电,2024-10-19,0.000098
美国,认为失败,美国,2024-11-09,0.000097
美国,认为失败,美国,2024-10-30,0.000097
投资者,感到不满,苹果,2024-09-05,0.000097
拜登政府官员,相信,特朗普,2025-01-13,0.000097
埃隆·马斯克,相信,中国,2024-12-27,0.000097
埃隆·马斯克,相信,中国,2024-12-27,0.000097
埃隆·马斯克,相信,中国,2024-12-26,0.000097
美国,认为有危机,美国,2024-10-30,0.000097
达美航空,欢迎,中国,2025-01-10,0.000096
吉姆·克莱默,认为有威胁,苹果,2024-11-03,0.000096
特朗普,支持,《芯片法案》,2024-11-09,0.000096
特朗普,支持,《芯片法案》,2024-11-10,0.000096
半导体,认为有威胁,美国,2025-01-09,0.000096
沙弗,相信,英伟达,2024-11-14,0.000096
唐纳德·特朗普,认为有暴力,台湾,2024-12-03,0.000095
唐纳德·特朗普,认为有暴力,台湾,2024-12-03,0.000095
唐纳德·特朗普,认为有暴力,台湾,2024-12-03,0.000095
唐纳德·特朗普,认为有暴力,台湾,2024-12-03,0.000095
唐纳德·特朗普,认为有暴力,台湾,2024-12-03,0.000095
唐纳德·特朗普,认为有暴力,台湾,2024-07-30,0.000095
唐纳德·特朗普,认为有暴力,台湾,2024-12-03,0.000095
唐纳德·特朗普,认为有暴力,台湾,2024-12-03,0.000095
唐纳德·特朗普,认为有暴力,台湾,2024-12-03,0.000095
唐纳德·特朗普,认为有暴力,台湾,2024-11-15,0.000095
唐纳德·特朗普,认为有暴力,台湾,2024-11-15,0.000095
唐纳德·特朗普,认为有暴力,台湾,2024-11-15,0.000095
唐纳德·特朗普,认为有暴力,台湾,2024-11-15,0.000095
唐纳德·特朗普,认为有暴力,台湾,2024-11-15,0.000095
唐纳德·特朗普,认为有暴力,台湾,2024-11-11,0.000095
唐纳德·特朗普,认为有暴力,台湾,2024-12-02,0.000095
杰夫·贝索斯,认为失败,美国,2024-11-09,0.000095
富国银行,相信,美国,2025-01-16,0.000095
石原伸介,认为优秀,台积电,2024-11-12,0.000094
谷歌,欢迎,亚马逊,2024-10-16,0.000094
中国,视作英雄,英伟达,2025-01-16,0.000094
美国,认为违规,Hindenburg,2024-09-26,0.000092
路透社,欢迎,英伟达,2024-11-17,0.000092
半导体,质疑,华为,2024-06-09,0.000092
路透社,支持,苹果,2024-10-27,0.000092
亚利桑那州,主导,半导体,2024-10-27,0.000092
亚利桑那州,主导,半导体,2024-10-27,0.000092
迈克·约翰逊,主导,《芯片和科学法案》,2024-11-06,0.000092
黄仁勋,支持,英伟达,2025-01-10,0.000092
黄仁勋,支持,英伟达,2024-11-17,0.000092
中国,感谢,汽车利润,2024-12-30,0.000092
波士顿咨询集团,相信,美国,2024-11-26,0.000091
唐纳德·特朗普,认为优秀,华为,2024-11-28,0.000091
华为创始人,欢迎,美国,2024-10-31,0.000091
俄罗斯总统,主导,埃隆·马斯克,2024-10-26,0.000091
JW Kuo,担忧,特朗普,2024-11-09,0.000090
北京,欣赏,美国,2024-09-28,0.000090
美国,感到满意,半导体,2024-06-19,0.000090
特里普·米克尔,损害,美国,2024-12-01,0.000090
朱凤莲,认为有威胁,美国,2024-11-11,0.000090
美国,认可,台湾的贸易,2024-11-27,0.000089
《台北时报》,增进,台积电,2024-11-09,0.000089
波森,担忧,特朗普,2024-11-06,0.000089
波森,担忧,特朗普,2024-11-06,0.000089
亚当·波森,认可,《芯片和科学法案》,2024-11-06,0.000089
摩根士丹利,认为非法,美国,2024-11-11,0.000089
卡马拉·哈里斯,威胁,台湾,2024-09-10,0.000089
张忠谋,质疑,美国,2024-10-27,0.000088
克里斯托夫·福凯,认为可靠,阿斯麦,2024-10-31,0.000088
克里斯托夫·福凯,认为可靠,阿斯麦,2024-10-31,0.000088
克里斯托夫·福凯,认为可靠,阿斯麦,2024-10-31,0.000088
哈什·库马尔,认为失败,英伟达,2024-11-12,0.000088
Adobe,认为有威胁,台湾,2024-11-15,0.000088
摩根士丹利,认为失败,美国,2024-11-03,0.000088
迈克·沃尔茨,支持,美日联盟,2024-11-12,0.000087
迈克·沃尔茨,支持,美日联盟,2024-11-12,0.000087
迈克·沃尔茨,支持,美日联盟,2024-11-12,0.000087
路透社,损害,苹果,2024-10-27,0.000086
日本,支持,美国,2024-12-02,0.000086
埃隆·马斯克,攻击,英伟达,2024-09-18,0.000086
埃隆·马斯克,攻击,英伟达,2024-09-18,0.000086
汪阳,担忧,特朗普,2024-11-05,0.000086
汪阳,担忧,特朗普,2024-11-05,0.000086
汪阳,担忧,特朗普,2024-11-05,0.000086
汪阳,担忧,特朗普,2024-11-05,0.000086
台积电,主导,新工厂计划,2024-11-17,0.000086
日本,质疑,Alphabet,2024-08-08,0.000086
摩根士丹利,担忧,美国,2024-11-03,0.000085
特朗普,相信,政府,2024-12-25,0.000085
民主党,威胁,华为,2024-10-31,0.000085
中国,认为缺乏,美国,2025-01-10,0.000085
黄仁勋,攻击,微软,2024-11-17,0.000084
肯·格里芬,质疑,微软,2024-10-31,0.000083
彼得·蒂尔,认为热情,特朗普,2024-11-18,0.000083
彼得·蒂尔,认为热情,特朗普,2024-11-18,0.000083
彼得·蒂尔,认为热情,特朗普,2024-11-18,0.000083
习近平,喜欢,美国,2024-11-29,0.000083
埃隆·马斯克,认为非法,中国,2024-12-27,0.000083
埃隆·马斯克,认为非法,中国,2024-12-27,0.000083
克里斯托夫·福凯,担忧,美国,2024-10-31,0.000083
克里斯托夫·福凯,担忧,美国,2024-10-31,0.000083
克里斯托夫·福凯,担忧,美国,2024-10-31,0.000083
英伟达,损害,美国,2025-01-13,0.000083
乔·罗根,质疑,特朗普,2024-11-05,0.000082
唐·克拉克克,损害,特朗普,2024-12-01,0.000082
华盛顿,质疑,拜登政府,2025-01-13,0.000082
乔·罗根,认为犯罪,美国,2024-12-25,0.000082
黄仁勋,主导,Blackwell,2024-11-17,0.000082
路透社,认为有威胁,苹果,2024-10-27,0.000081
埃隆·马斯克,担忧,中国,2024-12-27,0.000081
埃隆·马斯克,担忧,中国,2024-12-27,0.000081
埃隆·马斯克,担忧,中国,2024-12-26,0.000081
特朗普,损害,美国,2024-11-07,0.000081
特朗普,损害,美国,2024-11-07,0.000081
特朗普,损害,美国,2024-11-07,0.000081
特朗普,损害,美国,2024-11-07,0.000081
特朗普,损害,美国,2024-11-07,0.000081
特朗普,损害,美国,2024-11-13,0.000081
特朗普,损害,美国,2024-11-07,0.000081
特朗普,损害,美国,2024-11-07,0.000081
特朗普,损害,美国,2024-11-07,0.000081
特朗普,损害,美国,2024-11-05,0.000081
特朗普,损害,美国,2024-11-15,0.000081
特朗普,损害,美国,2024-11-05,0.000081
特朗普,损害,美国,2024-12-25,0.000081
特朗普,损害,美国,2024-11-15,0.000081
特朗普,损害,美国,2024-11-05,0.000081
联邦政府,欢迎,美国,2024-09-17,0.000081
联邦政府,欢迎,美国,2024-09-17,0.000081
联邦政府,欢迎,美国,2024-09-17,0.000081
《日本时报》,感到不满,特朗普,2024-11-12,0.000081
库克,威胁,特朗普,2024-11-16,0.000081
《自由时报》,认为优秀,台积电,2024-11-09,0.000080
乌克,认为有成就,台积电,2024-09-17,0.000080
特朗普政府,质疑,台湾,2024-11-10,0.000080
特朗普政府,质疑,台湾,2024-11-10,0.000080
特朗普政府,质疑,台湾,2024-11-10,0.000080
路透社,感到不满,盖尔辛格,2024-12-02,0.000080
克里斯托夫·福奎特,认为恐怖,美国,2024-11-13,0.000079
库克,攻击,特朗普,2024-11-16,0.000079
特朗普,质疑,《芯片和科学法案》,2024-11-05,0.000079
特朗普,质疑,《芯片和科学法案》,2024-11-05,0.000079
特朗普,质疑,《芯片和科学法案》,2024-11-05,0.000079
美国,质疑,台湾积电,2024-10-23,0.000079
美国,质疑,台湾积电,2024-10-27,0.000079
台积电,支持,Vanguard,2024-06-04,0.000079
彼得森国际经济研究所,质疑,特朗普,2024-11-06,0.000078
彼得森国际经济研究所,质疑,特朗普,2024-11-06,0.000078
彼得森国际经济研究所,质疑,特朗普,2024-11-06,0.000078
彼得森国际经济研究所,质疑,特朗普,2024-11-06,0.000078
扎克伯格,认可,黄仁勋,2024-11-24,0.000078
扎克伯格,认可,黄仁勋,2024-11-24,0.000078
扎克伯格,认可,黄仁勋,2024-11-24,0.000078
扎克伯格,认可,黄仁勋,2024-11-24,0.000078
扎克伯格,认可,黄仁勋,2024-11-24,0.000078
英特尔总裁,认为可靠,台积电,2024-11-29,0.000078
华盛顿,担忧,阿联酋,2024-09-22,0.000078
弗兰克·耶瑞,欢迎,盖尔辛格,2024-12-02,0.000078
联发科,欢迎,三星,2024-09-15,0.000078
乔·罗根,质疑,美国,2024-12-25,0.000078
清水洋治,认为犯罪,美国,2024-08-26,0.000078
杰罗姆·鲍威尔,质疑,美联储,2024-11-17,0.000077
杰罗姆·鲍威尔,质疑,美联储,2024-11-17,0.000077
克里斯托夫·福奎,认为有危机,美国,2024-10-31,0.000077
阿里巴巴,损害,美国,2024-10-26,0.000077
中国商务部发言人,感谢,美国,2024-08-28,0.000077
中国商务部发言人,感谢,美国,2024-08-28,0.000077
美国,担忧,贸易惩罚,2024-11-13,0.000077
科莱特·克雷斯,认可,中国,2024-08-28,0.000076
莫瑞斯·昌,认为优秀,台积电,2024-06-03,0.000076
台积电,主导,水回收项目,2024-12-16,0.000076
唐纳德·特朗普,担忧,英特尔,2024-11-12,0.000075
当地立法者,认为缺乏,台积电,2024-11-12,0.000075
波士顿咨询集团,担忧,美国,2024-11-26,0.000075
波士顿咨询集团,担忧,美国,2024-11-26,0.000075
美国,认为恐怖,高通,2024-09-22,0.000075
美国,认为恐怖,高通,2024-09-22,0.000075
路透社,认可,华为,2024-06-09,0.000075
路透社,担忧,英伟达,2024-11-17,0.000075
中国,认为违规,美光,2024-10-14,0.000075
路透社,相信,苹果,2024-10-27,0.000075
迈克·瓦尔兹,担忧,中国,2024-11-12,0.000075
美国,认为违规,《芯片和科学法案》,2024-10-16,0.000074
CFO黄文德,认为优秀,台积电,2024-11-08,0.000074
德·特朗普,认为有威胁,台湾,2024-12-03,0.000073
亚当·波森,认为违规,特朗普,2024-11-06,0.000073
亚当·波森,认为违规,特朗普,2024-11-06,0.000073
亚当·波森,认为违规,特朗普,2024-11-06,0.000073
特朗普政府,欣赏,美国,2024-11-10,0.000073
特朗普政府,欣赏,美国,2024-11-10,0.000073
彭博社,主导,奥利维亚·威尔德,2024-11-01,0.000073
美国,认为优秀,半导体,2024-10-23,0.000073
拜登,认为有威胁,中国,2024-12-02,0.000073
英伟达,威胁,三星,2024-10-30,0.000073
卢克·拉哈里,主导,英伟达,2024-08-27,0.000072
皮特森国际经济研究所,认为优秀,特朗普,2024-11-06,0.000072
埃隆·马斯克,质疑,中国,2024-12-27,0.000072
埃隆·马斯克,质疑,中国,2024-12-27,0.000072
埃隆·马斯克,质疑,中国,2024-12-26,0.000072
唐纳德·特朗普,认为恐怖,台湾,2024-12-03,0.000072
唐纳德·特朗普,认为恐怖,台湾,2024-12-03,0.000072
唐纳德·特朗普,认为恐怖,台湾,2024-12-03,0.000072
唐纳德·特朗普,认为恐怖,台湾,2024-12-03,0.000072
唐纳德·特朗普,认为恐怖,台湾,2024-07-30,0.000072
唐纳德·特朗普,认为恐怖,台湾,2024-12-03,0.000072
唐纳德·特朗普,认为恐怖,台湾,2024-12-03,0.000072
唐纳德·特朗普,认为恐怖,台湾,2024-12-02,0.000072
台湾经济部长,认为非法,特朗普,2024-11-07,0.000072
内德·费克林,质疑,特朗普,2025-01-13,0.000072
克里斯托夫·福奎特,认为有威胁,美国,2024-11-13,0.000072
Adam Posen,质疑,特朗普,2024-11-06,0.000072
美国,增进,博通,2024-06-05,0.000072
台积公司（TSMC）,主导,美国,2024-11-09,0.000072
英伟达,损害,华为,2025-01-16,0.000072
唐纳德·特朗普总统,认为违规,美国,2024-11-15,0.000071
唐纳德·特朗普总统,认为违规,美国,2024-11-15,0.000071
唐纳德·特朗普总统,认为违规,美国,2024-11-15,0.000071
唐纳德·特朗普总统,认为违规,美国,2024-11-15,0.000071
唐纳德·特朗普总统,认为违规,美国,2024-11-15,0.000071
唐纳德·特朗普总统,认为违规,美国,2024-11-15,0.000071
唐纳德·特朗普总统,认为违规,美国,2024-11-15,0.000071
唐纳德·特朗普总统,认为违规,美国,2024-11-15,0.000071
拜登政府,主导,《芯片法案》,2024-11-07,0.000071
拜登政府,主导,《芯片法案》,2024-11-07,0.000071
拜登政府,主导,《芯片法案》,2024-11-07,0.000071
拜登政府,主导,《芯片法案》,2024-11-18,0.000071
拜登政府,主导,《芯片法案》,2024-11-18,0.000071
拜登政府,主导,《芯片法案》,2024-11-07,0.000071
拜登政府,主导,《芯片法案》,2024-11-07,0.000071
拜登政府,主导,《芯片法案》,2024-11-07,0.000071
拜登政府,主导,《芯片法案》,2024-11-19,0.000071
特朗普政府,认为犯罪,美国,2024-11-10,0.000071
特朗普政府,认为犯罪,美国,2024-11-10,0.000071
特朗普政府,认为犯罪,美国,2024-11-10,0.000071
唐纳德·特朗普总统,损害,美国,2024-11-15,0.000071
唐纳德·特朗普总统,损害,美国,2024-11-15,0.000071
唐纳德·特朗普总统,损害,美国,2024-11-15,0.000071
唐纳德·特朗普总统,损害,美国,2024-11-15,0.000071
唐纳德·特朗普总统,损害,美国,2024-11-15,0.000071
唐纳德·特朗普总统,损害,美国,2024-11-15,0.000071
唐纳德·特朗普,相信,《芯片法案》,2024-11-06,0.000071
美国,认为缺乏,美国,2024-10-30,0.000071
特朗普,感到不满,马来西亚沙捞越,2024-12-27,0.000070
美国,攻击,纽约,2024-11-07,0.000070
唐纳德・特朗普,威胁,台湾,2024-10-30,0.000070
美国,视作英雄,唐纳德·特朗,2024-12-03,0.000070
鲍威尔,认为热情,特朗普,2025-01-14,0.000070
汪阳,主导,《芯片法案》,2024-11-05,0.000070
特朗普总统,损害,美国,2024-12-27,0.000070
埃里克·施密特,相信,英伟达,2024-08-14,0.000070
沙弗,认为有威胁,英伟达,2024-11-14,0.000070
科莱特·克雷斯,担忧,中国,2024-08-28,0.000070
算能科技,增进,台积电,2024-10-28,0.000069
算能科技,增进,台积电,2024-10-28,0.000069
沙弗,认可,英伟达,2024-11-14,0.000069
中国商务部发言人,认为有成就,美国,2024-08-28,0.000069
埃隆·马斯克,认为有威胁,中国,2024-12-27,0.000069
埃隆·马斯克,认为有威胁,中国,2024-12-27,0.000069
埃隆·马斯克,认为有威胁,中国,2024-12-26,0.000069
埃隆·马斯克,质疑,英伟达,2024-09-18,0.000069
埃隆·马斯克,质疑,英伟达,2024-09-18,0.000069
埃隆·马斯克,质疑,英伟达,2024-09-18,0.000069
埃隆·马斯克,质疑,英伟达,2024-11-16,0.000069
埃隆·马斯克,质疑,英伟达,2024-09-18,0.000069
克里斯托夫·福克特,认为有危机,美国,2024-11-13,0.000069
当地立法者,支持,台积电,2024-11-12,0.000069
亚当·波森,支持,《芯片和科学法案》,2024-11-06,0.000069
台积电,主导,创新,2024-09-27,0.000068
台积电,主导,创新,2024-09-27,0.000068
美国,感到满意,交易,2024-09-19,0.000068
特朗普,认为恐怖,美国,2024-07-18,0.000068
唐纳德・特朗普,认为失败,美国,2024-10-30,0.000068
唐纳德·特朗,认为违规,台湾,2024-12-03,0.000068
Russ Mould,认为优秀,台积电,2025-01-10,0.000068
克里斯托夫·福奎,担忧,美国,2024-10-31,0.000068
中国,感到满意,美国,2025-01-14,0.000068
台湾经济部长,相信,特朗普,2024-11-09,0.000067
台湾经济部长,相信,特朗普,2024-11-07,0.000067
台湾经济部长,相信,特朗普,2024-11-09,0.000067
黄仁勋,主导,公司,2024-09-26,0.000067
特朗普,质疑,《芯片法案》,2024-11-07,0.000067
特朗普,质疑,《芯片法案》,2024-11-07,0.000067
特朗普,质疑,《芯片法案》,2024-11-07,0.000067
特朗普,质疑,《芯片法案》,2024-11-07,0.000067
特朗普,质疑,《芯片法案》,2024-11-07,0.000067
特朗普,质疑,《芯片法案》,2024-11-07,0.000067
特朗普,质疑,《芯片法案》,2024-11-10,0.000067
特朗普,质疑,《芯片法案》,2024-11-06,0.000067
特朗普,质疑,《芯片法案》,2024-11-07,0.000067
特朗普,质疑,《芯片法案》,2024-11-07,0.000067
特朗普,质疑,《芯片法案》,2024-11-15,0.000067
特朗普,质疑,《芯片法案》,2024-11-07,0.000067
拜登政府,威胁,台湾,2024-09-10,0.000067
Jim·克ramer,担忧,苹果,2024-11-02,0.000067
习近平,欣赏,美国,2024-11-29,0.000067
赖清德,质疑,台湾,2024-12-02,0.000067
华为技术有限公司,感到满意,中国,2024-11-29,0.000067
乔·拜登总统,认为有威胁,华为,2024-10-31,0.000067
《纽约时报》,认为非法,英伟达,2024-09-10,0.000066
帕特·基辛格,主导,英特尔,2024-12-03,0.000066
丽莎·苏,担忧,微软,2024-11-13,0.000066
台湾经济部门,支持,台积电,2024-11-11,0.000066
特朗普,感到不满,鲍威尔,2024-07-16,0.000066
美国,视作英雄,杰罗姆·鲍威尔,2025-01-14,0.000066
杰夫·贝索斯,认为违规,美国,2024-11-09,0.000066
帕特·盖尔辛格,威胁,苹果,2024-11-02,0.000066
美国,认可,NJOY,2024-11-05,0.000066
美国,损害,公司,2024-10-31,0.000065
黄仁勋,质疑,英伟达,2025-01-10,0.000065
黄仁勋,质疑,英伟达,2025-01-10,0.000065
黄仁勋,质疑,英伟达,2024-09-20,0.000065
黄仁勋,质疑,英伟达,2025-01-10,0.000065
黄仁勋,质疑,英伟达,2024-11-20,0.000065
黄仁勋,质疑,英伟达,2024-09-28,0.000065
黄仁勋,质疑,英伟达,2024-11-17,0.000065
黄仁勋,质疑,英伟达,2024-10-03,0.000065
黄仁勋,质疑,英伟达,2024-11-17,0.000065
黄仁勋,质疑,英伟达,2024-11-15,0.000065
中央通讯社（CNA）,认为犯罪,台积电,2024-11-03,0.000065
美国,喜欢,耐克,2025-01-09,0.000065
马斯克,认为失败,特斯拉,2024-06-04,0.000065
摩根大通,认为优秀,苹果,2024-10-23,0.000065
摩根大通,认为优秀,苹果,2024-10-23,0.000065
摩根大通,认为优秀,苹果,2024-10-23,0.000065
摩根大通,认为优秀,苹果,2024-10-23,0.000065
市场研究公司IDC,认为有危机,台积电,2024-12-28,0.000064
Jim·塞默,质疑,苹果,2024-11-03,0.000064
华盛顿,损害,英特尔,2024-12-01,0.000064
帕特·盖尔辛格,认为有威胁,台湾,2024-10-30,0.000064
帕特·盖尔辛格,认为有威胁,台湾,2024-10-30,0.000064
美国,支持,Intel,2024-08-08,0.000064
苹果,损害,英伟达,2024-09-09,0.000064
美国,认为非法,中国,2024-12-02,0.000063
美国,认为非法,中国,2024-11-07,0.000063
美国,认为非法,中国,2024-10-14,0.000063
美国,认为非法,中国,2024-11-29,0.000063
美国,认为非法,中国,2024-11-06,0.000063
拜登,增进,美国,2024-09-10,0.000063
美国,认为违规,台湾积电,2024-10-27,0.000063
乔·拜登,威胁,中国,2025-01-13,0.000063
美国,认可,OpenAI,2024-11-25,0.000062
埃隆·马斯克,欢迎,黄仁勋,2024-10-28,0.000062
克里斯托夫·福凯,认为有成就,阿斯麦,2024-10-31,0.000062
克里斯托夫·福凯,认为有成就,阿斯麦,2024-10-31,0.000062
克里斯托夫·福凯,认为有成就,阿斯麦,2024-10-31,0.000062
克里斯托夫·福凯,认为有成就,阿斯麦,2024-10-31,0.000062
路透社,认为有成就,英伟达,2024-07-10,0.000062
路透社,认为有成就,英伟达,2024-08-27,0.000062
路透社,认为有成就,英伟达,2024-11-17,0.000062
路透社,认为有成就,英伟达,2025-01-02,0.000062
卡玛拉·哈里斯,攻击,台湾,2024-10-21,0.000062
美国,欢迎,耐克,2025-01-09,0.000062
CNBC,担忧,英伟达,2024-11-04,0.000061
CNBC,担忧,英伟达,2024-08-27,0.000061
特朗普政府,认为恐怖,美国,2024-11-10,0.000061
华为技术有限公司,认为可靠,英伟达,2024-09-28,0.000061
汪阳,相信,特朗普,2024-11-05,0.000060
汪阳,相信,特朗普,2024-11-05,0.000060
汪阳,相信,特朗普,2024-11-05,0.000060
汪阳,相信,特朗普,2024-11-05,0.000060
美国,认为违规,半导体,2024-07-18,0.000060
美国,认为违规,半导体,2024-10-24,0.000060
美国,认为违规,半导体,2024-10-24,0.000060
美国,认为违规,半导体,2024-10-23,0.000060
唐纳德·特朗普,认为有暴力,美国,2024-11-15,0.000060
埃隆·马斯克,认为失败,英伟达,2024-09-18,0.000060
投资者,主导,英伟达,2024-07-08,0.000060
特朗普,认可,《芯片和科学法案》,2024-11-05,0.000060
特朗普,认可,《芯片和科学法案》,2024-11-05,0.000060
特朗普,认可,《芯片和科学法案》,2024-11-05,0.000060
美国,支持,《芯片与科学法案》,2024-10-16,0.000059
科莱特·克雷西,威胁,英伟达,2024-09-16,0.000059
美国,认为有威胁,全球贸易,2025-01-06,0.000059
《商业韩国》,认为优秀,台积电,2024-11-16,0.000059
Jim Cramer,威胁,苹果,2024-11-03,0.000059
Jim Cramer,威胁,苹果,2024-11-03,0.000059
Jim Cramer,威胁,苹果,2024-11-03,0.000059
拜登政府,质疑,美国,2024-12-03,0.000059
美国,视作英雄,唐纳德·特朗普总统,2025-01-15,0.000059
美国,视作英雄,唐纳德·特朗普总统,2025-01-13,0.000059
美国,视作英雄,唐纳德·特朗普总统,2024-11-12,0.000059
美国,视作英雄,唐纳德·特朗普总统,2024-11-12,0.000059
美国,视作英雄,唐纳德·特朗普总统,2024-11-12,0.000059
黄仁勋,相信,马斯克,2024-10-13,0.000059
路透社,支持,华为,2024-06-09,0.000059
美国,主导,出口禁令,2024-11-13,0.000059
美国,主导,出口禁令,2024-11-13,0.000059
特朗普总统当选,攻击,美国,2024-12-27,0.000058
美国,认为犯罪,美国,2024-10-30,0.000058
Needham,认可,苹果,2024-11-07,0.000058
路透社,认为可靠,英伟达,2024-11-17,0.000058
Dan Ives,质疑,苹果,2024-10-23,0.000058
彭博社,认为有威胁,英伟达,2024-09-03,0.000058
特朗普总统,认为违规,美国,2024-11-10,0.000058
特朗普总统,认为违规,美国,2024-11-10,0.000058
特朗普总统,认为违规,美国,2024-11-10,0.000058
路透社,相信,华为,2024-10-27,0.000058
路透社,相信,华为,2024-06-09,0.000058
联邦政府,认为优秀,美国,2024-09-17,0.000057
联邦政府,认为优秀,美国,2024-09-17,0.000057
英伟达,威胁,亚马逊,2024-09-09,0.000057
杰罗姆·鲍威尔,威胁,美联储,2024-11-17,0.000057
马可·鲁比奥,认为可靠,美日联盟,2024-11-12,0.000057
马可·鲁比奥,认为可靠,美日联盟,2024-11-12,0.000057
《日本时报》,相信,特朗普,2024-11-12,0.000057
彭博社,质疑,英伟达,2024-09-03,0.000057
罗伯特·梅尔,主导,特朗普政府,2024-11-15,0.000057
克里斯托夫·福克特,认为违规,美国,2024-11-13,0.000057
黄仁勋,相信,台积公司,2024-10-24,0.000056
黄仁勋,相信,台积公司,2024-10-24,0.000056
内德·芬克尔,损害,美国,2025-01-13,0.000056
共和党,质疑,台湾,2024-07-30,0.000056
共和党,质疑,台湾,2024-10-30,0.000056
波森,相信,特朗普,2024-11-06,0.000056
詹森·霍尔,认可,三星,2025-01-10,0.000056
日本银行,担忧,美国,2024-08-08,0.000056
美国,损害,半导体,2024-09-26,0.000056
霍华德·马克斯,质疑,美国,2024-11-24,0.000056
黄仁勋,认为非法,美国,2024-10-24,0.000056
英伟达,威胁,谷歌,2024-09-09,0.000056
中国人工智能企业,支持,台积电,2024-10-19,0.000055
主席,欢迎,美国,2024-07-30,0.000055
乔·罗根,认为失败,美国,2024-12-25,0.000055
路透社,认为有成就,三星,2024-08-27,0.000055
路透社,认为有成就,三星,2024-10-06,0.000055
路透社,认为有成就,三星,2024-10-06,0.000055
路透社,认为有成就,三星,2024-08-27,0.000055
美国,主导,普遍关税计划,2025-01-06,0.000054
美国,质疑,ASML,2024-06-02,0.000054
拜登政府,主导,《芯片和科学法案》,2024-11-05,0.000054
拜登政府,主导,《芯片和科学法案》,2024-11-06,0.000054
拜登政府,主导,《芯片和科学法案》,2024-11-06,0.000054
拜登政府,主导,《芯片和科学法案》,2024-11-18,0.000054
拜登政府,认为非法,美国,2024-11-02,0.000054
拜登政府,认为非法,美国,2024-11-02,0.000054
《华尔街日报》,认可,华为,2024-08-12,0.000054
马斯克,支持,黄仁勋,2024-09-16,0.000054
马斯克,支持,黄仁勋,2024-10-13,0.000054
美国,认为犯罪,TSMC,2024-10-22,0.000054
美国,认为犯罪,TSMC,2024-10-18,0.000054
美国,认为优秀,英特尔,2024-09-17,0.000054
美国,认为优秀,英特尔,2024-09-17,0.000054
美国,认为优秀,英特尔,2024-11-24,0.000054
美国,认为优秀,英特尔,2024-09-17,0.000054
美国,认为优秀,英特尔,2024-08-04,0.000054
美国,认为优秀,英特尔,2024-10-17,0.000054
美国,认为优秀,英特尔,2024-10-17,0.000054
美国,认为优秀,英特尔,2024-10-17,0.000054
美国,认为优秀,英特尔,2024-09-23,0.000054
美国,认为优秀,英特尔,2024-10-17,0.000054
美国,认为优秀,英特尔,2024-09-23,0.000054
美国,认为优秀,英特尔,2024-10-17,0.000054
美国,认为优秀,英特尔,2024-11-25,0.000054
美国,认为优秀,英特尔,2024-11-27,0.000054
唐纳德・特朗普,认可,美国,2024-10-30,0.000054
投资者,认为可靠,苹果,2024-09-05,0.000054
詹森·霍尔,质疑,三星,2025-01-10,0.000054
英伟达,相信,三星,2024-10-30,0.000053
路透社,主导,高通,2024-09-19,0.000053
路透社,主导,高通,2024-09-19,0.000053
路透社,主导,高通,2024-09-19,0.000053
路透社,主导,高通,2024-09-23,0.000053
台积公司,攻击,台湾,2024-11-11,0.000053
唐纳德·特朗普,损害,特斯拉,2024-12-02,0.000053
黄仁勋,损害,英伟达,2025-01-10,0.000053
黄仁勋,损害,英伟达,2025-01-10,0.000053
黄仁勋,损害,英伟达,2024-11-20,0.000053
黄仁勋,损害,英伟达,2024-11-17,0.000053
黄仁勋,损害,英伟达,2024-11-20,0.000053
拜登政府,认为有威胁,美国,2024-10-31,0.000053
拜登政府,认为有威胁,美国,2025-01-09,0.000053
美国,损害,中国企业,2024-10-30,0.000053
美国,损害,中国企业,2024-10-21,0.000053
Schafer,主导,英伟达,2024-11-14,0.000053
市场研究公司IDC,认为有威胁,台积电,2024-12-28,0.000052
美国,损害,ASML,2025-01-08,0.000052
民主党,认为有威胁,华为,2024-10-31,0.000052
路透社,认为优秀,苹果,2024-10-27,0.000052
台积电,支持,JASM,2024-11-16,0.000052
美国,支持,半导体,2024-07-18,0.000052
美国,支持,半导体,2024-11-17,0.000052
美国,支持,半导体,2024-10-02,0.000052
美国,支持,半导体,2024-06-19,0.000052
美国,支持,半导体,2024-11-19,0.000052
Jim·克ramer,相信,苹果,2024-11-02,0.000052
市场研究公司IDC,认为失败,台积电,2024-12-28,0.000052
美国,认为有威胁,台湾积电,2024-10-27,0.000052
唐纳德・特朗普,质疑,美国,2024-10-30,0.000052
imes,认可,台积电,2024-12-11,0.000052
哈什·库马尔,质疑,英伟达,2024-11-12,0.000052
路透社,威胁,华为,2024-11-11,0.000052
路透社,威胁,华为,2024-06-09,0.000052
美国,认为有危机,高通,2024-09-22,0.000051
中国政府,相信,美国,2025-01-10,0.000051
中国政府,相信,美国,2025-01-10,0.000051
唐纳德·特朗普,威胁,台积公司,2024-11-13,0.000051
丰田,主导,新芯片园区,2024-09-01,0.000051
路透社,相信,盖尔辛格,2024-12-02,0.000051
Needham,质疑,苹果,2024-11-07,0.000051
石岛宏,认为非法,美国,2024-09-01,0.000051
特朗普,增进,英伟达,2024-08-06,0.000051
英伟达,质疑,谷歌,2024-09-09,0.000051
台积电,主导,数据中心,2024-09-27,0.000051
盖尔辛格,威胁,谷歌,2024-10-29,0.000051
埃隆·马斯克,质疑,微软,2024-10-26,0.000050
特朗普,担忧,国家安全,2024-11-27,0.000050
哈利·德恩,认为优秀,英伟达,2024-09-16,0.000050
芬克尔,主导,拜登政府规则,2025-01-13,0.000050
扎克伯格,认为可靠,黄仁勋,2024-11-24,0.000050
扎克伯格,认为可靠,黄仁勋,2024-11-24,0.000050
扎克伯格,认为可靠,黄仁勋,2024-11-24,0.000050
扎克伯格,认为可靠,黄仁勋,2024-11-24,0.000050
扎克伯格,认为可靠,黄仁勋,2024-11-24,0.000050
扎克伯格,认为可靠,黄仁勋,2024-11-24,0.000050
扎克伯格,认为可靠,黄仁勋,2024-11-24,0.000050
摩根大通,认为可靠,英伟达,2024-12-28,0.000050
Jim Cramer,攻击,苹果,2024-11-03,0.000050
Jim Cramer,攻击,苹果,2024-11-03,0.000050
Jim Cramer,攻击,苹果,2024-11-03,0.000050
日本,主导,半导体,2024-10-02,0.000050
日本,主导,半导体,2024-11-12,0.000050
美国,批评,TSMC,2024-10-22,0.000050
乔·罗根,认为恐怖,特朗普,2024-11-05,0.000050
英伟达,认为有威胁,亚马逊,2024-09-09,0.000050
Jim Cramer,支持,苹果,2024-11-03,0.000050
贾西,质疑,亚马逊,2024-11-04,0.000049
贾西,质疑,亚马逊,2024-10-31,0.000049
习近平主席,认为有成就,美国,2024-10-24,0.000049
美国,主导,停工,2024-09-30,0.000049
《日本时报》,担忧,特朗普,2024-11-12,0.000049
《日本时报》,担忧,特朗普,2024-11-12,0.000049
特朗普政府,攻击,美国,2024-11-10,0.000049
特朗普政府,攻击,美国,2024-11-10,0.000049
美国,感到满意,ASML,2024-06-02,0.000049
彭博社,认为有成就,唐纳德·特朗普,2024-11-17,0.000049
《科创板日报》,认为可靠,台积电,2024-11-09,0.000048
《科创板日报》,认为可靠,台积电,2024-11-07,0.000048
《科创板日报》,认为可靠,台积电,2024-11-07,0.000048
《科创板日报》,认为可靠,台积电,2024-11-07,0.000048
埃隆·马斯克,损害,中国,2024-12-27,0.000048
埃隆·马斯克,损害,中国,2024-12-27,0.000048
埃隆·马斯克,损害,中国,2024-12-26,0.000048
德国德累斯顿,增进,台积电,2024-11-17,0.000048
市场研究公司IDC,相信,台积电,2024-12-28,0.000048
摩根大通,相信,英伟达,2024-12-28,0.000048
亚当·波森,认为有暴力,特朗普,2024-11-06,0.000048
黄仁勋,相信,TSMC,2024-11-10,0.000048
维韦克·阿亚,主导,《芯片法案》,2024-12-02,0.000048
台湾,主导,关闭最后一个核电厂,2024-10-19,0.000047
唐纳德·特朗普,主导,共和党,2024-09-18,0.000047
华盛顿,威胁,阿联酋,2024-09-22,0.000047
扎克伯格,感到不满,黄仁勋,2024-11-24,0.000047
扎克伯格,感到不满,黄仁勋,2024-11-24,0.000047
扎克伯格,感到不满,黄仁勋,2024-11-24,0.000047
扎克伯格,感到不满,黄仁勋,2024-11-24,0.000047
扎克伯格,感到不满,黄仁勋,2024-11-24,0.000047
扎克伯格,感到不满,黄仁勋,2024-11-24,0.000047
扎克伯格,感到不满,黄仁勋,2024-11-24,0.000047
中东,感到不满,三星,2024-09-27,0.000047
阳基龙,担忧,美国,2024-11-13,0.000047
泰德·克鲁兹,认为恐怖,拜登,2025-01-13,0.000047
参议员,认为有威胁,美国,2024-10-31,0.000047
黄仁勋,认为可靠,马斯克,2024-10-13,0.000047
摩根大通,相信,美国,2025-01-16,0.000047
美国,认为恐怖,Hindenburg,2024-09-26,0.000046
唐纳德·特朗普,认为违规,美国,2024-11-14,0.000046
唐纳德·特朗普,认为违规,美国,2024-11-15,0.000046
唐纳德·特朗普,认为违规,美国,2024-10-30,0.000046
唐纳德·特朗普,认为违规,美国,2024-11-15,0.000046
唐纳德·特朗普,认为违规,美国,2024-11-15,0.000046
唐纳德·特朗普,认为违规,美国,2024-11-15,0.000046
唐纳德·特朗普,认为违规,美国,2024-11-15,0.000046
唐纳德·特朗普,认为违规,美国,2024-11-15,0.000046
当地立法者,增进,台积电,2024-11-12,0.000046
路透社,认为有威胁,华为,2024-10-27,0.000046
路透社,认为有威胁,华为,2024-10-27,0.000046
路透社,认为有威胁,华为,2024-10-31,0.000046
路透社,认为有威胁,华为,2024-06-09,0.000046
美国,认为有暴力,谷歌,2024-09-06,0.000046
蕾切尔·里维斯,欢迎,中国,2025-01-10,0.000046
博通,担忧,英特尔,2024-09-07,0.000046
美国,威胁,Cerebras,2024-11-01,0.000046
唐纳德·特朗普,主导,《芯片与科学法案》,2024-11-06,0.000046
唐纳德·特朗普,攻击,中国,2025-01-12,0.000046
唐纳德·特朗普,攻击,中国,2025-01-13,0.000046
特朗普总统,担忧,《芯片和科学法案》,2024-11-15,0.000045
民主党,支持,特朗普,2024-10-24,0.000045
美国,主导,亚利桑那项目,2024-11-15,0.000045
唐纳德·特朗普,感到不满,《芯片法案》,2024-11-06,0.000045
清水洋治,支持,美国,2024-08-26,0.000045
博通,感到不满,英特尔,2024-09-07,0.000045
特朗普,担忧,关税,2024-11-12,0.000045
白宫,欢迎,唐纳德·特朗普,2024-11-05,0.000045
唐纳德·特朗普,支持,美联储,2025-01-10,0.000044
乔·罗根,认为有威胁,台湾,2024-11-05,0.000044
乔·罗根,认为有威胁,台湾,2024-12-25,0.000044
乔·罗根,认为有威胁,台湾,2024-11-13,0.000044
美国,增进,美国,2024-11-09,0.000044
美国,增进,美国,2024-10-30,0.000044
美国,增进,美国,2024-10-24,0.000044
美国,增进,美国,2024-11-25,0.000044
美国,增进,美国,2024-11-27,0.000044
美国,增进,美国,2024-11-27,0.000044
罗伯特·梅尔,损害,特朗普政府,2024-11-15,0.000044
埃隆·马斯克,认为违规,美国,2025-01-10,0.000044
基辛格,主导,英特尔,2024-12-03,0.000044
美国,相信,路透社,2024-11-07,0.000044
唐纳德·特朗普总统,认为违规,台湾,2024-11-15,0.000043
唐纳德·特朗普总统,认为违规,台湾,2024-11-15,0.000043
特里普·米克尔,攻击,特朗普,2024-12-01,0.000043
台积电,担忧,人工智能泡沫的形成,2024-11-05,0.000043
台积电,担忧,人工智能泡沫的形成,2024-11-05,0.000043
中央通讯社（CNA）,认为有成就,台积电,2024-11-03,0.000043
特朗普,认可,《芯片法案》,2024-11-10,0.000043
特朗普,认可,《芯片法案》,2024-11-07,0.000043
特朗普政府,攻击,台湾,2024-11-10,0.000043
特朗普政府,攻击,台湾,2024-11-10,0.000043
安迪·贾西,认可,英伟达,2024-11-04,0.000043
亚当·波森,视作英雄,特朗普,2024-11-06,0.000043
美国,认为恐怖,美国,2024-10-30,0.000043
路透社,喜欢,华为,2024-10-21,0.000043
路透社,喜欢,华为,2024-10-27,0.000043
皮特森国际经济研究所,主导,《芯片科学法案》,2024-11-06,0.000043
台积电,认为恐怖,阿里及百度,2024-11-09,0.000043
台积电,认为恐怖,阿里及百度,2024-11-09,0.000043
半导体,威胁,美国,2025-01-09,0.000043
朗普,感到不满,美国,2024-09-10,0.000042
哈利·德恩,认为恐怖,英伟达,2024-09-16,0.000042
埃隆·马斯克,威胁,中国,2024-12-27,0.000042
埃隆·马斯克,威胁,中国,2024-12-27,0.000042
埃隆·马斯克,威胁,中国,2024-12-26,0.000042
路透社,损害,华为,2024-11-11,0.000042
路透社,损害,华为,2024-06-09,0.000042
乔瑟夫·莫尔,相信,英伟达,2024-09-28,0.000042
Jim Cramer,认为恐怖,苹果,2024-11-03,0.000042
彭博社,担忧,特朗普,2024-11-17,0.000042
黄仁勋,主导,CES会议,2025-01-10,0.000042
Lori Huang,主导,英伟达,2024-12-02,0.000042
唐纳德·特朗普,主导,US,2024-11-14,0.000042
三星,攻击,英伟达,2024-12-02,0.000042
共和党,认为有威胁,台湾,2024-07-30,0.000041
共和党,认为有威胁,台湾,2024-10-30,0.000041
美国,认为有暴力,Alphabet,2024-10-22,0.000041
奈德·芬克尔,威胁,全球创新和经济增长,2025-01-13,0.000041
《日本时报》,欢迎,特朗普,2024-11-12,0.000041
当地立法者,认为优秀,台积电,2024-11-12,0.000041
拉里·埃伦斯,欢迎,黄仁勋,2024-10-13,0.000041
丽莎·苏,相信,微软,2024-11-13,0.000041
亚当·波森,主导,《芯片科学法案》,2024-11-06,0.000041
彭博社,认为优秀,华为,2024-10-27,0.000041
Jim Cramer,相信,谷歌,2024-11-04,0.000041
吉娜·雷蒙多,认为违规,美国,2024-10-02,0.000041
约翰·纽佛,损害,美国,2025-01-13,0.000041
彭博社,感到不满,特斯拉,2024-11-17,0.000041
美国,支持,ASML,2024-06-02,0.000041
马克·扎克伯格,喜欢,英伟达,2024-10-19,0.000040
特朗普,认为失败,《芯片法案》,2024-11-06,0.000040
特朗普,认为失败,《芯片法案》,2024-11-05,0.000040
CNA,认为优秀,台积电,2024-11-03,0.000040
彭博商业周刊,欢迎,特朗普,2024-11-05,0.000040
哈里斯,感到不满,特朗普,2024-09-10,0.000040
哈里斯,感到不满,特朗普,2024-11-02,0.000040
《巴伦周刊》,相信,英伟达,2024-11-11,0.000040
布莱恩·库茨,质疑,英伟达,2024-11-12,0.000040
唐纳德·特朗普,损害,美国,2024-12-26,0.000040
唐纳德·特朗普,损害,美国,2024-11-07,0.000040
唐纳德·特朗普,损害,美国,2024-11-07,0.000040
唐纳德·特朗普,损害,美国,2024-11-07,0.000040
唐纳德·特朗普,损害,美国,2024-11-07,0.000040
唐纳德·特朗普,损害,美国,2024-11-15,0.000040
唐纳德·特朗普,损害,美国,2024-11-07,0.000040
唐纳德·特朗普,损害,美国,2024-10-30,0.000040
