head,relation,tail,time,score
美国,欣赏,台积电,2025-04-13,0.752842
美国,欣赏,台积电,2024-11-28,0.752842
美国,欣赏,台积电,2024-11-28,0.752842
美国,欣赏,台积电,2025-04-17,0.752842
美国,欣赏,台积电,2025-04-17,0.752842
美国,欣赏,台积电,2025-04-17,0.752842
美国,欢迎,台积电,2025-04-13,0.723764
美国,欢迎,台积电,2024-11-09,0.723764
美国,欢迎,台积电,2025-04-02,0.723764
美国,认为违规,台积电,2024-11-14,0.716483
美国,认为违规,台积电,2024-11-14,0.716483
美国,认为违规,台积电,2024-11-09,0.716483
美国,认为违规,台积电,2024-11-09,0.716483
美国,认为违规,台积电,2024-11-09,0.716483
美国,认为违规,台积电,2024-11-09,0.716483
美国,认为违规,台积电,2024-11-28,0.716483
美国,认为违规,台积电,2024-11-09,0.716483
美国,认为违规,台积电,2024-11-09,0.716483
美国,认为违规,台积电,2024-11-09,0.716483
美国,认为违规,台积电,2024-11-09,0.716483
美国,认为违规,台积电,2024-11-09,0.716483
美国,认为违规,台积电,2024-11-09,0.716483
美国,认为违规,台积电,2024-11-28,0.716483
美国,认为违规,台积电,2024-11-10,0.716483
美国,认为违规,台积电,2024-11-10,0.716483
美国,认为违规,台积电,2024-11-10,0.716483
美国,认为违规,台积电,2024-11-10,0.716483
美国,认为违规,台积电,2024-11-10,0.716483
美国,认为违规,台积电,2024-11-10,0.716483
美国,认为违规,台积电,2024-11-10,0.716483
美国,认为违规,台积电,2024-11-10,0.716483
美国,认为违规,台积电,2024-11-10,0.716483
美国,认为违规,台积电,2024-11-10,0.716483
美国,认为违规,台积电,2024-11-10,0.716483
美国,认为违规,台积电,2024-11-09,0.716483
美国,认为违规,台积电,2024-11-12,0.716483
美国,认为违规,台积电,2024-11-10,0.716483
美国,认为非法,台积电,2024-11-28,0.694979
美国,认为非法,台积电,2024-11-28,0.694979
美国,认为非法,台积电,2024-11-10,0.694979
美国,认为非法,台积电,2024-11-07,0.694979
美国,喜欢,台积电,2024-11-28,0.681701
美国,喜欢,台积电,2025-04-17,0.681701
美国,喜欢,台积电,2025-04-17,0.681701
美国,喜欢,台积电,2025-04-17,0.681701
墨西哥,认为违规,台积电,2024-11-13,0.665419
美国,认为可靠,台积电,2025-03-03,0.658428
美国,认为可靠,台积电,2025-01-13,0.658428
美国,认为可靠,台积电,2024-11-28,0.658428
美国,认为可靠,台积电,2025-03-02,0.658428
美国,认为可靠,台积电,2024-11-28,0.658428
中国,损害,台积电,2025-03-14,0.657363
美国,认为优秀,台积电,2025-03-03,0.630842
美国,认为优秀,台积电,2025-03-02,0.630842
美国,认为优秀,台积电,2025-01-13,0.630842
美国,认为优秀,台积电,2025-04-13,0.630842
美国,认为优秀,台积电,2025-04-13,0.630842
美国,认为优秀,台积电,2024-11-28,0.630842
美国,认为优秀,台积电,2025-03-02,0.630842
美国,认为优秀,台积电,2025-03-02,0.630842
美国,认为优秀,台积电,2024-11-28,0.630842
美国,认为优秀,台积电,2024-11-10,0.630842
美国,认为优秀,台积电,2025-04-17,0.630842
美国,认为优秀,台积电,2025-04-17,0.630842
美国,认为优秀,台积电,2025-04-17,0.630842
美国,认为优秀,台积电,2025-04-07,0.630842
特朗普,欢迎,台积电,2025-03-11,0.617064
特朗普,欢迎,台积电,2025-03-11,0.617064
特朗普,欢迎,台积电,2025-04-15,0.617064
特朗普,欢迎,台积电,2025-03-11,0.617064
特朗普,欢迎,台积电,2025-03-11,0.617064
特朗普,欢迎,台积电,2025-04-10,0.617064
特朗普,欢迎,台积电,2024-11-12,0.617064
特朗普,欢迎,台积电,2025-04-14,0.617064
美国,视作英雄,台积电,2024-11-10,0.591725
特朗普,喜欢,台积电,2025-04-05,0.582533
特朗普,喜欢,台积电,2025-04-16,0.582533
特朗普,喜欢,台积电,2025-04-16,0.582533
特朗普,喜欢,台积电,2025-04-16,0.582533
特朗普,喜欢,台积电,2025-03-11,0.582533
特朗普,喜欢,台积电,2025-04-15,0.582533
特朗普,喜欢,台积电,2025-04-25,0.582533
特朗普,喜欢,台积电,2025-03-17,0.582533
特朗普,喜欢,台积电,2025-03-11,0.582533
特朗普,喜欢,台积电,2025-04-15,0.582533
特朗普,喜欢,台积电,2025-03-11,0.582533
特朗普,喜欢,台积电,2025-03-11,0.582533
特朗普,喜欢,台积电,2025-03-11,0.582533
特朗普,喜欢,台积电,2025-03-11,0.582533
特朗普,喜欢,台积电,2025-02-15,0.582533
特朗普,喜欢,台积电,2024-11-07,0.582533
特朗普,喜欢,台积电,2025-04-10,0.582533
特朗普,喜欢,台积电,2025-04-10,0.582533
特朗普,喜欢,台积电,2025-04-10,0.582533
特朗普,喜欢,台积电,2024-11-12,0.582533
特朗普,喜欢,台积电,2025-04-14,0.582533
特朗普,欣赏,台积电,2025-04-13,0.568904
特朗普,欣赏,台积电,2025-04-16,0.568904
特朗普,欣赏,台积电,2025-04-16,0.568904
特朗普,欣赏,台积电,2025-04-16,0.568904
特朗普,欣赏,台积电,2024-11-10,0.568904
特朗普,欣赏,台积电,2024-11-10,0.568904
特朗普,欣赏,台积电,2024-11-10,0.568904
特朗普,欣赏,台积电,2024-11-10,0.568904
特朗普,欣赏,台积电,2025-04-03,0.568904
特朗普,欣赏,台积电,2024-11-07,0.568904
特朗普,欣赏,台积电,2025-03-11,0.568904
特朗普,欣赏,台积电,2025-04-15,0.568904
特朗普,欣赏,台积电,2025-03-11,0.568904
特朗普,欣赏,台积电,2025-03-11,0.568904
特朗普,欣赏,台积电,2025-03-11,0.568904
特朗普,欣赏,台积电,2025-02-15,0.568904
特朗普,欣赏,台积电,2025-02-15,0.568904
特朗普,欣赏,台积电,2024-11-07,0.568904
特朗普,欣赏,台积电,2024-11-07,0.568904
特朗普,欣赏,台积电,2024-11-07,0.568904
特朗普,欣赏,台积电,2024-11-07,0.568904
特朗普,欣赏,台积电,2025-04-10,0.568904
特朗普,欣赏,台积电,2025-04-10,0.568904
特朗普,欣赏,台积电,2025-04-10,0.568904
特朗普,欣赏,台积电,2025-04-14,0.568904
美国,认为恐怖,台积电,2025-03-02,0.557253
美国,认为恐怖,台积电,2024-11-28,0.557253
美国,认为恐怖,台积电,2025-03-02,0.557253
美国,认为恐怖,台积电,2025-03-02,0.557253
美国,认为恐怖,台积电,2024-11-28,0.557253
美国,认为恐怖,台积电,2025-04-07,0.557253
美国,认为有暴力,台积电,2024-11-28,0.540360
美国,认为有暴力,台积电,2024-11-28,0.540360
美国,相信,台积电,2025-03-03,0.519566
美国,相信,台积电,2024-11-28,0.519566
美国,相信,台积电,2024-11-28,0.519566
美国,相信,台积电,2024-11-09,0.519566
美国,相信,台积电,2024-11-09,0.519566
美国,损害,台积电,2025-03-02,0.515225
美国,损害,台积电,2025-04-13,0.515225
美国,损害,台积电,2025-04-13,0.515225
美国,损害,台积电,2024-11-09,0.515225
美国,损害,台积电,2025-03-02,0.515225
美国,损害,台积电,2025-03-02,0.515225
美国,损害,台积电,2025-02-19,0.515225
美国,损害,台积电,2025-04-17,0.515225
美国,损害,台积电,2025-04-17,0.515225
美国,损害,台积电,2024-11-11,0.515225
美国,损害,台积电,2024-11-10,0.515225
美国,损害,台积电,2024-11-10,0.515225
美国,损害,台积电,2024-11-10,0.515225
美国,损害,台积电,2024-11-12,0.515225
美国,损害,台积电,2024-11-10,0.515225
美国,损害,台积电,2024-11-12,0.515225
美国,损害,台积电,2024-11-10,0.515225
美国,担忧,台积电,2025-03-03,0.515086
美国,担忧,台积电,2025-03-03,0.515086
美国,担忧,台积电,2025-03-02,0.515086
美国,担忧,台积电,2024-11-14,0.515086
美国,担忧,台积电,2024-11-09,0.515086
美国,担忧,台积电,2024-11-28,0.515086
美国,担忧,台积电,2024-11-09,0.515086
美国,担忧,台积电,2024-11-09,0.515086
美国,担忧,台积电,2024-11-09,0.515086
美国,担忧,台积电,2024-11-09,0.515086
美国,担忧,台积电,2025-03-02,0.515086
美国,担忧,台积电,2025-03-02,0.515086
美国,担忧,台积电,2025-03-05,0.515086
美国,担忧,台积电,2025-02-16,0.515086
美国,担忧,台积电,2024-11-28,0.515086
美国,担忧,台积电,2024-11-10,0.515086
美国,担忧,台积电,2024-11-10,0.515086
美国,担忧,台积电,2024-11-10,0.515086
美国,担忧,台积电,2024-11-10,0.515086
美国,担忧,台积电,2024-11-10,0.515086
美国,担忧,台积电,2024-11-10,0.515086
美国,担忧,台积电,2024-11-10,0.515086
美国,担忧,台积电,2024-11-10,0.515086
美国,担忧,台积电,2024-11-10,0.515086
美国,担忧,台积电,2024-11-10,0.515086
美国,担忧,台积电,2024-11-10,0.515086
美国,担忧,台积电,2025-03-05,0.515086
美国,担忧,台积电,2025-04-03,0.515086
美国,担忧,台积电,2024-11-11,0.515086
美国,担忧,台积电,2024-11-09,0.515086
美国,担忧,台积电,2024-11-12,0.515086
美国,担忧,台积电,2024-11-12,0.515086
美国,认为热情,台积电,2024-11-28,0.476146
特朗普,主导,台积电,2025-04-13,0.468283
特朗普,主导,台积电,2025-03-25,0.468283
特朗普,主导,台积电,2024-11-10,0.468283
特朗普,主导,台积电,2024-11-07,0.468283
特朗普,主导,台积电,2024-11-10,0.468283
特朗普,主导,台积电,2024-11-10,0.468283
特朗普,主导,台积电,2024-11-10,0.468283
特朗普,主导,台积电,2024-11-10,0.468283
特朗普,主导,台积电,2025-04-03,0.468283
特朗普,主导,台积电,2024-11-07,0.468283
特朗普,主导,台积电,2025-04-16,0.468283
特朗普,主导,台积电,2024-11-22,0.468283
特朗普,主导,台积电,2025-03-11,0.468283
特朗普,主导,台积电,2025-03-11,0.468283
特朗普,主导,台积电,2025-03-03,0.468283
特朗普,主导,台积电,2025-04-15,0.468283
特朗普,主导,台积电,2025-03-11,0.468283
特朗普,主导,台积电,2025-03-11,0.468283
特朗普,主导,台积电,2025-03-11,0.468283
特朗普,主导,台积电,2025-03-11,0.468283
特朗普,主导,台积电,2025-02-15,0.468283
特朗普,主导,台积电,2025-02-15,0.468283
特朗普,主导,台积电,2024-11-07,0.468283
特朗普,主导,台积电,2024-11-07,0.468283
特朗普,主导,台积电,2024-11-07,0.468283
特朗普,主导,台积电,2024-11-07,0.468283
特朗普,主导,台积电,2024-11-07,0.468283
特朗普,主导,台积电,2024-11-22,0.468283
特朗普,主导,台积电,2025-04-10,0.468283
特朗普,主导,台积电,2025-04-10,0.468283
特朗普,主导,台积电,2025-04-10,0.468283
特朗普,主导,台积电,2025-03-13,0.468283
美国,发放资金,台积电,2024-11-15,0.464641
美国,主导,台积电,2024-11-09,0.455120
美国,主导,台积电,2024-11-17,0.455120
美国,主导,台积电,2024-11-14,0.455120
美国,主导,台积电,2024-11-09,0.455120
美国,主导,台积电,2024-11-09,0.455120
美国,主导,台积电,2024-11-09,0.455120
美国,主导,台积电,2024-11-09,0.455120
美国,主导,台积电,2024-11-29,0.455120
美国,主导,台积电,2024-11-09,0.455120
美国,主导,台积电,2024-11-09,0.455120
美国,主导,台积电,2024-11-09,0.455120
美国,主导,台积电,2025-04-22,0.455120
美国,主导,台积电,2025-04-16,0.455120
美国,主导,台积电,2024-11-28,0.455120
美国,主导,台积电,2025-04-17,0.455120
美国,主导,台积电,2025-04-17,0.455120
美国,主导,台积电,2024-11-11,0.455120
美国,主导,台积电,2024-11-10,0.455120
美国,主导,台积电,2024-11-09,0.455120
美国,主导,台积电,2025-04-07,0.455120
美国,认可,台积电,2025-03-03,0.444931
美国,认可,台积电,2025-03-03,0.444931
美国,认可,台积电,2024-11-14,0.444931
美国,认可,台积电,2025-01-13,0.444931
美国,认可,台积电,2024-11-09,0.444931
美国,认可,台积电,2025-04-13,0.444931
美国,认可,台积电,2024-11-09,0.444931
美国,认可,台积电,2024-11-09,0.444931
美国,认可,台积电,2024-11-09,0.444931
美国,认可,台积电,2024-11-28,0.444931
美国,认可,台积电,2024-11-09,0.444931
美国,认可,台积电,2024-11-15,0.444931
美国,认可,台积电,2024-11-29,0.444931
美国,认可,台积电,2024-11-15,0.444931
美国,认可,台积电,2024-11-09,0.444931
美国,认可,台积电,2024-11-15,0.444931
美国,认可,台积电,2024-11-09,0.444931
美国,认可,台积电,2024-11-09,0.444931
美国,认可,台积电,2024-11-09,0.444931
美国,认可,台积电,2024-11-15,0.444931
美国,认可,台积电,2024-11-15,0.444931
美国,认可,台积电,2025-03-02,0.444931
美国,认可,台积电,2024-11-15,0.444931
美国,认可,台积电,2025-03-02,0.444931
美国,认可,台积电,2024-11-15,0.444931
美国,认可,台积电,2025-02-16,0.444931
美国,认可,台积电,2024-11-28,0.444931
美国,认可,台积电,2024-11-10,0.444931
美国,认可,台积电,2024-11-10,0.444931
美国,认可,台积电,2024-11-10,0.444931
美国,认可,台积电,2024-11-10,0.444931
美国,认可,台积电,2024-11-10,0.444931
美国,认可,台积电,2024-11-10,0.444931
美国,认可,台积电,2024-11-10,0.444931
美国,认可,台积电,2025-04-17,0.444931
美国,认可,台积电,2025-04-17,0.444931
美国,认可,台积电,2025-04-17,0.444931
美国,认可,台积电,2025-03-14,0.444931
美国,认可,台积电,2025-03-14,0.444931
美国,认可,台积电,2025-03-14,0.444931
美国,认可,台积电,2024-11-09,0.444931
美国,认可,台积电,2024-12-21,0.444931
美国,认可,台积电,2024-12-21,0.444931
美国,认可,台积电,2025-04-02,0.444931
美国,认可,台积电,2024-11-10,0.444931
美国,认可,台积电,2024-11-10,0.444931
美国,感到不满,台积电,2025-03-03,0.439950
美国,感到不满,台积电,2024-11-14,0.439950
美国,感到不满,台积电,2025-03-30,0.439950
美国,感到不满,台积电,2024-11-28,0.439950
美国,感到不满,台积电,2024-11-10,0.439950
美国,感到不满,台积电,2024-11-10,0.439950
美国,感到不满,台积电,2024-11-11,0.439950
美国,感到不满,台积电,2024-11-09,0.439950
美国,感到不满,台积电,2024-11-09,0.439950
台湾,担忧,台积电,2025-03-05,0.433283
美国,感到满意,台积电,2025-03-03,0.428074
美国,感到满意,台积电,2024-11-29,0.428074
美国,感到满意,台积电,2025-03-30,0.428074
美国,感到满意,台积电,2025-02-16,0.428074
美国,感到满意,台积电,2025-04-17,0.428074
美国,感到满意,台积电,2024-11-11,0.428074
美国,认为有成就,台积电,2025-03-02,0.426370
美国,认为有成就,台积电,2024-11-02,0.426370
美国,认为有成就,台积电,2024-11-28,0.426370
美国,认为有成就,台积电,2025-03-02,0.426370
美国,认为有成就,台积电,2024-11-28,0.426370
美国,认为有成就,台积电,2025-04-17,0.426370
美国,认为有成就,台积电,2025-04-17,0.426370
日本,主导,台积电,2025-03-05,0.421486
特朗普,认为违规,台积电,2025-04-13,0.421291
特朗普,认为违规,台积电,2025-03-25,0.421291
特朗普,认为违规,台积电,2025-04-13,0.421291
特朗普,认为违规,台积电,2025-04-13,0.421291
特朗普,认为违规,台积电,2024-11-10,0.421291
特朗普,认为违规,台积电,2024-11-10,0.421291
特朗普,认为违规,台积电,2024-11-10,0.421291
特朗普,认为违规,台积电,2024-11-10,0.421291
特朗普,认为违规,台积电,2024-11-10,0.421291
特朗普,认为违规,台积电,2024-11-10,0.421291
特朗普,认为违规,台积电,2025-04-16,0.421291
特朗普,认为违规,台积电,2024-11-07,0.421291
特朗普,认为违规,台积电,2024-11-07,0.421291
特朗普,认为违规,台积电,2024-11-22,0.421291
特朗普,认为违规,台积电,2025-03-11,0.421291
特朗普,认为违规,台积电,2025-04-17,0.421291
特朗普,认为违规,台积电,2025-02-14,0.421291
特朗普,认为违规,台积电,2025-03-11,0.421291
特朗普,认为违规,台积电,2025-03-11,0.421291
特朗普,认为违规,台积电,2025-03-11,0.421291
特朗普,认为违规,台积电,2025-03-11,0.421291
特朗普,认为违规,台积电,2025-03-11,0.421291
特朗普,认为违规,台积电,2025-02-15,0.421291
特朗普,认为违规,台积电,2025-02-15,0.421291
特朗普,认为违规,台积电,2024-11-07,0.421291
特朗普,认为违规,台积电,2024-11-07,0.421291
特朗普,认为违规,台积电,2024-11-07,0.421291
特朗普,认为违规,台积电,2024-11-22,0.421291
特朗普,认为违规,台积电,2025-04-08,0.421291
特朗普,认为违规,台积电,2025-04-10,0.421291
特朗普,认为违规,台积电,2024-11-30,0.421291
亚利桑那州,主导,台积电,2024-12-16,0.390697
亚利桑那州,主导,台积电,2024-11-09,0.390697
亚利桑那州,主导,台积电,2025-03-03,0.390697
亚利桑那州,主导,台积电,2024-11-09,0.390697
亚利桑那州,主导,台积电,2025-04-16,0.390697
亚利桑那州,主导,台积电,2025-01-14,0.390697
亚利桑那州,主导,台积电,2024-11-18,0.390697
亚利桑那州,主导,台积电,2025-04-15,0.390697
美国,认为有危机,台积电,2025-03-02,0.390559
美国,认为有危机,台积电,2024-11-28,0.390559
美国,认为有危机,台积电,2025-03-02,0.390559
美国,认为有危机,台积电,2025-03-02,0.390559
美国,认为有危机,台积电,2024-11-28,0.390559
美国,认为有危机,台积电,2025-02-19,0.390559
美国,认为有危机,台积电,2024-11-10,0.390559
美国,认为有危机,台积电,2024-11-10,0.390559
美国,认为有危机,台积电,2024-11-10,0.390559
台积电,损害,台湾,2025-03-05,0.386267
美国,威胁,台积电,2025-03-02,0.380306
美国,威胁,台积电,2025-04-16,0.380306
美国,威胁,台积电,2025-03-02,0.380306
美国,威胁,台积电,2025-03-02,0.380306
美国,威胁,台积电,2025-04-16,0.380306
美国,威胁,台积电,2025-02-19,0.380306
美国,威胁,台积电,2024-12-02,0.380306
美国,威胁,台积电,2025-04-17,0.380306
美国,威胁,台积电,2025-04-17,0.380306
美国,威胁,台积电,2025-04-17,0.380306
美国,威胁,台积电,2024-11-09,0.380306
美国,威胁,台积电,2024-11-10,0.380306
美国,威胁,台积电,2024-11-12,0.380306
台积电,损害,苹果,2024-11-26,0.377845
特朗普,感谢,台积电,2024-11-12,0.377180
特朗普,感谢,台积电,2024-11-12,0.377180
美国,认为失败,台积电,2024-11-14,0.373594
美国,认为失败,台积电,2024-11-14,0.373594
美国,认为失败,台积电,2024-11-28,0.373594
美国,认为失败,台积电,2025-03-02,0.373594
美国,认为失败,台积电,2025-03-02,0.373594
美国,认为失败,台积电,2024-11-28,0.373594
美国,认为失败,台积电,2024-11-10,0.373594
美国,认为失败,台积电,2024-11-10,0.373594
美国,认为失败,台积电,2024-11-10,0.373594
美国,认为失败,台积电,2024-11-10,0.373594
美国,认为失败,台积电,2024-11-10,0.373594
美国,认为失败,台积电,2024-11-10,0.373594
美国,认为失败,台积电,2024-11-10,0.373594
美国,认为失败,台积电,2024-11-10,0.373594
美国,认为失败,台积电,2024-11-10,0.373594
美国,认为失败,台积电,2024-11-10,0.373594
美国,认为失败,台积电,2024-11-11,0.373594
美国,认为失败,台积电,2024-11-10,0.373594
美国,认为失败,台积电,2024-11-10,0.373594
美国,认为有威胁,台积电,2025-03-02,0.364468
美国,认为有威胁,台积电,2024-11-28,0.364468
美国,认为有威胁,台积电,2025-03-02,0.364468
美国,认为有威胁,台积电,2025-03-02,0.364468
美国,认为有威胁,台积电,2024-11-28,0.364468
美国,认为有威胁,台积电,2025-04-16,0.364468
美国,认为有威胁,台积电,2025-02-19,0.364468
美国,认为有威胁,台积电,2024-11-10,0.364468
美国,认为有威胁,台积电,2024-11-10,0.364468
美国,认为有威胁,台积电,2024-11-10,0.364468
美国,认为有威胁,台积电,2024-12-02,0.364468
美国,认为有威胁,台积电,2025-04-17,0.364468
美国,认为有威胁,台积电,2025-04-17,0.364468
美国,认为有威胁,台积电,2024-11-10,0.364468
台湾,感到不满,台积电,2025-03-30,0.357018
亚利桑那州,损害,台积电,2025-03-30,0.350944
亚利桑那州,损害,台积电,2025-04-16,0.350944
亚利桑那州,损害,台积电,2025-04-15,0.350944
亚利桑那州,损害,台积电,2025-04-15,0.350944
亚利桑那州,损害,台积电,2025-04-15,0.350944
特朗普,认为优秀,台积电,2025-01-13,0.350312
特朗普,认为优秀,台积电,2025-04-13,0.350312
特朗普,认为优秀,台积电,2025-04-13,0.350312
特朗普,认为优秀,台积电,2025-04-08,0.350312
特朗普,认为优秀,台积电,2025-03-25,0.350312
特朗普,认为优秀,台积电,2025-02-09,0.350312
特朗普,认为优秀,台积电,2025-04-25,0.350312
特朗普,认为优秀,台积电,2025-04-16,0.350312
特朗普,认为优秀,台积电,2025-04-09,0.350312
特朗普,认为优秀,台积电,2024-11-10,0.350312
特朗普,认为优秀,台积电,2024-11-10,0.350312
特朗普,认为优秀,台积电,2025-04-16,0.350312
特朗普,认为优秀,台积电,2025-04-17,0.350312
特朗普,认为优秀,台积电,2025-04-15,0.350312
特朗普,认为优秀,台积电,2025-04-25,0.350312
特朗普,认为优秀,台积电,2024-11-10,0.350312
特朗普,认为优秀,台积电,2024-11-10,0.350312
特朗普,认为优秀,台积电,2024-11-10,0.350312
特朗普,认为优秀,台积电,2024-11-10,0.350312
特朗普,认为优秀,台积电,2024-11-10,0.350312
特朗普,认为优秀,台积电,2024-11-10,0.350312
特朗普,认为优秀,台积电,2024-11-10,0.350312
特朗普,认为优秀,台积电,2024-11-10,0.350312
特朗普,认为优秀,台积电,2025-04-03,0.350312
特朗普,认为优秀,台积电,2025-04-11,0.350312
特朗普,认为优秀,台积电,2024-11-07,0.350312
特朗普,认为优秀,台积电,2025-03-05,0.350312
特朗普,认为优秀,台积电,2025-03-11,0.350312
特朗普,认为优秀,台积电,2025-04-15,0.350312
特朗普,认为优秀,台积电,2025-04-09,0.350312
特朗普,认为优秀,台积电,2025-03-11,0.350312
特朗普,认为优秀,台积电,2025-03-11,0.350312
特朗普,认为优秀,台积电,2025-04-09,0.350312
特朗普,认为优秀,台积电,2025-03-11,0.350312
特朗普,认为优秀,台积电,2025-03-11,0.350312
特朗普,认为优秀,台积电,2025-03-11,0.350312
特朗普,认为优秀,台积电,2025-02-15,0.350312
特朗普,认为优秀,台积电,2024-11-07,0.350312
特朗普,认为优秀,台积电,2025-04-10,0.350312
特朗普,认为优秀,台积电,2025-04-10,0.350312
特朗普,认为优秀,台积电,2025-04-14,0.350312
美国,视为重要,台积电,2025-01-13,0.341943
美国,提供补贴,台积电,2024-11-14,0.328523
美国,提供补贴,台积电,2024-11-15,0.328523
特朗普,担忧,台积电,2025-04-08,0.325192
特朗普,担忧,台积电,2025-03-02,0.325192
特朗普,担忧,台积电,2025-04-16,0.325192
特朗普,担忧,台积电,2025-04-13,0.325192
特朗普,担忧,台积电,2025-04-13,0.325192
特朗普,担忧,台积电,2025-04-13,0.325192
特朗普,担忧,台积电,2025-04-13,0.325192
特朗普,担忧,台积电,2025-04-13,0.325192
特朗普,担忧,台积电,2025-03-02,0.325192
特朗普,担忧,台积电,2025-03-02,0.325192
特朗普,担忧,台积电,2025-02-09,0.325192
特朗普,担忧,台积电,2024-11-10,0.325192
特朗普,担忧,台积电,2024-11-10,0.325192
特朗普,担忧,台积电,2024-11-10,0.325192
特朗普,担忧,台积电,2024-11-10,0.325192
特朗普,担忧,台积电,2024-11-10,0.325192
特朗普,担忧,台积电,2024-11-10,0.325192
特朗普,担忧,台积电,2024-11-10,0.325192
特朗普,担忧,台积电,2024-11-10,0.325192
特朗普,担忧,台积电,2024-11-10,0.325192
特朗普,担忧,台积电,2024-11-10,0.325192
特朗普,担忧,台积电,2024-11-10,0.325192
特朗普,担忧,台积电,2024-11-10,0.325192
特朗普,担忧,台积电,2024-11-10,0.325192
特朗普,担忧,台积电,2025-04-16,0.325192
特朗普,担忧,台积电,2025-04-16,0.325192
特朗普,担忧,台积电,2025-03-05,0.325192
特朗普,担忧,台积电,2025-03-05,0.325192
特朗普,担忧,台积电,2024-11-07,0.325192
特朗普,担忧,台积电,2024-11-07,0.325192
特朗普,担忧,台积电,2025-04-16,0.325192
特朗普,担忧,台积电,2025-03-05,0.325192
特朗普,担忧,台积电,2025-03-11,0.325192
特朗普,担忧,台积电,2025-04-17,0.325192
特朗普,担忧,台积电,2025-03-11,0.325192
特朗普,担忧,台积电,2025-03-11,0.325192
特朗普,担忧,台积电,2025-03-11,0.325192
特朗普,担忧,台积电,2025-03-11,0.325192
特朗普,担忧,台积电,2025-03-11,0.325192
特朗普,担忧,台积电,2025-03-11,0.325192
特朗普,担忧,台积电,2025-03-05,0.325192
特朗普,担忧,台积电,2025-03-05,0.325192
特朗普,担忧,台积电,2025-04-18,0.325192
特朗普,担忧,台积电,2025-04-12,0.325192
特朗普,担忧,台积电,2025-02-15,0.325192
特朗普,担忧,台积电,2025-02-15,0.325192
特朗普,担忧,台积电,2024-11-07,0.325192
特朗普,担忧,台积电,2024-11-07,0.325192
特朗普,担忧,台积电,2024-11-07,0.325192
特朗普,担忧,台积电,2024-11-07,0.325192
特朗普,担忧,台积电,2024-11-07,0.325192
特朗普,担忧,台积电,2024-11-22,0.325192
特朗普,担忧,台积电,2025-04-08,0.325192
特朗普,担忧,台积电,2025-04-08,0.325192
特朗普,担忧,台积电,2025-04-10,0.325192
特朗普,担忧,台积电,2025-04-10,0.325192
特朗普,担忧,台积电,2024-11-12,0.325192
特朗普,担忧,台积电,2025-04-10,0.325192
特朗普,担忧,台积电,2025-04-17,0.325192
特朗普,担忧,台积电,2024-11-12,0.325192
美国,认为犯罪,台积电,2024-11-14,0.324863
美国,认为犯罪,台积电,2024-11-28,0.324863
美国,认为犯罪,台积电,2024-11-30,0.324863
美国,认为缺乏,台积电,2024-11-28,0.321936
美国,认为缺乏,台积电,2024-11-28,0.321936
特朗普,认为可靠,台积电,2025-04-08,0.319654
特朗普,认为可靠,台积电,2025-04-13,0.319654
特朗普,认为可靠,台积电,2025-04-13,0.319654
特朗普,认为可靠,台积电,2025-03-25,0.319654
特朗普,认为可靠,台积电,2025-03-11,0.319654
特朗普,认为可靠,台积电,2025-04-16,0.319654
特朗普,认为可靠,台积电,2025-04-16,0.319654
特朗普,认为可靠,台积电,2024-11-10,0.319654
特朗普,认为可靠,台积电,2024-11-10,0.319654
特朗普,认为可靠,台积电,2024-11-10,0.319654
特朗普,认为可靠,台积电,2025-04-23,0.319654
特朗普,认为可靠,台积电,2025-04-16,0.319654
特朗普,认为可靠,台积电,2025-03-11,0.319654
特朗普,认为可靠,台积电,2025-04-17,0.319654
特朗普,认为可靠,台积电,2025-04-15,0.319654
特朗普,认为可靠,台积电,2025-03-11,0.319654
特朗普,认为可靠,台积电,2025-03-11,0.319654
特朗普,认为可靠,台积电,2025-03-11,0.319654
特朗普,认为可靠,台积电,2025-04-18,0.319654
特朗普,认为可靠,台积电,2024-11-07,0.319654
特朗普,认为可靠,台积电,2024-11-07,0.319654
特朗普,认为可靠,台积电,2024-11-07,0.319654
特朗普,认为可靠,台积电,2024-11-07,0.319654
特朗普,认为可靠,台积电,2024-11-07,0.319654
特朗普,认为可靠,台积电,2025-04-10,0.319654
特朗普,认为可靠,台积电,2025-04-10,0.319654
特朗普,认为可靠,台积电,2025-04-14,0.319654
华盛顿,认为违规,台积电,2024-11-07,0.317315
美国,增进,台积电,2025-03-03,0.307379
美国,增进,台积电,2025-03-03,0.307379
美国,增进,台积电,2025-03-03,0.307379
美国,增进,台积电,2025-04-13,0.307379
美国,增进,台积电,2024-11-28,0.307379
美国,增进,台积电,2024-11-29,0.307379
美国,增进,台积电,2025-03-02,0.307379
美国,增进,台积电,2025-03-05,0.307379
美国,增进,台积电,2025-04-16,0.307379
美国,增进,台积电,2024-11-28,0.307379
美国,增进,台积电,2025-01-16,0.307379
美国,增进,台积电,2024-11-29,0.307379
美国,增进,台积电,2025-04-14,0.307379
美国,攻击,台积电,2024-11-14,0.305197
美国,攻击,台积电,2024-11-14,0.305197
美国,攻击,台积电,2025-02-19,0.305197
美国,攻击,台积电,2025-04-16,0.305197
美国,攻击,台积电,2025-04-16,0.305197
美国,攻击,台积电,2024-11-10,0.305197
美国,攻击,台积电,2025-04-21,0.305197
美国,攻击,台积电,2024-11-10,0.305197
台积电,欢迎,特朗普,2025-03-03,0.299207
美国,支持,台积电,2025-03-03,0.299082
美国,支持,台积电,2025-03-03,0.299082
美国,支持,台积电,2024-11-14,0.299082
美国,支持,台积电,2024-11-14,0.299082
美国,支持,台积电,2025-03-03,0.299082
美国,支持,台积电,2025-03-02,0.299082
美国,支持,台积电,2024-11-17,0.299082
美国,支持,台积电,2024-11-14,0.299082
美国,支持,台积电,2024-11-09,0.299082
美国,支持,台积电,2025-04-13,0.299082
美国,支持,台积电,2024-11-09,0.299082
美国,支持,台积电,2025-04-13,0.299082
美国,支持,台积电,2024-11-09,0.299082
美国,支持,台积电,2024-11-28,0.299082
美国,支持,台积电,2024-11-28,0.299082
美国,支持,台积电,2024-11-09,0.299082
美国,支持,台积电,2024-11-15,0.299082
美国,支持,台积电,2024-11-29,0.299082
美国,支持,台积电,2024-11-15,0.299082
美国,支持,台积电,2024-11-15,0.299082
美国,支持,台积电,2024-11-09,0.299082
美国,支持,台积电,2024-11-09,0.299082
美国,支持,台积电,2024-11-15,0.299082
美国,支持,台积电,2024-11-15,0.299082
美国,支持,台积电,2024-11-15,0.299082
美国,支持,台积电,2024-11-15,0.299082
美国,支持,台积电,2024-11-09,0.299082
美国,支持,台积电,2024-11-09,0.299082
美国,支持,台积电,2024-11-09,0.299082
美国,支持,台积电,2024-11-15,0.299082
美国,支持,台积电,2025-03-30,0.299082
美国,支持,台积电,2024-11-15,0.299082
美国,支持,台积电,2024-11-15,0.299082
美国,支持,台积电,2024-11-15,0.299082
美国,支持,台积电,2024-11-15,0.299082
美国,支持,台积电,2024-11-15,0.299082
美国,支持,台积电,2024-11-15,0.299082
美国,支持,台积电,2025-02-16,0.299082
美国,支持,台积电,2025-04-16,0.299082
美国,支持,台积电,2024-11-28,0.299082
美国,支持,台积电,2025-04-17,0.299082
美国,支持,台积电,2025-04-17,0.299082
美国,支持,台积电,2025-04-17,0.299082
美国,支持,台积电,2025-04-08,0.299082
美国,支持,台积电,2024-11-27,0.299082
美国,支持,台积电,2024-11-10,0.299082
美国,支持,台积电,2024-11-09,0.299082
美国,支持,台积电,2024-11-09,0.299082
美国,支持,台积电,2025-04-08,0.299082
美国,支持,台积电,2024-11-09,0.299082
美国,支持,台积电,2024-12-21,0.299082
美国,支持,台积电,2024-12-21,0.299082
美国,支持,台积电,2024-12-21,0.299082
美国,支持,台积电,2025-04-02,0.299082
特朗普,认为恐怖,台积电,2025-04-13,0.292343
特朗普,认为恐怖,台积电,2025-04-13,0.292343
特朗普,认为恐怖,台积电,2025-04-13,0.292343
特朗普,认为恐怖,台积电,2025-02-09,0.292343
特朗普,认为恐怖,台积电,2025-04-07,0.292343
特朗普,认为恐怖,台积电,2025-04-16,0.292343
特朗普,认为恐怖,台积电,2024-11-10,0.292343
特朗普,认为恐怖,台积电,2024-11-10,0.292343
特朗普,认为恐怖,台积电,2024-11-10,0.292343
特朗普,认为恐怖,台积电,2024-11-10,0.292343
特朗普,认为恐怖,台积电,2024-11-07,0.292343
特朗普,认为恐怖,台积电,2025-04-17,0.292343
特朗普,认为恐怖,台积电,2025-03-11,0.292343
特朗普,认为恐怖,台积电,2025-03-11,0.292343
特朗普,认为恐怖,台积电,2025-03-11,0.292343
特朗普,认为恐怖,台积电,2025-02-15,0.292343
特朗普,认为恐怖,台积电,2024-11-07,0.292343
特朗普,认为恐怖,台积电,2024-11-07,0.292343
特朗普,认为恐怖,台积电,2024-11-07,0.292343
特朗普,认为恐怖,台积电,2024-11-07,0.292343
特朗普,认为恐怖,台积电,2024-11-07,0.292343
特朗普,认为恐怖,台积电,2024-11-30,0.292343
特朗普,损害,台积电,2025-04-13,0.282293
特朗普,损害,台积电,2024-11-13,0.282293
特朗普,损害,台积电,2025-03-25,0.282293
特朗普,损害,台积电,2025-04-18,0.282293
特朗普,损害,台积电,2025-02-09,0.282293
特朗普,损害,台积电,2025-04-09,0.282293
特朗普,损害,台积电,2025-03-27,0.282293
特朗普,损害,台积电,2025-04-16,0.282293
特朗普,损害,台积电,2025-04-09,0.282293
特朗普,损害,台积电,2024-11-10,0.282293
特朗普,损害,台积电,2025-04-16,0.282293
特朗普,损害,台积电,2025-04-16,0.282293
特朗普,损害,台积电,2024-11-18,0.282293
特朗普,损害,台积电,2025-04-15,0.282293
特朗普,损害,台积电,2024-11-10,0.282293
特朗普,损害,台积电,2024-11-10,0.282293
特朗普,损害,台积电,2024-11-18,0.282293
特朗普,损害,台积电,2024-11-18,0.282293
特朗普,损害,台积电,2024-11-11,0.282293
特朗普,损害,台积电,2024-11-18,0.282293
特朗普,损害,台积电,2024-11-18,0.282293
特朗普,损害,台积电,2025-04-17,0.282293
特朗普,损害,台积电,2024-11-18,0.282293
特朗普,损害,台积电,2024-11-11,0.282293
特朗普,损害,台积电,2025-04-08,0.282293
特朗普,损害,台积电,2025-04-08,0.282293
特朗普,损害,台积电,2025-04-09,0.282293
特朗普,损害,台积电,2024-11-12,0.282293
特朗普,损害,台积电,2025-03-05,0.282293
特朗普,损害,台积电,2025-04-16,0.282293
特朗普,损害,台积电,2025-03-17,0.282293
特朗普,损害,台积电,2025-03-05,0.282293
特朗普,损害,台积电,2025-03-05,0.282293
特朗普,损害,台积电,2025-02-25,0.282293
特朗普,损害,台积电,2025-04-13,0.282293
特朗普,损害,台积电,2025-04-13,0.282293
特朗普,损害,台积电,2025-03-11,0.282293
特朗普,损害,台积电,2025-04-17,0.282293
特朗普,损害,台积电,2025-04-17,0.282293
特朗普,损害,台积电,2025-04-09,0.282293
特朗普,损害,台积电,2025-03-11,0.282293
特朗普,损害,台积电,2025-03-11,0.282293
特朗普,损害,台积电,2025-04-09,0.282293
特朗普,损害,台积电,2025-04-09,0.282293
特朗普,损害,台积电,2025-04-17,0.282293
特朗普,损害,台积电,2024-11-07,0.282293
特朗普,损害,台积电,2024-11-07,0.282293
特朗普,损害,台积电,2024-11-07,0.282293
特朗普,损害,台积电,2024-11-07,0.282293
特朗普,损害,台积电,2024-11-07,0.282293
特朗普,损害,台积电,2025-04-08,0.282293
特朗普,损害,台积电,2025-04-08,0.282293
特朗普,损害,台积电,2025-04-10,0.282293
特朗普,损害,台积电,2025-04-17,0.282293
特朗普,损害,台积电,2024-11-30,0.282293
特朗普,损害,台积电,2025-04-09,0.282293
特朗普,损害,台积电,2025-04-12,0.282293
特朗普,损害,台积电,2025-04-12,0.282293
特朗普,损害,台积电,2024-11-12,0.282293
特朗普,损害,台积电,2024-11-12,0.282293
特朗普,损害,台积电,2024-11-12,0.282293
特朗普,损害,台积电,2025-03-13,0.282293
特朗普,损害,台积电,2024-11-10,0.282293
华盛顿,损害,台积电,2025-04-17,0.280387
特朗普,认为有威胁,台积电,2025-04-08,0.278308
特朗普,认为有威胁,台积电,2025-04-13,0.278308
特朗普,认为有威胁,台积电,2025-04-13,0.278308
特朗普,认为有威胁,台积电,2025-04-13,0.278308
特朗普,认为有威胁,台积电,2025-04-18,0.278308
特朗普,认为有威胁,台积电,2025-04-13,0.278308
特朗普,认为有威胁,台积电,2025-04-13,0.278308
特朗普,认为有威胁,台积电,2025-03-02,0.278308
特朗普,认为有威胁,台积电,2025-04-17,0.278308
特朗普,认为有威胁,台积电,2025-04-17,0.278308
特朗普,认为有威胁,台积电,2025-02-09,0.278308
特朗普,认为有威胁,台积电,2025-03-27,0.278308
特朗普,认为有威胁,台积电,2025-04-09,0.278308
特朗普,认为有威胁,台积电,2024-11-10,0.278308
特朗普,认为有威胁,台积电,2024-11-10,0.278308
特朗普,认为有威胁,台积电,2025-04-16,0.278308
特朗普,认为有威胁,台积电,2025-04-16,0.278308
特朗普,认为有威胁,台积电,2024-11-10,0.278308
特朗普,认为有威胁,台积电,2024-11-10,0.278308
特朗普,认为有威胁,台积电,2024-11-10,0.278308
特朗普,认为有威胁,台积电,2024-11-10,0.278308
特朗普,认为有威胁,台积电,2024-11-10,0.278308
特朗普,认为有威胁,台积电,2024-11-10,0.278308
特朗普,认为有威胁,台积电,2024-11-10,0.278308
特朗普,认为有威胁,台积电,2025-04-08,0.278308
特朗普,认为有威胁,台积电,2025-04-09,0.278308
特朗普,认为有威胁,台积电,2025-04-16,0.278308
特朗普,认为有威胁,台积电,2024-11-07,0.278308
特朗普,认为有威胁,台积电,2024-11-07,0.278308
特朗普,认为有威胁,台积电,2025-04-16,0.278308
特朗普,认为有威胁,台积电,2025-03-17,0.278308
特朗普,认为有威胁,台积电,2025-03-05,0.278308
特朗普,认为有威胁,台积电,2025-03-05,0.278308
特朗普,认为有威胁,台积电,2025-02-25,0.278308
特朗普,认为有威胁,台积电,2025-04-17,0.278308
特朗普,认为有威胁,台积电,2025-03-11,0.278308
特朗普,认为有威胁,台积电,2025-03-11,0.278308
特朗普,认为有威胁,台积电,2025-03-11,0.278308
特朗普,认为有威胁,台积电,2025-03-11,0.278308
特朗普,认为有威胁,台积电,2025-03-11,0.278308
特朗普,认为有威胁,台积电,2025-04-09,0.278308
特朗普,认为有威胁,台积电,2025-04-09,0.278308
特朗普,认为有威胁,台积电,2024-11-07,0.278308
特朗普,认为有威胁,台积电,2024-11-07,0.278308
特朗普,认为有威胁,台积电,2024-11-07,0.278308
特朗普,认为有威胁,台积电,2024-11-07,0.278308
特朗普,认为有威胁,台积电,2024-11-07,0.278308
特朗普,认为有威胁,台积电,2024-11-22,0.278308
特朗普,认为有威胁,台积电,2025-04-08,0.278308
特朗普,认为有威胁,台积电,2025-04-08,0.278308
特朗普,认为有威胁,台积电,2025-04-08,0.278308
特朗普,认为有威胁,台积电,2025-04-08,0.278308
特朗普,认为有威胁,台积电,2024-11-30,0.278308
特朗普,认为有威胁,台积电,2025-04-12,0.278308
特朗普,认为有威胁,台积电,2024-11-12,0.278308
亚利桑那州,认为优秀,台积电,2025-04-18,0.272675
亚利桑那州,认为优秀,台积电,2025-04-15,0.272675
特朗普,相信,台积电,2025-04-08,0.271522
特朗普,相信,台积电,2025-04-13,0.271522
特朗普,相信,台积电,2025-04-13,0.271522
特朗普,相信,台积电,2025-04-13,0.271522
特朗普,相信,台积电,2025-04-16,0.271522
特朗普,相信,台积电,2025-04-16,0.271522
特朗普,相信,台积电,2025-03-11,0.271522
特朗普,相信,台积电,2025-04-17,0.271522
特朗普,相信,台积电,2025-03-11,0.271522
特朗普,相信,台积电,2025-03-11,0.271522
特朗普,相信,台积电,2025-02-15,0.271522
特朗普,相信,台积电,2025-04-08,0.271522
特朗普,相信,台积电,2025-04-10,0.271522
特朗普,相信,台积电,2025-04-14,0.271522
特朗普,认可,台积电,2025-04-08,0.266670
特朗普,认可,台积电,2025-04-13,0.266670
特朗普,认可,台积电,2025-04-13,0.266670
特朗普,认可,台积电,2025-04-13,0.266670
特朗普,认可,台积电,2025-03-25,0.266670
特朗普,认可,台积电,2025-04-05,0.266670
特朗普,认可,台积电,2025-04-13,0.266670
特朗普,认可,台积电,2025-02-09,0.266670
特朗普,认可,台积电,2024-11-10,0.266670
特朗普,认可,台积电,2024-11-10,0.266670
特朗普,认可,台积电,2025-04-16,0.266670
特朗普,认可,台积电,2025-04-16,0.266670
特朗普,认可,台积电,2024-11-10,0.266670
特朗普,认可,台积电,2024-11-10,0.266670
特朗普,认可,台积电,2024-11-10,0.266670
特朗普,认可,台积电,2024-11-10,0.266670
特朗普,认可,台积电,2024-11-10,0.266670
特朗普,认可,台积电,2025-04-03,0.266670
特朗普,认可,台积电,2025-04-03,0.266670
特朗普,认可,台积电,2025-04-16,0.266670
特朗普,认可,台积电,2024-11-07,0.266670
特朗普,认可,台积电,2025-04-16,0.266670
特朗普,认可,台积电,2025-03-17,0.266670
特朗普,认可,台积电,2025-04-13,0.266670
特朗普,认可,台积电,2025-03-11,0.266670
特朗普,认可,台积电,2025-04-17,0.266670
特朗普,认可,台积电,2025-04-15,0.266670
特朗普,认可,台积电,2025-02-14,0.266670
特朗普,认可,台积电,2025-03-11,0.266670
特朗普,认可,台积电,2025-03-11,0.266670
特朗普,认可,台积电,2025-03-11,0.266670
特朗普,认可,台积电,2025-03-11,0.266670
特朗普,认可,台积电,2025-03-11,0.266670
特朗普,认可,台积电,2025-03-11,0.266670
特朗普,认可,台积电,2025-04-18,0.266670
特朗普,认可,台积电,2025-02-15,0.266670
特朗普,认可,台积电,2025-02-15,0.266670
特朗普,认可,台积电,2024-11-07,0.266670
特朗普,认可,台积电,2024-11-07,0.266670
特朗普,认可,台积电,2024-11-07,0.266670
特朗普,认可,台积电,2024-11-07,0.266670
特朗普,认可,台积电,2024-11-07,0.266670
特朗普,认可,台积电,2024-11-22,0.266670
特朗普,认可,台积电,2025-04-10,0.266670
特朗普,认可,台积电,2025-04-10,0.266670
特朗普,认可,台积电,2025-04-10,0.266670
特朗普,认可,台积电,2024-11-12,0.266670
特朗普,认可,台积电,2024-11-12,0.266670
特朗普,认可,台积电,2025-04-14,0.266670
特朗普,认为非法,台积电,2025-03-11,0.266159
特朗普,认为非法,台积电,2025-03-11,0.266159
特朗普,认为非法,台积电,2025-03-11,0.266159
日本,增进,台积电,2025-03-05,0.257001
台湾,感到满意,台积电,2025-03-30,0.256721
特朗普,认为有危机,台积电,2025-04-13,0.255655
特朗普,认为有危机,台积电,2025-04-13,0.255655
特朗普,认为有危机,台积电,2025-02-09,0.255655
特朗普,认为有危机,台积电,2025-04-09,0.255655
特朗普,认为有危机,台积电,2024-11-10,0.255655
特朗普,认为有危机,台积电,2024-11-10,0.255655
特朗普,认为有危机,台积电,2024-11-10,0.255655
特朗普,认为有危机,台积电,2024-11-10,0.255655
特朗普,认为有危机,台积电,2025-04-16,0.255655
特朗普,认为有危机,台积电,2025-03-05,0.255655
特朗普,认为有危机,台积电,2025-03-11,0.255655
特朗普,认为有危机,台积电,2025-03-11,0.255655
特朗普,认为有危机,台积电,2025-03-11,0.255655
日本,损害,台积电,2025-04-15,0.255193
日本,损害,台积电,2025-04-15,0.255193
台积电,欢迎,苹果,2024-11-26,0.252504
台积电,欢迎,苹果,2024-11-25,0.252504
特朗普,认为有成就,台积电,2024-11-10,0.252167
特朗普,认为有成就,台积电,2025-03-11,0.252167
特朗普,认为有成就,台积电,2025-04-10,0.252167
特朗普,威胁,台积电,2025-04-08,0.243291
特朗普,威胁,台积电,2025-04-13,0.243291
特朗普,威胁,台积电,2025-04-13,0.243291
特朗普,威胁,台积电,2025-04-13,0.243291
特朗普,威胁,台积电,2025-04-13,0.243291
特朗普,威胁,台积电,2025-03-02,0.243291
特朗普,威胁,台积电,2025-03-02,0.243291
特朗普,威胁,台积电,2025-04-17,0.243291
特朗普,威胁,台积电,2025-04-17,0.243291
特朗普,威胁,台积电,2025-04-18,0.243291
特朗普,威胁,台积电,2025-04-18,0.243291
特朗普,威胁,台积电,2025-02-09,0.243291
特朗普,威胁,台积电,2025-04-09,0.243291
特朗普,威胁,台积电,2025-03-27,0.243291
特朗普,威胁,台积电,2025-04-09,0.243291
特朗普,威胁,台积电,2024-11-10,0.243291
特朗普,威胁,台积电,2024-11-10,0.243291
特朗普,威胁,台积电,2025-04-16,0.243291
特朗普,威胁,台积电,2025-04-16,0.243291
特朗普,威胁,台积电,2024-11-10,0.243291
特朗普,威胁,台积电,2024-11-10,0.243291
特朗普,威胁,台积电,2024-11-10,0.243291
特朗普,威胁,台积电,2024-11-10,0.243291
特朗普,威胁,台积电,2024-11-10,0.243291
特朗普,威胁,台积电,2024-11-10,0.243291
特朗普,威胁,台积电,2024-11-18,0.243291
特朗普,威胁,台积电,2024-11-18,0.243291
特朗普,威胁,台积电,2024-11-18,0.243291
特朗普,威胁,台积电,2025-04-17,0.243291
特朗普,威胁,台积电,2025-04-08,0.243291
特朗普,威胁,台积电,2025-04-08,0.243291
特朗普,威胁,台积电,2025-04-16,0.243291
特朗普,威胁,台积电,2025-03-05,0.243291
特朗普,威胁,台积电,2024-11-07,0.243291
特朗普,威胁,台积电,2025-04-16,0.243291
特朗普,威胁,台积电,2025-03-17,0.243291
特朗普,威胁,台积电,2025-04-17,0.243291
特朗普,威胁,台积电,2025-03-05,0.243291
特朗普,威胁,台积电,2025-03-05,0.243291
特朗普,威胁,台积电,2025-02-25,0.243291
特朗普,威胁,台积电,2025-03-11,0.243291
特朗普,威胁,台积电,2025-04-17,0.243291
特朗普,威胁,台积电,2025-03-11,0.243291
特朗普,威胁,台积电,2025-03-11,0.243291
特朗普,威胁,台积电,2025-03-11,0.243291
特朗普,威胁,台积电,2025-03-11,0.243291
特朗普,威胁,台积电,2025-04-09,0.243291
特朗普,威胁,台积电,2025-04-09,0.243291
特朗普,威胁,台积电,2024-11-07,0.243291
特朗普,威胁,台积电,2024-11-07,0.243291
特朗普,威胁,台积电,2024-11-07,0.243291
特朗普,威胁,台积电,2024-11-07,0.243291
特朗普,威胁,台积电,2024-11-07,0.243291
特朗普,威胁,台积电,2025-04-08,0.243291
特朗普,威胁,台积电,2025-04-08,0.243291
特朗普,威胁,台积电,2025-04-08,0.243291
特朗普,威胁,台积电,2024-11-30,0.243291
特朗普,威胁,台积电,2025-04-12,0.243291
特朗普,威胁,台积电,2024-11-12,0.243291
特朗普,威胁,台积电,2024-11-12,0.243291
特朗普,感到满意,台积电,2025-04-08,0.228513
特朗普,感到满意,台积电,2025-04-13,0.228513
特朗普,感到满意,台积电,2025-04-13,0.228513
特朗普,感到满意,台积电,2025-03-25,0.228513
特朗普,感到满意,台积电,2025-04-13,0.228513
特朗普,感到满意,台积电,2025-04-03,0.228513
特朗普,感到满意,台积电,2025-04-16,0.228513
特朗普,感到满意,台积电,2025-03-11,0.228513
特朗普,感到满意,台积电,2025-04-15,0.228513
特朗普,感到满意,台积电,2025-02-14,0.228513
特朗普,感到满意,台积电,2025-03-11,0.228513
特朗普,感到满意,台积电,2025-03-11,0.228513
特朗普,感到满意,台积电,2025-03-11,0.228513
特朗普,感到满意,台积电,2025-02-15,0.228513
特朗普,感到满意,台积电,2025-02-15,0.228513
特朗普,感到满意,台积电,2025-04-08,0.228513
特朗普,感到满意,台积电,2025-04-10,0.228513
特朗普,感到满意,台积电,2025-04-10,0.228513
特朗普,感到满意,台积电,2025-04-14,0.228513
台积电,认为违规,华为,2024-11-10,0.226253
台积电,认为违规,华为,2024-11-10,0.226253
特朗普,感到不满,台积电,2025-04-08,0.225237
特朗普,感到不满,台积电,2025-04-13,0.225237
特朗普,感到不满,台积电,2025-04-13,0.225237
特朗普,感到不满,台积电,2025-04-13,0.225237
特朗普,感到不满,台积电,2025-04-16,0.225237
特朗普,感到不满,台积电,2024-11-10,0.225237
特朗普,感到不满,台积电,2024-11-10,0.225237
特朗普,感到不满,台积电,2024-11-10,0.225237
特朗普,感到不满,台积电,2024-11-10,0.225237
特朗普,感到不满,台积电,2025-04-16,0.225237
特朗普,感到不满,台积电,2025-02-13,0.225237
特朗普,感到不满,台积电,2025-04-15,0.225237
特朗普,感到不满,台积电,2025-03-11,0.225237
特朗普,感到不满,台积电,2025-03-11,0.225237
特朗普,感到不满,台积电,2025-02-13,0.225237
特朗普,感到不满,台积电,2025-02-13,0.225237
特朗普,感到不满,台积电,2024-11-07,0.225237
特朗普,感到不满,台积电,2024-11-07,0.225237
特朗普,感到不满,台积电,2024-11-07,0.225237
特朗普,感到不满,台积电,2024-11-07,0.225237
特朗普,感到不满,台积电,2024-11-07,0.225237
特朗普,感到不满,台积电,2025-04-08,0.225237
特朗普,感到不满,台积电,2024-11-30,0.225237
特朗普,感到不满,台积电,2025-04-14,0.225237
路透社,欢迎,台积电,2025-03-11,0.221465
美国,提出交易,台积电,2025-02-16,0.220140
美国,质疑,台积电,2025-03-03,0.214319
美国,质疑,台积电,2025-03-03,0.214319
美国,质疑,台积电,2024-11-14,0.214319
美国,质疑,台积电,2025-03-03,0.214319
美国,质疑,台积电,2025-03-02,0.214319
美国,质疑,台积电,2024-11-14,0.214319
美国,质疑,台积电,2024-11-09,0.214319
美国,质疑,台积电,2024-11-09,0.214319
美国,质疑,台积电,2024-11-14,0.214319
美国,质疑,台积电,2024-11-28,0.214319
美国,质疑,台积电,2024-11-09,0.214319
美国,质疑,台积电,2024-11-09,0.214319
美国,质疑,台积电,2024-11-09,0.214319
美国,质疑,台积电,2024-11-09,0.214319
美国,质疑,台积电,2024-11-09,0.214319
美国,质疑,台积电,2025-03-02,0.214319
美国,质疑,台积电,2025-03-02,0.214319
美国,质疑,台积电,2025-02-16,0.214319
美国,质疑,台积电,2024-11-28,0.214319
美国,质疑,台积电,2024-11-10,0.214319
美国,质疑,台积电,2024-11-10,0.214319
美国,质疑,台积电,2024-11-10,0.214319
美国,质疑,台积电,2024-11-10,0.214319
美国,质疑,台积电,2024-11-10,0.214319
美国,质疑,台积电,2024-11-10,0.214319
美国,质疑,台积电,2024-11-10,0.214319
美国,质疑,台积电,2024-11-10,0.214319
美国,质疑,台积电,2024-11-10,0.214319
美国,质疑,台积电,2024-11-10,0.214319
美国,质疑,台积电,2024-11-10,0.214319
美国,质疑,台积电,2024-11-10,0.214319
美国,质疑,台积电,2025-04-07,0.214319
美国,质疑,台积电,2025-04-03,0.214319
美国,质疑,台积电,2024-11-09,0.214319
美国,质疑,台积电,2024-11-09,0.214319
美国,质疑,台积电,2024-11-09,0.214319
美国,质疑,台积电,2024-12-21,0.214319
美国,质疑,台积电,2025-04-21,0.214319
美国,质疑,台积电,2025-04-07,0.214319
美国,质疑,台积电,2024-11-12,0.214319
美国,质疑,台积电,2024-11-10,0.214319
特朗普,支持,台积电,2025-03-02,0.213854
特朗普,支持,台积电,2025-04-13,0.213854
特朗普,支持,台积电,2025-03-25,0.213854
特朗普,支持,台积电,2025-04-13,0.213854
特朗普,支持,台积电,2025-03-25,0.213854
特朗普,支持,台积电,2025-03-02,0.213854
特朗普,支持,台积电,2025-03-11,0.213854
特朗普,支持,台积电,2024-11-10,0.213854
特朗普,支持,台积电,2025-04-16,0.213854
特朗普,支持,台积电,2025-04-16,0.213854
特朗普,支持,台积电,2024-11-10,0.213854
特朗普,支持,台积电,2024-11-10,0.213854
特朗普,支持,台积电,2025-04-03,0.213854
特朗普,支持,台积电,2024-11-07,0.213854
特朗普,支持,台积电,2025-04-13,0.213854
特朗普,支持,台积电,2025-03-11,0.213854
特朗普,支持,台积电,2025-03-03,0.213854
特朗普,支持,台积电,2025-04-15,0.213854
特朗普,支持,台积电,2025-02-14,0.213854
特朗普,支持,台积电,2025-03-11,0.213854
特朗普,支持,台积电,2025-03-11,0.213854
特朗普,支持,台积电,2025-03-11,0.213854
特朗普,支持,台积电,2025-03-11,0.213854
特朗普,支持,台积电,2025-03-11,0.213854
特朗普,支持,台积电,2025-03-11,0.213854
特朗普,支持,台积电,2025-04-18,0.213854
特朗普,支持,台积电,2025-02-15,0.213854
特朗普,支持,台积电,2025-02-15,0.213854
特朗普,支持,台积电,2024-11-07,0.213854
特朗普,支持,台积电,2024-11-07,0.213854
特朗普,支持,台积电,2024-11-07,0.213854
特朗普,支持,台积电,2024-11-07,0.213854
特朗普,支持,台积电,2024-11-07,0.213854
特朗普,支持,台积电,2024-11-22,0.213854
特朗普,支持,台积电,2025-04-08,0.213854
特朗普,支持,台积电,2025-04-10,0.213854
特朗普,支持,台积电,2025-04-10,0.213854
特朗普,支持,台积电,2025-04-10,0.213854
特朗普,支持,台积电,2024-11-12,0.213854
特朗普,支持,台积电,2024-11-12,0.213854
特朗普,支持,台积电,2025-04-14,0.213854
美国,批评,台积电,2025-03-03,0.213092
美国,批评,台积电,2024-11-14,0.213092
美国,批评,台积电,2024-11-09,0.213092
美国,批评,台积电,2024-11-28,0.213092
美国,批评,台积电,2024-11-09,0.213092
美国,批评,台积电,2024-11-09,0.213092
美国,批评,台积电,2024-11-09,0.213092
美国,批评,台积电,2024-11-09,0.213092
美国,批评,台积电,2025-02-16,0.213092
美国,批评,台积电,2024-11-28,0.213092
美国,批评,台积电,2024-11-10,0.213092
美国,批评,台积电,2024-11-10,0.213092
美国,批评,台积电,2024-11-10,0.213092
美国,批评,台积电,2024-11-10,0.213092
美国,批评,台积电,2024-11-10,0.213092
美国,批评,台积电,2024-11-10,0.213092
美国,批评,台积电,2024-11-10,0.213092
美国,批评,台积电,2024-11-10,0.213092
美国,批评,台积电,2024-11-10,0.213092
美国,批评,台积电,2024-11-10,0.213092
美国,批评,台积电,2024-11-10,0.213092
美国,批评,台积电,2024-11-09,0.213092
美国,批评,台积电,2024-11-16,0.213092
美国,批评,台积电,2024-11-12,0.213092
美国,批评,台积电,2024-11-10,0.213092
特朗普,认为热情,台积电,2025-04-15,0.213055
特朗普,认为热情,台积电,2025-03-11,0.213055
特朗普,认为热情,台积电,2025-03-11,0.213055
特朗普,认为热情,台积电,2025-04-14,0.213055
台积电,支持,特朗普,2025-04-13,0.209647
特朗普,认为失败,台积电,2025-04-13,0.205336
特朗普,认为失败,台积电,2024-11-09,0.205336
特朗普,认为失败,台积电,2025-04-13,0.205336
特朗普,认为失败,台积电,2025-02-09,0.205336
特朗普,认为失败,台积电,2025-04-09,0.205336
特朗普,认为失败,台积电,2024-11-10,0.205336
特朗普,认为失败,台积电,2024-11-10,0.205336
特朗普,认为失败,台积电,2024-11-10,0.205336
特朗普,认为失败,台积电,2024-11-10,0.205336
特朗普,认为失败,台积电,2025-03-11,0.205336
特朗普,认为失败,台积电,2025-04-17,0.205336
特朗普,认为失败,台积电,2025-03-11,0.205336
特朗普,认为失败,台积电,2025-03-11,0.205336
特朗普,认为失败,台积电,2025-03-11,0.205336
特朗普,认为失败,台积电,2024-11-07,0.205336
特朗普,认为失败,台积电,2024-11-07,0.205336
特朗普,认为失败,台积电,2024-11-22,0.205336
特朗普,认为失败,台积电,2025-04-10,0.205336
特朗普,认为失败,台积电,2025-04-10,0.205336
台积电,损害,中国,2024-11-16,0.188999
华为,声明,台积电,2024-11-07,0.184665
台积电,感谢,特朗普,2024-11-12,0.183720
特朗普,促使,台积电,2025-04-09,0.180922
台积电,质疑,华为,2024-11-10,0.177801
台积电,质疑,华为,2024-11-10,0.177801
特朗普,攻击,台积电,2025-04-13,0.174355
特朗普,攻击,台积电,2025-04-13,0.174355
特朗普,攻击,台积电,2025-02-09,0.174355
特朗普,攻击,台积电,2025-04-09,0.174355
特朗普,攻击,台积电,2025-03-27,0.174355
特朗普,攻击,台积电,2025-04-09,0.174355
特朗普,攻击,台积电,2025-04-08,0.174355
特朗普,攻击,台积电,2025-04-16,0.174355
特朗普,攻击,台积电,2025-03-05,0.174355
特朗普,攻击,台积电,2025-04-16,0.174355
特朗普,攻击,台积电,2025-03-05,0.174355
特朗普,攻击,台积电,2025-02-25,0.174355
特朗普,攻击,台积电,2025-04-17,0.174355
特朗普,攻击,台积电,2025-03-11,0.174355
特朗普,攻击,台积电,2025-03-11,0.174355
特朗普,攻击,台积电,2025-03-11,0.174355
特朗普,攻击,台积电,2025-04-09,0.174355
特朗普,攻击,台积电,2025-04-09,0.174355
特朗普,攻击,台积电,2024-11-07,0.174355
特朗普,攻击,台积电,2024-11-07,0.174355
特朗普,攻击,台积电,2024-11-07,0.174355
特朗普,攻击,台积电,2024-11-07,0.174355
特朗普,攻击,台积电,2024-11-07,0.174355
特朗普,攻击,台积电,2025-04-08,0.174355
特朗普,攻击,台积电,2025-04-08,0.174355
特朗普,攻击,台积电,2025-04-08,0.174355
特朗普,攻击,台积电,2025-04-08,0.174355
特朗普,攻击,台积电,2024-11-12,0.174355
特朗普,攻击,台积电,2025-03-13,0.174355
台积电,攻击,苹果,2024-11-22,0.166056
德国,主导,台积电,2025-04-15,0.161926
台积电,欣赏,苹果,2024-11-25,0.157622
特朗普,认为犯罪,台积电,2025-04-13,0.156389
特朗普,认为犯罪,台积电,2025-04-13,0.156389
特朗普,认为犯罪,台积电,2024-11-10,0.156389
特朗普,认为犯罪,台积电,2024-12-23,0.156389
特朗普,认为犯罪,台积电,2024-11-07,0.156389
特朗普,认为犯罪,台积电,2024-11-07,0.156389
特朗普,认为犯罪,台积电,2024-11-22,0.156389
特朗普,认为犯罪,台积电,2025-04-17,0.156389
特朗普,认为犯罪,台积电,2024-11-07,0.156389
特朗普,认为犯罪,台积电,2024-11-22,0.156389
特朗普,认为犯罪,台积电,2024-11-30,0.156389
德国,损害,台积电,2025-04-15,0.155156
德国,损害,台积电,2025-04-15,0.155156
特朗普,威胁征税,台积电,2025-04-09,0.153907
台积电,损害,美国,2024-11-13,0.151586
台积电,损害,美国,2024-11-04,0.151586
台湾,认为可靠,特朗普,2025-04-09,0.150980
台湾,感到不满,特朗普,2025-02-19,0.150828
台湾,感到不满,特朗普,2025-04-09,0.150828
路透社,担忧,台积电,2024-11-14,0.149368
路透社,担忧,台积电,2025-04-24,0.149368
路透社,担忧,台积电,2024-11-10,0.149368
路透社,担忧,台积电,2025-03-02,0.149368
路透社,担忧,台积电,2024-11-09,0.149368
路透社,担忧,台积电,2024-11-10,0.149368
路透社,担忧,台积电,2025-04-07,0.149368
路透社,担忧,台积电,2025-04-08,0.149368
路透社,担忧,台积电,2025-04-08,0.149368
路透社,担忧,台积电,2025-04-08,0.149368
路透社,担忧,台积电,2025-04-07,0.149368
路透社,担忧,台积电,2025-04-08,0.149368
路透社,担忧,台积电,2025-03-11,0.149368
路透社,担忧,台积电,2025-04-03,0.149368
路透社,担忧,台积电,2025-03-11,0.149368
路透社,担忧,台积电,2025-01-10,0.149368
路透社,担忧,台积电,2025-04-18,0.149368
路透社,担忧,台积电,2025-04-25,0.149368
路透社,担忧,台积电,2025-04-15,0.149368
路透社,担忧,台积电,2025-01-10,0.149368
路透社,担忧,台积电,2025-04-02,0.149368
路透社,担忧,台积电,2025-04-06,0.149368
路透社,担忧,台积电,2025-04-08,0.149368
路透社,担忧,台积电,2025-04-07,0.149368
路透社,担忧,台积电,2025-04-07,0.149368
台积电,质疑,苹果,2024-11-25,0.146130
台湾,认可,特朗普,2025-04-09,0.142403
特朗普,增进,台积电,2025-03-25,0.141070
特朗普,增进,台积电,2024-11-09,0.141070
特朗普,增进,台积电,2025-03-25,0.141070
特朗普,增进,台积电,2025-02-09,0.141070
特朗普,增进,台积电,2025-04-09,0.141070
特朗普,增进,台积电,2025-03-27,0.141070
特朗普,增进,台积电,2025-02-18,0.141070
特朗普,增进,台积电,2025-03-05,0.141070
特朗普,增进,台积电,2024-11-07,0.141070
特朗普,增进,台积电,2025-04-16,0.141070
特朗普,增进,台积电,2025-02-25,0.141070
特朗普,增进,台积电,2025-04-13,0.141070
特朗普,增进,台积电,2025-03-11,0.141070
特朗普,增进,台积电,2025-03-11,0.141070
特朗普,增进,台积电,2025-03-11,0.141070
特朗普,增进,台积电,2025-02-15,0.141070
特朗普,增进,台积电,2025-02-15,0.141070
特朗普,增进,台积电,2024-11-07,0.141070
特朗普,增进,台积电,2024-11-07,0.141070
特朗普,增进,台积电,2024-11-07,0.141070
特朗普,增进,台积电,2024-11-07,0.141070
特朗普,增进,台积电,2024-11-07,0.141070
特朗普,增进,台积电,2025-04-10,0.141070
特朗普,增进,台积电,2025-04-10,0.141070
特朗普,增进,台积电,2025-04-10,0.141070
特朗普,增进,台积电,2025-04-14,0.141070
台湾,担忧,特朗普,2025-04-09,0.136372
特朗普,质疑,台积电,2025-04-08,0.133814
特朗普,质疑,台积电,2024-11-14,0.133814
特朗普,质疑,台积电,2025-04-16,0.133814
特朗普,质疑,台积电,2025-04-13,0.133814
特朗普,质疑,台积电,2025-04-13,0.133814
特朗普,质疑,台积电,2025-04-13,0.133814
特朗普,质疑,台积电,2025-04-05,0.133814
特朗普,质疑,台积电,2025-04-13,0.133814
特朗普,质疑,台积电,2025-04-13,0.133814
特朗普,质疑,台积电,2025-04-16,0.133814
特朗普,质疑,台积电,2024-11-10,0.133814
特朗普,质疑,台积电,2024-11-10,0.133814
特朗普,质疑,台积电,2024-11-10,0.133814
特朗普,质疑,台积电,2025-04-16,0.133814
特朗普,质疑,台积电,2025-04-17,0.133814
特朗普,质疑,台积电,2024-11-10,0.133814
特朗普,质疑,台积电,2024-11-10,0.133814
特朗普,质疑,台积电,2024-11-10,0.133814
特朗普,质疑,台积电,2024-11-10,0.133814
特朗普,质疑,台积电,2024-11-10,0.133814
特朗普,质疑,台积电,2024-11-10,0.133814
特朗普,质疑,台积电,2024-11-10,0.133814
特朗普,质疑,台积电,2024-11-10,0.133814
特朗普,质疑,台积电,2024-11-10,0.133814
特朗普,质疑,台积电,2024-11-10,0.133814
特朗普,质疑,台积电,2024-11-10,0.133814
特朗普,质疑,台积电,2024-11-10,0.133814
特朗普,质疑,台积电,2024-11-05,0.133814
特朗普,质疑,台积电,2024-11-05,0.133814
特朗普,质疑,台积电,2024-11-05,0.133814
特朗普,质疑,台积电,2024-11-05,0.133814
特朗普,质疑,台积电,2024-11-05,0.133814
特朗普,质疑,台积电,2024-11-05,0.133814
特朗普,质疑,台积电,2024-11-05,0.133814
特朗普,质疑,台积电,2025-04-03,0.133814
特朗普,质疑,台积电,2025-04-16,0.133814
特朗普,质疑,台积电,2025-04-16,0.133814
特朗普,质疑,台积电,2024-11-07,0.133814
特朗普,质疑,台积电,2024-11-07,0.133814
特朗普,质疑,台积电,2025-04-16,0.133814
特朗普,质疑,台积电,2024-11-22,0.133814
特朗普,质疑,台积电,2025-04-13,0.133814
特朗普,质疑,台积电,2025-03-11,0.133814
特朗普,质疑,台积电,2025-04-17,0.133814
特朗普,质疑,台积电,2025-03-11,0.133814
特朗普,质疑,台积电,2025-03-11,0.133814
特朗普,质疑,台积电,2025-03-11,0.133814
特朗普,质疑,台积电,2024-11-10,0.133814
特朗普,质疑,台积电,2025-03-11,0.133814
特朗普,质疑,台积电,2025-03-11,0.133814
特朗普,质疑,台积电,2025-04-18,0.133814
特朗普,质疑,台积电,2025-02-15,0.133814
特朗普,质疑,台积电,2025-02-15,0.133814
特朗普,质疑,台积电,2024-11-07,0.133814
特朗普,质疑,台积电,2024-11-07,0.133814
特朗普,质疑,台积电,2024-11-07,0.133814
特朗普,质疑,台积电,2024-11-07,0.133814
特朗普,质疑,台积电,2024-11-07,0.133814
特朗普,质疑,台积电,2024-11-22,0.133814
特朗普,质疑,台积电,2025-04-08,0.133814
特朗普,质疑,台积电,2025-04-10,0.133814
特朗普,质疑,台积电,2025-04-10,0.133814
特朗普,质疑,台积电,2024-11-30,0.133814
特朗普,质疑,台积电,2025-04-12,0.133814
特朗普,质疑,台积电,2024-11-12,0.133814
特朗普,质疑,台积电,2024-11-12,0.133814
特朗普,质疑,台积电,2024-11-10,0.133814
杰罗姆·鲍威尔,欣赏,台积电,2025-04-17,0.131435
杰罗姆·鲍威尔,欣赏,台积电,2025-04-17,0.131435
特朗普,认为缺乏,台积电,2025-03-11,0.131326
特朗普,认为缺乏,台积电,2025-03-11,0.131326
路透社,欣赏,台积电,2025-04-24,0.130739
杰罗姆·鲍威尔,担忧,台积电,2025-04-17,0.118376
杰罗姆·鲍威尔,担忧,台积电,2025-04-17,0.118376
杰罗姆·鲍威尔,担忧,台积电,2025-04-17,0.118376
魏哲家,欢迎,台积电,2024-11-07,0.115735
路透社,认为违规,台积电,2024-11-14,0.115676
路透社,认为违规,台积电,2024-11-14,0.115676
路透社,认为违规,台积电,2024-11-10,0.115676
路透社,认为违规,台积电,2025-04-08,0.115676
路透社,认为违规,台积电,2025-04-07,0.115676
路透社,认为违规,台积电,2025-04-08,0.115676
路透社,认为违规,台积电,2025-04-08,0.115676
路透社,认为违规,台积电,2025-04-07,0.115676
路透社,认为违规,台积电,2025-04-07,0.115676
路透社,威胁,台积电,2024-11-14,0.114302
路透社,威胁,台积电,2024-11-10,0.114302
路透社,威胁,台积电,2025-04-07,0.114302
路透社,威胁,台积电,2025-04-08,0.114302
特朗普,批评,台积电,2025-04-13,0.113969
特朗普,批评,台积电,2025-04-13,0.113969
特朗普,批评,台积电,2025-04-13,0.113969
特朗普,批评,台积电,2025-04-13,0.113969
特朗普,批评,台积电,2025-04-05,0.113969
特朗普,批评,台积电,2025-04-13,0.113969
特朗普,批评,台积电,2025-04-13,0.113969
特朗普,批评,台积电,2024-11-10,0.113969
特朗普,批评,台积电,2024-11-10,0.113969
特朗普,批评,台积电,2024-11-10,0.113969
特朗普,批评,台积电,2025-04-16,0.113969
特朗普,批评,台积电,2024-11-10,0.113969
特朗普,批评,台积电,2024-11-10,0.113969
特朗普,批评,台积电,2024-11-10,0.113969
特朗普,批评,台积电,2024-11-10,0.113969
特朗普,批评,台积电,2024-11-10,0.113969
特朗普,批评,台积电,2024-11-10,0.113969
特朗普,批评,台积电,2024-11-10,0.113969
特朗普,批评,台积电,2024-11-10,0.113969
特朗普,批评,台积电,2024-11-10,0.113969
特朗普,批评,台积电,2024-11-10,0.113969
特朗普,批评,台积电,2024-11-10,0.113969
特朗普,批评,台积电,2024-11-05,0.113969
特朗普,批评,台积电,2024-11-05,0.113969
特朗普,批评,台积电,2024-11-05,0.113969
特朗普,批评,台积电,2024-11-05,0.113969
特朗普,批评,台积电,2024-11-05,0.113969
特朗普,批评,台积电,2024-11-05,0.113969
特朗普,批评,台积电,2025-04-16,0.113969
特朗普,批评,台积电,2025-04-16,0.113969
特朗普,批评,台积电,2024-11-07,0.113969
特朗普,批评,台积电,2024-11-07,0.113969
特朗普,批评,台积电,2024-11-22,0.113969
特朗普,批评,台积电,2025-04-13,0.113969
特朗普,批评,台积电,2025-03-11,0.113969
特朗普,批评,台积电,2025-04-17,0.113969
特朗普,批评,台积电,2025-03-11,0.113969
特朗普,批评,台积电,2025-03-11,0.113969
特朗普,批评,台积电,2025-03-11,0.113969
特朗普,批评,台积电,2024-11-10,0.113969
特朗普,批评,台积电,2024-11-10,0.113969
特朗普,批评,台积电,2025-03-11,0.113969
特朗普,批评,台积电,2025-03-11,0.113969
特朗普,批评,台积电,2025-02-15,0.113969
特朗普,批评,台积电,2025-02-15,0.113969
特朗普,批评,台积电,2024-11-07,0.113969
特朗普,批评,台积电,2024-11-07,0.113969
特朗普,批评,台积电,2024-11-07,0.113969
特朗普,批评,台积电,2024-11-22,0.113969
特朗普,批评,台积电,2025-04-08,0.113969
特朗普,批评,台积电,2025-04-10,0.113969
特朗普,批评,台积电,2024-11-12,0.113969
特朗普,批评,台积电,2024-11-10,0.113969
特朗普,批评,台积电,2024-11-10,0.113969
特朗普,批评,台积电,2024-11-10,0.113969
特朗普,认为有暴力,台积电,2025-04-13,0.112184
特朗普,认为有暴力,台积电,2025-04-13,0.112184
特朗普,认为有暴力,台积电,2024-11-10,0.112184
特朗普,认为有暴力,台积电,2024-11-10,0.112184
特朗普,认为有暴力,台积电,2025-04-16,0.112184
特朗普,认为有暴力,台积电,2025-03-05,0.112184
特朗普,认为有暴力,台积电,2025-04-17,0.112184
特朗普,认为有暴力,台积电,2025-03-11,0.112184
特朗普,认为有暴力,台积电,2025-03-11,0.112184
特朗普,认为有暴力,台积电,2025-04-09,0.112184
特朗普,认为有暴力,台积电,2025-03-11,0.112184
特朗普,认为有暴力,台积电,2025-02-15,0.112184
特朗普,认为有暴力,台积电,2024-11-07,0.112184
特朗普,认为有暴力,台积电,2024-11-07,0.112184
特朗普,认为有暴力,台积电,2024-11-07,0.112184
特朗普,认为有暴力,台积电,2024-11-07,0.112184
特朗普,认为有暴力,台积电,2024-11-07,0.112184
特朗普,认为有暴力,台积电,2025-04-08,0.112184
特朗普,认为有暴力,台积电,2024-11-30,0.112184
投资者,欢迎,台积电,2024-11-29,0.109473
台湾,认为热情,特朗普,2025-04-09,0.108800
台积电,认为有威胁,台湾,2025-04-09,0.108117
台积电,认为有威胁,特朗普,2024-11-08,0.104638
路透社,主导,台积电,2024-11-14,0.100256
路透社,主导,台积电,2024-11-14,0.100256
路透社,主导,台积电,2024-11-10,0.100256
路透社,主导,台积电,2025-03-02,0.100256
路透社,主导,台积电,2024-11-11,0.100256
路透社,认为非法,台积电,2024-11-07,0.093167
路透社,相信,台积电,2024-11-14,0.091153
路透社,相信,台积电,2024-11-10,0.091153
路透社,相信,台积电,2025-03-02,0.091153
路透社,相信,台积电,2024-11-09,0.091153
路透社,相信,台积电,2024-11-10,0.091153
路透社,相信,台积电,2025-04-07,0.091153
路透社,相信,台积电,2025-03-11,0.091153
路透社,相信,台积电,2025-04-07,0.091153
路透社,相信,台积电,2025-04-08,0.091153
路透社,相信,台积电,2025-03-11,0.091153
路透社,相信,台积电,2025-03-11,0.091153
路透社,相信,台积电,2025-04-18,0.091153
路透社,相信,台积电,2024-11-30,0.091153
路透社,相信,台积电,2025-04-15,0.091153
路透社,喜欢,台积电,2025-04-24,0.090521
路透社,喜欢,台积电,2025-03-11,0.090521
高盛,威胁,台积电,2025-04-17,0.082853
政府,欢迎,台积电,2025-04-16,0.081167
路透社,认为恐怖,台积电,2024-11-14,0.079106
路透社,认为恐怖,台积电,2024-11-10,0.079106
路透社,认为恐怖,台积电,2025-04-07,0.079106
路透社,认为恐怖,台积电,2025-04-07,0.079106
路透社,认为恐怖,台积电,2025-04-08,0.079106
路透社,认为恐怖,台积电,2025-03-11,0.079106
路透社,认为恐怖,台积电,2024-11-30,0.079106
台积电,支持,苹果,2024-11-25,0.079032
台积电,支持,苹果,2024-12-23,0.079032
亚利桑那州,支持,台积电,2024-11-14,0.077466
中国,将...视为,台积电,2025-04-18,0.077026
台积电,主导,美国,2025-04-16,0.073964
台积电,主导,美国,2024-11-09,0.073964
台积电,主导,美国,2024-11-09,0.073964
台积电,主导,美国,2025-04-17,0.073964
台积电,主导,美国,2025-04-02,0.073964
台积电,主导,美国,2025-04-25,0.073964
台积电,主导,美国,2025-04-25,0.073964
台积电,主导,美国,2025-04-07,0.073964
霍华德·卢特尼克,担忧,台积电,2025-03-02,0.072845
杰罗姆·鲍威尔,认为恐怖,台积电,2025-04-17,0.071722
杰罗姆·鲍威尔,认为恐怖,台积电,2025-04-17,0.071722
杰罗姆·鲍威尔,认为恐怖,台积电,2025-04-17,0.071722
台积电,认可,苹果,2024-11-25,0.070706
半导体,担忧,台积电,2024-11-11,0.070236
苹果,支持,台积电,2024-11-10,0.069298
台积电,获得关税豁免,美国,2025-04-15,0.066228
华为技术有限公司,损害,台积电,2025-04-20,0.065535
乔·拜登,认可,台积电,2024-11-17,0.065079
台积电,威胁,美国,2024-11-04,0.064993
台积电,担忧,美国,2024-11-13,0.064204
高盛,认为有威胁,台积电,2025-04-17,0.063999
路透社,损害,台积电,2024-11-14,0.062746
路透社,损害,台积电,2024-11-10,0.062746
路透社,损害,台积电,2025-04-08,0.062746
路透社,认为失败,台积电,2024-11-14,0.062094
台积电,质疑,英伟达,2024-11-25,0.061809
帕特·基辛格,担忧,台积电,2024-12-02,0.060550
赖清德,担忧,台积电,2025-03-05,0.060383
赖清德,担忧,台积电,2025-03-09,0.060383
台积电,损害,英特尔,2025-03-11,0.060208
路透社,认为有威胁,台积电,2024-11-14,0.060079
路透社,认为有威胁,台积电,2024-11-10,0.060079
路透社,认为有威胁,台积电,2025-04-16,0.060079
路透社,认为有威胁,台积电,2025-04-08,0.060079
路透社,认为有威胁,台积电,2025-04-07,0.060079
路透社,认为有威胁,台积电,2025-04-08,0.060079
路透社,认为有威胁,台积电,2025-03-11,0.060079
路透社,认为有威胁,台积电,2024-11-06,0.060079
路透社,认为有威胁,台积电,2025-04-07,0.060079
台积电,视作英雄,特朗普,2024-11-14,0.059817
台积电,视作英雄,特朗普,2024-11-07,0.059817
路透社,认可,台积电,2024-11-14,0.059652
路透社,认可,台积电,2025-04-24,0.059652
路透社,认可,台积电,2024-11-10,0.059652
路透社,认可,台积电,2025-03-02,0.059652
路透社,认可,台积电,2024-11-09,0.059652
路透社,认可,台积电,2025-03-11,0.059652
路透社,认可,台积电,2025-04-08,0.059652
路透社,认可,台积电,2025-04-15,0.059652
吉娜·雷蒙多,担忧,台积电,2024-11-14,0.055781
吉娜·雷蒙多,担忧,台积电,2024-11-14,0.055781
德国,增进,台积电,2025-04-15,0.054488
基辛格,担忧,台积电,2024-12-02,0.053922
台湾总统,担忧,台积电,2025-04-18,0.053656
台湾总统,担忧,台积电,2025-04-23,0.053656
台积电,认为可靠,美国,2025-04-03,0.053450
台积电,认为可靠,美国,2024-11-04,0.053450
乔·拜登,认为可靠,台积电,2024-11-17,0.050796
台积电,相信,台积电,2024-11-07,0.050637
路透社,感到不满,台积电,2024-11-14,0.049723
路透社,感到不满,台积电,2024-11-10,0.049723
路透社,感到不满,台积电,2025-04-08,0.049723
乔·拜登,质疑,台积电,2024-11-17,0.049566
台积电,喜欢,苹果,2024-11-26,0.049281
台积电,喜欢,苹果,2024-11-25,0.049281
中国,认为非法,台湾,2025-03-03,0.048982
中国,认为非法,台湾,2025-04-12,0.048982
中国,认为非法,台湾,2024-11-16,0.048982
中国,认为非法,台湾,2025-01-14,0.048982
华盛顿,批评,台积电,2024-11-07,0.048543
半导体,欣赏,台积电,2024-11-11,0.047991
霍华德·鲁特尼克,担忧,台积电,2025-03-02,0.047748
霍华德·鲁特尼克,担忧,台积电,2025-03-02,0.047748
台湾,相信,特朗普,2025-04-09,0.047432
杰罗姆·鲍威尔,质疑,台积电,2025-04-17,0.047034
杰罗姆·鲍威尔,质疑,台积电,2025-04-17,0.047034
杰罗姆·鲍威尔,质疑,台积电,2025-04-17,0.047034
帕特·基辛格,威胁,台积电,2024-12-02,0.045964
格尔辛格,质疑,台积电,2024-12-02,0.045647
基辛格,损害,台积电,2024-12-02,0.045434
乔·拜登,支持,台积电,2024-11-17,0.044900
彭博社,欢迎,台积电,2025-03-11,0.043104
政府官员,欢迎,台积电,2025-03-11,0.042858
政府官员,欢迎,台积电,2025-03-11,0.042858
基辛格,威胁,台积电,2024-12-02,0.042563
台积电,认为有威胁,美国,2024-11-04,0.041728
台积电,认为有威胁,美国,2025-04-17,0.041728
摩根士丹利资本国际,欢迎,台积电,2025-04-24,0.040988
路透社,质疑,台积电,2024-11-14,0.040936
路透社,质疑,台积电,2025-04-24,0.040936
路透社,质疑,台积电,2024-11-10,0.040936
路透社,质疑,台积电,2024-11-09,0.040936
路透社,质疑,台积电,2025-04-25,0.040936
路透社,质疑,台积电,2025-04-07,0.040936
路透社,质疑,台积电,2025-04-07,0.040936
路透社,质疑,台积电,2025-04-08,0.040936
路透社,质疑,台积电,2024-11-09,0.040936
路透社,质疑,台积电,2025-03-11,0.040936
路透社,质疑,台积电,2025-04-03,0.040936
路透社,质疑,台积电,2025-04-03,0.040936
路透社,质疑,台积电,2025-03-11,0.040936
路透社,质疑,台积电,2025-04-18,0.040936
路透社,质疑,台积电,2025-04-25,0.040936
路透社,质疑,台积电,2025-04-25,0.040936
路透社,质疑,台积电,2025-04-03,0.040936
路透社,质疑,台积电,2025-04-15,0.040936
路透社,质疑,台积电,2025-04-02,0.040936
路透社,质疑,台积电,2025-04-06,0.040936
路透社,质疑,台积电,2025-04-07,0.040936
黄仁勋,欣赏,台积电,2024-12-30,0.040802
英伟达,损害,台积电,2024-11-29,0.040694
英伟达,损害,台积电,2025-04-17,0.040694
英伟达,损害,台积电,2025-04-17,0.040694
雷蒙多,担忧,台积电,2024-11-14,0.039168
路透社,攻击,台积电,2024-11-14,0.038912
路透社,攻击,台积电,2024-11-14,0.038912
路透社,认为有成就,台积电,2025-01-10,0.038911
霍华德·卢特尼克,认为违规,台积电,2025-03-02,0.038864
英伟达,主导,台积电,2024-11-16,0.038765
台湾总统,喜欢,台积电,2025-04-18,0.037771
台湾总统,喜欢,台积电,2025-04-23,0.037771
路透社,认为可靠,台积电,2024-11-14,0.037027
路透社,认为可靠,台积电,2025-04-24,0.037027
路透社,认为可靠,台积电,2024-11-10,0.037027
路透社,认为可靠,台积电,2025-04-08,0.037027
台湾,欢迎,特朗普,2025-03-03,0.036923
台湾,欢迎,特朗普,2025-04-03,0.036923
台湾,欢迎,特朗普,2025-04-09,0.036923
拜登政府,损害,台积电,2024-11-07,0.036506
拜登政府,损害,台积电,2024-11-07,0.036506
拜登政府,损害,台积电,2024-11-07,0.036506
拜登政府,损害,台积电,2024-11-07,0.036506
《金融时报》,相信,台积电,2024-11-07,0.036435
《金融时报》,相信,台积电,2025-04-18,0.036435
《金融时报》,相信,台积电,2024-11-04,0.036435
基辛格,认为恐怖,台积电,2024-12-02,0.036302
中国,认为可靠,台湾,2025-04-12,0.036195
中国,认为可靠,台湾,2025-01-14,0.036195
中国,认为可靠,台湾,2025-01-14,0.036195
台积电,增进,美国,2025-03-03,0.036072
台积电,增进,美国,2025-04-16,0.036072
台积电,增进,美国,2025-04-16,0.036072
台积电,增进,美国,2025-03-24,0.036072
台积电,增进,美国,2025-04-07,0.036072
台积电,增进,美国,2025-04-07,0.036072
台积电,增进,美国,2025-04-14,0.036072
台积电,增进,美国,2025-02-13,0.036072
台积电,增进,美国,2025-04-15,0.036072
台积电,增进,美国,2025-04-17,0.036072
台积电,增进,美国,2025-04-02,0.036072
台积电,增进,美国,2025-02-13,0.036072
台积电,增进,美国,2025-03-05,0.036072
台积电,增进,美国,2025-02-13,0.036072
台积电,增进,美国,2025-04-08,0.036072
台积电,增进,美国,2025-04-18,0.036072
帕特·基辛格,认为有威胁,台积电,2024-12-02,0.035745
台湾总统,欣赏,台积电,2025-04-18,0.035548
台湾总统,欣赏,台积电,2025-04-23,0.035548
美国,认为有成就,新加坡,2025-04-03,0.035284
台积电,认为可靠,苹果,2024-11-25,0.034570
《金融时报》,担忧,台积电,2024-11-09,0.033888
《金融时报》,担忧,台积电,2024-11-07,0.033888
《金融时报》,担忧,台积电,2025-04-18,0.033888
《金融时报》,担忧,台积电,2024-11-07,0.033888
《金融时报》,担忧,台积电,2024-11-04,0.033888
杰罗姆·鲍威尔,认为有威胁,台积电,2025-04-17,0.032971
华为技术有限公司,感到不满,台积电,2025-04-20,0.032735
格尔辛格,认为恐怖,台积电,2024-12-02,0.032179
路透社,增进,台积电,2024-11-10,0.032101
路透社,增进,台积电,2025-03-02,0.032101
魏哲家,感到不满,台积电,2025-04-16,0.031589
魏哲家,主导,台积电,2025-04-16,0.031500
魏哲家,主导,台积电,2025-04-16,0.031500
中国,担忧,台湾,2025-03-24,0.030707
彭博社,担忧,台积电,2024-11-06,0.030594
半导体,主导,台积电,2024-11-11,0.030452
台积电,建设,亚利桑那州,2024-11-29,0.030244
中国,感到不满,台湾,2025-03-24,0.030221
半导体,损害,台积电,2025-02-09,0.029853
路透社,认为有危机,台积电,2024-11-14,0.029552
路透社,认为有危机,台积电,2024-11-10,0.029552
路透社,认为有危机,台积电,2025-04-08,0.029552
路透社,认为有危机,台积电,2025-04-07,0.029552
路透社,认为有危机,台积电,2025-04-08,0.029552
路透社,认为有危机,台积电,2025-03-11,0.029552
路透社,认为有危机,台积电,2025-04-15,0.029552
路透社,认为有危机,台积电,2025-04-06,0.029552
路透社,认为有危机,台积电,2025-04-07,0.029552
魏哲家,担忧,台积电,2025-03-02,0.029485
魏哲家,担忧,台积电,2025-03-05,0.029485
魏哲家,担忧,台积电,2025-04-16,0.029485
魏哲家,担忧,台积电,2025-04-17,0.029485
魏哲家,担忧,台积电,2025-04-17,0.029485
魏哲家,担忧,台积电,2025-04-16,0.029485
魏哲家,担忧,台积电,2025-04-16,0.029485
魏哲家,担忧,台积电,2025-04-16,0.029485
白宫,相信,台积电,2025-04-02,0.028930
台积电,批评,苹果,2024-11-25,0.028802
基辛格,认为有威胁,台积电,2024-12-02,0.028713
杰罗姆·鲍威尔,认可,台积电,2025-04-17,0.028355
半导体,质疑,台积电,2024-11-11,0.028315
格尔辛格,损害,台积电,2024-12-02,0.028124
吉娜·雷蒙多,认为违规,台积电,2024-11-14,0.027873
摩根大通,主导,台积电,2025-04-17,0.027729
北京,认为可靠,台湾,2025-02-19,0.027728
霍华德·鲁特尼克,认为违规,台积电,2025-03-02,0.027339
霍华德·鲁特尼克,认为违规,台积电,2025-03-02,0.027339
半导体,认为违规,台积电,2024-11-11,0.027308
台积电,生产芯片,亚利桑那州,2024-11-15,0.027104
投资人,欢迎,台积电,2024-11-05,0.026433
台湾总统,感谢,台积电,2025-04-23,0.026323
《金融时报》,认为有威胁,台积电,2024-11-09,0.026212
《金融时报》,认为有威胁,台积电,2025-04-18,0.026212
《金融时报》,认为有威胁,台积电,2024-11-04,0.026212
杰罗姆·鲍威尔,认为有危机,台积电,2025-04-17,0.025979
英伟达,质疑,台积电,2025-04-14,0.025943
帕特·盖尔辛格,担忧,台积电,2025-03-27,0.025280
台湾,喜欢,特朗普,2025-04-09,0.024962
格尔辛格,认为犯罪,台积电,2024-12-02,0.024645
基辛格,攻击,台积电,2024-12-02,0.024507
台湾,认为优秀,特朗普,2025-04-09,0.024038
台湾总统,相信,台积电,2025-04-18,0.024030
台湾总统,相信,台积电,2025-04-23,0.024030
《金融时报》,认为恐怖,台积电,2025-04-18,0.023679
路透社,支持,台积电,2024-11-14,0.023452
路透社,支持,台积电,2025-04-24,0.023452
路透社,支持,台积电,2024-11-10,0.023452
路透社,支持,台积电,2025-03-02,0.023452
路透社,支持,台积电,2025-03-11,0.023452
路透社,支持,台积电,2024-11-09,0.023452
路透社,支持,台积电,2025-04-15,0.023452
台积电,认为有危机,美国,2024-11-04,0.023261
伦纳特·海姆,担忧,台积电,2025-04-22,0.022907
伦纳特·海姆,担忧,台积电,2025-04-22,0.022907
伦纳特·海姆,担忧,台积电,2025-04-21,0.022907
特朗普,主导,台湾,2024-12-03,0.022780
霍华德·卢特尼克,质疑,台积电,2025-03-02,0.022416
台积电,认为有威胁,中国,2025-04-13,0.022286
半导体,感到不满,台积电,2024-11-11,0.022200
芯片,担忧,台积电,2024-11-11,0.021845
芯片,担忧,台积电,2024-11-11,0.021845
路透社,感到满意,台积电,2024-11-10,0.021716
雷蒙多,损害,台积电,2024-11-14,0.021609
半导体,威胁,台积电,2025-02-09,0.021470
半导体,威胁,台积电,2024-11-11,0.021470
白宫,认为有威胁,台积电,2025-04-02,0.020920
帕特·基辛格,认为有危机,台积电,2024-12-02,0.020750
台积电,认为优秀,苹果,2025-02-03,0.020674
台积电,认为优秀,苹果,2024-11-25,0.020674
帕特·盖尔辛格,感到不满,台积电,2024-11-06,0.020649
德国,认为优秀,台积电,2025-04-15,0.020328
白宫,威胁,台积电,2025-04-02,0.020279
台积电,支持,英伟达,2024-12-26,0.020154
台积电,支持,英伟达,2024-12-27,0.020154
习近平,威胁,台积电,2024-11-29,0.019821
霍华德·卢特尼克,威胁,台积电,2025-03-02,0.019773
《金融时报》,认为违规,台积电,2024-11-09,0.019634
《金融时报》,认为违规,台积电,2025-04-18,0.019634
格尔辛格,认为有威胁,台积电,2024-12-02,0.019609
半导体,相信,台积电,2024-11-11,0.019554
台湾,认为恐怖,特朗普,2025-04-09,0.019448
美国,感到不满,英伟达,2025-04-21,0.019445
美国,担忧,英伟达,2025-04-21,0.019356
台积电,增进,亚利桑那州,2024-11-06,0.019274
雷蒙多,认为违规,台积电,2024-11-14,0.019165
雷蒙多,认为违规,台积电,2024-11-14,0.019165
雷蒙多,认为违规,台积电,2024-11-14,0.019165
《金融时报》,认为有危机,台积电,2025-04-18,0.019138
黄仁勋,喜欢,台积电,2024-12-30,0.018867
莱纳特·海姆,担忧,台积电,2025-04-08,0.018710
《金融时报》,感到不满,台积电,2025-04-18,0.018648
魏哲家,认为恐怖,台积电,2025-04-16,0.018566
魏哲家,认为恐怖,台积电,2025-04-16,0.018566
英伟达,威胁,台积电,2025-04-17,0.018497
英特尔,损害,台积电,2024-12-02,0.018407
英特尔,损害,台积电,2024-12-09,0.018407
英国,感谢,特朗普,2025-03-03,0.018290
政府,损害,台积电,2025-04-16,0.018240
《金融时报》,威胁,台积电,2025-04-18,0.018156
《金融时报》,威胁,台积电,2024-11-04,0.018156
丹尼尔·纽曼,担忧,台积电,2025-03-02,0.018044
丹尼尔·纽曼,担忧,台积电,2025-03-02,0.018044
习近平,认为有威胁,台积电,2024-11-29,0.017559
格尔辛格,威胁,台积电,2024-12-02,0.017397
台湾政府,损害,台积电,2024-11-04,0.017264
台湾政府,损害,台积电,2024-11-04,0.017264
台湾政府,损害,台积电,2024-11-04,0.017264
霍华德·鲁特尼克,质疑,台积电,2025-03-02,0.017109
霍华德·鲁特尼克,质疑,台积电,2025-03-02,0.017109
霍华德·鲁特尼克,质疑,台积电,2025-03-03,0.017109
杰罗姆·鲍威尔,担忧,特朗普,2025-04-17,0.016954
杰罗姆·鲍威尔,担忧,特朗普,2025-04-17,0.016954
杰罗姆·鲍威尔,担忧,特朗普,2025-04-17,0.016954
杰罗姆·鲍威尔,担忧,特朗普,2025-04-17,0.016954
杰罗姆·鲍威尔,担忧,特朗普,2025-04-17,0.016954
杰罗姆·鲍威尔,担忧,特朗普,2025-04-17,0.016954
霍华德·鲁特尼克,主导,台积电,2025-03-02,0.016885
中国,认可,台湾,2025-04-12,0.016836
中国,认可,台湾,2025-01-14,0.016836
中国,认可,台湾,2025-01-13,0.016836
中国,认可,台湾,2025-01-14,0.016836
华为技术有限公司,威胁,台积电,2025-04-21,0.016649
华为技术有限公司,威胁,台积电,2025-04-20,0.016649
魏哲家,相信,台积电,2025-04-16,0.016600
吉娜·雷蒙多,损害,台积电,2024-11-14,0.016423
《金融时报》,欣赏,台积电,2024-11-04,0.016337
魏哲家,质疑,台积电,2025-03-02,0.015899
魏哲家,质疑,台积电,2025-04-16,0.015899
魏哲家,质疑,台积电,2025-04-17,0.015899
魏哲家,质疑,台积电,2025-04-16,0.015899
魏哲家,质疑,台积电,2025-04-16,0.015899
魏哲家,质疑,台积电,2025-04-23,0.015899
魏哲家,质疑,台积电,2025-04-23,0.015899
魏哲家,质疑,台积电,2025-04-17,0.015899
魏哲家,质疑,台积电,2025-04-16,0.015899
魏哲家,威胁,台积电,2025-04-16,0.015765
魏哲家,威胁,台积电,2025-03-05,0.015765
路透社,批评,台积电,2024-11-14,0.015622
路透社,批评,台积电,2024-11-10,0.015622
路透社,批评,台积电,2025-04-25,0.015622
路透社,批评,台积电,2025-04-25,0.015622
路透社,批评,台积电,2025-04-25,0.015622
路透社,批评,台积电,2024-11-07,0.015622
台积电,认可,台积电,2024-11-07,0.015470
半导体,认可,台积电,2024-11-11,0.015420
基辛格,认为有危机,台积电,2024-12-02,0.015280
霍华德·鲁特尼克,威胁,台积电,2025-03-02,0.015172
霍华德·鲁特尼克,威胁,台积电,2025-03-02,0.015172
半导体,批评,台积电,2024-11-11,0.015010
台积电,建设工厂,亚利桑那州,2024-11-15,0.014730
魏哲家,认为违规,台积电,2025-04-16,0.014670
魏哲家,认为违规,台积电,2025-04-16,0.014670
魏哲家,认为违规,台积电,2025-04-16,0.014670
台积电,感到不满,台积电,2024-11-07,0.014346
帕特·Ge尔辛格,担忧,台积电,2025-03-27,0.014345
魏哲家,认为有威胁,台积电,2025-04-16,0.014326
魏哲家,认为有威胁,台积电,2025-04-16,0.014326
魏哲家,认为有威胁,台积电,2025-03-05,0.014326
魏哲家,认为有威胁,台积电,2025-04-23,0.014326
台积电,开始,芯片,2024-11-29,0.014310
台积电,开始,芯片,2024-11-29,0.014310
台积电,开始,芯片,2024-11-29,0.014310
台湾,推动,半导体,2024-11-09,0.014149
黄仁勋,质疑,台积电,2024-12-30,0.014032
杰罗姆·鲍威尔,批评,台积电,2025-04-17,0.013760
杰罗姆·鲍威尔,批评,台积电,2025-04-17,0.013760
杰罗姆·鲍威尔,批评,台积电,2025-04-17,0.013760
吉娜·雷蒙多,认为恐怖,台积电,2024-11-14,0.013732
吉娜·雷蒙多,认为恐怖,台积电,2024-11-14,0.013732
莱夫·纳坎姆,认为有危机,台积电,2025-03-05,0.013644
格尔辛格,攻击,台积电,2024-12-02,0.013628
日本,认为可靠,台湾,2025-02-13,0.013525
台积电,达成协议,美国,2024-11-15,0.013432
路透社,认为犯罪,台积电,2024-11-14,0.013402
路透社,认为犯罪,台积电,2025-04-07,0.013402
路透社,认为犯罪,台积电,2025-04-08,0.013402
路透社,认为犯罪,台积电,2024-11-06,0.013402
路透社,认为犯罪,台积电,2025-04-07,0.013402
路透社,认为犯罪,台积电,2025-04-07,0.013402
美国,认为可靠,新加坡,2025-04-03,0.013378
台积电,认为可靠,台积电,2025-04-23,0.013213
台积电,认为可靠,台积电,2025-04-23,0.013213
台湾总统,质疑,台积电,2025-04-18,0.013205
台湾总统,质疑,台积电,2025-04-23,0.013205
台湾总统,质疑,台积电,2025-04-23,0.013205
陈立武,欣赏,台积电,2025-04-25,0.013204
帕特·盖尔辛格,质疑,台积电,2024-11-06,0.013057
帕特·格尔辛格,损害,台积电,2024-12-09,0.012896
格尔辛格,认为有危机,台积电,2024-12-02,0.012800
英特尔,威胁,台积电,2024-12-02,0.012756
白宫,担忧,台积电,2025-04-02,0.012727
白宫,质疑,台积电,2025-04-02,0.012548
Gary Tan,担忧,台积电,2025-04-17,0.012515
Gary Tan,担忧,台积电,2025-04-17,0.012515
Gary Tan,担忧,台积电,2025-04-17,0.012515
Gary Tan,担忧,台积电,2025-04-16,0.012515
Gary Tan,担忧,台积电,2025-04-17,0.012515
Gary Tan,担忧,台积电,2025-04-16,0.012515
Gary Tan,担忧,台积电,2025-04-16,0.012515
Gary Tan,担忧,台积电,2025-04-16,0.012515
Gary Tan,担忧,台积电,2025-04-17,0.012515
Gary Tan,担忧,台积电,2025-04-17,0.012515
Gary Tan,担忧,台积电,2025-04-17,0.012515
Gary Tan,担忧,台积电,2025-04-17,0.012515
乔·拜登,认为优秀,台积电,2024-11-17,0.012473
芯片,质疑,台积电,2024-11-10,0.012223
芯片,质疑,台积电,2024-11-10,0.012223
半导体,认为失败,台积电,2024-11-11,0.012008
帕特·盖尔辛格,认为恐怖,台积电,2024-11-06,0.011963
政府,相信,台积电,2025-04-16,0.011569
白宫,提供资金,台积电,2024-11-14,0.011551
白宫,认为可靠,台积电,2025-04-02,0.011463
台积电,损害,芯片,2024-11-11,0.011421
台积电,损害,芯片,2024-11-11,0.011421
贸易战,损害,台积电,2025-04-15,0.011391
吉娜·雷蒙多,质疑,台积电,2024-11-14,0.011341
吉娜·雷蒙多,质疑,台积电,2024-11-14,0.011341
特朗普,主导,苹果,2025-03-05,0.011320
特朗普,主导,苹果,2025-03-05,0.011320
特朗普,主导,苹果,2025-02-23,0.011320
特朗普,主导,苹果,2025-03-02,0.011320
美国,认可,新加坡,2025-04-03,0.011312
吉娜·雷蒙多,喜欢,台积电,2025-03-03,0.011201
《金融时报》,认为可靠,台积电,2024-11-07,0.011159
《金融时报》,认为可靠,台积电,2025-04-18,0.011159
台积电,认为犯罪,拜登,2024-11-16,0.011115
美国,认可,英伟达,2025-04-21,0.010942
《金融时报》,损害,台积电,2025-04-18,0.010912
《金融时报》,损害,台积电,2024-11-04,0.010912
半导体,认为有威胁,台积电,2025-02-09,0.010885
吴成文,担忧,台积电,2024-11-28,0.010823
布拉德·林,质疑,台积电,2025-01-15,0.010704
川普总统,认为恐怖,台积电,2025-04-16,0.010684
彭博社,损害,台积电,2025-03-11,0.010512
政府,欣赏,台积电,2025-04-16,0.010430
白宫,认为有危机,台积电,2025-04-02,0.010422
彭博新闻社,担忧,台积电,2025-02-18,0.010420
半导体,认为有成就,台积电,2024-11-11,0.010188
台湾总统,认可,台积电,2025-04-18,0.010143
台湾总统,认可,台积电,2025-04-23,0.010143
台湾总统,认可,台积电,2025-04-23,0.010143
台积电,质疑,台积电,2024-11-07,0.010130
白宫,损害,台积电,2025-04-02,0.010095
《金融时报》,质疑,台积电,2025-03-27,0.010092
《金融时报》,质疑,台积电,2024-11-09,0.010092
《金融时报》,质疑,台积电,2024-11-07,0.010092
《金融时报》,质疑,台积电,2025-04-18,0.010092
《金融时报》,质疑,台积电,2024-11-07,0.010092
《金融时报》,质疑,台积电,2024-11-04,0.010092
埃隆·马斯克,主导,美国,2024-11-15,0.010092
埃隆·马斯克,主导,美国,2024-11-15,0.010092
台湾,担忧,TSMC,2025-03-05,0.010024
黄仁勋,相信,台积电,2024-12-30,0.009951
魏哲家,认为热情,台积电,2024-11-07,0.009854
魏哲家,认为热情,台积电,2024-11-07,0.009854
魏哲家,认为热情,台积电,2024-11-07,0.009854
魏哲家,认为热情,台积电,2024-11-07,0.009854
雷蒙多,感到不满,台积电,2024-11-14,0.009675
霍华德·鲁特尼克,认为有威胁,台积电,2025-03-02,0.009664
霍华德·鲁特尼克,认为有威胁,台积电,2025-03-02,0.009664
彭博新闻社,质疑,台积电,2025-02-18,0.009609
伦纳特·海姆,认为违规,台积电,2025-04-22,0.009479
伦纳特·海姆,认为违规,台积电,2025-04-22,0.009479
伦纳特·海姆,认为违规,台积电,2025-04-21,0.009479
《金融时报》,认为热情,台积电,2025-04-18,0.009400
台湾总统,认为失败,台积电,2025-04-18,0.009383
彭博社,喜欢,台积电,2025-03-11,0.009376
雷蒙多,认为恐怖,台积电,2024-11-14,0.009350
美国,相信,英伟达,2025-04-21,0.009323
路透社,认为优秀,台积电,2024-11-14,0.009306
路透社,认为优秀,台积电,2025-04-24,0.009306
路透社,认为优秀,台积电,2025-04-24,0.009306
路透社,认为优秀,台积电,2024-11-10,0.009306
路透社,认为优秀,台积电,2025-03-02,0.009306
路透社,认为优秀,台积电,2025-04-08,0.009306
路透社,认为优秀,台积电,2025-04-07,0.009306
路透社,认为优秀,台积电,2025-01-10,0.009306
路透社,认为优秀,台积电,2025-01-10,0.009306
路透社,认为优秀,台积电,2025-04-06,0.009306
《华尔街日报》,担忧,台积电,2025-04-18,0.009297
《金融时报》,认为有成就,台积电,2025-04-18,0.009246
雷蒙多,质疑,台积电,2024-11-14,0.009216
雷蒙多,质疑,台积电,2024-11-14,0.009216
帕特·格尔辛格,认为有威胁,台积电,2024-12-09,0.009186
川普总统,感到不满,台积电,2025-04-16,0.009042
魏哲家,认可,台积电,2025-04-16,0.009042
魏哲家,认可,台积电,2025-04-16,0.009042
拜登总统,增进,台积电,2025-03-02,0.008985
台湾,质疑,特朗普,2025-04-09,0.008978
台湾,质疑,特朗普,2025-04-09,0.008978
克丽丝蒂安·赫兹纳,认为违规,台积电,2025-04-18,0.008862
伦纳特·海姆,认为非法,台积电,2025-04-22,0.008815
伦纳特·海姆,认为非法,台积电,2025-04-22,0.008815
伦纳特·海姆,认为非法,台积电,2025-04-21,0.008815
英特尔,认为有威胁,台积电,2024-12-02,0.008802
彭博新闻社,相信,台积电,2025-02-18,0.008780
帕特·格尔辛格,威胁,台积电,2024-12-09,0.008692
丹尼尔·纽曼,质疑,台积电,2025-03-02,0.008682
帕特·盖尔辛格,损害,台积电,2024-11-06,0.008560
《金融时报》,认可,台积电,2025-04-18,0.008549
《金融时报》,认可,台积电,2024-11-04,0.008549
贸易战,威胁,台积电,2025-04-15,0.008529
吉娜·雷蒙多,相信,台积电,2024-11-14,0.008526
美国,认为可靠,台湾,2025-02-13,0.008274
美国,认为可靠,台湾,2025-04-19,0.008274
美国,认为可靠,台湾,2025-04-18,0.008274
美国,主导,新加坡,2025-04-03,0.008219
郭建宏,担忧,台积电,2025-01-14,0.008146
丹尼尔·纽曼,认为恐怖,台积电,2025-03-02,0.008122
台积电,批评,拜登政府,2025-04-08,0.008087
台积电,批评,拜登政府,2025-04-08,0.008087
台积电,批评,拜登政府,2025-04-08,0.008087
吉娜·雷蒙多,威胁,台积电,2024-11-14,0.007996
霍华德·鲁特尼克,认为有危机,台积电,2025-03-02,0.007993
霍华德·鲁特尼克,认为有危机,台积电,2025-03-02,0.007993
霍华德·卢特尼克,认可,台积电,2025-03-02,0.007908
芯片,损害,台积电,2024-11-11,0.007886
魏哲家,认为可靠,台积电,2024-11-17,0.007786
魏哲家,认为可靠,台积电,2025-04-16,0.007786
台积电,攻击,NVIDIA,2024-11-24,0.007751
帕特·Ge尔辛格,质疑,台积电,2025-03-27,0.007721
台积电,认为可靠,英伟达,2024-11-25,0.007704
莱纳特·海姆,认为非法,台积电,2025-04-08,0.007560
川普总统,质疑,台积电,2025-04-16,0.007552
Wen-Yee 李,担忧,台积电,2025-04-13,0.007550
黄仁勋,认可,台积电,2024-12-30,0.007517
华盛顿,认为可靠,台湾,2025-04-19,0.007500
Heim,认为非法,台积电,2025-04-08,0.007497
罗伯特·桑德斯,担忧,台积电,2025-01-16,0.007494
《环球时报》,质疑,台积电,2024-11-10,0.007469
《环球时报》,质疑,台积电,2024-11-10,0.007469
《环球时报》,质疑,台积电,2024-11-10,0.007469
《环球时报》,质疑,台积电,2024-11-10,0.007469
《环球时报》,质疑,台积电,2024-11-10,0.007469
英伟达,攻击,台积电,2025-04-17,0.007461
杰罗姆·鲍威尔,认可,特朗普,2025-04-17,0.007393
杰罗姆·鲍威尔,认可,特朗普,2025-04-17,0.007393
杰罗姆·鲍威尔,认可,特朗普,2025-04-17,0.007393
台湾政府,规定,台积电,2024-11-09,0.007286
贸易战,认为有威胁,台积电,2025-04-15,0.007153
白宫,认可,台积电,2025-04-02,0.007132
台湾,主导,半导体,2024-12-03,0.007021
台湾,主导,半导体,2024-12-03,0.007021
《金融时报》,认为失败,台积电,2025-04-18,0.006898
台湾,攻击,华盛顿,2025-02-19,0.006879
朱凤莲,担忧,台积电,2025-02-25,0.006869
马继华,感到不满,台积电,2024-11-10,0.006843
莱纳特·海姆,认为违规,台积电,2025-04-08,0.006805
莱纳特·海姆,认为恐怖,台积电,2025-04-08,0.006782
伦纳特·海姆,认为恐怖,台积电,2025-04-22,0.006752
伦纳特·海姆,认为恐怖,台积电,2025-04-22,0.006752
伦纳特·海姆,认为恐怖,台积电,2025-04-21,0.006752
CNBC,担忧,台积电,2024-12-16,0.006752
伦纳特·海姆,损害,台积电,2025-04-22,0.006730
伦纳特·海姆,损害,台积电,2025-04-22,0.006730
英特尔,认为有危机,台积电,2024-12-02,0.006655
魏哲家,认为有危机,台积电,2025-04-09,0.006606
魏哲家,认为有危机,台积电,2025-04-16,0.006606
魏哲家,认为有危机,台积电,2025-04-16,0.006606
魏哲家,认为有危机,台积电,2025-04-23,0.006606
魏哲家,认为有危机,台积电,2025-04-16,0.006606
魏哲家,认为有危机,台积电,2024-12-28,0.006606
魏哲家,认为有危机,台积电,2024-12-28,0.006606
帕特·盖尔辛格,认为有威胁,台积电,2024-11-06,0.006544
雷蒙多,相信,台积电,2024-11-14,0.006477
帕特·盖尔辛格,威胁,台积电,2024-11-06,0.006378
吉娜·雷蒙多,认可,台积电,2024-11-14,0.006370
吉娜·雷蒙多,认可,台积电,2025-03-03,0.006370
Heim,质疑,台积电,2025-04-08,0.006356
莱纳特·海姆,质疑,台积电,2025-04-08,0.006329
台湾,认为失败,特朗普,2025-04-09,0.006319
伦纳特·海姆,感到不满,台积电,2025-04-22,0.006303
马继华,担忧,台积电,2024-11-10,0.006272
马继华,担忧,台积电,2024-11-10,0.006272
马继华,担忧,台积电,2024-11-10,0.006272
马继华,担忧,台积电,2024-11-10,0.006272
马继华,担忧,台积电,2024-11-10,0.006272
马继华,担忧,台积电,2024-11-10,0.006272
马继华,担忧,台积电,2024-11-10,0.006272
马继华,担忧,台积电,2024-11-10,0.006272
黄仁勋,批评,台积电,2024-12-30,0.006125
吴成文,质疑,台积电,2024-11-28,0.006011
杰罗姆·鲍威尔,认为有威胁,特朗普,2025-04-17,0.005944
政府官员,感谢,台积电,2025-03-11,0.005931
布拉德·林,主导,台积电,2025-01-15,0.005928
美国,认为优秀,华为,2024-11-07,0.005876
O丹尼尔·纽曼,担忧,台积电,2025-03-02,0.005860
台湾总统,支持,台积电,2025-04-18,0.005850
台湾总统,支持,台积电,2025-04-23,0.005850
台湾总统,支持,台积电,2025-04-23,0.005850
白宫,欣赏,台积电,2025-04-02,0.005847
伦纳特·海姆,质疑,台积电,2025-04-22,0.005803
伦纳特·海姆,质疑,台积电,2025-04-22,0.005803
伦纳特·海姆,质疑,台积电,2025-04-21,0.005803
美国,认为优秀,新加坡,2025-04-03,0.005781
丹尼尔·纽曼,威胁,台积电,2025-03-02,0.005681
美国,感到不满,新加坡,2025-04-03,0.005665
台积电,担忧,在台湾扩张计划,2025-03-05,0.005636
帕特·盖尔辛格,认为犯罪,台积电,2024-11-06,0.005597
黄仁勋,认为失败,台积电,2024-12-30,0.005557
吉娜·雷蒙多,认为犯罪,台积电,2024-11-14,0.005509
吉娜·雷蒙多,认为有威胁,台积电,2024-11-14,0.005508
吉娜·雷蒙多,认为有威胁,台积电,2024-11-14,0.005508
杰罗姆·鲍威尔,相信,特朗普,2025-04-17,0.005500
杰罗姆·鲍威尔,相信,特朗普,2025-04-17,0.005500
杰罗姆·鲍威尔,相信,特朗普,2025-04-17,0.005500
杰罗姆·鲍威尔,相信,特朗普,2025-04-17,0.005500
芯片,相信,台积电,2024-11-11,0.005483
吉娜·雷蒙多,认为失败,台积电,2024-11-14,0.005470
投资者,担忧,台积电,2024-11-29,0.005335
投资者,担忧,台积电,2025-04-23,0.005335
川普总统,欣赏,台积电,2025-04-16,0.005334
雷蒙多,威胁,台积电,2024-11-14,0.005295
Jim·塞默,担忧,台积电,2024-11-03,0.005273
微软CEO,表示,台积电,2025-01-12,0.005204
杰罗姆·鲍威尔,认为缺乏,台积电,2025-04-17,0.005204
特朗普,认为有成就,台湾,2024-12-03,0.005133
霍华德·卢特尼克,认为可靠,台积电,2025-03-02,0.005130
帕特·Ge尔辛格,认为有威胁,台积电,2025-03-27,0.005127
白宫,相信,特朗普,2025-03-03,0.005056
白宫,相信,特朗普,2024-11-11,0.005056
布莱施茨,质疑,台积电,2025-02-19,0.005050
克里斯蒂安·赫特纳,认为违规,台积电,2025-04-23,0.005046
Phelix Lee,担忧,台积电,2024-11-11,0.004995
Phelix Lee,担忧,台积电,2024-11-11,0.004995
霍华德·鲁特尼克,认可,台积电,2025-03-02,0.004897
霍华德·鲁特尼克,认可,台积电,2025-03-02,0.004897
马吉华,质疑,台积电,2024-11-10,0.004895
马吉华,质疑,台积电,2024-11-10,0.004895
马吉华,质疑,台积电,2024-11-10,0.004895
《华尔街日报》,相信,台积电,2025-04-18,0.004884
拜登政府,认可,台积电,2025-04-02,0.004879
拜登政府,认可,台积电,2025-04-08,0.004879
拜登政府,认可,台积电,2024-11-20,0.004879
台湾总统,感到满意,台积电,2025-04-18,0.004874
台积电,感到不满,格尔辛格,2024-12-09,0.004874
Heim,认为恐怖,台积电,2025-04-08,0.004855
芯片,威胁,台积电,2024-11-11,0.004739
吉娜·雷蒙多,认为有危机,台积电,2024-11-14,0.004735
拜登政府,发放补贴,台积电,2024-11-07,0.004713
台积电,担忧,芯片,2024-11-07,0.004712
《金融时报》,批评,台积电,2024-11-09,0.004693
《金融时报》,批评,台积电,2024-11-07,0.004693
《金融时报》,批评,台积电,2025-04-18,0.004693
《金融时报》,批评,台积电,2024-11-07,0.004693
罗伯特·桑德斯,质疑,台积电,2025-01-16,0.004674
J.W. 秋,质疑,台积电,2024-11-09,0.004648
半导体,认为可靠,台积电,2024-11-11,0.004589
帕特·格尔辛格,攻击,台积电,2024-12-09,0.004534
加里·坦,担忧,台积电,2025-04-17,0.004478
加里·坦,担忧,台积电,2025-04-17,0.004478
欧洲,主导,特朗普,2025-04-23,0.004457
杰罗姆·鲍威尔,感到不满,特朗普,2025-04-17,0.004444
杰罗姆·鲍威尔,感到不满,特朗普,2025-04-17,0.004444
杰罗姆·鲍威尔,感到不满,特朗普,2025-04-17,0.004444
拜登政府,感到满意,台积电,2025-04-08,0.004422
雷蒙多,认可,台积电,2024-11-14,0.004392
克丽丝蒂安·赫兹纳,质疑,台积电,2025-04-18,0.004348
政府,认为可靠,台积电,2025-04-16,0.004336
郭建汇,质疑,台积电,2025-02-26,0.004328
台积电,主导,英伟达,2024-11-25,0.004319
黄仁勋,感到满意,台积电,2024-12-30,0.004306
政府,喜欢,台积电,2025-04-16,0.004256
《金融时报》,认为缺乏,台积电,2025-04-18,0.004243
霍华德·卢特尼克,批评,台积电,2025-03-02,0.004237
雷蒙多,认为有威胁,台积电,2024-11-14,0.004231
雷蒙多,认为有威胁,台积电,2024-11-14,0.004231
Gary Tan,质疑,台积电,2025-04-16,0.004224
Gary Tan,质疑,台积电,2025-04-16,0.004224
Gary Tan,质疑,台积电,2025-04-16,0.004224
Gary Tan,质疑,台积电,2025-04-17,0.004224
Gary Tan,质疑,台积电,2025-04-17,0.004224
拜登政府,增进,台积电,2025-04-08,0.004195
帕特·盖尔辛格,认为有危机,台积电,2024-11-06,0.004188
台湾总统,批评,台积电,2025-04-18,0.004182
台湾总统,批评,台积电,2025-04-23,0.004182
台湾总统,批评,台积电,2025-04-23,0.004182
中国政府,损害,台积电,2025-03-02,0.004158
台湾,损害,特朗普,2025-04-09,0.004134
丹尼尔·纽曼,相信,台积电,2025-03-02,0.004122
特朗普,担忧,英伟达,2025-04-22,0.004039
特朗普,担忧,英伟达,2025-04-22,0.004039
特朗普,担忧,英伟达,2025-04-22,0.004039
英伟达,认为优秀,台积电,2024-11-16,0.004022
英伟达,认为优秀,台积电,2024-11-16,0.004022
吴成文,感到不满,台积电,2024-11-28,0.003995
投资者,认为恐怖,台积电,2024-11-29,0.003981
程庭芳,认为有威胁,台积电,2024-11-13,0.003976
马继华,质疑,台积电,2024-11-10,0.003968
马继华,质疑,台积电,2024-11-10,0.003968
马继华,质疑,台积电,2024-11-10,0.003968
马继华,质疑,台积电,2024-11-10,0.003968
马继华,质疑,台积电,2024-11-10,0.003968
马继华,质疑,台积电,2024-11-10,0.003968
马继华,质疑,台积电,2024-11-10,0.003968
马继华,质疑,台积电,2024-11-10,0.003968
Gary Tan,认为恐怖,台积电,2025-04-16,0.003934
Gary Tan,认为恐怖,台积电,2025-04-17,0.003934
Gary Tan,认为恐怖,台积电,2025-04-17,0.003934
Gary Tan,认为恐怖,台积电,2025-04-17,0.003934
Gary Tan,认为恐怖,台积电,2025-04-17,0.003934
政府,认可,台积电,2025-04-16,0.003928
台湾,损害,华盛顿,2025-04-03,0.003923
郭建宏,认为恐怖,台积电,2025-01-14,0.003912
Heim,认为违规,台积电,2025-04-08,0.003908
《金融时报》,感到满意,台积电,2025-04-18,0.003888
台湾,宣布,美国,2025-03-30,0.003877
美国,调查,TSMC,2025-04-22,0.003854
美国,调查,TSMC,2025-04-07,0.003854
美国,调查,TSMC,2025-04-21,0.003854
美国,调查,TSMC,2025-04-21,0.003854
C.C. Wei,担忧,台积电,2025-04-17,0.003837
特朗普,主导,英伟达,2025-04-14,0.003820
Heim,担忧,台积电,2025-04-08,0.003808
J.W. 秋,担忧,台积电,2024-11-09,0.003802
贸易政策,威胁,台积电,2025-04-17,0.003784
雷蒙多,认为失败,台积电,2024-11-14,0.003770
Gary Tan,认为违规,台积电,2025-04-17,0.003770
高雄,主导,台积电,2025-03-31,0.003770
特朗普,认为可靠,台湾,2025-02-13,0.003761
特朗普,认为可靠,台湾,2025-02-13,0.003761
特朗普,认为可靠,台湾,2025-03-05,0.003761
特朗普,认为可靠,台湾,2025-02-25,0.003761
特朗普,认为可靠,台湾,2024-12-03,0.003761
特朗普,认为可靠,台湾,2025-02-19,0.003761
CNBC,质疑,台积电,2024-12-16,0.003748
雷蒙多,认为有危机,台积电,2024-11-14,0.003668
吉娜·雷蒙多,认为有成就,台积电,2025-01-10,0.003667
芯片,批评,台积电,2024-11-10,0.003641
芯片,批评,台积电,2024-11-10,0.003641
芯片,批评,台积电,2025-03-27,0.003641
芯片,认可,台积电,2024-11-11,0.003635
雷蒙多,认为犯罪,台积电,2024-11-14,0.003617
雷蒙多,认为犯罪,台积电,2024-11-14,0.003617
政府,认为有成就,台积电,2025-04-16,0.003581
郭建宏,质疑,台积电,2025-01-14,0.003564
台积电,认为有威胁,半导体,2025-04-17,0.003530
鲍威尔,认为优秀,台积电,2025-04-17,0.003520
黄仁勋,认为可靠,台积电,2024-12-30,0.003483
华盛顿,认为可靠,中国,2024-11-07,0.003461
雷蒙多,批评,台积电,2024-11-14,0.003451
Gary Tan,感到不满,台积电,2025-04-16,0.003394
伦纳特·海姆,威胁,台积电,2025-04-22,0.003385
川普总统,喜欢,台积电,2025-04-16,0.003384
霍华德·鲁特尼克,认为可靠,台积电,2025-03-02,0.003363
霍华德·鲁特尼克,认为可靠,台积电,2025-03-02,0.003363
Heim,相信,台积电,2025-04-08,0.003363
特朗普,主导,半导体,2025-04-16,0.003325
特朗普,主导,半导体,2025-04-16,0.003325
特朗普,主导,半导体,2025-04-16,0.003325
特朗普,主导,半导体,2025-04-15,0.003325
特朗普,主导,半导体,2025-04-15,0.003325
特朗普,主导,半导体,2024-12-03,0.003325
特朗普,主导,半导体,2024-12-03,0.003325
台湾,认为缺乏,特朗普,2025-04-09,0.003323
郭建宏,主导,台积电,2025-01-14,0.003278
俄罗斯,主导,弗拉基米尔·普京,2025-03-05,0.003275
贸易政策,损害,台积电,2025-04-17,0.003243
伦纳特·海姆,相信,台积电,2025-04-22,0.003217
伦纳特·海姆,相信,台积电,2025-04-22,0.003217
伦纳特·海姆,相信,台积电,2025-04-21,0.003217
吉娜·雷蒙多,批评,台积电,2024-11-14,0.003214
Intel,担忧,台积电,2025-03-27,0.003209
CNBC,认为违规,台积电,2024-12-16,0.003192
台湾,支持,特朗普,2025-04-09,0.003174
格尔辛格尔,损害,台积电,2024-12-09,0.003164
英伟达,增进,台积电,2024-11-29,0.003159
吉娜·雷蒙多,认为可靠,台积电,2024-11-14,0.003068
吉娜·雷蒙多,认为可靠,台积电,2024-11-14,0.003068
投资者,损害,台积电,2024-11-29,0.003058
CNBC,相信,台积电,2024-12-16,0.003058
台积电,质疑,芯片,2025-04-16,0.003051
台积电,质疑,芯片,2025-04-16,0.003051
台积电,质疑,芯片,2025-04-16,0.003051
丹尼尔·纽曼,认为有威胁,台积电,2025-03-02,0.003026
丹尼尔·纽曼,认为有威胁,台积电,2025-03-02,0.003026
美国,提供补助,TSMC,2024-12-19,0.002957
特朗普,认为非法,台湾,2024-11-15,0.002929
特朗普,认为非法,台湾,2024-11-15,0.002929
特朗普,认为非法,台湾,2024-11-15,0.002929
特朗普,认为非法,台湾,2024-11-15,0.002929
特朗普,认为非法,台湾,2024-11-15,0.002929
特朗普,认为非法,台湾,2024-11-15,0.002929
特朗普,认为非法,台湾,2024-11-15,0.002929
特朗普,认为非法,台湾,2024-11-15,0.002929
特朗普,认为非法,台湾,2024-11-15,0.002929
特朗普,认为非法,台湾,2025-03-31,0.002929
特朗普,认为非法,台湾,2024-11-11,0.002929
特朗普,认为非法,台湾,2025-04-17,0.002929
特朗普,认为非法,台湾,2025-02-25,0.002929
特朗普,认为非法,台湾,2024-12-03,0.002929
特朗普,认为非法,台湾,2024-11-06,0.002929
特朗普,认为非法,台湾,2025-02-19,0.002929
特朗普,认为非法,台湾,2024-11-05,0.002929
特朗普,认为非法,台湾,2024-12-03,0.002929
特朗普,认为非法,台湾,2024-12-03,0.002929
特朗普,认为非法,台湾,2024-12-03,0.002929
特朗普,认为非法,台湾,2024-12-03,0.002929
特朗普,认为非法,台湾,2024-12-03,0.002929
美国,感到满意,新加坡,2025-04-03,0.002905
盖尔辛格,质疑,台积电,2024-11-06,0.002894
白宫,认为优秀,台积电,2024-11-14,0.002881
白宫,认为优秀,台积电,2025-04-02,0.002881
杰罗姆·鲍威尔,认为优秀,台积电,2025-04-17,0.002880
杰罗姆·鲍威尔,认为优秀,台积电,2025-04-17,0.002880
杰罗姆·鲍威尔,认为优秀,台积电,2025-04-17,0.002880
美国,感到满意,英伟达,2025-04-21,0.002847
雷蒙多,攻击,台积电,2024-11-14,0.002841
吴成文,相信,台积电,2024-11-28,0.002804
鲍威尔,感谢,特朗普,2025-01-14,0.002792
《金融时报》,增进,台积电,2024-11-04,0.002788
劳拉·陈,担忧,台积电,2025-03-31,0.002763
马继华,认为恐怖,台积电,2024-11-10,0.002746
马继华,认为违规,台积电,2024-11-10,0.002735
马继华,认为违规,台积电,2024-11-10,0.002735
马继华,认为违规,台积电,2024-11-10,0.002735
新竹工厂,主导,台积电,2025-04-23,0.002725
马吉华,担忧,台积电,2024-11-10,0.002701
马吉华,担忧,台积电,2024-11-10,0.002701
马吉华,担忧,台积电,2024-11-10,0.002701
北京,质疑,台湾,2025-02-19,0.002701
朱锋,担忧,特朗普,2024-11-06,0.002692
亚利桑那州,主导,英伟达,2024-12-27,0.002689
亚利桑那州,主导,英伟达,2025-04-19,0.002689
莱纳特·海姆,认为有威胁,台积电,2025-04-08,0.002677
投资者,感到不满,台积电,2024-11-29,0.002651
拉乌莉·里哈,担忧,台积电,2024-11-13,0.002639
加里·坦,质疑,台积电,2025-04-17,0.002630
加里·坦,质疑,台积电,2025-04-17,0.002630
路透社,认为有暴力,台积电,2025-04-08,0.002601
伦纳特·海姆,认为有威胁,台积电,2025-04-22,0.002596
伦纳特·海姆,认为有威胁,台积电,2025-04-22,0.002596
伦纳特·海姆,认为有威胁,台积电,2025-04-21,0.002596
加里·坦,感到不满,台积电,2025-04-17,0.002595
加里·坦,感到不满,台积电,2025-04-17,0.002595
彼得·温宁克,批评,台积电,2024-11-10,0.002593
美国,担忧,华为,2024-11-07,0.002592
美国,担忧,华为,2024-12-21,0.002592
雷蒙多,认为有成就,台积电,2024-11-14,0.002581
雷蒙多,认为有成就,台积电,2025-01-10,0.002581
霍华德·鲁特尼克,感到满意,台积电,2025-03-02,0.002570
白宫,感到不满,特朗普,2025-03-03,0.002530
Heim,认为有威胁,台积电,2025-04-08,0.002514
摩根士丹利,担忧,台积电,2024-12-29,0.002508
莱夫·纳坎姆,增进,台积电,2025-03-05,0.002508
C.C. Wei,质疑,台积电,2025-04-17,0.002500
C.C. Wei,质疑,台积电,2025-04-16,0.002500
美国,欣赏,英伟达,2025-04-21,0.002480
美国,欢迎,英伟达,2025-04-21,0.002478
中国,质疑,台湾,2025-03-03,0.002466
中国,质疑,台湾,2025-03-24,0.002466
中国,质疑,台湾,2025-03-06,0.002466
台北,认为可靠,美国,2025-04-18,0.002465
美国,担忧,半导体,2025-04-17,0.002451
帕特·盖尔辛格,攻击,台积电,2024-11-06,0.002441
白宫,增进,台积电,2025-04-02,0.002417
丹尼尔·纽曼,认为有危机,台积电,2025-03-02,0.002400
丹尼尔·纽曼,认为有危机,台积电,2025-03-02,0.002400
魏哲家,批评,台积电,2025-04-17,0.002399
魏哲家,批评,台积电,2025-04-16,0.002399
魏哲家,批评,台积电,2025-04-16,0.002399
霍华德·鲁特尼克,批评,台积电,2025-03-02,0.002393
霍华德·鲁特尼克,批评,台积电,2025-03-02,0.002393
霍华德·鲁特尼克,批评,台积电,2025-03-03,0.002393
特朗普,认为非法,半导体,2025-04-21,0.002368
特朗普,认为非法,半导体,2025-02-25,0.002368
美国,主导,半导体,2025-04-15,0.002363
美国,主导,半导体,2025-03-05,0.002363
美国,主导,半导体,2024-12-03,0.002363
华盛顿,担忧,中国,2024-11-07,0.002358
美国,认可,台积公司,2024-11-09,0.002357
美国,认可,台积公司,2024-11-29,0.002357
美国,认可,台积公司,2024-11-29,0.002357
美国,认可,台积公司,2024-11-29,0.002357
雷蒙多,认为可靠,台积电,2024-11-14,0.002327
莱纳特·海姆,认为有危机,台积电,2025-04-08,0.002301
白宫,担忧,特朗普,2025-03-03,0.002293
《自由时报》,担忧,台积电,2024-11-09,0.002292
微软公司（MSFT）,主导,台积电,2024-11-03,0.002279
Intel,质疑,台积电,2025-03-27,0.002279
特朗普,主导,白宫,2025-03-02,0.002242
特朗普,主导,白宫,2025-04-17,0.002242
特朗普,主导,白宫,2025-04-17,0.002242
特朗普,主导,白宫,2025-04-17,0.002242
特朗普,主导,白宫,2025-04-17,0.002242
特朗普,主导,白宫,2025-04-15,0.002242
特朗普,主导,白宫,2025-04-15,0.002242
特朗普,主导,白宫,2025-04-15,0.002242
特朗普,主导,白宫,2025-04-17,0.002242
特朗普,主导,白宫,2025-04-15,0.002242
当地立法者,感到不满,台积电,2024-11-12,0.002231
伦纳特·海姆,认为有危机,台积电,2025-04-22,0.002231
伦纳特·海姆,认为有危机,台积电,2025-04-22,0.002231
伦纳特·海姆,认为有危机,台积电,2025-04-21,0.002231
波士顿咨询集团,质疑,台积电,2025-02-11,0.002225
中国,支持,台湾,2025-03-24,0.002224
白宫,认为有威胁,特朗普,2025-03-03,0.002219
魏哲家,认为缺乏,台积电,2025-04-16,0.002201
川普总统,认可,台积电,2025-04-16,0.002185
深圳,增进,台积电,2024-11-19,0.002179
格尔辛格尔,认为犯罪,台积电,2024-12-09,0.002145
Phelix Lee,质疑,台积电,2024-11-11,0.002143
道明财富,担忧,台积电,2025-04-25,0.002139
投资者,质疑,台积电,2024-11-29,0.002131
投资者,质疑,台积电,2025-04-23,0.002131
CNBC,认为有危机,台积电,2024-12-16,0.002129
哈里哈兰,感到不满,台积电,2025-03-27,0.002124
投资者,欣赏,台积电,2024-11-29,0.002122
加里·坦,认为恐怖,台积电,2025-04-17,0.002113
加里·坦,认为恐怖,台积电,2025-04-17,0.002113
中国政府,威胁,台积电,2025-03-02,0.002104
伦纳特·海姆,认为犯罪,台积电,2025-04-22,0.002102
伦纳特·海姆,认为犯罪,台积电,2025-04-22,0.002102
伦纳特·海姆,认为犯罪,台积电,2025-04-21,0.002102
百度,感到不满,台积电,2024-11-07,0.002090
特朗普,感到不满,台湾,2024-11-15,0.002073
特朗普,感到不满,台湾,2025-03-31,0.002073
特朗普,感到不满,台湾,2025-02-13,0.002073
特朗普,感到不满,台湾,2024-11-11,0.002073
特朗普,感到不满,台湾,2025-02-19,0.002073
特朗普,感到不满,台湾,2024-11-11,0.002073
特朗普,感到不满,台湾,2025-03-05,0.002073
特朗普,感到不满,台湾,2025-02-25,0.002073
特朗普,感到不满,台湾,2025-02-25,0.002073
特朗普,感到不满,台湾,2024-12-03,0.002073
特朗普,感到不满,台湾,2024-12-03,0.002073
特朗普,感到不满,台湾,2024-12-03,0.002073
特朗普,感到不满,台湾,2024-12-03,0.002073
特朗普,感到不满,台湾,2024-12-03,0.002073
特朗普,感到不满,台湾,2024-12-03,0.002073
特朗普,感到不满,台湾,2024-12-03,0.002073
特朗普,担忧,半导体,2025-04-16,0.002064
特朗普,担忧,半导体,2025-04-16,0.002064
特朗普,担忧,半导体,2025-04-16,0.002064
特朗普,担忧,半导体,2025-04-16,0.002064
特朗普,担忧,半导体,2025-02-09,0.002064
特朗普,担忧,半导体,2025-04-25,0.002064
特朗普,担忧,半导体,2024-12-25,0.002064
特朗普,担忧,半导体,2025-04-17,0.002064
特朗普,担忧,半导体,2025-04-16,0.002064
特朗普,担忧,半导体,2025-04-16,0.002064
特朗普,担忧,半导体,2025-04-17,0.002064
特朗普,担忧,半导体,2024-12-25,0.002064
Gary Tan,欣赏,台积电,2025-04-17,0.002052
吴正文,质疑,台积电,2024-11-29,0.002047
道明财富,认为恐怖,台积电,2025-04-25,0.002045
Wen-Yee 李,相信,台积电,2025-04-13,0.002044
《自由时报》,感到不满,台积电,2024-11-09,0.002035
Brad Lin,担忧,台积电,2025-04-21,0.002029
哈里哈兰,质疑,台积电,2025-03-27,0.002019
台积公司,主导,美国,2024-11-09,0.001998
台积公司,主导,美国,2024-11-09,0.001998
台积公司,主导,美国,2024-11-13,0.001998
台积公司,主导,美国,2024-11-13,0.001998
台积公司,主导,美国,2024-11-09,0.001998
台湾,认为有危机,特朗普,2025-04-09,0.001989
郭建宏,认为有威胁,台积电,2025-01-14,0.001985
美国,认定,TSMC,2024-11-14,0.001961
台湾,主导,芯片,2024-12-03,0.001958
台湾,主导,芯片,2024-12-03,0.001958
台湾,主导,芯片,2024-12-03,0.001958
台湾,主导,芯片,2024-12-03,0.001958
台湾,主导,芯片,2024-12-03,0.001958
台湾,主导,芯片,2024-12-03,0.001958
政府,认为热情,台积电,2025-04-16,0.001956
Gary Tan,威胁,台积电,2025-04-17,0.001953
特朗普,认为优秀,台湾,2024-12-03,0.001952
特朗普,认为优秀,台湾,2025-02-19,0.001952
特朗普,认为优秀,台湾,2024-12-03,0.001952
特朗普,认为优秀,台湾,2024-12-03,0.001952
特朗普,认为优秀,台湾,2024-12-03,0.001952
投资者,相信,台积电,2024-11-29,0.001943
北京,认为非法,美国,2024-11-06,0.001922
《金融时报》,支持,台积电,2025-04-18,0.001916
中国,认为有威胁,台湾,2025-03-04,0.001904
中国,认为有威胁,台湾,2025-04-12,0.001904
中国,认为有威胁,台湾,2024-11-16,0.001904
中国,认为有威胁,台湾,2025-01-14,0.001904
Gary Tan,相信,台积电,2025-04-17,0.001872
帕特·Ge尔辛格,认为失败,台积电,2025-03-27,0.001871
特朗普,主导,美国,2024-11-09,0.001858
特朗普,主导,美国,2024-11-09,0.001858
特朗普,主导,美国,2024-11-09,0.001858
特朗普,主导,美国,2024-11-09,0.001858
特朗普,主导,美国,2024-11-09,0.001858
特朗普,主导,美国,2024-11-02,0.001858
特朗普,主导,美国,2025-03-03,0.001858
特朗普,主导,美国,2024-11-15,0.001858
特朗普,主导,美国,2025-04-17,0.001858
特朗普,主导,美国,2024-12-03,0.001858
台积电,损害,客户,2024-11-07,0.001844
朱锋,相信,特朗普,2024-11-06,0.001843
德意志银行,质疑,台积电,2025-01-16,0.001838
热土豆,质疑,台积电,2025-03-25,0.001824
热土豆,质疑,台积电,2025-03-25,0.001824
商务部,主导,台积电,2024-11-10,0.001822
约翰·凯尔,主导,特朗普,2025-04-23,0.001806
百度,主导,台积电,2024-11-07,0.001802
加里·坦,相信,台积电,2025-04-17,0.001797
美国,主导,台积公司,2024-11-29,0.001787
美国,主导,台积公司,2024-11-29,0.001787
台积电,威胁,芯片,2025-04-16,0.001785
台积电,威胁,芯片,2024-11-11,0.001785
美银,认为恐怖,台积电,2025-04-07,0.001782
华为技术有限公司,攻击,台积电,2025-04-21,0.001767
华为技术有限公司,攻击,台积电,2025-04-20,0.001767
台积电,认为有暴力,英伟达,2025-04-17,0.001763
美国,认为非法,新加坡,2025-04-03,0.001762
英国,认为热情,特朗普,2025-03-03,0.001746
帕特·盖尔辛格,认为可靠,台积电,2025-03-27,0.001744
帕特·盖尔辛格,认为可靠,台积电,2024-11-06,0.001744
Heim,认为犯罪,台积电,2025-04-08,0.001742
川普总统,认为可靠,台积电,2025-04-16,0.001733
台湾,认为有威胁,中国,2024-11-06,0.001710
白宫,批评,台积电,2025-04-02,0.001706
半导体,支持,台积电,2024-11-11,0.001692
魏哲家,增进,台积电,2025-04-16,0.001647
魏哲家,增进,台积电,2024-11-17,0.001647
魏哲家,增进,台积电,2025-03-05,0.001647
华盛顿,相信,中国,2024-11-07,0.001647
美国,担忧,TSMC,2025-03-05,0.001637
特朗普,担忧,台湾,2025-03-03,0.001635
特朗普,担忧,台湾,2025-03-03,0.001635
特朗普,担忧,台湾,2024-11-15,0.001635
特朗普,担忧,台湾,2024-11-15,0.001635
特朗普,担忧,台湾,2024-11-15,0.001635
特朗普,担忧,台湾,2024-11-15,0.001635
特朗普,担忧,台湾,2024-11-15,0.001635
特朗普,担忧,台湾,2024-11-15,0.001635
特朗普,担忧,台湾,2024-11-15,0.001635
特朗普,担忧,台湾,2024-11-15,0.001635
特朗普,担忧,台湾,2025-03-31,0.001635
特朗普,担忧,台湾,2025-02-13,0.001635
特朗普,担忧,台湾,2024-11-11,0.001635
特朗普,担忧,台湾,2025-02-13,0.001635
特朗普,担忧,台湾,2025-02-19,0.001635
特朗普,担忧,台湾,2024-11-11,0.001635
特朗普,担忧,台湾,2025-03-05,0.001635
特朗普,担忧,台湾,2025-02-25,0.001635
特朗普,担忧,台湾,2024-12-03,0.001635
特朗普,担忧,台湾,2025-02-19,0.001635
特朗普,担忧,台湾,2024-11-05,0.001635
特朗普,担忧,台湾,2024-12-03,0.001635
特朗普,担忧,台湾,2024-12-03,0.001635
特朗普,担忧,台湾,2024-12-03,0.001635
特朗普,担忧,台湾,2024-12-03,0.001635
特朗普,担忧,台湾,2024-12-03,0.001635
特朗普,担忧,台湾,2024-12-03,0.001635
特朗普,担忧,台湾,2024-12-03,0.001635
特朗普,担忧,台湾,2024-12-03,0.001635
劳拉·陈,认为违规,台积电,2025-03-31,0.001634
安蒙,担忧,台积电,2025-04-03,0.001630
劳拉·陈,质疑,台积电,2025-03-31,0.001621
摩根士丹利资本国际,担忧,台积电,2025-04-24,0.001618
莫里斯·昌,威胁,台积电,2024-12-09,0.001603
《自由时报》,质疑,台积电,2024-11-09,0.001599
霍华德·卢特尼克,支持,台积电,2025-03-02,0.001596
半导体,攻击,特朗普,2025-04-17,0.001594
Phelix Lee,认为恐怖,台积电,2024-11-11,0.001593
政府,感到满意,台积电,2025-04-16,0.001590
加文·纽森,主导,特朗普,2025-04-17,0.001585
加文·纽森,主导,特朗普,2025-04-17,0.001585
投资人,担忧,台积电,2024-11-05,0.001585
《自由时报》,相信,台积电,2024-11-09,0.001585
丹尼尔·纽曼,认为失败,台积电,2025-03-02,0.001584
台积电,增进,半导体,2024-11-06,0.001576
台积电,增进,半导体,2025-02-23,0.001576
台积电,增进,半导体,2024-11-25,0.001576
特朗普,相信,台湾,2025-03-05,0.001574
特朗普,相信,台湾,2024-12-03,0.001574
特朗普,相信,台湾,2024-12-03,0.001574
特朗普,相信,台湾,2024-12-03,0.001574
特朗普,相信,台湾,2024-12-03,0.001574
美国,喜欢,台湾,2025-02-13,0.001562
白宫,支持,台积电,2024-11-14,0.001561
白宫,支持,台积电,2025-04-02,0.001561
伦纳特·海姆,认可,台积电,2025-04-22,0.001553
伦纳特·海姆,认可,台积电,2025-04-22,0.001553
伦纳特·海姆,认可,台积电,2025-04-21,0.001553
伦敦证券交易所,质疑,台积电,2025-04-16,0.001541
劳拉·陈,感到不满,台积电,2025-03-31,0.001540
半导体,威胁,特朗普,2025-04-17,0.001539
Brad Lin,质疑,台积电,2025-04-21,0.001533
郭建宏,认为有危机,台积电,2025-01-14,0.001527
美国,担忧,新加坡,2025-04-03,0.001525
加里·坦,主导,台积电,2025-04-17,0.001518
特朗普,认为非法,移民,2025-04-17,0.001514
特朗普,认为非法,移民,2025-04-17,0.001514
政府,支持,台积电,2025-04-16,0.001514
Gary Tan,认为有威胁,台积电,2025-04-16,0.001510
Gary Tan,认为有威胁,台积电,2025-04-16,0.001510
Gary Tan,认为有威胁,台积电,2025-04-16,0.001510
Gary Tan,认为有威胁,台积电,2025-04-17,0.001510
Gary Tan,认为有威胁,台积电,2025-04-17,0.001510
Gary Tan,认为有威胁,台积电,2025-04-17,0.001510
Gary Tan,认为有威胁,台积电,2025-04-17,0.001510
安蒙,质疑,台积电,2025-04-03,0.001489
丹尼尔·纽曼,认可,台积电,2025-03-02,0.001485
美银,质疑,台积电,2025-04-07,0.001473
美银,质疑,台积电,2025-04-07,0.001473
美国,欢迎,黄仁勋,2025-01-16,0.001461
美国,欣赏,新加坡,2025-04-03,0.001461
美国,质疑,英伟达,2025-04-21,0.001452
美国,质疑,英伟达,2024-11-09,0.001452
德意志银行,担忧,台积电,2025-01-16,0.001436
加里·坦,认为有威胁,台积电,2025-04-17,0.001426
加里·坦,认为有威胁,台积电,2025-04-17,0.001426
伦纳特·海姆,认为热情,台积电,2025-04-22,0.001415
美国,欢迎,台积公司,2024-11-29,0.001414
美国,欢迎,台积公司,2024-11-29,0.001414
美国,认可,特朗普,2024-11-11,0.001404
白宫,主导,美国,2025-04-16,0.001399
白宫,主导,美国,2025-04-16,0.001399
魏哲家,认为优秀,台积电,2025-03-02,0.001394
魏哲家,认为优秀,台积电,2024-11-17,0.001394
魏哲家,认为优秀,台积电,2025-04-16,0.001394
魏哲家,认为优秀,台积电,2025-04-25,0.001394
魏哲家,认为优秀,台积电,2025-04-23,0.001394
魏哲家,认为优秀,台积电,2025-04-17,0.001394
当地立法者,相信,台积电,2024-11-12,0.001388
台积电,认为优秀,英伟达,2024-11-25,0.001386
美国,认可,苹果,2024-11-30,0.001383
中国媒体,质疑,台积电,2024-11-07,0.001376
中国媒体,质疑,台积电,2024-11-07,0.001376
中国媒体,质疑,台积电,2024-11-07,0.001376
中国媒体,质疑,台积电,2024-11-07,0.001376
商务部,认为违规,台积电,2024-11-10,0.001374
台积电,计划建设,更多工厂,2024-11-29,0.001365
台积电,欢迎,分享,2025-04-24,0.001364
投资人,认为非法,台积电,2024-11-05,0.001352
中国大陆,相信,台湾,2025-04-03,0.001344
Heim,认为有危机,台积电,2025-04-08,0.001341
高志远,质疑,台积电,2025-02-26,0.001337
台积电,感到满意,拜登政府,2024-11-20,0.001333
伦纳特·海姆,认为失败,台积电,2025-04-22,0.001333
伦纳特·海姆,认为失败,台积电,2025-04-22,0.001333
特朗普,主导,台积公司,2025-03-06,0.001306
特朗普,认可,台湾,2025-02-13,0.001306
特朗普,认可,台湾,2025-02-19,0.001306
特朗普,认可,台湾,2025-03-05,0.001306
特朗普,认可,台湾,2025-02-25,0.001306
特朗普,认可,台湾,2024-12-03,0.001306
特朗普,认可,台湾,2025-02-19,0.001306
特朗普,认可,台湾,2024-12-03,0.001306
特朗普,认可,台湾,2024-12-03,0.001306
特朗普,认可,台湾,2024-12-03,0.001306
特朗普,认可,台湾,2024-12-03,0.001306
特朗普,认可,台湾,2024-12-03,0.001306
美国,敦促,TSMC,2025-03-02,0.001305
道明财富,主导,台积电,2025-04-25,0.001305
华盛顿,认为有威胁,台湾,2025-02-19,0.001300
美国,相信,台湾,2025-04-18,0.001300
马吉华,认为恐怖,台积电,2024-11-10,0.001299
马吉华,认为恐怖,台积电,2024-11-10,0.001299
美国,担忧,台湾,2025-03-05,0.001299
美国,担忧,台湾,2024-12-03,0.001299
美国,担忧,台湾,2024-12-03,0.001299
美国,担忧,台湾,2024-12-03,0.001299
Gary Tan,认为有危机,台积电,2025-04-16,0.001297
Gary Tan,认为有危机,台积电,2025-04-16,0.001297
Gary Tan,认为有危机,台积电,2025-04-17,0.001297
Gary Tan,认为有危机,台积电,2025-04-17,0.001297
Gary Tan,认为有危机,台积电,2025-04-17,0.001297
Gary Tan,认为有危机,台积电,2025-04-17,0.001297
拜登政府,支持,台积电,2025-04-02,0.001293
拜登政府,支持,台积电,2025-04-08,0.001293
拜登政府,支持,台积电,2024-11-20,0.001293
投资者,认为有威胁,台积电,2024-11-29,0.001291
美国,相信,新加坡,2025-04-03,0.001290
特朗普,感到不满,英伟达,2025-04-22,0.001287
特朗普,感到不满,英伟达,2025-04-22,0.001287
特朗普,感到不满,英伟达,2025-04-22,0.001287
美国,认可,亚马逊,2024-11-05,0.001283
投资者,威胁,台积电,2024-11-29,0.001279
台积电,合作,AMD,2025-04-13,0.001278
Heim,认为可靠,台积电,2025-04-08,0.001277
杰弗里·塞莱,认可,台积电,2025-04-25,0.001276
川普总统,认为热情,台积电,2025-04-16,0.001274
克丽丝蒂安·赫兹纳,认可,台积电,2025-04-18,0.001272
劳拉·陈,认为恐怖,台积电,2025-03-31,0.001270
Sam Konrad,威胁,台积电,2025-04-17,0.001267
《经济日报》,认为恐怖,台积电,2024-11-10,0.001255
投资人,认为恐怖,台积电,2024-11-05,0.001251
《金融时报》,认为优秀,台积电,2025-04-18,0.001241
《金融时报》,认为优秀,台积电,2024-11-04,0.001241
《金融时报》,认为优秀,台积电,2024-11-04,0.001241
台湾的能源挑战,威胁,台积电,2024-11-04,0.001240
中国,担忧,通货膨胀,2025-04-12,0.001234
盖尔辛格,认为犯罪,台积电,2024-11-06,0.001230
摩根士丹利,认为有威胁,台积电,2024-11-11,0.001224
鲍威尔,担忧,特朗普,2025-04-17,0.001216
鲍威尔,担忧,特朗普,2025-04-17,0.001216
鲍威尔,担忧,特朗普,2025-04-17,0.001216
美国,喜欢,新加坡,2025-04-03,0.001210
美国,认为失败,新加坡,2025-04-03,0.001196
中国大陆,认为可靠,台湾,2025-04-03,0.001187
伦敦证券交易所,担忧,台积电,2025-04-16,0.001179
《金融时报》,认为有暴力,台积电,2025-04-18,0.001178
莱纳特·海姆,认为失败,台积电,2025-04-08,0.001176
霍华德·鲁特尼克,增进,台积电,2025-03-02,0.001176
霍华德·鲁特尼克,增进,台积电,2025-03-02,0.001176
中国,损害,台湾,2025-03-24,0.001172
中国,损害,台湾,2025-03-04,0.001172
中国,损害,台湾,2024-11-16,0.001172
中国,损害,台湾,2025-03-05,0.001172
《台北时报》,担忧,台积电,2024-11-09,0.001171
《台北时报》,担忧,台积电,2024-11-09,0.001171
格尔辛格尔,威胁,台积电,2024-12-09,0.001168
《环球时报》,批评,台积电,2024-11-10,0.001157
哈里哈兰,担忧,台积电,2025-03-27,0.001149
Heim,认为失败,台积电,2025-04-08,0.001148
半导体,认为优秀,台积电,2024-11-11,0.001138
拜登总统,主导,美国,2025-03-02,0.001137
拜登总统,主导,美国,2024-11-25,0.001137
Jim·塞默,威胁,台积电,2024-11-03,0.001121
瑞克·卡斯迪,担忧,台积电,2024-12-16,0.001118
克丽丝蒂安·赫兹纳,认为失败,台积电,2025-04-18,0.001108
莱纳特·海姆,认可,台积电,2025-04-08,0.001102
芯片,认为可靠,台积电,2024-11-07,0.001090
芯片,认为可靠,台积电,2024-11-07,0.001090
丹尼尔·纽曼,增进,台积电,2025-03-02,0.001086
美国,认为非法,TSMC,2024-12-21,0.001086
美银,相信,台积电,2025-04-07,0.001078
美银,相信,台积电,2025-04-07,0.001078
华盛顿,担忧,北京,2024-11-20,0.001069
投资人,主导,台积电,2024-11-05,0.001067
美国,担忧,拜登,2024-12-03,0.001067
当地立法者,担忧,台积电,2024-11-12,0.001065
杰罗姆·鲍威尔,攻击,特朗普,2025-04-17,0.001064
美国,主导,TSMC,2025-03-05,0.001051
美国,主导,TSMC,2024-12-24,0.001051
新加坡（路透社）,担忧,台积电,2025-04-16,0.001050
克丽丝蒂安·赫兹纳,批评,台积电,2025-04-18,0.001038
半导体,认可,苹果,2025-02-23,0.001030
伦纳特·海姆,认为可靠,台积电,2025-04-22,0.001026
伦纳特·海姆,认为可靠,台积电,2025-04-22,0.001026
伦纳特·海姆,认为可靠,台积电,2025-04-21,0.001026
AMD,使用,台积电,2024-11-29,0.001010
《经济日报》,相信,台积电,2024-11-10,0.000996
丹尼尔·纽曼,认为可靠,台积电,2025-03-02,0.000992
朱锋,认可,特朗普,2024-11-06,0.000990
伦纳特·海姆,批评,台积电,2025-04-22,0.000988
伦纳特·海姆,批评,台积电,2025-04-22,0.000988
伦纳特·海姆,批评,台积电,2025-04-21,0.000988
Brad Lin,损害,台积电,2025-04-21,0.000988
道明财富,相信,台积电,2025-04-25,0.000987
苹果,认为有威胁,特朗普,2025-02-24,0.000986
新冠疫情,损害,台积电,2024-11-02,0.000986
伦纳特·海姆,认为有成就,台积电,2025-04-22,0.000985
伦纳特·海姆,认为有成就,台积电,2025-04-22,0.000985
投资人,质疑,台积电,2024-11-05,0.000981
盖尔辛格,认为有威胁,台积电,2024-11-06,0.000979
投资者,认为有危机,台积电,2024-11-29,0.000974
杰罗姆·鲍威尔,威胁,特朗普,2025-04-17,0.000968
杰罗姆·鲍威尔,威胁,特朗普,2025-04-17,0.000968
杰罗姆·鲍威尔,威胁,特朗普,2025-04-17,0.000968
杰罗姆·鲍威尔,威胁,特朗普,2025-04-17,0.000968
美国,认为非法,中国,2024-11-29,0.000968
美国,质疑,台湾,2025-03-05,0.000966
美国,质疑,台湾,2024-12-03,0.000966
美国,质疑,台湾,2024-12-03,0.000966
美国,质疑,台湾,2024-12-03,0.000966
美国,质疑,台湾,2024-12-03,0.000966
美国,质疑,台湾,2024-12-03,0.000966
美国,质疑,台湾,2024-12-03,0.000966
美国,质疑,台湾,2024-11-12,0.000966
美国,质疑,台湾,2024-12-03,0.000966
伦敦证券交易所,认为恐怖,台积电,2025-04-16,0.000964
莫里斯·昌,认为有威胁,台积电,2024-12-09,0.000962
美国,威胁,英伟达,2024-11-19,0.000962
美国,威胁,英伟达,2025-04-21,0.000962
Ge尔辛格,担忧,台积电,2025-03-27,0.000959
北京,感到不满,美国,2024-11-06,0.000958
台湾,支持,华盛顿,2025-04-03,0.000950
投资者,认为有成就,台积电,2024-11-29,0.000946
美国,认为有威胁,新加坡,2025-04-03,0.000943
美国,认为有威胁,新加坡,2025-04-03,0.000943
热土豆,担忧,台积电,2025-03-25,0.000942
埃利布·科比,认为有威胁,台湾,2025-03-05,0.000940
杰罗姆·鲍威尔,认为有暴力,台积电,2025-04-17,0.000940
美国,质疑,新加坡,2025-04-03,0.000939
台积电,认为有威胁,关税,2025-04-18,0.000931
郭建宏,认可,台积电,2025-01-14,0.000930
美国,担忧,台湾积体电路制造公司,2024-11-10,0.000927
马继华,认可,台积电,2024-11-10,0.000926
马继华,认可,台积电,2024-11-10,0.000926
美国,发送信函,TSMC,2024-11-10,0.000926
CNA,担忧,台积电,2024-11-03,0.000924
CNA,担忧,台积电,2024-11-03,0.000924
台积电,攻击,芯片,2024-11-11,0.000924
台湾科技公司,威胁,台积电,2025-04-17,0.000920
中国,威胁,台湾,2025-03-04,0.000919
中国,威胁,台湾,2025-02-13,0.000919
中国,威胁,台湾,2024-11-14,0.000919
中国,威胁,台湾,2024-11-16,0.000919
苹果,主导,美国,2025-03-02,0.000918
劳拉·陈,相信,台积电,2025-03-31,0.000917
台湾的能源挑战,损害,台积电,2024-11-04,0.000915
英国,欢迎,特朗普,2025-03-03,0.000914
美银,认为有威胁,台积电,2025-04-07,0.000914
中国,攻击,台湾,2025-03-24,0.000910
中国,攻击,台湾,2025-03-04,0.000910
中国,攻击,台湾,2025-03-14,0.000910
中国,攻击,台湾,2025-03-05,0.000910
中国,攻击,台湾,2024-11-16,0.000910
中国,攻击,台湾,2025-03-05,0.000910
中国,攻击,台湾,2025-04-15,0.000910
美国,认为优秀,微软,2024-11-19,0.000907
罗伯特·桑德斯,认可,台积电,2025-01-16,0.000907
劳拉·陈,主导,台积电,2025-03-31,0.000907
美国,认为有成就,埃隆·马斯克,2025-04-18,0.000905
《商业韩国》,担忧,台积电,2024-11-16,0.000904
台湾经济部门,质疑,台积电,2024-11-11,0.000903
埃隆·马斯克,认可,特朗普,2024-11-11,0.000901
摩根士丹利资本国际,认为恐怖,台积电,2025-04-24,0.000900
台积电,损害,台风康妮,2024-11-03,0.000897
Jim·塞默,认为有威胁,台积电,2024-11-03,0.000895
特朗普,欢迎,英伟达,2024-12-29,0.000884
霍华德·鲁特尼克,支持,台积电,2025-03-02,0.000881
霍华德·鲁特尼克,支持,台积电,2025-03-02,0.000881
格尔辛格尔,认为有威胁,台积电,2024-12-09,0.000881
加里·坦,认为有危机,台积电,2025-04-17,0.000880
加里·坦,认为有危机,台积电,2025-04-17,0.000880
伦敦证券交易所,威胁,台积电,2025-04-16,0.000873
哈里哈兰,认为恐怖,台积电,2025-03-27,0.000870
美国,质疑,华为,2025-04-08,0.000866
投资者,认可,台积电,2024-11-29,0.000866
美国,认为可靠,欧洲,2025-04-16,0.000857
《台北时报》,质疑,台积电,2024-11-09,0.000855
伦敦证券交易所,损害,台积电,2025-04-16,0.000854
特朗普,喜欢,台湾,2025-04-16,0.000853
特朗普,喜欢,台湾,2025-02-13,0.000853
特朗普,喜欢,台湾,2025-02-19,0.000853
标普全球市场情报公司,质疑,台积电,2024-11-10,0.000851
标普全球市场情报公司,质疑,台积电,2024-11-10,0.000851
朱锋,认为可靠,特朗普,2024-11-06,0.000849
瑞克·卡斯迪,质疑,台积电,2024-12-16,0.000845
马继华,认为有危机,台积电,2024-11-10,0.000837
埃隆·马斯克,认为非法,中国,2024-12-27,0.000835
埃隆·马斯克,认为非法,中国,2024-12-27,0.000835
台积电,担忧,贸易和运输中断,2025-04-09,0.000829
川普总统,批评,台积电,2025-04-16,0.000829
马继华,认为可靠,台积电,2024-11-10,0.000821
马继华,认为可靠,台积电,2024-11-10,0.000821
克里斯蒂安·赫特纳,认可,台积电,2025-04-23,0.000819
美国,担忧,贸易惩罚,2024-11-13,0.000819
Lauly Lith,担忧,台积电,2024-11-13,0.000819
吴成文,认可,台积电,2024-11-28,0.000817
投资者,认为可靠,台积电,2024-11-29,0.000813
中国大陆政府,认为恐怖,台积电,2025-03-02,0.000812
Ge尔辛格,质疑,台积电,2025-03-27,0.000809
美国,创造就业,美国,2024-11-15,0.000809
克丽丝蒂安·赫兹纳,认为有成就,台积电,2025-04-18,0.000807
白宫,认可,特朗普,2025-03-03,0.000799
莱纳特·海姆,认为可靠,台积电,2025-04-08,0.000798
特朗普,认为可靠,英伟达,2025-04-22,0.000793
美国,支持,新加坡,2025-04-03,0.000792
摩根士丹利,认为有危机,台积电,2024-11-11,0.000790
当地立法者,主导,台积电,2024-11-12,0.000784
吉娜·雷蒙多,支持,台积电,2024-11-14,0.000779
台湾,认为违规,特朗普,2025-04-09,0.000774
台积电,担忧,全球贸易战,2025-04-15,0.000771
投资者,批评,台积电,2024-11-29,0.000771
投资人,感到不满,台积电,2024-11-05,0.000767
黄仁勋,支持,台积电,2024-12-30,0.000762
CNBC,认可,台积电,2024-12-16,0.000760
摩根士丹利资本国际,欣赏,台积电,2025-04-24,0.000760
中国当局,质疑,台积电,2025-03-25,0.000759
中国当局,质疑,台积电,2025-03-25,0.000759
马继华,认为失败,台积电,2024-11-10,0.000758
《经济日报》,主导,台积电,2024-11-10,0.000758
丹尼尔·纽曼,感到满意,台积电,2025-03-02,0.000756
美国,认为优秀,苹果,2024-11-30,0.000754
《自由时报》,认为有威胁,台积电,2024-11-09,0.000753
美国,喜欢,特朗普,2025-04-08,0.000751
美国,喜欢,黄仁勋,2025-01-16,0.000750
黄仁勋,认为优秀,台积电,2024-11-10,0.000749
黄仁勋,认为优秀,台积电,2024-12-30,0.000749
美国,支持,台湾,2025-02-25,0.000747
美国,支持,台湾,2025-02-19,0.000747
盖尔辛格,认为有危机,台积电,2024-11-06,0.000743
劳拉·陈,认为有威胁,台积电,2025-03-31,0.000743
华盛顿,损害,中国,2025-04-21,0.000741
特朗普,相信,苹果,2025-02-23,0.000739
标普全球市场情报公司,损害,台积电,2024-11-10,0.000738
当地立法者,威胁,台积电,2024-11-12,0.000737
中国当局,认为恐怖,台积电,2025-03-25,0.000732
投资人,认为违规,台积电,2024-11-05,0.000727
台湾政府,制定政策,台积电,2024-11-29,0.000726
台湾,损害,半导体,2025-01-07,0.000726
台湾,损害,半导体,2025-03-05,0.000726
Gary Tan,认为失败,台积电,2025-04-17,0.000725
Gary Tan,认为失败,台积电,2025-04-17,0.000725
魏哲家,支持,台积电,2025-04-16,0.000719
魏哲家,支持,台积电,2025-04-16,0.000719
魏哲家,支持,台积电,2024-11-17,0.000719
魏哲家,支持,台积电,2025-04-16,0.000719
魏哲家,支持,台积电,2025-04-16,0.000719
华盛顿,损害,台湾,2025-02-19,0.000719
秦思瑞,担忧,台积电,2025-01-16,0.000716
Sam Konrad,认为有威胁,台积电,2025-04-17,0.000716
投资者,喜欢,台积电,2024-11-29,0.000716
特朗普,认为非法,欧洲,2025-04-17,0.000712
台湾经济部,担忧,台积电,2024-11-09,0.000711
商务部,认为犯罪,台积电,2024-11-10,0.000710
伦敦证券交易所,认为有威胁,台积电,2025-04-16,0.000709
华盛顿,认为可靠,美国,2025-04-03,0.000707
华盛顿,认为可靠,美国,2025-04-19,0.000707
华盛顿,认为可靠,美国,2025-04-18,0.000707
加里·坦,欣赏,台积电,2025-04-17,0.000707
美国,认为有成就,英特尔,2024-11-27,0.000707
美国,认为有成就,英特尔,2025-03-03,0.000707
华盛顿,认为有威胁,中国,2024-11-07,0.000705
哈里哈兰,威胁,台积电,2025-03-27,0.000704
克里斯蒂安·赫特纳,认为失败,台积电,2025-04-23,0.000703
Heim,认可,台积电,2025-04-08,0.000693
台积电,主导,全球扩张计划,2024-11-12,0.000691
纽约,主导,州宪法修正案,2024-11-02,0.000688
克丽丝蒂安·赫兹纳,感到满意,台积电,2025-04-18,0.000688
中国大陆政府,损害,台积电,2025-03-02,0.000684
中国大陆政府,损害,台积电,2025-03-02,0.000684
商务部,认可,台积电,2025-03-02,0.000681
商务部,认可,台积电,2024-11-10,0.000681
Gary Tan,认可,台积电,2025-04-16,0.000679
Gary Tan,认可,台积电,2025-04-17,0.000679
Gary Tan,认可,台积电,2025-04-17,0.000679
高盛,主导,美国,2024-11-02,0.000676
美国,认可,美国,2024-11-03,0.000670
《经济日报》,质疑,台积电,2024-11-10,0.000670
哈里哈兰,相信,台积电,2025-03-27,0.000666
特朗普,相信,英伟达,2025-04-22,0.000666
特朗普,相信,英伟达,2025-04-22,0.000666
特朗普,相信,英伟达,2025-04-22,0.000666
台湾,认为有暴力,特朗普,2025-04-09,0.000666
埃隆·马斯克,感到不满,中国,2024-12-26,0.000662
埃隆·马斯克,感到不满,中国,2024-12-27,0.000662
埃隆·马斯克,感到不满,中国,2024-12-27,0.000662
Phelix Lee,认为有威胁,台积电,2024-11-11,0.000660
郭建宏,认为可靠,台积电,2025-01-14,0.000656
盖尔辛格,损害,台积电,2024-11-06,0.000655
中国当局,认为非法,台积电,2025-03-25,0.000655
美国,认可,芯片,2025-03-29,0.000655
美国,认可,芯片,2024-11-26,0.000655
美国,认可,芯片,2025-03-03,0.000655
美国,认可,芯片,2024-11-13,0.000655
美国,认可,芯片,2024-11-13,0.000655
美国,担忧,特朗普,2025-04-17,0.000650
台积电,支持,阿维切纳,2025-04-22,0.000650
丹·伊夫斯,担忧,特朗普,2025-04-15,0.000648
CNA,质疑,台积电,2024-11-03,0.000647
美国,拨款,TSMC,2024-11-14,0.000644
美国,拨款,TSMC,2024-11-14,0.000644
盖尔辛格,威胁,台积电,2025-03-27,0.000644
盖尔辛格,威胁,台积电,2024-11-06,0.000644
美国,认为缺乏,新加坡,2025-04-03,0.000637
新加坡（路透社）,损害,台积电,2025-04-16,0.000635
俄罗斯驻华盛顿大使馆,认为非法,美国,2024-11-03,0.000634
吉娜·雷蒙多,认为优秀,台积电,2024-11-14,0.000634
吉娜·雷蒙多,认为优秀,台积电,2025-03-03,0.000634
吉娜·雷蒙多,认为优秀,台积电,2025-03-03,0.000634
亚当·波森,担忧,特朗普,2024-11-06,0.000634
亚当·波森,担忧,特朗普,2024-11-06,0.000634
亚当·波森,担忧,特朗普,2024-11-06,0.000634
《商业韩国》,质疑,台积电,2024-11-16,0.000633
Jay Y. Lee,攻击,台积电,2025-03-20,0.000631
《台北时报》,相信,台积电,2024-11-09,0.000630
特朗普,认为非法,美国,2024-11-18,0.000629
特朗普,认为非法,美国,2025-04-10,0.000629
特朗普,认为非法,美国,2025-04-10,0.000629
《自由时报》,威胁,台积电,2024-11-09,0.000628
陈其迈,主导,台积电,2024-11-25,0.000628
台积电,威胁,台风康妮,2024-11-03,0.000627
杰罗姆·鲍威尔,认为恐怖,特朗普,2025-04-17,0.000625
杰罗姆·鲍威尔,认为恐怖,特朗普,2025-04-17,0.000625
杰罗姆·鲍威尔,认为恐怖,特朗普,2025-04-17,0.000625
中国大陆政府,威胁,台积电,2025-03-02,0.000625
中国大陆政府,威胁,台积电,2025-03-02,0.000625
O丹尼尔·纽曼,认为有危机,台积电,2025-03-02,0.000624
马吉华,认为有威胁,台积电,2024-11-10,0.000623
苏贞昌,质疑,台积电,2025-03-05,0.000621
苏贞昌,质疑,台积电,2025-03-05,0.000621
美国,支持,英伟达,2024-12-26,0.000621
美国,支持,英伟达,2025-04-21,0.000621
美国,支持,英伟达,2024-11-09,0.000621
《商业时报》,担忧,台积电,2025-02-03,0.000621
半导体,认为有成就,苹果,2025-02-23,0.000616
台北,欢迎,特朗普,2025-04-03,0.000606
亚当·波森,认可,特朗普,2024-11-06,0.000601
亚当·波森,认可,特朗普,2024-11-06,0.000601
亚当·波森,认可,特朗普,2024-11-06,0.000601
北京,认为有威胁,台湾,2025-02-19,0.000597
摩根士丹利资本国际,相信,台积电,2025-04-24,0.000597
《自由时报》,损害,台积电,2024-11-09,0.000596
杰罗姆·鲍威尔,质疑,特朗普,2025-04-17,0.000596
杰罗姆·鲍威尔,质疑,特朗普,2025-04-17,0.000596
杰罗姆·鲍威尔,质疑,特朗普,2025-04-17,0.000596
杰罗姆·鲍威尔,质疑,特朗普,2025-04-17,0.000596
杰罗姆·鲍威尔,质疑,特朗普,2025-04-17,0.000596
杰罗姆·鲍威尔,质疑,特朗普,2025-04-17,0.000596
政府支持计划,担忧,台积电,2025-04-16,0.000595
政府支持计划,担忧,台积电,2025-04-16,0.000595
Konrad,威胁,台积电,2025-04-17,0.000593
特朗普,认为可靠,欧洲,2025-04-17,0.000592
伦敦证券交易所,相信,台积电,2025-04-16,0.000588
《自由时报》,认为有危机,台积电,2024-11-09,0.000587
习近平,认为非法,美国,2024-11-29,0.000587
习近平,认为非法,美国,2024-11-29,0.000587
习近平,认为非法,美国,2024-11-29,0.000587
习近平,认为非法,美国,2024-11-29,0.000587
习近平,认为非法,美国,2024-11-29,0.000587
习近平,认为非法,美国,2024-11-29,0.000587
习近平,认为非法,美国,2024-11-29,0.000587
台积电,认为优秀,半导体,2025-04-17,0.000578
日本,主导,半导体,2024-11-12,0.000577
吴成文,认为可靠,台积电,2024-11-28,0.000577
《商业时报》,认为恐怖,台积电,2025-02-03,0.000576
美国,提供补贴,TSMC,2025-03-03,0.000575
美国,提供补贴,TSMC,2024-11-14,0.000575
美国,担忧,英特尔,2024-11-25,0.000571
美国,担忧,英特尔,2024-11-27,0.000571
美国,担忧,英特尔,2025-03-03,0.000571
美国,担忧,英特尔,2024-11-03,0.000571
鲍威尔,相信,特朗普,2025-04-17,0.000567
台湾经济部门,相信,台积电,2024-11-11,0.000564
美国,感到不满,苹果,2024-11-30,0.000563
道明财富,欣赏,台积电,2025-04-25,0.000550
特朗普,主导,贸易谈判,2024-11-06,0.000549
特朗普,主导,贸易谈判,2025-04-17,0.000549
于伊齐,质疑,台积电,2024-12-14,0.000547
北京,认为犯罪,特朗普,2024-11-06,0.000547
鲍威尔,认为非法,美国,2025-04-17,0.000541
台湾经济部,质疑,台积电,2024-11-09,0.000540
台湾经济部,质疑,台积电,2024-11-09,0.000540
摩根士丹利资本国际,质疑,台积电,2025-04-24,0.000537
唐永年,质疑,台积电,2024-11-12,0.000536
台积电,支持,艾维西那,2025-04-22,0.000535
政府,认为优秀,台积电,2025-04-16,0.000533
美国,威胁,华为,2024-11-11,0.000531
特朗普,认为非法,中国,2025-04-16,0.000528
Lauly Lith,认为恐怖,台积电,2024-11-13,0.000527
美银,认为有危机,台积电,2025-04-07,0.000526
Phelix Lee,认为有危机,台积电,2024-11-11,0.000524
美银,认为可靠,台积电,2025-04-07,0.000522
美银,认为可靠,台积电,2025-04-07,0.000522
克里斯蒂安·赫特纳,认为有成就,台积电,2025-04-23,0.000520
特朗普,欣赏,台湾,2024-12-03,0.000519
特朗普,欣赏,台湾,2024-12-03,0.000519
特朗普,欣赏,台湾,2024-12-03,0.000519
特朗普,欣赏,台湾,2024-12-03,0.000519
特朗普,欣赏,台湾,2024-12-03,0.000519
特朗普,欣赏,台湾,2024-12-03,0.000519
美国,欢迎,新加坡,2025-04-03,0.000518
商务部,认为失败,台积电,2024-11-10,0.000518
台湾,欢迎,美国,2025-04-11,0.000515
克罗士·阿蒙,欣赏,台积电,2025-03-05,0.000512
苏贞昌,担忧,台积电,2025-03-05,0.000510
佛罗里达州,担忧,特朗普,2024-11-12,0.000508
投资人,相信,台积电,2024-11-05,0.000508
丹尼尔·纽曼,支持,台积电,2025-03-02,0.000506
中国,认为恐怖,台湾,2025-04-12,0.000505
中国,认为恐怖,台湾,2025-01-14,0.000505
中国,认为恐怖,台湾,2025-01-14,0.000505
台积电,获得资金,10亿美元,2024-11-15,0.000501
阿斯麦,威胁,台积电,2025-04-17,0.000498
新冠肺炎疫情,认可,台积电,2024-11-02,0.000493
台积电,认为可靠,关税谈判,2025-04-15,0.000491
Brad Lin,相信,台积电,2025-04-21,0.000491
美国,欢迎,拜登,2024-11-11,0.000491
克里斯蒂安·赫特纳,批评,台积电,2025-04-23,0.000490
朱锋,感到不满,特朗普,2024-11-06,0.000488
吴成文,增进,台积电,2024-11-28,0.000486
台积电,认为有威胁,芯片,2025-03-02,0.000485
台湾官员,质疑,台积电,2025-04-09,0.000484
丹尼尔·纽曼,认为缺乏,台积电,2025-03-02,0.000484
美国,认可,英特尔,2024-11-27,0.000483
美国,认可,英特尔,2024-11-27,0.000483
美国,认可,英特尔,2024-11-27,0.000483
美国,认可,英特尔,2025-03-03,0.000483
当地立法者,认为有威胁,台积电,2024-11-12,0.000478
华盛顿,威胁,中国,2024-11-07,0.000478
特朗普,相信,欧洲,2025-04-17,0.000476
加里·坦,认为失败,台积电,2025-04-17,0.000474
加里·坦,认可,台积电,2025-04-17,0.000471
加里·坦,认可,台积电,2025-04-17,0.000471
台积电,开始,高雄2纳米生产,2024-11-29,0.000471
赖清德总统,主导,台湾,2025-04-19,0.000469
中国当局,威胁,台积电,2025-03-25,0.000469
特朗普,欢迎,半导体,2025-04-17,0.000468
摩根士丹利资本国际,主导,台积电,2025-04-24,0.000468
白宫,欢迎,特朗普,2024-11-05,0.000467
美国,认为有威胁,台湾,2025-04-09,0.000465
美国,认为有威胁,台湾,2025-04-16,0.000465
美国,认为有威胁,台湾,2025-03-04,0.000465
美国,认为有威胁,台湾,2025-04-16,0.000465
美国,认为有威胁,台湾,2025-04-17,0.000465
美国,认为有威胁,台湾,2024-12-03,0.000465
美国,认为有威胁,台湾,2025-04-17,0.000465
美国,认为有威胁,台湾,2024-12-03,0.000465
美国,认为有威胁,台湾,2024-12-03,0.000465
美国,认为有威胁,台湾,2024-12-03,0.000465
投资人,损害,台积电,2024-11-05,0.000465
白宫,认为有威胁,台湾,2025-04-09,0.000463
当地立法者,欣赏,台积电,2024-11-12,0.000463
台积电,损害,非台湾或中国籍的员工,2024-11-13,0.000460
亚利桑那州,主导,芯片,2024-11-15,0.000458
亚利桑那州,主导,芯片,2025-04-17,0.000458
美国,欢迎,台湾,2025-02-13,0.000456
劳拉·陈,认为有危机,台积电,2025-03-31,0.000456
Gary Tan,批评,台积电,2025-04-16,0.000454
Gary Tan,批评,台积电,2025-04-17,0.000454
Gary Tan,批评,台积电,2025-04-17,0.000454
台积电,主导,年度技术研讨会,2025-04-25,0.000452
美国,感到满意,台积公司,2024-11-29,0.000450
美国,感到满意,台积公司,2024-11-29,0.000450
投资人,认为有危机,台积电,2024-11-05,0.000450
Gary Tan,认为可靠,台积电,2025-04-16,0.000450
Gary Tan,认为可靠,台积电,2025-04-17,0.000450
Gary Tan,认为可靠,台积电,2025-04-17,0.000450
Gary Tan,认为可靠,台积电,2025-04-17,0.000450
Gary Tan,认为可靠,台积电,2025-04-17,0.000450
瑞克·卡斯迪,认为违规,台积电,2024-12-16,0.000448
北京,担忧,美国,2024-11-06,0.000448
投资人,认为有威胁,台积电,2024-11-05,0.000447
台积电,担忧,中国市场,2024-11-02,0.000447
乔·罗根,感谢,特朗普,2025-03-03,0.000444
美国,质疑,鲍威尔,2025-04-21,0.000442
CNA,相信,台积电,2024-11-03,0.000441
半导体,主导,苹果,2025-02-23,0.000439
雷蒙多,认为优秀,台积电,2024-11-14,0.000436
朱利安·夏伊塞教授,担忧,美国,2025-04-03,0.000436
台湾,认为可靠,美台伙伴关系,2024-11-14,0.000435
O丹尼尔·纽曼,认为失败,台积电,2025-03-02,0.000433
哈里哈兰,认为有威胁,台积电,2025-03-27,0.000431
格尔辛格尔,攻击,台积电,2024-12-09,0.000427
《商业时报》,质疑,台积电,2025-02-03,0.000427
中国当局,主导,台积电,2025-03-25,0.000424
白宫,感到满意,特朗普,2025-03-03,0.000422
杰夫·贝索斯,增进,台积电,2024-11-09,0.000422
Lauly Lith,主导,台积电,2024-11-13,0.000421
Russ Mould,认为恐怖,台积电,2025-01-10,0.000420
《台北时报》,威胁,台积电,2024-11-09,0.000418
中媒,质疑,台积电,2024-11-07,0.000417
中媒,质疑,台积电,2024-11-07,0.000417
中媒,质疑,台积电,2024-11-07,0.000417
中媒,质疑,台积电,2024-11-07,0.000417
美国,主导,贸易惩罚,2024-11-13,0.000415
美国,主导,贸易惩罚,2024-11-13,0.000415
美国,主导,贸易惩罚,2024-11-13,0.000415
美国,主导,贸易惩罚,2024-11-13,0.000415
美国,主导,贸易惩罚,2024-11-13,0.000415
中央通讯社（CNA）,认为恐怖,台积电,2024-11-03,0.000413
美国,认为优秀,英伟达,2025-04-21,0.000411
白宫,质疑,特朗普,2025-03-03,0.000411
摩根士丹利,认可,台积电,2024-12-29,0.000411
特朗普,认为有威胁,台湾,2025-03-03,0.000408
特朗普,认为有威胁,台湾,2025-03-03,0.000408
特朗普,认为有威胁,台湾,2025-04-09,0.000408
特朗普,认为有威胁,台湾,2025-04-09,0.000408
特朗普,认为有威胁,台湾,2024-11-14,0.000408
特朗普,认为有威胁,台湾,2025-04-13,0.000408
特朗普,认为有威胁,台湾,2024-11-15,0.000408
特朗普,认为有威胁,台湾,2024-11-15,0.000408
特朗普,认为有威胁,台湾,2024-11-15,0.000408
特朗普,认为有威胁,台湾,2024-11-15,0.000408
特朗普,认为有威胁,台湾,2024-11-13,0.000408
特朗普,认为有威胁,台湾,2024-11-15,0.000408
特朗普,认为有威胁,台湾,2024-11-15,0.000408
特朗普,认为有威胁,台湾,2024-11-15,0.000408
特朗普,认为有威胁,台湾,2024-11-15,0.000408
特朗普,认为有威胁,台湾,2024-11-15,0.000408
特朗普,认为有威胁,台湾,2024-11-15,0.000408
特朗普,认为有威胁,台湾,2024-11-15,0.000408
特朗普,认为有威胁,台湾,2024-11-15,0.000408
特朗普,认为有威胁,台湾,2024-11-15,0.000408
特朗普,认为有威胁,台湾,2024-11-15,0.000408
特朗普,认为有威胁,台湾,2025-03-04,0.000408
特朗普,认为有威胁,台湾,2025-03-31,0.000408
特朗普,认为有威胁,台湾,2024-11-13,0.000408
特朗普,认为有威胁,台湾,2024-11-13,0.000408
特朗普,认为有威胁,台湾,2024-11-13,0.000408
特朗普,认为有威胁,台湾,2024-11-13,0.000408
特朗普,认为有威胁,台湾,2024-11-07,0.000408
特朗普,认为有威胁,台湾,2024-11-13,0.000408
特朗普,认为有威胁,台湾,2024-11-13,0.000408
特朗普,认为有威胁,台湾,2024-11-13,0.000408
特朗普,认为有威胁,台湾,2025-02-13,0.000408
特朗普,认为有威胁,台湾,2024-11-07,0.000408
特朗普,认为有威胁,台湾,2024-11-11,0.000408
特朗普,认为有威胁,台湾,2024-11-11,0.000408
特朗普,认为有威胁,台湾,2024-11-07,0.000408
特朗普,认为有威胁,台湾,2025-02-13,0.000408
特朗普,认为有威胁,台湾,2024-11-07,0.000408
特朗普,认为有威胁,台湾,2025-02-19,0.000408
特朗普,认为有威胁,台湾,2024-11-07,0.000408
特朗普,认为有威胁,台湾,2024-11-07,0.000408
特朗普,认为有威胁,台湾,2025-03-05,0.000408
特朗普,认为有威胁,台湾,2024-11-11,0.000408
特朗普,认为有威胁,台湾,2024-11-11,0.000408
特朗普,认为有威胁,台湾,2024-11-11,0.000408
特朗普,认为有威胁,台湾,2024-11-06,0.000408
特朗普,认为有威胁,台湾,2025-04-17,0.000408
特朗普,认为有威胁,台湾,2025-03-05,0.000408
特朗普,认为有威胁,台湾,2025-02-25,0.000408
特朗普,认为有威胁,台湾,2025-02-25,0.000408
特朗普,认为有威胁,台湾,2025-04-09,0.000408
特朗普,认为有威胁,台湾,2024-12-03,0.000408
特朗普,认为有威胁,台湾,2024-11-06,0.000408
特朗普,认为有威胁,台湾,2025-02-19,0.000408
特朗普,认为有威胁,台湾,2025-02-19,0.000408
特朗普,认为有威胁,台湾,2025-04-12,0.000408
特朗普,认为有威胁,台湾,2025-03-30,0.000408
特朗普,认为有威胁,台湾,2025-04-17,0.000408
特朗普,认为有威胁,台湾,2024-11-05,0.000408
特朗普,认为有威胁,台湾,2025-04-17,0.000408
特朗普,认为有威胁,台湾,2024-11-12,0.000408
特朗普,认为有威胁,台湾,2025-04-09,0.000408
特朗普,认为有威胁,台湾,2024-12-03,0.000408
特朗普,认为有威胁,台湾,2024-12-03,0.000408
特朗普,认为有威胁,台湾,2024-12-03,0.000408
特朗普,认为有威胁,台湾,2024-12-03,0.000408
特朗普,认为有威胁,台湾,2024-12-03,0.000408
特朗普,认为有威胁,台湾,2024-12-03,0.000408
特朗普,认为有威胁,台湾,2024-12-03,0.000408
特朗普,认为有威胁,台湾,2024-11-12,0.000408
特朗普,认为有威胁,台湾,2024-12-03,0.000408
美国,感到不满,英特尔,2024-11-27,0.000407
美国,感到不满,英特尔,2024-11-27,0.000407
美国,感到不满,英特尔,2025-04-08,0.000407
美国,通过法案,TSMC,2025-03-03,0.000406
吴部长,认为有威胁,台积电,2024-11-28,0.000405
中央通讯社（CNA）,担忧,台积电,2024-11-03,0.000400
中央通讯社（CNA）,担忧,台积电,2024-11-03,0.000400
克丽丝蒂安·赫兹纳,担忧,特朗普,2025-04-18,0.000398
台湾,回应,特朗普,2025-04-09,0.000396
杰罗姆·鲍威尔,认为优秀,特朗普,2025-04-17,0.000396
美国,威胁,新加坡,2025-04-03,0.000395
台积电,攻击,台风康妮,2024-11-03,0.000395
克丽丝蒂安·赫兹纳,支持,台积电,2025-04-18,0.000395
特朗普,认为缺乏,台湾,2024-12-03,0.000394
美国,损害,英伟达,2024-11-19,0.000394
美国,损害,英伟达,2025-04-21,0.000394
美国,损害,英伟达,2025-04-17,0.000394
Jim·塞默,认可,台积电,2024-11-03,0.000393
美国,质疑,亚马逊,2024-11-05,0.000391
美国,施加关税,台湾,2025-04-09,0.000389
埃隆·马斯克,担忧,中国,2024-12-26,0.000388
埃隆·马斯克,担忧,中国,2024-12-27,0.000388
埃隆·马斯克,担忧,中国,2024-12-27,0.000388
商务部,认为可靠,台积电,2025-01-10,0.000388
伦敦证券交易所,认为有危机,台积电,2025-04-16,0.000387
日本,喜欢,台湾,2025-02-13,0.000384
特朗普,认为可靠,中国,2025-04-16,0.000383
特朗普,欢迎,台湾,2025-02-13,0.000382
特朗普,欢迎,台湾,2024-12-03,0.000382
特朗普,欢迎,台湾,2025-04-09,0.000382
巴拉克·奥巴马,感到不满,史蒂夫·乔布斯,2025-04-13,0.000382
派伯（Baird）,担忧,台积电,2025-02-13,0.000382
《巴伦周刊》,认为有成就,台积电,2024-11-12,0.000381
台积电,欣赏,芯片,2025-04-16,0.000381
美国,要求停止运送,TSMC,2024-11-15,0.000380
Phelix Lee,批评,台积电,2024-11-11,0.000377
伦纳特·海姆,认为缺乏,台积电,2025-04-22,0.000376
伦纳特·海姆,认为缺乏,台积电,2025-04-21,0.000376
特朗普,担忧,欧洲,2025-04-17,0.000375
吴成文,批评,台积电,2024-11-28,0.000374
当地立法者,认可,台积电,2024-11-12,0.000372
唐永年,担忧,台积电,2024-11-12,0.000367
摩根士丹利资本国际,认为有威胁,台积电,2025-04-24,0.000367
Lauly Lith,认为违规,台积电,2024-11-13,0.000366
中央通讯社（CNA）,感到不满,台积电,2024-11-03,0.000366
《商业时报》,感到不满,台积电,2025-02-03,0.000366
C.C. Wei,认为热情,台积电,2024-11-07,0.000365
美国,质疑,苹果,2024-11-30,0.000364
投资人,认为犯罪,台积电,2024-11-05,0.000363
美国,认为可靠,美国,2025-04-19,0.000362
美国,认为可靠,美国,2025-04-18,0.000362
美国,要求停止出口,TSMC,2024-11-09,0.000362
台湾经济部,主导,台积电,2024-11-09,0.000361
莱纳特·海姆,认为缺乏,台积电,2025-04-08,0.000359
中央通讯社（CNA）,质疑,台积电,2024-11-03,0.000355
中央通讯社（CNA）,质疑,台积电,2024-11-03,0.000355
特朗普,担忧,台积公司,2025-03-06,0.000354
台湾,欢迎,苹果,2024-11-13,0.000354
《商业韩国》,相信,台积电,2024-11-16,0.000352
《自由时报》,认为可靠,台积电,2024-11-09,0.000352
中国当局,损害,台积电,2025-03-25,0.000351
川普总统,认为有暴力,台积电,2025-04-16,0.000350
台湾陆委会,损害,台积电,2025-02-25,0.000350
美国,批准补贴,芯片,2024-11-18,0.000349
Lauly Lith,相信,台积电,2024-11-13,0.000348
秦思瑞,相信,台积电,2025-01-16,0.000348
Intel,批评,台积电,2025-03-27,0.000348
侯永清,主导,美国,2024-11-06,0.000345
美国,主导,芯片,2024-11-29,0.000343
美国,主导,芯片,2024-11-26,0.000343
美国,主导,芯片,2025-03-30,0.000343
美国,主导,芯片,2024-11-25,0.000343
美国,主导,芯片,2024-11-29,0.000343
美国,主导,芯片,2025-01-03,0.000343
美国,主导,芯片,2025-03-05,0.000343
美国,主导,芯片,2025-01-03,0.000343
美国,主导,芯片,2024-11-29,0.000343
美国,主导,芯片,2024-12-11,0.000343
美国,主导,芯片,2025-04-16,0.000343
美国,主导,芯片,2024-11-26,0.000343
美国,主导,芯片,2024-11-26,0.000343
美国,主导,芯片,2025-03-29,0.000343
美国,主导,芯片,2024-11-26,0.000343
美国,主导,芯片,2024-12-27,0.000343
美国,主导,芯片,2024-12-27,0.000343
美国,主导,芯片,2024-12-26,0.000343
美国,主导,芯片,2025-04-19,0.000343
美国,主导,芯片,2024-11-26,0.000343
美国,主导,芯片,2025-02-26,0.000343
美国,主导,芯片,2024-11-26,0.000343
美国,主导,芯片,2024-11-26,0.000343
美国,主导,芯片,2024-12-29,0.000343
美国,主导,芯片,2025-01-13,0.000343
美国,主导,芯片,2024-12-03,0.000343
美国,主导,芯片,2025-03-03,0.000343
特朗普,认可,半导体,2025-04-16,0.000343
特朗普,认可,半导体,2025-04-16,0.000343
特朗普,认可,半导体,2025-04-16,0.000343
特朗普,认可,半导体,2025-04-15,0.000343
美国,支持,半导体,2024-11-17,0.000343
美国,支持,半导体,2025-04-15,0.000343
美国,支持,半导体,2025-03-05,0.000343
美国,支持,半导体,2024-11-19,0.000343
戈库尔·哈里哈兰,损害,台积电,2025-03-27,0.000343
摩根士丹利资本国际,喜欢,台积电,2025-04-24,0.000342
台积公司,认为有威胁,特朗普,2025-04-17,0.000342
投资者,攻击,台积电,2024-11-29,0.000339
Sam Konrad,担忧,台湾,2025-04-17,0.000338
美国,欣赏,特朗普,2025-04-08,0.000335
日本,欢迎,台湾,2025-02-13,0.000334
美国,认为非法,英特尔,2024-11-27,0.000334
总统竞选胜利,损害,台积电,2024-11-12,0.000334
Brad Lin,威胁,台积电,2025-04-21,0.000332
当地立法者,认为恐怖,台积电,2024-11-12,0.000331
台北,认为有威胁,美国,2025-04-17,0.000331
台北,认为有威胁,美国,2025-04-17,0.000331
台北,认为有威胁,美国,2025-04-16,0.000331
Phelix Lee,认为失败,台积电,2024-11-11,0.000329
加里·坦,认为可靠,台积电,2025-04-17,0.000329
加里·坦,认为可靠,台积电,2025-04-17,0.000329
加里·坦,认为可靠,台积电,2025-04-17,0.000329
特朗普,认可,英伟达,2025-04-14,0.000329
特朗普,认可,英伟达,2025-04-14,0.000329
特朗普,认可,英伟达,2025-04-22,0.000329
特朗普,认可,英伟达,2025-04-22,0.000329
特朗普,认可,英伟达,2025-04-22,0.000329
美银,认可,台积电,2025-04-07,0.000328
美银,认可,台积电,2025-04-07,0.000328
美国,相信,欧洲,2025-04-16,0.000328
政府支持计划,主导,台积电,2025-04-16,0.000326
政府支持计划,主导,台积电,2025-04-16,0.000326
埃隆·马斯克,认可,中国,2024-12-27,0.000319
台积电,认为违规,出口管制,2024-11-10,0.000317
台积电,认为违规,出口管制,2024-11-10,0.000317
《自由时报》,认可,台积电,2024-11-09,0.000317
投资人,威胁,台积电,2024-11-05,0.000317
台湾,增进,美国,2025-04-11,0.000316
台湾,增进,美国,2024-11-13,0.000316
白宫,认可,美国,2025-04-16,0.000313
美国,主导,Nvidia,2025-04-16,0.000309
美国,制裁,华为,2024-11-04,0.000308
亚利桑那州,主导,英特尔,2025-04-17,0.000308
亚利桑那州,主导,英特尔,2025-04-17,0.000308
杰罗姆·鲍威尔,担忧,美联储,2025-04-17,0.000308
杰罗姆·鲍威尔,担忧,美联储,2025-04-17,0.000308
杰罗姆·鲍威尔,担忧,美联储,2025-04-17,0.000308
杰罗姆·鲍威尔,担忧,美联储,2025-04-16,0.000308
杰罗姆·鲍威尔,担忧,美联储,2025-04-17,0.000308
台湾经济部,相信,台积电,2024-11-09,0.000307
道明财富,认为可靠,台积电,2025-04-25,0.000307
美国,质疑,TSMC,2025-03-05,0.000305
台积电,损害,一些员工,2024-11-13,0.000305
美国,欢迎,特朗普,2025-01-15,0.000304
美国,欢迎,特朗普,2025-01-16,0.000304
美国,欢迎,特朗普,2025-04-11,0.000304
美国,欢迎,特朗普,2025-04-08,0.000304
中国,认为有危机,台湾,2025-01-14,0.000303
中国,认为有危机,台湾,2025-01-14,0.000303
美国,质疑,台积公司,2024-11-29,0.000301
当地立法者,认为可靠,台积电,2024-11-12,0.000301
Heim,批评,台积电,2025-04-08,0.000300
当地立法者,质疑,台积电,2024-11-12,0.000300
Konrad,认为有威胁,台积电,2025-04-17,0.000300
台北,认为可靠,华盛顿,2025-04-03,0.000300
特朗普,认为优秀,华为,2025-04-22,0.000299
特朗普,认为优秀,华为,2025-04-21,0.000299
特朗普,认为优秀,华为,2025-04-21,0.000299
特朗普,认为犯罪,台湾,2024-11-14,0.000294
特朗普,认为犯罪,台湾,2024-11-15,0.000294
特朗普,认为犯罪,台湾,2024-11-15,0.000294
特朗普,认为犯罪,台湾,2024-11-15,0.000294
特朗普,认为犯罪,台湾,2025-03-31,0.000294
特朗普,认为犯罪,台湾,2024-11-13,0.000294
特朗普,认为犯罪,台湾,2024-12-03,0.000294
特朗普,认为犯罪,台湾,2024-11-06,0.000294
特朗普,认为犯罪,台湾,2024-11-05,0.000294
特朗普,认为犯罪,台湾,2024-12-03,0.000294
特朗普,认为犯罪,台湾,2024-12-03,0.000294
特朗普,认为犯罪,台湾,2024-12-03,0.000294
特朗普,认为犯罪,台湾,2024-12-03,0.000294
特朗普,认为犯罪,台湾,2024-12-03,0.000294
美国,支持,TSMC,2025-03-05,0.000293
美国,支持,TSMC,2025-02-16,0.000293
美国,支持,TSMC,2024-12-24,0.000293
美国,支持,TSMC,2024-12-24,0.000293
美国,支持,TSMC,2025-04-06,0.000293
特朗普,支持,台湾,2024-12-03,0.000293
特朗普,支持,台湾,2025-02-19,0.000293
台积公司,认可,美国,2024-11-13,0.000291
帕特·格尔辛格,支持,台积电,2025-04-10,0.000289
芯片,认为优秀,台积电,2024-11-10,0.000289
北京中国与全球化中心,认为非法,美国,2024-11-06,0.000288
巴伦周刊,认可,台积电,2025-04-05,0.000288
百度,认可,台积电,2024-11-07,0.000288
特朗普,认可,苹果,2025-03-02,0.000288
特朗普,认可,苹果,2025-03-02,0.000288
Lauly Lith,认为有威胁,台积电,2024-11-13,0.000287
美国,攻击,台湾,2024-11-13,0.000287
美国,攻击,台湾,2024-11-13,0.000287
美国,攻击,台湾,2024-11-27,0.000287
美国,攻击,台湾,2024-11-16,0.000287
美国,攻击,台湾,2025-04-03,0.000287
美国,攻击,台湾,2025-03-09,0.000287
美国,攻击,台湾,2024-11-12,0.000287
美国,攻击,台湾,2024-11-12,0.000287
英国,喜欢,特朗普,2025-03-03,0.000286
朱利安·夏伊塞教授,认为可靠,美国,2025-04-03,0.000286
imes,质疑,台积电,2024-12-11,0.000285
美国,认为非法,芯片,2024-12-21,0.000283
美国,认为非法,芯片,2024-12-21,0.000283
特朗普,认为可靠,美国,2025-04-03,0.000282
特朗普,认为可靠,美国,2025-04-03,0.000282
特朗普,认为可靠,美国,2025-04-03,0.000282
特朗普,认为可靠,美国,2025-04-03,0.000282
美国,认为失败,特朗普,2024-11-02,0.000282
加文·纽森,认为犯罪,特朗普,2025-04-17,0.000282
台积电,感谢,分享,2025-04-24,0.000282
台积电,感谢,分享,2025-04-14,0.000282
台积电,感谢,分享,2025-02-09,0.000282
台积电,感谢,分享,2025-04-14,0.000282
台积电,感谢,分享,2025-04-14,0.000282
台积电,感谢,分享,2025-04-09,0.000282
台积电,感谢,分享,2025-04-11,0.000282
台积电,感谢,分享,2025-02-25,0.000282
投资人,认为失败,台积电,2024-11-05,0.000281
摩根士丹利资本国际,认可,台积电,2025-04-24,0.000281
美国,威胁,台湾,2025-04-09,0.000281
美国,威胁,台湾,2025-03-04,0.000281
美国,威胁,台湾,2024-12-03,0.000281
台积电,损害,中国客户,2024-11-09,0.000280
台积电,损害,中国客户,2024-11-09,0.000280
台积电,损害,中国客户,2024-11-09,0.000280
台积电,损害,中国客户,2024-11-09,0.000280
《商业时报》,相信,台积电,2025-02-03,0.000277
美国,担忧,贸易,2025-03-25,0.000276
劳拉·陈,认可,台积电,2025-03-31,0.000273
台积公司,担忧,美国,2024-11-13,0.000272
台积公司,担忧,美国,2024-11-13,0.000272
台积公司,担忧,美国,2024-11-13,0.000272
台积公司,担忧,美国,2024-11-13,0.000272
特朗普,喜欢,半导体,2025-04-17,0.000272
芯片,支持,台积电,2024-11-11,0.000270
亚当·普森,担忧,特朗普,2024-11-06,0.000268
亚当·普森,担忧,特朗普,2024-11-06,0.000268
亚当·普森,担忧,特朗普,2024-11-06,0.000268
亚当·普森,担忧,特朗普,2024-11-06,0.000268
美国,认为有威胁,特朗普,2024-11-08,0.000267
美国,认为有威胁,特朗普,2024-11-08,0.000267
美国,认为有威胁,特朗普,2025-02-24,0.000267
伦敦证券交易所,认为可靠,台积电,2025-04-16,0.000265
库克,认可,特朗普,2024-11-16,0.000265
当地立法者,感到满意,台积电,2024-11-12,0.000263
哈里哈兰,认为违规,台积电,2025-03-27,0.000263
Gary Tan,增进,台积电,2025-04-16,0.000262
Gary Tan,增进,台积电,2025-04-17,0.000262
Gary Tan,增进,台积电,2025-04-17,0.000262
美国,认为违规,新加坡,2025-04-03,0.000260
Heim,认为缺乏,台积电,2025-04-08,0.000259
特朗普,感到不满,中国,2025-04-08,0.000259
投资者,感到满意,台积电,2024-11-29,0.000258
吉尔·卢里亚,认为有威胁,特朗普,2025-04-14,0.000258
中央通讯社（CNA）,相信,台积电,2024-11-03,0.000258
中央通讯社（CNA）,相信,台积电,2024-11-03,0.000258
投资人,认为热情,台积电,2024-11-05,0.000257
当地立法者,认为违规,台积电,2024-11-12,0.000257
劳拉·陈,认为可靠,台积电,2025-03-31,0.000256
美国,主导,美国,2024-11-03,0.000255
中国当局,认为违规,台积电,2025-03-25,0.000254
中国当局,认为违规,台积电,2025-03-25,0.000254
亚当·波森,感到不满,特朗普,2024-11-06,0.000253
《CHIPS法案》,损害,台积电,2024-12-02,0.000253
Phelix Lee,认为可靠,台积电,2024-11-11,0.000252
中国大陆政府,增进,台积电,2025-03-02,0.000251
中国大陆政府,增进,台积电,2025-03-02,0.000251
埃隆·马斯克,相信,中国,2024-12-26,0.000251
埃隆·马斯克,相信,中国,2024-12-27,0.000251
埃隆·马斯克,相信,中国,2024-12-27,0.000251
政府官员,感到满意,台积电,2025-03-11,0.000246
亚当·波森,认为有成就,特朗普,2024-11-06,0.000246
摩根士丹利资本国际,认为可靠,台积电,2025-04-24,0.000244
政府,欢迎,特朗普,2025-04-13,0.000244
Russ Mould,相信,台积电,2025-01-10,0.000244
特朗普,豁免,半导体,2025-04-10,0.000242
《商业韩国》,损害,台积电,2024-11-16,0.000242
特朗普,主导,芯片,2024-11-15,0.000242
特朗普,主导,芯片,2025-04-09,0.000242
特朗普,主导,芯片,2024-11-15,0.000242
特朗普,主导,芯片,2024-11-15,0.000242
特朗普,主导,芯片,2024-11-14,0.000242
特朗普,主导,芯片,2024-11-15,0.000242
特朗普,主导,芯片,2025-04-13,0.000242
特朗普,主导,芯片,2025-04-13,0.000242
特朗普,主导,芯片,2025-04-08,0.000242
特朗普,主导,芯片,2025-04-08,0.000242
特朗普,主导,芯片,2024-11-15,0.000242
特朗普,主导,芯片,2024-11-15,0.000242
特朗普,主导,芯片,2024-11-15,0.000242
特朗普,主导,芯片,2025-03-02,0.000242
特朗普,主导,芯片,2025-03-02,0.000242
特朗普,主导,芯片,2024-11-15,0.000242
特朗普,主导,芯片,2025-03-02,0.000242
特朗普,主导,芯片,2024-11-15,0.000242
特朗普,主导,芯片,2024-11-15,0.000242
特朗普,主导,芯片,2025-03-04,0.000242
特朗普,主导,芯片,2024-11-07,0.000242
特朗普,主导,芯片,2024-11-07,0.000242
特朗普,主导,芯片,2024-11-07,0.000242
特朗普,主导,芯片,2025-03-05,0.000242
特朗普,主导,芯片,2024-11-10,0.000242
特朗普,主导,芯片,2024-11-07,0.000242
特朗普,主导,芯片,2024-11-07,0.000242
特朗普,主导,芯片,2024-11-06,0.000242
特朗普,主导,芯片,2024-11-06,0.000242
特朗普,主导,芯片,2024-11-10,0.000242
特朗普,主导,芯片,2024-11-10,0.000242
特朗普,主导,芯片,2024-11-10,0.000242
特朗普,主导,芯片,2024-11-07,0.000242
特朗普,主导,芯片,2024-11-07,0.000242
特朗普,主导,芯片,2024-11-06,0.000242
特朗普,主导,芯片,2024-11-06,0.000242
特朗普,主导,芯片,2024-11-06,0.000242
特朗普,主导,芯片,2024-11-06,0.000242
特朗普,主导,芯片,2024-11-06,0.000242
特朗普,主导,芯片,2024-11-06,0.000242
特朗普,主导,芯片,2024-11-06,0.000242
特朗普,主导,芯片,2025-02-23,0.000242
特朗普,主导,芯片,2024-11-07,0.000242
特朗普,主导,芯片,2024-11-14,0.000242
特朗普,主导,芯片,2024-11-06,0.000242
特朗普,主导,芯片,2024-11-06,0.000242
特朗普,主导,芯片,2024-11-12,0.000242
特朗普,主导,芯片,2024-11-07,0.000242
特朗普,主导,芯片,2025-04-08,0.000242
特朗普,主导,芯片,2024-11-05,0.000242
特朗普,主导,芯片,2024-11-05,0.000242
特朗普,主导,芯片,2024-11-07,0.000242
特朗普,主导,芯片,2024-11-05,0.000242
特朗普,主导,芯片,2025-04-09,0.000242
特朗普,主导,芯片,2024-11-05,0.000242
特朗普,主导,芯片,2024-11-05,0.000242
特朗普,主导,芯片,2024-11-15,0.000242
特朗普,主导,芯片,2024-11-06,0.000242
特朗普,主导,芯片,2025-03-05,0.000242
特朗普,主导,芯片,2024-12-03,0.000242
特朗普,主导,芯片,2025-03-11,0.000242
特朗普,主导,芯片,2025-03-11,0.000242
特朗普,主导,芯片,2024-11-10,0.000242
特朗普,主导,芯片,2025-03-09,0.000242
特朗普,主导,芯片,2024-11-12,0.000242
特朗普,主导,芯片,2024-12-03,0.000242
特朗普,主导,芯片,2024-12-03,0.000242
特朗普,主导,芯片,2024-11-12,0.000242
特朗普,主导,芯片,2024-11-06,0.000242
特朗普,主导,芯片,2024-11-10,0.000242
特朗普,主导,芯片,2024-11-10,0.000242
特朗普,主导,芯片,2024-11-10,0.000242
《台北时报》,损害,台积电,2024-11-09,0.000240
《CHIPS法案》,认为有威胁,台积电,2024-12-02,0.000239
加里·坦,批评,台积电,2025-04-17,0.000239
鲍威尔,认为热情,特朗普,2025-01-14,0.000239
石原伸介,主导,台积电,2024-11-12,0.000239
劳拉·陈,认为失败,台积电,2025-03-31,0.000239
台湾经济部,认为违规,台积电,2024-11-09,0.000236
CNBC,增进,台积电,2024-12-16,0.000236
道明财富,认可,台积电,2025-04-25,0.000236
台积电,主导,芯片,2024-12-12,0.000236
台积电,主导,芯片,2024-12-20,0.000236
台积电,增进,中美关系,2024-11-12,0.000235
特朗普,感谢,缅甸,2025-03-05,0.000235
台湾高级安全官员,担忧,台积电,2025-02-13,0.000235
美国,主导,俄罗斯驻华盛顿大使馆,2024-11-03,0.000234
《CHIPS法案》,威胁,台积电,2024-12-02,0.000234
吉娜·雷蒙多,认为有暴力,台积电,2024-11-14,0.000233
特朗普,攻击,台湾,2024-11-15,0.000233
特朗普,攻击,台湾,2024-11-15,0.000233
特朗普,攻击,台湾,2024-11-11,0.000233
特朗普,攻击,台湾,2024-11-11,0.000233
特朗普,攻击,台湾,2024-11-11,0.000233
特朗普,攻击,台湾,2025-02-19,0.000233
特朗普,攻击,台湾,2024-11-11,0.000233
特朗普,攻击,台湾,2024-11-11,0.000233
特朗普,攻击,台湾,2025-03-05,0.000233
特朗普,攻击,台湾,2025-02-25,0.000233
特朗普,攻击,台湾,2025-04-09,0.000233
特朗普,攻击,台湾,2024-12-03,0.000233
特朗普,攻击,台湾,2025-04-09,0.000233
特朗普,攻击,台湾,2024-12-03,0.000233
特朗普,攻击,台湾,2024-12-03,0.000233
特朗普,攻击,台湾,2024-11-10,0.000233
特朗普,认可,TSMC,2025-03-03,0.000233
特朗普,认可,欧洲,2025-04-17,0.000232
美国,攻击,英伟达,2024-11-19,0.000232
美国,攻击,英伟达,2025-04-21,0.000232
美国,攻击,英伟达,2025-04-17,0.000232
美国,攻击,英伟达,2025-04-17,0.000232
Sam Konrad,认为非法,台湾,2025-04-17,0.000232
美国,损害,台湾,2024-11-27,0.000231
美国,损害,台湾,2024-11-16,0.000231
美国,损害,台湾,2025-04-03,0.000231
盖尔辛格,攻击,台积电,2025-03-27,0.000230
中国大陆政府,攻击,台积电,2025-03-02,0.000229
杰西卡·马修斯,担忧,特朗普,2025-04-23,0.000228
特朗普,启动调查,半导体,2025-04-21,0.000227
特朗普,主导,美中贸易战,2025-04-17,0.000227
华盛顿,主导,贸易谈判,2025-04-17,0.000225
华盛顿,主导,贸易谈判,2025-04-17,0.000225
Lauly Lith,威胁,台积电,2024-11-13,0.000225
特朗普,认为有成就,TSMC,2025-04-05,0.000224
《亚洲尼基日报》,质疑,台积电,2025-03-24,0.000224
朱锋,质疑,特朗普,2024-11-06,0.000219
半导体,感到不满,苹果,2025-02-23,0.000217
埃隆·马斯克,欢迎,中国,2024-12-27,0.000217
埃隆·马斯克,认为可靠,中国,2024-12-27,0.000216
埃隆·马斯克,认为可靠,中国,2024-12-27,0.000216
黄仁勋,认为有暴力,台积电,2024-12-30,0.000215
政府官员,认可,台积电,2025-03-11,0.000215
瑞克·卡斯迪,认为有危机,台积电,2024-12-16,0.000215
中东,认为可靠,美国,2025-03-05,0.000214
美国,主导,新扩张计划,2025-03-05,0.000214
美国,支持,台积公司,2024-11-09,0.000213
美国,支持,台积公司,2024-11-29,0.000213
美国,支持,台积公司,2024-11-29,0.000213
美国,支持,台积公司,2024-11-29,0.000213
美国,支持,台积公司,2024-11-29,0.000213
美国,支持,台积公司,2024-11-29,0.000213
美国,支持,台积公司,2024-11-29,0.000213
美国,支持,台积公司,2024-11-09,0.000213
美国,支持,台积公司,2024-11-29,0.000213
美国,支持,台积公司,2024-11-29,0.000213
美国,支持,台积公司,2024-11-29,0.000213
美国,支持,台积公司,2024-11-29,0.000213
美国,支持,台积公司,2024-11-09,0.000213
特朗普,认为优秀,美国,2024-11-16,0.000212
特朗普,相信,美国,2024-11-13,0.000211
特朗普,相信,美国,2024-12-03,0.000211
台湾严重地震,损害,台积电,2025-04-09,0.000210
台湾严重地震,损害,台积电,2025-04-09,0.000210
罗伯特·桑德斯,支持,台积电,2025-01-16,0.000209
道明财富,喜欢,台积电,2025-04-25,0.000209
美国,认为优秀,亚马逊,2024-11-05,0.000209
陈立武,认为优秀,台积电,2025-04-25,0.000208
美国,损害,台积公司,2024-11-29,0.000208
美国,攻击,华为,2024-11-04,0.000208
白宫,认为恐怖,特朗普,2025-03-03,0.000207
投资人,欣赏,台积电,2024-11-05,0.000206
劳拉·陈,批评,台积电,2025-03-31,0.000206
帕特·盖尔辛格,认为优秀,台积电,2024-11-06,0.000205
赵小光,增进,台积电,2024-11-19,0.000203
哈里哈兰,认为可靠,台积电,2025-03-27,0.000203
特朗普,认为失败,台湾,2024-11-11,0.000202
特朗普,认为失败,台湾,2024-12-03,0.000202
特朗普,认为失败,台湾,2024-12-03,0.000202
特朗普,认为失败,台湾,2024-12-03,0.000202
特朗普,认为失败,台湾,2024-12-03,0.000202
特朗普,认为失败,台湾,2024-12-03,0.000202
特朗普,感谢,库克,2025-02-23,0.000201
特朗普,感谢,库克,2025-02-23,0.000201
特朗普,感谢,库克,2025-02-23,0.000201
特朗普,感谢,库克,2025-02-23,0.000201
台积电,担忧,英特尔财务状况恶化,2025-02-16,0.000200
台积电,担忧,英特尔财务状况恶化,2025-02-16,0.000200
台积电,担忧,英特尔财务状况恶化,2025-02-16,0.000200
特朗普,感谢,苹果,2025-03-02,0.000199
特朗普,感谢,苹果,2025-02-23,0.000199
特朗普,感谢,苹果,2025-02-23,0.000199
特朗普,感谢,苹果,2025-03-02,0.000199
台湾,承诺,美国,2025-04-09,0.000198
萨姆·康拉德,认为可靠,美国,2025-04-17,0.000197
罗伯特·梅尔,主导,特朗普,2024-11-15,0.000196
美国,损害,新加坡,2025-04-03,0.000196
美国,损害,新加坡,2025-04-03,0.000196
美国,支持,亚马逊,2024-11-05,0.000196
德克萨斯州,主导,英伟达,2025-04-19,0.000195
加利福尼亚州圣克拉拉,主导,美国,2025-04-25,0.000195
加利福尼亚州圣克拉拉,主导,美国,2025-04-25,0.000195
库克,感到不满,特朗普,2024-11-16,0.000194
台湾陆委会,威胁,台积电,2025-02-25,0.000193
美国,要求停止,TSMC,2024-11-14,0.000191
亚当·普森,认可,特朗普,2024-11-06,0.000190
亚当·普森,认可,特朗普,2024-11-06,0.000190
当地立法者,认为失败,台积电,2024-11-12,0.000189
美国,阻止,TSMC,2025-04-21,0.000189
中国当局,认为有威胁,台积电,2025-03-25,0.000188
杰罗姆·鲍威尔,担忧,贸易,2025-04-17,0.000188
《商业时报》,损害,台积电,2025-02-03,0.000187
台积电,质疑,传闻,2025-04-16,0.000185
投资人,攻击,台积电,2024-11-05,0.000183
Brad Lin,攻击,台积电,2025-04-21,0.000183
《经济日报》,欣赏,台积电,2024-11-10,0.000183
霍华德·鲁特尼克,认为有成就,特朗普,2025-03-04,0.000182
吴部长,认可,台积电,2024-11-28,0.000182
投资人,喜欢,台积电,2024-11-05,0.000182
《经济日报》,认可,台积电,2024-11-10,0.000181
乔·拜登,感到不满,特朗普,2025-04-05,0.000181
台积电,攻击,非台湾或中国籍的员工,2024-11-13,0.000180
哈里哈兰,认为有危机,台积电,2025-03-27,0.000180
拜登,损害,中国,2025-01-16,0.000179
政府官员,喜欢,台积电,2025-03-11,0.000178
台湾严重地震,威胁,台积电,2025-04-09,0.000178
台湾严重地震,威胁,台积电,2025-04-09,0.000178
中国当局,攻击,台积电,2025-03-25,0.000178
美国,认为可靠,俄罗斯驻华盛顿大使馆,2024-11-03,0.000177
美国,威胁,半导体,2025-04-17,0.000177
欧洲,认为失败,特朗普,2025-04-23,0.000176
布雷特·西蒙普,增进,台积电,2025-01-13,0.000176
特朗普,欢迎,台积公司,2025-03-31,0.000176
美国,认为有危机,台湾,2025-04-16,0.000174
美国,认为有危机,台湾,2025-04-17,0.000174
美国,认为有危机,台湾,2025-04-17,0.000174
美国,认为有危机,台湾,2024-12-03,0.000174
美国,相信,英特尔,2024-11-25,0.000174
美国,相信,英特尔,2024-11-27,0.000174
美国,相信,英特尔,2025-03-03,0.000174
伦敦证券交易所,认可,台积电,2025-04-16,0.000173
美国,质疑,芯片,2024-11-14,0.000173
美国,质疑,芯片,2024-11-06,0.000173
美国,质疑,芯片,2024-11-06,0.000173
劳拉·陈,认为有成就,台积电,2025-03-31,0.000173
Tan,认为恐怖,台积电,2025-04-17,0.000172
《商业时报》,威胁,台积电,2025-02-03,0.000171
北京,感到不满,赖清德,2025-04-03,0.000171
本·布兰查德,认为优秀,台积电,2025-04-13,0.000170
美国,感到不满,俄罗斯驻华盛顿大使馆,2024-11-03,0.000170
特朗普,支持,英伟达,2025-04-14,0.000170
特朗普,支持,英伟达,2025-04-22,0.000170
特朗普,支持,英伟达,2025-04-22,0.000170
美国,认为可靠,芯片,2024-11-14,0.000170
美国,认为可靠,芯片,2024-11-14,0.000170
美国,认为可靠,芯片,2025-04-21,0.000170
特朗普,威胁,英伟达,2025-04-22,0.000169
特朗普,威胁,英伟达,2025-04-22,0.000169
《商业韩国》,威胁,台积电,2024-11-16,0.000169
台积电,相信,多元化劳动力的价值,2024-11-13,0.000169
新竹工厂,认可,台积电,2025-04-23,0.000169
特朗普,喜欢,英伟达,2025-04-15,0.000169
特朗普,喜欢,英伟达,2024-12-29,0.000169
商务部,支持,台积电,2025-03-02,0.000168
投资者,认为优秀,台积电,2024-11-29,0.000166
Lauly Lith,认为有危机,台积电,2024-11-13,0.000166
丹·伊夫斯,认可,特朗普,2025-04-15,0.000166
当地立法者,喜欢,台积电,2024-11-12,0.000165
Brad Lin,认可,台积电,2025-04-21,0.000165
杰罗姆·鲍威尔,担忧,芯片,2025-04-23,0.000165
民进党,主导,台湾,2025-04-03,0.000164
民进党,主导,台湾,2025-04-03,0.000164
哈里哈兰,认可,台积电,2025-03-27,0.000164
美国,通过法案,半导体,2024-11-14,0.000164
台积电,增进,芯片,2024-12-16,0.000164
台积电,增进,芯片,2024-11-09,0.000164
台积电,增进,芯片,2025-03-11,0.000164
台积电,增进,芯片,2024-11-29,0.000164
台积电,增进,芯片,2024-12-12,0.000164
台积电,增进,芯片,2025-04-25,0.000164
克罗士·阿蒙,批评,台积电,2025-03-05,0.000162
库克,感到不满,美国,2025-04-13,0.000162
特朗普,担忧,芯片,2024-11-15,0.000162
特朗普,担忧,芯片,2024-11-15,0.000162
特朗普,担忧,芯片,2024-11-15,0.000162
特朗普,担忧,芯片,2024-11-14,0.000162
特朗普,担忧,芯片,2025-04-08,0.000162
特朗普,担忧,芯片,2025-04-08,0.000162
特朗普,担忧,芯片,2024-11-15,0.000162
特朗普,担忧,芯片,2024-11-15,0.000162
特朗普,担忧,芯片,2025-03-02,0.000162
特朗普,担忧,芯片,2025-03-04,0.000162
特朗普,担忧,芯片,2024-11-07,0.000162
特朗普,担忧,芯片,2025-03-04,0.000162
特朗普,担忧,芯片,2024-11-10,0.000162
特朗普,担忧,芯片,2024-11-07,0.000162
特朗普,担忧,芯片,2025-04-15,0.000162
特朗普,担忧,芯片,2024-11-06,0.000162
特朗普,担忧,芯片,2024-11-06,0.000162
特朗普,担忧,芯片,2024-11-06,0.000162
特朗普,担忧,芯片,2024-11-06,0.000162
特朗普,担忧,芯片,2024-11-06,0.000162
特朗普,担忧,芯片,2024-11-06,0.000162
特朗普,担忧,芯片,2024-11-07,0.000162
特朗普,担忧,芯片,2024-11-07,0.000162
特朗普,担忧,芯片,2024-11-07,0.000162
特朗普,担忧,芯片,2024-11-05,0.000162
特朗普,担忧,芯片,2024-11-05,0.000162
特朗普,担忧,芯片,2024-11-05,0.000162
特朗普,担忧,芯片,2024-11-15,0.000162
特朗普,担忧,芯片,2024-11-10,0.000162
特朗普,担忧,芯片,2025-04-23,0.000162
特朗普,担忧,芯片,2024-11-12,0.000162
美国,损害,华为,2024-11-10,0.000161
美国,损害,华为,2024-11-07,0.000161
美国,损害,华为,2024-11-11,0.000161
美国,损害,华为,2024-11-04,0.000161
美国,损害,华为,2024-12-21,0.000161
美国,损害,华为,2024-12-21,0.000161
美国,损害,华为,2025-04-20,0.000161
俄罗斯,主导,美国,2024-11-04,0.000161
加里·坦,增进,台积电,2025-04-17,0.000160
Gary Tan,支持,台积电,2025-04-17,0.000160
亚当·波森,相信,特朗普,2024-11-06,0.000160
亚当·波森,相信,特朗普,2024-11-06,0.000160
亚当·波森,相信,特朗普,2024-11-06,0.000160
投资人,视作英雄,台积电,2024-11-05,0.000159
Brad Lin,批评,台积电,2025-04-21,0.000159
美国,欣赏,英特尔,2024-11-27,0.000158
美国,欣赏,英特尔,2025-03-03,0.000158
摩根士丹利,增进,台积电,2024-11-11,0.000157
中国大陆政府,认为有危机,台积电,2025-03-02,0.000157
美国,认为恐怖,新加坡,2025-04-03,0.000155
投资人,认为可靠,台积电,2024-11-05,0.000154
台积电,主导,新工厂计划,2024-11-17,0.000154
特朗普,认可,美国,2024-11-09,0.000154
特朗普,认可,美国,2025-04-17,0.000154
特朗普,认可,美国,2024-12-03,0.000154
黄仁勋,感到不满,特朗普,2025-04-16,0.000154
黄仁勋,感到不满,特朗普,2025-04-16,0.000154
川普总统,认为优秀,台积电,2025-04-16,0.000154
伦纳特·海姆,认为优秀,台积电,2025-04-22,0.000154
伦纳特·海姆,认为优秀,台积电,2025-04-22,0.000154
伦纳特·海姆,认为优秀,台积电,2025-04-21,0.000154
台积电,支持,JASM,2024-11-16,0.000154
杰罗姆·鲍威尔,支持,特朗普,2025-04-17,0.000153
杰罗姆·鲍威尔,支持,特朗普,2025-04-17,0.000153
杰罗姆·鲍威尔,支持,特朗普,2025-04-17,0.000153
美国,质疑,欧洲,2025-04-16,0.000153
投资者,增进,台积电,2024-11-29,0.000151
特朗普,威胁,台湾,2025-03-03,0.000150
特朗普,威胁,台湾,2025-03-03,0.000150
特朗普,威胁,台湾,2025-04-09,0.000150
特朗普,威胁,台湾,2025-04-09,0.000150
特朗普,威胁,台湾,2025-04-16,0.000150
特朗普,威胁,台湾,2024-11-14,0.000150
特朗普,威胁,台湾,2024-11-15,0.000150
特朗普,威胁,台湾,2024-11-15,0.000150
特朗普,威胁,台湾,2024-11-15,0.000150
特朗普,威胁,台湾,2024-11-15,0.000150
特朗普,威胁,台湾,2024-11-13,0.000150
特朗普,威胁,台湾,2024-11-15,0.000150
特朗普,威胁,台湾,2024-11-15,0.000150
特朗普,威胁,台湾,2024-11-15,0.000150
特朗普,威胁,台湾,2024-11-15,0.000150
特朗普,威胁,台湾,2024-11-15,0.000150
特朗普,威胁,台湾,2024-11-15,0.000150
特朗普,威胁,台湾,2024-11-15,0.000150
特朗普,威胁,台湾,2024-11-15,0.000150
特朗普,威胁,台湾,2024-11-15,0.000150
特朗普,威胁,台湾,2025-03-05,0.000150
特朗普,威胁,台湾,2025-03-31,0.000150
特朗普,威胁,台湾,2024-11-13,0.000150
特朗普,威胁,台湾,2024-11-13,0.000150
特朗普,威胁,台湾,2024-11-13,0.000150
特朗普,威胁,台湾,2024-11-13,0.000150
特朗普,威胁,台湾,2025-02-13,0.000150
特朗普,威胁,台湾,2024-11-11,0.000150
特朗普,威胁,台湾,2024-11-11,0.000150
特朗普,威胁,台湾,2024-11-11,0.000150
特朗普,威胁,台湾,2024-11-11,0.000150
特朗普,威胁,台湾,2024-11-07,0.000150
特朗普,威胁,台湾,2025-02-13,0.000150
特朗普,威胁,台湾,2025-02-19,0.000150
特朗普,威胁,台湾,2024-11-07,0.000150
特朗普,威胁,台湾,2025-03-05,0.000150
特朗普,威胁,台湾,2024-11-11,0.000150
特朗普,威胁,台湾,2024-11-11,0.000150
特朗普,威胁,台湾,2024-11-11,0.000150
特朗普,威胁,台湾,2025-02-25,0.000150
特朗普,威胁,台湾,2025-02-25,0.000150
特朗普,威胁,台湾,2025-04-09,0.000150
特朗普,威胁,台湾,2024-12-03,0.000150
特朗普,威胁,台湾,2024-11-06,0.000150
特朗普,威胁,台湾,2025-04-09,0.000150
特朗普,威胁,台湾,2024-12-03,0.000150
特朗普,威胁,台湾,2024-12-03,0.000150
特朗普,威胁,台湾,2024-12-03,0.000150
特朗普,威胁,台湾,2024-12-03,0.000150
特朗普,威胁,台湾,2024-12-03,0.000150
特朗普,威胁,台湾,2024-12-03,0.000150
特朗普,威胁,台湾,2024-12-03,0.000150
中国当局,认为可靠,台积电,2025-03-25,0.000149
特朗普,欣赏,英伟达,2025-04-15,0.000149
特朗普,欣赏,英伟达,2025-04-22,0.000149
林·boo·Tan,攻击,台积电,2025-03-26,0.000148
美国,认为犯罪,拜登,2024-12-03,0.000147
美国,认为有危机,新加坡,2025-04-03,0.000146
美国,认为有危机,新加坡,2025-04-03,0.000146
美国,主导,AUVSI,2025-03-05,0.000145
埃隆·马斯克,感到满意,中国,2024-12-27,0.000142
台湾陆委会,认为有威胁,台积电,2025-02-25,0.000142
美国,损害,华为技术有限公司,2024-11-10,0.000141
美国,损害,华为技术有限公司,2025-04-21,0.000141
美国,损害,华为技术有限公司,2025-04-21,0.000141
特朗普,认为有威胁,英伟达,2025-04-14,0.000141
特朗普,认为有威胁,英伟达,2025-04-22,0.000141
特朗普,认为有威胁,英伟达,2025-04-22,0.000141
特朗普,认为有威胁,英伟达,2025-04-17,0.000141
当地立法者,认为热情,台积电,2024-11-12,0.000140
查克·舒默,担忧,特朗普,2025-03-05,0.000140
投资人,认可,台积电,2024-11-05,0.000140
辛斯纳,认为非法,美国,2025-04-25,0.000139
中国当局,增进,台积电,2025-03-25,0.000139
台湾,视作英雄,特朗普,2025-04-09,0.000138
特朗普,认为优秀,苹果,2025-03-05,0.000138
特朗普,认为优秀,苹果,2025-03-05,0.000138
美国,主导,台积,2024-11-10,0.000138
投资者,支持,台积电,2024-11-29,0.000138
特朗普,感到不满,台积公司,2025-03-06,0.000136
台积电,增进,投资,2025-04-05,0.000136
美国,质疑,特朗普,2025-04-17,0.000135
美国,质疑,特朗普,2025-04-17,0.000135
imes,担忧,台积电,2024-12-11,0.000133
特朗普,攻击,硅谷,2025-04-18,0.000133
伦敦证券交易所,批评,台积电,2025-04-16,0.000133
美国,欢迎,英特尔,2025-03-03,0.000133
美国,欢迎,英特尔,2024-11-26,0.000133
高志远,认可,台积电,2025-02-26,0.000133
华盛顿,质疑,北京,2024-11-20,0.000132
乔治亚州,质疑,特朗普,2024-11-02,0.000132
美国,认为失败,鲍威尔,2025-04-21,0.000132
美国,认为失败,鲍威尔,2025-04-21,0.000132
朱锋,认为恐怖,特朗普,2024-11-06,0.000131
凯斯·邓纳里,认可,台积电,2025-03-09,0.000131
台积电,认为失败,关税谈判,2025-04-15,0.000130
美国,要求停止出口,芯片,2024-11-09,0.000129
蔡力行,认为可靠,美国,2025-03-05,0.000129
雷蒙多,认为有暴力,台积电,2024-11-14,0.000129
美国,提供贷款,TSMC,2024-11-14,0.000128
美国,提供贷款,TSMC,2024-11-14,0.000128
美国,提供贷款,TSMC,2024-11-15,0.000128
美国,提供贷款,TSMC,2025-03-02,0.000128
美国,提供贷款,TSMC,2024-11-15,0.000128
美国,提供贷款,TSMC,2024-11-14,0.000128
克里斯·米勒,相信,特朗普,2024-11-13,0.000128
埃迪松·李,担忧,特朗普,2024-11-15,0.000127
乔·拜登,感到满意,美国,2025-04-09,0.000127
吴部长,认为可靠,台积电,2024-11-28,0.000126
美国,欢迎,拜登总统,2025-03-02,0.000126
美国,欢迎,拜登总统,2024-11-25,0.000126
美国,欢迎,拜登总统,2025-03-02,0.000126
克丽丝蒂安·赫兹纳,认为优秀,台积电,2025-04-18,0.000126
亚当·普森,认为有成就,特朗普,2024-11-06,0.000126
中国当局,认为犯罪,台积电,2025-03-25,0.000126
中国当局,认为犯罪,台积电,2025-03-25,0.000126
Phelix Lee,增进,台积电,2024-11-11,0.000126
Phelix Lee,增进,台积电,2024-11-11,0.000126
Phelix Lee,增进,台积电,2024-11-11,0.000126
亚利桑那州,主导,TSMC,2025-01-09,0.000126
亚利桑那州,主导,TSMC,2025-04-13,0.000126
台湾经济部门,认可,台积电,2024-11-11,0.000125
美国,威胁,特朗普,2025-02-24,0.000125
美国,认为违规,英伟达,2024-11-09,0.000124
特朗普,欢迎,库克,2025-02-23,0.000123
特朗普,欢迎,库克,2025-02-23,0.000123
特朗普,欢迎,库克,2025-02-23,0.000123
特朗普,欢迎,库克,2025-02-23,0.000123
特朗普,认为热情,英伟达,2025-04-15,0.000122
美国,支持,特朗普,2025-04-13,0.000121
美国,支持,特朗普,2025-04-14,0.000121
美国,支持,特朗普,2024-11-11,0.000121
美国,认为可靠,英特尔,2024-11-27,0.000121
美国,认为可靠,英特尔,2025-03-03,0.000121
杰弗里·赛勒,支持,台积电,2024-12-03,0.000120
特朗普,质疑,英伟达,2025-04-14,0.000120
特朗普,质疑,英伟达,2025-04-14,0.000120
特朗普,质疑,英伟达,2025-04-22,0.000120
特朗普,质疑,英伟达,2025-04-22,0.000120
特朗普,质疑,英伟达,2025-04-22,0.000120
瑞克·卡斯迪,批评,台积电,2024-12-16,0.000120
特朗普,担忧,美国,2024-11-13,0.000119
特朗普,担忧,美国,2024-11-13,0.000119
特朗普,担忧,美国,2024-11-13,0.000119
特朗普,担忧,美国,2024-11-13,0.000119
Sam Konrad,主导,美国,2025-04-17,0.000118
当地立法者,认为犯罪,台积电,2024-11-12,0.000118
美国,列入,华为,2024-11-11,0.000118
卡罗琳·莱维特,认可,特朗普,2024-11-11,0.000118
TSMC,消耗电力,台湾,2024-11-19,0.000117
美国,认为优秀,台积公司,2024-11-26,0.000117
美国,认为优秀,台积公司,2024-11-26,0.000117
美国,认为优秀,台积公司,2024-11-29,0.000117
美国,认为优秀,台积公司,2024-11-29,0.000117
美国,认为优秀,台积公司,2024-11-29,0.000117
美国,认为优秀,台积公司,2024-11-13,0.000117
美国,认为优秀,台积公司,2024-11-13,0.000117
中国,认为有暴力,台湾,2025-01-14,0.000117
投资人,认为有成就,台积电,2024-11-05,0.000116
弗拉基米尔·普京,感谢,缅甸,2025-03-05,0.000116
台积电,面临,地缘政治挑战,2024-11-29,0.000115
库克,担忧,美国,2025-04-13,0.000115
《自由时报》,增进,台积电,2024-11-09,0.000115
丹尼尔·纽曼,认为优秀,台积电,2025-03-02,0.000114
亚当·波森,认为可靠,特朗普,2024-11-06,0.000114
亚当·波森,认为可靠,特朗普,2024-11-06,0.000114
特朗普,指责,台湾,2024-11-07,0.000113
特朗普,施加压力,TSMC,2025-04-13,0.000113
丹·伊夫斯,主导,特朗普,2025-04-15,0.000111
中国大陆,质疑,台湾,2025-04-03,0.000110
伦纳特·海姆,认为有暴力,台积电,2025-04-22,0.000109
伦纳特·海姆,认为有暴力,台积电,2025-04-22,0.000109
朱利安·夏伊塞教授,认为有威胁,美国,2025-04-03,0.000108
台积公司(TSMC),主导,美国,2024-11-09,0.000107
台积公司(TSMC),主导,美国,2024-11-13,0.000107
台积公司(TSMC),主导,美国,2024-11-13,0.000107
美银,认为缺乏,台积电,2025-04-07,0.000107
台积电,支持,台北东京关系,2025-02-17,0.000107
库克,欢迎,特朗普,2025-02-23,0.000107
《商业韩国》,认为可靠,台积电,2024-11-16,0.000107
TSMC,制造,半导体,2024-12-25,0.000106
TSMC,制造,半导体,2024-12-25,0.000106
中国当局,认为失败,台积电,2025-03-25,0.000106
投资人,批评,台积电,2024-11-05,0.000106
TSMC,扩大制造足迹,美国,2025-01-12,0.000105
特朗普,认为犯罪,半导体,2025-04-17,0.000105
特朗普,认为犯罪,半导体,2025-04-16,0.000105
中国,欢迎,赖清德,2025-01-16,0.000105
苹果,主导,苹果,2025-02-23,0.000103
莱纳特·海姆,认为优秀,台积电,2025-04-08,0.000102
美国,相信,路透社,2024-11-07,0.000102
政府支持计划,欣赏,台积电,2025-04-16,0.000101
Lauly Lith,认为失败,台积电,2024-11-13,0.000100
杰罗姆·鲍威尔,认为违规,特朗普,2025-04-17,0.000100
杰罗姆·鲍威尔,认为违规,特朗普,2025-04-17,0.000100
杰罗姆·鲍威尔,认为违规,特朗普,2025-04-17,0.000100
杰罗姆·鲍威尔,认为违规,特朗普,2025-04-17,0.000100
赖清德,认为可靠,台湾,2025-02-13,0.000100
赖清德,认为可靠,台湾,2025-02-13,0.000100
赖清德,认为可靠,台湾,2025-02-19,0.000100
赖清德,认为可靠,台湾,2025-04-18,0.000100
台湾高级安全官员,质疑,台积电,2025-02-13,0.000100
半导体,担忧,苹果,2025-02-23,0.000099
特朗普,感到不满,鲍威尔,2025-04-17,0.000098
德国德累斯顿,增进,台积电,2024-11-17,0.000098
中央通讯社（CNA）,认为有危机,台积电,2024-11-03,0.000098
英特尔,认为有威胁,特朗普,2025-03-03,0.000098
CNBC,认为优秀,台积电,2024-12-16,0.000098
特朗普,质疑,半导体,2025-04-16,0.000098
特朗普,质疑,半导体,2024-11-13,0.000098
特朗普,质疑,半导体,2024-11-13,0.000098
特朗普,质疑,半导体,2024-11-13,0.000098
特朗普,质疑,半导体,2024-11-13,0.000098
特朗普,质疑,半导体,2024-11-13,0.000098
特朗普,质疑,半导体,2024-11-13,0.000098
特朗普,质疑,半导体,2024-11-13,0.000098
特朗普,质疑,半导体,2024-11-13,0.000098
特朗普,质疑,半导体,2024-11-13,0.000098
特朗普,质疑,半导体,2024-11-13,0.000098
特朗普,质疑,半导体,2024-11-13,0.000098
特朗普,质疑,半导体,2024-11-13,0.000098
特朗普,质疑,半导体,2024-11-07,0.000098
特朗普,质疑,半导体,2025-04-25,0.000098
特朗普,感到满意,英伟达,2025-04-22,0.000097
特朗普,感到满意,英伟达,2025-04-22,0.000097
特朗普,认为可靠,中美关系,2025-03-03,0.000097
俄罗斯驻华盛顿大使馆,认为犯罪,美国,2024-11-03,0.000097
迈克尔·鲍威尔,担忧,特朗普,2025-04-17,0.000097
"路透社  
路透社",认可,台积电,2025-01-10,0.000096
苹果,威胁,特朗普,2025-02-24,0.000096
芯片,认为可靠,美国,2025-04-03,0.000096
克利夫·阿斯内斯,主导,AQR资本管理公司,2024-11-05,0.000096
美国,损害,半导体,2025-04-17,0.000095
美国,损害,半导体,2025-03-05,0.000095
克罗士·阿蒙,认可,台积电,2025-03-05,0.000094
英国,认为优秀,特朗普,2025-03-03,0.000094
特朗普,质疑,台湾,2024-11-14,0.000093
特朗普,质疑,台湾,2024-11-14,0.000093
特朗普,质疑,台湾,2024-11-15,0.000093
特朗普,质疑,台湾,2024-11-15,0.000093
特朗普,质疑,台湾,2024-11-15,0.000093
特朗普,质疑,台湾,2024-11-15,0.000093
特朗普,质疑,台湾,2024-11-15,0.000093
特朗普,质疑,台湾,2024-11-15,0.000093
特朗普,质疑,台湾,2024-11-15,0.000093
特朗普,质疑,台湾,2025-03-31,0.000093
特朗普,质疑,台湾,2024-11-13,0.000093
特朗普,质疑,台湾,2024-11-07,0.000093
特朗普,质疑,台湾,2025-02-13,0.000093
特朗普,质疑,台湾,2025-02-13,0.000093
特朗普,质疑,台湾,2025-02-13,0.000093
特朗普,质疑,台湾,2024-11-11,0.000093
特朗普,质疑,台湾,2024-11-11,0.000093
特朗普,质疑,台湾,2025-02-13,0.000093
特朗普,质疑,台湾,2025-02-13,0.000093
特朗普,质疑,台湾,2025-02-19,0.000093
特朗普,质疑,台湾,2025-02-19,0.000093
特朗普,质疑,台湾,2024-11-07,0.000093
特朗普,质疑,台湾,2024-11-11,0.000093
特朗普,质疑,台湾,2025-03-05,0.000093
特朗普,质疑,台湾,2025-03-05,0.000093
特朗普,质疑,台湾,2025-02-13,0.000093
特朗普,质疑,台湾,2025-02-13,0.000093
特朗普,质疑,台湾,2025-03-05,0.000093
特朗普,质疑,台湾,2025-03-05,0.000093
特朗普,质疑,台湾,2025-02-25,0.000093
特朗普,质疑,台湾,2025-02-25,0.000093
特朗普,质疑,台湾,2025-02-25,0.000093
特朗普,质疑,台湾,2025-04-09,0.000093
特朗普,质疑,台湾,2024-12-03,0.000093
特朗普,质疑,台湾,2024-11-06,0.000093
特朗普,质疑,台湾,2025-02-19,0.000093
特朗普,质疑,台湾,2025-02-19,0.000093
特朗普,质疑,台湾,2024-11-05,0.000093
特朗普,质疑,台湾,2024-11-05,0.000093
特朗普,质疑,台湾,2024-11-05,0.000093
特朗普,质疑,台湾,2025-04-09,0.000093
特朗普,质疑,台湾,2024-12-03,0.000093
特朗普,质疑,台湾,2024-12-03,0.000093
特朗普,质疑,台湾,2024-12-03,0.000093
特朗普,质疑,台湾,2024-12-03,0.000093
特朗普,质疑,台湾,2024-12-03,0.000093
特朗普,质疑,台湾,2024-12-03,0.000093
特朗普,质疑,台湾,2024-11-12,0.000093
特朗普,质疑,台湾,2024-11-12,0.000093
霍华德·鲁特尼克,担忧,特朗普,2025-03-03,0.000093
霍华德·鲁特尼克,担忧,特朗普,2025-03-03,0.000093
霍华德·鲁特尼克,担忧,特朗普,2025-03-04,0.000093
台湾内阁,认为非法,美国,2025-04-03,0.000093
台湾内阁,认为非法,美国,2025-04-03,0.000093
亚当·波森,主导,芯片,2024-11-06,0.000093
亚当·波森,主导,芯片,2024-11-06,0.000093
特朗普,感到不满,拜登,2024-12-03,0.000093
政府支持计划,认为可靠,台积电,2025-04-16,0.000092
政府支持计划,认为可靠,台积电,2025-04-16,0.000092
英国,质疑,特朗普,2025-03-03,0.000091
《经济日报》,增进,台积电,2024-11-17,0.000091
彼得森国际经济研究所,相信,特朗普,2024-11-06,0.000091
彼得森国际经济研究所,相信,特朗普,2024-11-06,0.000091
彼得森国际经济研究所,相信,特朗普,2024-11-06,0.000091
彼得森国际经济研究所,相信,特朗普,2024-11-06,0.000091
美国,下令,TSMC,2024-11-12,0.000091
当地立法者,认为有危机,台积电,2024-11-12,0.000090
马继华,认为优秀,台积电,2024-11-10,0.000090
马继华,认为优秀,台积电,2024-11-10,0.000090
马继华,认为优秀,台积电,2024-11-10,0.000090
马继华,认为优秀,台积电,2024-11-10,0.000090
马继华,认为优秀,台积电,2024-11-10,0.000090
马继华,认为优秀,台积电,2024-11-10,0.000090
马继华,认为优秀,台积电,2024-11-10,0.000090
郭建宏,认为优秀,台积电,2025-01-14,0.000089
路透社,主导,特朗普,2025-04-23,0.000089
日本,主导,TSMC,2024-12-24,0.000089
美国,下令停止出口,TSMC,2024-12-21,0.000089
政府支持计划,认可,台积电,2025-04-16,0.000088
政府支持计划,认可,台积电,2025-04-16,0.000088
娜特莉·奎廉,主导,美国,2024-11-25,0.000088
克里斯蒂安·赫特纳,支持,台积电,2025-04-23,0.000088
特朗普,认为失败,半导体,2025-04-16,0.000088
加里·坦,支持,台积电,2025-04-17,0.000088
华为,声明,芯片,2024-11-10,0.000088
埃隆·马斯克,感到不满,特斯拉,2025-04-02,0.000087
台湾,主导,会谈,2025-04-15,0.000087
特朗普,认为有威胁,半导体,2025-04-17,0.000087
特朗普,认为有威胁,半导体,2025-04-16,0.000087
特朗普,认为有威胁,半导体,2025-04-16,0.000087
特朗普,认为有威胁,半导体,2025-04-16,0.000087
特朗普,认为有威胁,半导体,2025-04-17,0.000087
特朗普,认为有威胁,半导体,2025-04-17,0.000087
特朗普,认为有威胁,半导体,2025-04-16,0.000087
特朗普,认为有威胁,半导体,2025-04-16,0.000087
特朗普,认为有威胁,半导体,2025-04-16,0.000087
特朗普,认为有威胁,半导体,2025-04-16,0.000087
特朗普,认为有威胁,半导体,2025-04-18,0.000087
特朗普,认为有威胁,半导体,2025-04-18,0.000087
特朗普,认为有威胁,半导体,2025-04-09,0.000087
特朗普,认为有威胁,半导体,2025-04-03,0.000087
特朗普,认为有威胁,半导体,2025-04-12,0.000087
特朗普,认为有威胁,半导体,2025-04-17,0.000087
帕蒂·莫林,认为非法,移民,2025-04-17,0.000086
投资人,认为缺乏,台积电,2024-11-05,0.000086
魏哲浩,认为失败,台积电,2025-03-05,0.000085
TSMC,受益,美国,2024-12-16,0.000085
迈克·瓦尔兹,担忧,中国,2024-11-12,0.000085
台湾民主进步党,感谢,特朗普,2025-04-03,0.000085
百度,感到满意,台积电,2024-11-07,0.000084
特朗普,担忧,拜登政府,2025-04-08,0.000084
特朗普,担忧,拜登政府,2024-11-05,0.000084
亚太地区,主导,半导体,2024-11-25,0.000084
特朗普,担忧,贸易,2025-03-25,0.000083
鲍威尔,担忧,美联储,2025-04-17,0.000083
鲍威尔,担忧,美联储,2025-04-17,0.000083
鲍威尔,担忧,美联储,2025-04-16,0.000083
鲍威尔,担忧,美联储,2025-04-17,0.000083
美国,认可,SK海力士,2024-12-19,0.000082
约翰·迪尔,担忧,特朗普,2025-04-09,0.000082
约翰·迪尔,担忧,特朗普,2025-04-09,0.000082
亚当·波森,认为有威胁,特朗普,2024-11-06,0.000082
特朗普,欣赏,苹果,2025-03-05,0.000082
特朗普,欣赏,苹果,2025-03-05,0.000082
朱利安·夏伊塞教授,认为恐怖,美国,2025-04-03,0.000082
台湾经济部,认为可靠,台积电,2024-11-09,0.000082
美国,认为有成就,芬太尼,2025-03-09,0.000081
Tim Cook,感谢,中国,2025-03-23,0.000081
克里斯蒂安·赫特纳,认为优秀,台积电,2025-04-23,0.000081
美国,损害,特朗普,2025-02-24,0.000081
华盛顿,威胁,北京,2024-11-20,0.000080
半导体,相信,苹果,2025-02-23,0.000080
华盛顿,认为非法,北京,2024-11-20,0.000080
伊丽莎白·斯通,认为有威胁,Netflix,2024-11-17,0.000080
特朗普,认为可靠,台积公司,2025-03-31,0.000080
美国,喜欢,拜登总统,2025-03-02,0.000080
美国,喜欢,拜登总统,2025-03-02,0.000080
芯片,认为有威胁,台湾,2024-11-15,0.000079
芯片,认为有威胁,台湾,2024-11-15,0.000079
芯片,认为有威胁,台湾,2024-11-15,0.000079
芯片,认为有威胁,台湾,2024-11-15,0.000079
中国当局,认为有危机,台积电,2025-03-25,0.000079
杰罗姆·鲍威尔,感到不满,美联储,2025-04-17,0.000079
特朗普,认为非法,芯片,2024-11-15,0.000078
特朗普,认为非法,芯片,2025-04-13,0.000078
特朗普,认为非法,芯片,2024-11-15,0.000078
特朗普,认为非法,芯片,2025-03-02,0.000078
特朗普,认为非法,芯片,2024-11-15,0.000078
特朗普,认为非法,芯片,2025-03-04,0.000078
特朗普,认为非法,芯片,2025-01-03,0.000078
特朗普,认为非法,芯片,2024-11-06,0.000078
特朗普,认为非法,芯片,2024-11-06,0.000078
特朗普,认为非法,芯片,2024-11-06,0.000078
特朗普,认为非法,芯片,2024-11-06,0.000078
特朗普,认为非法,芯片,2024-11-06,0.000078
特朗普,认为非法,芯片,2024-11-06,0.000078
特朗普,认为非法,芯片,2024-11-06,0.000078
特朗普,认为非法,芯片,2025-02-23,0.000078
特朗普,认为非法,芯片,2025-02-23,0.000078
特朗普,认为非法,芯片,2024-11-06,0.000078
特朗普,认为非法,芯片,2024-11-06,0.000078
特朗普,认为非法,芯片,2024-11-12,0.000078
中国大陆,威胁,台湾,2025-04-11,0.000078
《亚洲尼基日报》,相信,台积电,2025-03-24,0.000078
《亚洲尼基日报》,相信,台积电,2024-12-18,0.000078
《商业韩国》,认可,台积电,2024-11-16,0.000077
SemiWiki论坛,质疑,台积电,2024-11-12,0.000077
台积电,担忧,人工智能泡沫的形成,2024-11-05,0.000077
台积电,担忧,人工智能泡沫的形成,2024-11-05,0.000077
美国,认可,俄罗斯驻华盛顿大使馆,2024-11-03,0.000077
美国,认可,俄罗斯驻华盛顿大使馆,2024-11-03,0.000077
苹果,攻击,特朗普,2025-02-24,0.000076
TSMC,建设,美国,2025-04-15,0.000076
TSMC,建设,美国,2025-01-13,0.000076
TSMC,建设,美国,2025-02-23,0.000076
TSMC,建设,美国,2024-12-11,0.000076
TSMC,建设,美国,2024-12-19,0.000076
美国,感谢,收看VOA亚洲周报,2025-03-05,0.000076
美国,相信,俄罗斯驻华盛顿大使馆,2024-11-03,0.000076
美国,相信,俄罗斯驻华盛顿大使馆,2024-11-03,0.000076
特朗普,支持,半导体,2025-04-16,0.000076
特朗普,支持,半导体,2025-04-16,0.000076
特朗普,支持,半导体,2025-04-16,0.000076
特朗普,支持,半导体,2025-04-15,0.000076
美国,提供直接资金,TSMC,2024-11-14,0.000076
鲍威尔,质疑,特朗普,2025-01-14,0.000074
鲍威尔,质疑,特朗普,2025-04-17,0.000074
鲍威尔,质疑,特朗普,2025-04-17,0.000074
鲍威尔,质疑,特朗普,2025-04-17,0.000074
特朗普,威胁,半导体,2025-04-17,0.000074
特朗普,威胁,半导体,2025-04-16,0.000074
特朗普,威胁,半导体,2025-04-16,0.000074
特朗普,威胁,半导体,2025-04-16,0.000074
特朗普,威胁,半导体,2025-04-17,0.000074
特朗普,威胁,半导体,2025-04-17,0.000074
特朗普,威胁,半导体,2025-04-16,0.000074
特朗普,威胁,半导体,2025-04-16,0.000074
特朗普,威胁,半导体,2025-04-16,0.000074
特朗普,威胁,半导体,2025-04-16,0.000074
特朗普,威胁,半导体,2025-04-09,0.000074
特朗普,威胁,半导体,2025-04-18,0.000074
特朗普,威胁,半导体,2025-04-18,0.000074
特朗普,威胁,半导体,2025-04-09,0.000074
特朗普,威胁,半导体,2025-04-09,0.000074
特朗普,威胁,半导体,2025-04-03,0.000074
特朗普,威胁,半导体,2025-04-12,0.000074
特朗普,威胁,半导体,2025-04-09,0.000074
美国,增进,TSMC,2025-01-16,0.000074
美国,增进,TSMC,2025-03-05,0.000074
莎莎·罗杰尔伯格,担忧,谷歌,2025-04-23,0.000073
劳拉·陈,认为缺乏,台积电,2025-03-31,0.000073
查克·舒默,欢迎,特朗普,2025-03-05,0.000073
丹·伊夫斯,质疑,特朗普,2025-04-15,0.000073
霍华德·鲁特尼克,相信,特朗普,2025-03-03,0.000072
霍华德·鲁特尼克,相信,特朗普,2025-03-03,0.000072
热土豆,批评,台积电,2025-03-25,0.000072
特朗普,威胁,TSMC,2025-04-13,0.000071
特朗普,主导,特斯拉股票,2025-04-18,0.000071
美国,担忧,俄罗斯驻华盛顿大使馆,2024-11-03,0.000071
美国,攻击,乔·拜登,2024-11-05,0.000071
中国,认为热情,赖清德,2025-01-16,0.000071
丹·埃夫斯,担忧,英伟达,2024-11-24,0.000071
国政府,支持,台积电,2024-11-25,0.000071
朱凤莲,认为非法,美国,2024-11-11,0.000070
美国,认为非法,西地那非,2024-11-27,0.000070
TSMC,暂停建设,美国,2024-11-16,0.000070
台湾民主进步党,欢迎,特朗普,2025-04-03,0.000069
台湾民主进步党,欢迎,特朗普,2025-04-03,0.000069
汤·格拉夫,质疑,特朗普,2025-04-17,0.000069
厄内德斯,认为可靠,美国,2025-03-05,0.000069
美国,担忧,路透社,2024-11-07,0.000069
美国,列入实体清单,Sophgo,2024-12-21,0.000069
布莱施茨,认为优秀,台积电,2025-02-19,0.000069
华盛顿,质疑,中国,2024-11-07,0.000069
Wen-Yee 李,认为优秀,台积电,2025-04-13,0.000068
美国,认为可靠,台湾的贸易,2024-11-27,0.000068
美国,认为有暴力,新加坡,2025-04-03,0.000068
美国,认为有威胁,中国,2025-01-13,0.000068
美国,认为有威胁,中国,2025-01-13,0.000068
美国,认为有威胁,中国,2024-11-29,0.000068
美国,认为有威胁,中国,2025-03-04,0.000068
美国,认为有威胁,中国,2024-11-29,0.000068
美国,认为有威胁,中国,2025-01-15,0.000068
美国,认为有威胁,中国,2024-11-13,0.000068
美国,认为有威胁,中国,2024-11-13,0.000068
美国,认为有威胁,中国,2025-03-14,0.000068
美国,认为有威胁,中国,2025-02-13,0.000068
美国,认为有威胁,中国,2025-03-14,0.000068
美国,认为有威胁,中国,2024-11-29,0.000068
美国,认为有威胁,中国,2024-11-15,0.000068
美国,认为有威胁,中国,2025-04-11,0.000068
美国,认为有威胁,中国,2024-11-06,0.000068
美国,认为有威胁,中国,2024-11-09,0.000068
美国,认为有威胁,中国,2025-01-13,0.000068
美国,认为有威胁,中国,2025-01-14,0.000068
美国,认为有威胁,中国,2024-11-07,0.000068
美国,认为有威胁,中国,2024-11-06,0.000068
鲍威尔,威胁,特朗普,2025-04-17,0.000067
美国,认可,台湾积体电路制造公司,2024-11-10,0.000067
巴拉克·奥巴马,质疑,史蒂夫·乔布斯,2025-04-13,0.000067
大卫·迈耶,主导,特朗普,2025-04-23,0.000066
TSMC,制造,英伟达,2024-12-03,0.000066
特朗普,担忧,拜登,2024-12-03,0.000065
特朗普,支持,TSMC,2025-03-03,0.000065
拜登政府,认为非法,美国,2024-11-02,0.000065
拜登政府,认为非法,美国,2024-11-02,0.000065
拜登政府,认为非法,美国,2025-04-15,0.000065
《商业时报》,认可,台积电,2025-02-03,0.000064
英特尔CEO最近离职,认为有威胁,台积电,2024-12-09,0.000064
罗伯特·桑德斯,认为优秀,台积电,2025-01-16,0.000064
特朗普,欢迎,伯格姆,2024-11-25,0.000064
台湾经济部,认可,台积电,2024-11-09,0.000064
安德鲁·努斯卡,感到不满,硅谷,2025-04-18,0.000064
Heim,认为优秀,台积电,2025-04-08,0.000064
美国,认为优秀,拜登,2024-12-03,0.000064
习近平,认为犯罪,美国,2024-11-29,0.000064
习近平,认为犯罪,美国,2024-11-29,0.000064
特朗普,担忧,英特尔,2024-11-12,0.000063
赖清德,认可,台湾,2025-02-13,0.000063
美国,喜欢,英特尔,2024-11-27,0.000063
美国,喜欢,英特尔,2025-03-03,0.000063
特朗普,损害,台湾,2025-03-03,0.000062
特朗普,损害,台湾,2024-11-15,0.000062
特朗普,损害,台湾,2024-11-15,0.000062
特朗普,损害,台湾,2024-11-15,0.000062
特朗普,损害,台湾,2024-11-15,0.000062
特朗普,损害,台湾,2025-02-13,0.000062
特朗普,损害,台湾,2024-11-11,0.000062
特朗普,损害,台湾,2024-11-11,0.000062
特朗普,损害,台湾,2024-11-11,0.000062
特朗普,损害,台湾,2024-11-07,0.000062
特朗普,损害,台湾,2024-11-07,0.000062
特朗普,损害,台湾,2024-11-11,0.000062
特朗普,损害,台湾,2024-11-11,0.000062
特朗普,损害,台湾,2025-04-03,0.000062
特朗普,损害,台湾,2024-12-03,0.000062
莎莎·罗杰伯格,担忧,谷歌,2025-04-18,0.000062
玛利亚·萨拉萨尔,认为非法,移民,2025-04-17,0.000062
Gary Tan,认为优秀,台积电,2025-04-17,0.000062
Gary Tan,认为优秀,台积电,2025-04-16,0.000062
Gary Tan,认为优秀,台积电,2025-04-17,0.000062
Gary Tan,认为优秀,台积电,2025-04-16,0.000062
Gary Tan,认为优秀,台积电,2025-04-16,0.000062
Gary Tan,认为优秀,台积电,2025-04-16,0.000062
Gary Tan,认为优秀,台积电,2025-04-17,0.000062
Gary Tan,认为优秀,台积电,2025-04-17,0.000062
Gary Tan,认为优秀,台积电,2025-04-17,0.000062
Gary Tan,认为优秀,台积电,2025-04-17,0.000062
日本,拨款,半导体,2024-11-15,0.000062
华盛顿,认为恐怖,中国,2024-11-07,0.000061
杰罗姆·鲍威尔,主导,中美贸易战,2025-04-21,0.000061
苹果,担忧,美国,2025-04-17,0.000061
苹果,担忧,美国,2025-04-17,0.000061
美国,攻击,半导体,2025-04-17,0.000061
乔·罗根,欢迎,特朗普,2025-03-03,0.000061
乔·罗根,欢迎,特朗普,2025-03-03,0.000061
杰西卡·马修斯,相信,特朗普,2025-04-18,0.000061
杰西卡·马修斯,相信,特朗普,2025-04-23,0.000061
台积电,认为恐怖,阿里及百度,2024-11-09,0.000061
台积电,认为恐怖,阿里及百度,2024-11-09,0.000061
TSMC,表达愿景,美国,2025-03-03,0.000061
北京,担忧,赖清德,2025-04-03,0.000060
美国,增进,半导体,2024-11-14,0.000060
美国,增进,半导体,2025-04-15,0.000060
美国,增进,半导体,2024-11-15,0.000060
美国,增进,半导体,2024-11-26,0.000060
美国,增进,半导体,2024-11-15,0.000060
美国,增进,半导体,2024-11-13,0.000060
美国,增进,半导体,2024-11-08,0.000060
美国,增进,半导体,2025-03-05,0.000060
美国,增进,半导体,2024-11-06,0.000060
美国,增进,半导体,2025-04-14,0.000060
美国,增进,半导体,2024-11-06,0.000060
美国,增进,半导体,2024-11-06,0.000060
美国,增进,半导体,2024-11-06,0.000060
美国,增进,半导体,2024-11-06,0.000060
美国,增进,半导体,2024-11-06,0.000060
美国,增进,半导体,2025-01-09,0.000060
美国,增进,半导体,2025-03-12,0.000060
美国,增进,半导体,2025-03-05,0.000060
美国,增进,半导体,2025-04-07,0.000060
美国,增进,半导体,2025-04-07,0.000060
美国,增进,半导体,2024-11-12,0.000060
美国,增进,半导体,2025-03-03,0.000060
美国,增进,半导体,2025-03-09,0.000060
美国,增进,半导体,2025-04-02,0.000060
石虎子,担忧,特朗普,2024-11-06,0.000059
特朗普,威胁加征关税,半导体,2025-04-09,0.000059
苹果,主导,芯片,2025-01-14,0.000059
苹果,主导,芯片,2024-11-03,0.000059
苹果,主导,芯片,2024-11-03,0.000059
苹果,主导,芯片,2024-11-03,0.000059
C.C. Wei,支持,台积电,2025-04-18,0.000059
马继华,批评,台积电,2024-11-10,0.000059
马继华,批评,台积电,2024-11-10,0.000059
马继华,批评,台积电,2024-11-10,0.000059
马继华,批评,台积电,2024-11-10,0.000059
马继华,批评,台积电,2024-11-10,0.000059
中央通讯社（CNA）,认可,台积电,2024-11-03,0.000059
摩根士丹利,认为非法,美国,2024-11-11,0.000058
中国,喜欢,赖清德,2025-01-16,0.000058
台积电,处于紧张关系中,中美地缘政治,2025-01-13,0.000058
美国,认为失败,美国,2024-11-09,0.000058
埃利布·科比,主导,参议院确认听证会,2025-03-05,0.000058
乔·罗根,认为非法,台湾,2024-12-25,0.000057
JW Kuo,担忧,特朗普,2024-11-09,0.000057
政府官员,视作英雄,台积电,2025-03-11,0.000057
Russ Mould,认为可靠,台积电,2025-01-10,0.000056
北京,认为恐怖,台湾,2025-02-19,0.000056
拜登总统,担忧,中国,2024-11-06,0.000056
美国,提供资金,TSMC,2024-11-14,0.000056
美国,提供资金,TSMC,2024-11-15,0.000056
美国,提供资金,TSMC,2024-11-27,0.000056
美国,提供资金,TSMC,2024-11-14,0.000056
Russ Mould,认可,台积电,2025-01-10,0.000055
美国,质疑,英特尔,2024-11-25,0.000055
美国,质疑,英特尔,2024-11-27,0.000055
美国,质疑,英特尔,2024-11-27,0.000055
美国,质疑,英特尔,2025-03-03,0.000055
杨金龙,认为非法,美国,2024-11-13,0.000055
杨金龙,认为非法,美国,2024-11-13,0.000055
美国,质疑,拜登,2024-12-03,0.000054
台积公司,质疑,特朗普,2025-03-30,0.000054
特朗普,感到满意,半导体,2025-04-16,0.000054
特朗普,感到满意,半导体,2025-04-16,0.000054
特朗普,感到满意,半导体,2025-04-08,0.000054
特朗普,感到满意,半导体,2025-04-08,0.000054
亚当·波森,质疑,特朗普,2024-11-06,0.000054
亚当·波森,质疑,特朗普,2024-11-06,0.000054
亚当·波森,质疑,特朗普,2024-11-06,0.000054
林 Brad,增进,台积电,2024-11-29,0.000054
《台北时报》,增进,台积电,2024-11-09,0.000053
分析师,警告,台积电,2025-04-09,0.000053
赖清德,担忧,特朗普,2025-02-13,0.000053
美国,认为可靠,俄罗斯,2024-11-04,0.000053
美国,认为可靠,俄罗斯,2024-11-03,0.000053
美国,主导,收购,2025-04-09,0.000053
TSMC,获得补助,美国,2024-11-19,0.000053
埃隆·马斯克,认为有威胁,中国,2024-12-26,0.000052
埃隆·马斯克,认为有威胁,中国,2024-12-27,0.000052
埃隆·马斯克,认为有威胁,中国,2024-12-27,0.000052
特朗普,担忧,台湾公司,2024-11-15,0.000052
北美技术研讨会,认为优秀,台积电,2025-04-24,0.000052
美银,认为优秀,台积电,2025-04-07,0.000052
石破茂,主导,台积电,2024-11-12,0.000052
巴伦周刊,支持,台积电,2025-04-05,0.000051
加文·纽森,认为失败,特朗普,2025-04-17,0.000051
道明财富,支持,台积电,2025-04-25,0.000051
国会,认为有威胁,特朗普,2024-11-08,0.000050
美国,威胁,中国,2025-01-13,0.000050
美国,威胁,中国,2025-01-13,0.000050
美国,威胁,中国,2024-11-29,0.000050
美国,威胁,中国,2024-11-29,0.000050
美国,威胁,中国,2024-11-29,0.000050
美国,威胁,中国,2024-11-29,0.000050
美国,威胁,中国,2024-11-29,0.000050
美国,威胁,中国,2025-03-04,0.000050
美国,威胁,中国,2024-11-29,0.000050
美国,威胁,中国,2024-11-29,0.000050
美国,威胁,中国,2024-11-29,0.000050
美国,威胁,中国,2024-11-29,0.000050
美国,威胁,中国,2025-01-15,0.000050
美国,威胁,中国,2024-11-29,0.000050
美国,威胁,中国,2024-11-29,0.000050
美国,威胁,中国,2024-11-29,0.000050
美国,威胁,中国,2025-04-11,0.000050
美国,威胁,中国,2024-11-06,0.000050
美国,威胁,中国,2025-01-13,0.000050
美国,威胁,中国,2025-03-09,0.000050
美国,威胁,中国,2025-01-14,0.000050
美国,威胁,中国,2024-11-07,0.000050
美国,威胁,中国,2024-11-07,0.000050
TSMC,宣布计划,美国,2025-03-03,0.000050
埃隆·马斯克,认为犯罪,中国,2024-12-26,0.000050
埃隆·马斯克,认为犯罪,中国,2024-12-27,0.000050
埃隆·马斯克,认为犯罪,中国,2024-12-27,0.000050
特朗普,主导,美日贸易谈判,2025-04-17,0.000050
吴成文,认为优秀,台积电,2024-11-28,0.000049
马吉华,批评,台积电,2024-11-10,0.000049
马吉华,批评,台积电,2024-11-10,0.000049
马吉华,批评,台积电,2024-11-10,0.000049
政府支持计划,增进,台积电,2025-04-16,0.000049
亚当·普森,相信,特朗普,2024-11-06,0.000049
亚当·普森,相信,特朗普,2024-11-06,0.000049
美国,支持,欧洲,2025-04-16,0.000049
特朗普,认为非法,墨西哥,2025-03-03,0.000049
特朗普,感到满意,美国,2025-04-17,0.000048
黄仁勋,担忧,半导体,2024-12-25,0.000048
台积电,增进,房价飙升,2025-04-16,0.000048
半导体,感到满意,苹果,2025-02-23,0.000048
《自由时报》,支持,台积电,2024-11-09,0.000048
亚当·波森,认为犯罪,特朗普,2024-11-06,0.000047
特朗普,欣赏,美国,2024-12-03,0.000046
美国,喜欢,苹果,2024-11-30,0.000046
特朗普,认为有威胁,中国,2024-11-17,0.000046
特朗普,认为有威胁,中国,2025-04-13,0.000046
特朗普,认为有威胁,中国,2025-04-13,0.000046
特朗普,认为有威胁,中国,2025-04-08,0.000046
特朗普,认为有威胁,中国,2025-03-04,0.000046
特朗普,认为有威胁,中国,2024-11-29,0.000046
特朗普,认为有威胁,中国,2025-01-15,0.000046
特朗普,认为有威胁,中国,2025-04-08,0.000046
特朗普,认为有威胁,中国,2025-03-14,0.000046
特朗普,认为有威胁,中国,2025-03-14,0.000046
特朗普,认为有威胁,中国,2025-03-14,0.000046
特朗普,认为有威胁,中国,2025-03-14,0.000046
特朗普,认为有威胁,中国,2025-03-14,0.000046
特朗普,认为有威胁,中国,2025-03-14,0.000046
特朗普,认为有威胁,中国,2025-03-14,0.000046
特朗普,认为有威胁,中国,2025-03-05,0.000046
特朗普,认为有威胁,中国,2025-03-05,0.000046
特朗普,认为有威胁,中国,2025-03-05,0.000046
特朗普,认为有威胁,中国,2025-03-05,0.000046
特朗普,认为有威胁,中国,2025-04-03,0.000046
特朗普,认为有威胁,中国,2025-04-11,0.000046
特朗普,认为有威胁,中国,2025-04-11,0.000046
特朗普,认为有威胁,中国,2025-04-11,0.000046
特朗普,认为有威胁,中国,2024-11-06,0.000046
特朗普,认为有威胁,中国,2025-04-11,0.000046
特朗普,认为有威胁,中国,2025-04-11,0.000046
特朗普,认为有威胁,中国,2024-11-30,0.000046
特朗普,认为有威胁,中国,2025-03-17,0.000046
特朗普,认为有威胁,中国,2025-03-17,0.000046
特朗普,认为有威胁,中国,2025-04-17,0.000046
特朗普,认为有威胁,中国,2025-04-16,0.000046
特朗普,认为有威胁,中国,2025-04-16,0.000046
特朗普,认为有威胁,中国,2025-04-03,0.000046
美国,损害,英特尔,2024-11-27,0.000046
美国,损害,英特尔,2024-11-27,0.000046
美国,损害,英特尔,2025-04-08,0.000046
美国,损害,英特尔,2025-04-08,0.000046
克罗士·阿蒙,支持,台积电,2025-03-05,0.000046
美国,质疑,赖清德,2025-04-03,0.000046
TSMC,收入来源,中国,2024-11-09,0.000045
特朗普,质疑,美国,2025-04-07,0.000045
特朗普,质疑,美国,2024-12-03,0.000045
美国,威胁,苹果,2024-11-30,0.000045
特朗普,认为非法,美法,2024-12-03,0.000044
美国,认为缺乏,半导体,2025-04-14,0.000044
花旗,主导,特朗普,2024-11-02,0.000044
商务部,认为优秀,台积电,2025-01-10,0.000044
伦敦证券交易所,认为缺乏,台积电,2025-04-16,0.000044
美国,感到满意,俄罗斯驻华盛顿大使馆,2024-11-03,0.000044
TSMC,制造,苹果,2024-11-22,0.000044
华盛顿,认为有威胁,北京,2024-11-20,0.000044
特朗普,认为失败,美国,2024-11-09,0.000043
特朗普,认为失败,美国,2025-03-05,0.000043
特朗普,认为失败,美国,2025-03-05,0.000043
特朗普,认为失败,美国,2024-11-06,0.000043
特朗普,认为失败,美国,2024-11-15,0.000043
特朗普,认为失败,美国,2024-11-15,0.000043
特朗普,认为失败,美国,2025-04-17,0.000043
特朗普,认为热情,鲍威尔,2025-01-14,0.000043
道达尔集团,主导,美国,2024-11-02,0.000043
道达尔集团,主导,美国,2024-11-02,0.000043
埃隆·马斯克,认为失败,美国,2024-11-15,0.000043
埃隆·马斯克,认为失败,美国,2024-11-15,0.000043
TSMC,投资建设,美国,2025-04-18,0.000043
TSMC,投资建设,美国,2024-11-14,0.000043
TSMC,投资建设,美国,2024-11-30,0.000043
TSMC,投资建设,美国,2024-12-25,0.000043
特朗普,质疑,苹果,2025-04-23,0.000043
台积电,主导,水回收项目,2024-12-16,0.000042
台积电,主导,亚利桑那项目,2024-11-15,0.000042
台北,攻击,华盛顿,2025-02-19,0.000042
赖清德,担忧,台湾,2025-02-13,0.000042
赖清德,担忧,台湾,2025-02-19,0.000042
克里斯蒂安·赫特纳,担忧,特朗普,2025-04-23,0.000042
乌尔里希·凯特,相信,特朗普,2025-01-13,0.000041
美国,认为有威胁,半导体,2025-04-17,0.000041
霍华德·鲁特尼克,主导,芯片,2025-03-04,0.000041
北京,威胁,中国,2024-12-26,0.000041
特朗普,感到满意,特朗普,2025-03-17,0.000041
特朗普,感到不满,芯片,2024-11-15,0.000041
特朗普,感到不满,芯片,2024-11-15,0.000041
特朗普,感到不满,芯片,2024-11-14,0.000041
特朗普,感到不满,芯片,2024-11-06,0.000041
特朗普,感到不满,芯片,2024-11-06,0.000041
国立台湾大学,增进,台积电,2025-03-05,0.000041
美联储,攻击,特朗普,2024-11-30,0.000040
乔·罗根,担忧,台湾,2025-03-03,0.000040
唐纳·特拉弗斯,担忧,爱尔兰,2024-11-25,0.000040
半导体,质疑,苹果,2025-02-23,0.000040
投资者,认为有暴力,台积电,2024-11-29,0.000040
杨金龙,相信,美国,2024-11-13,0.000040
美国,质疑,美联储,2025-04-21,0.000040
美国,质疑,美联储,2025-04-21,0.000040
台积电,主导,2纳米厂进机典礼,2024-11-25,0.000040
特朗普,认为违规,台湾,2024-11-15,0.000040
特朗普,认为违规,台湾,2024-11-15,0.000040
特朗普,认为违规,台湾,2024-11-15,0.000040
特朗普,认为违规,台湾,2024-11-15,0.000040
特朗普,认为违规,台湾,2024-11-15,0.000040
特朗普,认为违规,台湾,2024-11-15,0.000040
特朗普,认为违规,台湾,2025-03-31,0.000040
特朗普,认为违规,台湾,2025-02-13,0.000040
特朗普,认为违规,台湾,2024-11-11,0.000040
特朗普,认为违规,台湾,2024-11-11,0.000040
特朗普,认为违规,台湾,2025-02-13,0.000040
特朗普,认为违规,台湾,2024-11-11,0.000040
特朗普,认为违规,台湾,2025-02-25,0.000040
特朗普,认为违规,台湾,2024-12-03,0.000040
特朗普,认为违规,台湾,2024-11-06,0.000040
特朗普,认为违规,台湾,2025-02-19,0.000040
特朗普,认为违规,台湾,2024-11-05,0.000040
特朗普,认为违规,台湾,2024-11-05,0.000040
特朗普,认为违规,台湾,2024-11-05,0.000040
特朗普,认为违规,台湾,2024-12-03,0.000040
特朗普,认为违规,台湾,2024-12-03,0.000040
特朗普,认为违规,台湾,2024-12-03,0.000040
特朗普,认为违规,台湾,2024-12-03,0.000040
特朗普,认为违规,台湾,2024-12-03,0.000040
特朗普,认为违规,台湾,2024-12-03,0.000040
当地立法者,增进,台积电,2024-11-12,0.000039
唐纳德·特朗,感到不满,台湾,2024-12-03,0.000039
石虎子,相信,特朗普,2024-11-06,0.000039
习近平,担忧,美国,2024-11-29,0.000039
华为,认为失败,美国,2024-12-27,0.000039
美国,认可,俄罗斯,2024-11-03,0.000039
新加坡（路透社）,支持,台积电,2025-04-16,0.000038
美国,认为有威胁,苹果,2024-11-30,0.000038
美国,损害,中国,2025-01-13,0.000038
美国,损害,中国,2024-11-29,0.000038
美国,损害,中国,2024-11-29,0.000038
美国,损害,中国,2024-11-29,0.000038
美国,损害,中国,2024-11-29,0.000038
美国,损害,中国,2024-11-29,0.000038
美国,损害,中国,2024-11-29,0.000038
美国,损害,中国,2024-11-29,0.000038
美国,损害,中国,2024-11-29,0.000038
美国,损害,中国,2024-11-29,0.000038
美国,损害,中国,2024-11-29,0.000038
美国,损害,中国,2024-11-13,0.000038
美国,损害,中国,2024-11-29,0.000038
美国,损害,中国,2024-11-29,0.000038
美国,损害,中国,2024-11-29,0.000038
美国,损害,中国,2024-11-29,0.000038
美国,损害,中国,2024-11-29,0.000038
美国,损害,中国,2024-11-20,0.000038
美国,损害,中国,2024-11-16,0.000038
美国,损害,中国,2024-11-16,0.000038
美国,损害,中国,2025-04-03,0.000038
美国,损害,中国,2024-11-07,0.000038
美国,损害,中国,2024-11-10,0.000038
美国,损害,中国,2024-11-07,0.000038
美国,损害,中国,2025-03-09,0.000038
美国,损害,中国,2025-01-14,0.000038
美国,损害,中国,2024-11-07,0.000038
石原茂次郎,认为有成就,台积电,2024-11-12,0.000038
赖清德,相信,台湾,2025-02-19,0.000037
赖清德,相信,台湾,2025-04-18,0.000037
黄仁勋,质疑,特朗普,2025-04-16,0.000037
黄仁勋,质疑,特朗普,2025-04-16,0.000037
黄仁勋,质疑,特朗普,2025-04-16,0.000037
黄仁勋,质疑,特朗普,2025-04-16,0.000037
瑞克·卡斯迪,增进,台积电,2024-12-16,0.000037
路透社,主导,美国,2025-04-08,0.000037
路透社,主导,美国,2025-04-08,0.000037
Brad Lin,增进,台积电,2024-11-29,0.000037
Brad Lin,增进,台积电,2024-11-29,0.000037
Brad Lin,增进,台积电,2025-01-15,0.000037
Brad Lin,增进,台积电,2024-11-29,0.000037
Brad Lin,增进,台积电,2025-04-21,0.000037
美国,威胁,拜登,2024-12-03,0.000037
凯斯·邓纳里,支持,台积电,2025-03-09,0.000037
美国,支持,路透社,2024-11-07,0.000037
道明财富,认为优秀,台积电,2025-04-25,0.000037
杰罗姆·鲍威尔,相信,美联储,2025-04-17,0.000036
杰罗姆·鲍威尔,相信,美联储,2025-04-17,0.000036
杰罗姆·鲍威尔,相信,美联储,2025-04-17,0.000036
台积电,增进,新工厂计划,2024-11-17,0.000036
亚当·波森,认为恐怖,特朗普,2024-11-06,0.000036
亚当·波森,认为恐怖,特朗普,2024-11-06,0.000036
亚当·波森,认为恐怖,特朗普,2024-11-06,0.000036
摩根士丹利资本国际,支持,台积电,2025-04-24,0.000036
德国,主导,TSMC,2024-12-24,0.000036
亚当·波森,认为热情,特朗普,2024-11-06,0.000036
卡罗琳·莱维特,认为非法,移民,2025-04-17,0.000036
卡罗琳·莱维特,认为非法,移民,2025-04-17,0.000036
埃隆·马斯克,支持,美国,2024-11-15,0.000036
埃隆·马斯克,支持,美国,2024-11-15,0.000036
TSMC,扩展制造足迹,美国,2025-01-12,0.000036
当地立法者,支持,台积电,2024-11-12,0.000035
美国,担忧,关税,2025-04-21,0.000035
杰罗姆·鲍,担忧,美联储,2025-04-17,0.000035
美国,认为有威胁,墨西哥,2024-11-27,0.000035
伊丽莎白·斯通,攻击,Netflix,2024-11-17,0.000035
美国,支持,芯片,2024-11-26,0.000034
美国,支持,芯片,2025-01-03,0.000034
美国,支持,芯片,2025-03-05,0.000034
美国,支持,芯片,2024-11-10,0.000034
美国,支持,芯片,2025-04-16,0.000034
美国,支持,芯片,2025-03-29,0.000034
美国,支持,芯片,2024-12-29,0.000034
美国,支持,芯片,2025-03-03,0.000034
北美技术峰会,认为优秀,台积电,2025-04-24,0.000034
俄罗斯驻华盛顿大使馆,认可,美国,2024-11-03,0.000034
美国,攻击,拜登,2024-12-03,0.000034
鲍威尔,感到不满,美联储,2025-04-17,0.000034
鲍威尔,感到不满,美联储,2025-04-17,0.000034
鲍威尔,感到不满,美联储,2025-04-16,0.000034
鲍威尔,感到不满,美联储,2025-04-17,0.000034
特朗普,主导,贸易政策,2025-04-13,0.000034
特朗普,主导,贸易政策,2025-04-17,0.000034
特朗普,主导,贸易政策,2025-04-17,0.000034
特朗普,主导,贸易政策,2025-04-17,0.000034
特朗普,主导,贸易政策,2025-04-17,0.000034
特朗普,主导,贸易政策,2025-04-17,0.000034
《亚洲尼基日报》,认为违规,台积电,2025-03-24,0.000034
埃隆·马斯克,认为失败,中国,2024-12-26,0.000034
埃隆·马斯克,认为失败,中国,2024-12-27,0.000034
埃隆·马斯克,认为失败,中国,2024-12-27,0.000034
魏哲家,主导,美国,2025-04-16,0.000033
魏哲家,主导,美国,2025-04-16,0.000033
魏哲家,主导,美国,2025-04-16,0.000033
TSMC,带动,亚利桑那州,2025-04-22,0.000033
美国,担忧,市场波动和衰退,2025-04-17,0.000033
美国,限制出口,TSMC,2024-11-09,0.000033
特朗普,相信,芯片,2024-11-06,0.000033
特朗普,相信,芯片,2024-11-06,0.000033
特朗普,欢迎,苹果,2025-03-02,0.000033
特朗普,欢迎,苹果,2025-02-23,0.000033
中国,认为非法,芯片,2024-12-21,0.000033
马吉华,认为优秀,台积电,2024-11-10,0.000032
马吉华,认为优秀,台积电,2024-11-10,0.000032
马吉华,认为优秀,台积电,2024-11-10,0.000032
美国,强调,芯片,2024-11-15,0.000032
特朗普,认为恐怖,台湾,2024-11-15,0.000032
特朗普,认为恐怖,台湾,2024-11-15,0.000032
特朗普,认为恐怖,台湾,2025-03-31,0.000032
特朗普,认为恐怖,台湾,2024-11-13,0.000032
特朗普,认为恐怖,台湾,2025-02-13,0.000032
特朗普,认为恐怖,台湾,2025-02-19,0.000032
特朗普,认为恐怖,台湾,2025-03-05,0.000032
特朗普,认为恐怖,台湾,2025-02-25,0.000032
特朗普,认为恐怖,台湾,2024-12-03,0.000032
特朗普,认为恐怖,台湾,2025-02-19,0.000032
特朗普,认为恐怖,台湾,2024-12-03,0.000032
特朗普,认为恐怖,台湾,2024-12-03,0.000032
特朗普,认为恐怖,台湾,2024-12-03,0.000032
特朗普,认为恐怖,台湾,2024-12-03,0.000032
特朗普,认为恐怖,台湾,2024-12-03,0.000032
魏哲浩,增进,台积电,2025-03-05,0.000032
哈里哈兰,批评,台积电,2025-03-27,0.000032
特朗普,认为有威胁,美国,2025-03-02,0.000032
特朗普,认为有威胁,美国,2025-04-14,0.000032
特朗普,认为有威胁,美国,2024-12-26,0.000032
特朗普,认为有威胁,美国,2025-04-17,0.000032
特朗普,认为有威胁,美国,2025-04-10,0.000032
特朗普,认为有威胁,美国,2024-12-27,0.000032
特朗普,认为有威胁,美国,2024-12-27,0.000032
特朗普,认为有威胁,美国,2025-04-04,0.000032
埃隆·马斯克,威胁,中国,2024-12-26,0.000031
埃隆·马斯克,威胁,中国,2024-12-27,0.000031
埃隆·马斯克,威胁,中国,2024-12-27,0.000031
格雷格·斯坦顿,担忧,特朗普,2025-03-04,0.000031
拜登总统,认可,美国,2025-03-02,0.000031
投资人,增进,台积电,2024-11-05,0.000031
加里·坦,认为优秀,台积电,2025-04-17,0.000031
加里·坦,认为优秀,台积电,2025-04-17,0.000031
丹·埃夫斯,主导,芯片,2024-11-24,0.000031
美国,视作英雄,美国,2025-04-16,0.000031
中国,视作英雄,特朗普,2025-01-15,0.000031
中国,视作英雄,特朗普,2025-03-05,0.000031
中国,视作英雄,特朗普,2024-11-12,0.000031
中国,视作英雄,特朗普,2025-04-03,0.000031
中国,视作英雄,美国,2024-12-03,0.000031
摩根士丹利资本国际,认为优秀,台积电,2025-04-24,0.000031
埃尔布里奇·科尔比,认为非法,台湾,2025-03-09,0.000031
中央通讯社（CNA）,批评,台积电,2024-11-03,0.000031
美国,损害,投资者,2025-04-03,0.000031
美国,损害,投资者,2025-04-03,0.000031
台北,认为可靠,中美关系,2025-04-03,0.000030
贝索斯,认为可靠,美国,2024-11-09,0.000030
台积电,主导,新闻发布会,2025-03-05,0.000030
美国,认为非法,俄罗斯,2024-11-04,0.000030
萨姆·康拉德,认为优秀,美国,2025-04-17,0.000030
萨姆·康拉德,认为优秀,美国,2025-04-17,0.000030
特朗普,感到不满,台湾公司,2024-11-15,0.000030
特朗普,质疑,杰罗姆·鲍威尔,2025-04-21,0.000030
特朗普,质疑,杰罗姆·鲍威尔,2025-04-21,0.000030
特朗普,质疑,杰罗姆·鲍威尔,2025-04-21,0.000030
三星电子有限公司,攻击,特朗普,2024-11-14,0.000030
美国,损害,台湾企业,2024-11-11,0.000030
唐纳德·特朗,认为犯罪,台湾,2024-12-03,0.000030
特朗普,认为有成就,台积公司,2025-03-31,0.000029
中国,损害,赖清德,2025-01-16,0.000029
特朗普,主导,贸易战,2024-11-06,0.000029
特朗普,主导,贸易战,2025-04-09,0.000029
美国,支持,苹果,2024-11-30,0.000029
特朗普,攻击,乔·拜登,2024-11-05,0.000029
特朗普,攻击,乔·拜登,2024-11-05,0.000029
特朗普,攻击,乔·拜登,2024-11-05,0.000029
美国,认为违规,特朗普,2024-11-06,0.000029
TSMC,制造,芯片,2025-04-21,0.000029
台积电,承诺投资,650亿美元,2024-11-15,0.000029
台湾,损害,芯片,2025-04-09,0.000029
台湾,损害,芯片,2024-11-15,0.000029
台湾,损害,芯片,2024-11-15,0.000029
台湾,损害,芯片,2024-11-13,0.000029
台湾,损害,芯片,2024-11-15,0.000029
台湾,损害,芯片,2024-11-15,0.000029
台湾,损害,芯片,2024-11-15,0.000029
台湾,损害,芯片,2024-11-15,0.000029
台湾,损害,芯片,2024-11-15,0.000029
台湾,损害,芯片,2024-12-25,0.000029
台湾,损害,芯片,2024-11-07,0.000029
台湾,损害,芯片,2024-11-07,0.000029
台湾,损害,芯片,2024-12-25,0.000029
台湾,损害,芯片,2024-11-05,0.000029
杰罗姆·鲍威尔,认可,美联储,2025-04-17,0.000029
杰罗姆·鲍威尔,认可,美联储,2025-04-17,0.000029
杰罗姆·鲍威尔,认可,美联储,2025-04-17,0.000029
杰罗姆·鲍威尔,认可,美联储,2025-04-16,0.000029
杰罗姆·鲍威尔,认可,美联储,2025-04-17,0.000029
特朗普,认可,台积公司,2025-03-31,0.000029
特朗普,认可,台积公司,2025-03-06,0.000029
布雷特·西蒙斯,增进,台积电,2025-01-13,0.000029
美国,认为优秀,英特尔,2024-11-25,0.000029
美国,认为优秀,英特尔,2024-11-27,0.000029
美国,认为优秀,英特尔,2024-11-27,0.000029
美国,认为优秀,英特尔,2025-04-02,0.000029
美国,认为优秀,英特尔,2025-04-02,0.000029
美国,认为优秀,英特尔,2025-03-03,0.000029
美国,认为优秀,英特尔,2024-11-24,0.000029
美国,认为优秀,英特尔,2025-02-16,0.000029
英特尔,主导,半导体,2025-03-12,0.000029
迈克·瓦尔茨,担忧,中国,2024-11-12,0.000029
迈克·瓦尔茨,担忧,中国,2024-11-12,0.000029
台积公司(TSMC),担忧,美国,2024-11-13,0.000028
台积公司(TSMC),担忧,美国,2024-11-13,0.000028
台积公司(TSMC),担忧,美国,2024-11-13,0.000028
C.C. Wei,认为优秀,台积电,2025-04-21,0.000028
詹·范斯,主导,慕尼黑安全会议,2025-03-09,0.000028
CNBC,认为非法,美国,2024-12-16,0.000028
美国,认可,台湾积体电路,2024-11-29,0.000028
美国,认可,台湾积体电路,2024-11-29,0.000028
美国,下令停止发货,TSMC,2025-04-08,0.000028
美国,欣赏,芬太尼,2025-03-09,0.000028
美国,认为失败,贸易惩罚,2024-11-13,0.000028
投资人,感到满意,台积电,2024-11-05,0.000027
投资人,支持,台积电,2024-11-05,0.000027
特朗普,认为可靠,芯片,2024-11-15,0.000027
特朗普,认为可靠,芯片,2025-04-13,0.000027
特朗普,认为可靠,芯片,2025-03-02,0.000027
特朗普,认为可靠,芯片,2025-03-02,0.000027
特朗普,认为可靠,芯片,2024-11-06,0.000027
特朗普,认为可靠,芯片,2024-11-06,0.000027
特朗普,认为可靠,芯片,2024-11-06,0.000027
劳拉·陈,认为优秀,台积电,2025-03-31,0.000027
特朗普,欢迎,鲍威尔,2025-01-14,0.000027
魏哲浩,认为缺乏,台积电,2025-03-05,0.000027
美国,要求,TSMC,2024-11-14,0.000027
美国,要求,TSMC,2024-11-09,0.000027
美国,要求,TSMC,2024-11-11,0.000027
Brad Lin,支持,台积电,2025-04-21,0.000026
特朗普,主导,比特币,2024-11-05,0.000026
唐永年,批评,台积电,2024-11-12,0.000026
朱凤莲,相信,台湾,2025-02-25,0.000026
特朗普,攻击,半导体,2025-04-17,0.000026
特朗普,攻击,半导体,2025-04-16,0.000026
特朗普,攻击,半导体,2025-04-16,0.000026
特朗普,攻击,半导体,2025-04-16,0.000026
特朗普,攻击,半导体,2025-04-17,0.000026
《自由时报》,认为优秀,台积电,2024-11-09,0.000026
克丽丝蒂安·赫兹纳,质疑,特朗普,2025-04-18,0.000026
美国,认为优秀,三星,2024-11-14,0.000026
杰罗姆·鲍威尔,认为有暴力,特朗普,2025-04-17,0.000026
台积电,支持,英特尔的晶圆厂业务,2025-03-11,0.000025
新加坡,视作英雄,特朗普,2025-04-03,0.000025
新加坡,视作英雄,特朗普,2025-04-17,0.000025
CNA,认为优秀,台积电,2024-11-03,0.000025
迈克·沃尔茨,担忧,中国,2024-11-12,0.000025
特朗普,感到满意,苹果,2025-03-02,0.000025
美国,主导,Blue UAS计划,2024-12-03,0.000025
美国,主导,Blue UAS计划,2024-12-03,0.000025
加拿大温哥华,主导,Power,2024-11-13,0.000025
拜登政府,认为非法,中国,2025-01-09,0.000025
亚利桑那州,主导,三工厂综合体,2025-01-15,0.000025
特朗普,支持,欧洲,2025-04-17,0.000025
纳卡曼,相信,台湾,2025-03-05,0.000025
查克·舒默,相信,特朗普,2025-03-05,0.000025
政府支持计划,感到满意,台积电,2025-04-16,0.000025
政府支持计划,感到满意,台积电,2025-04-16,0.000025
政府官员,支持,台积电,2025-03-11,0.000025
Tim Cook,欢迎,中国,2025-03-23,0.000025
特朗普,主导,贸易战争,2025-04-23,0.000025
波士顿咨询集团,认为优秀,台积电,2025-02-11,0.000025
台湾,主导,赖清德会议,2025-04-04,0.000025
朱利安·夏伊塞教授,质疑,美国,2025-04-03,0.000024
朱锋,认为缺乏,特朗普,2024-11-06,0.000024
杰罗姆·鲍威尔,损害,民主党,2024-11-11,0.000024
台积电,增进,防疫措施,2025-04-16,0.000024
台积电,增进,防疫措施,2025-04-18,0.000024
华为,开发,芯片,2024-11-04,0.000024
特朗普,认为有危机,台湾,2025-03-03,0.000024
特朗普,认为有危机,台湾,2025-03-03,0.000024
特朗普,认为有危机,台湾,2025-04-09,0.000024
特朗普,认为有危机,台湾,2024-11-15,0.000024
特朗普,认为有危机,台湾,2024-11-15,0.000024
特朗普,认为有危机,台湾,2024-11-15,0.000024
特朗普,认为有危机,台湾,2024-11-15,0.000024
特朗普,认为有危机,台湾,2024-11-15,0.000024
特朗普,认为有危机,台湾,2024-11-15,0.000024
特朗普,认为有危机,台湾,2024-11-15,0.000024
特朗普,认为有危机,台湾,2024-11-15,0.000024
特朗普,认为有危机,台湾,2024-11-15,0.000024
特朗普,认为有危机,台湾,2024-11-15,0.000024
特朗普,认为有危机,台湾,2024-11-15,0.000024
特朗普,认为有危机,台湾,2024-11-15,0.000024
特朗普,认为有危机,台湾,2025-03-31,0.000024
特朗普,认为有危机,台湾,2024-11-13,0.000024
特朗普,认为有危机,台湾,2025-02-13,0.000024
特朗普,认为有危机,台湾,2025-02-13,0.000024
特朗普,认为有危机,台湾,2025-02-19,0.000024
特朗普,认为有危机,台湾,2025-03-05,0.000024
特朗普,认为有危机,台湾,2024-12-03,0.000024
特朗普,认为有危机,台湾,2025-02-19,0.000024
特朗普,认为有危机,台湾,2024-12-03,0.000024
特朗普,认为有危机,台湾,2024-12-03,0.000024
特朗普,认为有危机,台湾,2024-12-03,0.000024
特朗普,认为有危机,台湾,2024-12-03,0.000024
特朗普,认为有危机,台湾,2024-12-03,0.000024
特朗普,认为有危机,台湾,2024-12-03,0.000024
当地立法者,认为优秀,台积电,2024-11-12,0.000024
美国,攻击,中国,2025-01-13,0.000024
美国,攻击,中国,2024-11-29,0.000024
美国,攻击,中国,2024-11-29,0.000024
美国,攻击,中国,2024-11-29,0.000024
美国,攻击,中国,2024-11-29,0.000024
美国,攻击,中国,2024-11-29,0.000024
美国,攻击,中国,2024-11-29,0.000024
美国,攻击,中国,2024-11-29,0.000024
美国,攻击,中国,2024-11-29,0.000024
美国,攻击,中国,2024-11-29,0.000024
美国,攻击,中国,2024-11-29,0.000024
美国,攻击,中国,2024-11-29,0.000024
美国,攻击,中国,2024-11-29,0.000024
美国,攻击,中国,2024-11-29,0.000024
美国,攻击,中国,2024-11-29,0.000024
美国,攻击,中国,2024-11-29,0.000024
美国,攻击,中国,2024-11-29,0.000024
美国,攻击,中国,2025-02-13,0.000024
美国,攻击,中国,2024-11-29,0.000024
美国,攻击,中国,2024-11-29,0.000024
美国,攻击,中国,2024-11-29,0.000024
美国,攻击,中国,2025-04-03,0.000024
美国,攻击,中国,2024-11-07,0.000024
美国,攻击,中国,2025-04-11,0.000024
美国,攻击,中国,2025-04-03,0.000024
美国,攻击,中国,2024-11-07,0.000024
美国,攻击,中国,2025-03-09,0.000024
美国,攻击,中国,2025-01-14,0.000024
华为,认为非法,芯片,2024-12-21,0.000024
日本,认为有威胁,中国,2025-02-13,0.000024
英伟达,主导,芯片,2025-04-17,0.000024
AMD,转移生产,美国,2025-04-15,0.000024
美国,主导,新一轮出口管制,2024-11-10,0.000023
特朗普,认为优秀,英伟达,2025-04-14,0.000023
特朗普,认为优秀,英伟达,2025-04-15,0.000023
中国,质疑,富士康,2025-04-13,0.000023
美国,认为有威胁,伊朗,2024-11-03,0.000023
美国,认为有威胁,伊朗,2024-11-03,0.000023
美国,认为有威胁,伊朗,2024-11-03,0.000023
美国,认为有威胁,伊朗,2024-11-03,0.000023
美国,认为有威胁,伊朗,2024-11-03,0.000023
石虎子,认可,特朗普,2024-11-06,0.000023
特朗普,认为有暴力,台湾,2024-11-15,0.000023
特朗普,认为有暴力,台湾,2024-11-15,0.000023
特朗普,认为有暴力,台湾,2024-11-15,0.000023
特朗普,认为有暴力,台湾,2024-11-15,0.000023
特朗普,认为有暴力,台湾,2024-11-15,0.000023
特朗普,认为有暴力,台湾,2024-11-15,0.000023
特朗普,认为有暴力,台湾,2024-11-15,0.000023
特朗普,认为有暴力,台湾,2024-11-15,0.000023
特朗普,认为有暴力,台湾,2025-03-31,0.000023
特朗普,认为有暴力,台湾,2025-02-13,0.000023
特朗普,认为有暴力,台湾,2024-11-11,0.000023
特朗普,认为有暴力,台湾,2025-02-19,0.000023
特朗普,认为有暴力,台湾,2024-11-11,0.000023
特朗普,认为有暴力,台湾,2025-02-25,0.000023
特朗普,认为有暴力,台湾,2024-12-03,0.000023
特朗普,认为有暴力,台湾,2024-12-03,0.000023
特朗普,认为有暴力,台湾,2024-12-03,0.000023
特朗普,认为有暴力,台湾,2024-12-03,0.000023
特朗普,认为有暴力,台湾,2024-12-03,0.000023
特朗普,认为有暴力,台湾,2024-12-03,0.000023
特朗普,认为有暴力,台湾,2024-12-03,0.000023
特朗普,认为有暴力,台湾,2024-12-03,0.000023
新竹工厂,支持,台积电,2025-04-23,0.000023
美国,威胁,芯片,2025-04-16,0.000023
美国,威胁,芯片,2025-03-04,0.000023
北京,相信,赖清德,2025-04-03,0.000023
美国,认为违规,TSMC,2025-03-05,0.000023
德意志银行,认为优秀,台积电,2025-01-16,0.000023
朱锋,认为违规,特朗普,2024-11-06,0.000023
乔·罗根,认为可靠,台湾,2024-12-25,0.000023
盖尔辛格,批评,台积电,2025-03-27,0.000022
詹姆斯·圣奥宾,质疑,特朗普,2025-03-03,0.000022
特朗普,损害,半导体,2024-11-09,0.000022
特朗普,损害,半导体,2025-04-16,0.000022
特朗普,损害,半导体,2025-04-16,0.000022
特朗普,损害,半导体,2025-04-16,0.000022
特朗普,损害,半导体,2025-04-17,0.000022
特朗普,损害,半导体,2025-04-17,0.000022
特朗普,损害,半导体,2025-04-16,0.000022
特朗普,损害,半导体,2025-04-16,0.000022
特朗普,损害,半导体,2025-04-16,0.000022
特朗普,损害,半导体,2025-04-18,0.000022
特朗普,损害,半导体,2025-04-12,0.000022
特朗普,损害,半导体,2025-04-12,0.000022
Heim,认为有暴力,台积电,2025-04-08,0.000022
TSMC,协助,英伟达,2024-11-30,0.000022
迈克·瓦尔茨,担忧,特朗普,2024-11-12,0.000022
特朗普,认为违规,英伟达,2025-04-22,0.000022
特朗普,认为违规,英伟达,2025-04-22,0.000022
亚当·普森,质疑,特朗普,2024-11-06,0.000021
亚当·普森,质疑,特朗普,2024-11-06,0.000021
亚当·普森,质疑,特朗普,2024-11-06,0.000021
伦敦证券交易所,增进,台积电,2025-04-16,0.000021
台湾,主导,APEC领导人会议,2024-11-14,0.000021
迈克·瓦尔茨,质疑,台湾,2024-11-12,0.000021
TSMC,服务,英伟达,2025-04-10,0.000021
台湾总统,感到满意,特朗普,2025-03-17,0.000021
美国,认为有危机,中国,2025-03-14,0.000021
美国,认为有危机,中国,2024-11-06,0.000021
赖清德总统,认为可靠,台湾,2025-04-19,0.000021
台积电,支持,人工智能需求,2025-01-16,0.000021
特朗普,攻击,美国,2024-12-26,0.000021
特朗普,攻击,美国,2024-12-27,0.000021
特朗普,攻击,美国,2024-12-27,0.000021
美国,认可,关税,2025-04-21,0.000021
约翰·凯尔,认为失败,特朗普,2025-04-23,0.000021
美国,限制出口,芯片,2024-11-10,0.000021
特朗普,支持,台积公司,2025-03-31,0.000021
华盛顿,感到不满,台湾政府,2025-03-05,0.000021
美国,主导,最新一轮贸易关税,2025-04-06,0.000020
华盛顿,担忧,台湾政府,2025-03-05,0.000020
特朗普,攻击,苹果,2025-04-23,0.000020
特朗普,攻击,苹果,2025-04-23,0.000020
特朗普,攻击,苹果,2024-11-22,0.000020
美国,相信,俄罗斯,2024-11-03,0.000020
特朗普,增进,英伟达,2025-04-14,0.000020
特朗普,威胁,鲍威尔,2025-01-14,0.000020
爱尔兰,视作英雄,唐纳·特拉弗斯,2024-11-25,0.000020
特朗普,主导,将制造业从海外回迁,2025-03-26,0.000020
库克,威胁,特朗普,2024-11-16,0.000020
雷蒙多,认为非法,美国,2024-11-14,0.000020
台积公司,攻击,台湾,2024-11-11,0.000020
英伟达,担忧,华盛顿,2025-04-17,0.000020
埃隆·马斯克,攻击,中国,2024-12-26,0.000020
埃隆·马斯克,攻击,中国,2024-12-27,0.000020
埃隆·马斯克,攻击,中国,2024-12-27,0.000020
台积电,增进,ASML,2024-12-29,0.000020
台积公司,认为失败,美国,2024-11-13,0.000020
特朗普,提出,芯片,2025-03-03,0.000020
鲍威尔,喜欢,特朗普,2025-01-14,0.000020
特朗普,支持,Adobe,2024-11-15,0.000020
特朗普,支持,Adobe,2024-11-15,0.000020
特朗普,欢迎,埃隆·马斯克,2025-04-23,0.000020
台湾公司,认为可靠,美国,2025-04-19,0.000020
汪阳,担忧,特朗普,2024-11-05,0.000020
赖清德,认为可靠,美国,2025-02-13,0.000019
赖清德,认为可靠,美国,2025-03-05,0.000019
赖清德,认为可靠,美国,2025-03-05,0.000019
赖清德,认为可靠,美国,2025-04-18,0.000019
TSMC,宣布,美国,2024-11-02,0.000019
特朗普,认为非法,关税,2025-03-27,0.000019
杰西卡·马修斯,质疑,特朗普,2025-04-18,0.000019
加文·纽森,相信,公众,2025-04-17,0.000019
